genre,label,wikipedia_links
http://www.wikidata.org/entity/Q227045,zouk,22
http://www.wikidata.org/entity/Q235858,traditional folk music,81
http://www.wikidata.org/entity/Q564848,aria di sorbetto,3
http://www.wikidata.org/entity/Q567915,gigue,34
http://www.wikidata.org/entity/Q572717,music of Jamaica,8
http://www.wikidata.org/entity/Q572901,minimalist music,40
http://www.wikidata.org/entity/Q236913,space rock,32
http://www.wikidata.org/entity/Q573484,rocksteady,31
http://www.wikidata.org/entity/Q574651,anti-folk,17
http://www.wikidata.org/entity/Q236932,acid rock,31
http://www.wikidata.org/entity/Q239459,trip rock,7
http://www.wikidata.org/entity/Q241662,groove metal,46
http://www.wikidata.org/entity/Q267287,Dunedin sound,7
http://www.wikidata.org/entity/Q268253,neo soul,28
http://www.wikidata.org/entity/Q268673,music of the United Kingdom,18
http://www.wikidata.org/entity/Q2665906,music of Armenia,16
http://www.wikidata.org/entity/Q2668052,Dutch-language music,1
http://www.wikidata.org/entity/Q2682013,Swedish death metal,14
http://www.wikidata.org/entity/Q2682554,New Venice School,2
http://www.wikidata.org/entity/Q2687544,power electronics,15
http://www.wikidata.org/entity/Q2693142,techno body music,2
http://www.wikidata.org/entity/Q2697917,go-go,10
http://www.wikidata.org/entity/Q250090,ruba'i,49
http://www.wikidata.org/entity/Q251192,downtempo,30
http://www.wikidata.org/entity/Q252626,jota,30
http://www.wikidata.org/entity/Q2742742,music of Andalusia,4
http://www.wikidata.org/entity/Q2743435,psychedelic soul,15
http://www.wikidata.org/entity/Q2743758,music of Germany,19
http://www.wikidata.org/entity/Q2744144,Gharnati music,6
http://www.wikidata.org/entity/Q2746494,East Coast blues,5
http://www.wikidata.org/entity/Q2746731,parody music,13
http://www.wikidata.org/entity/Q2722134,lavani,18
http://www.wikidata.org/entity/Q2726026,konpa,15
http://www.wikidata.org/entity/Q2731147,tambourin,7
http://www.wikidata.org/entity/Q2736181,punk jazz,12
http://www.wikidata.org/entity/Q2737175,mélodie,6
http://www.wikidata.org/entity/Q542971,progressive death metal,2
http://www.wikidata.org/entity/Q544440,Indian film music,5
http://www.wikidata.org/entity/Q546206,Miami bass,14
http://www.wikidata.org/entity/Q546264,beat music,34
http://www.wikidata.org/entity/Q546359,doo-wop,38
http://www.wikidata.org/entity/Q547137,Latin pop,36
http://www.wikidata.org/entity/Q556959,mbalax,21
http://www.wikidata.org/entity/Q591990,jazz standard,25
http://www.wikidata.org/entity/Q592060,free improvisation,16
http://www.wikidata.org/entity/Q592330,dream pop,33
http://www.wikidata.org/entity/Q1344,opera,168
http://www.wikidata.org/entity/Q2743,musical play,89
http://www.wikidata.org/entity/Q2702280,Italo house,12
http://www.wikidata.org/entity/Q2706919,country rap,14
http://www.wikidata.org/entity/Q2707298,secular music,14
http://www.wikidata.org/entity/Q2707688,plainsong,14
http://www.wikidata.org/entity/Q2707994,Catalan rumba,13
http://www.wikidata.org/entity/Q484692,hymn,104
http://www.wikidata.org/entity/Q245296,zydeco,17
http://www.wikidata.org/entity/Q245931,music of Cyprus,12
http://www.wikidata.org/entity/Q2626684,chillwave,22
http://www.wikidata.org/entity/Q2631396,Brazilian rock,8
http://www.wikidata.org/entity/Q2631975,chorale cantata,4
http://www.wikidata.org/entity/Q2634010,acid breaks,4
http://www.wikidata.org/entity/Q2635155,Ahidus,13
http://www.wikidata.org/entity/Q2638634,old school EBM,2
http://www.wikidata.org/entity/Q2639210,Nederbeat,8
http://www.wikidata.org/entity/Q2640307,hardstep,10
http://www.wikidata.org/entity/Q584752,pornogrind,17
http://www.wikidata.org/entity/Q585588,Khaliji,7
http://www.wikidata.org/entity/Q586110,forró,22
http://www.wikidata.org/entity/Q590662,bend-skin,4
http://www.wikidata.org/entity/Q602498,nazi punk,12
http://www.wikidata.org/entity/Q602561,electro swing,19
http://www.wikidata.org/entity/Q602646,comedy hip-hop,14
http://www.wikidata.org/entity/Q602859,Lamentations of Jeremiah the Prophet,4
http://www.wikidata.org/entity/Q431415,tejano music,14
http://www.wikidata.org/entity/Q436016,early music,33
http://www.wikidata.org/entity/Q438476,alternative country,20
http://www.wikidata.org/entity/Q252821,Viennese couplet,2
http://www.wikidata.org/entity/Q252833,Alpine folk music,5
http://www.wikidata.org/entity/Q253137,rock opera,36
http://www.wikidata.org/entity/Q253918,melodic death metal,54
http://www.wikidata.org/entity/Q278357,oshare kei,10
http://www.wikidata.org/entity/Q278409,Hokkien pop,8
http://www.wikidata.org/entity/Q280955,German jazz,7
http://www.wikidata.org/entity/Q281111,ghazal,76
http://www.wikidata.org/entity/Q388475,Cuban rumba,22
http://www.wikidata.org/entity/Q388906,hardcore,36
http://www.wikidata.org/entity/Q389372,jeongak,8
http://www.wikidata.org/entity/Q389631,jumpstyle,28
http://www.wikidata.org/entity/Q324617,tarantella,44
http://www.wikidata.org/entity/Q325397,indietronica,17
http://www.wikidata.org/entity/Q325504,electronic rock,37
http://www.wikidata.org/entity/Q254866,Schuhplattler,12
http://www.wikidata.org/entity/Q254890,nova cançó,11
http://www.wikidata.org/entity/Q255406,jazz rap,26
http://www.wikidata.org/entity/Q257533,music of Japan,34
http://www.wikidata.org/entity/Q592807,music of Bhutan,13
http://www.wikidata.org/entity/Q597240,New Romantic,31
http://www.wikidata.org/entity/Q597493,chacarera,18
http://www.wikidata.org/entity/Q598593,tech house,17
http://www.wikidata.org/entity/Q3858,music of Israel,10
http://www.wikidata.org/entity/Q8361,Baroque music,69
http://www.wikidata.org/entity/Q271802,symphonic poem,42
http://www.wikidata.org/entity/Q272167,shoegaze,48
http://www.wikidata.org/entity/Q2710523,ragga jungle,9
http://www.wikidata.org/entity/Q2713930,Italian overture,7
http://www.wikidata.org/entity/Q2715283,Gypsy punk,18
http://www.wikidata.org/entity/Q2715398,plena,11
http://www.wikidata.org/entity/Q2719078,Western music,15
http://www.wikidata.org/entity/Q2720293,Mozambique,5
http://www.wikidata.org/entity/Q454071,German hip-hop,8
http://www.wikidata.org/entity/Q455686,samba reggae,8
http://www.wikidata.org/entity/Q458480,neotraditional country,6
http://www.wikidata.org/entity/Q460674,ska punk,33
http://www.wikidata.org/entity/Q3071,punk rock,93
http://www.wikidata.org/entity/Q274401,oi!,38
http://www.wikidata.org/entity/Q277393,music of China,34
http://www.wikidata.org/entity/Q599877,organum,31
http://www.wikidata.org/entity/Q600094,paean,22
http://www.wikidata.org/entity/Q601235,hip house,19
http://www.wikidata.org/entity/Q282131,merengue,36
http://www.wikidata.org/entity/Q283405,punta,13
http://www.wikidata.org/entity/Q284543,ethereal wave,17
http://www.wikidata.org/entity/Q483251,death metal,65
http://www.wikidata.org/entity/Q4797,conjunto,4
http://www.wikidata.org/entity/Q6010,rapping,108
http://www.wikidata.org/entity/Q483352,thrash metal,71
http://www.wikidata.org/entity/Q483740,Anatolian rock,21
http://www.wikidata.org/entity/Q427183,music of Puerto Rico,6
http://www.wikidata.org/entity/Q428656,album-oriented rock,18
http://www.wikidata.org/entity/Q429264,West Coast hip-hop,30
http://www.wikidata.org/entity/Q430075,maxixe,15
http://www.wikidata.org/entity/Q438503,alternative hip-hop,31
http://www.wikidata.org/entity/Q442133,old classical vocal polyphony,3
http://www.wikidata.org/entity/Q444340,crab canon,7
http://www.wikidata.org/entity/Q446241,neo-medieval music,7
http://www.wikidata.org/entity/Q447962,swing revival,11
http://www.wikidata.org/entity/Q448738,ensalada,11
http://www.wikidata.org/entity/Q574784,lauda,13
http://www.wikidata.org/entity/Q577080,P-Funk,9
http://www.wikidata.org/entity/Q577996,descant,25
http://www.wikidata.org/entity/Q579955,regueifa,2
http://www.wikidata.org/entity/Q582093,antiphon,40
http://www.wikidata.org/entity/Q2738113,funeral doom metal,11
http://www.wikidata.org/entity/Q2738178,zamacueca,7
http://www.wikidata.org/entity/Q2738469,tumba,4
http://www.wikidata.org/entity/Q2738544,Mizrahi music,18
http://www.wikidata.org/entity/Q2738838,music of Nigeria,10
http://www.wikidata.org/entity/Q2741465,Calinda,7
http://www.wikidata.org/entity/Q2742436,porn groove,1
http://www.wikidata.org/entity/Q598929,post-punk,59
http://www.wikidata.org/entity/Q599510,romance,36
http://www.wikidata.org/entity/Q484179,folk metal,51
http://www.wikidata.org/entity/Q484344,progressive metal,56
http://www.wikidata.org/entity/Q461064,music in advertising,6
http://www.wikidata.org/entity/Q461406,change ringing,7
http://www.wikidata.org/entity/Q464129,mariachi,42
http://www.wikidata.org/entity/Q465978,extreme metal,40
http://www.wikidata.org/entity/Q484641,pop rock,62
http://www.wikidata.org/entity/Q286080,acoustic music,31
http://www.wikidata.org/entity/Q288824,galliard,29
http://www.wikidata.org/entity/Q288901,Jarana Yucateca,5
http://www.wikidata.org/entity/Q289505,music of Rajasthan,5
http://www.wikidata.org/entity/Q485395,gothic rock,53
http://www.wikidata.org/entity/Q260095,ultra,4
http://www.wikidata.org/entity/Q262533,dithyramb,43
http://www.wikidata.org/entity/Q263524,Tswana music,2
http://www.wikidata.org/entity/Q8341,jazz,177
http://www.wikidata.org/entity/Q2797513,sainaimu,4
http://www.wikidata.org/entity/Q2798694,marabi,10
http://www.wikidata.org/entity/Q2812726,banda music,9
http://www.wikidata.org/entity/Q2823181,acid blues,1
http://www.wikidata.org/entity/Q2832970,dialect music,2
http://www.wikidata.org/entity/Q2835411,cueca porteña,1
http://www.wikidata.org/entity/Q2835456,Nigerian hip hop,2
http://www.wikidata.org/entity/Q2842043,atmospheric drum and bass,3
http://www.wikidata.org/entity/Q2843815,Picota,1
http://www.wikidata.org/entity/Q2849807,angura kei,3
http://www.wikidata.org/entity/Q389671,saya,2
http://www.wikidata.org/entity/Q389993,intuitive music,4
http://www.wikidata.org/entity/Q406714,air,12
http://www.wikidata.org/entity/Q407916,air de cour,9
http://www.wikidata.org/entity/Q420883,LGBT hip hop,7
http://www.wikidata.org/entity/Q423918,acousmatic music,13
http://www.wikidata.org/entity/Q2746831,quiet storm,12
http://www.wikidata.org/entity/Q2747852,Torah reading,14
http://www.wikidata.org/entity/Q2748579,Čoček,15
http://www.wikidata.org/entity/Q2748817,ghetto house,8
http://www.wikidata.org/entity/Q2774511,Sanedo,2
http://www.wikidata.org/entity/Q2781896,Leçons de ténèbres,5
http://www.wikidata.org/entity/Q2782580,American metal,1
http://www.wikidata.org/entity/Q2784269,oriental music,1
http://www.wikidata.org/entity/Q2785096,music of ancient Rome,17
http://www.wikidata.org/entity/Q2641862,Abhang,18
http://www.wikidata.org/entity/Q2656325,Toeshey,2
http://www.wikidata.org/entity/Q2657409,skacore,3
http://www.wikidata.org/entity/Q2659045,oriental metal,9
http://www.wikidata.org/entity/Q2662072,indigenous music of North America,3
http://www.wikidata.org/entity/Q2662148,Celtic rock,18
http://www.wikidata.org/entity/Q327547,cool jazz,36
http://www.wikidata.org/entity/Q328296,GDR rock,2
http://www.wikidata.org/entity/Q604748,responsory,19
http://www.wikidata.org/entity/Q606089,skiffle,32
http://www.wikidata.org/entity/Q606393,Hi-NRG,25
http://www.wikidata.org/entity/Q608490,music of Namibia,4
http://www.wikidata.org/entity/Q370142,cabaletta,18
http://www.wikidata.org/entity/Q370515,new wave of British heavy metal,41
http://www.wikidata.org/entity/Q370778,twee pop,15
http://www.wikidata.org/entity/Q263734,nu metal,66
http://www.wikidata.org/entity/Q264289,sophisti-pop,19
http://www.wikidata.org/entity/Q264922,jingle,27
http://www.wikidata.org/entity/Q485915,trot,23
http://www.wikidata.org/entity/Q486263,bossa nova,62
http://www.wikidata.org/entity/Q608862,anime song,20
http://www.wikidata.org/entity/Q610022,kaseko,9
http://www.wikidata.org/entity/Q612024,contemporary classical music,29
http://www.wikidata.org/entity/Q613408,country rock,44
http://www.wikidata.org/entity/Q9759,blues,137
http://www.wikidata.org/entity/Q615455,lhamo,18
http://www.wikidata.org/entity/Q616425,pirekua,15
http://www.wikidata.org/entity/Q616679,mathcore,26
http://www.wikidata.org/entity/Q617240,stoner rock,37
http://www.wikidata.org/entity/Q388100,Afro house,7
http://www.wikidata.org/entity/Q388207,African-American music,20
http://www.wikidata.org/entity/Q388296,Afrobeat,34
http://www.wikidata.org/entity/Q371745,timba,9
http://www.wikidata.org/entity/Q372103,electronic body music,33
http://www.wikidata.org/entity/Q373342,popular music,50
http://www.wikidata.org/entity/Q630689,bongo flava,12
http://www.wikidata.org/entity/Q631621,bertsolaritza,13
http://www.wikidata.org/entity/Q632393,archaic jazz,3
http://www.wikidata.org/entity/Q632964,tiento,10
http://www.wikidata.org/entity/Q637696,siciliana,19
http://www.wikidata.org/entity/Q290869,son montuno,9
http://www.wikidata.org/entity/Q302401,punkabilly,3
http://www.wikidata.org/entity/Q307054,schranz,14
http://www.wikidata.org/entity/Q310871,lowercase,11
http://www.wikidata.org/entity/Q316930,dance music,52
http://www.wikidata.org/entity/Q9734,symphony,113
http://www.wikidata.org/entity/Q617338,apala,9
http://www.wikidata.org/entity/Q620979,Appenzeller string music,2
http://www.wikidata.org/entity/Q622688,Andean new age music,1
http://www.wikidata.org/entity/Q622871,psychedelic trance,35
http://www.wikidata.org/entity/Q623715,aleatoric music,40
http://www.wikidata.org/entity/Q373982,logobi,3
http://www.wikidata.org/entity/Q377185,music of the Netherlands,7
http://www.wikidata.org/entity/Q377910,post-hardcore,39
http://www.wikidata.org/entity/Q640097,electric blues,22
http://www.wikidata.org/entity/Q641318,medieval folk rock,9
http://www.wikidata.org/entity/Q641357,avant-garde metal,39
http://www.wikidata.org/entity/Q382343,Nortec,5
http://www.wikidata.org/entity/Q383103,music of Afghanistan,17
http://www.wikidata.org/entity/Q383530,afoxê,6
http://www.wikidata.org/entity/Q383615,street punk,16
http://www.wikidata.org/entity/Q383904,arietta,9
http://www.wikidata.org/entity/Q383982,psychedelic pop,18
http://www.wikidata.org/entity/Q329385,schottische,18
http://www.wikidata.org/entity/Q331810,colindă,12
http://www.wikidata.org/entity/Q332478,absolute music,29
http://www.wikidata.org/entity/Q336567,cosmic disco,5
http://www.wikidata.org/entity/Q338779,accentus,2
http://www.wikidata.org/entity/Q2866725,Balearic beat,15
http://www.wikidata.org/entity/Q2867170,assiko,7
http://www.wikidata.org/entity/Q2875011,ayr,1
http://www.wikidata.org/entity/Q2879826,baila,3
http://www.wikidata.org/entity/Q2879857,bailecito,3
http://www.wikidata.org/entity/Q2879962,baião,12
http://www.wikidata.org/entity/Q2880274,baqashot,3
http://www.wikidata.org/entity/Q2881236,ballet d'action,9
http://www.wikidata.org/entity/Q2881396,Ballu tundu,6
http://www.wikidata.org/entity/Q2884829,early baroque music,1
http://www.wikidata.org/entity/Q2886472,wititi,4
http://www.wikidata.org/entity/Q7749,rock and roll,106
http://www.wikidata.org/entity/Q492096,Andean music,14
http://www.wikidata.org/entity/Q492264,film score,55
http://www.wikidata.org/entity/Q339906,happy hardcore,26
http://www.wikidata.org/entity/Q341364,acid house,31
http://www.wikidata.org/entity/Q341395,acid techno,14
http://www.wikidata.org/entity/Q341396,acidcore,3
http://www.wikidata.org/entity/Q352235,Chicago jazz,7
http://www.wikidata.org/entity/Q378495,Russian pop,11
http://www.wikidata.org/entity/Q378988,adult contemporary music,30
http://www.wikidata.org/entity/Q9778,electronic music,108
http://www.wikidata.org/entity/Q638569,fanfare,37
http://www.wikidata.org/entity/Q639197,instrumental music,42
http://www.wikidata.org/entity/Q9748,concerto,50
http://www.wikidata.org/entity/Q379033,arena rock,29
http://www.wikidata.org/entity/Q379288,kulning,14
http://www.wikidata.org/entity/Q379671,post-grunge,38
http://www.wikidata.org/entity/Q318973,Abendmusik,9
http://www.wikidata.org/entity/Q320592,Krautrock,42
http://www.wikidata.org/entity/Q2853325,antiphonal singing,4
http://www.wikidata.org/entity/Q2854974,Coptic music,9
http://www.wikidata.org/entity/Q2859120,aqua disco,1
http://www.wikidata.org/entity/Q2863648,arrocha,5
http://www.wikidata.org/entity/Q2864671,art lyrique,1
http://www.wikidata.org/entity/Q489913,bolero,31
http://www.wikidata.org/entity/Q491621,tusch,7
http://www.wikidata.org/entity/Q492067,Buddhist music,11
http://www.wikidata.org/entity/Q1076513,choral music,13
http://www.wikidata.org/entity/Q1076539,choro,20
http://www.wikidata.org/entity/Q1077172,instrumental hip-hop,6
http://www.wikidata.org/entity/Q1077388,sentimental ballad,16
http://www.wikidata.org/entity/Q9730,classical music,145
http://www.wikidata.org/entity/Q466445,American primitive guitar,2
http://www.wikidata.org/entity/Q469343,UK rap,8
http://www.wikidata.org/entity/Q469630,Canadian hip-hop,5
http://www.wikidata.org/entity/Q470611,Italian hip-hop,9
http://www.wikidata.org/entity/Q471194,troubadoric poetry,7
http://www.wikidata.org/entity/Q487914,pop-punk,45
http://www.wikidata.org/entity/Q487965,industrial music,41
http://www.wikidata.org/entity/Q354204,Argentine folklore,1
http://www.wikidata.org/entity/Q355247,strathspey,5
http://www.wikidata.org/entity/Q359607,paghjella,7
http://www.wikidata.org/entity/Q360596,disco house,6
http://www.wikidata.org/entity/Q361164,Wienerlied,5
http://www.wikidata.org/entity/Q362515,electrotango,7
http://www.wikidata.org/entity/Q367751,pachanga,14
http://www.wikidata.org/entity/Q369820,music of Africa,30
http://www.wikidata.org/entity/Q486365,anarcho-punk,31
http://www.wikidata.org/entity/Q486415,symphonic metal,54
http://www.wikidata.org/entity/Q1078010,martial industrial,17
http://www.wikidata.org/entity/Q1079270,jig,27
http://www.wikidata.org/entity/Q1089050,Latin alternative,7
http://www.wikidata.org/entity/Q1090048,chutney music,11
http://www.wikidata.org/entity/Q623823,arabesque,8
http://www.wikidata.org/entity/Q623824,arabesque,16
http://www.wikidata.org/entity/Q623904,Andalusi classical music,13
http://www.wikidata.org/entity/Q624044,Arabic music,44
http://www.wikidata.org/entity/Q10922,hardcore punk,65
http://www.wikidata.org/entity/Q11366,alternative rock,71
http://www.wikidata.org/entity/Q473602,music of Poland,16
http://www.wikidata.org/entity/Q474027,dancehall,41
http://www.wikidata.org/entity/Q475221,deathcore,40
http://www.wikidata.org/entity/Q613707,expressionist music,27
http://www.wikidata.org/entity/Q613874,neoclassical new-age music,2
http://www.wikidata.org/entity/Q615418,sonorism,7
http://www.wikidata.org/entity/Q508790,chastushka,25
http://www.wikidata.org/entity/Q509901,Memphis blues,12
http://www.wikidata.org/entity/Q512359,music of ancient Egypt,10
http://www.wikidata.org/entity/Q642760,Tulsa sound,4
http://www.wikidata.org/entity/Q642983,manele,20
http://www.wikidata.org/entity/Q643684,jukebox musical,17
http://www.wikidata.org/entity/Q645992,music of Argentina,12
http://www.wikidata.org/entity/Q646026,Argentine rock,13
http://www.wikidata.org/entity/Q512410,qawwali,43
http://www.wikidata.org/entity/Q513357,coupé-décalé,9
http://www.wikidata.org/entity/Q515074,Louisiana blues,12
http://www.wikidata.org/entity/Q516568,New Orleans blues,10
http://www.wikidata.org/entity/Q517415,Europop,26
http://www.wikidata.org/entity/Q185162,Latin rock,21
http://www.wikidata.org/entity/Q185298,a cappella,63
http://www.wikidata.org/entity/Q178145,gothic metal,55
http://www.wikidata.org/entity/Q179465,polyphony,59
http://www.wikidata.org/entity/Q624081,Arabic pop,13
http://www.wikidata.org/entity/Q624221,Arabic hip-hop,5
http://www.wikidata.org/entity/Q627181,industrial folk music,4
http://www.wikidata.org/entity/Q627906,electro house,29
http://www.wikidata.org/entity/Q186170,doom metal,55
http://www.wikidata.org/entity/Q186472,folk rock,58
http://www.wikidata.org/entity/Q492643,trad jazz,16
http://www.wikidata.org/entity/Q496929,maloya,21
http://www.wikidata.org/entity/Q384064,African gospel,1
http://www.wikidata.org/entity/Q384181,freestyle rap,25
http://www.wikidata.org/entity/Q387236,African hip-hop,8
http://www.wikidata.org/entity/Q387916,twist,43
http://www.wikidata.org/entity/Q10926,emo,61
http://www.wikidata.org/entity/Q2886774,peşrev,8
http://www.wikidata.org/entity/Q2891357,zemirot,10
http://www.wikidata.org/entity/Q2891921,batuque,9
http://www.wikidata.org/entity/Q2893435,mawwal,8
http://www.wikidata.org/entity/Q2894547,keening,11
http://www.wikidata.org/entity/Q2897092,bergerette,5
http://www.wikidata.org/entity/Q2897103,Andalusi nubah,9
http://www.wikidata.org/entity/Q2902385,Teutonic thrash metal,9
http://www.wikidata.org/entity/Q2907328,African blues,5
http://www.wikidata.org/entity/Q183862,metalcore,51
http://www.wikidata.org/entity/Q180268,gospel music,58
http://www.wikidata.org/entity/Q181897,stride piano,20
http://www.wikidata.org/entity/Q181999,minimal electro,2
http://www.wikidata.org/entity/Q183016,ska jazz,11
http://www.wikidata.org/entity/Q183504,indie rock,60
http://www.wikidata.org/entity/Q2907334,French blues,2
http://www.wikidata.org/entity/Q2909943,novelty piano,6
http://www.wikidata.org/entity/Q2910735,border ballad,6
http://www.wikidata.org/entity/Q2913982,trap music,44
http://www.wikidata.org/entity/Q2915789,gwo ka,18
http://www.wikidata.org/entity/Q180853,pavane,34
http://www.wikidata.org/entity/Q181010,hard bop,31
http://www.wikidata.org/entity/Q88347179,Russian religious music,0
http://www.wikidata.org/entity/Q89099707,özgün müzik,1
http://www.wikidata.org/entity/Q89363113,singer-songwriter music,0
http://www.wikidata.org/entity/Q89423271,noisecore,7
http://www.wikidata.org/entity/Q89423571,contra dance music,1
http://www.wikidata.org/entity/Q90404841,pornofolk,1
http://www.wikidata.org/entity/Q90414790,death jazz,0
http://www.wikidata.org/entity/Q90568328,phonk,28
http://www.wikidata.org/entity/Q11363,screamo,33
http://www.wikidata.org/entity/Q11365,grunge,72
http://www.wikidata.org/entity/Q476091,slow jam,8
http://www.wikidata.org/entity/Q476983,synth-punk,16
http://www.wikidata.org/entity/Q478176,piphat,5
http://www.wikidata.org/entity/Q481900,acid trance,11
http://www.wikidata.org/entity/Q482981,pansori,27
http://www.wikidata.org/entity/Q193207,ambient music,54
http://www.wikidata.org/entity/Q193217,madrigal,57
http://www.wikidata.org/entity/Q11401,hip-hop,124
http://www.wikidata.org/entity/Q185652,ragtime,60
http://www.wikidata.org/entity/Q504476,Ciranda,6
http://www.wikidata.org/entity/Q504635,crossover,27
http://www.wikidata.org/entity/Q505343,jongo,7
http://www.wikidata.org/entity/Q507246,serialism,41
http://www.wikidata.org/entity/Q650316,drone music,18
http://www.wikidata.org/entity/Q650505,rapso,3
http://www.wikidata.org/entity/Q655514,freestyle music,14
http://www.wikidata.org/entity/Q658334,barcarolle,43
http://www.wikidata.org/entity/Q659599,art punk,19
http://www.wikidata.org/entity/Q660984,intelligent dance music,31
http://www.wikidata.org/entity/Q661651,show tune,8
http://www.wikidata.org/entity/Q646165,trancestep,4
http://www.wikidata.org/entity/Q646528,Yugoslav new wave,5
http://www.wikidata.org/entity/Q646679,Neue Deutsche Welle,23
http://www.wikidata.org/entity/Q647653,divertimento,39
http://www.wikidata.org/entity/Q188539,glam metal,49
http://www.wikidata.org/entity/Q9764,flamenco,111
http://www.wikidata.org/entity/Q535328,gaita zuliana,6
http://www.wikidata.org/entity/Q535402,tropipop,3
http://www.wikidata.org/entity/Q539089,third stream,17
http://www.wikidata.org/entity/Q541947,anthem,26
http://www.wikidata.org/entity/Q181014,fugue,62
http://www.wikidata.org/entity/Q181861,noise rock,40
http://www.wikidata.org/entity/Q1132929,music of Botswana,7
http://www.wikidata.org/entity/Q1133657,traditional heavy metal,32
http://www.wikidata.org/entity/Q188994,drum and bass,48
http://www.wikidata.org/entity/Q189045,Britpop,47
http://www.wikidata.org/entity/Q9794,reggae,123
http://www.wikidata.org/entity/Q648283,krakowiak,34
http://www.wikidata.org/entity/Q648311,Detroit blues,10
http://www.wikidata.org/entity/Q649634,progressive folk,8
http://www.wikidata.org/entity/Q649823,country blues,26
http://www.wikidata.org/entity/Q187760,new wave,57
http://www.wikidata.org/entity/Q11403,samba,96
http://www.wikidata.org/entity/Q1103669,Țara Călatei folk music and dance,1
http://www.wikidata.org/entity/Q1109497,Piedmont blues,17
http://www.wikidata.org/entity/Q1109947,ragga hip hop,5
http://www.wikidata.org/entity/Q1113204,dub poetry,9
http://www.wikidata.org/entity/Q1121111,Tin Pan Alley,27
http://www.wikidata.org/entity/Q1123037,nursery rhyme,36
http://www.wikidata.org/entity/Q497674,pungmul,15
http://www.wikidata.org/entity/Q497957,nueva trova,12
http://www.wikidata.org/entity/Q500879,reggae en Español,5
http://www.wikidata.org/entity/Q502448,coco,4
http://www.wikidata.org/entity/Q502535,morna,29
http://www.wikidata.org/entity/Q189201,chamber music,71
http://www.wikidata.org/entity/Q2916253,music of the Trecento,8
http://www.wikidata.org/entity/Q1134562,coronation anthem,10
http://www.wikidata.org/entity/Q1136045,wonky,6
http://www.wikidata.org/entity/Q1136047,torch song,10
http://www.wikidata.org/entity/Q1136331,nu jazz,24
http://www.wikidata.org/entity/Q1136765,uplifting trance,15
http://www.wikidata.org/entity/Q502658,work song,29
http://www.wikidata.org/entity/Q502808,xote,7
http://www.wikidata.org/entity/Q503354,Christmas carol,39
http://www.wikidata.org/entity/Q1125678,congada,8
http://www.wikidata.org/entity/Q1127157,conscious reggae,1
http://www.wikidata.org/entity/Q1127530,modal jazz,25
http://www.wikidata.org/entity/Q1127539,Delta blues,30
http://www.wikidata.org/entity/Q1127578,consort song,2
http://www.wikidata.org/entity/Q1129422,morin khuur,35
http://www.wikidata.org/entity/Q11399,rock music,161
http://www.wikidata.org/entity/Q188237,music of Cape Verde,10
http://www.wikidata.org/entity/Q188285,motet,51
http://www.wikidata.org/entity/Q1123381,comédie-ballet,12
http://www.wikidata.org/entity/Q1123734,Concentus,1
http://www.wikidata.org/entity/Q1123745,glam punk,19
http://www.wikidata.org/entity/Q1123763,kávéházi cigányzene,1
http://www.wikidata.org/entity/Q1125657,conga,6
http://www.wikidata.org/entity/Q188450,electropop,35
http://www.wikidata.org/entity/Q188534,grindcore,51
http://www.wikidata.org/entity/Q185676,fado,56
http://www.wikidata.org/entity/Q185858,Franco-Flemish School,26
http://www.wikidata.org/entity/Q186017,contemporary vocal music,1
http://www.wikidata.org/entity/Q523896,regional hymn,7
http://www.wikidata.org/entity/Q525073,music of Asia,10
http://www.wikidata.org/entity/Q526463,Detroit techno,20
http://www.wikidata.org/entity/Q26473,Gregorian chant,61
http://www.wikidata.org/entity/Q27190,proto-punk,29
http://www.wikidata.org/entity/Q1091056,funktronica,6
http://www.wikidata.org/entity/Q1091450,aggrotech,13
http://www.wikidata.org/entity/Q1091536,music of Madagascar,9
http://www.wikidata.org/entity/Q1092553,Celtic fusion,5
http://www.wikidata.org/entity/Q1092788,circle singing,1
http://www.wikidata.org/entity/Q1092837,post-bop,21
http://www.wikidata.org/entity/Q1143741,chicha,3
http://www.wikidata.org/entity/Q1143743,cumbia romántica,1
http://www.wikidata.org/entity/Q1143744,digital cumbia,1
http://www.wikidata.org/entity/Q1143752,cumbia villera,8
http://www.wikidata.org/entity/Q1145867,cururu,3
http://www.wikidata.org/entity/Q1147692,goregrind,23
http://www.wikidata.org/entity/Q1147752,incidental music,27
http://www.wikidata.org/entity/Q1156957,music of Vietnam,13
http://www.wikidata.org/entity/Q1157018,Dadra,10
http://www.wikidata.org/entity/Q1159539,dangdut,26
http://www.wikidata.org/entity/Q1162461,Hungarian folk song,1
http://www.wikidata.org/entity/Q1162475,nóta,2
http://www.wikidata.org/entity/Q194172,nocturne,50
http://www.wikidata.org/entity/Q194492,gamelan,59
http://www.wikidata.org/entity/Q1130969,fandango,30
http://www.wikidata.org/entity/Q1131855,music of Kazakhstan,17
http://www.wikidata.org/entity/Q1132152,math rock,31
http://www.wikidata.org/entity/Q205560,trip hop,47
http://www.wikidata.org/entity/Q205978,circus music,7
http://www.wikidata.org/entity/Q206159,psychedelic rock,57
http://www.wikidata.org/entity/Q1191299,industrial hardcore,8
http://www.wikidata.org/entity/Q1191544,kuduro,18
http://www.wikidata.org/entity/Q1191923,depro-punk,2
http://www.wikidata.org/entity/Q1192110,C-pop,23
http://www.wikidata.org/entity/Q1151259,nueva canción,20
http://www.wikidata.org/entity/Q1151260,D-beat,20
http://www.wikidata.org/entity/Q1151663,novelty music,14
http://www.wikidata.org/entity/Q1154911,carnavalito,8
http://www.wikidata.org/entity/Q1156570,dabke,30
http://www.wikidata.org/entity/Q6432024,Korean rock,8
http://www.wikidata.org/entity/Q6440913,Ktsord,2
http://www.wikidata.org/entity/Q6442578,Kuku,1
http://www.wikidata.org/entity/Q6444335,kundiman,4
http://www.wikidata.org/entity/Q6450040,Kwakwaka'wakw music,1
http://www.wikidata.org/entity/Q6452410,Christian music,30
http://www.wikidata.org/entity/Q6453929,könsrock,3
http://www.wikidata.org/entity/Q1140291,wedding march,12
http://www.wikidata.org/entity/Q1141081,lounge music,19
http://www.wikidata.org/entity/Q1141686,Galante music,24
http://www.wikidata.org/entity/Q90730712,neo-classic music,1
http://www.wikidata.org/entity/Q91057397,Galician melody,1
http://www.wikidata.org/entity/Q91611922,Israeli funk,1
http://www.wikidata.org/entity/Q91841612,tarab,4
http://www.wikidata.org/entity/Q92869446,classical worship music,0
http://www.wikidata.org/entity/Q93258199,Jyoti Sangeet,1
http://www.wikidata.org/entity/Q93595416,Kindercantate,1
http://www.wikidata.org/entity/Q94119778,Swedish classical music,1
http://www.wikidata.org/entity/Q94499224,Russian song,0
http://www.wikidata.org/entity/Q94574942,Russian ballad,1
http://www.wikidata.org/entity/Q94639707,Gascon folk music,0
http://www.wikidata.org/entity/Q94951462,Auvergnat folk music,0
http://www.wikidata.org/entity/Q95366506,Jit,6
http://www.wikidata.org/entity/Q95469495,alternative pop,8
http://www.wikidata.org/entity/Q96194931,vocal be-bop,0
http://www.wikidata.org/entity/Q96238833,vocadance,0
http://www.wikidata.org/entity/Q96373505,Bhojpuri music,3
http://www.wikidata.org/entity/Q207683,canzona,19
http://www.wikidata.org/entity/Q207841,étude,45
http://www.wikidata.org/entity/Q193355,blues rock,56
http://www.wikidata.org/entity/Q6629917,khrueang sai,3
http://www.wikidata.org/entity/Q6654795,Thai hip hop,2
http://www.wikidata.org/entity/Q6658771,livetronica,2
http://www.wikidata.org/entity/Q6665245,phleng Thai sakon,2
http://www.wikidata.org/entity/Q6665252,Phleng phuea chiwit,2
http://www.wikidata.org/entity/Q6666682,loft jazz,2
http://www.wikidata.org/entity/Q6684958,karawitan,4
http://www.wikidata.org/entity/Q6689665,lounge rock,1
http://www.wikidata.org/entity/Q6694797,Lu,1
http://www.wikidata.org/entity/Q6701559,luk krung,3
http://www.wikidata.org/entity/Q6705212,Lusophone music,1
http://www.wikidata.org/entity/Q6705418,lute song,4
http://www.wikidata.org/entity/Q6723162,Macedonian hip hop,1
http://www.wikidata.org/entity/Q6727621,Madhyalaya,1
http://www.wikidata.org/entity/Q6741049,malagueña,1
http://www.wikidata.org/entity/Q6741534,Malay gamelan,5
http://www.wikidata.org/entity/Q6742056,Malaysian hip hop,1
http://www.wikidata.org/entity/Q6742070,Malaysian popular music,4
http://www.wikidata.org/entity/Q6748116,Mando,3
http://www.wikidata.org/entity/Q6748746,mangambeu,3
http://www.wikidata.org/entity/Q37073,pop music,134
http://www.wikidata.org/entity/Q202287,overture,57
http://www.wikidata.org/entity/Q202919,berceuse,6
http://www.wikidata.org/entity/Q193605,lullaby,82
http://www.wikidata.org/entity/Q12302,bagad,10
http://www.wikidata.org/entity/Q17723,Classical period,47
http://www.wikidata.org/entity/Q196999,Zeuhl,14
http://www.wikidata.org/entity/Q199415,ziglibithy,3
http://www.wikidata.org/entity/Q201405,Renaissance music,55
http://www.wikidata.org/entity/Q20502,house music,67
http://www.wikidata.org/entity/Q20903,brostep,8
http://www.wikidata.org/entity/Q1166726,grime,33
http://www.wikidata.org/entity/Q1181308,death 'n' roll,22
http://www.wikidata.org/entity/Q1182371,deep funk,5
http://www.wikidata.org/entity/Q1185390,disco polo,21
http://www.wikidata.org/entity/Q40461,bachata,39
http://www.wikidata.org/entity/Q41270,cavatina,29
http://www.wikidata.org/entity/Q97359235,Late Baroque,1
http://www.wikidata.org/entity/Q97365272,medjong,1
http://www.wikidata.org/entity/Q97368934,malouf tunisien,2
http://www.wikidata.org/entity/Q97368941,Hebrew music,1
http://www.wikidata.org/entity/Q97375316,poetry song,1
http://www.wikidata.org/entity/Q97375668,true black metal,1
http://www.wikidata.org/entity/Q97378346,Black Rio,2
http://www.wikidata.org/entity/Q97481136,Gesellschaftslied,0
http://www.wikidata.org/entity/Q97500868,hunting music,1
http://www.wikidata.org/entity/Q97641033,Karaimian music,2
http://www.wikidata.org/entity/Q97659647,vilancete,1
http://www.wikidata.org/entity/Q97936699,Genjek,1
http://www.wikidata.org/entity/Q97942949,C86,1
http://www.wikidata.org/entity/Q98076452,Sabadell Sound,1
http://www.wikidata.org/entity/Q98088041,smurf house,1
http://www.wikidata.org/entity/Q98091634,Turkish rock,1
http://www.wikidata.org/entity/Q98528139,tribal ambient,0
http://www.wikidata.org/entity/Q98528141,acoustic Texas blues,0
http://www.wikidata.org/entity/Q98528142,electric Texas blues,0
http://www.wikidata.org/entity/Q98528143,post-minimalism,1
http://www.wikidata.org/entity/Q98528149,electro-disco,2
http://www.wikidata.org/entity/Q98528158,purple sound,0
http://www.wikidata.org/entity/Q98528166,Latin electronic music,0
http://www.wikidata.org/entity/Q98528171,minimal synth,0
http://www.wikidata.org/entity/Q98528178,chamber folk,0
http://www.wikidata.org/entity/Q98528179,folk revival music,0
http://www.wikidata.org/entity/Q98528181,nueva canción española,0
http://www.wikidata.org/entity/Q98528183,free folk,1
http://www.wikidata.org/entity/Q98528185,African folk music,1
http://www.wikidata.org/entity/Q98528189,Arabic folk music,0
http://www.wikidata.org/entity/Q207591,Romantic music,53
http://www.wikidata.org/entity/Q21092,moombahton,19
http://www.wikidata.org/entity/Q23965,music of Uruguay,8
http://www.wikidata.org/entity/Q24383,German rock,9
http://www.wikidata.org/entity/Q25116,Argentine tango,16
http://www.wikidata.org/entity/Q18846,ancient music,26
http://www.wikidata.org/entity/Q19816,batucada,14
http://www.wikidata.org/entity/Q20378,alternative metal,53
http://www.wikidata.org/entity/Q96376113,deconstructed club,3
http://www.wikidata.org/entity/Q96376126,deep soul,2
http://www.wikidata.org/entity/Q96394452,music theatre,2
http://www.wikidata.org/entity/Q96395212,neoperreo,5
http://www.wikidata.org/entity/Q96404775,sacred jazz,3
http://www.wikidata.org/entity/Q96647680,bardcore,13
http://www.wikidata.org/entity/Q96740854,bass music,5
http://www.wikidata.org/entity/Q96761277,Bangla Adhunik Gaan,0
http://www.wikidata.org/entity/Q96870628,concerto for orchestra,8
http://www.wikidata.org/entity/Q96874426,Anatolian blues,3
http://www.wikidata.org/entity/Q97097034,tirana,0
http://www.wikidata.org/entity/Q97159655,bedoui oranais,2
http://www.wikidata.org/entity/Q97160109,kouh ghan,1
http://www.wikidata.org/entity/Q97169418,hanmai,2
http://www.wikidata.org/entity/Q97171241,tundiqui,2
http://www.wikidata.org/entity/Q542703,melodic hardcore,24
http://www.wikidata.org/entity/Q6365333,kantan chamorrita,1
http://www.wikidata.org/entity/Q6365528,kanto,2
http://www.wikidata.org/entity/Q6366462,Kapanirong,1
http://www.wikidata.org/entity/Q6367434,Kar,1
http://www.wikidata.org/entity/Q6378419,Katuli,5
http://www.wikidata.org/entity/Q6379228,Kavigan,4
http://www.wikidata.org/entity/Q6379275,Kavishari,4
http://www.wikidata.org/entity/Q6379472,Kawachi Ondo,3
http://www.wikidata.org/entity/Q6392890,Kenyan hip hop,2
http://www.wikidata.org/entity/Q6394780,Kertok,2
http://www.wikidata.org/entity/Q6397421,Bolero son,1
http://www.wikidata.org/entity/Q6404580,kidandali,3
http://www.wikidata.org/entity/Q6410349,kinah,2
http://www.wikidata.org/entity/Q6410606,Kindie rock,1
http://www.wikidata.org/entity/Q6414548,Kiowa music,1
http://www.wikidata.org/entity/Q6419747,Klasik,1
http://www.wikidata.org/entity/Q6420782,klezmer fiddle,1
http://www.wikidata.org/entity/Q6421060,Kliningan,0
http://www.wikidata.org/entity/Q6425210,Dapha music,5
http://www.wikidata.org/entity/Q6430313,Kont,2
http://www.wikidata.org/entity/Q6431989,Korean hip-hop,5
http://www.wikidata.org/entity/Q1136846,sinfonia concertante,21
http://www.wikidata.org/entity/Q1137588,personal anthem,20
http://www.wikidata.org/entity/Q1139136,horrorcore,25
http://www.wikidata.org/entity/Q1139787,music of ancient Greece,29
http://www.wikidata.org/entity/Q6749708,Manila sound,5
http://www.wikidata.org/entity/Q6754164,Mappila song,4
http://www.wikidata.org/entity/Q6754289,maqsoum,2
http://www.wikidata.org/entity/Q6758799,Tanhuang,3
http://www.wikidata.org/entity/Q6759033,marfa,4
http://www.wikidata.org/entity/Q6772364,Maroon music,2
http://www.wikidata.org/entity/Q6774721,military music,23
http://www.wikidata.org/entity/Q6783396,maskandi,6
http://www.wikidata.org/entity/Q6784085,Mass song,4
http://www.wikidata.org/entity/Q6785872,Mata-kantiga,2
http://www.wikidata.org/entity/Q6793820,alriyfy music,1
http://www.wikidata.org/entity/Q6796760,Maya music,6
http://www.wikidata.org/entity/Q97174666,mahjouz,1
http://www.wikidata.org/entity/Q97178866,batidão romântico,3
http://www.wikidata.org/entity/Q97180498,samba afro,2
http://www.wikidata.org/entity/Q97181439,arrocha funk,1
http://www.wikidata.org/entity/Q97186903,Algerian malouf,1
http://www.wikidata.org/entity/Q97212472,Israeli metal,1
http://www.wikidata.org/entity/Q97213491,Yaeyama music,1
http://www.wikidata.org/entity/Q97216998,Java-pop,3
http://www.wikidata.org/entity/Q97220894,sacred singing circle,1
http://www.wikidata.org/entity/Q97232317,Bassi,1
http://www.wikidata.org/entity/Q97241431,gambang koromong,1
http://www.wikidata.org/entity/Q97265899,lofi hip-hop,10
http://www.wikidata.org/entity/Q97276030,cumbia,3
http://www.wikidata.org/entity/Q97277483,New Jersey sound,3
http://www.wikidata.org/entity/Q97277870,al ala,2
http://www.wikidata.org/entity/Q97278139,brega funk,4
http://www.wikidata.org/entity/Q97326344,musica leggera,5
http://www.wikidata.org/entity/Q97356926,Sua,6
http://www.wikidata.org/entity/Q202925,tribal house,12
http://www.wikidata.org/entity/Q202930,reggaeton,54
http://www.wikidata.org/entity/Q203720,rockabilly,46
http://www.wikidata.org/entity/Q6456152,Lao pop,4
http://www.wikidata.org/entity/Q6457912,LGBT music,11
http://www.wikidata.org/entity/Q6480724,lam luang,1
http://www.wikidata.org/entity/Q6480725,lam ploen,1
http://www.wikidata.org/entity/Q6480726,lam saravane,2
http://www.wikidata.org/entity/Q6496549,Latin soul,3
http://www.wikidata.org/entity/Q6496560,Latin ballad,4
http://www.wikidata.org/entity/Q6497489,Latvian rock,3
http://www.wikidata.org/entity/Q6510987,Lebanese hip hop,2
http://www.wikidata.org/entity/Q6516176,Leeds hip-hop,0
http://www.wikidata.org/entity/Q6537469,Lewoz,1
http://www.wikidata.org/entity/Q6543501,Oppari,5
http://www.wikidata.org/entity/Q6554176,Lining out,2
http://www.wikidata.org/entity/Q6584641,munajat,9
http://www.wikidata.org/entity/Q6585404,Israeli jazz,1
http://www.wikidata.org/entity/Q6593123,music of Mauritius,5
http://www.wikidata.org/entity/Q208239,salsa,40
http://www.wikidata.org/entity/Q208341,pasodoble,46
http://www.wikidata.org/entity/Q204067,Swedish hip hop,5
http://www.wikidata.org/entity/Q205049,world music,51
http://www.wikidata.org/entity/Q41343,post-metal,34
http://www.wikidata.org/entity/Q42201,independent music,38
http://www.wikidata.org/entity/Q20474,dubstep,50
http://www.wikidata.org/entity/Q209498,2 tone,20
http://www.wikidata.org/entity/Q209741,programme music,38
http://www.wikidata.org/entity/Q210216,concerto grosso,45
http://www.wikidata.org/entity/Q6032957,murga,1
http://www.wikidata.org/entity/Q6032965,murga uruguaya,1
http://www.wikidata.org/entity/Q6036427,Andean music of Peru,1
http://www.wikidata.org/entity/Q6036438,música cañonera,1
http://www.wikidata.org/entity/Q6036463,music of the Sea Islands,1
http://www.wikidata.org/entity/Q6036466,música popular colombiana,2
http://www.wikidata.org/entity/Q6036478,Mexican marimba music,1
http://www.wikidata.org/entity/Q6036517,Chilean folk music,1
http://www.wikidata.org/entity/Q6036526,Guasca music,1
http://www.wikidata.org/entity/Q6036534,Inca music,4
http://www.wikidata.org/entity/Q6036543,litoraleña music,1
http://www.wikidata.org/entity/Q6036566,música planeca,1
http://www.wikidata.org/entity/Q6036568,Argentinian popular music,2
http://www.wikidata.org/entity/Q6036577,subjective music,1
http://www.wikidata.org/entity/Q6036579,música surera,1
http://www.wikidata.org/entity/Q6037387,insertion aria,1
http://www.wikidata.org/entity/Q6039799,aboio,2
http://www.wikidata.org/entity/Q6040713,neofolklore,1
http://www.wikidata.org/entity/Q6042534,gothic doom metal,1
http://www.wikidata.org/entity/Q6050834,onda nueva,1
http://www.wikidata.org/entity/Q6057482,pala pala,1
http://www.wikidata.org/entity/Q6058911,palito,1
http://www.wikidata.org/entity/Q6066199,patacoré,1
http://www.wikidata.org/entity/Q6067375,Iranian folk music,5
http://www.wikidata.org/entity/Q6070734,Irish fiddle,1
http://www.wikidata.org/entity/Q6072445,perico ripiao,1
http://www.wikidata.org/entity/Q6073487,Iroquois music,1
http://www.wikidata.org/entity/Q98528191,Caribbean folk music,0
http://www.wikidata.org/entity/Q98528192,European folk music,0
http://www.wikidata.org/entity/Q98528195,lăutărească music,4
http://www.wikidata.org/entity/Q98528197,Hispanic American folk music,0
http://www.wikidata.org/entity/Q98528198,South Asian folk music,0
http://www.wikidata.org/entity/Q98528203,experimental big band,0
http://www.wikidata.org/entity/Q98528204,spiritual jazz,5
http://www.wikidata.org/entity/Q98528206,ECM style jazz,0
http://www.wikidata.org/entity/Q98528207,Celtic new age,0
http://www.wikidata.org/entity/Q98528210,Southern African folk music,0
http://www.wikidata.org/entity/Q98528211,Nguni folk music,0
http://www.wikidata.org/entity/Q6025503,mozo danza,3
http://www.wikidata.org/entity/Q6025624,Indo jazz,4
http://www.wikidata.org/entity/Q6026226,Indonesian hip hop,3
http://www.wikidata.org/entity/Q6026926,Arabesque rock,1
http://www.wikidata.org/entity/Q6027927,industrial musical,1
http://www.wikidata.org/entity/Q6030291,maftirim,1
http://www.wikidata.org/entity/Q6032954,Kilam,1
http://www.wikidata.org/entity/Q106493832,slap house,5
http://www.wikidata.org/entity/Q106506830,music of Micronesia,1
http://www.wikidata.org/entity/Q106506985,music of the Caucasus,0
http://www.wikidata.org/entity/Q106507381,music of Central Europe,0
http://www.wikidata.org/entity/Q106507873,music of Western Europe,0
http://www.wikidata.org/entity/Q106508039,music of Southern Europe,0
http://www.wikidata.org/entity/Q106508649,Brazilian jazz,4
http://www.wikidata.org/entity/Q106514601,glitch hop (EDM),0
http://www.wikidata.org/entity/Q106520951,bayou funk,0
http://www.wikidata.org/entity/Q106520965,nerdcore techno,0
http://www.wikidata.org/entity/Q106521662,deep techno,0
http://www.wikidata.org/entity/Q106521759,funky breaks,0
http://www.wikidata.org/entity/Q106522080,bleep techno,3
http://www.wikidata.org/entity/Q106522098,ballroom,0
http://www.wikidata.org/entity/Q106522115,swamp pop,8
http://www.wikidata.org/entity/Q38656,jazz-funk,22
http://www.wikidata.org/entity/Q1166158,dark cabaret,14
http://www.wikidata.org/entity/Q1166197,dark metal,14
http://www.wikidata.org/entity/Q1166218,dark rock,5
http://www.wikidata.org/entity/Q1166321,darkstep,14
http://www.wikidata.org/entity/Q1187080,dengbêjî,9
http://www.wikidata.org/entity/Q1188882,Selichot,20
http://www.wikidata.org/entity/Q1190485,post-disco,21
http://www.wikidata.org/entity/Q1190565,jangle pop,26
http://www.wikidata.org/entity/Q1162954,French pop,9
http://www.wikidata.org/entity/Q1164252,deathrock,25
http://www.wikidata.org/entity/Q1165358,danzón,17
http://www.wikidata.org/entity/Q1165777,UK garage,28
http://www.wikidata.org/entity/Q6153324,trova paisa,1
http://www.wikidata.org/entity/Q6153327,trova rosarina,3
http://www.wikidata.org/entity/Q6153333,trovo,1
http://www.wikidata.org/entity/Q6153818,tunantada,2
http://www.wikidata.org/entity/Q6157282,uptown soul,1
http://www.wikidata.org/entity/Q6158987,Japanese reggae,3
http://www.wikidata.org/entity/Q6160688,versus,1
http://www.wikidata.org/entity/Q6161710,vidala,2
http://www.wikidata.org/entity/Q6165240,tembang macapat,4
http://www.wikidata.org/entity/Q6168369,Afro-jazz,3
http://www.wikidata.org/entity/Q6168383,Indian jazz,3
http://www.wikidata.org/entity/Q6168405,jazz poetry,8
http://www.wikidata.org/entity/Q6168411,jazz waltz,1
http://www.wikidata.org/entity/Q6169362,xuc,4
http://www.wikidata.org/entity/Q6184945,Jersey Shore sound,1
http://www.wikidata.org/entity/Q6188299,Jesus music,1
http://www.wikidata.org/entity/Q6191199,jhumar,11
http://www.wikidata.org/entity/Q3500284,street talking,1
http://www.wikidata.org/entity/Q106103953,instrumental aria,0
http://www.wikidata.org/entity/Q106130091,post-dubstep,2
http://www.wikidata.org/entity/Q106239244,svatbarskata muzika,1
http://www.wikidata.org/entity/Q106286879,elegy,0
http://www.wikidata.org/entity/Q106289153,Tijuana sound,1
http://www.wikidata.org/entity/Q106298881,contemporary folk music,28
http://www.wikidata.org/entity/Q106343615,citharodia,0
http://www.wikidata.org/entity/Q106368518,pandeireteiras,5
http://www.wikidata.org/entity/Q106369996,wave,3
http://www.wikidata.org/entity/Q106388388,hardwave,2
http://www.wikidata.org/entity/Q106404229,melodic dubstep,0
http://www.wikidata.org/entity/Q106404300,minimal drum and bass,0
http://www.wikidata.org/entity/Q106422444,bit music,0
http://www.wikidata.org/entity/Q106423092,tracker music,4
http://www.wikidata.org/entity/Q106424145,FM synthesis,0
http://www.wikidata.org/entity/Q106440193,emo trap,1
http://www.wikidata.org/entity/Q106477440,low rock,1
http://www.wikidata.org/entity/Q106477753,midtempo bass,2
http://www.wikidata.org/entity/Q527675,bambuco,17
http://www.wikidata.org/entity/Q529742,boom bap,16
http://www.wikidata.org/entity/Q530750,Berlin School of electronic music,12
http://www.wikidata.org/entity/Q531426,music of India,32
http://www.wikidata.org/entity/Q38848,heavy metal music,105
http://www.wikidata.org/entity/Q46046,baroque pop,33
http://www.wikidata.org/entity/Q46649,jump-up,11
http://www.wikidata.org/entity/Q47112,Albanian iso-polyphony,22
http://www.wikidata.org/entity/Q1193421,yukar,15
http://www.wikidata.org/entity/Q1193470,theme music,30
http://www.wikidata.org/entity/Q1195253,sea shanty,27
http://www.wikidata.org/entity/Q43343,folk music,73
http://www.wikidata.org/entity/Q662791,arioso,31
http://www.wikidata.org/entity/Q663519,breakbeat,34
http://www.wikidata.org/entity/Q663833,unyago,2
http://www.wikidata.org/entity/Q663979,glee,9
http://www.wikidata.org/entity/Q212944,klezmer,44
http://www.wikidata.org/entity/Q212952,boogie-woogie,37
http://www.wikidata.org/entity/Q213121,new age music,47
http://www.wikidata.org/entity/Q1092924,villotta,8
http://www.wikidata.org/entity/Q1093232,stornello,8
http://www.wikidata.org/entity/Q1100989,glitch,22
http://www.wikidata.org/entity/Q1102161,jungle,31
http://www.wikidata.org/entity/Q1102871,clownstep,3
http://www.wikidata.org/entity/Q3501147,gabber metal,3
http://www.wikidata.org/entity/Q3503814,microsound,6
http://www.wikidata.org/entity/Q3506890,Czech hip hop,4
http://www.wikidata.org/entity/Q3509353,fuji music,7
http://www.wikidata.org/entity/Q3510161,Memphis soul,4
http://www.wikidata.org/entity/Q3510528,sega tambour of Rodrigues Island,7
http://www.wikidata.org/entity/Q3511593,Sufiana kalam,1
http://www.wikidata.org/entity/Q3512282,process music,3
http://www.wikidata.org/entity/Q3512563,modern soul,2
http://www.wikidata.org/entity/Q3512676,tubû,1
http://www.wikidata.org/entity/Q3512699,tabahaniotika,1
http://www.wikidata.org/entity/Q3517436,tembang sunda,4
http://www.wikidata.org/entity/Q3521984,konnakol,8
http://www.wikidata.org/entity/Q2111784,production music,8
http://www.wikidata.org/entity/Q2112253,progressive techno,1
http://www.wikidata.org/entity/Q2114901,inspection march,3
http://www.wikidata.org/entity/Q2116296,dakka marrakchia,3
http://www.wikidata.org/entity/Q2118393,East Germany punk,2
http://www.wikidata.org/entity/Q2118402,German punk,6
http://www.wikidata.org/entity/Q2121992,drumfunk,9
http://www.wikidata.org/entity/Q2127044,gezang,1
http://www.wikidata.org/entity/Q2132478,music of Thrace,4
http://www.wikidata.org/entity/Q2137519,Australian reggae,2
http://www.wikidata.org/entity/Q2138543,doina,29
http://www.wikidata.org/entity/Q45981,rhythm and blues,85
http://www.wikidata.org/entity/Q48445,mashup,27
http://www.wikidata.org/entity/Q49451,progressive rock,65
http://www.wikidata.org/entity/Q203775,swing,52
http://www.wikidata.org/entity/Q210854,ars nova,38
http://www.wikidata.org/entity/Q211025,march,49
http://www.wikidata.org/entity/Q6076141,pindín,1
http://www.wikidata.org/entity/Q6081528,poky,1
http://www.wikidata.org/entity/Q6082625,Norwegian pop,1
http://www.wikidata.org/entity/Q6093230,Punto guanacasteco,2
http://www.wikidata.org/entity/Q6093242,Punto music,3
http://www.wikidata.org/entity/Q6093324,Italian jazz,4
http://www.wikidata.org/entity/Q6098469,rajaleña,1
http://www.wikidata.org/entity/Q6100475,Lazish music,3
http://www.wikidata.org/entity/Q6100580,rasguido doble,1
http://www.wikidata.org/entity/Q6103404,refalosa,2
http://www.wikidata.org/entity/Q6106812,retro-soul,4
http://www.wikidata.org/entity/Q6108923,rin,1
http://www.wikidata.org/entity/Q6109162,ritmo de panaderas,1
http://www.wikidata.org/entity/Q6110296,rock subterráneo,1
http://www.wikidata.org/entity/Q6110311,flamenco rock,7
http://www.wikidata.org/entity/Q6110312,Costa Rican rock,2
http://www.wikidata.org/entity/Q6110313,Catholic Christian rock,1
http://www.wikidata.org/entity/Q6110316,Paraguayan rock,1
http://www.wikidata.org/entity/Q6110333,rock noir,1
http://www.wikidata.org/entity/Q6110336,Latin American progressive rock,1
http://www.wikidata.org/entity/Q6111379,romance,2
http://www.wikidata.org/entity/Q6111428,romantic style,1
http://www.wikidata.org/entity/Q6113614,rumba vallecana,1
http://www.wikidata.org/entity/Q6117417,Saloma,1
http://www.wikidata.org/entity/Q208494,industrial metal,54
http://www.wikidata.org/entity/Q54365,ska,67
http://www.wikidata.org/entity/Q212112,bel canto,51
http://www.wikidata.org/entity/Q212148,prelude,44
http://www.wikidata.org/entity/Q211745,atonality,46
http://www.wikidata.org/entity/Q211756,dance-pop,41
http://www.wikidata.org/entity/Q208593,sarabande,39
http://www.wikidata.org/entity/Q209137,post-rock,48
http://www.wikidata.org/entity/Q6191683,Jiangnan sizhu,5
http://www.wikidata.org/entity/Q6192596,Jikey,3
http://www.wikidata.org/entity/Q6202259,Jing ping,2
http://www.wikidata.org/entity/Q6296743,jovem guarda,4
http://www.wikidata.org/entity/Q6301761,benga music,6
http://www.wikidata.org/entity/Q6304912,Jugni,7
http://www.wikidata.org/entity/Q6305421,juke joint blues,1
http://www.wikidata.org/entity/Q6319299,Jwé,1
http://www.wikidata.org/entity/Q6346110,Kafi,10
http://www.wikidata.org/entity/Q6348555,kaiso,2
http://www.wikidata.org/entity/Q6348907,Kajari,10
http://www.wikidata.org/entity/Q6351763,Kalbelia,21
http://www.wikidata.org/entity/Q6120148,sanjuanito,2
http://www.wikidata.org/entity/Q6124308,jaiva,4
http://www.wikidata.org/entity/Q6126881,shaqapas,1
http://www.wikidata.org/entity/Q6129214,war symphony,1
http://www.wikidata.org/entity/Q6129485,sirilla,2
http://www.wikidata.org/entity/Q6130346,slam death metal,3
http://www.wikidata.org/entity/Q6131129,Sock,1
http://www.wikidata.org/entity/Q6132064,son afromexicano de Costa Chica,1
http://www.wikidata.org/entity/Q6132068,son arribeño,1
http://www.wikidata.org/entity/Q6132074,son de artesa,1
http://www.wikidata.org/entity/Q6132082,Son de mariachi,1
http://www.wikidata.org/entity/Q6132084,son de tamborileros de Tabasco,1
http://www.wikidata.org/entity/Q6132086,son istmeño,3
http://www.wikidata.org/entity/Q6132088,son nica,1
http://www.wikidata.org/entity/Q6136664,swing criollo,3
http://www.wikidata.org/entity/Q6138490,tamborazo,2
http://www.wikidata.org/entity/Q6138491,tamborera,2
http://www.wikidata.org/entity/Q6138497,Colombian tamborito,1
http://www.wikidata.org/entity/Q6138499,tamborito,5
http://www.wikidata.org/entity/Q6139036,tarkad,2
http://www.wikidata.org/entity/Q6140143,tecnomerengue,1
http://www.wikidata.org/entity/Q6147820,Tocotín,1
http://www.wikidata.org/entity/Q6149344,pinpeat,6
http://www.wikidata.org/entity/Q6152936,triunfo,1
http://www.wikidata.org/entity/Q6153278,tropical rock,5
http://www.wikidata.org/entity/Q213149,viking metal,44
http://www.wikidata.org/entity/Q211723,speed metal,47
http://www.wikidata.org/entity/Q533914,National Socialist black metal,30
http://www.wikidata.org/entity/Q533946,lambada,37
http://www.wikidata.org/entity/Q534606,swamp blues,12
http://www.wikidata.org/entity/Q211418,British Invasion,42
http://www.wikidata.org/entity/Q211573,garage rock,46
http://www.wikidata.org/entity/Q217295,mass,44
http://www.wikidata.org/entity/Q217467,art rock,50
http://www.wikidata.org/entity/Q1195630,canzone napoletana,24
http://www.wikidata.org/entity/Q1196752,traditional pop,18
http://www.wikidata.org/entity/Q1202208,joropo,15
http://www.wikidata.org/entity/Q6799044,mazur,5
http://www.wikidata.org/entity/Q6799695,Mbira music,1
http://www.wikidata.org/entity/Q6799787,mbube,7
http://www.wikidata.org/entity/Q6812125,mele,3
http://www.wikidata.org/entity/Q6817378,Mentai rock,3
http://www.wikidata.org/entity/Q6819034,merengue típico,2
http://www.wikidata.org/entity/Q6821898,semi-classical music,3
http://www.wikidata.org/entity/Q6825988,son mexicano,2
http://www.wikidata.org/entity/Q6826021,Mexican cumbia,3
http://www.wikidata.org/entity/Q6826078,Mexican pop,2
http://www.wikidata.org/entity/Q6826151,Qudud Halabiya,4
http://www.wikidata.org/entity/Q6860135,Israeli punk,1
http://www.wikidata.org/entity/Q105897737,Mexican American music,0
http://www.wikidata.org/entity/Q105962378,Edo funk,1
http://www.wikidata.org/entity/Q105993236,radio music,0
http://www.wikidata.org/entity/Q106013762,vocal romance,0
http://www.wikidata.org/entity/Q106013767,instrumental romance,0
http://www.wikidata.org/entity/Q106015533,wedding music,6
http://www.wikidata.org/entity/Q106085531,black gospel music,5
http://www.wikidata.org/entity/Q62128,Khyal,15
http://www.wikidata.org/entity/Q63885,Christian punk,14
http://www.wikidata.org/entity/Q69596,Thumri,17
http://www.wikidata.org/entity/Q70076,tappa,13
http://www.wikidata.org/entity/Q76092,glam rock,54
http://www.wikidata.org/entity/Q3644819,cello rock,14
http://www.wikidata.org/entity/Q3645098,British punk,0
http://www.wikidata.org/entity/Q3650974,pagan rock,7
http://www.wikidata.org/entity/Q3655696,cante flamenco,4
http://www.wikidata.org/entity/Q3655716,carnival song,3
http://www.wikidata.org/entity/Q3655722,Italian resistance song,1
http://www.wikidata.org/entity/Q3655728,canti di guerra,1
http://www.wikidata.org/entity/Q3656466,cantu a chiterra,5
http://www.wikidata.org/entity/Q3656492,classic Neapolitan song,2
http://www.wikidata.org/entity/Q3656509,crusade song,3
http://www.wikidata.org/entity/Q3656510,canzone genovese,1
http://www.wikidata.org/entity/Q3656514,Milanese song,2
http://www.wikidata.org/entity/Q3656521,Venetian song,2
http://www.wikidata.org/entity/Q3656557,canzone del Mala,1
http://www.wikidata.org/entity/Q3658336,New Orleans rhythm and blues,3
http://www.wikidata.org/entity/Q2166026,no wave revival,1
http://www.wikidata.org/entity/Q2178442,paramaribop,1
http://www.wikidata.org/entity/Q2181965,freeform hardcore,7
http://www.wikidata.org/entity/Q2186222,Norsecore,1
http://www.wikidata.org/entity/Q2187392,alternative dance,20
http://www.wikidata.org/entity/Q2195355,futurism,6
http://www.wikidata.org/entity/Q2196156,mellow,1
http://www.wikidata.org/entity/Q2197508,Balkan beats,1
http://www.wikidata.org/entity/Q2201558,missa ad fugam,1
http://www.wikidata.org/entity/Q2210998,sacropop,2
http://www.wikidata.org/entity/Q2225757,Christian hardcore,10
http://www.wikidata.org/entity/Q4879372,Bedouin music,6
http://www.wikidata.org/entity/Q4882148,gamelan beleganjur,4
http://www.wikidata.org/entity/Q4888038,Beninese hip hop,1
http://www.wikidata.org/entity/Q4888166,chakacha,4
http://www.wikidata.org/entity/Q4889602,benna,2
http://www.wikidata.org/entity/Q4890645,Bentonia School,1
http://www.wikidata.org/entity/Q4897056,Beste,1
http://www.wikidata.org/entity/Q4901016,bhangragga,1
http://www.wikidata.org/entity/Q4905606,Big Drum,3
http://www.wikidata.org/entity/Q4917174,BisRock,2
http://www.wikidata.org/entity/Q4925966,kantrum,5
http://www.wikidata.org/entity/Q4930356,bluegrass fiddle,1
http://www.wikidata.org/entity/Q4936212,bocet,2
http://www.wikidata.org/entity/Q4936373,bodabil in the Philippines,1
http://www.wikidata.org/entity/Q4936753,boduberu,4
http://www.wikidata.org/entity/Q4937089,boedra,5
http://www.wikidata.org/entity/Q4938135,Boheoja,3
http://www.wikidata.org/entity/Q4939163,Bolel,2
http://www.wikidata.org/entity/Q4940448,bomba,3
http://www.wikidata.org/entity/Q4942839,boogie,13
http://www.wikidata.org/entity/Q4943457,boomba music,3
http://www.wikidata.org/entity/Q3525838,quan họ,15
http://www.wikidata.org/entity/Q3527765,spiritual verse,1
http://www.wikidata.org/entity/Q3529199,tinku,10
http://www.wikidata.org/entity/Q3531526,tondero,5
http://www.wikidata.org/entity/Q3535998,Indian pop,9
http://www.wikidata.org/entity/Q3538739,tribe,1
http://www.wikidata.org/entity/Q3541635,tsugaru-jamisen,8
http://www.wikidata.org/entity/Q3542334,turlute,2
http://www.wikidata.org/entity/Q3553356,Hiragasy,10
http://www.wikidata.org/entity/Q3554510,vanera,2
http://www.wikidata.org/entity/Q3664327,Celtic pop,1
http://www.wikidata.org/entity/Q3678263,citarodia,1
http://www.wikidata.org/entity/Q3679098,music of Italy,22
http://www.wikidata.org/entity/Q3683985,combat folk,2
http://www.wikidata.org/entity/Q3696098,country yodel,1
http://www.wikidata.org/entity/Q3699386,cumbia rap,3
http://www.wikidata.org/entity/Q3702442,Occitan folk music,2
http://www.wikidata.org/entity/Q3709211,dirty rap,15
http://www.wikidata.org/entity/Q3710513,music of Haiti,5
http://www.wikidata.org/entity/Q213714,bluegrass music,42
http://www.wikidata.org/entity/Q213665,K-pop,96
http://www.wikidata.org/entity/Q214981,theme and variation,37
http://www.wikidata.org/entity/Q215911,serenade,53
http://www.wikidata.org/entity/Q216860,Lied,40
http://www.wikidata.org/entity/Q2138639,Levenslied,6
http://www.wikidata.org/entity/Q2140842,Venetian polychoral style,12
http://www.wikidata.org/entity/Q2142754,choral symphony,15
http://www.wikidata.org/entity/Q2146293,Retrosound,1
http://www.wikidata.org/entity/Q2159891,chopi timbila,8
http://www.wikidata.org/entity/Q2164477,Slavic pagan metal,1
http://www.wikidata.org/entity/Q2164565,holy minimalism,6
http://www.wikidata.org/entity/Q2165184,drinking song,22
http://www.wikidata.org/entity/Q221686,twelve-tone technique,48
http://www.wikidata.org/entity/Q221772,acid jazz,38
http://www.wikidata.org/entity/Q83390,acclamatio,10
http://www.wikidata.org/entity/Q83440,country music,94
http://www.wikidata.org/entity/Q217597,electro,35
http://www.wikidata.org/entity/Q4945025,Borgeet,7
http://www.wikidata.org/entity/Q4945110,Boria,2
http://www.wikidata.org/entity/Q4947417,Bosnian and Herzegovinian hip hop,3
http://www.wikidata.org/entity/Q4947422,Bosnian root music,1
http://www.wikidata.org/entity/Q4948714,bothy ballad,2
http://www.wikidata.org/entity/Q4949812,bounce music,8
http://www.wikidata.org/entity/Q4950495,Bouyon soca,1
http://www.wikidata.org/entity/Q4950496,bouyon,2
http://www.wikidata.org/entity/Q4958465,Bravura,3
http://www.wikidata.org/entity/Q4958927,Brazilian thrash metal,4
http://www.wikidata.org/entity/Q4965901,Jersey club,11
http://www.wikidata.org/entity/Q4968631,Brisbane punk rock,1
http://www.wikidata.org/entity/Q4969182,Brit funk,3
http://www.wikidata.org/entity/Q4971320,British dance band,3
http://www.wikidata.org/entity/Q4971384,British jazz,5
http://www.wikidata.org/entity/Q106586998,Southeast Asian classical music,0
http://www.wikidata.org/entity/Q106586999,Southeast Asian folk music,0
http://www.wikidata.org/entity/Q106588687,music of Central Africa,0
http://www.wikidata.org/entity/Q106588693,Chuvash folk music,0
http://www.wikidata.org/entity/Q106588727,Latin disco,0
http://www.wikidata.org/entity/Q106589886,Waiata,0
http://www.wikidata.org/entity/Q106590023,execution ballad,1
http://www.wikidata.org/entity/Q106590078,Israeli folk music,0
http://www.wikidata.org/entity/Q106591506,bubblegum bass,1
http://www.wikidata.org/entity/Q106594102,Philly club,0
http://www.wikidata.org/entity/Q4838724,bachatón,1
http://www.wikidata.org/entity/Q4841438,Baganda music,2
http://www.wikidata.org/entity/Q4841596,baggy,6
http://www.wikidata.org/entity/Q4846346,bassline,11
http://www.wikidata.org/entity/Q4848674,Baisha xiyue,2
http://www.wikidata.org/entity/Q4848738,baithak gana,6
http://www.wikidata.org/entity/Q4848983,Baka music,2
http://www.wikidata.org/entity/Q4849865,Balakadri,1
http://www.wikidata.org/entity/Q4851096,Balkan jazz,3
http://www.wikidata.org/entity/Q4851628,ballet,9
http://www.wikidata.org/entity/Q59158,dhrupad,17
http://www.wikidata.org/entity/Q217191,soft rock,39
http://www.wikidata.org/entity/Q81105,ca trù,12
http://www.wikidata.org/entity/Q82469,Gstanzl,4
http://www.wikidata.org/entity/Q83270,hard rock,77
http://www.wikidata.org/entity/Q212688,dub music,40
http://www.wikidata.org/entity/Q106576141,ghetto club,0
http://www.wikidata.org/entity/Q106576145,neoclassical music,0
http://www.wikidata.org/entity/Q106576170,tribal music,0
http://www.wikidata.org/entity/Q106576261,bérite club,0
http://www.wikidata.org/entity/Q106577108,hard beat,1
http://www.wikidata.org/entity/Q106577542,kawaii future bass,0
http://www.wikidata.org/entity/Q106581470,surf rock,9
http://www.wikidata.org/entity/Q106581679,cobla,0
http://www.wikidata.org/entity/Q106581777,jam band music,1
http://www.wikidata.org/entity/Q106582593,country metal,0
http://www.wikidata.org/entity/Q106582938,hopepunk music,0
http://www.wikidata.org/entity/Q106582942,cyberpunk music,0
http://www.wikidata.org/entity/Q106582953,steampunk music,0
http://www.wikidata.org/entity/Q106583068,dreampunk,5
http://www.wikidata.org/entity/Q106586219,Japanese folk music,0
http://www.wikidata.org/entity/Q106586236,Japanese classical music,0
http://www.wikidata.org/entity/Q106586248,music of East Africa,0
http://www.wikidata.org/entity/Q106586249,East Asian classical music,0
http://www.wikidata.org/entity/Q106586250,East Asian folk music,0
http://www.wikidata.org/entity/Q1202801,écossaise,16
http://www.wikidata.org/entity/Q1205368,European tango,2
http://www.wikidata.org/entity/Q1206090,German volkslied,3
http://www.wikidata.org/entity/Q1206160,Deutschfolk,1
http://www.wikidata.org/entity/Q106522190,scouse house,0
http://www.wikidata.org/entity/Q106522238,techno bass,1
http://www.wikidata.org/entity/Q106527826,Sekete,1
http://www.wikidata.org/entity/Q106528337,acid,2
http://www.wikidata.org/entity/Q106528420,deathstep,0
http://www.wikidata.org/entity/Q106528422,glitch pop,0
http://www.wikidata.org/entity/Q106538862,Abkhazian folk music,0
http://www.wikidata.org/entity/Q106538881,Aegean islands folk music,0
http://www.wikidata.org/entity/Q106543080,raspacanilla,1
http://www.wikidata.org/entity/Q106544624,eletrobrega,1
http://www.wikidata.org/entity/Q106547149,percussive pagodas,1
http://www.wikidata.org/entity/Q106547171,funk paulista,2
http://www.wikidata.org/entity/Q106547179,Bahia house,1
http://www.wikidata.org/entity/Q106547262,pisadinha,3
http://www.wikidata.org/entity/Q106547427,Brazilian rap geek,2
http://www.wikidata.org/entity/Q106547555,music of Provence,1
http://www.wikidata.org/entity/Q106556293,Portuguese folk music,2
http://www.wikidata.org/entity/Q106558878,yaraví,3
http://www.wikidata.org/entity/Q106559862,shadow rap,1
http://www.wikidata.org/entity/Q106559910,music of Baháʼí Faith,1
http://www.wikidata.org/entity/Q106560650,Mexican country,1
http://www.wikidata.org/entity/Q106560659,Mongolian pop,1
http://www.wikidata.org/entity/Q106560663,reggaeton underground,0
http://www.wikidata.org/entity/Q106560670,suri sicuri (Bolivia),1
http://www.wikidata.org/entity/Q106561117,Samoyedic folk music,0
http://www.wikidata.org/entity/Q106561159,Flemish folk music,2
http://www.wikidata.org/entity/Q106561868,countrypolitan,1
http://www.wikidata.org/entity/Q106562392,country boogie,2
http://www.wikidata.org/entity/Q106574871,beatdown,0
http://www.wikidata.org/entity/Q106574943,modern electric blues,0
http://www.wikidata.org/entity/Q106576127,leftfield pop,0
http://www.wikidata.org/entity/Q216926,raga,48
http://www.wikidata.org/entity/Q216961,Eurodance,47
http://www.wikidata.org/entity/Q4852449,Balochi music,1
http://www.wikidata.org/entity/Q4852979,Baltimore club,6
http://www.wikidata.org/entity/Q4854353,Bandana thrash,3
http://www.wikidata.org/entity/Q4854619,bandish,8
http://www.wikidata.org/entity/Q4855476,Bangladeshi hip hop,2
http://www.wikidata.org/entity/Q4855483,Bangladeshi rock,2
http://www.wikidata.org/entity/Q4855518,Bango,1
http://www.wikidata.org/entity/Q4857249,Bantowbol,1
http://www.wikidata.org/entity/Q4864776,music of São Tomé and Príncipe,6
http://www.wikidata.org/entity/Q4869661,battaglia,6
http://www.wikidata.org/entity/Q4873394,Batá-rumba,1
http://www.wikidata.org/entity/Q4875789,beach music,1
http://www.wikidata.org/entity/Q4877851,beautiful music,1
http://www.wikidata.org/entity/Q211781,free jazz,43
http://www.wikidata.org/entity/Q212024,spirituals,44
http://www.wikidata.org/entity/Q2266376,boogie rock,16
http://www.wikidata.org/entity/Q2267754,Northwest hip hop,1
http://www.wikidata.org/entity/Q2267955,music of the United States,21
http://www.wikidata.org/entity/Q2268922,cowpunk,15
http://www.wikidata.org/entity/Q2271589,Sephardic music,7
http://www.wikidata.org/entity/Q4971422,British pop,2
http://www.wikidata.org/entity/Q4971442,British rhythm and blues,5
http://www.wikidata.org/entity/Q4971443,British rock and roll,5
http://www.wikidata.org/entity/Q4971454,British soul,1
http://www.wikidata.org/entity/Q4975996,brown-eyed soul,3
http://www.wikidata.org/entity/Q4982327,Bubu music,4
http://www.wikidata.org/entity/Q4985524,Buenos Aires hardcore,2
http://www.wikidata.org/entity/Q4993367,indeterminacy,5
http://www.wikidata.org/entity/Q4993553,ambient trance,3
http://www.wikidata.org/entity/Q4993817,military cadence,6
http://www.wikidata.org/entity/Q4996252,Bulgarian hip hop,3
http://www.wikidata.org/entity/Q4996773,bullerengue,3
http://www.wikidata.org/entity/Q4998143,Burban,2
http://www.wikidata.org/entity/Q4999448,Burmese hip hop,2
http://www.wikidata.org/entity/Q5000356,Burra katha,8
http://www.wikidata.org/entity/Q5001430,bush ballad,3
http://www.wikidata.org/entity/Q5015164,Ca Huế,3
http://www.wikidata.org/entity/Q220528,Rebetiko,38
http://www.wikidata.org/entity/Q220535,verbunkos,19
http://www.wikidata.org/entity/Q220830,surf music,30
http://www.wikidata.org/entity/Q5072880,chap hop,1
http://www.wikidata.org/entity/Q5073926,Charanga-vallenata,1
http://www.wikidata.org/entity/Q1636684,yé-yé,20
http://www.wikidata.org/entity/Q1640319,experimental music,36
http://www.wikidata.org/entity/Q1640587,morenada,11
http://www.wikidata.org/entity/Q2258450,Spanish hip-hop,8
http://www.wikidata.org/entity/Q2259405,Fescennine Verses,12
http://www.wikidata.org/entity/Q2260696,progressive trance,11
http://www.wikidata.org/entity/Q2261628,chopped and screwed,11
http://www.wikidata.org/entity/Q2265295,coon song,6
http://www.wikidata.org/entity/Q2265866,brutal death metal,16
http://www.wikidata.org/entity/Q2982341,coladeira,9
http://www.wikidata.org/entity/Q2988851,Finnish rock,10
http://www.wikidata.org/entity/Q2991840,snap music,10
http://www.wikidata.org/entity/Q2994332,rock en español,7
http://www.wikidata.org/entity/Q2995521,contenance angloise,3
http://www.wikidata.org/entity/Q2997058,melodic black metal,9
http://www.wikidata.org/entity/Q2998920,country soul,3
http://www.wikidata.org/entity/Q56580,digital hardcore,16
http://www.wikidata.org/entity/Q57143,power metal,53
http://www.wikidata.org/entity/Q58339,disco,78
http://www.wikidata.org/entity/Q3724735,emo pop,8
http://www.wikidata.org/entity/Q3724778,emotional hardcore,1
http://www.wikidata.org/entity/Q3726825,epic metal,4
http://www.wikidata.org/entity/Q3735422,Bandari music,7
http://www.wikidata.org/entity/Q3735537,Ainu folk music,11
http://www.wikidata.org/entity/Q3735853,daina,5
http://www.wikidata.org/entity/Q3736049,experimental dub,1
http://www.wikidata.org/entity/Q3736603,New Complexity,9
http://www.wikidata.org/entity/Q3559240,neo kyma,3
http://www.wikidata.org/entity/Q3560556,vira,6
http://www.wikidata.org/entity/Q3562031,voceru,2
http://www.wikidata.org/entity/Q3564665,music of Crete,5
http://www.wikidata.org/entity/Q3564915,wabap biguine,2
http://www.wikidata.org/entity/Q3565141,Wahrani,2
http://www.wikidata.org/entity/Q3567452,West Coast rock,3
http://www.wikidata.org/entity/Q3570024,ethnic music,4
http://www.wikidata.org/entity/Q3570841,xaxado,5
http://www.wikidata.org/entity/Q3572737,Aragonese rock,3
http://www.wikidata.org/entity/Q3572987,youssoumba,1
http://www.wikidata.org/entity/Q3573134,Yuka,2
http://www.wikidata.org/entity/Q3574259,Yéla,1
http://www.wikidata.org/entity/Q3575673,zoblazo,2
http://www.wikidata.org/entity/Q3587612,electroacoustic improvisation,3
http://www.wikidata.org/entity/Q3591962,Ethio-jazz,5
http://www.wikidata.org/entity/Q1666311,music of Zambia,5
http://www.wikidata.org/entity/Q1669458,retro-swing,1
http://www.wikidata.org/entity/Q1669802,kalindula,4
http://www.wikidata.org/entity/Q1672398,music of Iran,18
http://www.wikidata.org/entity/Q1672918,Irish rebel song,11
http://www.wikidata.org/entity/Q1673922,isicathamiya,11
http://www.wikidata.org/entity/Q1674327,Tvísöngur,2
http://www.wikidata.org/entity/Q1674378,Polyphonic song of Epirus,5
http://www.wikidata.org/entity/Q1677377,funeral march,21
http://www.wikidata.org/entity/Q213572,Neue Deutsche Härte,38
http://www.wikidata.org/entity/Q213608,beatboxing,54
http://www.wikidata.org/entity/Q3595117,Kirana gharana,7
http://www.wikidata.org/entity/Q3605852,adult album alternative,2
http://www.wikidata.org/entity/Q3606268,Afro-rock,7
http://www.wikidata.org/entity/Q3613770,ambient dub,4
http://www.wikidata.org/entity/Q3622181,tonadilla,13
http://www.wikidata.org/entity/Q3624086,acousmatic art,1
http://www.wikidata.org/entity/Q3630966,avant-prog,5
http://www.wikidata.org/entity/Q3631657,aṣíkò,2
http://www.wikidata.org/entity/Q3635495,Barzelletta,6
http://www.wikidata.org/entity/Q3641200,blues metal,1
http://www.wikidata.org/entity/Q3643031,Boston hardcore,3
http://www.wikidata.org/entity/Q85477,oratorio,64
http://www.wikidata.org/entity/Q105513,bebop,55
http://www.wikidata.org/entity/Q122772,Austrian hip hop,3
http://www.wikidata.org/entity/Q127624,white voice,6
http://www.wikidata.org/entity/Q130572,music of the Soviet Union,12
http://www.wikidata.org/entity/Q131269,sonata,70
http://www.wikidata.org/entity/Q145594,Igbo music,5
http://www.wikidata.org/entity/Q145980,Zamrock,11
http://www.wikidata.org/entity/Q151942,mazurka,55
http://www.wikidata.org/entity/Q3808055,music of Catalonia,3
http://www.wikidata.org/entity/Q3813661,Catalan rock,8
http://www.wikidata.org/entity/Q3815106,kidumbaki,3
http://www.wikidata.org/entity/Q3816171,koi kei x,1
http://www.wikidata.org/entity/Q3820150,L.A. punk,1
http://www.wikidata.org/entity/Q12643798,Tovareća mužika,3
http://www.wikidata.org/entity/Q12671486,ritual ambient,2
http://www.wikidata.org/entity/Q12701217,pop yeh-yeh,1
http://www.wikidata.org/entity/Q12702016,rock kapak,3
http://www.wikidata.org/entity/Q12714622,fenta,1
http://www.wikidata.org/entity/Q12716093,kjekkas-rap,1
http://www.wikidata.org/entity/Q12719323,vandreslått,1
http://www.wikidata.org/entity/Q12736118,Romanian church music,1
http://www.wikidata.org/entity/Q12736122,muzica ușoară românească,1
http://www.wikidata.org/entity/Q12736123,Romanian folk music,4
http://www.wikidata.org/entity/Q12777807,trávnica,2
http://www.wikidata.org/entity/Q12802984,Slovenian folk song,1
http://www.wikidata.org/entity/Q12811727,saz semai,2
http://www.wikidata.org/entity/Q12817895,Alyor,1
http://www.wikidata.org/entity/Q12819763,beshqarsak,1
http://www.wikidata.org/entity/Q221934,narcocorrido,13
http://www.wikidata.org/entity/Q222445,marinera,14
http://www.wikidata.org/entity/Q223840,hardstyle,35
http://www.wikidata.org/entity/Q2232258,slide,4
http://www.wikidata.org/entity/Q2235352,carnavalskraker,1
http://www.wikidata.org/entity/Q2235992,smartlap,2
http://www.wikidata.org/entity/Q2236597,sound sculpture,6
http://www.wikidata.org/entity/Q2237415,music and mathematics,12
http://www.wikidata.org/entity/Q2238236,Christian hip-hop,13
http://www.wikidata.org/entity/Q2241518,Simadan,2
http://www.wikidata.org/entity/Q2249365,kawina,6
http://www.wikidata.org/entity/Q2253688,dark music,2
http://www.wikidata.org/entity/Q2256407,hip-hop soul,15
http://www.wikidata.org/entity/Q105527,jazz fusion,46
http://www.wikidata.org/entity/Q118120,reel,15
http://www.wikidata.org/entity/Q2271846,sampler-based music,1
http://www.wikidata.org/entity/Q2273147,villanella,19
http://www.wikidata.org/entity/Q2278063,bomba,8
http://www.wikidata.org/entity/Q2278881,shima-uta,5
http://www.wikidata.org/entity/Q2280273,mod revival,10
http://www.wikidata.org/entity/Q2280497,country pop,25
http://www.wikidata.org/entity/Q166813,Kansas City jazz,9
http://www.wikidata.org/entity/Q170435,trance,59
http://www.wikidata.org/entity/Q131272,soul,80
http://www.wikidata.org/entity/Q3737170,Mari music,3
http://www.wikidata.org/entity/Q3752342,frat rock,3
http://www.wikidata.org/entity/Q3753864,Xixón sound,3
http://www.wikidata.org/entity/Q3765927,Hamd,15
http://www.wikidata.org/entity/Q3783347,hardcore ragga,2
http://www.wikidata.org/entity/Q3785730,Finnish hip hop,4
http://www.wikidata.org/entity/Q3785731,New Zealand hip-hop,3
http://www.wikidata.org/entity/Q3785732,Russian hip-hop,8
http://www.wikidata.org/entity/Q3785733,Slovak hip hop,3
http://www.wikidata.org/entity/Q3791697,chopper,4
http://www.wikidata.org/entity/Q3797148,In Nomine,5
http://www.wikidata.org/entity/Q3807537,orchestral jazz,8
http://www.wikidata.org/entity/Q2956172,Occitan traditional song,2
http://www.wikidata.org/entity/Q2956176,chanson à texte,1
http://www.wikidata.org/entity/Q2956178,French folk music,1
http://www.wikidata.org/entity/Q2956201,French-Flemish polyphonic chanson,1
http://www.wikidata.org/entity/Q2956224,Inuit throat singing,10
http://www.wikidata.org/entity/Q2956228,Songs of realization,3
http://www.wikidata.org/entity/Q2956240,Gallican chant,4
http://www.wikidata.org/entity/Q2956242,Messinian chant,4
http://www.wikidata.org/entity/Q2956246,Mozarabic chant,12
http://www.wikidata.org/entity/Q2956468,Chaoui music,5
http://www.wikidata.org/entity/Q131578,J-pop,69
http://www.wikidata.org/entity/Q1650296,instrumental rock,24
http://www.wikidata.org/entity/Q1651804,Noël varié,3
http://www.wikidata.org/entity/Q1658757,illbient,12
http://www.wikidata.org/entity/Q1659646,Imaginary folk music,2
http://www.wikidata.org/entity/Q1661924,industrial dance,3
http://www.wikidata.org/entity/Q1662181,New Primitivism,6
http://www.wikidata.org/entity/Q7565243,sousedská,2
http://www.wikidata.org/entity/Q7565881,South African jazz,3
http://www.wikidata.org/entity/Q7570655,Southern cone music,0
http://www.wikidata.org/entity/Q7572179,Space-themed music,2
http://www.wikidata.org/entity/Q7573316,Spanish traditional Christian music,1
http://www.wikidata.org/entity/Q7573410,Spanish jazz,5
http://www.wikidata.org/entity/Q7580152,spouge,2
http://www.wikidata.org/entity/Q7602145,starogradska muzika,6
http://www.wikidata.org/entity/Q7616089,Sthayi,2
http://www.wikidata.org/entity/Q7624424,stronda,2
http://www.wikidata.org/entity/Q7634691,Sugama Sangeetha,6
http://www.wikidata.org/entity/Q7636849,Sulukan,4
http://www.wikidata.org/entity/Q7650647,Suyá music,1
http://www.wikidata.org/entity/Q7654105,Swazi traditional music,1
http://www.wikidata.org/entity/Q7654953,Swedish folk music,3
http://www.wikidata.org/entity/Q7655004,Swedish jazz,4
http://www.wikidata.org/entity/Q7663198,Syriac sacral music,7
http://www.wikidata.org/entity/Q7663254,Syriac chant,2
http://www.wikidata.org/entity/Q7663873,Systems music,1
http://www.wikidata.org/entity/Q7667734,T'ong guitar,1
http://www.wikidata.org/entity/Q7672468,TV track,1
http://www.wikidata.org/entity/Q7675233,Tagh,6
http://www.wikidata.org/entity/Q3008122,cyber metal,5
http://www.wikidata.org/entity/Q3008180,cybergrind,5
http://www.wikidata.org/entity/Q3020766,death country,2
http://www.wikidata.org/entity/Q3021144,deepkho,1
http://www.wikidata.org/entity/Q3023376,Denver sound,1
http://www.wikidata.org/entity/Q3025242,pimba,5
http://www.wikidata.org/entity/Q3026173,diane,2
http://www.wikidata.org/entity/Q3029796,disco-funk,1
http://www.wikidata.org/entity/Q3032090,Salegy,9
http://www.wikidata.org/entity/Q3032212,diva house,9
http://www.wikidata.org/entity/Q3036886,atmospheric doom metal,2
http://www.wikidata.org/entity/Q3039303,dreck-electro,1
http://www.wikidata.org/entity/Q3046632,easycore,4
http://www.wikidata.org/entity/Q3048168,mákina,11
http://www.wikidata.org/entity/Q3050572,electro urban,1
http://www.wikidata.org/entity/Q3052655,low bap,3
http://www.wikidata.org/entity/Q12825187,Kor,1
http://www.wikidata.org/entity/Q12825819,Lapar,1
http://www.wikidata.org/entity/Q12825911,lazgi,9
http://www.wikidata.org/entity/Q12826679,maqom,5
http://www.wikidata.org/entity/Q12832355,youth music,1
http://www.wikidata.org/entity/Q12845743,symphonic mugham,7
http://www.wikidata.org/entity/Q12848437,zerbi mugham,2
http://www.wikidata.org/entity/Q12849794,Şərqi,1
http://www.wikidata.org/entity/Q12873448,Amanes,2
http://www.wikidata.org/entity/Q12876995,Greek folk music,5
http://www.wikidata.org/entity/Q12876996,Greek hip hop,3
http://www.wikidata.org/entity/Q12881663,Neo-Balkan music,1
http://www.wikidata.org/entity/Q12881722,nisiotika,2
http://www.wikidata.org/entity/Q12882577,pagan black metal,1
http://www.wikidata.org/entity/Q12890903,gaga,1
http://www.wikidata.org/entity/Q12978250,Siddhar song,1
http://www.wikidata.org/entity/Q12983511,Tamil rock music,1
http://www.wikidata.org/entity/Q12983518,Tamil hip hop,1
http://www.wikidata.org/entity/Q12984444,Tulsi,1
http://www.wikidata.org/entity/Q13016974,Piphat in twelve languages,1
http://www.wikidata.org/entity/Q13018408,fon leb,1
http://www.wikidata.org/entity/Q1641839,experimental rock,36
http://www.wikidata.org/entity/Q1643549,dance-punk,25
http://www.wikidata.org/entity/Q1646666,mambo,11
http://www.wikidata.org/entity/Q173844,vocal house,4
http://www.wikidata.org/entity/Q174873,cantata,67
http://www.wikidata.org/entity/Q13126989,Welsh music,1
http://www.wikidata.org/entity/Q13164291,red music,6
http://www.wikidata.org/entity/Q13170510,Kyrgyz folk music,1
http://www.wikidata.org/entity/Q13198732,Beluk,1
http://www.wikidata.org/entity/Q13199814,maskumambang,2
http://www.wikidata.org/entity/Q13200231,Rampak Kendang,2
http://www.wikidata.org/entity/Q13212088,Hori,4
http://www.wikidata.org/entity/Q13212139,Venetian popular song,1
http://www.wikidata.org/entity/Q13409536,pantomime,18
http://www.wikidata.org/entity/Q13424679,red and anarchist black metal,8
http://www.wikidata.org/entity/Q13580383,isolationism,3
http://www.wikidata.org/entity/Q13586773,war metal,3
http://www.wikidata.org/entity/Q13627677,psychobilly,25
http://www.wikidata.org/entity/Q2281409,dance-rock,19
http://www.wikidata.org/entity/Q2281713,cantiga,16
http://www.wikidata.org/entity/Q2294872,music of Mozambique,7
http://www.wikidata.org/entity/Q2296495,garage punk,19
http://www.wikidata.org/entity/Q224694,white power music,6
http://www.wikidata.org/entity/Q226887,noh,67
http://www.wikidata.org/entity/Q227036,zouglou,6
http://www.wikidata.org/entity/Q3053954,new flamenco,12
http://www.wikidata.org/entity/Q3056538,Latin house,10
http://www.wikidata.org/entity/Q3062629,extratone,4
http://www.wikidata.org/entity/Q3066180,bouncy techno,5
http://www.wikidata.org/entity/Q3069904,porro,6
http://www.wikidata.org/entity/Q3075498,Honkyoku,7
http://www.wikidata.org/entity/Q3080963,nagauta,10
http://www.wikidata.org/entity/Q3083000,kan ha diskan,9
http://www.wikidata.org/entity/Q7426239,satirical hip hop,1
http://www.wikidata.org/entity/Q7438078,Scottish hip-hop,2
http://www.wikidata.org/entity/Q7438911,screamer,1
http://www.wikidata.org/entity/Q7439349,Scrumpy and Western,3
http://www.wikidata.org/entity/Q7444764,Jewish secular music,2
http://www.wikidata.org/entity/Q7446911,Seis,1
http://www.wikidata.org/entity/Q7450478,Senegalese hip hop,3
http://www.wikidata.org/entity/Q7452955,Serbian rock,2
http://www.wikidata.org/entity/Q7456197,sesube,1
http://www.wikidata.org/entity/Q7482056,Irish folk music,19
http://www.wikidata.org/entity/Q7487815,shan'ge,6
http://www.wikidata.org/entity/Q7489094,Shanto,1
http://www.wikidata.org/entity/Q7496127,shidaiqu,9
http://www.wikidata.org/entity/Q2917227,Israeli rock,6
http://www.wikidata.org/entity/Q2917508,music of Ethiopia,8
http://www.wikidata.org/entity/Q2924151,Bravú,4
http://www.wikidata.org/entity/Q2928716,bushi,2
http://www.wikidata.org/entity/Q2929369,bélé,5
http://www.wikidata.org/entity/Q2932658,cadence-lypso,3
http://www.wikidata.org/entity/Q2936610,Quranic cantillation,1
http://www.wikidata.org/entity/Q2936879,repente,4
http://www.wikidata.org/entity/Q2936886,cantèra,4
http://www.wikidata.org/entity/Q2941721,catch,6
http://www.wikidata.org/entity/Q2956156,Occitan chanson,1
http://www.wikidata.org/entity/Q2956164,Quebec chanson,2
http://www.wikidata.org/entity/Q2956171,chanson réaliste,5
http://www.wikidata.org/entity/Q2340395,indigenous Australian music,6
http://www.wikidata.org/entity/Q2342263,space music,11
http://www.wikidata.org/entity/Q2343030,ritmo kombina,2
http://www.wikidata.org/entity/Q2343562,coldwave,14
http://www.wikidata.org/entity/Q2344472,taqwacore,16
http://www.wikidata.org/entity/Q2344635,Merseybeat,8
http://www.wikidata.org/entity/Q2346484,music of Morocco,11
http://www.wikidata.org/entity/Q135637,chiptune,30
http://www.wikidata.org/entity/Q138020,French hip-hop,10
http://www.wikidata.org/entity/Q1692318,modinha,10
http://www.wikidata.org/entity/Q1695023,alternative music,10
http://www.wikidata.org/entity/Q1702909,raga rock,19
http://www.wikidata.org/entity/Q1713462,Jungle-style,4
http://www.wikidata.org/entity/Q1715700,Jùjú music,15
http://www.wikidata.org/entity/Q1716019,Jewish music,18
http://www.wikidata.org/entity/Q2296521,Early Norwegian black metal scene,17
http://www.wikidata.org/entity/Q2299060,vocalese,9
http://www.wikidata.org/entity/Q2299227,Dutch folk music,1
http://www.wikidata.org/entity/Q2302695,tech trance,13
http://www.wikidata.org/entity/Q2304103,Sound of Frankfurt,1
http://www.wikidata.org/entity/Q2307786,huayno,14
http://www.wikidata.org/entity/Q2324411,geek rock,12
http://www.wikidata.org/entity/Q2329445,Stambeli,5
http://www.wikidata.org/entity/Q2332751,avant-garde music,23
http://www.wikidata.org/entity/Q170611,techno,65
http://www.wikidata.org/entity/Q7497655,shinkyoku,2
http://www.wikidata.org/entity/Q7500354,Shona music,3
http://www.wikidata.org/entity/Q7505953,Shyama Sangeet,4
http://www.wikidata.org/entity/Q7513991,Sikuri,4
http://www.wikidata.org/entity/Q7522213,Sindhi music,4
http://www.wikidata.org/entity/Q7523217,Singapore hip hop,1
http://www.wikidata.org/entity/Q7525526,Sioux music,1
http://www.wikidata.org/entity/Q7535166,skiladiko,4
http://www.wikidata.org/entity/Q7541571,Slovak folk music,2
http://www.wikidata.org/entity/Q7541786,Slovenian-style polka,2
http://www.wikidata.org/entity/Q7541854,Slovenian hip hop,5
http://www.wikidata.org/entity/Q7542391,slutwave,0
http://www.wikidata.org/entity/Q7555120,sokkie,6
http://www.wikidata.org/entity/Q7560584,son huasteco,6
http://www.wikidata.org/entity/Q7560585,son jaliscience,2
http://www.wikidata.org/entity/Q7560612,son calentano,3
http://www.wikidata.org/entity/Q7561194,Song poem,1
http://www.wikidata.org/entity/Q7561291,Songo-salsa,1
http://www.wikidata.org/entity/Q155119,cuarteto,8
http://www.wikidata.org/entity/Q155858,music of Ukraine,19
http://www.wikidata.org/entity/Q163491,ars antiqua,32
http://www.wikidata.org/entity/Q163775,medieval music,53
http://www.wikidata.org/entity/Q1730388,Western swing,20
http://www.wikidata.org/entity/Q1735204,cassation,13
http://www.wikidata.org/entity/Q1736883,kwela,10
http://www.wikidata.org/entity/Q1737332,mainstream jazz,10
http://www.wikidata.org/entity/Q132438,black metal,71
http://www.wikidata.org/entity/Q131425,visual kei,43
http://www.wikidata.org/entity/Q131510,mantra,94
http://www.wikidata.org/entity/Q7676613,Taiwanese hip hop,3
http://www.wikidata.org/entity/Q7676623,Taiwanese rock,3
http://www.wikidata.org/entity/Q7676784,tajaraste,2
http://www.wikidata.org/entity/Q7679165,talempong,6
http://www.wikidata.org/entity/Q7681054,Tambor,1
http://www.wikidata.org/entity/Q7681407,koothu,6
http://www.wikidata.org/entity/Q7684171,Tanzanian hip hop,4
http://www.wikidata.org/entity/Q7684951,taqtuqa,3
http://www.wikidata.org/entity/Q7687882,Tatar rock,1
http://www.wikidata.org/entity/Q7690640,Tche music,2
http://www.wikidata.org/entity/Q7692752,tecnocumbia,3
http://www.wikidata.org/entity/Q7694469,teenage tragedy song,1
http://www.wikidata.org/entity/Q7697089,television news music,1
http://www.wikidata.org/entity/Q7701003,Teochew string music,3
http://www.wikidata.org/entity/Q7707946,Texas roadhouse music,1
http://www.wikidata.org/entity/Q7724724,kaboela,1
http://www.wikidata.org/entity/Q7770873,bal-musette,7
http://www.wikidata.org/entity/Q5015165,Ca din tulnic,1
http://www.wikidata.org/entity/Q5018019,Cajun fiddle,1
http://www.wikidata.org/entity/Q5024670,Calypso-style baila,1
http://www.wikidata.org/entity/Q5024683,Calypso War,2
http://www.wikidata.org/entity/Q5030714,Canadian blues,2
http://www.wikidata.org/entity/Q5030825,Canadian jazz,3
http://www.wikidata.org/entity/Q5030866,Canadian punk rock,2
http://www.wikidata.org/entity/Q5031532,Canción mexicana,2
http://www.wikidata.org/entity/Q5033854,Canto livre,1
http://www.wikidata.org/entity/Q5039688,cariso,1
http://www.wikidata.org/entity/Q5054785,Cavalier song,1
http://www.wikidata.org/entity/Q5058545,Celtic chant,3
http://www.wikidata.org/entity/Q5058557,Canadian Celtic music,1
http://www.wikidata.org/entity/Q5060331,music of Central America,1
http://www.wikidata.org/entity/Q5063233,Ceol Meadhonach,1
http://www.wikidata.org/entity/Q5068130,Chaiti,8
http://www.wikidata.org/entity/Q5069474,chamarrita,5
http://www.wikidata.org/entity/Q5069525,chamber jazz,7
http://www.wikidata.org/entity/Q5070237,Chamrieng Samai,3
http://www.wikidata.org/entity/Q5071702,changa tuki,3
http://www.wikidata.org/entity/Q5072584,Chanson pour boire,1
http://www.wikidata.org/entity/Q5072696,Chanté mas,1
http://www.wikidata.org/entity/Q14493900,Texas country music,3
http://www.wikidata.org/entity/Q14541561,Serbian traditional folk music,1
http://www.wikidata.org/entity/Q14546558,neo-bop jazz,7
http://www.wikidata.org/entity/Q14942341,R'n'Besk,2
http://www.wikidata.org/entity/Q15042720,copla,14
http://www.wikidata.org/entity/Q15056301,yayue,10
http://www.wikidata.org/entity/Q15077165,sinfonietta,10
http://www.wikidata.org/entity/Q2961759,Moroccan chaabi,6
http://www.wikidata.org/entity/Q2961763,chaabi,7
http://www.wikidata.org/entity/Q2961766,Algerian chaabi,10
http://www.wikidata.org/entity/Q2963337,Chicago hip-hop,2
http://www.wikidata.org/entity/Q2963621,chillstep,5
http://www.wikidata.org/entity/Q2976236,classic rag,2
http://www.wikidata.org/entity/Q2976911,Klepht song,4
http://www.wikidata.org/entity/Q2978696,clawhammer,4
http://www.wikidata.org/entity/Q2981079,music of the Czech Republic,12
http://www.wikidata.org/entity/Q177447,West Coast blues,10
http://www.wikidata.org/entity/Q177771,threnody,14
http://www.wikidata.org/entity/Q13025595,e-saew song,1
http://www.wikidata.org/entity/Q13025600,Thai classical music,1
http://www.wikidata.org/entity/Q13026479,Phleng Lae,1
http://www.wikidata.org/entity/Q13034199,Afrikaans music,1
http://www.wikidata.org/entity/Q13034229,alternative Afrikaans music,1
http://www.wikidata.org/entity/Q13037709,Borrohite,1
http://www.wikidata.org/entity/Q13053792,Horovel,2
http://www.wikidata.org/entity/Q13057711,Mass song,1
http://www.wikidata.org/entity/Q13058900,baul gaan,2
http://www.wikidata.org/entity/Q13059993,Sari gan,2
http://www.wikidata.org/entity/Q13060093,Sufi rock,10
http://www.wikidata.org/entity/Q13072955,Myanmar song,1
http://www.wikidata.org/entity/Q13093595,Jaranan Buto,2
http://www.wikidata.org/entity/Q13095033,megatruh,2
http://www.wikidata.org/entity/Q13095109,mijil,2
http://www.wikidata.org/entity/Q13095730,pangkur,2
http://www.wikidata.org/entity/Q13096243,pocung,2
http://www.wikidata.org/entity/Q13097848,tembang gedhe,1
http://www.wikidata.org/entity/Q13097850,tembang dolanan,1
http://www.wikidata.org/entity/Q13097854,tembang bocah,2
http://www.wikidata.org/entity/Q13097856,tembang kabangsan,1
http://www.wikidata.org/entity/Q13098544,wirangrong,2
http://www.wikidata.org/entity/Q13118900,Powada,6
http://www.wikidata.org/entity/Q2336819,operatic pop,14
http://www.wikidata.org/entity/Q2337447,meditation music,7
http://www.wikidata.org/entity/Q2338544,cante jondo,10
http://www.wikidata.org/entity/Q3084222,hard techno,7
http://www.wikidata.org/entity/Q3085344,music of Peru,9
http://www.wikidata.org/entity/Q3089524,huapango,9
http://www.wikidata.org/entity/Q3090876,funaná,8
http://www.wikidata.org/entity/Q3091180,shashmaqam,24
http://www.wikidata.org/entity/Q164444,funk,76
http://www.wikidata.org/entity/Q7774408,Madih nabawi,8
http://www.wikidata.org/entity/Q7777494,theatre music,9
http://www.wikidata.org/entity/Q7800608,desert blues,6
http://www.wikidata.org/entity/Q7801106,Tierra Caliente music,2
http://www.wikidata.org/entity/Q7810544,tizita,5
http://www.wikidata.org/entity/Q7832290,Gaelic folk music,1
http://www.wikidata.org/entity/Q7832297,traditional Japanese music,8
http://www.wikidata.org/entity/Q7832302,traditional Nordic dance music,5
http://www.wikidata.org/entity/Q1208331,Gebrauchsmusik,13
http://www.wikidata.org/entity/Q1208448,dialogue,1
http://www.wikidata.org/entity/Q1210921,music of Indonesia,15
http://www.wikidata.org/entity/Q1217862,Die anderen Bands,2
http://www.wikidata.org/entity/Q1227093,Bilbainada,5
http://www.wikidata.org/entity/Q1228230,Dutch house,8
http://www.wikidata.org/entity/Q1229479,lamentation,7
http://www.wikidata.org/entity/Q1230604,divertissement,7
http://www.wikidata.org/entity/Q1298412,music of Guatemala,3
http://www.wikidata.org/entity/Q1298934,synth-pop,53
http://www.wikidata.org/entity/Q1299260,roots reggae,17
http://www.wikidata.org/entity/Q2346991,UK bass,4
http://www.wikidata.org/entity/Q2347119,music of Belarus,7
http://www.wikidata.org/entity/Q2350507,stochastic music,4
http://www.wikidata.org/entity/Q2352315,storytelling rap,1
http://www.wikidata.org/entity/Q2353203,straight-ahead jazz,8
http://www.wikidata.org/entity/Q2354912,street music,4
http://www.wikidata.org/entity/Q2358064,Stubenmusik,1
http://www.wikidata.org/entity/Q700440,Schrammelmusik,14
http://www.wikidata.org/entity/Q700805,nanguan,15
http://www.wikidata.org/entity/Q703778,neo-psychedelia,20
http://www.wikidata.org/entity/Q706468,samul nori,14
http://www.wikidata.org/entity/Q1678395,hunting signal,1
http://www.wikidata.org/entity/Q1682210,mundart rock,2
http://www.wikidata.org/entity/Q1682783,Turkish music style,8
http://www.wikidata.org/entity/Q1683348,Japanese hip-hop,9
http://www.wikidata.org/entity/Q1684441,jazz trombone,4
http://www.wikidata.org/entity/Q1684501,jazz of the United States,1
http://www.wikidata.org/entity/Q1684520,jazz blues,9
http://www.wikidata.org/entity/Q1684532,jazz guitar,13
http://www.wikidata.org/entity/Q1684559,jazz trumpet,1
http://www.wikidata.org/entity/Q13634037,samba-jazz,6
http://www.wikidata.org/entity/Q13646229,gothic music,3
http://www.wikidata.org/entity/Q13866613,music of Kurdistan,1
http://www.wikidata.org/entity/Q13980030,paahan chare,1
http://www.wikidata.org/entity/Q14390274,tango,20
http://www.wikidata.org/entity/Q677542,riot grrrl,37
http://www.wikidata.org/entity/Q681379,New German School,13
http://www.wikidata.org/entity/Q682417,sogak,3
http://www.wikidata.org/entity/Q685884,vocal music,40
http://www.wikidata.org/entity/Q1737691,Kecak,21
http://www.wikidata.org/entity/Q1738175,Schaffel,3
http://www.wikidata.org/entity/Q1742770,urban blues,3
http://www.wikidata.org/entity/Q1744304,sound collage,7
http://www.wikidata.org/entity/Q1744327,sound art,25
http://www.wikidata.org/entity/Q1744659,Cuban salsa,9
http://www.wikidata.org/entity/Q140222,zajal,20
http://www.wikidata.org/entity/Q140544,toccata,41
http://www.wikidata.org/entity/Q141459,conscious hip-hop,10
http://www.wikidata.org/entity/Q1303892,hokum,5
http://www.wikidata.org/entity/Q1307555,punk'n'roll,2
http://www.wikidata.org/entity/Q1309336,classic female blues,13
http://www.wikidata.org/entity/Q1314422,sacred concerto,3
http://www.wikidata.org/entity/Q1317816,indie folk,30
http://www.wikidata.org/entity/Q1323698,Indian classical music,45
http://www.wikidata.org/entity/Q1752801,Rock in Opposition,15
http://www.wikidata.org/entity/Q1753071,maracatu,11
http://www.wikidata.org/entity/Q1753803,mor lam,19
http://www.wikidata.org/entity/Q1754592,nerdcore,11
http://www.wikidata.org/entity/Q1755959,Sufi music,8
http://www.wikidata.org/entity/Q3111428,gospel blues,5
http://www.wikidata.org/entity/Q3114644,music of Australia,9
http://www.wikidata.org/entity/Q3116754,grindie,5
http://www.wikidata.org/entity/Q3117305,group sounds,9
http://www.wikidata.org/entity/Q3121396,Basque radical rock,7
http://www.wikidata.org/entity/Q3128751,Hawfi,2
http://www.wikidata.org/entity/Q3129432,heikyoku,2
http://www.wikidata.org/entity/Q3135787,American hip-hop,2
http://www.wikidata.org/entity/Q708228,Korean court music,8
http://www.wikidata.org/entity/Q710425,nakasi,6
http://www.wikidata.org/entity/Q710673,aak,13
http://www.wikidata.org/entity/Q710917,sanjo,8
http://www.wikidata.org/entity/Q716060,music of Korea,18
http://www.wikidata.org/entity/Q717080,Changgeuk,9
http://www.wikidata.org/entity/Q106621114,dark folk,1
http://www.wikidata.org/entity/Q106626501,algysh,1
http://www.wikidata.org/entity/Q106626655,Tatar music,0
http://www.wikidata.org/entity/Q106626777,Mordovian music,2
http://www.wikidata.org/entity/Q106634246,Irish showband,0
http://www.wikidata.org/entity/Q106634508,junkanoo,1
http://www.wikidata.org/entity/Q106634883,kulintang,5
http://www.wikidata.org/entity/Q106634926,future bounce,1
http://www.wikidata.org/entity/Q106634944,festival progressive house,0
http://www.wikidata.org/entity/Q106634977,thug rap,0
http://www.wikidata.org/entity/Q106634987,Chinese classical music,1
http://www.wikidata.org/entity/Q106635221,West Asian folk music,0
http://www.wikidata.org/entity/Q106635234,Asian folk music,0
http://www.wikidata.org/entity/Q106636250,futuristic swag,0
http://www.wikidata.org/entity/Q106636283,jungle dutch,0
http://www.wikidata.org/entity/Q106636289,breakbeat kota,0
http://www.wikidata.org/entity/Q106641524,aboio cantado,0
http://www.wikidata.org/entity/Q106641525,Celtic electronica,0
http://www.wikidata.org/entity/Q106641530,acoustic Chicago blues,0
http://www.wikidata.org/entity/Q106641536,Afro-funk,0
http://www.wikidata.org/entity/Q106641570,Akan music,0
http://www.wikidata.org/entity/Q106641595,Albanian folk music,0
http://www.wikidata.org/entity/Q106642094,Atlanta bass,0
http://www.wikidata.org/entity/Q106642120,Bashkir folk music,0
http://www.wikidata.org/entity/Q7832321,traditional bluegrass,3
http://www.wikidata.org/entity/Q7832354,Kosovan folk music,1
http://www.wikidata.org/entity/Q7844612,tribal guarachero,3
http://www.wikidata.org/entity/Q7845403,Tromsø techno scene,1
http://www.wikidata.org/entity/Q7847070,cifra,2
http://www.wikidata.org/entity/Q7847156,truck-driving country,2
http://www.wikidata.org/entity/Q7849239,trường ca,2
http://www.wikidata.org/entity/Q7849348,tsamassi,2
http://www.wikidata.org/entity/Q7855391,Turkish pop,5
http://www.wikidata.org/entity/Q7858125,Twin Cities hip hop,1
http://www.wikidata.org/entity/Q7878542,Ukrainian hip hop,3
http://www.wikidata.org/entity/Q7883674,underground dance music,1
http://www.wikidata.org/entity/Q7899987,Urban Qawwali,1
http://www.wikidata.org/entity/Q7901502,Uruguayan punk,0
http://www.wikidata.org/entity/Q106594174,uptempo hardcore,2
http://www.wikidata.org/entity/Q106594177,utopian virtual,0
http://www.wikidata.org/entity/Q106594523,Latin freestyle,0
http://www.wikidata.org/entity/Q106594706,cinematic classical,0
http://www.wikidata.org/entity/Q106594784,sass,2
http://www.wikidata.org/entity/Q106594814,sertanejo de raiz,0
http://www.wikidata.org/entity/Q106594830,sertanejo romântico,0
http://www.wikidata.org/entity/Q106595599,music of Northeast Africa,0
http://www.wikidata.org/entity/Q106602422,Assaggio,1
http://www.wikidata.org/entity/Q106621063,symphonic prog,0
http://www.wikidata.org/entity/Q1746023,piano quintet,15
http://www.wikidata.org/entity/Q1750049,modern jazz,6
http://www.wikidata.org/entity/Q1750088,UK82,2
http://www.wikidata.org/entity/Q1751409,2-step garage,13
http://www.wikidata.org/entity/Q1751782,Nashville sound,19
http://www.wikidata.org/entity/Q1752683,soukous,21
http://www.wikidata.org/entity/Q1273641,punk pathetique,7
http://www.wikidata.org/entity/Q1275972,raggacore,7
http://www.wikidata.org/entity/Q1277532,early reggae,7
http://www.wikidata.org/entity/Q1278710,trivial music,2
http://www.wikidata.org/entity/Q1288193,cantilena,16
http://www.wikidata.org/entity/Q1293057,Protestant hymn,4
http://www.wikidata.org/entity/Q1294481,passamezzo,10
http://www.wikidata.org/entity/Q1799871,uzun hava,4
http://www.wikidata.org/entity/Q1801496,St. Louis blues,10
http://www.wikidata.org/entity/Q1804789,wave,1
http://www.wikidata.org/entity/Q1808721,sound poetry,15
http://www.wikidata.org/entity/Q1810546,Turkish folk music,8
http://www.wikidata.org/entity/Q1811682,New Weird America,12
http://www.wikidata.org/entity/Q1815364,makossa,13
http://www.wikidata.org/entity/Q1778129,San Francisco Sound,6
http://www.wikidata.org/entity/Q1779217,cantiga de escarnio e maldizer,6
http://www.wikidata.org/entity/Q1779294,space age pop,11
http://www.wikidata.org/entity/Q1779319,cantiga de amor,6
http://www.wikidata.org/entity/Q1780056,norteño,9
http://www.wikidata.org/entity/Q1781796,sega,18
http://www.wikidata.org/entity/Q1784032,viking rock,9
http://www.wikidata.org/entity/Q724010,Ashiqs of Azerbaijan,22
http://www.wikidata.org/entity/Q724104,music of Azerbaijan,26
http://www.wikidata.org/entity/Q724473,chorale,34
http://www.wikidata.org/entity/Q2373197,Swiss wave,1
http://www.wikidata.org/entity/Q2374619,UK hardcore,8
http://www.wikidata.org/entity/Q2378916,music of Corsica,4
http://www.wikidata.org/entity/Q2379556,Armenian chant,11
http://www.wikidata.org/entity/Q2379616,Arabesque pop,2
http://www.wikidata.org/entity/Q2381945,music of Slovakia,8
http://www.wikidata.org/entity/Q7409969,Samoan hip-hop,1
http://www.wikidata.org/entity/Q7410145,sampledelia,5
http://www.wikidata.org/entity/Q7410295,samri,4
http://www.wikidata.org/entity/Q7417910,Sangeet Natak,4
http://www.wikidata.org/entity/Q7418014,Sangini,6
http://www.wikidata.org/entity/Q7420501,Santo Daime hymns,1
http://www.wikidata.org/entity/Q7424751,Sarva,1
http://www.wikidata.org/entity/Q7425759,Sasanian music,5
http://www.wikidata.org/entity/Q1771297,English folk music,3
http://www.wikidata.org/entity/Q1772422,stoner metal,4
http://www.wikidata.org/entity/Q1773654,country folk,6
http://www.wikidata.org/entity/Q1775316,progg,8
http://www.wikidata.org/entity/Q1775526,Contradanza,6
http://www.wikidata.org/entity/Q1777052,Cyclic mass,4
http://www.wikidata.org/entity/Q25578673,modern Javanese tembang,1
http://www.wikidata.org/entity/Q25579315,rock astur,1
http://www.wikidata.org/entity/Q25611806,iroq,1
http://www.wikidata.org/entity/Q25616123,lúibín,1
http://www.wikidata.org/entity/Q25619728,Spanish raw punk,1
http://www.wikidata.org/entity/Q25620807,dohori,5
http://www.wikidata.org/entity/Q25624527,luddi,3
http://www.wikidata.org/entity/Q25629962,kawih,1
http://www.wikidata.org/entity/Q25683514,Qaraami,3
http://www.wikidata.org/entity/Q25702306,Karakalpak folk song,2
http://www.wikidata.org/entity/Q25705473,New Year's kalanta,1
http://www.wikidata.org/entity/Q25705835,Tshikona,1
http://www.wikidata.org/entity/Q26234147,Afro trap,6
http://www.wikidata.org/entity/Q26280189,Galician rumba,3
http://www.wikidata.org/entity/Q26302245,music of the Nordic countries,1
http://www.wikidata.org/entity/Q26897135,functional music,3
http://www.wikidata.org/entity/Q1784106,powerviolence,15
http://www.wikidata.org/entity/Q1785028,sleaze rock,7
http://www.wikidata.org/entity/Q1785243,Long song,16
http://www.wikidata.org/entity/Q1786724,marrabenta,10
http://www.wikidata.org/entity/Q1790876,Cuban hip hop,3
http://www.wikidata.org/entity/Q1793004,Kurdish music,11
http://www.wikidata.org/entity/Q1795903,Kölschrock,1
http://www.wikidata.org/entity/Q1797650,son jarocho,7
http://www.wikidata.org/entity/Q1798870,pagan folk,2
http://www.wikidata.org/entity/Q3163340,Afro-Cuban jazz,10
http://www.wikidata.org/entity/Q665286,luk thung,16
http://www.wikidata.org/entity/Q667659,funk metal,38
http://www.wikidata.org/entity/Q668657,rock and roll revival,3
http://www.wikidata.org/entity/Q669738,yass,8
http://www.wikidata.org/entity/Q1232283,villancico,22
http://www.wikidata.org/entity/Q1233698,Harmonie,6
http://www.wikidata.org/entity/Q1234748,retro-prog,1
http://www.wikidata.org/entity/Q1236108,epinikion,16
http://www.wikidata.org/entity/Q1236268,music of Croatia,11
http://www.wikidata.org/entity/Q1242484,doomcore,4
http://www.wikidata.org/entity/Q1243254,lento violento,10
http://www.wikidata.org/entity/Q15077373,Neues Geistliches Lied,2
http://www.wikidata.org/entity/Q15084768,love metal,1
http://www.wikidata.org/entity/Q15141477,proto-metal,6
http://www.wikidata.org/entity/Q15221176,music of Guadeloupe,1
http://www.wikidata.org/entity/Q15256913,Chuvash music,3
http://www.wikidata.org/entity/Q15300817,big room house,15
http://www.wikidata.org/entity/Q15306187,Corrido,1
http://www.wikidata.org/entity/Q15356546,Hakkapop,5
http://www.wikidata.org/entity/Q15357587,early dancehall,1
http://www.wikidata.org/entity/Q15357632,early ragga,2
http://www.wikidata.org/entity/Q15362491,moresca,15
http://www.wikidata.org/entity/Q18225375,Qaytarma,15
http://www.wikidata.org/entity/Q18242331,candomblé song,1
http://www.wikidata.org/entity/Q18278642,new funk,1
http://www.wikidata.org/entity/Q18324847,Kievan chant,4
http://www.wikidata.org/entity/Q18342587,tropical house,24
http://www.wikidata.org/entity/Q18345375,Latin music,15
http://www.wikidata.org/entity/Q3135790,Algerian hip hop,5
http://www.wikidata.org/entity/Q3135791,Ivorian hip hop,2
http://www.wikidata.org/entity/Q3135792,orchestral hip hop,1
http://www.wikidata.org/entity/Q3135793,Middle Eastern hip hop,3
http://www.wikidata.org/entity/Q3135794,Quebec hip hop,1
http://www.wikidata.org/entity/Q3135796,Brazilian hip-hop,4
http://www.wikidata.org/entity/Q3135799,Togolese hip hop,2
http://www.wikidata.org/entity/Q3135801,Serbian hip-hop,4
http://www.wikidata.org/entity/Q3135807,hip hop tuga,4
http://www.wikidata.org/entity/Q3140141,honky tonk,7
http://www.wikidata.org/entity/Q3141414,Hawzi,4
http://www.wikidata.org/entity/Q3141879,huaylarsh,4
http://www.wikidata.org/entity/Q3151435,Innu folk music,1
http://www.wikidata.org/entity/Q3160589,Jaipongan,12
http://www.wikidata.org/entity/Q2360319,kujawiak,21
http://www.wikidata.org/entity/Q2362669,kwassa kwassa,5
http://www.wikidata.org/entity/Q2363645,music of Serbia,11
http://www.wikidata.org/entity/Q2365784,fidget house,5
http://www.wikidata.org/entity/Q2369761,salon music,16
http://www.wikidata.org/entity/Q2370159,Ukrainian rock,10
http://www.wikidata.org/entity/Q2371268,kveding,1
http://www.wikidata.org/entity/Q718540,gagaku,34
http://www.wikidata.org/entity/Q719927,symphonic rock,31
http://www.wikidata.org/entity/Q720959,sludge metal,36
http://www.wikidata.org/entity/Q3092733,Portuguese rock,5
http://www.wikidata.org/entity/Q3094259,Scottish Gaelic punk,6
http://www.wikidata.org/entity/Q3098078,J-core,10
http://www.wikidata.org/entity/Q3098694,Gasba music,3
http://www.wikidata.org/entity/Q3106448,zamba,14
http://www.wikidata.org/entity/Q3108920,glitch hop,8
http://www.wikidata.org/entity/Q3109641,music of East Timor,6
http://www.wikidata.org/entity/Q3109918,Gosos,10
http://www.wikidata.org/entity/Q3110519,music of Estonia,10
http://www.wikidata.org/entity/Q6942003,music of Aragon,2
http://www.wikidata.org/entity/Q6942010,music of Bahrain,4
http://www.wikidata.org/entity/Q6942011,music of Badakhshan,3
http://www.wikidata.org/entity/Q6942012,music of Bali,4
http://www.wikidata.org/entity/Q6942022,Bollywood film music,8
http://www.wikidata.org/entity/Q6942028,music of Burkina Faso,4
http://www.wikidata.org/entity/Q6942031,music of Cambodia,7
http://www.wikidata.org/entity/Q6942037,music of Canada,7
http://www.wikidata.org/entity/Q17995885,technical metal,1
http://www.wikidata.org/entity/Q17995961,mobb music,3
http://www.wikidata.org/entity/Q17996401,paso huanquilla,3
http://www.wikidata.org/entity/Q18110001,Azerbaijani pop,6
http://www.wikidata.org/entity/Q18126823,Kilippattu,3
http://www.wikidata.org/entity/Q18126969,Krishnacore,2
http://www.wikidata.org/entity/Q18129813,music of Egypt,19
http://www.wikidata.org/entity/Q18163148,Iranian jazz,4
http://www.wikidata.org/entity/Q18170752,canto nuevo,1
http://www.wikidata.org/entity/Q18191937,Jewish western art music,2
http://www.wikidata.org/entity/Q18204859,Igbo rap,5
http://www.wikidata.org/entity/Q18205078,Azerbaijani classical music,4
http://www.wikidata.org/entity/Q18205595,BMG movement,1
http://www.wikidata.org/entity/Q18207423,rhythm & praise music,1
http://www.wikidata.org/entity/Q18208255,Igbo highlife,5
http://www.wikidata.org/entity/Q18217098,New Mexico music,2
http://www.wikidata.org/entity/Q1265050,terrorcore,12
http://www.wikidata.org/entity/Q1265067,Dumka,12
http://www.wikidata.org/entity/Q1268283,Romani music,31
http://www.wikidata.org/entity/Q1269729,Chicago soul,6
http://www.wikidata.org/entity/Q1270332,Danish hip hop,2
http://www.wikidata.org/entity/Q1271752,Texas blues,19
http://www.wikidata.org/entity/Q10683897,Sunkadelica,1
http://www.wikidata.org/entity/Q10690617,tango waltz,1
http://www.wikidata.org/entity/Q10730335,A-pop,2
http://www.wikidata.org/entity/Q10743749,Vietnamese folk song,2
http://www.wikidata.org/entity/Q10748669,plastic soul,5
http://www.wikidata.org/entity/Q10750971,nardcore,4
http://www.wikidata.org/entity/Q10752660,ancient Chinese music,0
http://www.wikidata.org/entity/Q10757361,Vietnamese folk music,1
http://www.wikidata.org/entity/Q10770854,Ví and Giặm folk songs of Nghệ Tĩnh,1
http://www.wikidata.org/entity/Q10770871,xoan singing,4
http://www.wikidata.org/entity/Q10801090,Vietnamese diasporic music,2
http://www.wikidata.org/entity/Q10801096,Purple music,2
http://www.wikidata.org/entity/Q10801097,nhạc trẻ,1
http://www.wikidata.org/entity/Q10811025,national anthem music,1
http://www.wikidata.org/entity/Q10830180,tuồng,9
http://www.wikidata.org/entity/Q10831132,tình khúc 1954-1975,1
http://www.wikidata.org/entity/Q10836741,xẩm,4
http://www.wikidata.org/entity/Q15410867,Nazrul Geeti,8
http://www.wikidata.org/entity/Q15425371,Bordun music,0
http://www.wikidata.org/entity/Q15614479,East Asian court ceremonial music,2
http://www.wikidata.org/entity/Q15623112,Zapateado,10
http://www.wikidata.org/entity/Q15629158,medieval metal,8
http://www.wikidata.org/entity/Q1207347,Shibuya-kei,17
http://www.wikidata.org/entity/Q1374731,Eurodisco,28
http://www.wikidata.org/entity/Q1378776,music of Ireland,22
http://www.wikidata.org/entity/Q1379958,contemporary Christian music,19
http://www.wikidata.org/entity/Q1243912,quodlibet,19
http://www.wikidata.org/entity/Q1245536,tuna,11
http://www.wikidata.org/entity/Q1245902,spectral music,12
http://www.wikidata.org/entity/Q1247105,singjay,7
http://www.wikidata.org/entity/Q1249907,Roma jazz,1
http://www.wikidata.org/entity/Q1252451,Montuno,4
http://www.wikidata.org/entity/Q1253172,Southern hip-hop,17
http://www.wikidata.org/entity/Q1817297,Nangma,5
http://www.wikidata.org/entity/Q1818108,chakroelo,0
http://www.wikidata.org/entity/Q1840167,witch house,19
http://www.wikidata.org/entity/Q1849006,Houston hip-hop,3
http://www.wikidata.org/entity/Q1859194,Geordie,1
http://www.wikidata.org/entity/Q1866223,live electronic music,9
http://www.wikidata.org/entity/Q6864975,Mini-jazz,4
http://www.wikidata.org/entity/Q6865341,minimal wave,5
http://www.wikidata.org/entity/Q6868046,Minneapolis sound,6
http://www.wikidata.org/entity/Q6873842,Libyan mawwal,1
http://www.wikidata.org/entity/Q1328468,fauxbourdon,23
http://www.wikidata.org/entity/Q1328560,trallpunk,8
http://www.wikidata.org/entity/Q1335045,embolada,5
http://www.wikidata.org/entity/Q1335569,techstep,15
http://www.wikidata.org/entity/Q1337498,Kontakion,27
http://www.wikidata.org/entity/Q1337973,Swiss hip hop,4
http://www.wikidata.org/entity/Q1346068,Swang,9
http://www.wikidata.org/entity/Q1348260,Kagura,25
http://www.wikidata.org/entity/Q1353390,background music,20
http://www.wikidata.org/entity/Q1357775,Geisslerlieder,4
http://www.wikidata.org/entity/Q1361883,Trecento Madrigal,6
http://www.wikidata.org/entity/Q1361891,jōruri,14
http://www.wikidata.org/entity/Q691771,overtone singing,25
http://www.wikidata.org/entity/Q693322,komagaku,8
http://www.wikidata.org/entity/Q700423,Austropop,10
http://www.wikidata.org/entity/Q1756101,nu skool breaks,8
http://www.wikidata.org/entity/Q1756680,songo music,8
http://www.wikidata.org/entity/Q1759189,mangue bit,12
http://www.wikidata.org/entity/Q1760256,shōmyō,10
http://www.wikidata.org/entity/Q1762761,Finnish tango,10
http://www.wikidata.org/entity/Q1763023,Miroloi,1
http://www.wikidata.org/entity/Q1766836,Polska,10
http://www.wikidata.org/entity/Q1770695,Hindustani classical music,28
http://www.wikidata.org/entity/Q1253861,bećarac,16
http://www.wikidata.org/entity/Q1258366,tower music,4
http://www.wikidata.org/entity/Q1259016,drill and bass,13
http://www.wikidata.org/entity/Q1262697,mento,19
http://www.wikidata.org/entity/Q1262781,dub techno,9
http://www.wikidata.org/entity/Q1325944,electro,1
http://www.wikidata.org/entity/Q1325963,electro funk,3
http://www.wikidata.org/entity/Q1325966,electro wave,3
http://www.wikidata.org/entity/Q1326777,electroacoustic music,30
http://www.wikidata.org/entity/Q25448187,Czech national classical music,1
http://www.wikidata.org/entity/Q25448883,pagode baiano,5
http://www.wikidata.org/entity/Q25456501,pop melayu,7
http://www.wikidata.org/entity/Q25458248,bantengan,2
http://www.wikidata.org/entity/Q25483671,Bulgarian jazz,4
http://www.wikidata.org/entity/Q25504971,rhythm music,1
http://www.wikidata.org/entity/Q25513043,Kazakh folk music,1
http://www.wikidata.org/entity/Q25519933,sus xotin,1
http://www.wikidata.org/entity/Q25531130,Ashula,2
http://www.wikidata.org/entity/Q25537138,Kham Muang folk song,1
http://www.wikidata.org/entity/Q25539725,ethno metal,1
http://www.wikidata.org/entity/Q25540245,Pashto music,3
http://www.wikidata.org/entity/Q25551410,Mangala music,1
http://www.wikidata.org/entity/Q25554481,punk music,1
http://www.wikidata.org/entity/Q25573027,arman küülör,1
http://www.wikidata.org/entity/Q672134,music of France,13
http://www.wikidata.org/entity/Q674684,sevdalinka,27
http://www.wikidata.org/entity/Q675553,swamp rock,13
http://www.wikidata.org/entity/Q18358825,Verso,1
http://www.wikidata.org/entity/Q18358879,outsider house,5
http://www.wikidata.org/entity/Q18370965,Pinoy pop,11
http://www.wikidata.org/entity/Q18379604,Christian electronic dance music,3
http://www.wikidata.org/entity/Q18391540,Christian R&B,1
http://www.wikidata.org/entity/Q18393891,reggaestep,4
http://www.wikidata.org/entity/Q18398185,Athabaskan fiddle,1
http://www.wikidata.org/entity/Q18406550,ovsenki,2
http://www.wikidata.org/entity/Q18432631,neurohop,1
http://www.wikidata.org/entity/Q18464783,bugio,1
http://www.wikidata.org/entity/Q18465009,Chula (Bahia),2
http://www.wikidata.org/entity/Q18466722,cacuriá,2
http://www.wikidata.org/entity/Q18473388,colá,2
http://www.wikidata.org/entity/Q18534490,Kanhaiya Geet,3
http://www.wikidata.org/entity/Q18582315,baile chino,2
http://www.wikidata.org/entity/Q18660751,Manserock,2
http://www.wikidata.org/entity/Q18690116,Finland's political singing movement,2
http://www.wikidata.org/entity/Q18702741,bogino duu,3
http://www.wikidata.org/entity/Q18915482,mincecore,2
http://www.wikidata.org/entity/Q1338153,20th-century classical music,27
http://www.wikidata.org/entity/Q1339027,dream trance,16
http://www.wikidata.org/entity/Q1339121,contemporary worship music,15
http://www.wikidata.org/entity/Q26906566,Beat poetry,0
http://www.wikidata.org/entity/Q27103155,Finnish classical music,0
http://www.wikidata.org/entity/Q27345019,bass house,6
http://www.wikidata.org/entity/Q27961199,moombahsoul,2
http://www.wikidata.org/entity/Q27973183,Schwobarock,1
http://www.wikidata.org/entity/Q28017865,Sabanera music,1
http://www.wikidata.org/entity/Q28039559,Domestic chant,2
http://www.wikidata.org/entity/Q28055053,Q-pop,15
http://www.wikidata.org/entity/Q28070612,blackened crust,1
http://www.wikidata.org/entity/Q28102012,disco-pop,1
http://www.wikidata.org/entity/Q28129954,music of Curaçao,2
http://www.wikidata.org/entity/Q28134285,beatrhyming,1
http://www.wikidata.org/entity/Q28135297,noel,1
http://www.wikidata.org/entity/Q28146601,political music,0
http://www.wikidata.org/entity/Q28147473,bolero salsa,1
http://www.wikidata.org/entity/Q28154356,Bigwala,6
http://www.wikidata.org/entity/Q1406136,Ahellil,10
http://www.wikidata.org/entity/Q1413061,tropicália,22
http://www.wikidata.org/entity/Q1413570,sardana,29
http://www.wikidata.org/entity/Q727803,Canterbury scene,27
http://www.wikidata.org/entity/Q728579,balwo,7
http://www.wikidata.org/entity/Q733804,hands up,13
http://www.wikidata.org/entity/Q739138,teen pop,31
http://www.wikidata.org/entity/Q28458027,hardbass,25
http://www.wikidata.org/entity/Q28490034,hipco,2
http://www.wikidata.org/entity/Q28494769,Breton hymn,3
http://www.wikidata.org/entity/Q28501777,cumbia sinfónica,1
http://www.wikidata.org/entity/Q28502375,cumbión,1
http://www.wikidata.org/entity/Q28502454,Canarian folk music,1
http://www.wikidata.org/entity/Q28517114,Andean music (Colombia),0
http://www.wikidata.org/entity/Q28666781,Bashkir song,3
http://www.wikidata.org/entity/Q28666961,Russian chamber song,1
http://www.wikidata.org/entity/Q28721502,Finnish grime,1
http://www.wikidata.org/entity/Q28746819,bedroom pop,3
http://www.wikidata.org/entity/Q28923934,Konkani liturgical music,2
http://www.wikidata.org/entity/Q28949059,depressive black metal,15
http://www.wikidata.org/entity/Q29025044,psychedelic funk,7
http://www.wikidata.org/entity/Q6942044,music of Central Asia,3
http://www.wikidata.org/entity/Q6942068,music of Ecuador,4
http://www.wikidata.org/entity/Q6942070,music of Eritrea,1
http://www.wikidata.org/entity/Q6942071,music of El Salvador,2
http://www.wikidata.org/entity/Q6942076,music of Fiji,3
http://www.wikidata.org/entity/Q6942095,music of Ghana,6
http://www.wikidata.org/entity/Q6942096,music of Goa,3
http://www.wikidata.org/entity/Q6942105,music of Guinea-Bissau,3
http://www.wikidata.org/entity/Q6942109,Guangdong music,3
http://www.wikidata.org/entity/Q6942110,music of Guyana,1
http://www.wikidata.org/entity/Q6874626,mirror canon,1
http://www.wikidata.org/entity/Q6874634,Mirror fugue,1
http://www.wikidata.org/entity/Q6878168,missa sine nomine,1
http://www.wikidata.org/entity/Q6907397,moombahcore,5
http://www.wikidata.org/entity/Q6908884,mor lam sing,2
http://www.wikidata.org/entity/Q6909347,Moravian Church music,1
http://www.wikidata.org/entity/Q6909358,Moravian folk music,1
http://www.wikidata.org/entity/Q6911419,Moresche,1
http://www.wikidata.org/entity/Q6912671,Mormon folk music,2
http://www.wikidata.org/entity/Q6912676,Mormon music,1
http://www.wikidata.org/entity/Q6918602,motswako,4
http://www.wikidata.org/entity/Q6936014,gamelan munggang,3
http://www.wikidata.org/entity/Q6941842,music for the Requiem Mass,9
http://www.wikidata.org/entity/Q6941917,music of Dagestan,2
http://www.wikidata.org/entity/Q6941949,music of Altai,1
http://www.wikidata.org/entity/Q6941967,music of Sakha,3
http://www.wikidata.org/entity/Q6941994,music of Andorra,5
http://www.wikidata.org/entity/Q19358266,electro latino,1
http://www.wikidata.org/entity/Q19361028,bourrée,1
http://www.wikidata.org/entity/Q19366417,genios de Andalucía,1
http://www.wikidata.org/entity/Q19545411,corsicana,1
http://www.wikidata.org/entity/Q19610934,Croatian pop-folk,1
http://www.wikidata.org/entity/Q19672555,nerd-folk,1
http://www.wikidata.org/entity/Q19678100,nerd music,5
http://www.wikidata.org/entity/Q19703932,jytä,1
http://www.wikidata.org/entity/Q19708376,frat rap,2
http://www.wikidata.org/entity/Q19708604,funk ousadia,3
http://www.wikidata.org/entity/Q19708789,gothic symphonic rock,1
http://www.wikidata.org/entity/Q19708925,Scandinavian death metal,1
http://www.wikidata.org/entity/Q19729536,music of Tegal,1
http://www.wikidata.org/entity/Q19749652,Bhojpuri folk music,1
http://www.wikidata.org/entity/Q19754215,cante alentejano,14
http://www.wikidata.org/entity/Q19815286,Japanese hardcore,3
http://www.wikidata.org/entity/Q19820570,ma'luf,6
http://www.wikidata.org/entity/Q25204037,Paranda,1
http://www.wikidata.org/entity/Q25230739,mahraganat,6
http://www.wikidata.org/entity/Q25312759,Count singing,1
http://www.wikidata.org/entity/Q25313225,Bosstown Sound,1
http://www.wikidata.org/entity/Q25339674,harana,3
http://www.wikidata.org/entity/Q25339858,Afro,2
http://www.wikidata.org/entity/Q25345818,hypnagogic pop,9
http://www.wikidata.org/entity/Q25386691,true-speech chant,1
http://www.wikidata.org/entity/Q25387735,Karachay-Balkar music,2
http://www.wikidata.org/entity/Q25389065,minimal psytrance,2
http://www.wikidata.org/entity/Q25389262,progressive breaks,2
http://www.wikidata.org/entity/Q25393943,fanka,1
http://www.wikidata.org/entity/Q25396338,Prose,1
http://www.wikidata.org/entity/Q25400286,Nyabinghi chanting,1
http://www.wikidata.org/entity/Q25407483,stadium house,2
http://www.wikidata.org/entity/Q25407651,tourist song,1
http://www.wikidata.org/entity/Q25408203,meme techno,1
http://www.wikidata.org/entity/Q25413973,Fandango (Colombia),2
http://www.wikidata.org/entity/Q25415942,minuet,1
http://www.wikidata.org/entity/Q25419286,Gaúcho rock,2
http://www.wikidata.org/entity/Q25419750,novo movimento,1
http://www.wikidata.org/entity/Q25419984,atmospheric death metal,1
http://www.wikidata.org/entity/Q25436215,Crimean Tatar music,8
http://www.wikidata.org/entity/Q753520,Christian rock,36
http://www.wikidata.org/entity/Q721385,drum cadence,4
http://www.wikidata.org/entity/Q721644,da capo aria,17
http://www.wikidata.org/entity/Q722989,Hungarian folk music,7
http://www.wikidata.org/entity/Q723418,cumbia,34
http://www.wikidata.org/entity/Q98528290,garage rock revival,1
http://www.wikidata.org/entity/Q98528291,heavy psych,0
http://www.wikidata.org/entity/Q98528292,atmospheric sludge metal,0
http://www.wikidata.org/entity/Q98528293,mod,0
http://www.wikidata.org/entity/Q98528298,alternative singer-songwriter music,0
http://www.wikidata.org/entity/Q98528299,Liedermacher,0
http://www.wikidata.org/entity/Q98528302,spaghetti western music,0
http://www.wikidata.org/entity/Q98528482,abstract hip-hop,3
http://www.wikidata.org/entity/Q98530850,Tuareg music,0
http://www.wikidata.org/entity/Q98804240,disk drive music,0
http://www.wikidata.org/entity/Q98807065,psalma,2
http://www.wikidata.org/entity/Q98842769,serrieño,0
http://www.wikidata.org/entity/Q98909757,norteño-banda,0
http://www.wikidata.org/entity/Q98915458,bazuinkoor,0
http://www.wikidata.org/entity/Q99077215,Norwegian folk tune,0
http://www.wikidata.org/entity/Q99470350,Campirano,1
http://www.wikidata.org/entity/Q99522324,music of Mayotte,2
http://www.wikidata.org/entity/Q99535386,livđe,3
http://www.wikidata.org/entity/Q99640582,mining brass band,1
http://www.wikidata.org/entity/Q100139647,arrochadeira,4
http://www.wikidata.org/entity/Q100151423,brutal prog,1
http://www.wikidata.org/entity/Q100307135,sikuris de italaque,1
http://www.wikidata.org/entity/Q100321326,Dahira,1
http://www.wikidata.org/entity/Q100330555,steel band music,0
http://www.wikidata.org/entity/Q100330639,steel drum music,0
http://www.wikidata.org/entity/Q100348626,gamelan mandolin,1
http://www.wikidata.org/entity/Q100922002,budots,4
http://www.wikidata.org/entity/Q101002603,traditional music of Dalarna,2
http://www.wikidata.org/entity/Q101002867,mgodro,1
http://www.wikidata.org/entity/Q6942377,music of the Maldives,2
http://www.wikidata.org/entity/Q6942398,music of the Solomon Islands,4
http://www.wikidata.org/entity/Q6950147,Métis fiddle,1
http://www.wikidata.org/entity/Q6950428,música criolla,7
http://www.wikidata.org/entity/Q6956465,Na mele paleoleo,2
http://www.wikidata.org/entity/Q6956569,Naamyam,3
http://www.wikidata.org/entity/Q6966089,Balkan folk music,4
http://www.wikidata.org/entity/Q6979961,Native American hip hop,3
http://www.wikidata.org/entity/Q6981036,Natya Sangeet,1
http://www.wikidata.org/entity/Q6981664,Navajo music,1
http://www.wikidata.org/entity/Q6993291,neomelodic music,2
http://www.wikidata.org/entity/Q6994496,Nepalese hip hop,1
http://www.wikidata.org/entity/Q7005181,new acoustic music,1
http://www.wikidata.org/entity/Q7005540,New Big Band,1
http://www.wikidata.org/entity/Q7010517,new pop,4
http://www.wikidata.org/entity/Q7015151,New Yorkshire,1
http://www.wikidata.org/entity/Q7016386,new blues,1
http://www.wikidata.org/entity/Q7016547,Newar music,4
http://www.wikidata.org/entity/Q107033667,Halloween music,2
http://www.wikidata.org/entity/Q107033785,music of the Pacific Islands,0
http://www.wikidata.org/entity/Q107040857,Jibaro,0
http://www.wikidata.org/entity/Q107044696,Nanbu Ushiouta,1
http://www.wikidata.org/entity/Q107090469,Chechen folk music,0
http://www.wikidata.org/entity/Q107090501,Chicago hard house,0
http://www.wikidata.org/entity/Q107091525,Cornish folk music,0
http://www.wikidata.org/entity/Q107091813,East Coast club,0
http://www.wikidata.org/entity/Q107100828,Candlemas singing in southern Lower Austria,1
http://www.wikidata.org/entity/Q107123896,griot music,0
http://www.wikidata.org/entity/Q17231682,A&D,1
http://www.wikidata.org/entity/Q17231747,Gekijou,1
http://www.wikidata.org/entity/Q17232009,brass rock,1
http://www.wikidata.org/entity/Q17272400,şarkı,1
http://www.wikidata.org/entity/Q17477934,bunde (Panama),1
http://www.wikidata.org/entity/Q17510016,African heavy metal,4
http://www.wikidata.org/entity/Q17513978,Canadian country music,1
http://www.wikidata.org/entity/Q17513988,Canadian folk music,1
http://www.wikidata.org/entity/Q17514023,Canadian hardcore punk,2
http://www.wikidata.org/entity/Q17514029,Canadian heavy metal,2
http://www.wikidata.org/entity/Q17598653,kitchen song,2
http://www.wikidata.org/entity/Q17623202,bunde (Colombia),1
http://www.wikidata.org/entity/Q17624127,capishca,2
http://www.wikidata.org/entity/Q17630580,Izlan,4
http://www.wikidata.org/entity/Q17747244,California Sound,1
http://www.wikidata.org/entity/Q17988509,jazz mugham,2
http://www.wikidata.org/entity/Q17991683,saimon,1
http://www.wikidata.org/entity/Q783097,college rock,26
http://www.wikidata.org/entity/Q783243,Australian hip-hop,4
http://www.wikidata.org/entity/Q783874,nasheed,32
http://www.wikidata.org/entity/Q106642137,black ambient,2
http://www.wikidata.org/entity/Q106647671,poezja śpiewana,0
http://www.wikidata.org/entity/Q106653596,ambient breakbeat,0
http://www.wikidata.org/entity/Q106653610,Aussie rock,0
http://www.wikidata.org/entity/Q106654134,zolo,0
http://www.wikidata.org/entity/Q106654136,zohioliin duu,0
http://www.wikidata.org/entity/Q106654137,zinli,2
http://www.wikidata.org/entity/Q106654144,zeybek,0
http://www.wikidata.org/entity/Q106654149,Yiddish folksong,0
http://www.wikidata.org/entity/Q106654239,weightless,0
http://www.wikidata.org/entity/Q106654247,Vietnamese classical music,0
http://www.wikidata.org/entity/Q106704476,Gamewave,1
http://www.wikidata.org/entity/Q106807843,Rwayes music,3
http://www.wikidata.org/entity/Q106810831,Byzantine chant,0
http://www.wikidata.org/entity/Q106839582,burning spirits,0
http://www.wikidata.org/entity/Q106839650,Detroit sound,0
http://www.wikidata.org/entity/Q106844185,daycore,0
http://www.wikidata.org/entity/Q106860852,Levenspop,1
http://www.wikidata.org/entity/Q106876075,bubbling,2
http://www.wikidata.org/entity/Q106876717,Quechua music,0
http://www.wikidata.org/entity/Q106876811,spaza,0
http://www.wikidata.org/entity/Q106876903,UK street soul,0
http://www.wikidata.org/entity/Q106877744,Philippine classical music,0
http://www.wikidata.org/entity/Q106877947,Cambodian classical music,0
http://www.wikidata.org/entity/Q106877978,Bangladeshi classical music,0
http://www.wikidata.org/entity/Q106877990,harmonica blues,0
http://www.wikidata.org/entity/Q106877999,acoustic Louisiana blues,0
http://www.wikidata.org/entity/Q106878000,acoustic Memphis blues,0
http://www.wikidata.org/entity/Q106878001,acoustic New Orleans blues,0
http://www.wikidata.org/entity/Q106878019,early acoustic blues,0
http://www.wikidata.org/entity/Q106917640,kleinkunst,0
http://www.wikidata.org/entity/Q106922571,cybergoth music,0
http://www.wikidata.org/entity/Q106926276,indigenous American folk music,5
http://www.wikidata.org/entity/Q106926325,Brazilian folk music,0
http://www.wikidata.org/entity/Q106928658,Thai folk music,0
http://www.wikidata.org/entity/Q753679,gangsta rap,36
http://www.wikidata.org/entity/Q756146,Atlanta blues,4
http://www.wikidata.org/entity/Q756956,dark ambient,29
http://www.wikidata.org/entity/Q757143,chill-out music,29
http://www.wikidata.org/entity/Q1420722,partido alto,6
http://www.wikidata.org/entity/Q1422944,Northern band style,1
http://www.wikidata.org/entity/Q1423598,mapalé,7
http://www.wikidata.org/entity/Q98528231,Moorish music,0
http://www.wikidata.org/entity/Q98528232,music of Southern Africa,0
http://www.wikidata.org/entity/Q98528236,tradi-moderne congolais,0
http://www.wikidata.org/entity/Q98528237,Fon music,0
http://www.wikidata.org/entity/Q98528238,Mande music,1
http://www.wikidata.org/entity/Q98528239,Songhai music,0
http://www.wikidata.org/entity/Q98528249,Garifuna folk music,0
http://www.wikidata.org/entity/Q98528251,nyahbinghi,1
http://www.wikidata.org/entity/Q98528252,deejay,3
http://www.wikidata.org/entity/Q98528253,pop reggae,3
http://www.wikidata.org/entity/Q98528260,maqāmic music,0
http://www.wikidata.org/entity/Q98528264,slack-key guitar,0
http://www.wikidata.org/entity/Q98528267,music of South Asia,1
http://www.wikidata.org/entity/Q98528277,Celtic folk music,0
http://www.wikidata.org/entity/Q98528287,Turkic-Mongolic music,0
http://www.wikidata.org/entity/Q1362878,Neue Deutsche Todeskunst,8
http://www.wikidata.org/entity/Q1365482,New Simplicity,6
http://www.wikidata.org/entity/Q1366983,Minnelied,2
http://www.wikidata.org/entity/Q1368139,Esperanto music,18
http://www.wikidata.org/entity/Q1369726,estampie,15
http://www.wikidata.org/entity/Q1370345,musical theater,9
http://www.wikidata.org/entity/Q20021568,Spanish musical revue,1
http://www.wikidata.org/entity/Q20022908,party music,0
http://www.wikidata.org/entity/Q20047305,Melbourne bounce,6
http://www.wikidata.org/entity/Q20102359,Catalan traditional folk music,1
http://www.wikidata.org/entity/Q20102893,cançó de croada,1
http://www.wikidata.org/entity/Q20104443,Catalan popular folk music,1
http://www.wikidata.org/entity/Q20106916,sardana revessa,1
http://www.wikidata.org/entity/Q20108528,Laietana music,1
http://www.wikidata.org/entity/Q20380119,Tibetan Buddhist music,1
http://www.wikidata.org/entity/Q20427186,japga,2
http://www.wikidata.org/entity/Q20427333,ketuk tilu,4
http://www.wikidata.org/entity/Q20438522,Fizeșu Gherlii folk music,1
http://www.wikidata.org/entity/Q20492204,music in Catalan language,2
http://www.wikidata.org/entity/Q113205225,arrocha sertanejo,0
http://www.wikidata.org/entity/Q113324774,vegatone,0
http://www.wikidata.org/entity/Q113324793,kapuka rap,0
http://www.wikidata.org/entity/Q113332645,mumble rock,2
http://www.wikidata.org/entity/Q113436747,yoikrock,0
http://www.wikidata.org/entity/Q113447222,ambient americana,0
http://www.wikidata.org/entity/Q113493820,French electro,0
http://www.wikidata.org/entity/Q113493826,crime jazz,0
http://www.wikidata.org/entity/Q113493832,Kru music,0
http://www.wikidata.org/entity/Q113496771,jazz yoik,0
http://www.wikidata.org/entity/Q113496934,modern yoik,0
http://www.wikidata.org/entity/Q772497,Hebrew cantillation,7
http://www.wikidata.org/entity/Q773084,Norwegian hip hop,2
http://www.wikidata.org/entity/Q773880,bitpop,13
http://www.wikidata.org/entity/Q774475,cantu a tenore,14
http://www.wikidata.org/entity/Q775614,neofolk,30
http://www.wikidata.org/entity/Q740911,ragga,30
http://www.wikidata.org/entity/Q741702,melologue,10
http://www.wikidata.org/entity/Q742341,modern creative,6
http://www.wikidata.org/entity/Q744327,joik,29
http://www.wikidata.org/entity/Q724755,early hardcore,6
http://www.wikidata.org/entity/Q725011,neo-classical metal,35
http://www.wikidata.org/entity/Q725888,Italian progressive rock,6
http://www.wikidata.org/entity/Q726239,noise music,33
http://www.wikidata.org/entity/Q820119,miner's song,1
http://www.wikidata.org/entity/Q822309,cerdd dant,5
http://www.wikidata.org/entity/Q3163344,Algerian jazz,1
http://www.wikidata.org/entity/Q3163359,New York jazz,2
http://www.wikidata.org/entity/Q3177825,game piece,1
http://www.wikidata.org/entity/Q3179786,sambass,8
http://www.wikidata.org/entity/Q3181943,kuda kepang,12
http://www.wikidata.org/entity/Q3191713,kacapi suling,6
http://www.wikidata.org/entity/Q3191747,cadence rampa,6
http://www.wikidata.org/entity/Q3192617,kaneka,1
http://www.wikidata.org/entity/Q3192842,Kapa haka,8
http://www.wikidata.org/entity/Q3207645,noise hop,1
http://www.wikidata.org/entity/Q3211884,music of the Balkans,11
http://www.wikidata.org/entity/Q11058823,music of Martinique,2
http://www.wikidata.org/entity/Q11061723,Guangdong cantopop,1
http://www.wikidata.org/entity/Q11064735,Hakka music,1
http://www.wikidata.org/entity/Q11074326,suspense music,1
http://www.wikidata.org/entity/Q11122966,Gothenburg metal,2
http://www.wikidata.org/entity/Q11135733,novokomponovana narodna muzika,3
http://www.wikidata.org/entity/Q11162353,jiuta,6
http://www.wikidata.org/entity/Q11180043,Guci,3
http://www.wikidata.org/entity/Q11184265,gambang semarang,3
http://www.wikidata.org/entity/Q11185609,Gambang kromong,7
http://www.wikidata.org/entity/Q11210968,Gamelan Bali,3
http://www.wikidata.org/entity/Q11212348,jurudemung,2
http://www.wikidata.org/entity/Q11213538,girisa,2
http://www.wikidata.org/entity/Q11214531,kalanta,6
http://www.wikidata.org/entity/Q11215782,Javanese gamelan,4
http://www.wikidata.org/entity/Q11223087,Persian traditional music,12
http://www.wikidata.org/entity/Q10838732,music of Southeast Asia,2
http://www.wikidata.org/entity/Q10846275,Akiba-pop,2
http://www.wikidata.org/entity/Q10856835,wonky techno,1
http://www.wikidata.org/entity/Q10859713,Noha,12
http://www.wikidata.org/entity/Q10874829,zhongguo feng,2
http://www.wikidata.org/entity/Q10915563,Taiwanese folk music,2
http://www.wikidata.org/entity/Q10932272,technobanda,2
http://www.wikidata.org/entity/Q10948524,Dingxian music,1
http://www.wikidata.org/entity/Q10951437,lokk,2
http://www.wikidata.org/entity/Q10970468,Taquirari,2
http://www.wikidata.org/entity/Q10972251,Sundanese game song,2
http://www.wikidata.org/entity/Q10973951,gondang,2
http://www.wikidata.org/entity/Q10978770,Jewish religious music,4
http://www.wikidata.org/entity/Q10979284,Tarling,3
http://www.wikidata.org/entity/Q10994046,durma,2
http://www.wikidata.org/entity/Q10995782,dhandhanggula,2
http://www.wikidata.org/entity/Q10997436,sinom,2
http://www.wikidata.org/entity/Q11000115,balabak,2
http://www.wikidata.org/entity/Q11058740,bait,3
http://www.wikidata.org/entity/Q6942177,music of Melbourne,1
http://www.wikidata.org/entity/Q6942178,music of Mesopotamia,9
http://www.wikidata.org/entity/Q6942193,music of Monaco,4
http://www.wikidata.org/entity/Q6942203,music of Nauru,4
http://www.wikidata.org/entity/Q6942216,music of New Zealand,5
http://www.wikidata.org/entity/Q6942217,music of Nicaragua,4
http://www.wikidata.org/entity/Q6942229,music of Niger,6
http://www.wikidata.org/entity/Q6942239,music of Papua New Guinea,2
http://www.wikidata.org/entity/Q6942240,music of Panama,2
http://www.wikidata.org/entity/Q1381447,gospel hymn,2
http://www.wikidata.org/entity/Q1386554,Japanese ska,2
http://www.wikidata.org/entity/Q1391336,comedy rock,16
http://www.wikidata.org/entity/Q1399566,Guggenmusik,8
http://www.wikidata.org/entity/Q1399695,Chicano rap,11
http://www.wikidata.org/entity/Q1399964,uplifting classical,1
http://www.wikidata.org/entity/Q1403744,electro-industrial,18
http://www.wikidata.org/entity/Q106957068,bygderock,1
http://www.wikidata.org/entity/Q107000797,Korean folk music,0
http://www.wikidata.org/entity/Q107000825,South Korean folk music,0
http://www.wikidata.org/entity/Q107003152,Sahrawi music,1
http://www.wikidata.org/entity/Q107010574,halftime,0
http://www.wikidata.org/entity/Q107010629,funk mandelão,1
http://www.wikidata.org/entity/Q107013350,Caucasian folk music,0
http://www.wikidata.org/entity/Q107020173,Ossetian folk music,0
http://www.wikidata.org/entity/Q107021951,score,0
http://www.wikidata.org/entity/Q107022156,television soundtrack,0
http://www.wikidata.org/entity/Q107022182,television score,1
http://www.wikidata.org/entity/Q107022533,Montenegrin folk music,0
http://www.wikidata.org/entity/Q107024911,Alevi folk music,0
http://www.wikidata.org/entity/Q107024927,Alsatian folk music,0
http://www.wikidata.org/entity/Q107024983,Altai folk music,0
http://www.wikidata.org/entity/Q107024992,ancient Levitical music,0
http://www.wikidata.org/entity/Q107025062,French Caribbean music,0
http://www.wikidata.org/entity/Q107029644,Hari Raya music,0
http://www.wikidata.org/entity/Q107033384,holiday music,2
http://www.wikidata.org/entity/Q107033631,Mongolian hip hop,3
http://www.wikidata.org/entity/Q107033632,Easter music,0
http://www.wikidata.org/entity/Q749475,psybient,12
http://www.wikidata.org/entity/Q750811,minimal house,2
http://www.wikidata.org/entity/Q752047,musique mesurée,5
http://www.wikidata.org/entity/Q752329,passacaglia,33
http://www.wikidata.org/entity/Q752785,calypso,38
http://www.wikidata.org/entity/Q11319210,techno-pop,3
http://www.wikidata.org/entity/Q11319232,techno kayō,1
http://www.wikidata.org/entity/Q11320501,digital rock,1
http://www.wikidata.org/entity/Q11320601,deathrash,2
http://www.wikidata.org/entity/Q11324632,new adult music,1
http://www.wikidata.org/entity/Q11324774,new-school hardcore,1
http://www.wikidata.org/entity/Q11324951,new music,1
http://www.wikidata.org/entity/Q11324974,New York punk,1
http://www.wikidata.org/entity/Q11325015,new rock,1
http://www.wikidata.org/entity/Q11325233,Neo GS,1
http://www.wikidata.org/entity/Q11325235,neo-acoustic,1
http://www.wikidata.org/entity/Q11325293,neo shibuya-kei,1
http://www.wikidata.org/entity/Q11330425,therapy music,1
http://www.wikidata.org/entity/Q11331081,Being-kei,1
http://www.wikidata.org/entity/Q11331157,beat rock,1
http://www.wikidata.org/entity/Q11331567,Pyonkobushi,1
http://www.wikidata.org/entity/Q11332204,funkot,4
http://www.wikidata.org/entity/Q11334714,breaktrance,2
http://www.wikidata.org/entity/Q11334766,Liverpool sound,1
http://www.wikidata.org/entity/Q11339397,pon-chak disco,1
http://www.wikidata.org/entity/Q11344133,melodic speed metal,1
http://www.wikidata.org/entity/Q11344341,modern heavyness,1
http://www.wikidata.org/entity/Q11345830,yunta,1
http://www.wikidata.org/entity/Q11345973,Eurorock,1
http://www.wikidata.org/entity/Q11346620,loud rock,1
http://www.wikidata.org/entity/Q11346971,rustic stomp,1
http://www.wikidata.org/entity/Q6942287,music of Tahiti,1
http://www.wikidata.org/entity/Q6942291,music of Texas,1
http://www.wikidata.org/entity/Q6942295,music of Suriname,4
http://www.wikidata.org/entity/Q6942300,music of Transylvania,1
http://www.wikidata.org/entity/Q6942301,music of Tonga,2
http://www.wikidata.org/entity/Q6942315,music of the Valencian Community,1
http://www.wikidata.org/entity/Q6942329,music of West Africa,7
http://www.wikidata.org/entity/Q6942343,music of the African diaspora,3
http://www.wikidata.org/entity/Q6942354,music of the Canary Islands,1
http://www.wikidata.org/entity/Q6942356,music of the Central African Republic,3
http://www.wikidata.org/entity/Q6942358,music of the Comoros,3
http://www.wikidata.org/entity/Q6942370,music of the Dominican Republic,2
http://www.wikidata.org/entity/Q113509746,French contemporary R&B,1
http://www.wikidata.org/entity/Q113510667,artcore,2
http://www.wikidata.org/entity/Q113563595,Surinamese indigenous music,2
http://www.wikidata.org/entity/Q113563741,Aromanian folk music,0
http://www.wikidata.org/entity/Q113563746,yakousei,0
http://www.wikidata.org/entity/Q113600088,Elizabethan song,0
http://www.wikidata.org/entity/Q113600471,hardtek,0
http://www.wikidata.org/entity/Q113621229,future core,0
http://www.wikidata.org/entity/Q113622724,beat bruxaria,1
http://www.wikidata.org/entity/Q113627735,alternative urban,0
http://www.wikidata.org/entity/Q113676976,math pop,0
http://www.wikidata.org/entity/Q113833898,brandy,1
http://www.wikidata.org/entity/Q113834417,chanson francarabe,2
http://www.wikidata.org/entity/Q113856940,Pamiri music,0
http://www.wikidata.org/entity/Q113884370,lowercase noise wall,0
http://www.wikidata.org/entity/Q113919076,harping,0
http://www.wikidata.org/entity/Q113973772,Eurometal,0
http://www.wikidata.org/entity/Q114023768,sepulchre music,0
http://www.wikidata.org/entity/Q114023769,slow-rock,0
http://www.wikidata.org/entity/Q114047889,halekačky,0
http://www.wikidata.org/entity/Q114107195,psycore,0
http://www.wikidata.org/entity/Q114133626,garage pop,1
http://www.wikidata.org/entity/Q114238485,meme techno,1
http://www.wikidata.org/entity/Q114239322,carnival music,0
http://www.wikidata.org/entity/Q114357486,Mesoamerican music,0
http://www.wikidata.org/entity/Q114443489,partyschlager,2
http://www.wikidata.org/entity/Q114594005,rawphoric,0
http://www.wikidata.org/entity/Q114594062,Khmer music,0
http://www.wikidata.org/entity/Q114594120,Kannada folk music,0
http://www.wikidata.org/entity/Q114743580,psystyle,0
http://www.wikidata.org/entity/Q114762454,Afrikaans folk music,0
http://www.wikidata.org/entity/Q114796570,Sephardi music,0
http://www.wikidata.org/entity/Q114799579,Pop music in Brazil,1
http://www.wikidata.org/entity/Q114804899,gahu,0
http://www.wikidata.org/entity/Q114828938,Bamar music,0
http://www.wikidata.org/entity/Q114878405,electro-techno,0
http://www.wikidata.org/entity/Q114878413,children's rock music,0
http://www.wikidata.org/entity/Q114878436,Cuban pop,0
http://www.wikidata.org/entity/Q114878442,Hawaiian pop,0
http://www.wikidata.org/entity/Q114878571,speed house,0
http://www.wikidata.org/entity/Q114878593,chapka,0
http://www.wikidata.org/entity/Q6942118,music of Hong Kong,3
http://www.wikidata.org/entity/Q6942130,music of Java,4
http://www.wikidata.org/entity/Q6942143,music of Kuwait,2
http://www.wikidata.org/entity/Q6942147,music of Lesotho,4
http://www.wikidata.org/entity/Q6942148,music of Liberia,2
http://www.wikidata.org/entity/Q6942151,music of Libya,5
http://www.wikidata.org/entity/Q6942158,music of Louisiana,1
http://www.wikidata.org/entity/Q6942167,music of Malawi,9
http://www.wikidata.org/entity/Q6942168,music of Malta,1
http://www.wikidata.org/entity/Q6942176,music of Melanesia,1
http://www.wikidata.org/entity/Q744417,Italo disco,32
http://www.wikidata.org/entity/Q746743,ricercar,29
http://www.wikidata.org/entity/Q747717,heartland rock,24
http://www.wikidata.org/entity/Q780517,speed garage,11
http://www.wikidata.org/entity/Q781402,piyyut,20
http://www.wikidata.org/entity/Q781470,intermezzo,35
http://www.wikidata.org/entity/Q781815,passion,32
http://www.wikidata.org/entity/Q790188,avant-garde jazz,25
http://www.wikidata.org/entity/Q804401,Bakersfield sound,10
http://www.wikidata.org/entity/Q804596,baladi,6
http://www.wikidata.org/entity/Q805044,Balkan brass,9
http://www.wikidata.org/entity/Q19832746,nerd punk,0
http://www.wikidata.org/entity/Q19860267,Kazakh pop,1
http://www.wikidata.org/entity/Q19879476,classic hip hop,1
http://www.wikidata.org/entity/Q19880374,Mongolian folk music,0
http://www.wikidata.org/entity/Q19885329,raglife,1
http://www.wikidata.org/entity/Q19899689,Rebita,5
http://www.wikidata.org/entity/Q19901725,Ukrainian metal,3
http://www.wikidata.org/entity/Q19938910,synthwave,31
http://www.wikidata.org/entity/Q20016116,salsa choke,2
http://www.wikidata.org/entity/Q20016989,Castilian jotas,6
http://www.wikidata.org/entity/Q20018165,son de negro,1
http://www.wikidata.org/entity/Q20021059,future house,15
http://www.wikidata.org/entity/Q784310,electro hop,9
http://www.wikidata.org/entity/Q786815,turbo-folk,33
http://www.wikidata.org/entity/Q787663,guajira,13
http://www.wikidata.org/entity/Q788016,autonomous music,2
http://www.wikidata.org/entity/Q788460,bagatelle,28
http://www.wikidata.org/entity/Q727634,ranchera,19
http://www.wikidata.org/entity/Q727781,music of Latin America,27
http://www.wikidata.org/entity/Q1414130,filk,13
http://www.wikidata.org/entity/Q1414858,New York death metal,1
http://www.wikidata.org/entity/Q1415568,filter house,1
http://www.wikidata.org/entity/Q1417272,rondeau,25
http://www.wikidata.org/entity/Q1417976,music of Finland,12
http://www.wikidata.org/entity/Q1418683,kayōkyoku,13
http://www.wikidata.org/entity/Q28163991,Buddhist chant,8
http://www.wikidata.org/entity/Q28196971,erotic-patriotic,0
http://www.wikidata.org/entity/Q28206879,Brill Building,2
http://www.wikidata.org/entity/Q28219760,descarga,1
http://www.wikidata.org/entity/Q28219803,tahona,2
http://www.wikidata.org/entity/Q28223137,South African heavy metal,1
http://www.wikidata.org/entity/Q28223150,Rieldans,4
http://www.wikidata.org/entity/Q28328303,raw black metal,0
http://www.wikidata.org/entity/Q28342195,downer metal,1
http://www.wikidata.org/entity/Q28371127,cymrucana,0
http://www.wikidata.org/entity/Q28401124,yacht rock,13
http://www.wikidata.org/entity/Q28401204,alternative folk,1
http://www.wikidata.org/entity/Q28412439,dongzu dage,3
http://www.wikidata.org/entity/Q28444186,avant-punk,3
http://www.wikidata.org/entity/Q28453837,vernacular music,2
http://www.wikidata.org/entity/Q3296779,Taoist music,5
http://www.wikidata.org/entity/Q3299089,stasimon,11
http://www.wikidata.org/entity/Q3299373,matsuri-bayashi,3
http://www.wikidata.org/entity/Q3303865,Belarusian rock music,7
http://www.wikidata.org/entity/Q3303902,Meddaha,2
http://www.wikidata.org/entity/Q3304143,Thai rock,3
http://www.wikidata.org/entity/Q3305039,malhun,10
http://www.wikidata.org/entity/Q805130,ballade,12
http://www.wikidata.org/entity/Q807820,barbershop music,18
http://www.wikidata.org/entity/Q808855,barrelhouse piano,2
http://www.wikidata.org/entity/Q812605,Bavarian polka,2
http://www.wikidata.org/entity/Q814402,biguine,3
http://www.wikidata.org/entity/Q815536,Belgian hip hop,4
http://www.wikidata.org/entity/Q3217069,landó,4
http://www.wikidata.org/entity/Q3220874,Afro-jùjú,2
http://www.wikidata.org/entity/Q3228974,seto leelo,24
http://www.wikidata.org/entity/Q3231749,post-Britpop,20
http://www.wikidata.org/entity/Q3240930,lilting,2
http://www.wikidata.org/entity/Q3246270,dirge,7
http://www.wikidata.org/entity/Q3328601,Berber music,9
http://www.wikidata.org/entity/Q3328602,music of Myanmar,4
http://www.wikidata.org/entity/Q3328603,music of Bolivia,7
http://www.wikidata.org/entity/Q3328608,music of Bosnia and Herzegovina,9
http://www.wikidata.org/entity/Q3328618,classical music of the United States,2
http://www.wikidata.org/entity/Q3328619,concertante music,1
http://www.wikidata.org/entity/Q3328622,Russian classical music,5
http://www.wikidata.org/entity/Q3328652,relaxation music,2
http://www.wikidata.org/entity/Q3328656,music of the Republic of the Congo,3
http://www.wikidata.org/entity/Q3247353,Pizmonim,4
http://www.wikidata.org/entity/Q3247534,voluntary,6
http://www.wikidata.org/entity/Q3267742,madrigal comedy,9
http://www.wikidata.org/entity/Q3274667,campursari,8
http://www.wikidata.org/entity/Q3278092,guarania,13
http://www.wikidata.org/entity/Q3287249,mapouka,6
http://www.wikidata.org/entity/Q3291151,music of Angola,5
http://www.wikidata.org/entity/Q3293102,Marimbalax,1
http://www.wikidata.org/entity/Q3296134,wizard rock,13
http://www.wikidata.org/entity/Q11258489,tembang cianjuran,2
http://www.wikidata.org/entity/Q11260516,utazawa,1
http://www.wikidata.org/entity/Q11262541,omoro,1
http://www.wikidata.org/entity/Q11275415,kinanthi,2
http://www.wikidata.org/entity/Q11277611,Taryeong,2
http://www.wikidata.org/entity/Q11282754,Akishibu-kei,4
http://www.wikidata.org/entity/Q11285080,American hardcore punk,1
http://www.wikidata.org/entity/Q11293623,old school hardcore,1
http://www.wikidata.org/entity/Q11300154,ground beat,1
http://www.wikidata.org/entity/Q11300623,Georgian sacred music,1
http://www.wikidata.org/entity/Q11304409,saka-uta,1
http://www.wikidata.org/entity/Q11307326,city pop,27
http://www.wikidata.org/entity/Q11308620,synth music,2
http://www.wikidata.org/entity/Q11310298,German metal,1
http://www.wikidata.org/entity/Q11312853,splittercore,2
http://www.wikidata.org/entity/Q11314351,Setsuna-kei,1
http://www.wikidata.org/entity/Q11317843,chamber rock,1
http://www.wikidata.org/entity/Q758422,aubade,18
http://www.wikidata.org/entity/Q761163,music of Laos,2
http://www.wikidata.org/entity/Q761684,prehistoric music,17
http://www.wikidata.org/entity/Q766240,cueca,16
http://www.wikidata.org/entity/Q768134,mestizo,3
http://www.wikidata.org/entity/Q771291,sean-nós singing,12
http://www.wikidata.org/entity/Q3328756,music of Quebec,3
http://www.wikidata.org/entity/Q3328757,music of Réunion,3
http://www.wikidata.org/entity/Q3328758,music of Saudi Arabia,6
http://www.wikidata.org/entity/Q3328761,Shinto music,4
http://www.wikidata.org/entity/Q3328762,staifi music,2
http://www.wikidata.org/entity/Q3328763,Sikh music,4
http://www.wikidata.org/entity/Q3328764,Thai pop,7
http://www.wikidata.org/entity/Q3328766,music of Slovenia,8
http://www.wikidata.org/entity/Q3328660,middle of the road,6
http://www.wikidata.org/entity/Q3328668,music of Djibouti,6
http://www.wikidata.org/entity/Q3328669,music of the Americas,2
http://www.wikidata.org/entity/Q3328676,music of Europe,1
http://www.wikidata.org/entity/Q3328678,Flemish music,1
http://www.wikidata.org/entity/Q3307010,organ mass,4
http://www.wikidata.org/entity/Q3307225,progressive bluegrass,4
http://www.wikidata.org/entity/Q3310676,Boeremusiek,10
http://www.wikidata.org/entity/Q3322619,Guaguancó,9
http://www.wikidata.org/entity/Q3322869,Palm Desert Scene,9
http://www.wikidata.org/entity/Q3325918,zortziko,8
http://www.wikidata.org/entity/Q3327514,Galician folk music,2
http://www.wikidata.org/entity/Q3328582,Italian right-wing alternative music,3
http://www.wikidata.org/entity/Q3328583,music of Algeria,7
http://www.wikidata.org/entity/Q3328589,Baoulé music,1
http://www.wikidata.org/entity/Q3328590,French baroque music,1
http://www.wikidata.org/entity/Q3328592,music of Auvergne,2
http://www.wikidata.org/entity/Q3328593,music of Bangladesh,7
http://www.wikidata.org/entity/Q3328599,Basque music,4
http://www.wikidata.org/entity/Q101109587,future rave,4
http://www.wikidata.org/entity/Q101112088,kaskawi,1
http://www.wikidata.org/entity/Q101417642,Catholic music,1
http://www.wikidata.org/entity/Q101440473,sierreña,2
http://www.wikidata.org/entity/Q101525913,Taizé song,1
http://www.wikidata.org/entity/Q101552821,gothic rap,1
http://www.wikidata.org/entity/Q102362752,Brazilian colonial music,0
http://www.wikidata.org/entity/Q102423159,postromantic music,2
http://www.wikidata.org/entity/Q103840989,mortitxol,1
http://www.wikidata.org/entity/Q104016404,Matrouz,4
http://www.wikidata.org/entity/Q104470322,hillbilly music,1
http://www.wikidata.org/entity/Q104503881,plena uruguaya,1
http://www.wikidata.org/entity/Q104602773,tanzhammer-pop,0
http://www.wikidata.org/entity/Q104695865,hyperpop,25
http://www.wikidata.org/entity/Q104733809,folk-polo,0
http://www.wikidata.org/entity/Q104771349,Jalaíto,1
http://www.wikidata.org/entity/Q104834065,zäuerli,1
http://www.wikidata.org/entity/Q104842028,satirical music,1
http://www.wikidata.org/entity/Q104847359,Brooklyn drill,2
http://www.wikidata.org/entity/Q104847619,tread rap,1
http://www.wikidata.org/entity/Q104849599,adaha,1
http://www.wikidata.org/entity/Q104853037,Sundanese music,3
http://www.wikidata.org/entity/Q104870123,Bantu music,3
http://www.wikidata.org/entity/Q104870214,synth metal,7
http://www.wikidata.org/entity/Q104870221,Bertitik,1
http://www.wikidata.org/entity/Q104875944,Ladishah,5
http://www.wikidata.org/entity/Q104882182,sega tambour Chagos,2
http://www.wikidata.org/entity/Q104920341,Mexican brass band,1
http://www.wikidata.org/entity/Q105038948,Estonian punk,1
http://www.wikidata.org/entity/Q105044420,East Bay Grease,1
http://www.wikidata.org/entity/Q105224848,chanson swing,0
http://www.wikidata.org/entity/Q105320881,Malipenga,2
http://www.wikidata.org/entity/Q105334717,progressive soul,6
http://www.wikidata.org/entity/Q105337567,bigi poku,2
http://www.wikidata.org/entity/Q105337573,set-dansi,1
http://www.wikidata.org/entity/Q105379653,tifa totobuang,2
http://www.wikidata.org/entity/Q105404852,hi-tech psytrance,1
http://www.wikidata.org/entity/Q105422709,blues standard,2
http://www.wikidata.org/entity/Q1902656,epic heavy metal,1
http://www.wikidata.org/entity/Q1913888,power noise,9
http://www.wikidata.org/entity/Q1914924,mbaqanga,16
http://www.wikidata.org/entity/Q1915787,H8000,4
http://www.wikidata.org/entity/Q1928583,Northern soul,15
http://www.wikidata.org/entity/Q1929352,roots rock,18
http://www.wikidata.org/entity/Q3328720,Mixed music,2
http://www.wikidata.org/entity/Q3328727,music of Mongolia,6
http://www.wikidata.org/entity/Q3328728,music of Oceania,2
http://www.wikidata.org/entity/Q3328730,music of Montenegro,7
http://www.wikidata.org/entity/Q3328732,music of Occitania,2
http://www.wikidata.org/entity/Q3328734,music of Oman,6
http://www.wikidata.org/entity/Q3328735,music of Nepal,7
http://www.wikidata.org/entity/Q11348032,rhythm kayo,1
http://www.wikidata.org/entity/Q11352348,Ichichubushi,1
http://www.wikidata.org/entity/Q11359070,Kamigata uta,1
http://www.wikidata.org/entity/Q11375663,Kyoto kei music,1
http://www.wikidata.org/entity/Q11385637,Zokugaku,1
http://www.wikidata.org/entity/Q118151325,khaleeji shailat,0
http://www.wikidata.org/entity/Q118151326,Malayalam music,0
http://www.wikidata.org/entity/Q118151327,Marathi music,0
http://www.wikidata.org/entity/Q118176163,Oromo music,0
http://www.wikidata.org/entity/Q118177578,Colombian folk music,0
http://www.wikidata.org/entity/Q118210225,Alpine music,0
http://www.wikidata.org/entity/Q118255449,mchiriku,0
http://www.wikidata.org/entity/Q118324067,MIDI music,0
http://www.wikidata.org/entity/Q118367897,népének,1
http://www.wikidata.org/entity/Q118395684,orkes gambus,0
http://www.wikidata.org/entity/Q118640019,pop kreatif,4
http://www.wikidata.org/entity/Q118640020,raw punk,0
http://www.wikidata.org/entity/Q118678057,cumbiaton,0
http://www.wikidata.org/entity/Q118738876,classical dance music,0
http://www.wikidata.org/entity/Q118738993,folk dance music,0
http://www.wikidata.org/entity/Q118744380,square dance music,0
http://www.wikidata.org/entity/Q118744381,Scottish country dance music,0
http://www.wikidata.org/entity/Q118744385,Latin dance music,0
http://www.wikidata.org/entity/Q118744387,Khmer dance music,0
http://www.wikidata.org/entity/Q118744395,dance band music,0
http://www.wikidata.org/entity/Q118744917,ballroom dance music,0
http://www.wikidata.org/entity/Q118798959,tearout dubstep,0
http://www.wikidata.org/entity/Q119225357,music of the Chiloé Archipelago,0
http://www.wikidata.org/entity/Q119228945,songsters music,0
http://www.wikidata.org/entity/Q119228966,Andean folk music,0
http://www.wikidata.org/entity/Q119228986,music of Borneo,0
http://www.wikidata.org/entity/Q119259589,tearout brostep,0
http://www.wikidata.org/entity/Q119438481,tamborzão,0
http://www.wikidata.org/entity/Q119438497,UK jackin',0
http://www.wikidata.org/entity/Q119517804,sped-up music,0
http://www.wikidata.org/entity/Q119580609,funk de BH,0
http://www.wikidata.org/entity/Q119820709,lundu marajoara,1
http://www.wikidata.org/entity/Q119844080,moe song,0
http://www.wikidata.org/entity/Q119889473,dungeon rap,0
http://www.wikidata.org/entity/Q119889474,trap soul,0
http://www.wikidata.org/entity/Q120209068,Hela Khayal Dangal,3
http://www.wikidata.org/entity/Q7023407,Đờn ca tài tử,10
http://www.wikidata.org/entity/Q7023411,nhạc đỏ,4
http://www.wikidata.org/entity/Q7042505,Njuup,4
http://www.wikidata.org/entity/Q7042753,No-Fi,1
http://www.wikidata.org/entity/Q1868278,black doom,3
http://www.wikidata.org/entity/Q1871532,tambu music,6
http://www.wikidata.org/entity/Q1872505,lovers rock,11
http://www.wikidata.org/entity/Q1878514,post-black metal,5
http://www.wikidata.org/entity/Q1879175,ländler music,1
http://www.wikidata.org/entity/Q1884018,Garifuna music,6
http://www.wikidata.org/entity/Q1884689,Indo pop,6
http://www.wikidata.org/entity/Q1889001,organ symphony,10
http://www.wikidata.org/entity/Q3328738,music of Uzbekistan,12
http://www.wikidata.org/entity/Q3328739,music of Palestine,9
http://www.wikidata.org/entity/Q3328740,music of Pakistan,6
http://www.wikidata.org/entity/Q3328743,music of the Philippines,4
http://www.wikidata.org/entity/Q3328745,music of Polynesia,4
http://www.wikidata.org/entity/Q3328755,regional music,1
http://www.wikidata.org/entity/Q3328681,popular folk music,4
http://www.wikidata.org/entity/Q3328684,music of Gabon,4
http://www.wikidata.org/entity/Q3328686,Hindu music,7
http://www.wikidata.org/entity/Q3328687,French industrial music,1
http://www.wikidata.org/entity/Q3328692,music of Iraq,7
http://www.wikidata.org/entity/Q3328693,music of Ivory Coast,2
http://www.wikidata.org/entity/Q3328694,Kabyle music,3
http://www.wikidata.org/entity/Q3328697,music of Jordan,5
http://www.wikidata.org/entity/Q3328702,Lao music,3
http://www.wikidata.org/entity/Q817138,electronica,36
http://www.wikidata.org/entity/Q819325,bergamask,14
http://www.wikidata.org/entity/Q820049,gabber,25
http://www.wikidata.org/entity/Q1370720,humoresque,19
http://www.wikidata.org/entity/Q1371364,ethno jazz,7
http://www.wikidata.org/entity/Q1373485,underground music,17
http://www.wikidata.org/entity/Q1890098,new beat,16
http://www.wikidata.org/entity/Q1891685,Russian chanson,16
http://www.wikidata.org/entity/Q1892019,Māori music,7
http://www.wikidata.org/entity/Q1899347,post-punk revival,24
http://www.wikidata.org/entity/Q3845811,military march,1
http://www.wikidata.org/entity/Q3846957,Beiguan,6
http://www.wikidata.org/entity/Q3853406,Mdundiko,3
http://www.wikidata.org/entity/Q3855113,merenhouse,4
http://www.wikidata.org/entity/Q3855303,beat mass,3
http://www.wikidata.org/entity/Q3867028,rōkyoku,8
http://www.wikidata.org/entity/Q3868594,music of Kenya,5
http://www.wikidata.org/entity/Q3868595,music of East Asia,1
http://www.wikidata.org/entity/Q3868596,music of Rwanda,9
http://www.wikidata.org/entity/Q835131,Goa trance,23
http://www.wikidata.org/entity/Q835562,habanera,27
http://www.wikidata.org/entity/Q835891,funk rock,32
http://www.wikidata.org/entity/Q108301597,karaoke music,0
http://www.wikidata.org/entity/Q108321657,jackin' house,1
http://www.wikidata.org/entity/Q108321843,Slovenian folk music,0
http://www.wikidata.org/entity/Q108408373,Oceanic folk music,0
http://www.wikidata.org/entity/Q108419648,conjunto andino,0
http://www.wikidata.org/entity/Q108430097,Aikawa Ondo,1
http://www.wikidata.org/entity/Q108535339,Baltic folk music,0
http://www.wikidata.org/entity/Q108539884,stomp and flutter,0
http://www.wikidata.org/entity/Q108555812,lo-fi house,1
http://www.wikidata.org/entity/Q108556049,Italo pop,0
http://www.wikidata.org/entity/Q108556056,samba soul,1
http://www.wikidata.org/entity/Q108556409,tumbélé,0
http://www.wikidata.org/entity/Q108562050,Latvian folk music,0
http://www.wikidata.org/entity/Q108572381,traditional cajun music,0
http://www.wikidata.org/entity/Q108574405,kora music,0
http://www.wikidata.org/entity/Q108575656,tchinkoumé,1
http://www.wikidata.org/entity/Q108610259,circuit house,0
http://www.wikidata.org/entity/Q108610396,Indonesian folk music,0
http://www.wikidata.org/entity/Q108610706,Detroit house,0
http://www.wikidata.org/entity/Q108615774,Newa folk music,0
http://www.wikidata.org/entity/Q108615838,Northwest Iberian folk music,1
http://www.wikidata.org/entity/Q108615898,Cretan folk music,0
http://www.wikidata.org/entity/Q108616070,Circassian folk music,0
http://www.wikidata.org/entity/Q108616106,Appalachian folk music,1
http://www.wikidata.org/entity/Q108629498,Khmer folk music,0
http://www.wikidata.org/entity/Q108631274,signal music,2
http://www.wikidata.org/entity/Q108631385,final music,1
http://www.wikidata.org/entity/Q108651047,Kiarou,2
http://www.wikidata.org/entity/Q108665706,corridos tumbados,4
http://www.wikidata.org/entity/Q108665742,US power metal,0
http://www.wikidata.org/entity/Q108665895,upopo,0
http://www.wikidata.org/entity/Q108667604,Tsonga disco,0
http://www.wikidata.org/entity/Q108716407,skullstep,0
http://www.wikidata.org/entity/Q105883401,takamba,2
http://www.wikidata.org/entity/Q3827483,Latin hip-hop,4
http://www.wikidata.org/entity/Q3835724,Llamerada,5
http://www.wikidata.org/entity/Q3837980,Lubbock sound,2
http://www.wikidata.org/entity/Q3840596,dark wave,34
http://www.wikidata.org/entity/Q3842899,Madrigale spirituale,4
http://www.wikidata.org/entity/Q3843144,Maggio drammatico,3
http://www.wikidata.org/entity/Q3843655,couplet,12
http://www.wikidata.org/entity/Q823080,no wave,34
http://www.wikidata.org/entity/Q823560,musique concrète,35
http://www.wikidata.org/entity/Q824948,"Washington, D.C. hardcore punk",6
http://www.wikidata.org/entity/Q825769,crust punk,35
http://www.wikidata.org/entity/Q114879326,Rusyn folk music,0
http://www.wikidata.org/entity/Q114879744,Cuban jazz music,0
http://www.wikidata.org/entity/Q114879861,music of Moravia,0
http://www.wikidata.org/entity/Q114880124,US bass music,0
http://www.wikidata.org/entity/Q114880130,bass music (EDM),2
http://www.wikidata.org/entity/Q114907074,early jazz,0
http://www.wikidata.org/entity/Q114907417,early R&B,0
http://www.wikidata.org/entity/Q114907537,folk-blues,0
http://www.wikidata.org/entity/Q114908125,white gospel music,1
http://www.wikidata.org/entity/Q114909317,party soca,0
http://www.wikidata.org/entity/Q114909458,sports anthem,0
http://www.wikidata.org/entity/Q114960929,trall,1
http://www.wikidata.org/entity/Q115063474,digital fusion,0
http://www.wikidata.org/entity/Q115063525,trap shaabi,0
http://www.wikidata.org/entity/Q115063561,pep band music,0
http://www.wikidata.org/entity/Q115138321,Ainu music,0
http://www.wikidata.org/entity/Q115164719,Cantabrian folk music,0
http://www.wikidata.org/entity/Q115171191,Irish rap,2
http://www.wikidata.org/entity/Q115178919,symphonic death metal,0
http://www.wikidata.org/entity/Q115200681,electro-R&B,1
http://www.wikidata.org/entity/Q115204980,glitter rock,0
http://www.wikidata.org/entity/Q115206619,folklore music,1
http://www.wikidata.org/entity/Q115218587,nhạc trữ tình,1
http://www.wikidata.org/entity/Q115248229,I-pop,2
http://www.wikidata.org/entity/Q115327250,Kalmyk music,0
http://www.wikidata.org/entity/Q115327276,Nivkh music,1
http://www.wikidata.org/entity/Q115327281,tropicanibalismo,0
http://www.wikidata.org/entity/Q115456684,barber beats,1
http://www.wikidata.org/entity/Q115457255,narco rap,0
http://www.wikidata.org/entity/Q115482626,sonidero,0
http://www.wikidata.org/entity/Q115483855,Jersey drill,0
http://www.wikidata.org/entity/Q115485183,sigilkore,3
http://www.wikidata.org/entity/Q115550280,snap&b,1
http://www.wikidata.org/entity/Q115612369,mbolé,1
http://www.wikidata.org/entity/Q115616295,jive,0
http://www.wikidata.org/entity/Q3328704,music of Kyrgyzstan,10
http://www.wikidata.org/entity/Q3328706,music of Limousin,1
http://www.wikidata.org/entity/Q3328710,music of Lebanon,10
http://www.wikidata.org/entity/Q3328711,Mandingo music,1
http://www.wikidata.org/entity/Q3328714,music of North Macedonia,9
http://www.wikidata.org/entity/Q3328715,music of Malaysia,6
http://www.wikidata.org/entity/Q7975176,waulking song,2
http://www.wikidata.org/entity/Q7982016,Welsh bardic music,1
http://www.wikidata.org/entity/Q7983231,Were music,1
http://www.wikidata.org/entity/Q7987058,West gallery music,1
http://www.wikidata.org/entity/Q7988543,Western swing fiddle,1
http://www.wikidata.org/entity/Q8011200,Tōgaku,5
http://www.wikidata.org/entity/Q8011523,contemporary music,6
http://www.wikidata.org/entity/Q8030395,Wolof music,2
http://www.wikidata.org/entity/Q8031215,women's music,9
http://www.wikidata.org/entity/Q8032087,wonky pop,2
http://www.wikidata.org/entity/Q8043468,Xenharmonic music,2
http://www.wikidata.org/entity/Q8044009,Xhosa music,2
http://www.wikidata.org/entity/Q8044658,Xintianyou,2
http://www.wikidata.org/entity/Q8044676,xinyao,3
http://www.wikidata.org/entity/Q827775,monody,35
http://www.wikidata.org/entity/Q828181,Rock Against Communism,30
http://www.wikidata.org/entity/Q828243,futurepop,22
http://www.wikidata.org/entity/Q9184396,canary,1
http://www.wikidata.org/entity/Q9184398,cancan,1
http://www.wikidata.org/entity/Q9190324,Lutheran chorale,4
http://www.wikidata.org/entity/Q9196467,courante,2
http://www.wikidata.org/entity/Q9253748,emo violence,2
http://www.wikidata.org/entity/Q9260728,flamenco chill,1
http://www.wikidata.org/entity/Q9261178,miejski folk,1
http://www.wikidata.org/entity/Q9266272,gavotte,1
http://www.wikidata.org/entity/Q9298306,electro-goth,3
http://www.wikidata.org/entity/Q9300201,samba de roda,5
http://www.wikidata.org/entity/Q9300624,patriotic music,3
http://www.wikidata.org/entity/Q8049166,Yaqui music,1
http://www.wikidata.org/entity/Q8052472,Yeongsan hoesang,3
http://www.wikidata.org/entity/Q8054113,Yo-pop,4
http://www.wikidata.org/entity/Q8059887,Yu-Mex,11
http://www.wikidata.org/entity/Q8061059,Yuman music,1
http://www.wikidata.org/entity/Q8062662,Yōkyoku,4
http://www.wikidata.org/entity/Q8072085,Zimbabwean hip hop,1
http://www.wikidata.org/entity/Q8072348,Zindalii,2
http://www.wikidata.org/entity/Q8074508,Zoroastrian music,3
http://www.wikidata.org/entity/Q8074593,Zoti,1
http://www.wikidata.org/entity/Q8074636,zouk-love,2
http://www.wikidata.org/entity/Q8083433,Żurawiejka,4
http://www.wikidata.org/entity/Q8192992,alalá,2
http://www.wikidata.org/entity/Q8195422,dance,2
http://www.wikidata.org/entity/Q8197165,ambient black metal,6
http://www.wikidata.org/entity/Q8210150,Avanzada Regia,3
http://www.wikidata.org/entity/Q8251828,brega pop,4
http://www.wikidata.org/entity/Q8261759,asturianada,2
http://www.wikidata.org/entity/Q8345377,chimayche,1
http://www.wikidata.org/entity/Q3868597,music of Uganda,6
http://www.wikidata.org/entity/Q3868600,music of Tanzania,4
http://www.wikidata.org/entity/Q3868605,music of Zimbabwe,9
http://www.wikidata.org/entity/Q3868609,Hausa music,6
http://www.wikidata.org/entity/Q3868613,music of Kosovo,10
http://www.wikidata.org/entity/Q3868631,shamanic music,3
http://www.wikidata.org/entity/Q3868755,mutu,3
http://www.wikidata.org/entity/Q3868787,muziki wa dansi,5
http://www.wikidata.org/entity/Q3874645,neo-glam,1
http://www.wikidata.org/entity/Q1976128,Asian Underground,6
http://www.wikidata.org/entity/Q1980100,8-bit music,4
http://www.wikidata.org/entity/Q1980609,ballata,20
http://www.wikidata.org/entity/Q1982426,New Orleans jazz,15
http://www.wikidata.org/entity/Q1982477,new country,1
http://www.wikidata.org/entity/Q1982973,new wave of new wave,7
http://www.wikidata.org/entity/Q1983116,New York hardcore,7
http://www.wikidata.org/entity/Q1983750,mainstream hardcore,9
http://www.wikidata.org/entity/Q122149755,event music,0
http://www.wikidata.org/entity/Q122216296,sigma music,1
http://www.wikidata.org/entity/Q122474125,egg punk,4
http://www.wikidata.org/entity/Q122474149,lowend,1
http://www.wikidata.org/entity/Q122474184,mega funk,0
http://www.wikidata.org/entity/Q122474221,regalia,0
http://www.wikidata.org/entity/Q122474257,rominimal,0
http://www.wikidata.org/entity/Q122589702,puxa,0
http://www.wikidata.org/entity/Q122609971,Ikwokirikwo,2
http://www.wikidata.org/entity/Q122616091,muzika yehudit mekorit,1
http://www.wikidata.org/entity/Q122639240,Owerri bongo,1
http://www.wikidata.org/entity/Q122658157,kalattut,0
http://www.wikidata.org/entity/Q122730605,Cosmic American,1
http://www.wikidata.org/entity/Q122801201,shaker music,0
http://www.wikidata.org/entity/Q122818238,norteño-sax,3
http://www.wikidata.org/entity/Q122839839,deathchant hardcore,0
http://www.wikidata.org/entity/Q122910849,future trap,0
http://www.wikidata.org/entity/Q122932896,ori deck,0
http://www.wikidata.org/entity/Q122933096,kabuki music,0
http://www.wikidata.org/entity/Q122947986,Amerindie,0
http://www.wikidata.org/entity/Q122948042,beguine vide,0
http://www.wikidata.org/entity/Q123009321,neo-grime,0
http://www.wikidata.org/entity/Q123028778,hapa haole,0
http://www.wikidata.org/entity/Q123058158,entrée,0
http://www.wikidata.org/entity/Q123105792,unakesa,0
http://www.wikidata.org/entity/Q123139242,two step,0
http://www.wikidata.org/entity/Q123141133,talempong goyang,0
http://www.wikidata.org/entity/Q123166358,bronycore,0
http://www.wikidata.org/entity/Q123177120,franco,0
http://www.wikidata.org/entity/Q123196582,Métis music,0
http://www.wikidata.org/entity/Q123196598,Twa music,0
http://www.wikidata.org/entity/Q108297190,Bamar folk music,0
http://www.wikidata.org/entity/Q108297192,Basque folk music,0
http://www.wikidata.org/entity/Q108297193,pop batak,0
http://www.wikidata.org/entity/Q108297194,batida,0
http://www.wikidata.org/entity/Q108297196,Bengali folk music,0
http://www.wikidata.org/entity/Q108297198,black 'n' roll,1
http://www.wikidata.org/entity/Q108297199,bolero-beat,0
http://www.wikidata.org/entity/Q108297200,bop,0
http://www.wikidata.org/entity/Q108297201,Breton Celtic folk music,0
http://www.wikidata.org/entity/Q108297202,Breton folk music,0
http://www.wikidata.org/entity/Q1930107,kroncong,16
http://www.wikidata.org/entity/Q1931130,funk carioca,17
http://www.wikidata.org/entity/Q1931555,microhouse,12
http://www.wikidata.org/entity/Q1936659,Nederpop,7
http://www.wikidata.org/entity/Q1937548,minstrel music,1
http://www.wikidata.org/entity/Q846219,gagok,16
http://www.wikidata.org/entity/Q846748,conductus,21
http://www.wikidata.org/entity/Q846784,music of Sweden,11
http://www.wikidata.org/entity/Q846833,crossover jazz,5
http://www.wikidata.org/entity/Q848399,easy listening,36
http://www.wikidata.org/entity/Q8964779,Nigerian gospel,3
http://www.wikidata.org/entity/Q9009342,Isa,4
http://www.wikidata.org/entity/Q9011351,jazzstep,7
http://www.wikidata.org/entity/Q9014988,Jota Aragonese,5
http://www.wikidata.org/entity/Q9016350,choral concerto,4
http://www.wikidata.org/entity/Q9016941,Kantu,3
http://www.wikidata.org/entity/Q9030802,mayapax,2
http://www.wikidata.org/entity/Q9031318,melenchón,2
http://www.wikidata.org/entity/Q9031739,merecumbé,3
http://www.wikidata.org/entity/Q9034560,monidura,1
http://www.wikidata.org/entity/Q835919,crunk&B,6
http://www.wikidata.org/entity/Q836571,fantasia,34
http://www.wikidata.org/entity/Q837389,Latin jazz,23
http://www.wikidata.org/entity/Q9034625,monona,1
http://www.wikidata.org/entity/Q9035285,moshcore,1
http://www.wikidata.org/entity/Q9035712,muliza,3
http://www.wikidata.org/entity/Q9048257,Spanish folk music,2
http://www.wikidata.org/entity/Q9048261,urbano music,1
http://www.wikidata.org/entity/Q9048265,Yoruba music,8
http://www.wikidata.org/entity/Q9049284,nenia,4
http://www.wikidata.org/entity/Q9050551,noisegrind,3
http://www.wikidata.org/entity/Q9051042,new Chilean cumbia,4
http://www.wikidata.org/entity/Q9051097,Nueva ola,6
http://www.wikidata.org/entity/Q9051102,nuevo cancionero,2
http://www.wikidata.org/entity/Q9067501,Nigerian reggae,4
http://www.wikidata.org/entity/Q9067503,reggae punk,3
http://www.wikidata.org/entity/Q9070133,rock rolinga,2
http://www.wikidata.org/entity/Q9078960,Motown,1
http://www.wikidata.org/entity/Q844245,Gypsy jazz,29
http://www.wikidata.org/entity/Q845414,ryūka,7
http://www.wikidata.org/entity/Q846119,psychedelic music,31
http://www.wikidata.org/entity/Q108297203,bubbling house,0
http://www.wikidata.org/entity/Q108297204,Bulawayo jazz,0
http://www.wikidata.org/entity/Q108297205,Burmese classical music,0
http://www.wikidata.org/entity/Q108297206,Cambodian pop,0
http://www.wikidata.org/entity/Q108297207,Canadian maritime folk,0
http://www.wikidata.org/entity/Q108297209,canzone d'autore,0
http://www.wikidata.org/entity/Q108297210,Cape Breton folk music,1
http://www.wikidata.org/entity/Q108297212,chamarrita açoriana,0
http://www.wikidata.org/entity/Q108297213,chamarrita rioplatense,0
http://www.wikidata.org/entity/Q108297214,chanson alternative,0
http://www.wikidata.org/entity/Q108297215,chazzanut,0
http://www.wikidata.org/entity/Q108297216,chotis madrileño,0
http://www.wikidata.org/entity/Q108297217,cilokaq,0
http://www.wikidata.org/entity/Q108297218,cocktail nation,0
http://www.wikidata.org/entity/Q108297220,conducted improvisation,1
http://www.wikidata.org/entity/Q108297221,Csango folk music,0
http://www.wikidata.org/entity/Q108297222,cubaton,0
http://www.wikidata.org/entity/Q108297224,cumbia sonidera,0
http://www.wikidata.org/entity/Q108297225,Czech folk music,0
http://www.wikidata.org/entity/Q108297227,dennery segment,0
http://www.wikidata.org/entity/Q108297229,digital dancehall,0
http://www.wikidata.org/entity/Q108297231,djanba,0
http://www.wikidata.org/entity/Q108297232,doskpop,0
http://www.wikidata.org/entity/Q108297233,Dutch cabaret,0
http://www.wikidata.org/entity/Q108297234,eleki,0
http://www.wikidata.org/entity/Q108297235,epic collage,0
http://www.wikidata.org/entity/Q108297236,entechna laika,0
http://www.wikidata.org/entity/Q108297237,Ethiopian church music,0
http://www.wikidata.org/entity/Q108297238,euphoric hardstyle,0
http://www.wikidata.org/entity/Q108297239,Faroese folk music,0
http://www.wikidata.org/entity/Q108297241,flamenco pop,0
http://www.wikidata.org/entity/Q108297242,flashcore,0
http://www.wikidata.org/entity/Q108297243,flex dance music,0
http://www.wikidata.org/entity/Q108297244,French-Canadian folk music,0
http://www.wikidata.org/entity/Q108297245,Fula music,0
http://www.wikidata.org/entity/Q108297246,funk 150 bpm,0
http://www.wikidata.org/entity/Q108297247,funknejo,2
http://www.wikidata.org/entity/Q108297248,Gagauz folk music,0
http://www.wikidata.org/entity/Q108297249,Goral folk music,0
http://www.wikidata.org/entity/Q108297250,gorenoise,0
http://www.wikidata.org/entity/Q108297251,Gujarati folk music,0
http://www.wikidata.org/entity/Q851213,electronic dance music,54
http://www.wikidata.org/entity/Q852027,impromptu,29
http://www.wikidata.org/entity/Q120233553,jazz guachaca,0
http://www.wikidata.org/entity/Q120403950,Christmas villancicos and coplas,0
http://www.wikidata.org/entity/Q120403952,bulería of Jerez de la Frontera,0
http://www.wikidata.org/entity/Q120413103,tarantella napoletana,1
http://www.wikidata.org/entity/Q120484427,dariacore,3
http://www.wikidata.org/entity/Q120691315,Ugandan hip hop,1
http://www.wikidata.org/entity/Q120691352,Congolese hip hop,1
http://www.wikidata.org/entity/Q120715859,ghetto funk,0
http://www.wikidata.org/entity/Q120715924,asian rock,0
http://www.wikidata.org/entity/Q120867282,shitgaze,4
http://www.wikidata.org/entity/Q120970818,Meistersang,0
http://www.wikidata.org/entity/Q120987711,disco rap,0
http://www.wikidata.org/entity/Q121032006,national music,2
http://www.wikidata.org/entity/Q121160612,Sahari,1
http://www.wikidata.org/entity/Q121170607,Waama music,0
http://www.wikidata.org/entity/Q121285291,zess,0
http://www.wikidata.org/entity/Q121306892,heavy yoik,0
http://www.wikidata.org/entity/Q121368137,psychedelic metal,1
http://www.wikidata.org/entity/Q121411631,neo-nazi music,0
http://www.wikidata.org/entity/Q121437377,bashment soca,0
http://www.wikidata.org/entity/Q121437389,fusion gugak,0
http://www.wikidata.org/entity/Q121494463,Kosmische Musik,1
http://www.wikidata.org/entity/Q121667432,psychedelic rap,1
http://www.wikidata.org/entity/Q121840759,dub reggae,0
http://www.wikidata.org/entity/Q121975531,boss music,0
http://www.wikidata.org/entity/Q122033743,chuntunqui romántico,0
http://www.wikidata.org/entity/Q122034158,Druze music,0
http://www.wikidata.org/entity/Q122034415,Philippine rondalla,0
http://www.wikidata.org/entity/Q122034475,gengetone,0
http://www.wikidata.org/entity/Q122034540,Mossi music,0
http://www.wikidata.org/entity/Q122034643,ballet de cour,0
http://www.wikidata.org/entity/Q122034795,Greenlander music,0
http://www.wikidata.org/entity/Q122143484,scam rap,1
http://www.wikidata.org/entity/Q840748,Iranian hip hop,9
http://www.wikidata.org/entity/Q842324,indie pop,47
http://www.wikidata.org/entity/Q3874690,Italian neo-progressive,1
http://www.wikidata.org/entity/Q3875615,new acoustic movement,1
http://www.wikidata.org/entity/Q3876770,nightcore,24
http://www.wikidata.org/entity/Q3879179,nu gaze,8
http://www.wikidata.org/entity/Q3879286,nueva canción chilena,5
http://www.wikidata.org/entity/Q3889385,music of Chile,6
http://www.wikidata.org/entity/Q3889661,marchinha,6
http://www.wikidata.org/entity/Q3897519,pastorella,2
http://www.wikidata.org/entity/Q1938987,club house,1
http://www.wikidata.org/entity/Q1939197,türkü,11
http://www.wikidata.org/entity/Q1942905,Geuzen song,3
http://www.wikidata.org/entity/Q1947846,murder ballad,10
http://www.wikidata.org/entity/Q1952679,mundart music,1
http://www.wikidata.org/entity/Q1952808,Munich sound,3
http://www.wikidata.org/entity/Q1954953,musical play,1
http://www.wikidata.org/entity/Q1955000,music of the Gambia,3
http://www.wikidata.org/entity/Q1955040,music of the Democratic Republic of the Congo,5
http://www.wikidata.org/entity/Q1956166,Muwashshah,23
http://www.wikidata.org/entity/Q848457,speedcore,23
http://www.wikidata.org/entity/Q848852,Eurobeat,27
http://www.wikidata.org/entity/Q3328768,music of Sri Lanka,5
http://www.wikidata.org/entity/Q3328770,music of Senegal,4
http://www.wikidata.org/entity/Q3328772,music of Tajikistan,8
http://www.wikidata.org/entity/Q822914,Christian metal,37
http://www.wikidata.org/entity/Q6942260,music of San Marino,2
http://www.wikidata.org/entity/Q6942262,music of Saskatchewan,1
http://www.wikidata.org/entity/Q6942263,music of Sardinia,4
http://www.wikidata.org/entity/Q6942267,music of Seychelles,3
http://www.wikidata.org/entity/Q6942271,music of Sierra Leone,5
http://www.wikidata.org/entity/Q6942275,music of Singapore,5
http://www.wikidata.org/entity/Q6942277,music of Somalia,7
http://www.wikidata.org/entity/Q6942280,music of South Korea,10
http://www.wikidata.org/entity/Q8347620,industrial coldwave,1
http://www.wikidata.org/entity/Q8457821,cielito,2
http://www.wikidata.org/entity/Q8560269,dirty south,4
http://www.wikidata.org/entity/Q8564213,Punjabi folk music,8
http://www.wikidata.org/entity/Q8701407,waltz,15
http://www.wikidata.org/entity/Q8770312,Donosti sound,2
http://www.wikidata.org/entity/Q8774180,El vito,3
http://www.wikidata.org/entity/Q8812109,church music,31
http://www.wikidata.org/entity/Q1958247,Brazilian gaucho music,6
http://www.wikidata.org/entity/Q1958273,sertanejo,17
http://www.wikidata.org/entity/Q1969410,ikos,10
http://www.wikidata.org/entity/Q1973457,seguidilla,17
http://www.wikidata.org/entity/Q1973860,stotra,27
http://www.wikidata.org/entity/Q1973965,Dutch hip hop,4
http://www.wikidata.org/entity/Q1987105,grebo,9
http://www.wikidata.org/entity/Q1987980,breakstep,7
http://www.wikidata.org/entity/Q1989725,nigun,12
http://www.wikidata.org/entity/Q1990122,Celtic punk,25
http://www.wikidata.org/entity/Q1991450,New York blues,4
http://www.wikidata.org/entity/Q1995569,thrashcore,16
http://www.wikidata.org/entity/Q3931695,gospel reggae,3
http://www.wikidata.org/entity/Q3939763,rockers reggae,4
http://www.wikidata.org/entity/Q3948462,sankyoku,4
http://www.wikidata.org/entity/Q3951797,Italian hardcore punk,3
http://www.wikidata.org/entity/Q3963047,smooth reggae,1
http://www.wikidata.org/entity/Q3963051,smooth soul,4
http://www.wikidata.org/entity/Q3967328,spy music,1
http://www.wikidata.org/entity/Q3974631,boerenrock,2
http://www.wikidata.org/entity/Q3975956,street cry,9
http://www.wikidata.org/entity/Q3978155,suri sicuri,3
http://www.wikidata.org/entity/Q3980452,talking blues,4
http://www.wikidata.org/entity/Q3980643,tammurriata,3
http://www.wikidata.org/entity/Q3981034,tarana,7
http://www.wikidata.org/entity/Q3981262,Tasgia,1
http://www.wikidata.org/entity/Q3982213,singing theater,2
http://www.wikidata.org/entity/Q3990466,third wave ska,3
http://www.wikidata.org/entity/Q837837,power pop,34
http://www.wikidata.org/entity/Q839029,raï,38
http://www.wikidata.org/entity/Q840065,new jack swing,26
http://www.wikidata.org/entity/Q9079141,soul rock,1
http://www.wikidata.org/entity/Q9081689,tamborileros de Tabasco,2
http://www.wikidata.org/entity/Q9081761,tango para chicos,1
http://www.wikidata.org/entity/Q9089200,totalism,4
http://www.wikidata.org/entity/Q9095433,waka music,4
http://www.wikidata.org/entity/Q9148579,allemande,2
http://www.wikidata.org/entity/Q9149798,ambient noise wall,1
http://www.wikidata.org/entity/Q9149801,ambient techno,8
http://www.wikidata.org/entity/Q9162904,avant-pop,10
http://www.wikidata.org/entity/Q850412,contemporary R&B,47
http://www.wikidata.org/entity/Q105433718,aroubi,1
http://www.wikidata.org/entity/Q105635535,Östergötland folk,2
http://www.wikidata.org/entity/Q105636937,experimental techno,0
http://www.wikidata.org/entity/Q105636940,leftfield house,0
http://www.wikidata.org/entity/Q105637106,clubjazz,0
http://www.wikidata.org/entity/Q105637110,jazz house,1
http://www.wikidata.org/entity/Q105637114,deep funk revival,0
http://www.wikidata.org/entity/Q105637123,leftfield hip hop,0
http://www.wikidata.org/entity/Q105657448,Belarusian folk music,0
http://www.wikidata.org/entity/Q105672644,electro-jazz,0
http://www.wikidata.org/entity/Q105697765,impressionist music,0
http://www.wikidata.org/entity/Q105697818,neoromantic music,0
http://www.wikidata.org/entity/Q105697907,swingbeat,0
http://www.wikidata.org/entity/Q105756581,big band music,0
http://www.wikidata.org/entity/Q105757139,dansband music,2
http://www.wikidata.org/entity/Q105762622,Sepolcro,1
http://www.wikidata.org/entity/Q105763581,experimental electronic music,0
http://www.wikidata.org/entity/Q1995980,new rave,15
http://www.wikidata.org/entity/Q2000173,Gnawa music,15
http://www.wikidata.org/entity/Q2000397,music of Moldova,7
http://www.wikidata.org/entity/Q2001062,Northern soul (US),1
http://www.wikidata.org/entity/Q2002705,nouvelle chanson,6
http://www.wikidata.org/entity/Q2003975,Nu,1
http://www.wikidata.org/entity/Q2004156,industrial hip-hop,7
http://www.wikidata.org/entity/Q2022163,Southern gospel,6
http://www.wikidata.org/entity/Q2028627,orchestral song,4
http://www.wikidata.org/entity/Q2032053,music of Georgia,14
http://www.wikidata.org/entity/Q2035976,Nintendocore,22
http://www.wikidata.org/entity/Q2036172,pizzica,14
http://www.wikidata.org/entity/Q2037128,Metal Mass,5
http://www.wikidata.org/entity/Q2038317,new prog,8
http://www.wikidata.org/entity/Q2043175,hyphy,6
http://www.wikidata.org/entity/Q2045168,jor,3
http://www.wikidata.org/entity/Q2045695,shock rock,25
http://www.wikidata.org/entity/Q2047694,cantiones natalitiæ,3
http://www.wikidata.org/entity/Q2047814,Palingsound,5
http://www.wikidata.org/entity/Q2064394,worldbeat,13
http://www.wikidata.org/entity/Q30638997,mumble rap,19
http://www.wikidata.org/entity/Q30639642,Maithili music,5
http://www.wikidata.org/entity/Q30688859,Cachi Cachi music,1
http://www.wikidata.org/entity/Q30692559,Weird Soundcloud,3
http://www.wikidata.org/entity/Q30765672,turbine,1
http://www.wikidata.org/entity/Q30879806,avant-garde hip hop,1
http://www.wikidata.org/entity/Q30895273,Sovietwave,14
http://www.wikidata.org/entity/Q30902501,tecnorumba,2
http://www.wikidata.org/entity/Q30904272,Argentinian blues,1
http://www.wikidata.org/entity/Q30909062,Jotas del Ebro,3
http://www.wikidata.org/entity/Q30912564,Taiwanese mandopop,1
http://www.wikidata.org/entity/Q30912999,German techno,0
http://www.wikidata.org/entity/Q30917047,classic trance,1
http://www.wikidata.org/entity/Q30917612,Eurohouse,4
http://www.wikidata.org/entity/Q30919272,artcore drum and bass,1
http://www.wikidata.org/entity/Q828305,skate punk,25
http://www.wikidata.org/entity/Q829147,protest song,36
http://www.wikidata.org/entity/Q2090950,Byzantine music,23
http://www.wikidata.org/entity/Q2094385,postlude,12
http://www.wikidata.org/entity/Q2097664,Indorock,7
http://www.wikidata.org/entity/Q2101610,political punk,1
http://www.wikidata.org/entity/Q2101613,Politrock,1
http://www.wikidata.org/entity/Q2101808,Dutch punk,3
http://www.wikidata.org/entity/Q2102487,Polish pop,2
http://www.wikidata.org/entity/Q2102553,Polish hip hop,4
http://www.wikidata.org/entity/Q2104067,jazz pop,6
http://www.wikidata.org/entity/Q2104307,popular classical,1
http://www.wikidata.org/entity/Q4006363,Urban Pasifika,3
http://www.wikidata.org/entity/Q4006465,Urlatori,3
http://www.wikidata.org/entity/Q4011109,rasqueado,1
http://www.wikidata.org/entity/Q4011325,Vidalita,2
http://www.wikidata.org/entity/Q4020968,world fusion,1
http://www.wikidata.org/entity/Q4024159,Zenji flava,3
http://www.wikidata.org/entity/Q4034145,antipop,0
http://www.wikidata.org/entity/Q4040357,halfstep,1
http://www.wikidata.org/entity/Q4045303,new-school hip-hop,6
http://www.wikidata.org/entity/Q4045538,nu-disco,17
http://www.wikidata.org/entity/Q4049849,spacesynth,4
http://www.wikidata.org/entity/Q4053719,yoyga,1
http://www.wikidata.org/entity/Q4056436,bard song,9
http://www.wikidata.org/entity/Q108743983,North American folk music,0
http://www.wikidata.org/entity/Q108757333,Tuvan throat singing,26
http://www.wikidata.org/entity/Q108788324,hill tribe music,0
http://www.wikidata.org/entity/Q108788334,Hmong folk music,0
http://www.wikidata.org/entity/Q108788365,Hmong pop,0
http://www.wikidata.org/entity/Q108788730,indigenous Taiwanese music,0
http://www.wikidata.org/entity/Q108807617,silent film music,0
http://www.wikidata.org/entity/Q108807656,Ionian Islands folk music,0
http://www.wikidata.org/entity/Q108807661,Jamaican ska,0
http://www.wikidata.org/entity/Q108807663,jook,0
http://www.wikidata.org/entity/Q108807670,Kabye folk music,0
http://www.wikidata.org/entity/Q108807674,Kalmyk folk music,0
http://www.wikidata.org/entity/Q108823220,ritual song,1
http://www.wikidata.org/entity/Q108831582,big room trance,0
http://www.wikidata.org/entity/Q108834047,mele ʻauana,0
http://www.wikidata.org/entity/Q108844852,Khakas folk music,0
http://www.wikidata.org/entity/Q29068175,leelo,1
http://www.wikidata.org/entity/Q29252685,trikiti,1
http://www.wikidata.org/entity/Q29425426,holehole bushi,2
http://www.wikidata.org/entity/Q29480448,industrial techno,6
http://www.wikidata.org/entity/Q890887,Eurotrance,14
http://www.wikidata.org/entity/Q892958,boogaloo,14
http://www.wikidata.org/entity/Q896513,Hamburger Schule,5
http://www.wikidata.org/entity/Q896981,field holler,9
http://www.wikidata.org/entity/Q898530,Wagnerian rock,11
http://www.wikidata.org/entity/Q898709,rave music,9
http://www.wikidata.org/entity/Q830325,horror punk,31
http://www.wikidata.org/entity/Q830634,Minnesang,35
http://www.wikidata.org/entity/Q831354,smooth jazz,26
http://www.wikidata.org/entity/Q854451,Celtic music,39
http://www.wikidata.org/entity/Q854775,bhajan,37
http://www.wikidata.org/entity/Q858579,big beat,23
http://www.wikidata.org/entity/Q860196,bikutsi,12
http://www.wikidata.org/entity/Q861823,electroclash,26
http://www.wikidata.org/entity/Q863539,binaural beats,17
http://www.wikidata.org/entity/Q2105045,dump,2
http://www.wikidata.org/entity/Q2105776,Posse mit Gesang,6
http://www.wikidata.org/entity/Q2106887,psychedelic hip-hop,1
http://www.wikidata.org/entity/Q2109360,Danza,6
http://www.wikidata.org/entity/Q16733731,Kpanlogo,9
http://www.wikidata.org/entity/Q16801007,Mongolian throat singing,1
http://www.wikidata.org/entity/Q16820420,American march music,1
http://www.wikidata.org/entity/Q16821210,Japanese jazz,8
http://www.wikidata.org/entity/Q16828236,Scottish court music,1
http://www.wikidata.org/entity/Q16829781,cloud rap,16
http://www.wikidata.org/entity/Q899116,neoclassical dark wave,10
http://www.wikidata.org/entity/Q899215,music of Brazil,20
http://www.wikidata.org/entity/Q901610,min'yō,7
http://www.wikidata.org/entity/Q903735,breakcore,24
http://www.wikidata.org/entity/Q2064873,math metal,3
http://www.wikidata.org/entity/Q2069651,Kolomyjka,16
http://www.wikidata.org/entity/Q2070102,Azerbaijani jazz,10
http://www.wikidata.org/entity/Q2076779,bubblegum dance,8
http://www.wikidata.org/entity/Q2078706,music of Luxembourg,6
http://www.wikidata.org/entity/Q2082510,music of Switzerland,7
http://www.wikidata.org/entity/Q2082572,liquid drum and bass,17
http://www.wikidata.org/entity/Q2084353,electronicore,19
http://www.wikidata.org/entity/Q2087267,laïko,19
http://www.wikidata.org/entity/Q2089511,death-doom,28
http://www.wikidata.org/entity/Q7050752,Nordic folk music,8
http://www.wikidata.org/entity/Q7060273,Northwest Wind,1
http://www.wikidata.org/entity/Q7067688,nu-funk,3
http://www.wikidata.org/entity/Q7070611,nuubaat,1
http://www.wikidata.org/entity/Q7077860,Odissi music,7
http://www.wikidata.org/entity/Q7085499,Old time fiddle,1
http://www.wikidata.org/entity/Q7088779,Oltului,1
http://www.wikidata.org/entity/Q7092205,ondo,6
http://www.wikidata.org/entity/Q7118426,alternative R&B,18
http://www.wikidata.org/entity/Q2089987,twelve-bar blues,18
http://www.wikidata.org/entity/Q2090023,piano rock,12
http://www.wikidata.org/entity/Q2090712,music of Austria,18
http://www.wikidata.org/entity/Q21684437,rumba,7
http://www.wikidata.org/entity/Q21713208,Argentine punk,2
http://www.wikidata.org/entity/Q21848887,Christmas hymn,0
http://www.wikidata.org/entity/Q21856748,Tailgate,2
http://www.wikidata.org/entity/Q21971297,music of the British Isles,1
http://www.wikidata.org/entity/Q21997160,Muisca music,4
http://www.wikidata.org/entity/Q21998394,catalogue aria,1
http://www.wikidata.org/entity/Q21998559,instrumental solo piece,0
http://www.wikidata.org/entity/Q21998637,masonic music,5
http://www.wikidata.org/entity/Q22110347,versu de Carbuccia,1
http://www.wikidata.org/entity/Q22114540,versu du Nebbiu,1
http://www.wikidata.org/entity/Q22115031,versu de Sermanu,1
http://www.wikidata.org/entity/Q22908051,Quaker music,1
http://www.wikidata.org/entity/Q22908082,rabòday,3
http://www.wikidata.org/entity/Q22908553,future bass,19
http://www.wikidata.org/entity/Q4058252,Azerbaijani folk music,8
http://www.wikidata.org/entity/Q4059163,classical electronic music,3
http://www.wikidata.org/entity/Q4065202,Anglo-American music,2
http://www.wikidata.org/entity/Q4069711,Armenian folk music,7
http://www.wikidata.org/entity/Q4078107,bard rock,1
http://www.wikidata.org/entity/Q4083733,Beneventan chant,9
http://www.wikidata.org/entity/Q4088026,blatnaya pesnya,5
http://www.wikidata.org/entity/Q4100058,Buryat folk music,1
http://www.wikidata.org/entity/Q4117103,music of Sudan,6
http://www.wikidata.org/entity/Q4118941,mezwed,3
http://www.wikidata.org/entity/Q23301960,dark pop,4
http://www.wikidata.org/entity/Q23499405,rúmbia,1
http://www.wikidata.org/entity/Q23637018,hornpipe,1
http://www.wikidata.org/entity/Q23687321,choir work,1
http://www.wikidata.org/entity/Q23710206,Paschen,1
http://www.wikidata.org/entity/Q23808076,Serbian pop,2
http://www.wikidata.org/entity/Q23808313,temperance song,2
http://www.wikidata.org/entity/Q23817363,parody song,2
http://www.wikidata.org/entity/Q23834771,Jota in Catalonia,1
http://www.wikidata.org/entity/Q23925185,pilón,1
http://www.wikidata.org/entity/Q24061928,St. Louis Bounce,1
http://www.wikidata.org/entity/Q24077837,psydub,2
http://www.wikidata.org/entity/Q24189851,epic music,6
http://www.wikidata.org/entity/Q24204889,Palo music,2
http://www.wikidata.org/entity/Q24256758,polka norteña,1
http://www.wikidata.org/entity/Q24840943,Chinese new year songs,2
http://www.wikidata.org/entity/Q39052425,Midwest emo,11
http://www.wikidata.org/entity/Q39052604,nu metalcore,7
http://www.wikidata.org/entity/Q39075405,Italian punk rock,3
http://www.wikidata.org/entity/Q39760174,Rera,1
http://www.wikidata.org/entity/Q40039114,Volkslied,10
http://www.wikidata.org/entity/Q40379540,Moroccan malhun,1
http://www.wikidata.org/entity/Q40488741,mazurca ranchera,1
http://www.wikidata.org/entity/Q40501317,Polca canaria,1
http://www.wikidata.org/entity/Q42525933,Lutheran hymn,1
http://www.wikidata.org/entity/Q42681198,propaganda music,0
http://www.wikidata.org/entity/Q22909461,toytown techno,3
http://www.wikidata.org/entity/Q22947471,fkirettes,2
http://www.wikidata.org/entity/Q22948243,Arabic rock,3
http://www.wikidata.org/entity/Q22949256,aita,5
http://www.wikidata.org/entity/Q22964975,black MIDI,12
http://www.wikidata.org/entity/Q22991878,chamber pop,10
http://www.wikidata.org/entity/Q23019151,reggada,10
http://www.wikidata.org/entity/Q23072366,Supraslian chant,1
http://www.wikidata.org/entity/Q23072435,chant,1
http://www.wikidata.org/entity/Q904500,Detroit rock,4
http://www.wikidata.org/entity/Q906647,Dixieland jazz,39
http://www.wikidata.org/entity/Q907799,Duranguense,5
http://www.wikidata.org/entity/Q910606,music of Brittany,7
http://www.wikidata.org/entity/Q912383,furniture music,13
http://www.wikidata.org/entity/Q16941867,Jamaquello,2
http://www.wikidata.org/entity/Q16942070,Mexican folk music,1
http://www.wikidata.org/entity/Q16942605,nhạc dân tộc cải biên,2
http://www.wikidata.org/entity/Q16947034,Venezuelan bambuco,1
http://www.wikidata.org/entity/Q16947691,tropical fusion,1
http://www.wikidata.org/entity/Q16951912,Birmingham sound,3
http://www.wikidata.org/entity/Q16954055,bro-country,7
http://www.wikidata.org/entity/Q16954258,B-Town,1
http://www.wikidata.org/entity/Q16960459,dhaanto,5
http://www.wikidata.org/entity/Q16961740,music of Vatican City,5
http://www.wikidata.org/entity/Q16965402,Jari gan,4
http://www.wikidata.org/entity/Q16965849,Sawani,4
http://www.wikidata.org/entity/Q16977816,Moroccan pop,2
http://www.wikidata.org/entity/Q16979361,neotango,2
http://www.wikidata.org/entity/Q16985341,British Black music,1
http://www.wikidata.org/entity/Q16985638,Bulgarian wedding music,1
http://www.wikidata.org/entity/Q115625176,Colombian cumbia,0
http://www.wikidata.org/entity/Q115632110,batuque paulista,1
http://www.wikidata.org/entity/Q115632116,Batuque de Umbigada,1
http://www.wikidata.org/entity/Q115684103,swancore,0
http://www.wikidata.org/entity/Q115690999,future riddim,0
http://www.wikidata.org/entity/Q115691081,Chicago drill,1
http://www.wikidata.org/entity/Q115702912,Detroit hardcore,1
http://www.wikidata.org/entity/Q115725821,YouTube poop music video,1
http://www.wikidata.org/entity/Q115725860,MAD Movie music,0
http://www.wikidata.org/entity/Q115741204,Hungarian string band music,0
http://www.wikidata.org/entity/Q115776141,vude,0
http://www.wikidata.org/entity/Q115799227,música plancha,1
http://www.wikidata.org/entity/Q115799883,cueca rock,1
http://www.wikidata.org/entity/Q7901509,Uruguayan rock,6
http://www.wikidata.org/entity/Q7911938,vallenato-salsa,0
http://www.wikidata.org/entity/Q7912528,valona,3
http://www.wikidata.org/entity/Q7915876,variety,3
http://www.wikidata.org/entity/Q7919872,Venezuelan rock,3
http://www.wikidata.org/entity/Q7919873,Venezuelan waltz,2
http://www.wikidata.org/entity/Q7920719,Ver,1
http://www.wikidata.org/entity/Q7922659,Verse anthem,2
http://www.wikidata.org/entity/Q7928923,vigilante rap,1
http://www.wikidata.org/entity/Q7935998,Vishnupada,1
http://www.wikidata.org/entity/Q7939193,vocal harmony,4
http://www.wikidata.org/entity/Q7967858,wangga,1
http://www.wikidata.org/entity/Q7972788,Wassoulou music,8
http://www.wikidata.org/entity/Q116764541,science fiction music,0
http://www.wikidata.org/entity/Q116777655,music of Congo,0
http://www.wikidata.org/entity/Q116780115,sludgefest,0
http://www.wikidata.org/entity/Q116782420,corridos prohibidos,1
http://www.wikidata.org/entity/Q116875230,gospel house,0
http://www.wikidata.org/entity/Q116875242,tanjidor music,0
http://www.wikidata.org/entity/Q116875252,Baroque suite,1
http://www.wikidata.org/entity/Q116884389,son,0
http://www.wikidata.org/entity/Q116897627,music of Tyrol,0
http://www.wikidata.org/entity/Q116952929,hyper techno,0
http://www.wikidata.org/entity/Q116952981,gusle music,0
http://www.wikidata.org/entity/Q116958268,occult music,0
http://www.wikidata.org/entity/Q116960000,no melody trap,0
http://www.wikidata.org/entity/Q116971511,kolo music,0
http://www.wikidata.org/entity/Q116972319,first wave black metal,2
http://www.wikidata.org/entity/Q116973456,Maghreb music,0
http://www.wikidata.org/entity/Q116974285,Nagara Naam,1
http://www.wikidata.org/entity/Q116979673,British trad rock,0
http://www.wikidata.org/entity/Q116984510,tundra blues,0
http://www.wikidata.org/entity/Q116985035,electronic pop,3
http://www.wikidata.org/entity/Q116985269,hotel pop,1
http://www.wikidata.org/entity/Q117000933,Eastern European pop,0
http://www.wikidata.org/entity/Q117000942,Croatian pop,0
http://www.wikidata.org/entity/Q117001315,Chilean cueca,0
http://www.wikidata.org/entity/Q117003970,Ilorin Waka,2
http://www.wikidata.org/entity/Q117031611,keisatsu uta,1
http://www.wikidata.org/entity/Q117033811,horo music,0
http://www.wikidata.org/entity/Q117048629,minyo,0
http://www.wikidata.org/entity/Q117074058,Adamma Dance,1
http://www.wikidata.org/entity/Q117187170,synagogue music,0
http://www.wikidata.org/entity/Q864605,biomusic,7
http://www.wikidata.org/entity/Q866816,bourrée,32
http://www.wikidata.org/entity/Q867306,music of Thailand,8
http://www.wikidata.org/entity/Q867914,clausula,11
http://www.wikidata.org/entity/Q868855,old-school hip-hop,23
http://www.wikidata.org/entity/Q869210,corrido,15
http://www.wikidata.org/entity/Q869750,Okinawan music,4
http://www.wikidata.org/entity/Q870340,chalga,22
http://www.wikidata.org/entity/Q852210,music of Romania,14
http://www.wikidata.org/entity/Q852767,Southern rock,32
http://www.wikidata.org/entity/Q853873,cantopop,26
http://www.wikidata.org/entity/Q16837290,Balearic trance,7
http://www.wikidata.org/entity/Q16837791,music of French Guiana,2
http://www.wikidata.org/entity/Q16844015,toada de boi,2
http://www.wikidata.org/entity/Q16845069,Bothy band,2
http://www.wikidata.org/entity/Q16855754,blackgaze,22
http://www.wikidata.org/entity/Q16873176,New Orleans soul,1
http://www.wikidata.org/entity/Q16874159,tyrolienne,1
http://www.wikidata.org/entity/Q16875726,Ikinimba,3
http://www.wikidata.org/entity/Q16888343,Wuu Chinese pop,1
http://www.wikidata.org/entity/Q16894106,1-bit music,1
http://www.wikidata.org/entity/Q16894831,pols,6
http://www.wikidata.org/entity/Q16909209,Ovi (music),1
http://www.wikidata.org/entity/Q16912992,stepenny,1
http://www.wikidata.org/entity/Q16928350,Mirabi,1
http://www.wikidata.org/entity/Q16937368,koliadka,17
http://www.wikidata.org/entity/Q880270,traditional black gospel,1
http://www.wikidata.org/entity/Q882985,garba,24
http://www.wikidata.org/entity/Q885561,blue-eyed soul,26
http://www.wikidata.org/entity/Q885943,blue yodeling,3
http://www.wikidata.org/entity/Q888137,skweee,10
http://www.wikidata.org/entity/Q9302696,mafioso rap,3
http://www.wikidata.org/entity/Q20507819,Armenian rural music,2
http://www.wikidata.org/entity/Q20587253,tembang tengahan,1
http://www.wikidata.org/entity/Q20589414,carol plygain,1
http://www.wikidata.org/entity/Q20615323,Gaelic song,1
http://www.wikidata.org/entity/Q20627595,Kyrgyz music,1
http://www.wikidata.org/entity/Q20631510,Ameripolitan,0
http://www.wikidata.org/entity/Q20656222,galopa misionera,2
http://www.wikidata.org/entity/Q20715191,Afro-Cuban music,1
http://www.wikidata.org/entity/Q20716146,rasteirinha,3
http://www.wikidata.org/entity/Q20722785,Ode for St. Cecilia,1
http://www.wikidata.org/entity/Q20726225,diwan,2
http://www.wikidata.org/entity/Q20819985,Hasidic music,2
http://www.wikidata.org/entity/Q20820817,Frisian pop,1
http://www.wikidata.org/entity/Q20825943,Balkan pop-folk,6
http://www.wikidata.org/entity/Q29652773,film soundtrack,0
http://www.wikidata.org/entity/Q29973057,gqom,8
http://www.wikidata.org/entity/Q30324607,Ethiopian chant,4
http://www.wikidata.org/entity/Q30587620,rake-and-scrape,3
http://www.wikidata.org/entity/Q30587784,progressive metalcore,6
http://www.wikidata.org/entity/Q30593639,avant-funk,5
http://www.wikidata.org/entity/Q30594541,hardvapour,5
http://www.wikidata.org/entity/Q30632022,synth funk,1
http://www.wikidata.org/entity/Q30632442,agbadza,11
http://www.wikidata.org/entity/Q876812,capriccio,29
http://www.wikidata.org/entity/Q877693,rap rock,39
http://www.wikidata.org/entity/Q854844,bhangra,28
http://www.wikidata.org/entity/Q856713,Christian hymn,14
http://www.wikidata.org/entity/Q856872,rap metal,34
http://www.wikidata.org/entity/Q16986699,cha-cha-chá,8
http://www.wikidata.org/entity/Q16987529,Italian classical music,2
http://www.wikidata.org/entity/Q16993565,Afro-Peruvian music,3
http://www.wikidata.org/entity/Q17000631,Australian folk music,4
http://www.wikidata.org/entity/Q17002468,Brasília hip hop,2
http://www.wikidata.org/entity/Q17004101,Haitian Gospel,1
http://www.wikidata.org/entity/Q17004167,Haitian rock,3
http://www.wikidata.org/entity/Q17004507,music of Guinea,3
http://www.wikidata.org/entity/Q17004572,hip hop galsen,1
http://www.wikidata.org/entity/Q17007779,Latin Christian music,2
http://www.wikidata.org/entity/Q17012551,animation music,1
http://www.wikidata.org/entity/Q17018487,Scottish folk music,2
http://www.wikidata.org/entity/Q17021538,Meriyasu,2
http://www.wikidata.org/entity/Q17030450,Kanikapila,2
http://www.wikidata.org/entity/Q17037735,Sadra,2
http://www.wikidata.org/entity/Q17045570,triumphal march,2
http://www.wikidata.org/entity/Q17045843,Seminole music,3
http://www.wikidata.org/entity/Q3905200,Suzhou pingtan,4
http://www.wikidata.org/entity/Q3907451,political reggae,1
http://www.wikidata.org/entity/Q3908370,pop metal,14
http://www.wikidata.org/entity/Q3908372,pop raï,2
http://www.wikidata.org/entity/Q3918025,vesnianky,10
http://www.wikidata.org/entity/Q3922813,American progressive rock,2
http://www.wikidata.org/entity/Q3924081,prosodion,4
http://www.wikidata.org/entity/Q3924271,proto doom,2
http://www.wikidata.org/entity/Q3925627,punk funk,3
http://www.wikidata.org/entity/Q48996475,Romanza,1
http://www.wikidata.org/entity/Q48999297,Rage aria,1
http://www.wikidata.org/entity/Q49001554,Tamang Selo,5
http://www.wikidata.org/entity/Q49096106,Swedish R&B,1
http://www.wikidata.org/entity/Q51446080,Chinese traditional music,5
http://www.wikidata.org/entity/Q51560345,intuitive folk,0
http://www.wikidata.org/entity/Q51882621,samba junino,2
http://www.wikidata.org/entity/Q53677895,Navarese jota,3
http://www.wikidata.org/entity/Q53677903,Jota riojana,0
http://www.wikidata.org/entity/Q53677911,Jota extremeña,0
http://www.wikidata.org/entity/Q53677919,Jota asturiana,1
http://www.wikidata.org/entity/Q53677925,Jota valenciana,1
http://www.wikidata.org/entity/Q53677927,Jota murciana,1
http://www.wikidata.org/entity/Q53677931,Jota gallega,1
http://www.wikidata.org/entity/Q53677938,Jota leonesa,1
http://www.wikidata.org/entity/Q53677940,Jota manchega,0
http://www.wikidata.org/entity/Q108845022,kilapanga,0
http://www.wikidata.org/entity/Q108845109,Khoisan folk music,0
http://www.wikidata.org/entity/Q108845283,Kef music,0
http://www.wikidata.org/entity/Q108847554,Lab polyphony,0
http://www.wikidata.org/entity/Q108857328,music of Eastern Europe,0
http://www.wikidata.org/entity/Q24876318,drumstep,2
http://www.wikidata.org/entity/Q24885387,juke,0
http://www.wikidata.org/entity/Q24887126,post-progressive,3
http://www.wikidata.org/entity/Q24905903,Simpsonwave,0
http://www.wikidata.org/entity/Q24910123,Jewish rock,2
http://www.wikidata.org/entity/Q24935256,Candombe beat,1
http://www.wikidata.org/entity/Q24938169,canzone sassarese,1
http://www.wikidata.org/entity/Q24941533,spandau synthpop,1
http://www.wikidata.org/entity/Q24943969,Jewish hip hop,2
http://www.wikidata.org/entity/Q25001356,Canadian Latin music,1
http://www.wikidata.org/entity/Q25040706,RnBass,1
http://www.wikidata.org/entity/Q25040713,New York soul,1
http://www.wikidata.org/entity/Q25040715,Mauritian hip hop,1
http://www.wikidata.org/entity/Q25047660,Serbian folk music,3
http://www.wikidata.org/entity/Q25091767,mutuashi,1
http://www.wikidata.org/entity/Q25092815,nhari,3
http://www.wikidata.org/entity/Q25093633,tsapiky,3
http://www.wikidata.org/entity/Q25094591,experimental pop,9
http://www.wikidata.org/entity/Q21000514,rawstyle,3
http://www.wikidata.org/entity/Q21003309,Milonga-candombe,1
http://www.wikidata.org/entity/Q21006606,bass,1
http://www.wikidata.org/entity/Q21028652,Achewiq,3
http://www.wikidata.org/entity/Q21059341,cumbia pop,2
http://www.wikidata.org/entity/Q21064844,Hako,4
http://www.wikidata.org/entity/Q21074462,Aztec music,1
http://www.wikidata.org/entity/Q21234489,Italian new wave,1
http://www.wikidata.org/entity/Q21260785,rara tech,3
http://www.wikidata.org/entity/Q21261423,Nuyorican rap,1
http://www.wikidata.org/entity/Q21327441,bluegrass gospel,0
http://www.wikidata.org/entity/Q21400499,shaman punk,1
http://www.wikidata.org/entity/Q21427856,Caledonian rap,1
http://www.wikidata.org/entity/Q21427887,French progressive rock,1
http://www.wikidata.org/entity/Q21480567,cumbia lunática,1
http://www.wikidata.org/entity/Q21503497,rock barrial,2
http://www.wikidata.org/entity/Q21620487,kangpunk,1
http://www.wikidata.org/entity/Q21653344,carol,12
http://www.wikidata.org/entity/Q21654728,calophonic chant,1
http://www.wikidata.org/entity/Q21662779,Neue Musik,10
http://www.wikidata.org/entity/Q25094849,art pop,17
http://www.wikidata.org/entity/Q25099472,indigenous Nigerian music,1
http://www.wikidata.org/entity/Q25099691,neon pop-punk,1
http://www.wikidata.org/entity/Q25099840,Afrobeats,20
http://www.wikidata.org/entity/Q25101770,Mexican jazz,2
http://www.wikidata.org/entity/Q25110142,Italian beat,2
http://www.wikidata.org/entity/Q25110284,Croatian hip hop,1
http://www.wikidata.org/entity/Q25113117,traditional bachata,1
http://www.wikidata.org/entity/Q115800017,cueca tradicional,1
http://www.wikidata.org/entity/Q115804629,sapphic pop,1
http://www.wikidata.org/entity/Q115812361,sigidrigi,0
http://www.wikidata.org/entity/Q115858975,Dhenkir Gaan,1
http://www.wikidata.org/entity/Q30921682,Nordeste,1
http://www.wikidata.org/entity/Q30931016,samba duro,2
http://www.wikidata.org/entity/Q30934395,pessoal do Ceará,1
http://www.wikidata.org/entity/Q30971904,author acoustic song,1
http://www.wikidata.org/entity/Q31174954,koplo,3
http://www.wikidata.org/entity/Q31187915,modern metal,2
http://www.wikidata.org/entity/Q31197689,gothic death-doom,1
http://www.wikidata.org/entity/Q31358818,Cool Cymru,2
http://www.wikidata.org/entity/Q31362119,Kilalaky dadamosy,1
http://www.wikidata.org/entity/Q31449844,Kyrgyz film music,1
http://www.wikidata.org/entity/Q31450035,joktoo küülörü,1
http://www.wikidata.org/entity/Q31450746,köŋül aytuu ırları,1
http://www.wikidata.org/entity/Q31795541,khüree duu,1
http://www.wikidata.org/entity/Q31836693,jungle terror,2
http://www.wikidata.org/entity/Q31837446,dark jazz,3
http://www.wikidata.org/entity/Q31837971,NS-rap,1
http://www.wikidata.org/entity/Q31930766,symphonic power metal,1
http://www.wikidata.org/entity/Q33160145,ambient pop,4
http://www.wikidata.org/entity/Q33246019,big-beat (Eastern bloc),4
http://www.wikidata.org/entity/Q35121365,Balkan ballad,3
http://www.wikidata.org/entity/Q37681995,Sangita,2
http://www.wikidata.org/entity/Q37731261,Almlied,1
http://www.wikidata.org/entity/Q39046042,menzuma,2
http://www.wikidata.org/entity/Q39046859,harsh noise wall,8
http://www.wikidata.org/entity/Q4119678,music of Mauritania,7
http://www.wikidata.org/entity/Q4130112,ryndzivky,3
http://www.wikidata.org/entity/Q4138449,Catholic hymn,2
http://www.wikidata.org/entity/Q4145692,Russian urban romance,1
http://www.wikidata.org/entity/Q4145841,rock fusion,5
http://www.wikidata.org/entity/Q4155078,dark electro,6
http://www.wikidata.org/entity/Q4159719,Armenian jazz,6
http://www.wikidata.org/entity/Q4171186,hayashi,5
http://www.wikidata.org/entity/Q4177625,hardcore breaks,2
http://www.wikidata.org/entity/Q4179738,Cruel romance,1
http://www.wikidata.org/entity/Q4181641,zhungdra,5
http://www.wikidata.org/entity/Q832665,hard trance,19
http://www.wikidata.org/entity/Q833189,music of Norway,16
http://www.wikidata.org/entity/Q834566,ganga,8
http://www.wikidata.org/entity/Q834959,samba rock,8
http://www.wikidata.org/entity/Q47005557,Breton rock,0
http://www.wikidata.org/entity/Q47074428,SoundCloud rap,5
http://www.wikidata.org/entity/Q47781397,EDM trap music,7
http://www.wikidata.org/entity/Q48297861,Welsh folk music,3
http://www.wikidata.org/entity/Q48359853,cante chico,1
http://www.wikidata.org/entity/Q48549789,Böhmerwaldlieder,1
http://www.wikidata.org/entity/Q48723594,Vedic chant,13
http://www.wikidata.org/entity/Q48747276,lamentu,2
http://www.wikidata.org/entity/Q7269821,Quebec fiddle,1
http://www.wikidata.org/entity/Q7273050,quyi,2
http://www.wikidata.org/entity/Q7282874,ragga pop,2
http://www.wikidata.org/entity/Q7283707,raicore,0
http://www.wikidata.org/entity/Q7290060,Rampur-Sahaswan gharana,4
http://www.wikidata.org/entity/Q7293809,DMV hip-hop,2
http://www.wikidata.org/entity/Q7293812,rap opera,4
http://www.wikidata.org/entity/Q7295057,rasin,6
http://www.wikidata.org/entity/Q7295067,rasiya,6
http://www.wikidata.org/entity/Q7302395,recessional hymn,2
http://www.wikidata.org/entity/Q7306376,reductionism,1
http://www.wikidata.org/entity/Q7308175,reggae rock,10
http://www.wikidata.org/entity/Q7309098,regional Mexican,3
http://www.wikidata.org/entity/Q7310628,rekilaulu,3
http://www.wikidata.org/entity/Q4181927,technoid,3
http://www.wikidata.org/entity/Q4193824,der song,3
http://www.wikidata.org/entity/Q4198071,Hiérodrame,3
http://www.wikidata.org/entity/Q4200851,Indonesian rock,3
http://www.wikidata.org/entity/Q4202963,Ypakoe,4
http://www.wikidata.org/entity/Q4203061,Iraqi folk music,0
http://www.wikidata.org/entity/Q4207331,musok eumak,3
http://www.wikidata.org/entity/Q15635882,takmak,4
http://www.wikidata.org/entity/Q15697534,drill,25
http://www.wikidata.org/entity/Q15720097,bhavageete,3
http://www.wikidata.org/entity/Q15724280,Dasakathia,8
http://www.wikidata.org/entity/Q15733887,vaporwave,38
http://www.wikidata.org/entity/Q922865,trancecore,7
http://www.wikidata.org/entity/Q927425,French overture,16
http://www.wikidata.org/entity/Q928825,garage house,18
http://www.wikidata.org/entity/Q930592,Italo dance,18
http://www.wikidata.org/entity/Q930995,queercore,18
http://www.wikidata.org/entity/Q873478,enka,30
http://www.wikidata.org/entity/Q874038,deep house,32
http://www.wikidata.org/entity/Q876171,East Coast hip-hop,28
http://www.wikidata.org/entity/Q932477,music of Hungary,15
http://www.wikidata.org/entity/Q932977,crossover thrash,27
http://www.wikidata.org/entity/Q935086,music of Qatar,6
http://www.wikidata.org/entity/Q16029081,Deuda song,8
http://www.wikidata.org/entity/Q16035064,Wallonne chanson,2
http://www.wikidata.org/entity/Q16050341,Iranian choral music,1
http://www.wikidata.org/entity/Q16056349,Indian rock,3
http://www.wikidata.org/entity/Q16096634,kawaii metal,20
http://www.wikidata.org/entity/Q16115207,Cha-wave,1
http://www.wikidata.org/entity/Q16119301,al-hawizi maqam,1
http://www.wikidata.org/entity/Q16130554,muzikat dika'on,1
http://www.wikidata.org/entity/Q16148439,Gaelic music,2
http://www.wikidata.org/entity/Q16152327,Ukrainian pop,3
http://www.wikidata.org/entity/Q16154635,Kabarett,9
http://www.wikidata.org/entity/Q16163845,Utdari Nongak,1
http://www.wikidata.org/entity/Q16168828,Korean traditional dance music,1
http://www.wikidata.org/entity/Q16180065,geonjeon gayo,3
http://www.wikidata.org/entity/Q935586,liturgical music,16
http://www.wikidata.org/entity/Q936552,music of Tunisia,7
http://www.wikidata.org/entity/Q936573,crunk,28
http://www.wikidata.org/entity/Q936942,post-industrial music,11
http://www.wikidata.org/entity/Q117187744,Jewish liturgical music,0
http://www.wikidata.org/entity/Q117193811,mambo chileno,0
http://www.wikidata.org/entity/Q117193815,slushwave,0
http://www.wikidata.org/entity/Q117193818,tecnofunk,0
http://www.wikidata.org/entity/Q117198196,cruise,0
http://www.wikidata.org/entity/Q117209626,Karlin tunes,0
http://www.wikidata.org/entity/Q117209634,Slonim niggunim,0
http://www.wikidata.org/entity/Q117223398,calipso venezolano,0
http://www.wikidata.org/entity/Q117223451,Volga Tatar folk music,0
http://www.wikidata.org/entity/Q117261741,tôba hanyé,0
http://www.wikidata.org/entity/Q117261805,tchingounmè,0
http://www.wikidata.org/entity/Q117302049,Azerbaijani kemancha playing,3
http://www.wikidata.org/entity/Q117348352,traditional québécois music,0
http://www.wikidata.org/entity/Q117353741,generative improvisation,1
http://www.wikidata.org/entity/Q117405746,raggatek,0
http://www.wikidata.org/entity/Q117487034,New Direction,1
http://www.wikidata.org/entity/Q117561364,resort music,0
http://www.wikidata.org/entity/Q117632843,Sardinian folk music,0
http://www.wikidata.org/entity/Q117632917,northeastern Brazilian music,0
http://www.wikidata.org/entity/Q117745223,Brazilian funk,2
http://www.wikidata.org/entity/Q117745336,Gogo music,0
http://www.wikidata.org/entity/Q117745444,pop minang,1
http://www.wikidata.org/entity/Q117745523,Batak music,0
http://www.wikidata.org/entity/Q117750973,powerstomp,0
http://www.wikidata.org/entity/Q117824808,northern Brazilian music,0
http://www.wikidata.org/entity/Q117843679,Karakalpak music,0
http://www.wikidata.org/entity/Q117873051,Atulprasadi,1
http://www.wikidata.org/entity/Q118114324,shabad kirtan,0
http://www.wikidata.org/entity/Q118120091,South African folk music,0
http://www.wikidata.org/entity/Q118120984,Punjabi pop,0
http://www.wikidata.org/entity/Q118123304,post-folk,0
http://www.wikidata.org/entity/Q118123362,triki-pop,0
http://www.wikidata.org/entity/Q11660484,denpa song,11
http://www.wikidata.org/entity/Q11660625,densha shōka,2
http://www.wikidata.org/entity/Q11661531,seishun punk,1
http://www.wikidata.org/entity/Q11680297,psybreaks,2
http://www.wikidata.org/entity/Q11691380,complextro,5
http://www.wikidata.org/entity/Q11691916,csárdás,1
http://www.wikidata.org/entity/Q11693015,dark house,1
http://www.wikidata.org/entity/Q11693017,darkcore,10
http://www.wikidata.org/entity/Q11693803,montea,17
http://www.wikidata.org/entity/Q11696000,East Coast jazz,1
http://www.wikidata.org/entity/Q11696530,electro deathcore,1
http://www.wikidata.org/entity/Q11696539,elegy,3
http://www.wikidata.org/entity/Q17048822,Fakaseasea,2
http://www.wikidata.org/entity/Q17048829,Fatele,2
http://www.wikidata.org/entity/Q17049926,Q'axilu,1
http://www.wikidata.org/entity/Q17050023,Malaysian contemporary music,1
http://www.wikidata.org/entity/Q17051846,Dhumpa sangita,4
http://www.wikidata.org/entity/Q17053024,folkhop,1
http://www.wikidata.org/entity/Q17053324,popcorn,2
http://www.wikidata.org/entity/Q17053898,Ryukyuan music,5
http://www.wikidata.org/entity/Q17055458,New Zealand reggae,1
http://www.wikidata.org/entity/Q17058526,political music in China,4
http://www.wikidata.org/entity/Q17060288,Shu school,2
http://www.wikidata.org/entity/Q17065399,wong shadow,2
http://www.wikidata.org/entity/Q17069284,music of Togo,4
http://www.wikidata.org/entity/Q17070226,West Bengal rock music,2
http://www.wikidata.org/entity/Q17070464,doyo,3
http://www.wikidata.org/entity/Q17070502,music of Tamil Nadu,5
http://www.wikidata.org/entity/Q17073966,Mizo music,2
http://www.wikidata.org/entity/Q17075815,music of ancient India,3
http://www.wikidata.org/entity/Q17077948,Kontradans,2
http://www.wikidata.org/entity/Q17079948,Venezuelan merengue,3
http://www.wikidata.org/entity/Q17080863,music of Costa Rica,2
http://www.wikidata.org/entity/Q888612,deathgrind,17
http://www.wikidata.org/entity/Q890575,punk metal,10
http://www.wikidata.org/entity/Q1451799,Frauenlied,3
http://www.wikidata.org/entity/Q1452181,murga,12
http://www.wikidata.org/entity/Q1452401,għana,9
http://www.wikidata.org/entity/Q1455292,French house,28
http://www.wikidata.org/entity/Q1455487,Frenchcore,14
http://www.wikidata.org/entity/Q107192482,Turkmen music,0
http://www.wikidata.org/entity/Q107192506,Uzbek classical music,0
http://www.wikidata.org/entity/Q107194317,progressive big band,0
http://www.wikidata.org/entity/Q107194780,break-in,1
http://www.wikidata.org/entity/Q107195014,Cuban charanga,0
http://www.wikidata.org/entity/Q107196156,cuatro music,0
http://www.wikidata.org/entity/Q107197766,Tex-Mex,5
http://www.wikidata.org/entity/Q107229142,Turkish Black Sea Region folk music,1
http://www.wikidata.org/entity/Q107254577,valsa brasileira,0
http://www.wikidata.org/entity/Q107254627,cantoria,2
http://www.wikidata.org/entity/Q107266605,Andalusian folk music,0
http://www.wikidata.org/entity/Q107267446,rock andino,0
http://www.wikidata.org/entity/Q107267643,arabesque rap,0
http://www.wikidata.org/entity/Q107267759,Arabic jazz,0
http://www.wikidata.org/entity/Q107290600,pop standard,1
http://www.wikidata.org/entity/Q107290934,hookah rap,5
http://www.wikidata.org/entity/Q107308143,Maronite music,2
http://www.wikidata.org/entity/Q107331898,Croatian folk music,0
http://www.wikidata.org/entity/Q107332291,dancefloor drum and bass,0
http://www.wikidata.org/entity/Q107356948,French folk song,2
http://www.wikidata.org/entity/Q107364106,quadrille,0
http://www.wikidata.org/entity/Q107365602,Finnish jazz,3
http://www.wikidata.org/entity/Q107407607,hard trap,0
http://www.wikidata.org/entity/Q107407692,indigenous American music,0
http://www.wikidata.org/entity/Q107414547,Maraca,1
http://www.wikidata.org/entity/Q107414578,Tuka,1
http://www.wikidata.org/entity/Q107443116,Kintueni,1
http://www.wikidata.org/entity/Q107455228,cumbia turra,0
http://www.wikidata.org/entity/Q16572889,liscio,4
http://www.wikidata.org/entity/Q16575000,high brow,1
http://www.wikidata.org/entity/Q16575969,horror metal,1
http://www.wikidata.org/entity/Q16582392,Joropo tuyero,2
http://www.wikidata.org/entity/Q16587550,baile  Chocoana,1
http://www.wikidata.org/entity/Q16591771,primitivism,1
http://www.wikidata.org/entity/Q16594955,lumbalú,1
http://www.wikidata.org/entity/Q16606623,metal prehispánico,1
http://www.wikidata.org/entity/Q16610474,Contemporary Catholic liturgical music,4
http://www.wikidata.org/entity/Q16615430,Palo de Mayo,4
http://www.wikidata.org/entity/Q16625659,space ambient,0
http://www.wikidata.org/entity/Q16625777,rock de Mendoza,1
http://www.wikidata.org/entity/Q16636260,straight jazz,1
http://www.wikidata.org/entity/Q16637763,tango canción,1
http://www.wikidata.org/entity/Q16637770,tango rock,2
http://www.wikidata.org/entity/Q16669340,Kushtdepdi,7
http://www.wikidata.org/entity/Q16669553,kyska-kui,3
http://www.wikidata.org/entity/Q16674705,matanya,1
http://www.wikidata.org/entity/Q16679167,Tchamassi,1
http://www.wikidata.org/entity/Q16679594,Slavic folk music,1
http://www.wikidata.org/entity/Q16681686,nomos,3
http://www.wikidata.org/entity/Q16682190,Slavic rite song,2
http://www.wikidata.org/entity/Q7170259,Persian ritual music,1
http://www.wikidata.org/entity/Q7170263,Iranian symphonic music,2
http://www.wikidata.org/entity/Q7171184,Peruvian cumbia,5
http://www.wikidata.org/entity/Q7179597,Peyote song,3
http://www.wikidata.org/entity/Q7180954,phase music,2
http://www.wikidata.org/entity/Q7182869,Philadelphia hardcore,1
http://www.wikidata.org/entity/Q7185310,Philippine folk music,2
http://www.wikidata.org/entity/Q7187227,phonetical singing,1
http://www.wikidata.org/entity/Q7190617,Pichakaree,1
http://www.wikidata.org/entity/Q7196456,Pinoy hip hop,2
http://www.wikidata.org/entity/Q7196459,Pinoy reggae,1
http://www.wikidata.org/entity/Q7198347,Inuit music,6
http://www.wikidata.org/entity/Q7203347,Playground song,1
http://www.wikidata.org/entity/Q7205507,plunderphonics,10
http://www.wikidata.org/entity/Q7210038,Polish jazz,11
http://www.wikidata.org/entity/Q7210069,Polish reggae,1
http://www.wikidata.org/entity/Q7210075,Polish rock music,3
http://www.wikidata.org/entity/Q965834,Znamenny chant,12
http://www.wikidata.org/entity/Q966438,blues ballad,3
http://www.wikidata.org/entity/Q966564,hardcore hip-hop,26
http://www.wikidata.org/entity/Q967167,Russendisko,2
http://www.wikidata.org/entity/Q967654,neurofunk,18
http://www.wikidata.org/entity/Q118123408,plaza musika,0
http://www.wikidata.org/entity/Q118146876,Urdu music,0
http://www.wikidata.org/entity/Q118146890,Telugu music,0
http://www.wikidata.org/entity/Q118146900,Haryanvi music,0
http://www.wikidata.org/entity/Q118150969,Christmas country music,0
http://www.wikidata.org/entity/Q118151172,Jewish holiday music,0
http://www.wikidata.org/entity/Q118151323,Kannada music,0
http://www.wikidata.org/entity/Q118151324,khaleeji jalsat,0
http://www.wikidata.org/entity/Q9332634,sacro polo,1
http://www.wikidata.org/entity/Q9334632,screamo rap,1
http://www.wikidata.org/entity/Q9347545,academic style,1
http://www.wikidata.org/entity/Q9348934,symphonic trance,1
http://www.wikidata.org/entity/Q9355589,tarantella,1
http://www.wikidata.org/entity/Q9356246,psytech,0
http://www.wikidata.org/entity/Q9364028,UK funky,7
http://www.wikidata.org/entity/Q9364029,UK hardcore (techno),1
http://www.wikidata.org/entity/Q9373944,vixa,1
http://www.wikidata.org/entity/Q9375535,vitalism,1
http://www.wikidata.org/entity/Q9384895,Yunnan hill song,1
http://www.wikidata.org/entity/Q9615674,anhalt EBM,1
http://www.wikidata.org/entity/Q9668561,bumba meu boi do Maranhão,2
http://www.wikidata.org/entity/Q9849206,congo capixaba,2
http://www.wikidata.org/entity/Q10260594,Corinhos,1
http://www.wikidata.org/entity/Q10265571,desgarrada,4
http://www.wikidata.org/entity/Q10268931,dubwise drum and bass,1
http://www.wikidata.org/entity/Q10283571,forrocore,2
http://www.wikidata.org/entity/Q10283579,forró double meaning,1
http://www.wikidata.org/entity/Q10283582,electronic forró,2
http://www.wikidata.org/entity/Q10283583,forró pé de serra,2
http://www.wikidata.org/entity/Q10283584,forró universitário,1
http://www.wikidata.org/entity/Q10285947,frevo-canção,1
http://www.wikidata.org/entity/Q7385628,Ryūkōka,6
http://www.wikidata.org/entity/Q7397088,Sacred Harp,9
http://www.wikidata.org/entity/Q7397320,Sacred Steel,1
http://www.wikidata.org/entity/Q7397641,sadcore,11
http://www.wikidata.org/entity/Q7402234,Saint Thomas Christian music,1
http://www.wikidata.org/entity/Q7402829,Sakara music,6
http://www.wikidata.org/entity/Q7405759,salsa dura,1
http://www.wikidata.org/entity/Q7405765,salsa romántica,4
http://www.wikidata.org/entity/Q7406498,Salvadoran hip hop,2
http://www.wikidata.org/entity/Q7409412,Sami music,6
http://www.wikidata.org/entity/Q5088687,Chazezesa Challengers,2
http://www.wikidata.org/entity/Q5096318,Chicken scratch,2
http://www.wikidata.org/entity/Q115890848,epadunk,5
http://www.wikidata.org/entity/Q115957743,dystopian music,0
http://www.wikidata.org/entity/Q116006456,Hindutva pop,5
http://www.wikidata.org/entity/Q116045209,doomerwave,1
http://www.wikidata.org/entity/Q116148184,crack rock steady,1
http://www.wikidata.org/entity/Q116158395,polka criolla,0
http://www.wikidata.org/entity/Q116158638,indie classical,1
http://www.wikidata.org/entity/Q116192789,gommance,0
http://www.wikidata.org/entity/Q116210851,harsh,1
http://www.wikidata.org/entity/Q116256909,Korean traditional music,6
http://www.wikidata.org/entity/Q116285483,rock mossi,1
http://www.wikidata.org/entity/Q116296482,melodic house,1
http://www.wikidata.org/entity/Q116314630,rare phonk,0
http://www.wikidata.org/entity/Q116316147,mambo urbano,0
http://www.wikidata.org/entity/Q116414169,Corsican folk music,1
http://www.wikidata.org/entity/Q116455215,Banda music,0
http://www.wikidata.org/entity/Q116483739,pandeirada,1
http://www.wikidata.org/entity/Q116483777,canto de labrada,1
http://www.wikidata.org/entity/Q116483797,cantos da aña,1
http://www.wikidata.org/entity/Q116494920,instrumental country,0
http://www.wikidata.org/entity/Q116679787,dark plugg,0
http://www.wikidata.org/entity/Q116690325,power ballad,12
http://www.wikidata.org/entity/Q116690343,ballad,1
http://www.wikidata.org/entity/Q116745991,Afropiano,0
http://www.wikidata.org/entity/Q116764465,bluebeat,2
http://www.wikidata.org/entity/Q116764487,British metal music,0
http://www.wikidata.org/entity/Q17086313,Mexican progressive rock,1
http://www.wikidata.org/entity/Q17088735,santé engagé,3
http://www.wikidata.org/entity/Q17091278,Romanian muzica populara,2
http://www.wikidata.org/entity/Q17098563,Hungarian pop,2
http://www.wikidata.org/entity/Q17103754,urban champeta,1
http://www.wikidata.org/entity/Q17104891,Discant,1
http://www.wikidata.org/entity/Q17108006,Zimbabwean jazz,3
http://www.wikidata.org/entity/Q17108017,Zimdancehall,4
http://www.wikidata.org/entity/Q17108262,Kadongo kamu,2
http://www.wikidata.org/entity/Q17111083,sunshine reggae,1
http://www.wikidata.org/entity/Q17111357,voëlvry movement,3
http://www.wikidata.org/entity/Q17111414,township music,1
http://www.wikidata.org/entity/Q17111801,Zulu music,1
http://www.wikidata.org/entity/Q17115009,mugithi,1
http://www.wikidata.org/entity/Q17118720,trống quân,2
http://www.wikidata.org/entity/Q17119147,indie hip-hop,1
http://www.wikidata.org/entity/Q17119190,hyperrealism,1
http://www.wikidata.org/entity/Q17120991,Note nere,2
http://www.wikidata.org/entity/Q17125440,West Coast School,1
http://www.wikidata.org/entity/Q17146868,shangaan electro,2
http://www.wikidata.org/entity/Q17152287,Music in the Elizabethan era,1
http://www.wikidata.org/entity/Q17153632,tallava,9
http://www.wikidata.org/entity/Q17157177,Tahitian Drumming,1
http://www.wikidata.org/entity/Q17176205,Chicano punk,2
http://www.wikidata.org/entity/Q17191592,anime music,1
http://www.wikidata.org/entity/Q108857462,music of Northern Europe,0
http://www.wikidata.org/entity/Q108857617,music of the Baltic states,0
http://www.wikidata.org/entity/Q108857881,piseiro,1
http://www.wikidata.org/entity/Q108864684,Burushaski folk music,0
http://www.wikidata.org/entity/Q108865641,straight edge,0
http://www.wikidata.org/entity/Q108866070,Kurdish folk music,2
http://www.wikidata.org/entity/Q108866073,Kurpian folk music,1
http://www.wikidata.org/entity/Q108866081,Macedonian folk music,0
http://www.wikidata.org/entity/Q108866112,cân llofft stabl,1
http://www.wikidata.org/entity/Q108869492,Istrian folk music,0
http://www.wikidata.org/entity/Q108887930,sad pop,1
http://www.wikidata.org/entity/Q108907695,clicks & cuts,1
http://www.wikidata.org/entity/Q108909775,surf revival,0
http://www.wikidata.org/entity/Q108949981,New Zealand jazz,0
http://www.wikidata.org/entity/Q108950417,music of Yucatán,0
http://www.wikidata.org/entity/Q108951349,music of the Llanos,1
http://www.wikidata.org/entity/Q108955254,pops orchestra music,0
http://www.wikidata.org/entity/Q108979517,traditional doom metal,1
http://www.wikidata.org/entity/Q108981355,traditional séga,0
http://www.wikidata.org/entity/Q108981539,traditional raï,0
http://www.wikidata.org/entity/Q108981578,traditional maloya,0
http://www.wikidata.org/entity/Q109012701,kumiuta,0
http://www.wikidata.org/entity/Q109017384,a capella battle rap,1
http://www.wikidata.org/entity/Q109018310,muslim chant,1
http://www.wikidata.org/entity/Q109040764,Maghreb jazz,1
http://www.wikidata.org/entity/Q109041707,Kokoman,1
http://www.wikidata.org/entity/Q109048162,Latin funk,0
http://www.wikidata.org/entity/Q109050954,Burmese mono,0
http://www.wikidata.org/entity/Q109050964,Burmese stereo,0
http://www.wikidata.org/entity/Q109077288,space rock revival,0
http://www.wikidata.org/entity/Q109105322,Eastern Orthodox liturgical music,0
http://www.wikidata.org/entity/Q109128978,symphonic fantasia,1
http://www.wikidata.org/entity/Q1430717,Hambo,7
http://www.wikidata.org/entity/Q1431327,pub rock,25
http://www.wikidata.org/entity/Q1432201,elevator music,15
http://www.wikidata.org/entity/Q1432540,trallalero,4
http://www.wikidata.org/entity/Q1432836,furiant,12
http://www.wikidata.org/entity/Q968018,music of Belize,3
http://www.wikidata.org/entity/Q968165,brukdown,3
http://www.wikidata.org/entity/Q968730,industrial rock,31
http://www.wikidata.org/entity/Q969663,political hip-hop,15
http://www.wikidata.org/entity/Q970409,unblack metal,25
http://www.wikidata.org/entity/Q958982,saeta,11
http://www.wikidata.org/entity/Q959583,schlager music,42
http://www.wikidata.org/entity/Q960867,Liederspiel,2
http://www.wikidata.org/entity/Q961146,chilena,4
http://www.wikidata.org/entity/Q963061,highlife,23
http://www.wikidata.org/entity/Q15807715,Ekmelic music,2
http://www.wikidata.org/entity/Q15810872,frühlingslied,1
http://www.wikidata.org/entity/Q15830404,bolero,26
http://www.wikidata.org/entity/Q15845134,Global K-pop,1
http://www.wikidata.org/entity/Q15893013,funk ostentação,5
http://www.wikidata.org/entity/Q15907187,carnival song,1
http://www.wikidata.org/entity/Q15917095,yanyue,2
http://www.wikidata.org/entity/Q15926105,ancient Naxi music,2
http://www.wikidata.org/entity/Q1432934,Paisley Underground,11
http://www.wikidata.org/entity/Q1433387,drone metal,28
http://www.wikidata.org/entity/Q1433547,jazzcore,5
http://www.wikidata.org/entity/Q1435485,axé,18
http://www.wikidata.org/entity/Q1435509,folktronica,23
http://www.wikidata.org/entity/Q7310665,rekuhkara,6
http://www.wikidata.org/entity/Q7311227,Bangsawan,5
http://www.wikidata.org/entity/Q7311378,Iranian religious music,2
http://www.wikidata.org/entity/Q7315815,Bongai,3
http://www.wikidata.org/entity/Q7321654,Bahamian rhyming spiritual,1
http://www.wikidata.org/entity/Q7334835,Ringbang,1
http://www.wikidata.org/entity/Q7335754,ripsaw music,3
http://www.wikidata.org/entity/Q7354827,rock musical,6
http://www.wikidata.org/entity/Q7354915,rock violin,1
http://www.wikidata.org/entity/Q7361460,rom kbach,2
http://www.wikidata.org/entity/Q7361853,Roman Catholic Marian music,4
http://www.wikidata.org/entity/Q7362652,Romanian peasant music,1
http://www.wikidata.org/entity/Q7362666,Romanian rock,3
http://www.wikidata.org/entity/Q7362864,Romani hip hop,1
http://www.wikidata.org/entity/Q7363273,Romo,3
http://www.wikidata.org/entity/Q7365548,Rondellus,5
http://www.wikidata.org/entity/Q7382074,Russian liturgical music,3
http://www.wikidata.org/entity/Q7382101,Russian Orthodox bell ringing,4
http://www.wikidata.org/entity/Q11700058,folk-pop,20
http://www.wikidata.org/entity/Q11700065,pop soul,6
http://www.wikidata.org/entity/Q11722315,Caoine,1
http://www.wikidata.org/entity/Q11733926,Kamarinskaya,1
http://www.wikidata.org/entity/Q11741414,kolęda polska,1
http://www.wikidata.org/entity/Q11744534,kozak,1
http://www.wikidata.org/entity/Q11747853,krakowiak,1
http://www.wikidata.org/entity/Q11750795,kujawiak,1
http://www.wikidata.org/entity/Q11762859,loure,1
http://www.wikidata.org/entity/Q11773109,yaraví arequipeño,1
http://www.wikidata.org/entity/Q11786764,musette,3
http://www.wikidata.org/entity/Q11787377,mechanical music,1
http://www.wikidata.org/entity/Q109378734,popcorn music,3
http://www.wikidata.org/entity/Q109381505,Malay classical music,0
http://www.wikidata.org/entity/Q109382160,plugg music,8
http://www.wikidata.org/entity/Q109382432,drone ambient,0
http://www.wikidata.org/entity/Q109406646,tonada potosina,0
http://www.wikidata.org/entity/Q109406661,tonada chilena,0
http://www.wikidata.org/entity/Q109406736,movimiento alterado,0
http://www.wikidata.org/entity/Q109415416,Saint Petersburg school,1
http://www.wikidata.org/entity/Q109424969,lilat,0
http://www.wikidata.org/entity/Q109425937,lokal musik,0
http://www.wikidata.org/entity/Q109426115,maloya élektrik,0
http://www.wikidata.org/entity/Q109466271,Feminejo,1
http://www.wikidata.org/entity/Q109469638,indie dance,2
http://www.wikidata.org/entity/Q109470579,utsu rock,1
http://www.wikidata.org/entity/Q109470645,college folk,2
http://www.wikidata.org/entity/Q109470683,Péilú,1
http://www.wikidata.org/entity/Q109470684,Kanshū,1
http://www.wikidata.org/entity/Q109470685,Torika,1
http://www.wikidata.org/entity/Q109470686,so gōkō,1
http://www.wikidata.org/entity/Q109470687,Senshuraku,1
http://www.wikidata.org/entity/Q109470688,Ringa,1
http://www.wikidata.org/entity/Q109500707,South African pop,0
http://www.wikidata.org/entity/Q109500733,Swiss folk music,0
http://www.wikidata.org/entity/Q109500753,experimental ambient,0
http://www.wikidata.org/entity/Q109500872,Peruvian folk music,0
http://www.wikidata.org/entity/Q109523071,Sarum chant,0
http://www.wikidata.org/entity/Q109526125,taiko music,0
http://www.wikidata.org/entity/Q109527761,polkabilly,0
http://www.wikidata.org/entity/Q109538468,sungura,0
http://www.wikidata.org/entity/Q11395594,debayashi,1
http://www.wikidata.org/entity/Q11395595,debayashi in rakugo,1
http://www.wikidata.org/entity/Q11398105,gekiban music,1
http://www.wikidata.org/entity/Q7122786,Pacific reggae,2
http://www.wikidata.org/entity/Q7124405,pagode de viola,3
http://www.wikidata.org/entity/Q7125889,Pakistani folk music,9
http://www.wikidata.org/entity/Q7125896,Pakistani hip hop,1
http://www.wikidata.org/entity/Q7125908,Pakistani popular music,2
http://www.wikidata.org/entity/Q7125918,Pakistani rock,2
http://www.wikidata.org/entity/Q7127417,Palestinian hip-hop,4
http://www.wikidata.org/entity/Q7129072,Pambiche,1
http://www.wikidata.org/entity/Q7132500,Papare,2
http://www.wikidata.org/entity/Q7134728,Paraguayan polka,6
http://www.wikidata.org/entity/Q7139128,parlour music,2
http://www.wikidata.org/entity/Q7139757,Parranda,1
http://www.wikidata.org/entity/Q7142141,pasillo,14
http://www.wikidata.org/entity/Q7170257,Iranian pop,10
http://www.wikidata.org/entity/Q11400811,music of North Africa,3
http://www.wikidata.org/entity/Q11402284,Scandinavian metal,1
http://www.wikidata.org/entity/Q11410717,lyric song,1
http://www.wikidata.org/entity/Q11410949,classic rakugo,1
http://www.wikidata.org/entity/Q11418506,Tang dynasty song,1
http://www.wikidata.org/entity/Q11421132,national song,2
http://www.wikidata.org/entity/Q11424707,danjiri-bayashi,1
http://www.wikidata.org/entity/Q11434951,Ōshima bushi,1
http://www.wikidata.org/entity/Q11446578,onna gidayū,1
http://www.wikidata.org/entity/Q11453478,Miyako folk music,1
http://www.wikidata.org/entity/Q11459349,kouta,2
http://www.wikidata.org/entity/Q11481323,perpetuum mobile,12
http://www.wikidata.org/entity/Q11487510,string quartet,1
http://www.wikidata.org/entity/Q11489003,uzagaku,2
http://www.wikidata.org/entity/Q11497177,Temari song,1
http://www.wikidata.org/entity/Q11499279,church cantata,2
http://www.wikidata.org/entity/Q10367221,samba-funk,4
http://www.wikidata.org/entity/Q10367222,samba-joia,3
http://www.wikidata.org/entity/Q10367223,samba-maxixe,2
http://www.wikidata.org/entity/Q10367224,samba-raiado,2
http://www.wikidata.org/entity/Q10367225,samba rap,0
http://www.wikidata.org/entity/Q10367226,samba-sincopado,3
http://www.wikidata.org/entity/Q10367246,samba de breque,3
http://www.wikidata.org/entity/Q10367249,samba de terreiro,2
http://www.wikidata.org/entity/Q10367259,sambalanço,3
http://www.wikidata.org/entity/Q10370216,seresta,4
http://www.wikidata.org/entity/Q10370558,sertanejo universitário,3
http://www.wikidata.org/entity/Q10372501,a capella rock,2
http://www.wikidata.org/entity/Q10376827,Han Chinese music,1
http://www.wikidata.org/entity/Q10378015,Tambor de Crioula,5
http://www.wikidata.org/entity/Q10382665,tirana,1
http://www.wikidata.org/entity/Q10387147,udigrudi,1
http://www.wikidata.org/entity/Q10389097,vanguarda paulista,4
http://www.wikidata.org/entity/Q10392015,vissungo,2
http://www.wikidata.org/entity/Q10397358,60s pop/rock,1
http://www.wikidata.org/entity/Q10397381,77 punk,3
http://www.wikidata.org/entity/Q10428865,Nanjing baiju,3
http://www.wikidata.org/entity/Q10451148,music of Prince Qin Breaking up the Enemy's Front,3
http://www.wikidata.org/entity/Q10465914,children's pop,1
http://www.wikidata.org/entity/Q48767281,Irish hip hop,1
http://www.wikidata.org/entity/Q48770362,Chilean electronic music,3
http://www.wikidata.org/entity/Q48770364,emo revival,5
http://www.wikidata.org/entity/Q48781411,manchegas,1
http://www.wikidata.org/entity/Q48783348,Borankana,4
http://www.wikidata.org/entity/Q48783464,Tsutsube,4
http://www.wikidata.org/entity/Q48792190,Britpop revival,1
http://www.wikidata.org/entity/Q48810672,English Pastoral School,1
http://www.wikidata.org/entity/Q48834745,orchestral pop,10
http://www.wikidata.org/entity/Q48855105,Iê-iê-iê,2
http://www.wikidata.org/entity/Q48855636,gaucha music,2
http://www.wikidata.org/entity/Q48871578,Marabaixo,3
http://www.wikidata.org/entity/Q48941193,Tatar pop,2
http://www.wikidata.org/entity/Q48971892,dungeon synth,12
http://www.wikidata.org/entity/Q5099460,chimurenga music,8
http://www.wikidata.org/entity/Q5100789,Chinese folk flute music,1
http://www.wikidata.org/entity/Q5100797,Chinese heavy metal,1
http://www.wikidata.org/entity/Q5100799,Chinese hip hop,7
http://www.wikidata.org/entity/Q5104948,Chorale concerto,1
http://www.wikidata.org/entity/Q5104953,Chorale motet,1
http://www.wikidata.org/entity/Q5105480,Chouval bwa,1
http://www.wikidata.org/entity/Q5105581,chowtal,3
http://www.wikidata.org/entity/Q5105648,Chrieng Brunh,2
http://www.wikidata.org/entity/Q5110296,Christian adult contemporary,1
http://www.wikidata.org/entity/Q5110298,Christian alternative rock,8
http://www.wikidata.org/entity/Q5110317,Christian country music,5
http://www.wikidata.org/entity/Q5113733,Chromatic fantasia,2
http://www.wikidata.org/entity/Q5116077,chula,1
http://www.wikidata.org/entity/Q5116136,chumaichada,2
http://www.wikidata.org/entity/Q5116146,Chumba,1
http://www.wikidata.org/entity/Q5118358,Chutney parang,1
http://www.wikidata.org/entity/Q5118383,chutney soca,3
http://www.wikidata.org/entity/Q5119040,Chầu văn,2
http://www.wikidata.org/entity/Q5119221,cibell,1
http://www.wikidata.org/entity/Q5121359,Circassian music,3
http://www.wikidata.org/entity/Q5128236,classic country,1
http://www.wikidata.org/entity/Q10466674,dansbandspop,1
http://www.wikidata.org/entity/Q10489338,ethnopop,2
http://www.wikidata.org/entity/Q10497435,traditional folk music of Hälsingland,1
http://www.wikidata.org/entity/Q10524630,historical ballad,1
http://www.wikidata.org/entity/Q10541010,Jtek,2
http://www.wikidata.org/entity/Q10549360,krogshow,1
http://www.wikidata.org/entity/Q10551707,heroic ballad,1
http://www.wikidata.org/entity/Q10556386,legendary ballad,1
http://www.wikidata.org/entity/Q10590623,musica alta,1
http://www.wikidata.org/entity/Q10590624,musica bassa,1
http://www.wikidata.org/entity/Q10594989,ballad of the supernatural,1
http://www.wikidata.org/entity/Q10597524,neo music,1
http://www.wikidata.org/entity/Q10604890,new progg,1
http://www.wikidata.org/entity/Q10648457,Radio Pop,1
http://www.wikidata.org/entity/Q10654964,ballad of chivalry,1
http://www.wikidata.org/entity/Q10655037,Riff-rock,1
http://www.wikidata.org/entity/Q10659106,Rörospols,1
http://www.wikidata.org/entity/Q10669480,sailor song,1
http://www.wikidata.org/entity/Q10670937,jocular ballad,1
http://www.wikidata.org/entity/Q107124397,sonero music,0
http://www.wikidata.org/entity/Q107124431,Yemenite Jewish music,0
http://www.wikidata.org/entity/Q107138217,indigenous music of South America,0
http://www.wikidata.org/entity/Q107140632,powwow music,0
http://www.wikidata.org/entity/Q107177810,children's musical,1
http://www.wikidata.org/entity/Q107189715,Arabic classical music,0
http://www.wikidata.org/entity/Q107192370,Tajik music,0
http://www.wikidata.org/entity/Q972424,old-time music,14
http://www.wikidata.org/entity/Q972634,African popular music,11
http://www.wikidata.org/entity/Q973150,mandopop,24
http://www.wikidata.org/entity/Q963369,vispop,9
http://www.wikidata.org/entity/Q964658,outlaw country,16
http://www.wikidata.org/entity/Q964987,music of Spain,14
http://www.wikidata.org/entity/Q965635,underground hip-hop,16
http://www.wikidata.org/entity/Q1455932,frevo,24
http://www.wikidata.org/entity/Q1457545,pagan metal,27
http://www.wikidata.org/entity/Q1457753,pìobaireachd,7
http://www.wikidata.org/entity/Q1460303,funkstep,6
http://www.wikidata.org/entity/Q1464124,concert waltz,2
http://www.wikidata.org/entity/Q1465419,music of Greece,20
http://www.wikidata.org/entity/Q15931253,dimotiko,0
http://www.wikidata.org/entity/Q15957030,electro,1
http://www.wikidata.org/entity/Q15974722,Breton song,1
http://www.wikidata.org/entity/Q15975701,narodnozabavna glasba,3
http://www.wikidata.org/entity/Q15981156,music of Brunei,3
http://www.wikidata.org/entity/Q15990865,melodrama,1
http://www.wikidata.org/entity/Q15990884,cantillation,7
http://www.wikidata.org/entity/Q15991004,tombeau,11
http://www.wikidata.org/entity/Q16002495,algorave,6
http://www.wikidata.org/entity/Q16011695,vocal surf,3
http://www.wikidata.org/entity/Q16024685,Afro-soul,3
http://www.wikidata.org/entity/Q976802,tumba francesa,18
http://www.wikidata.org/entity/Q985039,imayō,5
http://www.wikidata.org/entity/Q985135,giddha,22
http://www.wikidata.org/entity/Q988502,sutartinė,10
http://www.wikidata.org/entity/Q989478,empfindsamkeit,12
http://www.wikidata.org/entity/Q1467193,musical poem,5
http://www.wikidata.org/entity/Q1468751,parody mass,15
http://www.wikidata.org/entity/Q1470503,semba,11
http://www.wikidata.org/entity/Q1472271,pastoral,13
http://www.wikidata.org/entity/Q1474342,Funkeado,2
http://www.wikidata.org/entity/Q1474372,mugham,35
http://www.wikidata.org/entity/Q16184076,Nakyangchun,1
http://www.wikidata.org/entity/Q16191837,music of Samoa,3
http://www.wikidata.org/entity/Q16241990,Chicano rock,8
http://www.wikidata.org/entity/Q16250593,pub rock,4
http://www.wikidata.org/entity/Q16250948,Yemeni hip hop,2
http://www.wikidata.org/entity/Q16253331,Hungarian metal,2
http://www.wikidata.org/entity/Q16254929,Italian occult psychedelia,3
http://www.wikidata.org/entity/Q16256450,Dagbon music and dance,5
http://www.wikidata.org/entity/Q16261643,biwagaku,1
http://www.wikidata.org/entity/Q16291117,aiyai,3
http://www.wikidata.org/entity/Q16295131,urban cowboy,2
http://www.wikidata.org/entity/Q16304401,choi,1
http://www.wikidata.org/entity/Q16311595,Tamil pop,1
http://www.wikidata.org/entity/Q16323732,shaabi,5
http://www.wikidata.org/entity/Q16327884,rizitika,3
http://www.wikidata.org/entity/Q16344235,ragamalika,5
http://www.wikidata.org/entity/Q16357920,Albanian hip hop,3
http://www.wikidata.org/entity/Q11787378,national classical music,3
http://www.wikidata.org/entity/Q11787379,ritual music,1
http://www.wikidata.org/entity/Q11787389,club/dance music,17
http://www.wikidata.org/entity/Q11787400,vocal-instrumental music,1
http://www.wikidata.org/entity/Q11790566,neo punk,1
http://www.wikidata.org/entity/Q11794650,oberek,1
http://www.wikidata.org/entity/Q11796526,off jazz,1
http://www.wikidata.org/entity/Q11813406,pastiche,1
http://www.wikidata.org/entity/Q11817196,piosenka aktorska,2
http://www.wikidata.org/entity/Q11821889,polka,3
http://www.wikidata.org/entity/Q11821942,polonaise,3
http://www.wikidata.org/entity/Q11822344,Polish folk music,1
http://www.wikidata.org/entity/Q5221793,dappankuthu,6
http://www.wikidata.org/entity/Q5223519,dark industrial,1
http://www.wikidata.org/entity/Q5226879,dastgah music,1
http://www.wikidata.org/entity/Q5242609,Dawr,3
http://www.wikidata.org/entity/Q5244903,De dragoste,1
http://www.wikidata.org/entity/Q5256877,Dene music,1
http://www.wikidata.org/entity/Q5264196,Desi hip hop,4
http://www.wikidata.org/entity/Q5266196,rough music,3
http://www.wikidata.org/entity/Q5268810,Dhamail,5
http://www.wikidata.org/entity/Q5269880,Dhun,2
http://www.wikidata.org/entity/Q5276393,Dihanaam,2
http://www.wikidata.org/entity/Q5276535,Dikir barat,3
http://www.wikidata.org/entity/Q5281127,dirty blues,4
http://www.wikidata.org/entity/Q5290881,Dominican rock,4
http://www.wikidata.org/entity/Q5295546,Dondang Sayang,13
http://www.wikidata.org/entity/Q5295946,dongjing,1
http://www.wikidata.org/entity/Q5303621,Downtown music,1
http://www.wikidata.org/entity/Q5320459,Düsseldorf school,4
http://www.wikidata.org/entity/Q5327674,East African urban music,1
http://www.wikidata.org/entity/Q5330234,Joropo oriental,2
http://www.wikidata.org/entity/Q11500122,shōka,3
http://www.wikidata.org/entity/Q11505686,Japanese punk rock,2
http://www.wikidata.org/entity/Q11512269,Mingaku,2
http://www.wikidata.org/entity/Q11512436,Minshingaku,2
http://www.wikidata.org/entity/Q11544988,utaimono,1
http://www.wikidata.org/entity/Q11560476,kiyomoto-bushi,1
http://www.wikidata.org/entity/Q11560687,Shingaku,2
http://www.wikidata.org/entity/Q11563285,Shonan Sound,1
http://www.wikidata.org/entity/Q11565443,concert overture,3
http://www.wikidata.org/entity/Q11565463,enka / kayokyoku,1
http://www.wikidata.org/entity/Q11573449,contemporary Japanese music,1
http://www.wikidata.org/entity/Q11573651,Ryukyu classical music,1
http://www.wikidata.org/entity/Q11574321,jinku,3
http://www.wikidata.org/entity/Q11581689,mōsō biwa,1
http://www.wikidata.org/entity/Q11582047,sumo jinku,2
http://www.wikidata.org/entity/Q11598508,hauta,1
http://www.wikidata.org/entity/Q11599140,takemoto,1
http://www.wikidata.org/entity/Q11602782,Chikuzen biwa,1
http://www.wikidata.org/entity/Q11603109,sokyoku,1
http://www.wikidata.org/entity/Q11622339,Satsuma biwa,3
http://www.wikidata.org/entity/Q11632191,kōshiki,2
http://www.wikidata.org/entity/Q11632250,yōkyokumono,1
http://www.wikidata.org/entity/Q11637117,rujigaku,1
http://www.wikidata.org/entity/Q11638369,early modern Japanese music,1
http://www.wikidata.org/entity/Q11643236,eikyoku,1
http://www.wikidata.org/entity/Q11651126,asmarandana,2
http://www.wikidata.org/entity/Q1477428,M-Base,10
http://www.wikidata.org/entity/Q1482325,Islamic music,18
http://www.wikidata.org/entity/Q1484821,Brazilian classical music,3
http://www.wikidata.org/entity/Q1490170,slowcore,13
http://www.wikidata.org/entity/Q1436228,gwerz,6
http://www.wikidata.org/entity/Q1437709,canción,5
http://www.wikidata.org/entity/Q1440196,ambient industrial,4
http://www.wikidata.org/entity/Q1443316,Christmas music,28
http://www.wikidata.org/entity/Q16396625,Armenian pilgrimage song,2
http://www.wikidata.org/entity/Q16408598,Estonian folk music,3
http://www.wikidata.org/entity/Q16431771,zheldirme,2
http://www.wikidata.org/entity/Q16482233,geza ongaku,1
http://www.wikidata.org/entity/Q16491869,Dominican dembow,5
http://www.wikidata.org/entity/Q16496542,happy rock,1
http://www.wikidata.org/entity/Q16497280,batuque,2
http://www.wikidata.org/entity/Q16525381,Afro-zouk,1
http://www.wikidata.org/entity/Q16526296,alloukou,1
http://www.wikidata.org/entity/Q16527140,adult-oriented rock,0
http://www.wikidata.org/entity/Q16530953,Bahoejy,2
http://www.wikidata.org/entity/Q16531329,bantu groove,1
http://www.wikidata.org/entity/Q16532947,Italian blues,1
http://www.wikidata.org/entity/Q16534955,cabo zouk,1
http://www.wikidata.org/entity/Q16535291,balletto,2
http://www.wikidata.org/entity/Q16535861,Bashkir folk song,5
http://www.wikidata.org/entity/Q16556369,Italian folk rock,1
http://www.wikidata.org/entity/Q16562829,harsh noise,5
http://www.wikidata.org/entity/Q1524033,free tekno,6
http://www.wikidata.org/entity/Q1524296,Neue Volksmusik,4
http://www.wikidata.org/entity/Q1530455,vocal jazz,3
http://www.wikidata.org/entity/Q1534821,golden age hip-hop,14
http://www.wikidata.org/entity/Q1537056,light music,13
http://www.wikidata.org/entity/Q915152,progressive house,25
http://www.wikidata.org/entity/Q916387,exotica,12
http://www.wikidata.org/entity/Q918095,Britcore,2
http://www.wikidata.org/entity/Q918542,British blues,17
http://www.wikidata.org/entity/Q997481,bubblegum music,34
http://www.wikidata.org/entity/Q1003981,music of Bulgaria,15
http://www.wikidata.org/entity/Q1014887,burger-highlife,5
http://www.wikidata.org/entity/Q1016608,burlesque,1
http://www.wikidata.org/entity/Q10334892,music of Cameroon,4
http://www.wikidata.org/entity/Q10334895,traditional music of Mato Grosso do Sul,1
http://www.wikidata.org/entity/Q10334896,music of Galicia,3
http://www.wikidata.org/entity/Q10334898,Brazilian indigenous music,1
http://www.wikidata.org/entity/Q10335288,nacional-canconetismo,1
http://www.wikidata.org/entity/Q10343541,pagode romântico,1
http://www.wikidata.org/entity/Q10351563,ponto cantado,2
http://www.wikidata.org/entity/Q10352317,pra God,1
http://www.wikidata.org/entity/Q10354439,funk proibidão,5
http://www.wikidata.org/entity/Q10360435,rhythm & grime,2
http://www.wikidata.org/entity/Q10363599,Brazilian Christian rock,1
http://www.wikidata.org/entity/Q10363610,Bosnian and Herzegovinian rock,2
http://www.wikidata.org/entity/Q10363654,roda de samba,3
http://www.wikidata.org/entity/Q10366208,gezi,1
http://www.wikidata.org/entity/Q10367216,samba-batido,2
http://www.wikidata.org/entity/Q10367217,samba-choro,3
http://www.wikidata.org/entity/Q10367218,samba-chulado,2
http://www.wikidata.org/entity/Q10367219,samba-corrido,2
http://www.wikidata.org/entity/Q10367220,samba-exaltação,3
http://www.wikidata.org/entity/Q5177517,country music in Atlanta,1
http://www.wikidata.org/entity/Q5179572,cowboy poetry,2
http://www.wikidata.org/entity/Q5184215,Creole music,3
http://www.wikidata.org/entity/Q5185778,criolla,4
http://www.wikidata.org/entity/Q5187209,Croatian tamburica,2
http://www.wikidata.org/entity/Q5192064,Cuban folk music,3
http://www.wikidata.org/entity/Q5192126,Cuban rock,5
http://www.wikidata.org/entity/Q5194012,cumbia pegassera,1
http://www.wikidata.org/entity/Q5201820,Czech bluegrass,2
http://www.wikidata.org/entity/Q5201841,Czech tramping music,3
http://www.wikidata.org/entity/Q5202394,cântec batrânesc,1
http://www.wikidata.org/entity/Q5202988,cải lương,9
http://www.wikidata.org/entity/Q5208151,Daechwita,9
http://www.wikidata.org/entity/Q5215959,dangak,5
http://www.wikidata.org/entity/Q5216036,danger music,7
http://www.wikidata.org/entity/Q5219842,Danish jazz,4
http://www.wikidata.org/entity/Q5219868,Danish folk music,3
http://www.wikidata.org/entity/Q5219995,Danmono,1
http://www.wikidata.org/entity/Q109146989,piano house,0
http://www.wikidata.org/entity/Q109148913,organic house,2
http://www.wikidata.org/entity/Q109225999,Hazara folk music,0
http://www.wikidata.org/entity/Q109270884,Luri folk music,0
http://www.wikidata.org/entity/Q109270949,Lao folk music,0
http://www.wikidata.org/entity/Q109271391,Malayali folk music,0
http://www.wikidata.org/entity/Q109271585,Malagasy folk music,0
http://www.wikidata.org/entity/Q109271682,Mari folk music,0
http://www.wikidata.org/entity/Q109271831,Papuan folk music,0
http://www.wikidata.org/entity/Q109271890,Malay folk music,0
http://www.wikidata.org/entity/Q109272409,Spanish classical music,0
http://www.wikidata.org/entity/Q109273016,tchink system,0
http://www.wikidata.org/entity/Q109301488,Streichmusik,1
http://www.wikidata.org/entity/Q109303336,drumless hip hop,0
http://www.wikidata.org/entity/Q109303621,Mapuche folk music,0
http://www.wikidata.org/entity/Q109303626,Newfoundland folk music,0
http://www.wikidata.org/entity/Q109303634,Northumbrian folk music,0
http://www.wikidata.org/entity/Q109303776,Odia folk music,0
http://www.wikidata.org/entity/Q109303807,janissary music,10
http://www.wikidata.org/entity/Q109306179,Chinese yellow music,1
http://www.wikidata.org/entity/Q109311356,Latin melodeath,1
http://www.wikidata.org/entity/Q109311605,estilo,1
http://www.wikidata.org/entity/Q109322851,mashcore,0
http://www.wikidata.org/entity/Q109326538,Romani folk music,0
http://www.wikidata.org/entity/Q109326663,Latin American classical music,0
http://www.wikidata.org/entity/Q109327528,Tamil folk music,0
http://www.wikidata.org/entity/Q109332430,Aromanian music,5
http://www.wikidata.org/entity/Q109335331,dungeon sound,0
http://www.wikidata.org/entity/Q109350090,música de intervenção,0
http://www.wikidata.org/entity/Q109367856,pocochin rock,1
http://www.wikidata.org/entity/Q109369576,fandango caiçara,0
http://www.wikidata.org/entity/Q109369672,Bolivian huayño,0
http://www.wikidata.org/entity/Q109378709,Sinhalese folk music,0
http://www.wikidata.org/entity/Q109378725,Romanian etno music,0
http://www.wikidata.org/entity/Q1034045,canzonetta,17
http://www.wikidata.org/entity/Q1034231,cape jazz,7
http://www.wikidata.org/entity/Q1036183,carimbó,10
http://www.wikidata.org/entity/Q1036888,históriás ének,1
http://www.wikidata.org/entity/Q1037693,modern rock,7
http://www.wikidata.org/entity/Q1045541,G-funk,27
http://www.wikidata.org/entity/Q5128243,classic soul,2
http://www.wikidata.org/entity/Q5139519,cock rock,8
http://www.wikidata.org/entity/Q5141514,coimbra fado,3
http://www.wikidata.org/entity/Q5146983,collegiate a cappella,1
http://www.wikidata.org/entity/Q5147976,Colombian rock,4
http://www.wikidata.org/entity/Q5149108,Colossal Baroque,1
http://www.wikidata.org/entity/Q5150913,Combined rhythm,1
http://www.wikidata.org/entity/Q5151495,comedy music,9
http://www.wikidata.org/entity/Q5156725,Composer tributes,1
http://www.wikidata.org/entity/Q5158398,concept musical,2
http://www.wikidata.org/entity/Q5158512,concert aria,4
http://www.wikidata.org/entity/Q5158522,Concert march,1
http://www.wikidata.org/entity/Q5158538,Concerted madrigal,1
http://www.wikidata.org/entity/Q5160756,congregational singing,2
http://www.wikidata.org/entity/Q5165023,contemporary commercial music,2
http://www.wikidata.org/entity/Q5165334,Continental jazz,6
http://www.wikidata.org/entity/Q5177472,country and Irish,2
http://www.wikidata.org/entity/Q918727,revue,34
http://www.wikidata.org/entity/Q919516,troparion,22
http://www.wikidata.org/entity/Q919948,music of Greenland,22
http://www.wikidata.org/entity/Q920883,music of Colombia,11
http://www.wikidata.org/entity/Q16684826,paraliturgical music,2
http://www.wikidata.org/entity/Q16696914,senliau,3
http://www.wikidata.org/entity/Q16702540,street ska,0
http://www.wikidata.org/entity/Q16709471,uzun-kui,6
http://www.wikidata.org/entity/Q16724491,Nordic tone,1
http://www.wikidata.org/entity/Q1425111,western music,11
http://www.wikidata.org/entity/Q1425661,folk punk,25
http://www.wikidata.org/entity/Q1426909,flamenco jazz,4
http://www.wikidata.org/entity/Q1427690,daina,20
http://www.wikidata.org/entity/Q952404,drumline,5
http://www.wikidata.org/entity/Q956717,kwaito,19
http://www.wikidata.org/entity/Q956883,Carnatic music,31
http://www.wikidata.org/entity/Q956925,music of Taiwan,7
http://www.wikidata.org/entity/Q5332963,eclecticism in music,8
http://www.wikidata.org/entity/Q5334415,Ecuadorian rock,4
http://www.wikidata.org/entity/Q5341293,educational music,2
http://www.wikidata.org/entity/Q5347034,Eefing,1
http://www.wikidata.org/entity/Q5348475,Egyptian hip-hop,2
http://www.wikidata.org/entity/Q5358022,electrogaze,1
http://www.wikidata.org/entity/Q5369049,Gidayūbushi,5
http://www.wikidata.org/entity/Q5369664,hyangak,5
http://www.wikidata.org/entity/Q5377728,Luri music,5
http://www.wikidata.org/entity/Q5378417,English art song,1
http://www.wikidata.org/entity/Q5378445,English country music,1
http://www.wikidata.org/entity/Q5384765,Er ren zhuan,6
http://www.wikidata.org/entity/Q5389389,Alpenrock,2
http://www.wikidata.org/entity/Q5392990,artcore,2
http://www.wikidata.org/entity/Q5393053,filin,3
http://www.wikidata.org/entity/Q5397405,Tamunangue,3
http://www.wikidata.org/entity/Q5398894,V-pop,8
http://www.wikidata.org/entity/Q5401205,Zamba alegre,1
http://www.wikidata.org/entity/Q5402428,Nicaraguan polka,1
http://www.wikidata.org/entity/Q5402470,hard NRG,3
http://www.wikidata.org/entity/Q5405653,proletarian rock,1
http://www.wikidata.org/entity/Q1051735,soca music,23
http://www.wikidata.org/entity/Q1051843,neo-prog,21
http://www.wikidata.org/entity/Q1051952,cayambe,1
http://www.wikidata.org/entity/Q1054490,Ceòl Beag,2
http://www.wikidata.org/entity/Q1055871,Japanese rock,22
http://www.wikidata.org/entity/Q1507298,lo-fi music,39
http://www.wikidata.org/entity/Q1510942,vocalise,21
http://www.wikidata.org/entity/Q1515757,jump blues,20
http://www.wikidata.org/entity/Q1045756,microtonal music,24
http://www.wikidata.org/entity/Q1046768,música popular brasileira,24
http://www.wikidata.org/entity/Q1492977,Gambian hip hop,2
http://www.wikidata.org/entity/Q1493069,gamelan gong kebyar,8
http://www.wikidata.org/entity/Q1493531,German gangsta rap,1
http://www.wikidata.org/entity/Q1495855,Gattung,0
http://www.wikidata.org/entity/Q1499262,yellow music,7
http://www.wikidata.org/entity/Q1499839,lundu,7
http://www.wikidata.org/entity/Q1500364,psychedelic folk,19
http://www.wikidata.org/entity/Q1503406,music of the Middle East,14
http://www.wikidata.org/entity/Q5413514,European free jazz,4
http://www.wikidata.org/entity/Q5413526,European hip-hop,2
http://www.wikidata.org/entity/Q5418947,Ewe music,2
http://www.wikidata.org/entity/Q5421158,experimental hip-hop,5
http://www.wikidata.org/entity/Q5421790,extempo,3
http://www.wikidata.org/entity/Q5431448,Fakanau,3
http://www.wikidata.org/entity/Q5431633,falak,12
http://www.wikidata.org/entity/Q5433431,famo,4
http://www.wikidata.org/entity/Q5433911,Fann at-Tanbura,4
http://www.wikidata.org/entity/Q5442427,Fell,1
http://www.wikidata.org/entity/Q5445668,festejo,4
http://www.wikidata.org/entity/Q5447390,fife and drum blues,6
http://www.wikidata.org/entity/Q1020611,bühnenmusik,1
http://www.wikidata.org/entity/Q1024999,caccia,9
http://www.wikidata.org/entity/Q1026089,Cajun music,14
http://www.wikidata.org/entity/Q1026113,cakewalk,20
http://www.wikidata.org/entity/Q1027114,call and response,20
http://www.wikidata.org/entity/Q1027999,vocal trance,14
http://www.wikidata.org/entity/Q124536568,Belpop,1
http://www.wikidata.org/entity/Q124545070,Mecapaqueña,1
http://www.wikidata.org/entity/Q124568573,Acholi music,0
http://www.wikidata.org/entity/Q124568589,Beja music,0
http://www.wikidata.org/entity/Q124609825,nuban,0
http://www.wikidata.org/entity/Q124613834,Batuchina,2
http://www.wikidata.org/entity/Q124616529,Zukuma,2
http://www.wikidata.org/entity/Q124630346,guaracha santiagueña,0
http://www.wikidata.org/entity/Q124637903,forró de favela,0
http://www.wikidata.org/entity/Q124637905,Shehhi music,0
http://www.wikidata.org/entity/Q124638948,ikorodo,1
http://www.wikidata.org/entity/Q124661614,beat bolha,0
http://www.wikidata.org/entity/Q124670108,Tibetan Buddhist chant,0
http://www.wikidata.org/entity/Q124692508,jerk,1
http://www.wikidata.org/entity/Q124705104,trapeton,0
http://www.wikidata.org/entity/Q124707721,Rabela,1
http://www.wikidata.org/entity/Q124713283,reparto,1
http://www.wikidata.org/entity/Q124714400,Soga music,0
http://www.wikidata.org/entity/Q124728302,beat fino,0
http://www.wikidata.org/entity/Q124739364,Dominican hip hop,2
http://www.wikidata.org/entity/Q124791567,Drum and bass electronic rock,1
http://www.wikidata.org/entity/Q124804770,Pasarrúas,1
http://www.wikidata.org/entity/Q124846645,gabber punk,0
http://www.wikidata.org/entity/Q124851788,changjak gugak,0
http://www.wikidata.org/entity/Q124851801,acholitronix,0
http://www.wikidata.org/entity/Q124879726,salsa baúl,0
http://www.wikidata.org/entity/Q125056553,Cantu a vatoccu,0
http://www.wikidata.org/entity/Q125088409,Su cuncordu,0
http://www.wikidata.org/entity/Q125346571,new jazz,0
http://www.wikidata.org/entity/Q109538574,vinahouse,3
http://www.wikidata.org/entity/Q109555263,Broadway music,0
http://www.wikidata.org/entity/Q109560218,Bosnian and Herzegovinian folk music,0
http://www.wikidata.org/entity/Q109585546,Okinawan pop,0
http://www.wikidata.org/entity/Q109586004,Ethiopian pop,0
http://www.wikidata.org/entity/Q109586237,alternative CCM,0
http://www.wikidata.org/entity/Q109589325,Manx folk music,0
http://www.wikidata.org/entity/Q109589387,manyao,0
http://www.wikidata.org/entity/Q109589472,Mbenga-Mbuti music,0
http://www.wikidata.org/entity/Q109589503,mid-school hip hop,0
http://www.wikidata.org/entity/Q109589562,musique concrète instrumentale,0
http://www.wikidata.org/entity/Q109589620,new age kirtan,0
http://www.wikidata.org/entity/Q109589714,Ngoma music,4
http://www.wikidata.org/entity/Q1428162,Ambrosian chant,18
http://www.wikidata.org/entity/Q1428470,klapa,30
http://www.wikidata.org/entity/Q1428885,saibara,7
http://www.wikidata.org/entity/Q1429121,Flogger,4
http://www.wikidata.org/entity/Q1430045,Florida death metal,4
http://www.wikidata.org/entity/Q1430587,minimal techno,20
http://www.wikidata.org/entity/Q11830421,crossbreed,2
http://www.wikidata.org/entity/Q11831728,pumping house,1
http://www.wikidata.org/entity/Q11834879,rigaudon,1
http://www.wikidata.org/entity/Q11835427,dudácká muzika,2
http://www.wikidata.org/entity/Q11849852,Afroma,1
http://www.wikidata.org/entity/Q11855589,crustgrind,1
http://www.wikidata.org/entity/Q11870448,street rock,1
http://www.wikidata.org/entity/Q11871087,Medieval contemporary music,1
http://www.wikidata.org/entity/Q11875657,leudd,1
http://www.wikidata.org/entity/Q11876050,Lisbon fado,1
http://www.wikidata.org/entity/Q11877639,electro trance,1
http://www.wikidata.org/entity/Q11881224,Marrabenta rap,1
http://www.wikidata.org/entity/Q11882045,melodic trance,1
http://www.wikidata.org/entity/Q11885649,opera metal,2
http://www.wikidata.org/entity/Q11888699,Porirock,1
http://www.wikidata.org/entity/Q11889707,ragga metal,1
http://www.wikidata.org/entity/Q11890008,ramopunk,2
http://www.wikidata.org/entity/Q11894761,Finnish folk music,2
http://www.wikidata.org/entity/Q11899500,underground metal,1
http://www.wikidata.org/entity/Q123223381,Pontic Greek music,1
http://www.wikidata.org/entity/Q123253052,post-no wave,1
http://www.wikidata.org/entity/Q123253590,caporal,0
http://www.wikidata.org/entity/Q123272631,rock poetry,0
http://www.wikidata.org/entity/Q123286978,Yoruba folk opera,0
http://www.wikidata.org/entity/Q123360735,rock rural,0
http://www.wikidata.org/entity/Q123382682,takborsé,0
http://www.wikidata.org/entity/Q123397869,hymn setting,0
http://www.wikidata.org/entity/Q123397937,chorale melody,0
http://www.wikidata.org/entity/Q123413364,Afro tech,3
http://www.wikidata.org/entity/Q108107602,Arabic belly dance music,1
http://www.wikidata.org/entity/Q108107614,Aragonese folk music,0
http://www.wikidata.org/entity/Q108107635,novo dub,0
http://www.wikidata.org/entity/Q108110644,vuelie,0
http://www.wikidata.org/entity/Q108123046,slacker rock,7
http://www.wikidata.org/entity/Q108151076,semi-trot,0
http://www.wikidata.org/entity/Q108151792,music of the Greater Antilles,0
http://www.wikidata.org/entity/Q108167943,maracatu nação,3
http://www.wikidata.org/entity/Q108177317,Māori showband,0
http://www.wikidata.org/entity/Q108197774,colour bass,1
http://www.wikidata.org/entity/Q108226936,slow waltz,0
http://www.wikidata.org/entity/Q108250543,music of Mediterranea,0
http://www.wikidata.org/entity/Q108297178,Armenian church music,0
http://www.wikidata.org/entity/Q108297179,Ashkenazi music,0
http://www.wikidata.org/entity/Q108297180,Assamese folk music,0
http://www.wikidata.org/entity/Q108297181,Asturian folk music,0
http://www.wikidata.org/entity/Q108297183,Austronesian music,0
http://www.wikidata.org/entity/Q108297184,avant-folk,0
http://www.wikidata.org/entity/Q108297185,Avar folk music,0
http://www.wikidata.org/entity/Q108297186,azmari,0
http://www.wikidata.org/entity/Q108297187,balani show,1
http://www.wikidata.org/entity/Q108297188,balitaw,0
http://www.wikidata.org/entity/Q108297189,Balochi folk music,0
http://www.wikidata.org/entity/Q1610196,French organ school,5
http://www.wikidata.org/entity/Q1615483,soul jazz,15
http://www.wikidata.org/entity/Q1619932,hiplife,7
http://www.wikidata.org/entity/Q1620079,hipster hop,5
http://www.wikidata.org/entity/Q1620760,historia,2
http://www.wikidata.org/entity/Q1621467,symphonic black metal,28
http://www.wikidata.org/entity/Q1622261,Latin metal,13
http://www.wikidata.org/entity/Q63247669,Christmas cantata,1
http://www.wikidata.org/entity/Q63293122,Bangladeshi heavy metal,1
http://www.wikidata.org/entity/Q63973609,Angklung buncis,3
http://www.wikidata.org/entity/Q64055364,ethnic pop,1
http://www.wikidata.org/entity/Q64058224,Büchel music,0
http://www.wikidata.org/entity/Q64137792,religious vocal music,0
http://www.wikidata.org/entity/Q64151977,Concert polka,0
http://www.wikidata.org/entity/Q64152411,pas redouble,1
http://www.wikidata.org/entity/Q64152500,sacred folk song,0
http://www.wikidata.org/entity/Q64441232,ethnic rock,0
http://www.wikidata.org/entity/Q110242150,Virgin Islander cariso,0
http://www.wikidata.org/entity/Q110249607,siffleur,0
http://www.wikidata.org/entity/Q110249949,Turkish mevlevi music,0
http://www.wikidata.org/entity/Q110249967,oriental Jewish music,0
http://www.wikidata.org/entity/Q110250034,Bhutanese folk music,0
http://www.wikidata.org/entity/Q110250068,Uzbek folk music,0
http://www.wikidata.org/entity/Q110269470,Batrelaky,2
http://www.wikidata.org/entity/Q110272079,Pasillo ecuatoriano,2
http://www.wikidata.org/entity/Q110290228,Marathi folk music,0
http://www.wikidata.org/entity/Q110296483,Kashubian folk music,0
http://www.wikidata.org/entity/Q110312933,Afro-Brazilian music,2
http://www.wikidata.org/entity/Q53677944,Jota montañesa,1
http://www.wikidata.org/entity/Q53719487,jota segoviana,2
http://www.wikidata.org/entity/Q53724923,Patua Sangeet,4
http://www.wikidata.org/entity/Q53806314,éntekhno,4
http://www.wikidata.org/entity/Q54329757,Latin trap,8
http://www.wikidata.org/entity/Q54864794,horror music,0
http://www.wikidata.org/entity/Q54891495,Lithuanian folk music,2
http://www.wikidata.org/entity/Q55104351,Indian hip hop,2
http://www.wikidata.org/entity/Q55119881,Japanese flamenco,3
http://www.wikidata.org/entity/Q55296418,occult rock,5
http://www.wikidata.org/entity/Q55415524,ultra metal,1
http://www.wikidata.org/entity/Q55529556,Kume-uta,1
http://www.wikidata.org/entity/Q55593233,biraha,5
http://www.wikidata.org/entity/Q55604305,Asian American hip hop,1
http://www.wikidata.org/entity/Q55605210,beni,3
http://www.wikidata.org/entity/Q55608567,cringe pop,1
http://www.wikidata.org/entity/Q55608822,Dadakuada,1
http://www.wikidata.org/entity/Q1033032,candomblé music,2
http://www.wikidata.org/entity/Q1033073,candombe,24
http://www.wikidata.org/entity/Q1033810,cantiga de amigo,11
http://www.wikidata.org/entity/Q1033813,cantilena,2
http://www.wikidata.org/entity/Q1033831,canticle,24
http://www.wikidata.org/entity/Q1033912,hard dance,8
http://www.wikidata.org/entity/Q1516324,fast polka,1
http://www.wikidata.org/entity/Q1518063,Ottoman classical music,15
http://www.wikidata.org/entity/Q1519864,sung poetry,9
http://www.wikidata.org/entity/Q1521688,ghettotech,13
http://www.wikidata.org/entity/Q1522794,music of Yugoslavia,8
http://www.wikidata.org/entity/Q1062702,video game music,27
http://www.wikidata.org/entity/Q1063010,character piece,12
http://www.wikidata.org/entity/Q1064810,Chinese rock,13
http://www.wikidata.org/entity/Q1538765,gothabilly,13
http://www.wikidata.org/entity/Q1538805,gothic punk,2
http://www.wikidata.org/entity/Q1540495,puirt à beul,4
http://www.wikidata.org/entity/Q1541229,American folk music,10
http://www.wikidata.org/entity/Q1544863,music of Cuba,18
http://www.wikidata.org/entity/Q1545226,Gregorian pop,1
http://www.wikidata.org/entity/Q1546028,Philadelphia soul,18
http://www.wikidata.org/entity/Q107486984,electro-folk,0
http://www.wikidata.org/entity/Q107494231,anthem,5
http://www.wikidata.org/entity/Q107505833,jazzdance,0
http://www.wikidata.org/entity/Q107515261,digicore,3
http://www.wikidata.org/entity/Q107515319,inkiranya,0
http://www.wikidata.org/entity/Q107524184,Turkic music,0
http://www.wikidata.org/entity/Q107539696,Uzbek pop,0
http://www.wikidata.org/entity/Q107539785,Israeli pop,0
http://www.wikidata.org/entity/Q107539809,Russian indie music,0
http://www.wikidata.org/entity/Q107539904,estrada music,4
http://www.wikidata.org/entity/Q107540971,Turkish alternative music,0
http://www.wikidata.org/entity/Q107565104,original Pilipino music,1
http://www.wikidata.org/entity/Q107572242,progressive rap,4
http://www.wikidata.org/entity/Q107589110,Karelian folk music,0
http://www.wikidata.org/entity/Q107602122,rock polo,0
http://www.wikidata.org/entity/Q107641327,soko,1
http://www.wikidata.org/entity/Q107641917,Laku,1
http://www.wikidata.org/entity/Q107686154,Balto-Finnic folk music,0
http://www.wikidata.org/entity/Q107697041,g-house,0
http://www.wikidata.org/entity/Q107697201,hard drum,0
http://www.wikidata.org/entity/Q107697221,hardgroove techno,0
http://www.wikidata.org/entity/Q107697234,HexD,1
http://www.wikidata.org/entity/Q107697260,broken transmission,0
http://www.wikidata.org/entity/Q107697441,surf punk,2
http://www.wikidata.org/entity/Q123421084,briddim,0
http://www.wikidata.org/entity/Q123421088,Levantine Arabic music,0
http://www.wikidata.org/entity/Q123421101,stomp and holler,0
http://www.wikidata.org/entity/Q123481758,Alaskan hip hop,1
http://www.wikidata.org/entity/Q123498448,Philosophical song,0
http://www.wikidata.org/entity/Q123543092,darkcore,1
http://www.wikidata.org/entity/Q123556216,tân cổ giao duyên,0
http://www.wikidata.org/entity/Q123588464,Nuer music,0
http://www.wikidata.org/entity/Q123600631,lostwave,9
http://www.wikidata.org/entity/Q123699455,vaigat music,0
http://www.wikidata.org/entity/Q123707590,pop urbaine,4
http://www.wikidata.org/entity/Q123753500,phonk house,1
http://www.wikidata.org/entity/Q123773619,tontipop,0
http://www.wikidata.org/entity/Q123777276,musical drama,1
http://www.wikidata.org/entity/Q123786394,Hong Kong cantopop,4
http://www.wikidata.org/entity/Q123856101,Rioplatense music,0
http://www.wikidata.org/entity/Q123907465,Michigan rap,2
http://www.wikidata.org/entity/Q123909197,jubilee,0
http://www.wikidata.org/entity/Q123922710,aquacrunk,0
http://www.wikidata.org/entity/Q123923529,bubblegrunge,2
http://www.wikidata.org/entity/Q123944418,Egwu ekpili,0
http://www.wikidata.org/entity/Q123945693,egwu ogene,0
http://www.wikidata.org/entity/Q123953871,Dinka music,0
http://www.wikidata.org/entity/Q124000603,Igba ijele,0
http://www.wikidata.org/entity/Q124001082,Igba akunechenyi,0
http://www.wikidata.org/entity/Q124001752,kaluyo,0
http://www.wikidata.org/entity/Q124022145,Rapfrobeat,0
http://www.wikidata.org/entity/Q124060761,Igbo Christian music,2
http://www.wikidata.org/entity/Q124079308,folk music of Uruguay,0
http://www.wikidata.org/entity/Q4400498,Russian folk music,4
http://www.wikidata.org/entity/Q4400803,Russian post-chanson,1
http://www.wikidata.org/entity/Q4400837,Russian romance,8
http://www.wikidata.org/entity/Q4428744,son cubano,25
http://www.wikidata.org/entity/Q4440575,Old Roman chant,5
http://www.wikidata.org/entity/Q4444254,Strochnoy chant,2
http://www.wikidata.org/entity/Q4448560,surrealist music,7
http://www.wikidata.org/entity/Q1585558,music of Tibet,14
http://www.wikidata.org/entity/Q1588913,hatecore,9
http://www.wikidata.org/entity/Q1597549,kizomba,29
http://www.wikidata.org/entity/Q1606591,reggae fusion,13
http://www.wikidata.org/entity/Q61058797,funkcore,2
http://www.wikidata.org/entity/Q61063128,Tamil film music,0
http://www.wikidata.org/entity/Q61065236,koche bazari,1
http://www.wikidata.org/entity/Q61127698,Yugoslav partisan song,3
http://www.wikidata.org/entity/Q61127902,Vietnamese bolero,1
http://www.wikidata.org/entity/Q61340552,stage and screen,0
http://www.wikidata.org/entity/Q61360197,Jaranan dangdut,1
http://www.wikidata.org/entity/Q61693382,pilantragem,2
http://www.wikidata.org/entity/Q61998611,anti runa,1
http://www.wikidata.org/entity/Q63064412,Međimurska popevka,7
http://www.wikidata.org/entity/Q63119086,Atomic Platters,0
http://www.wikidata.org/entity/Q63122412,Unaizah Samri,1
http://www.wikidata.org/entity/Q63197384,saya afroboliviana,7
http://www.wikidata.org/entity/Q63203971,religious hymn,0
http://www.wikidata.org/entity/Q63229806,cowboy pop,3
http://www.wikidata.org/entity/Q63243766,Anglican hymn,0
http://www.wikidata.org/entity/Q1547148,bugle call,7
http://www.wikidata.org/entity/Q1547998,Rock identitaire français,5
http://www.wikidata.org/entity/Q1548170,musical comedy,8
http://www.wikidata.org/entity/Q1548603,West Coast jazz,15
http://www.wikidata.org/entity/Q1550501,muiñeira,14
http://www.wikidata.org/entity/Q1552806,guaracha,13
http://www.wikidata.org/entity/Q5655695,hardbag,2
http://www.wikidata.org/entity/Q5658489,free step,3
http://www.wikidata.org/entity/Q5661311,aire,1
http://www.wikidata.org/entity/Q5662534,albazo,3
http://www.wikidata.org/entity/Q5676196,Pandilla Punoan,3
http://www.wikidata.org/entity/Q5681688,pregón,6
http://www.wikidata.org/entity/Q5683605,Maddahi,8
http://www.wikidata.org/entity/Q5684704,liwa,4
http://www.wikidata.org/entity/Q5690120,trance metal,2
http://www.wikidata.org/entity/Q5690818,rock urbano mexicano,1
http://www.wikidata.org/entity/Q5693170,chonguinada,3
http://www.wikidata.org/entity/Q5707612,arunguita,1
http://www.wikidata.org/entity/Q5713112,avanzada,1
http://www.wikidata.org/entity/Q944465,jazz rock,12
http://www.wikidata.org/entity/Q944800,frottola,24
http://www.wikidata.org/entity/Q947155,kirtan,30
http://www.wikidata.org/entity/Q949369,funky house,16
http://www.wikidata.org/entity/Q109915194,Walloon folk music,0
http://www.wikidata.org/entity/Q109915203,Warsaw City folk music,0
http://www.wikidata.org/entity/Q109916244,British folk music,2
http://www.wikidata.org/entity/Q109930142,power soca,0
http://www.wikidata.org/entity/Q109941986,ratchet music,1
http://www.wikidata.org/entity/Q110016168,Nordic folk rock,0
http://www.wikidata.org/entity/Q110020243,Swedish pop,5
http://www.wikidata.org/entity/Q110020310,Swedish rock music,1
http://www.wikidata.org/entity/Q110038872,ambient jazz,0
http://www.wikidata.org/entity/Q110101630,tango romanza,1
http://www.wikidata.org/entity/Q110101806,swingueira,1
http://www.wikidata.org/entity/Q110101956,eletrofunk,0
http://www.wikidata.org/entity/Q110121422,downtempo deathcore,1
http://www.wikidata.org/entity/Q110126996,rave funk,1
http://www.wikidata.org/entity/Q110127020,tranceira,1
http://www.wikidata.org/entity/Q110127031,trip bit,1
http://www.wikidata.org/entity/Q110141586,indie surf,1
http://www.wikidata.org/entity/Q110143732,Serbian pop-folk,3
http://www.wikidata.org/entity/Q110164140,boate carioca,2
http://www.wikidata.org/entity/Q110167313,music of Bavaria,0
http://www.wikidata.org/entity/Q110167696,music of North Asia,0
http://www.wikidata.org/entity/Q110167738,music of Siberia,0
http://www.wikidata.org/entity/Q110168453,omutibo,0
http://www.wikidata.org/entity/Q110185228,music of the Azores,0
http://www.wikidata.org/entity/Q110185782,melodic techno,0
http://www.wikidata.org/entity/Q110207937,rockdut,0
http://www.wikidata.org/entity/Q110226234,red disco,0
http://www.wikidata.org/entity/Q110229924,naturjodel,0
http://www.wikidata.org/entity/Q110230168,British brass band music,0
http://www.wikidata.org/entity/Q110230400,New Orleans brass band music,0
http://www.wikidata.org/entity/Q110230415,Pakacaping music,0
http://www.wikidata.org/entity/Q107718509,Hispanic music,0
http://www.wikidata.org/entity/Q107718539,Hispanic American music,0
http://www.wikidata.org/entity/Q107718737,music of North America,0
http://www.wikidata.org/entity/Q107736421,soundtrack,0
http://www.wikidata.org/entity/Q107740285,cumbia,5
http://www.wikidata.org/entity/Q107814971,Georgian folk music,3
http://www.wikidata.org/entity/Q107819512,German folk music,0
http://www.wikidata.org/entity/Q107970042,mulatós,0
http://www.wikidata.org/entity/Q107982599,jamgrass,0
http://www.wikidata.org/entity/Q107985185,Hakka traditional music,1
http://www.wikidata.org/entity/Q107985505,Han music,0
http://www.wikidata.org/entity/Q107985522,Han folk music,0
http://www.wikidata.org/entity/Q107985638,horror synth,0
http://www.wikidata.org/entity/Q107985650,idol kayō,0
http://www.wikidata.org/entity/Q108032157,banja,1
http://www.wikidata.org/entity/Q108055228,pipe band music,0
http://www.wikidata.org/entity/Q108107422,Livonian folk music,0
http://www.wikidata.org/entity/Q1583807,art music,33
http://www.wikidata.org/entity/Q1585015,hard house,15
http://www.wikidata.org/entity/Q1585075,breakbeat hardcore,15
http://www.wikidata.org/entity/Q4585201,slått,3
http://www.wikidata.org/entity/Q4631020,21st-century classical music,8
http://www.wikidata.org/entity/Q4637208,4-beat,1
http://www.wikidata.org/entity/Q4666464,Abecedarian hymn,1
http://www.wikidata.org/entity/Q4668375,indigenous music of Canada,1
http://www.wikidata.org/entity/Q4668383,indigenous rock,5
http://www.wikidata.org/entity/Q4670712,Abwe,1
http://www.wikidata.org/entity/Q4684501,Nusach,3
http://www.wikidata.org/entity/Q4685875,adult-oriented pop,1
http://www.wikidata.org/entity/Q4690039,African reggae,1
http://www.wikidata.org/entity/Q4690168,Afro-Caribbean music,4
http://www.wikidata.org/entity/Q4691163,Agamani-Vijaya,5
http://www.wikidata.org/entity/Q4691650,agbekor,2
http://www.wikidata.org/entity/Q4694554,aguinaldo,7
http://www.wikidata.org/entity/Q4696445,ahwash,7
http://www.wikidata.org/entity/Q124080511,doomgaze,0
http://www.wikidata.org/entity/Q124080517,música típica chilena,0
http://www.wikidata.org/entity/Q124080527,Shilluk music,0
http://www.wikidata.org/entity/Q124096734,early American blues,0
http://www.wikidata.org/entity/Q124099574,cosmic black metal,0
http://www.wikidata.org/entity/Q124099577,progressive black metal,0
http://www.wikidata.org/entity/Q124099582,psychedelic black metal,0
http://www.wikidata.org/entity/Q124130234,Burlesque,1
http://www.wikidata.org/entity/Q124151378,dream folk,0
http://www.wikidata.org/entity/Q124170473,eccojams,0
http://www.wikidata.org/entity/Q124253576,Eelam Melody,0
http://www.wikidata.org/entity/Q124291051,Afar music,0
http://www.wikidata.org/entity/Q124312240,Afro fusion,2
http://www.wikidata.org/entity/Q124333204,sinogrime,1
http://www.wikidata.org/entity/Q124342215,Ladainha,0
http://www.wikidata.org/entity/Q124342216,Tanguinho,0
http://www.wikidata.org/entity/Q124342217,Cateretê,0
http://www.wikidata.org/entity/Q124342218,Novena,0
http://www.wikidata.org/entity/Q124352838,Bronx drill,0
http://www.wikidata.org/entity/Q124354563,kujon,0
http://www.wikidata.org/entity/Q124354571,mataali,0
http://www.wikidata.org/entity/Q124357128,gabberpop,4
http://www.wikidata.org/entity/Q124361699,loud kei,0
http://www.wikidata.org/entity/Q124399713,Jersey club rap,0
http://www.wikidata.org/entity/Q124399721,kete,0
http://www.wikidata.org/entity/Q124399725,Buganda royal court music,0
http://www.wikidata.org/entity/Q124421715,Copy thachin,2
http://www.wikidata.org/entity/Q124428369,southern Brazilian music,0
http://www.wikidata.org/entity/Q124428373,tivaner inngernerlu,0
http://www.wikidata.org/entity/Q124476025,Pentecostal music,1
http://www.wikidata.org/entity/Q124504713,Creole jazz,1
http://www.wikidata.org/entity/Q124526447,Kaluyo vallegrandino,1
http://www.wikidata.org/entity/Q1065742,religious music,36
http://www.wikidata.org/entity/Q1067089,throat singing,24
http://www.wikidata.org/entity/Q1048469,music of Scotland,12
http://www.wikidata.org/entity/Q1049625,musical improvisation,35
http://www.wikidata.org/entity/Q1051575,humppa,17
http://www.wikidata.org/entity/Q109615856,Ethiopic music,0
http://www.wikidata.org/entity/Q109626458,nueva canción latinoamericana,1
http://www.wikidata.org/entity/Q109646867,Swedish hardcore punk,1
http://www.wikidata.org/entity/Q109653544,shatta,1
http://www.wikidata.org/entity/Q109656646,sports music,0
http://www.wikidata.org/entity/Q109660794,German pop,0
http://www.wikidata.org/entity/Q109678435,microtonal classical music,0
http://www.wikidata.org/entity/Q109700349,Akron Sound,1
http://www.wikidata.org/entity/Q109713720,minatory,0
http://www.wikidata.org/entity/Q109713745,modern laika,0
http://www.wikidata.org/entity/Q109713788,Albanian pop-folk,0
http://www.wikidata.org/entity/Q109713845,classic psytrance,0
http://www.wikidata.org/entity/Q109713928,tribal psytrance,0
http://www.wikidata.org/entity/Q109713947,offbeat psytrance,0
http://www.wikidata.org/entity/Q109714050,uplifting psy,0
http://www.wikidata.org/entity/Q109714084,twilight psytrance,0
http://www.wikidata.org/entity/Q109714096,forest psytrance,0
http://www.wikidata.org/entity/Q109715091,morning psytrance,0
http://www.wikidata.org/entity/Q109715762,muzică de mahala,0
http://www.wikidata.org/entity/Q109715837,zenonesque,0
http://www.wikidata.org/entity/Q109719071,sarala gee,0
http://www.wikidata.org/entity/Q109719462,vaudeville,0
http://www.wikidata.org/entity/Q109753718,Santería music,0
http://www.wikidata.org/entity/Q109753757,twerk,0
http://www.wikidata.org/entity/Q109753852,Nubian music,0
http://www.wikidata.org/entity/Q109771322,late night lo-fi,0
http://www.wikidata.org/entity/Q109771345,vapornoise,0
http://www.wikidata.org/entity/Q109833526,Scandinavian pop,1
http://www.wikidata.org/entity/Q109834799,Assyrian folk music,0
http://www.wikidata.org/entity/Q109851898,drone noise wall,0
http://www.wikidata.org/entity/Q109872858,traditional blues,0
http://www.wikidata.org/entity/Q109872930,children's folk music,0
http://www.wikidata.org/entity/Q109872952,pre-war blues,0
http://www.wikidata.org/entity/Q109872977,modern big band music,0
http://www.wikidata.org/entity/Q109873092,social media pop,0
http://www.wikidata.org/entity/Q109873537,dark disco,0
http://www.wikidata.org/entity/Q109914619,Pashto folk music,0
http://www.wikidata.org/entity/Q109914703,Rajasthani folk music,0
http://www.wikidata.org/entity/Q109914712,Shetland & Orkney folk music,0
http://www.wikidata.org/entity/Q109914719,Sotho-Tswana folk music,1
http://www.wikidata.org/entity/Q109914864,Telugu folk music,0
http://www.wikidata.org/entity/Q109915174,Trás-os-Montes folk music,0
http://www.wikidata.org/entity/Q5448207,fijiri,8
http://www.wikidata.org/entity/Q5449121,Filmi-ghazal,2
http://www.wikidata.org/entity/Q5449125,filmi pop,1
http://www.wikidata.org/entity/Q5449126,Filmi qawwali,2
http://www.wikidata.org/entity/Q5464445,folk baroque,3
http://www.wikidata.org/entity/Q5464464,folk jazz,8
http://www.wikidata.org/entity/Q5464474,folk ragtime,1
http://www.wikidata.org/entity/Q5466607,footwork,9
http://www.wikidata.org/entity/Q5477103,Foxcore,1
http://www.wikidata.org/entity/Q5479290,Gato cuyano,1
http://www.wikidata.org/entity/Q5480212,palm-wine music,9
http://www.wikidata.org/entity/Q5487269,freak metal,1
http://www.wikidata.org/entity/Q5492501,guardia nueva,2
http://www.wikidata.org/entity/Q5494303,stoner doom,4
http://www.wikidata.org/entity/Q2413836,Gar,3
http://www.wikidata.org/entity/Q2416307,outsider music,11
http://www.wikidata.org/entity/Q2420402,free rock,1
http://www.wikidata.org/entity/Q2420447,trova,7
http://www.wikidata.org/entity/Q2425480,Kumina,6
http://www.wikidata.org/entity/Q2426218,modernism,23
http://www.wikidata.org/entity/Q2426383,crunkcore,13
http://www.wikidata.org/entity/Q59387411,archontorebetiko,1
http://www.wikidata.org/entity/Q59389199,música divertida,1
http://www.wikidata.org/entity/Q60030725,yodel,0
http://www.wikidata.org/entity/Q60199541,emo rock,0
http://www.wikidata.org/entity/Q60462608,biker metal,9
http://www.wikidata.org/entity/Q60463676,dolewave,4
http://www.wikidata.org/entity/Q60477130,historical folk song,1
http://www.wikidata.org/entity/Q60500291,French polka,0
http://www.wikidata.org/entity/Q60722009,Kasékò,2
http://www.wikidata.org/entity/Q60729751,soulful house,3
http://www.wikidata.org/entity/Q60742458,Ute music,1
http://www.wikidata.org/entity/Q60742809,cinematic soul,1
http://www.wikidata.org/entity/Q60743281,Korean indie,2
http://www.wikidata.org/entity/Q60743608,Mahāgīta,3
http://www.wikidata.org/entity/Q60745864,Cambodian rock,2
http://www.wikidata.org/entity/Q60792489,Galician chant,1
http://www.wikidata.org/entity/Q60824940,cumbia sanjuanera,1
http://www.wikidata.org/entity/Q60847029,léròl,1
http://www.wikidata.org/entity/Q60853089,Kazakh historical song,1
http://www.wikidata.org/entity/Q60914635,Hacha'a,2
http://www.wikidata.org/entity/Q60973191,darksynth,3
http://www.wikidata.org/entity/Q60985143,chaotic hardcore,1
http://www.wikidata.org/entity/Q1074080,music of Turkey,22
http://www.wikidata.org/entity/Q1074569,chipmunk soul,5
http://www.wikidata.org/entity/Q1075338,jug band,13
http://www.wikidata.org/entity/Q1075799,music of Albania,16
http://www.wikidata.org/entity/Q4452477,Tatar folk music,5
http://www.wikidata.org/entity/Q4452845,tahpah,1
http://www.wikidata.org/entity/Q4453768,Azerbaijani rock,5
http://www.wikidata.org/entity/Q4456147,Terra Verde,1
http://www.wikidata.org/entity/Q4456413,tesnif,2
http://www.wikidata.org/entity/Q4469861,ozlau,4
http://www.wikidata.org/entity/Q4490718,melodic metalcore,20
http://www.wikidata.org/entity/Q4490991,progressive country,4
http://www.wikidata.org/entity/Q4499034,Chabad niggunim,2
http://www.wikidata.org/entity/Q4499627,Homony singing,1
http://www.wikidata.org/entity/Q4501461,Christian ska,2
http://www.wikidata.org/entity/Q4528554,shchedrivka,7
http://www.wikidata.org/entity/Q4585173,gangar,3
http://www.wikidata.org/entity/Q1564596,taarab,16
http://www.wikidata.org/entity/Q1564657,Leise,7
http://www.wikidata.org/entity/Q1567032,Southern soul,11
http://www.wikidata.org/entity/Q1571388,Jácara,8
http://www.wikidata.org/entity/Q1574985,Vallenato,29
http://www.wikidata.org/entity/Q2428625,dubstyle,2
http://www.wikidata.org/entity/Q2447747,nhã nhạc,20
http://www.wikidata.org/entity/Q2447797,Cape Breton fiddling,2
http://www.wikidata.org/entity/Q2447826,katta ashula,6
http://www.wikidata.org/entity/Q2448147,trailer music,6
http://www.wikidata.org/entity/Q2449418,music of Denmark,12
http://www.wikidata.org/entity/Q2452152,dark psytrance,10
http://www.wikidata.org/entity/Q1076092,technical death metal,31
http://www.wikidata.org/entity/Q2385634,Spanish progressive rock,2
http://www.wikidata.org/entity/Q2385862,progressive psytrance,5
http://www.wikidata.org/entity/Q2389651,children's music,19
http://www.wikidata.org/entity/Q2391393,Armenian rock,6
http://www.wikidata.org/entity/Q1071244,punk revival,3
http://www.wikidata.org/entity/Q1071834,music of Hawaii,8
http://www.wikidata.org/entity/Q1071873,Chicago blues,27
http://www.wikidata.org/entity/Q1071961,Chicago house,20
http://www.wikidata.org/entity/Q55612592,Gh hip hop,1
http://www.wikidata.org/entity/Q55613761,Montenegrin hip hop,1
http://www.wikidata.org/entity/Q55614428,indigenous metal music,2
http://www.wikidata.org/entity/Q55622691,megamusical,1
http://www.wikidata.org/entity/Q55633758,Sri Lankan hip hop,1
http://www.wikidata.org/entity/Q55641646,Russ music,4
http://www.wikidata.org/entity/Q55641735,shamstep,2
http://www.wikidata.org/entity/Q55642856,adhunik geet,3
http://www.wikidata.org/entity/Q55644985,trap metal,6
http://www.wikidata.org/entity/Q55648025,Korean ballad,4
http://www.wikidata.org/entity/Q55657955,Joktau,2
http://www.wikidata.org/entity/Q56244093,gambus,0
http://www.wikidata.org/entity/Q56276781,powwow-step,1
http://www.wikidata.org/entity/Q56297567,brasspop,1
http://www.wikidata.org/entity/Q56303195,troll metal,1
http://www.wikidata.org/entity/Q56305707,Mari folk song,2
http://www.wikidata.org/entity/Q56315833,Viennese music,2
http://www.wikidata.org/entity/Q56342439,dream house,1
http://www.wikidata.org/entity/Q56342556,classical crossover,10
http://www.wikidata.org/entity/Q56342573,dancecore,1
http://www.wikidata.org/entity/Q56344591,soil,1
http://www.wikidata.org/entity/Q126281483,cuddlecore,1
http://www.wikidata.org/entity/Q126287874,Quickstep (march music),2
http://www.wikidata.org/entity/Q126335126,hypertechno,0
http://www.wikidata.org/entity/Q126453633,Steklåt,2
http://www.wikidata.org/entity/Q126500651,argent metal,0
http://www.wikidata.org/entity/Q126667584,Aire típico,1
http://www.wikidata.org/entity/Q126667587,Andarele,1
http://www.wikidata.org/entity/Q126708888,gospel trap,2
http://www.wikidata.org/entity/Q126728409,doomshop phonk,0
http://www.wikidata.org/entity/Q126953014,Amorfino,1
http://www.wikidata.org/entity/Q126953015,Caramba,1
http://www.wikidata.org/entity/Q126953016,Alza,1
http://www.wikidata.org/entity/Q126954549,dissonant black metal,0
http://www.wikidata.org/entity/Q127129068,sexy drill,0
http://www.wikidata.org/entity/Q127147485,Welayta music,0
http://www.wikidata.org/entity/Q127164152,garage metal,1
http://www.wikidata.org/entity/Q127269144,Swedish gangsta rap,1
http://www.wikidata.org/entity/Q127270988,dechovka,0
http://www.wikidata.org/entity/Q127326805,new wave of classic rock,2
http://www.wikidata.org/entity/Q127469939,Finnish metal music,0
http://www.wikidata.org/entity/Q127470373,electro dub,0
http://www.wikidata.org/entity/Q127470401,techno-tribal,0
http://www.wikidata.org/entity/Q127470456,British psychedelic music,0
http://www.wikidata.org/entity/Q127470526,international pop,0
http://www.wikidata.org/entity/Q127470683,progressive alternative music,0
http://www.wikidata.org/entity/Q127470732,Hindustani vocal music,0
http://www.wikidata.org/entity/Q127470932,minimal dub,0
http://www.wikidata.org/entity/Q127471000,obscuro,1
http://www.wikidata.org/entity/Q127471087,hard IDM,0
http://www.wikidata.org/entity/Q127471107,modern power pop,0
http://www.wikidata.org/entity/Q127471163,instrumental pop,0
http://www.wikidata.org/entity/Q127471302,regional blues,0
http://www.wikidata.org/entity/Q127471360,early country music,0
http://www.wikidata.org/entity/Q127471482,contemporary instrumental music,0
http://www.wikidata.org/entity/Q127471510,Hindustani instrumental music,0
http://www.wikidata.org/entity/Q127471539,ethnic fusion,0
http://www.wikidata.org/entity/Q127471544,Carnatic vocal music,0
http://www.wikidata.org/entity/Q127471557,easy pop,0
http://www.wikidata.org/entity/Q127472147,Hindi music,0
http://www.wikidata.org/entity/Q127518004,Kazakh estrada music,0
http://www.wikidata.org/entity/Q127518866,Kazakh hip hop,1
http://www.wikidata.org/entity/Q127518946,Uzbek hip hop,0
http://www.wikidata.org/entity/Q127519343,Russian estrada music,0
http://www.wikidata.org/entity/Q127606323,Afrikaans gqom,0
http://www.wikidata.org/entity/Q127606347,core tribe,0
http://www.wikidata.org/entity/Q127606355,electro gqom,0
http://www.wikidata.org/entity/Q127606361,gospel gqom,0
http://www.wikidata.org/entity/Q2621049,Afro-punk,6
http://www.wikidata.org/entity/Q2621158,Makwaya,1
http://www.wikidata.org/entity/Q2621235,spatial music,5
http://www.wikidata.org/entity/Q2624785,Russian rock,17
http://www.wikidata.org/entity/Q5714628,ayarachi,1
http://www.wikidata.org/entity/Q5716336,baguala,2
http://www.wikidata.org/entity/Q5716953,bakalao,2
http://www.wikidata.org/entity/Q5717026,Basque ballad,2
http://www.wikidata.org/entity/Q5724040,beatdown hardcore,12
http://www.wikidata.org/entity/Q5730722,Venezuelan blues,1
http://www.wikidata.org/entity/Q7225887,Polo,1
http://www.wikidata.org/entity/Q7226751,Polyphonic Era,1
http://www.wikidata.org/entity/Q7229757,Vietnamese popular music,2
http://www.wikidata.org/entity/Q7233169,Posi music,1
http://www.wikidata.org/entity/Q7233274,positive hardcore,6
http://www.wikidata.org/entity/Q7245792,prison rock,1
http://www.wikidata.org/entity/Q7247338,processional hymn,1
http://www.wikidata.org/entity/Q7248857,progressive music,10
http://www.wikidata.org/entity/Q7251113,Prostopinije,2
http://www.wikidata.org/entity/Q7258480,Pueblo music,1
http://www.wikidata.org/entity/Q7259146,Pukllay,1
http://www.wikidata.org/entity/Q7260405,Australian punk rock,1
http://www.wikidata.org/entity/Q7260406,Swedish punk,5
http://www.wikidata.org/entity/Q7260407,Brazilian punk rock,5
http://www.wikidata.org/entity/Q7260408,Yugoslavian punk rock,3
http://www.wikidata.org/entity/Q7260409,punk rock in Spain,3
http://www.wikidata.org/entity/Q7260604,Punto,1
http://www.wikidata.org/entity/Q7263021,Pygmy music,1
http://www.wikidata.org/entity/Q2396005,Iavnana,8
http://www.wikidata.org/entity/Q2396639,Florida breaks,4
http://www.wikidata.org/entity/Q2398226,Umeå hardcore,3
http://www.wikidata.org/entity/Q2403744,Tenorlied,4
http://www.wikidata.org/entity/Q2404568,freak folk,7
http://www.wikidata.org/entity/Q2404891,music of Acadia,2
http://www.wikidata.org/entity/Q2406633,broken beat,7
http://www.wikidata.org/entity/Q2406900,twoubadou,4
http://www.wikidata.org/entity/Q2407589,Australian country music,4
http://www.wikidata.org/entity/Q2407862,Americana,23
http://www.wikidata.org/entity/Q1046801,turntablism,26
http://www.wikidata.org/entity/Q1046838,new wave of American heavy metal,25
http://www.wikidata.org/entity/Q1046920,Dōjin music,11
http://www.wikidata.org/entity/Q1048249,Italian folk music,5
http://www.wikidata.org/entity/Q2534837,votive mass,10
http://www.wikidata.org/entity/Q2537356,Bay Area thrash metal,16
http://www.wikidata.org/entity/Q2537800,Bozlak,3
http://www.wikidata.org/entity/Q2545135,noise pop,19
http://www.wikidata.org/entity/Q2549052,ethnic electronica,9
http://www.wikidata.org/entity/Q2551540,punk blues,15
http://www.wikidata.org/entity/Q2558340,Dutch jazz,6
http://www.wikidata.org/entity/Q940462,music hall,25
http://www.wikidata.org/entity/Q942955,milonga,27
http://www.wikidata.org/entity/Q131459053,kakawin,0
http://www.wikidata.org/entity/Q131460182,African classical music,3
http://www.wikidata.org/entity/Q131463506,Visayan pop,1
http://www.wikidata.org/entity/Q131481683,mall screamo,1
http://www.wikidata.org/entity/Q131504672,Banamba,3
http://www.wikidata.org/entity/Q131529620,krushclub,1
http://www.wikidata.org/entity/Q131535007,Colombian hip-hop,1
http://www.wikidata.org/entity/Q131535017,Argentine hip-hop,0
http://www.wikidata.org/entity/Q131535243,pigfuck,1
http://www.wikidata.org/entity/Q131590012,Al-Jalgi Al-Baghdadi,1
http://www.wikidata.org/entity/Q131597985,AI-generated music,1
http://www.wikidata.org/entity/Q131623924,holy terror,0
http://www.wikidata.org/entity/Q131624620,piano piece in one movement,0
http://www.wikidata.org/entity/Q131626236,song without words,0
http://www.wikidata.org/entity/Q131657701,Christian death metal,1
http://www.wikidata.org/entity/Q131681303,batonebi songs,0
http://www.wikidata.org/entity/Q131681304,urban grooves,0
http://www.wikidata.org/entity/Q131682956,nova vanguarda paulistana,0
http://www.wikidata.org/entity/Q131693667,narrative music,1
http://www.wikidata.org/entity/Q131720394,Basesa,1
http://www.wikidata.org/entity/Q131722216,Japanese idol music,0
http://www.wikidata.org/entity/Q131722219,Chicago post-rock,0
http://www.wikidata.org/entity/Q131722223,Greenwich Village scene,0
http://www.wikidata.org/entity/Q131722225,Louisville sound,0
http://www.wikidata.org/entity/Q131722229,NOLA sludge,0
http://www.wikidata.org/entity/Q131741601,eclogue,1
http://www.wikidata.org/entity/Q131784556,młoda polska,0
http://www.wikidata.org/entity/Q131853889,Cascadian black metal,0
http://www.wikidata.org/entity/Q131854045,Chinese literati music,0
http://www.wikidata.org/entity/Q131894205,alternative idol music,0
http://www.wikidata.org/entity/Q131894329,Windmill scene,1
http://www.wikidata.org/entity/Q131926355,Chuntunqui,1
http://www.wikidata.org/entity/Q131936139,Hoboken sound,0
http://www.wikidata.org/entity/Q131936143,new tone,0
http://www.wikidata.org/entity/Q131988195,clube da esquina,0
http://www.wikidata.org/entity/Q132040889,rock yoik,0
http://www.wikidata.org/entity/Q132165415,buchiage trance,0
http://www.wikidata.org/entity/Q132188340,Armenian folk dance song,1
http://www.wikidata.org/entity/Q132200384,Russian jazz,2
http://www.wikidata.org/entity/Q132324210,bloghouse,2
http://www.wikidata.org/entity/Q132324477,Gothenburg sound,0
http://www.wikidata.org/entity/Q132337371,Hadhrami Music,3
http://www.wikidata.org/entity/Q132362501,Igorot music,0
http://www.wikidata.org/entity/Q132362695,ring shout,0
http://www.wikidata.org/entity/Q132473088,free car music,0
http://www.wikidata.org/entity/Q132508451,Chilean jazz,1
http://www.wikidata.org/entity/Q132526862,hardcore psycho rap,1
http://www.wikidata.org/entity/Q132531661,leftist music,0
http://www.wikidata.org/entity/Q132531675,feminist music,0
http://www.wikidata.org/entity/Q2497323,suomisaundi,8
http://www.wikidata.org/entity/Q2498201,music of Russia,15
http://www.wikidata.org/entity/Q2500734,meykhana,15
http://www.wikidata.org/entity/Q2503249,music of Latvia,6
http://www.wikidata.org/entity/Q10285948,frevo de bloco,1
http://www.wikidata.org/entity/Q10286190,full-on,2
http://www.wikidata.org/entity/Q10286515,funk melody,5
http://www.wikidata.org/entity/Q10292943,guitarrada,2
http://www.wikidata.org/entity/Q10293901,Hardcore Continuum,1
http://www.wikidata.org/entity/Q10295992,tanci,3
http://www.wikidata.org/entity/Q10296747,mood kayō,2
http://www.wikidata.org/entity/Q10301862,incelenças,1
http://www.wikidata.org/entity/Q10312897,Japanese metal,3
http://www.wikidata.org/entity/Q10316114,lambadão cuiabano,2
http://www.wikidata.org/entity/Q10324896,maracatu rural,2
http://www.wikidata.org/entity/Q10331354,moda de viola,1
http://www.wikidata.org/entity/Q10334882,music of Pernambuco,1
http://www.wikidata.org/entity/Q10334885,music of Benin,6
http://www.wikidata.org/entity/Q10334888,music of Burundi,4
http://www.wikidata.org/entity/Q10334890,music of Mali,5
http://www.wikidata.org/entity/Q4810433,Assyrian folk/pop,6
http://www.wikidata.org/entity/Q4825017,Australian hardcore,1
http://www.wikidata.org/entity/Q4825029,Australian indie rock,1
http://www.wikidata.org/entity/Q4825034,Australian jazz,3
http://www.wikidata.org/entity/Q4825221,Australian ska,1
http://www.wikidata.org/entity/Q4825229,Australian thrash metal,1
http://www.wikidata.org/entity/Q4832426,Azerbaijani hip hop,4
http://www.wikidata.org/entity/Q4832826,Azonto,9
http://www.wikidata.org/entity/Q4832900,Jarabe,6
http://www.wikidata.org/entity/Q2562237,music of Syria,10
http://www.wikidata.org/entity/Q2566660,British rock,12
http://www.wikidata.org/entity/Q2568406,postmodern music,14
http://www.wikidata.org/entity/Q2572585,pop rap,22
http://www.wikidata.org/entity/Q65455870,Bashkir rafters song,1
http://www.wikidata.org/entity/Q65936357,acoustic blues,0
http://www.wikidata.org/entity/Q65936391,acoustic rock,0
http://www.wikidata.org/entity/Q65936979,alternative punk,0
http://www.wikidata.org/entity/Q65937017,atmospheric black metal,1
http://www.wikidata.org/entity/Q65937774,breaks,0
http://www.wikidata.org/entity/Q65937817,crossover prog,0
http://www.wikidata.org/entity/Q65937845,funk soul,0
http://www.wikidata.org/entity/Q65937876,glam music,0
http://www.wikidata.org/entity/Q65937893,instrumental jazz,0
http://www.wikidata.org/entity/Q65937906,leftfield electronic,0
http://www.wikidata.org/entity/Q65937937,modern blues,0
http://www.wikidata.org/entity/Q65937946,modern classical music,0
http://www.wikidata.org/entity/Q65937954,contemporary country,0
http://www.wikidata.org/entity/Q65943390,neo-rockabilly,2
http://www.wikidata.org/entity/Q65943557,old school death metal,0
http://www.wikidata.org/entity/Q65943744,post-classical,0
http://www.wikidata.org/entity/Q65943778,traditional country music,1
http://www.wikidata.org/entity/Q65943851,UK drill,5
http://www.wikidata.org/entity/Q66364245,Ukrainian folk music,11
http://www.wikidata.org/entity/Q127606370,gqom tech,0
http://www.wikidata.org/entity/Q127606375,gqom trap,0
http://www.wikidata.org/entity/Q127606386,sgubhu,0
http://www.wikidata.org/entity/Q127606390,taxi kick,0
http://www.wikidata.org/entity/Q127606394,3-step,0
http://www.wikidata.org/entity/Q127606411,uThayela,0
http://www.wikidata.org/entity/Q127606451,street pop,0
http://www.wikidata.org/entity/Q127606466,UK gqom,0
http://www.wikidata.org/entity/Q127835664,trapfunk,1
http://www.wikidata.org/entity/Q127835715,uaajeerneq,0
http://www.wikidata.org/entity/Q127883821,African trap music,0
http://www.wikidata.org/entity/Q128631435,drum and bugle corps music,0
http://www.wikidata.org/entity/Q128792610,bounce beat,0
http://www.wikidata.org/entity/Q128792618,ritmada,0
http://www.wikidata.org/entity/Q128792625,tarawangsa,0
http://www.wikidata.org/entity/Q128792684,bubblegum punk,1
http://www.wikidata.org/entity/Q129098689,maloya électronique,0
http://www.wikidata.org/entity/Q129312602,Toronto sound,1
http://www.wikidata.org/entity/Q129320699,Nahua music,0
http://www.wikidata.org/entity/Q129571286,reggae rap,1
http://www.wikidata.org/entity/Q129708684,ode,1
http://www.wikidata.org/entity/Q129755289,melodic heavy metal,0
http://www.wikidata.org/entity/Q130247893,South African hip hop,0
http://www.wikidata.org/entity/Q130247900,Ghanaian drill,0
http://www.wikidata.org/entity/Q130283263,blaxploitation,1
http://www.wikidata.org/entity/Q130285000,Trinity song,1
http://www.wikidata.org/entity/Q130301602,noiadance,0
http://www.wikidata.org/entity/Q130306615,Hapa haole music,3
http://www.wikidata.org/entity/Q130325403,car audio bass,0
http://www.wikidata.org/entity/Q130344249,Type Beat,0
http://www.wikidata.org/entity/Q3410876,punta rock,5
http://www.wikidata.org/entity/Q3410882,punto guajiro,13
http://www.wikidata.org/entity/Q3413969,Quebradita,4
http://www.wikidata.org/entity/Q3415943,rabiz,9
http://www.wikidata.org/entity/Q3417531,ragtime song,1
http://www.wikidata.org/entity/Q3419345,Romanian hip hop,3
http://www.wikidata.org/entity/Q3419347,Moroccan hip-hop,6
http://www.wikidata.org/entity/Q3419350,Nigerien hip hop,3
http://www.wikidata.org/entity/Q3419744,rara,6
http://www.wikidata.org/entity/Q3421402,Raï'n'B,3
http://www.wikidata.org/entity/Q3422697,red dirt,5
http://www.wikidata.org/entity/Q4698401,air à boire,1
http://www.wikidata.org/entity/Q4699758,Ajisari,5
http://www.wikidata.org/entity/Q4706203,nitzhonot,4
http://www.wikidata.org/entity/Q4709178,Albanian urban lyric song,1
http://www.wikidata.org/entity/Q4709224,Albanian rock,2
http://www.wikidata.org/entity/Q4733626,alma mater song,1
http://www.wikidata.org/entity/Q4735603,Alpini song,2
http://www.wikidata.org/entity/Q4736507,alternative electronic,1
http://www.wikidata.org/entity/Q4736555,alternative reggaeton,3
http://www.wikidata.org/entity/Q4741152,ambasse bey,13
http://www.wikidata.org/entity/Q4745427,American art song,1
http://www.wikidata.org/entity/Q4745455,American fiddle,1
http://www.wikidata.org/entity/Q4745477,American gamelan,1
http://www.wikidata.org/entity/Q4745509,American patriotic music,2
http://www.wikidata.org/entity/Q4745516,American pop,2
http://www.wikidata.org/entity/Q4752812,ancient Celtic music,4
http://www.wikidata.org/entity/Q4752840,fife and drum corps,4
http://www.wikidata.org/entity/Q4752921,ancient Tamil music,3
http://www.wikidata.org/entity/Q4763551,Anglican chant,2
http://www.wikidata.org/entity/Q56351111,classic rock,6
http://www.wikidata.org/entity/Q56351526,forró,1
http://www.wikidata.org/entity/Q56353998,Southern metal,2
http://www.wikidata.org/entity/Q56364937,Achaemenid music,6
http://www.wikidata.org/entity/Q56377253,technical thrash metal,1
http://www.wikidata.org/entity/Q56398770,Timbila,1
http://www.wikidata.org/entity/Q56399794,jazziskelmä,1
http://www.wikidata.org/entity/Q56414588,Kakula,1
http://www.wikidata.org/entity/Q56465221,plena de Panamá,1
http://www.wikidata.org/entity/Q56572789,Christmas-themed song,4
http://www.wikidata.org/entity/Q56872586,seú,2
http://www.wikidata.org/entity/Q57392588,foxtrot,0
http://www.wikidata.org/entity/Q58809444,nu-punk,0
http://www.wikidata.org/entity/Q59351462,DPRK-pop,4
http://www.wikidata.org/entity/Q132598288,anti-racist music,0
http://www.wikidata.org/entity/Q132609906,recession pop,1
http://www.wikidata.org/entity/Q132778448,shit talk,1
http://www.wikidata.org/entity/Q132886044,Mgqashiyo,0
http://www.wikidata.org/entity/Q133045404,Neo-Canterbury,0
http://www.wikidata.org/entity/Q133163003,Twang,1
http://www.wikidata.org/entity/Q133189813,pop melankolis,2
http://www.wikidata.org/entity/Q133255164,Palestinian pop,0
http://www.wikidata.org/entity/Q133294481,Puerto Rican hip-hop,3
http://www.wikidata.org/entity/Q133294487,Venezuelan hip-hop,0
http://www.wikidata.org/entity/Q133501932,dance-punk revival,0
http://www.wikidata.org/entity/Q133502585,tamburitza,0
http://www.wikidata.org/entity/Q133520038,J-euro,0
http://www.wikidata.org/entity/Q133601867,Ilocano music,0
http://www.wikidata.org/entity/Q133601921,thall,0
http://www.wikidata.org/entity/Q133687529,toypop,0
http://www.wikidata.org/entity/Q133698907,nu deathcore,2
http://www.wikidata.org/entity/Q133709530,joropo llanero,2
http://www.wikidata.org/entity/Q65031097,Gengeton,0
http://www.wikidata.org/entity/Q65041781,Pungmul as Protest,1
http://www.wikidata.org/entity/Q65044348,Chinese stringed music,1
http://www.wikidata.org/entity/Q65047322,modern pagan music,1
http://www.wikidata.org/entity/Q65051359,pop black metal,1
http://www.wikidata.org/entity/Q65052052,gothic country,5
http://www.wikidata.org/entity/Q65063851,bolojo,6
http://www.wikidata.org/entity/Q65065396,holboo,2
http://www.wikidata.org/entity/Q65065491,riddim,4
http://www.wikidata.org/entity/Q65066576,Zaley,3
http://www.wikidata.org/entity/Q65067835,Gaelic psalm singing,3
http://www.wikidata.org/entity/Q65089257,punk rap,6
http://www.wikidata.org/entity/Q1632601,nuevo tango,12
http://www.wikidata.org/entity/Q1634085,tecno brega,10
http://www.wikidata.org/entity/Q4208567,kai,3
http://www.wikidata.org/entity/Q4215151,samba-canção,5
http://www.wikidata.org/entity/Q4216001,Sinawi,6
http://www.wikidata.org/entity/Q4247813,Kurafu kei,1
http://www.wikidata.org/entity/Q4251198,Kui,15
http://www.wikidata.org/entity/Q4258162,Leningrad rock,1
http://www.wikidata.org/entity/Q4290471,minstrel song,1
http://www.wikidata.org/entity/Q4306573,music of North Korea,9
http://www.wikidata.org/entity/Q5614327,Guatemalan rock,3
http://www.wikidata.org/entity/Q5618068,gumbé,6
http://www.wikidata.org/entity/Q5618849,Gunla Bajan,5
http://www.wikidata.org/entity/Q5619688,guoyue,3
http://www.wikidata.org/entity/Q5625934,Gånglåt,3
http://www.wikidata.org/entity/Q5639330,Haimen folk song,2
http://www.wikidata.org/entity/Q5639747,Haitian hip hop,2
http://www.wikidata.org/entity/Q5639767,Haitian vodou drumming,1
http://www.wikidata.org/entity/Q5640052,shout,2
http://www.wikidata.org/entity/Q5640528,Hakka hill song,6
http://www.wikidata.org/entity/Q5643186,cumbia amazónica,1
http://www.wikidata.org/entity/Q5643998,trova yucateca,1
http://www.wikidata.org/entity/Q5645984,music of South America,1
http://www.wikidata.org/entity/Q5646383,Yambú,1
http://www.wikidata.org/entity/Q5651338,Hanukkah music,3
http://www.wikidata.org/entity/Q5654316,harawi,2
http://www.wikidata.org/entity/Q5655239,abozao,1
http://www.wikidata.org/entity/Q2509521,Peruvian waltz,7
http://www.wikidata.org/entity/Q2516031,sawt,5
http://www.wikidata.org/entity/Q2517263,Midwest hip-hop,7
http://www.wikidata.org/entity/Q2518099,verset,6
http://www.wikidata.org/entity/Q2519962,youth crew,8
http://www.wikidata.org/entity/Q2521569,soul blues,12
http://www.wikidata.org/entity/Q2525544,Celtic metal,14
http://www.wikidata.org/entity/Q2526653,mainstream rock,3
http://www.wikidata.org/entity/Q2529400,urban contemporary,14
http://www.wikidata.org/entity/Q2532274,Volkstümliche Musik,6
http://www.wikidata.org/entity/Q2532560,djent,30
http://www.wikidata.org/entity/Q2534081,pre-classical music,1
http://www.wikidata.org/entity/Q2574655,humorous baroque music,1
http://www.wikidata.org/entity/Q2574657,part song,9
http://www.wikidata.org/entity/Q2579417,European jazz,2
http://www.wikidata.org/entity/Q2579987,music of Portugal,7
http://www.wikidata.org/entity/Q2580279,Nagoya kei,7
http://www.wikidata.org/entity/Q2583965,duma,20
http://www.wikidata.org/entity/Q2587471,music of Belgium,8
http://www.wikidata.org/entity/Q4763552,Anglican church music,3
http://www.wikidata.org/entity/Q4763788,Angolan rock,2
http://www.wikidata.org/entity/Q4771607,Canadian patriotic music,1
http://www.wikidata.org/entity/Q4780884,Appalachian music,5
http://www.wikidata.org/entity/Q4789437,Argentine cumbia,4
http://www.wikidata.org/entity/Q4794612,music of South Africa,7
http://www.wikidata.org/entity/Q4796091,arrorró,2
http://www.wikidata.org/entity/Q4797274,art song,11
http://www.wikidata.org/entity/Q4797276,art song in Arabic,1
http://www.wikidata.org/entity/Q4806789,Asian hip-hop,1
http://www.wikidata.org/entity/Q4355815,mahori,4
http://www.wikidata.org/entity/Q4371786,beompae,3
http://www.wikidata.org/entity/Q4372158,pop Sunda,2
http://www.wikidata.org/entity/Q4376204,Eastern Orthodox music,4
http://www.wikidata.org/entity/Q4381192,music of Paraguay,5
http://www.wikidata.org/entity/Q4381349,music of Equatorial Guinea,7
http://www.wikidata.org/entity/Q4390945,rautalanka,6
http://www.wikidata.org/entity/Q4396829,Iranian rock,7
http://www.wikidata.org/entity/Q4400125,runo song,18
http://www.wikidata.org/entity/Q4400497,Russian folk song,6
http://www.wikidata.org/entity/Q110592556,Chinese alternative music,0
http://www.wikidata.org/entity/Q110592562,Chinese orchestral music,0
http://www.wikidata.org/entity/Q110592573,Korean traditional instrumental music,0
http://www.wikidata.org/entity/Q110592579,Korean folk-pop,0
http://www.wikidata.org/entity/Q110592598,Indian devotional music,0
http://www.wikidata.org/entity/Q110592605,Azerbaijani religious music,0
http://www.wikidata.org/entity/Q110592609,Indonesian religious music,0
http://www.wikidata.org/entity/Q110592616,Farsi music,0
http://www.wikidata.org/entity/Q110592632,music of the Iberian Peninsula,0
http://www.wikidata.org/entity/Q110592683,Disney music,0
http://www.wikidata.org/entity/Q110593014,yoga music,0
http://www.wikidata.org/entity/Q110593015,tribute music,0
http://www.wikidata.org/entity/Q110593045,Turkish religious music,0
http://www.wikidata.org/entity/Q110593056,Levant music,0
http://www.wikidata.org/entity/Q110593057,Maghreb rai,0
http://www.wikidata.org/entity/Q110593059,Iraqi tarab,0
http://www.wikidata.org/entity/Q110593061,Egyptian tarab,0
http://www.wikidata.org/entity/Q110593062,khaliji tarab,0
http://www.wikidata.org/entity/Q110593063,Levant pop,0
http://www.wikidata.org/entity/Q110593064,Iraqi pop,0
http://www.wikidata.org/entity/Q110593065,Egyptian pop,0
http://www.wikidata.org/entity/Q110593066,Maghreb pop,0
http://www.wikidata.org/entity/Q110593067,khaliji pop,0
http://www.wikidata.org/entity/Q110593068,Levant hip-hop,0
http://www.wikidata.org/entity/Q110593071,Maghreb hip hop,0
http://www.wikidata.org/entity/Q110593072,khaliji hip-hop,0
http://www.wikidata.org/entity/Q110593073,Levant indie music,0
http://www.wikidata.org/entity/Q110593074,Egyptian indie music,0
http://www.wikidata.org/entity/Q110593075,Maghreb indie music,0
http://www.wikidata.org/entity/Q110593076,Levant electronic music,0
http://www.wikidata.org/entity/Q110593078,Maghreb electronic music,0
http://www.wikidata.org/entity/Q110593080,khaliji folk music,0
http://www.wikidata.org/entity/Q110606359,Central Asian throat singing,0
http://www.wikidata.org/entity/Q110620412,chillsynth,0
http://www.wikidata.org/entity/Q110632052,industrial pop,1
http://www.wikidata.org/entity/Q110643230,sample drill,0
http://www.wikidata.org/entity/Q110643232,Udmurt folk music,0
http://www.wikidata.org/entity/Q110713293,music school,0
http://www.wikidata.org/entity/Q110745638,jigg,0
http://www.wikidata.org/entity/Q110810872,Siren kings,2
http://www.wikidata.org/entity/Q110874730,Hungarian national rock,1
http://www.wikidata.org/entity/Q110874774,Rechtsrock,2
http://www.wikidata.org/entity/Q110874814,West Coast breaks,0
http://www.wikidata.org/entity/Q110874817,Ob-Ugric folk music,0
http://www.wikidata.org/entity/Q2456019,Japanoise,8
http://www.wikidata.org/entity/Q2456210,true metal,2
http://www.wikidata.org/entity/Q2460288,neo trance,7
http://www.wikidata.org/entity/Q2461933,sunshine pop,13
http://www.wikidata.org/entity/Q2464314,brega,10
http://www.wikidata.org/entity/Q2464833,Turkish hip-hop,5
http://www.wikidata.org/entity/Q2465085,ambient house,16
http://www.wikidata.org/entity/Q2467789,US-Dancefloor,1
http://www.wikidata.org/entity/Q135268470,zouk love,1
http://www.wikidata.org/entity/Q135274887,kilalaky,1
http://www.wikidata.org/entity/Q135276361,Flint sound,0
http://www.wikidata.org/entity/Q135285638,chiriwanos,1
http://www.wikidata.org/entity/Q135295820,muzik di zumbi,1
http://www.wikidata.org/entity/Q135369460,bacardi,0
http://www.wikidata.org/entity/Q135396723,hypertone,0
http://www.wikidata.org/entity/Q135396809,supertone,0
http://www.wikidata.org/entity/Q135397140,e-punk,0
http://www.wikidata.org/entity/Q135397404,grungegaze,3
http://www.wikidata.org/entity/Q135397780,grindviolence,0
http://www.wikidata.org/entity/Q135401059,jibonmukhi gaan,0
http://www.wikidata.org/entity/Q135412323,Cleveland punk,1
http://www.wikidata.org/entity/Q135419703,livvt,0
http://www.wikidata.org/entity/Q135437123,blog rock,4
http://www.wikidata.org/entity/Q135437136,dek bass,0
http://www.wikidata.org/entity/Q135437246,Landfill indie,1
http://www.wikidata.org/entity/Q135437342,microfunk,0
http://www.wikidata.org/entity/Q135472492,Dangdut hip-hop,2
http://www.wikidata.org/entity/Q135493744,melodic bass,0
http://www.wikidata.org/entity/Q135493761,Florida fast music,0
http://www.wikidata.org/entity/Q135493769,psychploitation,0
http://www.wikidata.org/entity/Q135493776,wa euro,0
http://www.wikidata.org/entity/Q135511131,music of South Sudan,1
http://www.wikidata.org/entity/Q135553474,autonomic,0
http://www.wikidata.org/entity/Q135644052,music of the Armenian diaspora,0
http://www.wikidata.org/entity/Q135671651,tassa,0
http://www.wikidata.org/entity/Q135687210,close harmony,0
http://www.wikidata.org/entity/Q135840551,shoor,0
http://www.wikidata.org/entity/Q135933707,musical proverb,0
http://www.wikidata.org/entity/Q135965645,concertina band,0
http://www.wikidata.org/entity/Q136031262,haozi,0
http://www.wikidata.org/entity/Q136031285,Achomi music,0
http://www.wikidata.org/entity/Q136031296,Lisu music,0
http://www.wikidata.org/entity/Q136065521,Luxembourgish jazz,0
http://www.wikidata.org/entity/Q136206036,cosmic country,0
http://www.wikidata.org/entity/Q136206045,Gilaki music,0
http://www.wikidata.org/entity/Q136206056,Harlem Renaissance music,0
http://www.wikidata.org/entity/Q136206123,nustyle,0
http://www.wikidata.org/entity/Q136206127,West Side sound,1
http://www.wikidata.org/entity/Q136320857,Kiɗan garaya,1
http://www.wikidata.org/entity/Q136335901,Bernese dialect scene,0
http://www.wikidata.org/entity/Q136335958,Haight-Ashbury scene,0
http://www.wikidata.org/entity/Q136335965,loner folk,0
http://www.wikidata.org/entity/Q136342757,ameriachi,1
http://www.wikidata.org/entity/Q136348971,terror plugg,0
http://www.wikidata.org/entity/Q136434440,maizbhandari song,1
http://www.wikidata.org/entity/Q136471439,purísima,0
http://www.wikidata.org/entity/Q136508884,hot jazz,1
http://www.wikidata.org/entity/Q136537479,jawaiian,0
http://www.wikidata.org/entity/Q136537836,Nordic jazz,1
http://www.wikidata.org/entity/Q136539124,liquid riddim,0
http://www.wikidata.org/entity/Q136540615,batá music,1
http://www.wikidata.org/entity/Q136646452,bolero de caballería,1
http://www.wikidata.org/entity/Q136650759,Jirai kei rock,2
http://www.wikidata.org/entity/Q111042466,palam,2
http://www.wikidata.org/entity/Q111043907,Tibetan new age,0
http://www.wikidata.org/entity/Q111133880,carnaval cruceño,0
http://www.wikidata.org/entity/Q1060475,chamamé,21
http://www.wikidata.org/entity/Q1061165,champeta,7
http://www.wikidata.org/entity/Q1062199,changüí,8
http://www.wikidata.org/entity/Q1062328,chanson,8
http://www.wikidata.org/entity/Q1062400,chanson,49
http://www.wikidata.org/entity/Q4306575,music of Liechtenstein,3
http://www.wikidata.org/entity/Q4306577,music of Eswatini,4
http://www.wikidata.org/entity/Q4306578,music of Northern Cyprus,0
http://www.wikidata.org/entity/Q4306583,music of Chad,7
http://www.wikidata.org/entity/Q4306588,capoeira music,5
http://www.wikidata.org/entity/Q4306636,music of the Grand Duchy of Lithuania,3
http://www.wikidata.org/entity/Q4317267,neofolklorism,3
http://www.wikidata.org/entity/Q4337652,Ossetian music,2
http://www.wikidata.org/entity/Q4349839,chèo,7
http://www.wikidata.org/entity/Q5500244,free funk,8
http://www.wikidata.org/entity/Q5501660,French-Canadian music,1
http://www.wikidata.org/entity/Q5501840,French mandopop,2
http://www.wikidata.org/entity/Q5502044,French classical music,1
http://www.wikidata.org/entity/Q5502126,French electronic music,3
http://www.wikidata.org/entity/Q5502277,French jazz,5
http://www.wikidata.org/entity/Q5507307,fuguing tune,1
http://www.wikidata.org/entity/Q5509175,fungi,1
http://www.wikidata.org/entity/Q5510816,future garage,7
http://www.wikidata.org/entity/Q5510857,Future soul,2
http://www.wikidata.org/entity/Q5515214,gaana,3
http://www.wikidata.org/entity/Q5518471,Galerón,2
http://www.wikidata.org/entity/Q5519824,Game Boy music,2
http://www.wikidata.org/entity/Q5520004,gamelan gadhon,2
http://www.wikidata.org/entity/Q5520007,gamelan siteran,1
http://www.wikidata.org/entity/Q5520009,gamelan surakarta,4
http://www.wikidata.org/entity/Q5520010,gamelan sekaten,5
http://www.wikidata.org/entity/Q5520012,gamelan bebonangan,1
http://www.wikidata.org/entity/Q5520013,gamelan gambang,2
http://www.wikidata.org/entity/Q5520014,gamelan gender wayang,3
http://www.wikidata.org/entity/Q5520015,gamelan gong gede,3
http://www.wikidata.org/entity/Q5520017,gamelan jegog,4
http://www.wikidata.org/entity/Q5843799,music of Honduras,2
http://www.wikidata.org/entity/Q5863486,folk and roll,1
http://www.wikidata.org/entity/Q5870900,Fulía,2
http://www.wikidata.org/entity/Q5871848,Latin American fusion,1
http://www.wikidata.org/entity/Q5873676,Hmong music,1
http://www.wikidata.org/entity/Q5876350,gauchito,1
http://www.wikidata.org/entity/Q5881246,holler blues,2
http://www.wikidata.org/entity/Q5886831,Guabina,2
http://www.wikidata.org/entity/Q5893243,Argentine heavy metal,3
http://www.wikidata.org/entity/Q5894518,Hong Kong English pop,5
http://www.wikidata.org/entity/Q5895294,Hong Kong hip hop,2
http://www.wikidata.org/entity/Q5898237,Chilean hip-hop,2
http://www.wikidata.org/entity/Q5898242,Peruvian hip hop,1
http://www.wikidata.org/entity/Q5903971,huayno ancashino,1
http://www.wikidata.org/entity/Q5905221,horror film score,1
http://www.wikidata.org/entity/Q5928480,contemporary jazz,1
http://www.wikidata.org/entity/Q5934478,campus folk song,7
http://www.wikidata.org/entity/Q5935852,dashti,1
http://www.wikidata.org/entity/Q5950055,music of Khorasan,2
http://www.wikidata.org/entity/Q5954460,Juga,1
http://www.wikidata.org/entity/Q110874824,Volga-Ural folk music,0
http://www.wikidata.org/entity/Q110934693,Tubilah Walidia,1
http://www.wikidata.org/entity/Q110942239,bytebeat,0
http://www.wikidata.org/entity/Q110967939,footwork jungle,0
http://www.wikidata.org/entity/Q111028408,madrigale,0
http://www.wikidata.org/entity/Q111036463,molecular music,1
http://www.wikidata.org/entity/Q130349818,Italian baroque music,1
http://www.wikidata.org/entity/Q130369429,brincao,0
http://www.wikidata.org/entity/Q130391349,funk automotivo,0
http://www.wikidata.org/entity/Q130391382,chöd,0
http://www.wikidata.org/entity/Q130392790,Gothic pop,3
http://www.wikidata.org/entity/Q130397591,atheist music,0
http://www.wikidata.org/entity/Q130467395,Tunisian rock,1
http://www.wikidata.org/entity/Q130474681,Latin tech,0
http://www.wikidata.org/entity/Q130474688,hypnotic trance,0
http://www.wikidata.org/entity/Q130474689,raw trance,0
http://www.wikidata.org/entity/Q130479301,Christian children's music,1
http://www.wikidata.org/entity/Q130532355,Suomigospel,1
http://www.wikidata.org/entity/Q130553967,kumintang,0
http://www.wikidata.org/entity/Q130554646,Brahmo sangeet,0
http://www.wikidata.org/entity/Q130600756,frevo de rua,0
http://www.wikidata.org/entity/Q130660185,New Partisans,2
http://www.wikidata.org/entity/Q130711589,banga,0
http://www.wikidata.org/entity/Q130711854,Dikir Barat Singapura,1
http://www.wikidata.org/entity/Q130744704,progressive power metal,0
http://www.wikidata.org/entity/Q130899087,Uzbek estrada music,0
http://www.wikidata.org/entity/Q131005997,Joropo guayanés,1
http://www.wikidata.org/entity/Q131006206,Joropo andino,1
http://www.wikidata.org/entity/Q131168415,Latvian hip hop,1
http://www.wikidata.org/entity/Q131195285,Brazilian reggae,1
http://www.wikidata.org/entity/Q131195966,Valencian folk music,0
http://www.wikidata.org/entity/Q131205623,Austrian folk music,0
http://www.wikidata.org/entity/Q131286017,tough guy hardcore,2
http://www.wikidata.org/entity/Q131286868,fixed media,0
http://www.wikidata.org/entity/Q131302628,Joropo coloniero,0
http://www.wikidata.org/entity/Q131334621,cumbia norteña peruana,0
http://www.wikidata.org/entity/Q131421534,Vemodspunk,1
http://www.wikidata.org/entity/Q131440882,electro hip-hop,6
http://www.wikidata.org/entity/Q5731393,bolero moruno,1
http://www.wikidata.org/entity/Q5731395,bolero ranchero,3
http://www.wikidata.org/entity/Q5731764,bomba yucateca,1
http://www.wikidata.org/entity/Q5735613,bunde chocoano,1
http://www.wikidata.org/entity/Q5747258,canción melódica,3
http://www.wikidata.org/entity/Q5747261,canción montañesa,1
http://www.wikidata.org/entity/Q5747874,canto a lo poeta,1
http://www.wikidata.org/entity/Q5747877,canto cardenche,2
http://www.wikidata.org/entity/Q5747907,canto popular uruguayo,2
http://www.wikidata.org/entity/Q5753407,carranga,1
http://www.wikidata.org/entity/Q5759480,caña,1
http://www.wikidata.org/entity/Q5762403,hill country blues,5
http://www.wikidata.org/entity/Q5764471,chandé (Colombia),1
http://www.wikidata.org/entity/Q5765288,Himene tarava,2
http://www.wikidata.org/entity/Q5766029,Hindi dance music,4
http://www.wikidata.org/entity/Q5766537,music of Lithuania,11
http://www.wikidata.org/entity/Q5766737,chirimía,1
http://www.wikidata.org/entity/Q5767258,chorrillera,1
http://www.wikidata.org/entity/Q5767310,chobena,2
http://www.wikidata.org/entity/Q5768028,Dominican hip hop,2
http://www.wikidata.org/entity/Q3422966,redowa,8
http://www.wikidata.org/entity/Q3437798,Algerian rock,2
http://www.wikidata.org/entity/Q3437802,American rock,5
http://www.wikidata.org/entity/Q3437814,Basque rock,2
http://www.wikidata.org/entity/Q3437817,Australian rock,4
http://www.wikidata.org/entity/Q3437819,Belgian rock,5
http://www.wikidata.org/entity/Q3437821,Canadian rock,4
http://www.wikidata.org/entity/Q3437823,Chilean rock,6
http://www.wikidata.org/entity/Q3437825,communist rock,1
http://www.wikidata.org/entity/Q3437826,Croatian rock,1
http://www.wikidata.org/entity/Q3437827,Danish rock,4
http://www.wikidata.org/entity/Q3437832,Spanish rock,4
http://www.wikidata.org/entity/Q3437834,Estonian rock,5
http://www.wikidata.org/entity/Q3437841,French rock,5
http://www.wikidata.org/entity/Q66686936,electro-orchestral music,1
http://www.wikidata.org/entity/Q68926236,odi pop,2
http://www.wikidata.org/entity/Q70275981,Celempungan,1
http://www.wikidata.org/entity/Q70985721,Swedish gospel,1
http://www.wikidata.org/entity/Q70985836,Swedish soul,1
http://www.wikidata.org/entity/Q72862526,tarjo,1
http://www.wikidata.org/entity/Q73263678,aulodia,0
http://www.wikidata.org/entity/Q76825003,"folk, world and country",1
http://www.wikidata.org/entity/Q79054127,Kengë malsorqe,2
http://www.wikidata.org/entity/Q79784514,progressive electronic music,1
http://www.wikidata.org/entity/Q79891737,Carpathian plainchant,2
http://www.wikidata.org/entity/Q80480981,nightstep,0
http://www.wikidata.org/entity/Q80724407,Trumpwave,0
http://www.wikidata.org/entity/Q80724932,vaportrap,1
http://www.wikidata.org/entity/Q80725067,mallsoft,6
http://www.wikidata.org/entity/Q80725127,future funk,4
http://www.wikidata.org/entity/Q83330307,Gufeng music,5
http://www.wikidata.org/entity/Q84322263,Irish ballad,0
http://www.wikidata.org/entity/Q84433946,ainam,2
http://www.wikidata.org/entity/Q85740017,Afroswing,4
http://www.wikidata.org/entity/Q5520018,gamelan salendro,1
http://www.wikidata.org/entity/Q5520020,gamelan degung,6
http://www.wikidata.org/entity/Q5520021,Gamelan selunding,6
http://www.wikidata.org/entity/Q5520022,gamelan semar pegulingan,3
http://www.wikidata.org/entity/Q5521262,Gangtai,2
http://www.wikidata.org/entity/Q5526306,Gas pipe clarinet,1
http://www.wikidata.org/entity/Q5529053,Gazel,2
http://www.wikidata.org/entity/Q5529320,Gbedu (drum),3
http://www.wikidata.org/entity/Q5529931,Geet,2
http://www.wikidata.org/entity/Q5530446,Gelineau psalmody,1
http://www.wikidata.org/entity/Q5533135,genge,3
http://www.wikidata.org/entity/Q5551384,German electronic music,2
http://www.wikidata.org/entity/Q5562953,ginans,3
http://www.wikidata.org/entity/Q5574163,Golpe tocuyano,2
http://www.wikidata.org/entity/Q5577402,Gogo,1
http://www.wikidata.org/entity/Q5581134,gombhira,8
http://www.wikidata.org/entity/Q5583956,goombay,3
http://www.wikidata.org/entity/Q5587325,Gōshū Ondo,2
http://www.wikidata.org/entity/Q5597175,graphical sound,4
http://www.wikidata.org/entity/Q5602044,Greek punk,2
http://www.wikidata.org/entity/Q5610389,groovy soca,1
http://www.wikidata.org/entity/Q5612172,grupera,7
http://www.wikidata.org/entity/Q3357584,ʻōteʻa,4
http://www.wikidata.org/entity/Q3360459,pagode,7
http://www.wikidata.org/entity/Q3365745,parang,6
http://www.wikidata.org/entity/Q3375178,urban percussion,1
http://www.wikidata.org/entity/Q3388814,Pinoy rock,5
http://www.wikidata.org/entity/Q3389124,pirate metal,12
http://www.wikidata.org/entity/Q3391334,integral serialism,3
http://www.wikidata.org/entity/Q3392209,tonada,6
http://www.wikidata.org/entity/Q3394533,Tabanka,4
http://www.wikidata.org/entity/Q3394906,music of the Caribbean,5
http://www.wikidata.org/entity/Q5955539,payada,7
http://www.wikidata.org/entity/Q5955765,Bayat-e Esfahan,3
http://www.wikidata.org/entity/Q5956747,hymn concertato,1
http://www.wikidata.org/entity/Q5956785,hymn tune,1
http://www.wikidata.org/entity/Q5957548,kaani,1
http://www.wikidata.org/entity/Q5957561,cachaca,4
http://www.wikidata.org/entity/Q5958515,katarimono,2
http://www.wikidata.org/entity/Q5964411,hò khoan,3
http://www.wikidata.org/entity/Q5967604,urban contemporary gospel,5
http://www.wikidata.org/entity/Q5969884,tape music,3
http://www.wikidata.org/entity/Q5970684,pesás,1
http://www.wikidata.org/entity/Q5978495,lolicore,3
http://www.wikidata.org/entity/Q5978663,loncomeo,1
http://www.wikidata.org/entity/Q5979609,los Cristos,1
http://www.wikidata.org/entity/Q5985066,icaro,6
http://www.wikidata.org/entity/Q5985802,Icelandic folk music,1
http://www.wikidata.org/entity/Q5985805,Icelandic hip hop,2
http://www.wikidata.org/entity/Q5769376,Hiranaam,2
http://www.wikidata.org/entity/Q5778054,Columbia,1
http://www.wikidata.org/entity/Q5783033,congos,1
http://www.wikidata.org/entity/Q5792218,metal fusion,1
http://www.wikidata.org/entity/Q5793032,cuándo,1
http://www.wikidata.org/entity/Q5793651,cueca brava,1
http://www.wikidata.org/entity/Q5793654,cueca chilota,3
http://www.wikidata.org/entity/Q5793656,nortina cueca,1
http://www.wikidata.org/entity/Q5794671,cumbia andina mexicana,1
http://www.wikidata.org/entity/Q5794674,cumbia boliviana,2
http://www.wikidata.org/entity/Q5794676,Chilean cumbia,2
http://www.wikidata.org/entity/Q5794680,cumbia del sureste,1
http://www.wikidata.org/entity/Q5794682,cumbia norteña mexicana,2
http://www.wikidata.org/entity/Q5794686,cumbia salvadoreña,2
http://www.wikidata.org/entity/Q5794688,cumbia santafesina,2
http://www.wikidata.org/entity/Q5794690,cumbia sureña,1
http://www.wikidata.org/entity/Q5794692,cumbia venezolana,2
http://www.wikidata.org/entity/Q5794983,currulao,2
http://www.wikidata.org/entity/Q5799202,machetero,1
http://www.wikidata.org/entity/Q5799237,danza o habanera,1
http://www.wikidata.org/entity/Q5799402,depressive darkness,1
http://www.wikidata.org/entity/Q5801257,deep trance,1
http://www.wikidata.org/entity/Q5814219,dream metal,2
http://www.wikidata.org/entity/Q5815576,mejorana,1
http://www.wikidata.org/entity/Q5821609,costillar,1
http://www.wikidata.org/entity/Q5834708,epic doom metal,5
http://www.wikidata.org/entity/Q110312968,Afro-Colombian music,0
http://www.wikidata.org/entity/Q110391569,Ladino folksong,0
http://www.wikidata.org/entity/Q110391587,Vocaloid music,4
http://www.wikidata.org/entity/Q110442031,Bambara music,0
http://www.wikidata.org/entity/Q110463493,Russian post-punk,1
http://www.wikidata.org/entity/Q110471057,electric Chicago blues,0
http://www.wikidata.org/entity/Q110471067,electric country blues,0
http://www.wikidata.org/entity/Q110471088,electric Delta blues,0
http://www.wikidata.org/entity/Q110471091,electric Memphis blues,0
http://www.wikidata.org/entity/Q110471193,music of Scandinavia,0
http://www.wikidata.org/entity/Q110526693,grunge revival,0
http://www.wikidata.org/entity/Q110526770,dark progressive house,0
http://www.wikidata.org/entity/Q110526823,progressive electro house,0
http://www.wikidata.org/entity/Q110527222,experimental club music,0
http://www.wikidata.org/entity/Q110544183,doomcore,1
http://www.wikidata.org/entity/Q110548351,yatchkeh,0
http://www.wikidata.org/entity/Q110555065,Orthodox pop,1
http://www.wikidata.org/entity/Q110558058,music of England,1
http://www.wikidata.org/entity/Q110562340,Mordvin folk music,0
http://www.wikidata.org/entity/Q110584468,experimental electro,0
http://www.wikidata.org/entity/Q110584483,industrial drum and bass,0
http://www.wikidata.org/entity/Q110584608,neo-electro,0
http://www.wikidata.org/entity/Q110592306,alté,2
http://www.wikidata.org/entity/Q110592336,contemporary blues,0
http://www.wikidata.org/entity/Q110592362,contemporary bluegrass music,0
http://www.wikidata.org/entity/Q110592389,contemporary singer-songwriter music,0
http://www.wikidata.org/entity/Q110592406,Christmas children's music,0
http://www.wikidata.org/entity/Q110592411,Christmas pop,0
http://www.wikidata.org/entity/Q110592413,Christmas religious music,0
http://www.wikidata.org/entity/Q110592414,Christmas rock music,0
http://www.wikidata.org/entity/Q110592418,Thanksgiving music,0
http://www.wikidata.org/entity/Q110592421,Christian pop,0
http://www.wikidata.org/entity/Q110592429,traditional gospel music,0
http://www.wikidata.org/entity/Q110592440,Contemporary Latin music,0
http://www.wikidata.org/entity/Q110592449,environmental music,0
http://www.wikidata.org/entity/Q110592469,American trad rock,0
http://www.wikidata.org/entity/Q110592499,vocal pop,0
http://www.wikidata.org/entity/Q110592505,Contemporary Celtic music,0
http://www.wikidata.org/entity/Q110592506,modern dancehall,0
http://www.wikidata.org/entity/Q3328778,tropical music,13
http://www.wikidata.org/entity/Q3328779,urban classical music,1
http://www.wikidata.org/entity/Q3328781,Tunisian underground music,3
http://www.wikidata.org/entity/Q3328786,music of Yemen,5
http://www.wikidata.org/entity/Q3328789,music of Turkmenistan,7
http://www.wikidata.org/entity/Q3328794,Etruscan music,3
http://www.wikidata.org/entity/Q3328797,musique actuelle,2
http://www.wikidata.org/entity/Q3333303,méringue,3
http://www.wikidata.org/entity/Q3334664,Naattupurapaattu,4
http://www.wikidata.org/entity/Q3337088,musical naturalism,1
http://www.wikidata.org/entity/Q2467817,American punk rock,2
http://www.wikidata.org/entity/Q2473848,Belgian jazz,7
http://www.wikidata.org/entity/Q2477237,Egerland music,1
http://www.wikidata.org/entity/Q2478478,dubtronica,9
http://www.wikidata.org/entity/Q2481591,Hua'er,4
http://www.wikidata.org/entity/Q2484587,onkyokei,5
http://www.wikidata.org/entity/Q2486179,music of Venezuela,5
http://www.wikidata.org/entity/Q2488422,Kansas City blues,3
http://www.wikidata.org/entity/Q2489759,football chant,15
http://www.wikidata.org/entity/Q2494949,Gato,6
http://www.wikidata.org/entity/Q111540563,instrumental gospel,0
http://www.wikidata.org/entity/Q111597170,swing musette,0
http://www.wikidata.org/entity/Q111628716,festival trap,1
http://www.wikidata.org/entity/Q111633950,funeral music,0
http://www.wikidata.org/entity/Q111653578,hybrid trap,1
http://www.wikidata.org/entity/Q111678759,guaracha,2
http://www.wikidata.org/entity/Q111687854,Marinera norteña,2
http://www.wikidata.org/entity/Q111721363,hype trap,1
http://www.wikidata.org/entity/Q111738966,Dagestani folk music,0
http://www.wikidata.org/entity/Q111804002,deep drum and bass,0
http://www.wikidata.org/entity/Q111804019,banda de pífano,1
http://www.wikidata.org/entity/Q111938157,jhumur song,2
http://www.wikidata.org/entity/Q111939074,Malawian hip hop,1
http://www.wikidata.org/entity/Q111971710,black noise,0
http://www.wikidata.org/entity/Q111971785,heaven trap,0
http://www.wikidata.org/entity/Q111971801,LA hard house,0
http://www.wikidata.org/entity/Q111973339,American roots music,5
http://www.wikidata.org/entity/Q112066384,oriental ballad,1
http://www.wikidata.org/entity/Q112112926,Marian antiphon,7
http://www.wikidata.org/entity/Q112118783,comfy synth,0
http://www.wikidata.org/entity/Q112118786,winter synth,0
http://www.wikidata.org/entity/Q112143195,quarter tone music,3
http://www.wikidata.org/entity/Q112144219,meiji shinkyoku,0
http://www.wikidata.org/entity/Q112144236,Tolai rock,0
http://www.wikidata.org/entity/Q112144238,Tolai music,0
http://www.wikidata.org/entity/Q112144256,dissonant death metal,0
http://www.wikidata.org/entity/Q112159506,kankyō ongaku,0
http://www.wikidata.org/entity/Q112176170,beats,0
http://www.wikidata.org/entity/Q112593424,Native American new age music,0
http://www.wikidata.org/entity/Q112593459,data sonification music,0
http://www.wikidata.org/entity/Q112593544,kitchen dance music,0
http://www.wikidata.org/entity/Q112593597,stenchcore,0
http://www.wikidata.org/entity/Q112610153,koa-á,0
http://www.wikidata.org/entity/Q3337361,nayda,5
http://www.wikidata.org/entity/Q3337494,Ndombolo,5
http://www.wikidata.org/entity/Q3345214,new consonant music,3
http://www.wikidata.org/entity/Q3345491,Rabindra Sangeet,12
http://www.wikidata.org/entity/Q3346909,Bhatiali,4
http://www.wikidata.org/entity/Q3347022,bhawaiya,9
http://www.wikidata.org/entity/Q3347093,néo-trad,3
http://www.wikidata.org/entity/Q3347279,nòva cançon,4
http://www.wikidata.org/entity/Q3349675,music of Bengal,5
http://www.wikidata.org/entity/Q3349878,ohangla,3
http://www.wikidata.org/entity/Q3349990,ojkanje,12
http://www.wikidata.org/entity/Q12149338,rusalka song,1
http://www.wikidata.org/entity/Q12154808,Ukrainian social household song,1
http://www.wikidata.org/entity/Q12168212,tsarynni song,3
http://www.wikidata.org/entity/Q12183214,minimal music,1
http://www.wikidata.org/entity/Q12193614,Iraqi maqam,8
http://www.wikidata.org/entity/Q12194543,Tunisian nubah,1
http://www.wikidata.org/entity/Q12199824,picopop,1
http://www.wikidata.org/entity/Q12200830,progressive electronic dance music,5
http://www.wikidata.org/entity/Q12213606,allaoui,2
http://www.wikidata.org/entity/Q12219430,sheilat,1
http://www.wikidata.org/entity/Q12224286,Abidat Rma,1
http://www.wikidata.org/entity/Q12228855,al-ayyalah,3
http://www.wikidata.org/entity/Q12246277,Hadrami music,0
http://www.wikidata.org/entity/Q12251955,Yamani palm music,1
http://www.wikidata.org/entity/Q12255350,Biscayan jota,1
http://www.wikidata.org/entity/Q12257012,Eresiak,1
http://www.wikidata.org/entity/Q12257561,euskal kantagintza berria,3
http://www.wikidata.org/entity/Q12274232,Bulgarian folk music,5
http://www.wikidata.org/entity/Q85741139,Amapiano,16
http://www.wikidata.org/entity/Q85748774,Brazilian bass,4
http://www.wikidata.org/entity/Q85749252,brunette,3
http://www.wikidata.org/entity/Q85755605,dancehall pop,3
http://www.wikidata.org/entity/Q85765918,hauntology,6
http://www.wikidata.org/entity/Q85769955,Iranian alternative rock,2
http://www.wikidata.org/entity/Q85775929,Latin R&B,4
http://www.wikidata.org/entity/Q85785117,Mexican hip-hop,2
http://www.wikidata.org/entity/Q85787413,música cebolla,2
http://www.wikidata.org/entity/Q85794311,Preaching Chords,1
http://www.wikidata.org/entity/Q85809915,toi music,2
http://www.wikidata.org/entity/Q85846779,New wave of traditional heavy metal,3
http://www.wikidata.org/entity/Q85867089,cumbia rebajada,2
http://www.wikidata.org/entity/Q85867352,desamor,1
http://www.wikidata.org/entity/Q86674318,Berlin techno,1
http://www.wikidata.org/entity/Q86679227,Aramaic music,1
http://www.wikidata.org/entity/Q86726390,San'a,4
http://www.wikidata.org/entity/Q111133884,rage,10
http://www.wikidata.org/entity/Q111133885,pluggnb,2
http://www.wikidata.org/entity/Q111182811,peak time techno,0
http://www.wikidata.org/entity/Q111186966,Komi folk music,0
http://www.wikidata.org/entity/Q111186967,nouveau zydeco,0
http://www.wikidata.org/entity/Q111186968,Scots song,0
http://www.wikidata.org/entity/Q111192422,Bastlösreime,1
http://www.wikidata.org/entity/Q111209367,Afghan hip hop,2
http://www.wikidata.org/entity/Q111209368,Saudi Arabian hip hop,1
http://www.wikidata.org/entity/Q111209369,Iraqi hip hop,1
http://www.wikidata.org/entity/Q111209370,Vietnamese hip hop,1
http://www.wikidata.org/entity/Q111212208,xoan,1
http://www.wikidata.org/entity/Q111241124,bandinha,0
http://www.wikidata.org/entity/Q111291052,Novaya Scena,0
http://www.wikidata.org/entity/Q111297626,fandanguillo of Guadahortuna,0
http://www.wikidata.org/entity/Q111304955,Hutsul folk music,0
http://www.wikidata.org/entity/Q111335488,piping and drumming in Almonte,0
http://www.wikidata.org/entity/Q111335856,Sevillanas rocieras,0
http://www.wikidata.org/entity/Q111357002,bregadeira,0
http://www.wikidata.org/entity/Q111357005,RKT,1
http://www.wikidata.org/entity/Q111387914,moogsploitation,0
http://www.wikidata.org/entity/Q111394868,James Bay fiddling,0
http://www.wikidata.org/entity/Q111440420,Moldovan folk music,1
http://www.wikidata.org/entity/Q111442385,Japanese artcore,2
http://www.wikidata.org/entity/Q111450475,Chukchi folk music,0
http://www.wikidata.org/entity/Q111535905,cabaret music,0
http://www.wikidata.org/entity/Q111540441,Greek pop,0
http://www.wikidata.org/entity/Q111540473,experimental jungle,0
http://www.wikidata.org/entity/Q111540484,Western swing revival,0
http://www.wikidata.org/entity/Q111540492,rockabilly revival,0
http://www.wikidata.org/entity/Q111540535,cantautor music,0
http://www.wikidata.org/entity/Q110230419,Pinoy folk rock,0
http://www.wikidata.org/entity/Q110230812,township bubblegum,0
http://www.wikidata.org/entity/Q110230816,pop ghazal,0
http://www.wikidata.org/entity/Q110230818,qasidah modern,0
http://www.wikidata.org/entity/Q110231166,rapai dabõih,0
http://www.wikidata.org/entity/Q110231205,romanţe,0
http://www.wikidata.org/entity/Q110235979,Jai Radha Madhab,1
http://www.wikidata.org/entity/Q110241080,saluang klasik,0
http://www.wikidata.org/entity/Q110241185,tarraxinha,2
http://www.wikidata.org/entity/Q110241400,tassu,0
http://www.wikidata.org/entity/Q110241458,Tigrinya music,0
http://www.wikidata.org/entity/Q110241635,Tosk polyphony,0
http://www.wikidata.org/entity/Q110241752,al-jadīd,0
http://www.wikidata.org/entity/Q110242082,urumi melam,0
http://www.wikidata.org/entity/Q125346598,Ashkenazi cantorial music,0
http://www.wikidata.org/entity/Q125375020,Schweinerock,1
http://www.wikidata.org/entity/Q125455354,reggaelton,0
http://www.wikidata.org/entity/Q125455891,bayawan,0
http://www.wikidata.org/entity/Q125455905,Brazilian phonk,3
http://www.wikidata.org/entity/Q125544586,ngâm thơ,0
http://www.wikidata.org/entity/Q125591399,far-right rap,1
http://www.wikidata.org/entity/Q125620975,period composition,0
http://www.wikidata.org/entity/Q125653755,Philly club rap,0
http://www.wikidata.org/entity/Q125661847,new wave,1
http://www.wikidata.org/entity/Q125687720,road rap,1
http://www.wikidata.org/entity/Q125751285,gwosiwo,1
http://www.wikidata.org/entity/Q125754839,dhol tasha,0
http://www.wikidata.org/entity/Q125799361,demostyle,0
http://www.wikidata.org/entity/Q125848864,Milwaukee hip hop,1
http://www.wikidata.org/entity/Q125850367,cuplé,6
http://www.wikidata.org/entity/Q125854043,amigacore,0
http://www.wikidata.org/entity/Q125854050,tradi-moderne ivoirien,0
http://www.wikidata.org/entity/Q125918103,Southeastern Brazilian music,0
http://www.wikidata.org/entity/Q125923060,charrasquiño,1
http://www.wikidata.org/entity/Q125923072,esparabán,1
http://www.wikidata.org/entity/Q126175574,stutter house,0
http://www.wikidata.org/entity/Q126281100,New York drill,0
http://www.wikidata.org/entity/Q2608710,muqam,14
http://www.wikidata.org/entity/Q2610186,al jeel,4
http://www.wikidata.org/entity/Q2611143,early hardstyle,1
http://www.wikidata.org/entity/Q2611957,Tintinnabuli,18
http://www.wikidata.org/entity/Q2612458,rigsar,7
http://www.wikidata.org/entity/Q2614533,British folk rock,6
http://www.wikidata.org/entity/Q2615500,intelligent drum and bass,3
http://www.wikidata.org/entity/Q2617447,music of Iceland,11
http://www.wikidata.org/entity/Q140465784,modern deep house,1
http://www.wikidata.org/entity/Q140504059,Surinamese Javanese music,2
http://www.wikidata.org/entity/Q140528496,cumbia sureña peruana,0
http://www.wikidata.org/entity/Q140528499,jungle techno,0
http://www.wikidata.org/entity/Q140528502,Valaam chant,0
http://www.wikidata.org/entity/Q140561383,melodic metal,0
http://www.wikidata.org/entity/Q140561502,melodic doom metal,0
http://www.wikidata.org/entity/Q140566525,naad,1
http://www.wikidata.org/entity/Q140566776,nadjam,1
http://www.wikidata.org/entity/Q140574348,Surinamese Indian music,2
http://www.wikidata.org/entity/Q140626408,budget rock,0
http://www.wikidata.org/entity/Q140627258,necrotrap,0
http://www.wikidata.org/entity/Q140630035,dungeon chip,0
http://www.wikidata.org/entity/Q140631552,Afro-Surinamese music,2
http://www.wikidata.org/entity/Q140637712,epic house,0
http://www.wikidata.org/entity/Q140646608,surfabilly,0
http://www.wikidata.org/entity/Q140715852,sacred flute music of Papua New Guinea,1
http://www.wikidata.org/entity/Q140716476,hard renaissance,0
http://www.wikidata.org/entity/Q140723731,pimp rap,0
http://www.wikidata.org/entity/Q140774743,freilach,0
http://www.wikidata.org/entity/Q140799760,rock doido,1
http://www.wikidata.org/entity/Q140831133,guayla,0
http://www.wikidata.org/entity/Q141066252,melodic death doom,1
http://www.wikidata.org/entity/Q141070591,huayno con arpa,0
http://www.wikidata.org/entity/Q141085400,minimal EDM,0
http://www.wikidata.org/entity/Q141085413,minimal electronic music,0
http://www.wikidata.org/entity/Q141112373,neo-kraut rock,1
http://www.wikidata.org/entity/Q141120319,rock jiwang,0
http://www.wikidata.org/entity/Q141142043,ancient Greek folk song,0
http://www.wikidata.org/entity/Q141149467,cut-up noise,0
http://www.wikidata.org/entity/Q141149474,Luo music,0
http://www.wikidata.org/entity/Q141149482,skizzo,0
http://www.wikidata.org/entity/Q141187502,medieval lyric poetry,0
http://www.wikidata.org/entity/Q141388696,indie Sunda bedroom pop,0
http://www.wikidata.org/entity/Q141427655,wall noise,0
http://www.wikidata.org/entity/Q141439026,Lagan Geet,1
http://www.wikidata.org/entity/Q141458789,progressive post-hardcore,0
http://www.wikidata.org/entity/Q141489496,Signaltrap,0
http://www.wikidata.org/entity/Q141519717,rockaballad,0
http://www.wikidata.org/entity/Q3395292,Bugarštica,13
http://www.wikidata.org/entity/Q3397325,music of Mexico,10
http://www.wikidata.org/entity/Q3397882,progressive pop,13
http://www.wikidata.org/entity/Q3398980,Bailada,3
http://www.wikidata.org/entity/Q3401087,poésie courtoise,1
http://www.wikidata.org/entity/Q3408028,proto-prog,6
http://www.wikidata.org/entity/Q3408409,čalgija,4
http://www.wikidata.org/entity/Q3410854,French punk,2
http://www.wikidata.org/entity/Q5996073,processional march,1
http://www.wikidata.org/entity/Q6003760,Imene metua,1
http://www.wikidata.org/entity/Q6007421,space metal,1
http://www.wikidata.org/entity/Q6010117,Memphis rap,12
http://www.wikidata.org/entity/Q6016474,Fantezi,3
http://www.wikidata.org/entity/Q6016603,milongón,1
http://www.wikidata.org/entity/Q6018965,Azerbaijani folk song,2
http://www.wikidata.org/entity/Q6021901,Indian blues,0
http://www.wikidata.org/entity/Q6022257,Indian folk music,7
http://www.wikidata.org/entity/Q6024704,indigenous music,2
http://www.wikidata.org/entity/Q6025453,Indo-Caribbean music,2
http://www.wikidata.org/entity/Q3328774,symphonic music,17
http://www.wikidata.org/entity/Q2596399,illustrated song,7
http://www.wikidata.org/entity/Q2598050,Xi'an guyue,14
http://www.wikidata.org/entity/Q2599472,blackened death metal,17
http://www.wikidata.org/entity/Q2603965,piano blues,8
http://www.wikidata.org/entity/Q2604326,slip jig,5
http://www.wikidata.org/entity/Q2607222,İlahi,1
http://www.wikidata.org/entity/Q2607836,freakbeat,8
http://www.wikidata.org/entity/Q2608506,space disco,11
http://www.wikidata.org/entity/Q3486097,ska rock,1
http://www.wikidata.org/entity/Q3486495,Slackness,3
http://www.wikidata.org/entity/Q3487087,Smyrneiko,4
http://www.wikidata.org/entity/Q3487358,death industrial,3
http://www.wikidata.org/entity/Q3492946,Hungarian hip hop,2
http://www.wikidata.org/entity/Q3492949,speedbass,3
http://www.wikidata.org/entity/Q3495144,Sraoui,2
http://www.wikidata.org/entity/Q11901983,Fjord jazz,1
http://www.wikidata.org/entity/Q11903204,Zouk chouv,2
http://www.wikidata.org/entity/Q11907705,Ball de bot,3
http://www.wikidata.org/entity/Q11911994,cant d'albades,2
http://www.wikidata.org/entity/Q11911997,canto valenciano,3
http://www.wikidata.org/entity/Q11912270,caramelles,5
http://www.wikidata.org/entity/Q11922159,Catalan flamenco,1
http://www.wikidata.org/entity/Q11938280,Uyghur music,2
http://www.wikidata.org/entity/Q11947763,sardana obligada,1
http://www.wikidata.org/entity/Q11955376,Xeremiers,1
http://www.wikidata.org/entity/Q11964168,crabcore,2
http://www.wikidata.org/entity/Q11971516,gammeldansmusikk,1
http://www.wikidata.org/entity/Q11974316,hardcore,1
http://www.wikidata.org/entity/Q12274240,Bulgarian rock music,1
http://www.wikidata.org/entity/Q12274257,Bulgarian church music,1
http://www.wikidata.org/entity/Q12274303,Bulgarian folk song,1
http://www.wikidata.org/entity/Q12288044,Nedelinski dvuglas,1
http://www.wikidata.org/entity/Q12300621,Advent song,6
http://www.wikidata.org/entity/Q12302979,battle rap,25
http://www.wikidata.org/entity/Q12304885,børnerock,1
http://www.wikidata.org/entity/Q12307741,dansktop,1
http://www.wikidata.org/entity/Q12322550,compositional music,1
http://www.wikidata.org/entity/Q12326776,metal music,2
http://www.wikidata.org/entity/Q3437842,Greek rock,5
http://www.wikidata.org/entity/Q3437846,Hungarian rock,4
http://www.wikidata.org/entity/Q3437850,Irish rock,4
http://www.wikidata.org/entity/Q3437852,Icelandic rock music,3
http://www.wikidata.org/entity/Q3437854,Italian rock music,5
http://www.wikidata.org/entity/Q3437855,Malaysian rock,3
http://www.wikidata.org/entity/Q3437856,Lithuanian rock,4
http://www.wikidata.org/entity/Q3437861,Mexican rock music,4
http://www.wikidata.org/entity/Q3437862,Norwegian rock,5
http://www.wikidata.org/entity/Q3437864,Dutch rock,4
http://www.wikidata.org/entity/Q3437867,New Zealand rock music,2
http://www.wikidata.org/entity/Q3437868,Nepalese rock,3
http://www.wikidata.org/entity/Q3437873,Peruvian rock,5
http://www.wikidata.org/entity/Q3437876,Slovenian rock,3
http://www.wikidata.org/entity/Q3437879,Swiss rock,2
http://www.wikidata.org/entity/Q3437882,Czech rock,1
http://www.wikidata.org/entity/Q3437891,Vietnamese rock,2
http://www.wikidata.org/entity/Q86729224,dobrado,1
http://www.wikidata.org/entity/Q87270951,stara gradska song,1
http://www.wikidata.org/entity/Q88340836,Russian music,7
http://www.wikidata.org/entity/Q133800708,Hellenic black metal,0
http://www.wikidata.org/entity/Q133810508,bultrón,0
http://www.wikidata.org/entity/Q133820950,kote kei,1
http://www.wikidata.org/entity/Q133826304,soft visual,0
http://www.wikidata.org/entity/Q133826466,sa'idi,0
http://www.wikidata.org/entity/Q133837227,American classical guitar music,1
http://www.wikidata.org/entity/Q133854160,antosy,0
http://www.wikidata.org/entity/Q133862566,toytown pop,1
http://www.wikidata.org/entity/Q134005844,sizhu music,0
http://www.wikidata.org/entity/Q134029176,Surinamese-Javanese gamelan,1
http://www.wikidata.org/entity/Q134125842,Fox trot incaico,0
http://www.wikidata.org/entity/Q134290560,chain punk,1
http://www.wikidata.org/entity/Q134318960,maidcore,5
http://www.wikidata.org/entity/Q134355863,Gurage music,0
http://www.wikidata.org/entity/Q134380635,slimepunk,0
http://www.wikidata.org/entity/Q134383813,self-esteem boosting song,1
http://www.wikidata.org/entity/Q134385896,torture doom,1
http://www.wikidata.org/entity/Q134417733,sitarsploitation,0
http://www.wikidata.org/entity/Q134584924,ogene,3
http://www.wikidata.org/entity/Q134587424,Caipira music,4
http://www.wikidata.org/entity/Q134589204,Bhojpuri pop,0
http://www.wikidata.org/entity/Q134589282,frevo elétrico,0
http://www.wikidata.org/entity/Q134613334,ambient plugg,0
http://www.wikidata.org/entity/Q134697774,seika,1
http://www.wikidata.org/entity/Q134722534,thrashgrind,0
http://www.wikidata.org/entity/Q134889850,Scottish folk revival music,0
http://www.wikidata.org/entity/Q134889869,wyrd folk,0
http://www.wikidata.org/entity/Q134962237,senja,2
http://www.wikidata.org/entity/Q134983275,aliencore,0
http://www.wikidata.org/entity/Q134997891,hi-tech full-on,0
http://www.wikidata.org/entity/Q134997892,philly drill,0
http://www.wikidata.org/entity/Q135089743,New Orleans hip-hop,1
http://www.wikidata.org/entity/Q135107660,Lekompo,0
http://www.wikidata.org/entity/Q135112757,garage psych,0
http://www.wikidata.org/entity/Q135112758,xian psych,0
http://www.wikidata.org/entity/Q135112763,Afrofuturism,0
http://www.wikidata.org/entity/Q135112773,mūsīqā lubnāniyya,0
http://www.wikidata.org/entity/Q135112830,historical musical,0
http://www.wikidata.org/entity/Q135112891,science fiction musical,0
http://www.wikidata.org/entity/Q135184915,rock sónico,0
http://www.wikidata.org/entity/Q135192976,risecore,1
http://www.wikidata.org/entity/Q135235711,Internet rap,1
http://www.wikidata.org/entity/Q135239105,jerk rap,2
http://www.wikidata.org/entity/Q112628064,big music,0
http://www.wikidata.org/entity/Q112628066,Athabaskan fiddling,0
http://www.wikidata.org/entity/Q112628069,neocrust,1
http://www.wikidata.org/entity/Q112632092,German music,1
http://www.wikidata.org/entity/Q112652885,Polish urban folk music,0
http://www.wikidata.org/entity/Q112663444,Belgian hardcore techno,3
http://www.wikidata.org/entity/Q112748494,Inuit drum dancing and singing,2
http://www.wikidata.org/entity/Q112829330,deep tech,0
http://www.wikidata.org/entity/Q112939048,honky-tonk piano,2
http://www.wikidata.org/entity/Q112939067,nervous music,0
http://www.wikidata.org/entity/Q112939200,hot rod music,2
http://www.wikidata.org/entity/Q112939205,hot rod revival,0
http://www.wikidata.org/entity/Q112958001,Welsh hip hop,2
http://www.wikidata.org/entity/Q112972994,mutant disco,0
http://www.wikidata.org/entity/Q112977304,baby voice,1
http://www.wikidata.org/entity/Q112995829,Belarusian hip hop,1
http://www.wikidata.org/entity/Q112997482,drift phonk,3
http://www.wikidata.org/entity/Q113016323,Tsuur music,0
http://www.wikidata.org/entity/Q113025278,Georgian polyphonic singing,0
http://www.wikidata.org/entity/Q113082312,demenzial rock,3
http://www.wikidata.org/entity/Q113084468,nazi rock,1
http://www.wikidata.org/entity/Q113085490,liwaga,1
http://www.wikidata.org/entity/Q113086327,shimokita-kei,1
http://www.wikidata.org/entity/Q113086374,yotsuchi dance rock,1
http://www.wikidata.org/entity/Q113086403,yankee rocknroll,1
http://www.wikidata.org/entity/Q113086425,wahoo rock,1
http://www.wikidata.org/entity/Q113086459,kayo rock,1
http://www.wikidata.org/entity/Q113086480,enka metal,1
http://www.wikidata.org/entity/Q113086512,neo city pop,1
http://www.wikidata.org/entity/Q113129799,Lovara song,0
http://www.wikidata.org/entity/Q113133172,merequetengue,0
http://www.wikidata.org/entity/Q113153535,Polish Goral music,0
http://www.wikidata.org/entity/Q113186482,Sambalpuri music,0
http://www.wikidata.org/entity/Q12334212,røvballe,1
http://www.wikidata.org/entity/Q12338005,Swedish vise,1
http://www.wikidata.org/entity/Q12338430,Sønderhoning,2
http://www.wikidata.org/entity/Q12339784,Time Lord rock,3
http://www.wikidata.org/entity/Q12362064,emo rap,22
http://www.wikidata.org/entity/Q12367419,choir singing,1
http://www.wikidata.org/entity/Q12372810,progressive jazz,4
http://www.wikidata.org/entity/Q12382674,alborada,2
http://www.wikidata.org/entity/Q12385250,Carballesa,1
http://www.wikidata.org/entity/Q12390841,Galician jazz,1
http://www.wikidata.org/entity/Q12399034,muiñeira vella,1
http://www.wikidata.org/entity/Q12408914,contemporary Jewish religious music,1
http://www.wikidata.org/entity/Q12408915,Israeli classical music,1
http://www.wikidata.org/entity/Q12411192,Israeli hip hop,2
http://www.wikidata.org/entity/Q65089976,progressive punk,1
http://www.wikidata.org/entity/Q65154273,Siberian punk,2
http://www.wikidata.org/entity/Q65159619,tropinorteña,1
http://www.wikidata.org/entity/Q65165373,sajuriana,1
http://www.wikidata.org/entity/Q65177809,Tsyganskiy romance,3
http://www.wikidata.org/entity/Q65204373,lazer,4
http://www.wikidata.org/entity/Q65209820,gejog lesung Yogyakarta,3
http://www.wikidata.org/entity/Q65210341,Passayang-sayang,1
http://www.wikidata.org/entity/Q65210670,Patingtung,1
http://www.wikidata.org/entity/Q65211712,gamelan bungbang,2
http://www.wikidata.org/entity/Q65211748,Hoho,2
http://www.wikidata.org/entity/Q65211801,kendang mabarung,1
http://www.wikidata.org/entity/Q65211993,Rawa Sagele,1
http://www.wikidata.org/entity/Q65212418,Pandero song,1
http://www.wikidata.org/entity/Q65213526,gamelan keraton yogyakarta,1
http://www.wikidata.org/entity/Q65226754,Ashug music,1
http://www.wikidata.org/entity/Q65267090,Toragaku,1
http://www.wikidata.org/entity/Q65271568,Rin'yūgaku,1
http://www.wikidata.org/entity/Q65275479,Kudaragaku,2
http://www.wikidata.org/entity/Q65276678,Maneo,1
http://www.wikidata.org/entity/Q65295316,Anglesey folk music,1
http://www.wikidata.org/entity/Q65330805,singeli,3
http://www.wikidata.org/entity/Q65335148,Zeckenrap,2
http://www.wikidata.org/entity/Q65427884,ayai,2
http://www.wikidata.org/entity/Q65434338,mezmur,0
http://www.wikidata.org/entity/Q65447927,aleke,1
http://www.wikidata.org/entity/Q65448155,sebene,3
http://www.wikidata.org/entity/Q65453789,dong serenj,1
http://www.wikidata.org/entity/Q11989328,medieval ballad,1
http://www.wikidata.org/entity/Q11992449,Norwegian folk music,3
http://www.wikidata.org/entity/Q11992876,Norwegian new wave,1
http://www.wikidata.org/entity/Q12001523,slåtterim,1
http://www.wikidata.org/entity/Q12007812,trønder rock,2
http://www.wikidata.org/entity/Q12010046,Norwegian vocal folk music,1
http://www.wikidata.org/entity/Q12018477,grungecore,1
http://www.wikidata.org/entity/Q12037719,minimal glitch,1
http://www.wikidata.org/entity/Q12042106,oceanic glitch,1
http://www.wikidata.org/entity/Q12046406,contemporary popular music,2
http://www.wikidata.org/entity/Q12090507,volochebni song,3
http://www.wikidata.org/entity/Q12105422,magic rhyme,1
http://www.wikidata.org/entity/Q12111341,Cossack song,21
http://www.wikidata.org/entity/Q12115862,Kupala song,4
http://www.wikidata.org/entity/Q12132442,traditional folk instrumental music,1
http://www.wikidata.org/entity/Q12138989,part concerto,2
http://www.wikidata.org/entity/Q12138990,part motet,1
http://www.wikidata.org/entity/Q12439400,Phagua,2
http://www.wikidata.org/entity/Q12472139,gamelan angklung,3
http://www.wikidata.org/entity/Q12479445,congdut,2
http://www.wikidata.org/entity/Q12483322,Gamad,2
http://www.wikidata.org/entity/Q12483344,Gamelan Banjar,2
http://www.wikidata.org/entity/Q12483347,gamelan pelog salendo,2
http://www.wikidata.org/entity/Q12487960,gamelan joged bumbung,4
http://www.wikidata.org/entity/Q12493867,langgam jawa,5
http://www.wikidata.org/entity/Q12497663,psalm,30
http://www.wikidata.org/entity/Q12499695,Kintung music,1
http://www.wikidata.org/entity/Q12499696,Malay music,6
http://www.wikidata.org/entity/Q12499697,Minangkabau music,5
http://www.wikidata.org/entity/Q136653443,chamamé tropical,0
http://www.wikidata.org/entity/Q136653467,sissy bounce,0
http://www.wikidata.org/entity/Q136668981,corporate anthem,1
http://www.wikidata.org/entity/Q136696186,frapcore,0
http://www.wikidata.org/entity/Q136699920,Ntcham,1
http://www.wikidata.org/entity/Q136704497,Pum pin,0
http://www.wikidata.org/entity/Q136774417,late romantic music,0
http://www.wikidata.org/entity/Q136774454,classical guitar music,0
http://www.wikidata.org/entity/Q136822752,Ceòl mòr,1
http://www.wikidata.org/entity/Q136890359,phaguwa,1
http://www.wikidata.org/entity/Q136908395,new musick,1
http://www.wikidata.org/entity/Q136908397,post-noise,2
http://www.wikidata.org/entity/Q136908575,music of Czechoslovakia,0
http://www.wikidata.org/entity/Q136908587,Houston sound,0
http://www.wikidata.org/entity/Q136933447,Manchu music,0
http://www.wikidata.org/entity/Q136933450,son de pascua,0
http://www.wikidata.org/entity/Q136946883,Wapululos de Lampa,0
http://www.wikidata.org/entity/Q137139307,slurmcore,0
http://www.wikidata.org/entity/Q137171613,doble paso,0
http://www.wikidata.org/entity/Q137189529,jilala music,0
http://www.wikidata.org/entity/Q137299027,Pogi rock,1
http://www.wikidata.org/entity/Q137300740,programmatic symphony,0
http://www.wikidata.org/entity/Q137322391,educational song,0
http://www.wikidata.org/entity/Q137324734,indigenous music of Venezuela,1
http://www.wikidata.org/entity/Q137441021,Abakuá music,0
http://www.wikidata.org/entity/Q137441035,Chicago polka,0
http://www.wikidata.org/entity/Q137441200,hát lô tô,0
http://www.wikidata.org/entity/Q137441335,new way of Danish fuck you,0
http://www.wikidata.org/entity/Q137441526,stoner rap,0
http://www.wikidata.org/entity/Q137441533,trap dancehall,0
http://www.wikidata.org/entity/Q137442001,pumpcore,0
http://www.wikidata.org/entity/Q137442003,spamwave,0
http://www.wikidata.org/entity/Q137541541,coke rap,0
http://www.wikidata.org/entity/Q137544146,Fife music,0
http://www.wikidata.org/entity/Q137673400,Malianteo,1
http://www.wikidata.org/entity/Q137719315,Luxembourgish folk music,0
http://www.wikidata.org/entity/Q137753347,Antsa (praise),0
http://www.wikidata.org/entity/Q137767022,Eastern-style polka,0
http://www.wikidata.org/entity/Q137799958,sweet jazz,2
http://www.wikidata.org/entity/Q137884622,Buginese pop,1
http://www.wikidata.org/entity/Q137886730,tarraxo,0
http://www.wikidata.org/entity/Q137900601,pásztordal,0
http://www.wikidata.org/entity/Q137910140,San Diego sound,0
http://www.wikidata.org/entity/Q137946482,Ghetto zouk,0
http://www.wikidata.org/entity/Q138081554,slowed & reverb,1
http://www.wikidata.org/entity/Q138186567,Rumba angolana,1
http://www.wikidata.org/entity/Q138261436,post-internet music,1
http://www.wikidata.org/entity/Q138262349,Makassarese pop music,1
http://www.wikidata.org/entity/Q138314533,boyfriend country,0
http://www.wikidata.org/entity/Q138314537,funk consciente,0
http://www.wikidata.org/entity/Q138327511,nat thachin,0
http://www.wikidata.org/entity/Q138357032,chikipunk,0
http://www.wikidata.org/entity/Q138357034,Pennsylvania Dutch folk music,0
http://www.wikidata.org/entity/Q138499637,Fiddle-singing,1
http://www.wikidata.org/entity/Q12499698,Panting,3
http://www.wikidata.org/entity/Q12501487,Malay orchestra,2
http://www.wikidata.org/entity/Q12520649,tembang,4
http://www.wikidata.org/entity/Q12521566,Tingkilan,1
http://www.wikidata.org/entity/Q12531757,Akzhelen,3
http://www.wikidata.org/entity/Q12542391,Estirtu,3
http://www.wikidata.org/entity/Q12543510,Zhar-zhar,4
http://www.wikidata.org/entity/Q12543515,Jarapazan,4
http://www.wikidata.org/entity/Q12545830,Jubatu,2
http://www.wikidata.org/entity/Q12584173,Goryeo period music,1
http://www.wikidata.org/entity/Q12604228,Shiragigaku,2
http://www.wikidata.org/entity/Q12613889,Imsil Pilbong nongak,2
http://www.wikidata.org/entity/Q12614061,seonsori,2
http://www.wikidata.org/entity/Q12623540,Korean folk song,1
http://www.wikidata.org/entity/Q12629666,deathcore,1
http://www.wikidata.org/entity/Q3446440,rub-a-dub,2
http://www.wikidata.org/entity/Q3453150,Congolese rumba,13
http://www.wikidata.org/entity/Q3470213,salsaton,1
http://www.wikidata.org/entity/Q3470607,Sama'i,6
http://www.wikidata.org/entity/Q3470688,samba de gafieira,4
http://www.wikidata.org/entity/Q3470692,samba-enredo,5
http://www.wikidata.org/entity/Q3474944,scan,1
http://www.wikidata.org/entity/Q3476584,Chicago hardcore,3
http://www.wikidata.org/entity/Q3476798,seapunk,10
http://www.wikidata.org/entity/Q3477737,seggae,8
http://www.wikidata.org/entity/Q3482281,visa,6
http://www.wikidata.org/entity/Q138544643,Palenquero music,1
http://www.wikidata.org/entity/Q138565422,Pinoy Jazz,1
http://www.wikidata.org/entity/Q138588708,ghost dance song,0
http://www.wikidata.org/entity/Q138588714,rabbit song,0
http://www.wikidata.org/entity/Q138588725,Doom WAD music,0
http://www.wikidata.org/entity/Q138591098,crank wave,2
http://www.wikidata.org/entity/Q138605895,zoomergaze,2
http://www.wikidata.org/entity/Q138611364,laptop twee,1
http://www.wikidata.org/entity/Q138611369,internet music,1
http://www.wikidata.org/entity/Q138617267,agronejo,0
http://www.wikidata.org/entity/Q138683417,soft grunge,2
http://www.wikidata.org/entity/Q138684586,Galician progressive rock,1
http://www.wikidata.org/entity/Q138718214,tarz,0
http://www.wikidata.org/entity/Q138798561,Buddhist metal,1
http://www.wikidata.org/entity/Q138807858,Afro-raga,0
http://www.wikidata.org/entity/Q138829495,rock triste,0
http://www.wikidata.org/entity/Q138830160,machine rock,0
http://www.wikidata.org/entity/Q139219215,gacha pop,1
http://www.wikidata.org/entity/Q139488139,dark garage,0
http://www.wikidata.org/entity/Q139505550,SoundCloud indie,2
http://www.wikidata.org/entity/Q139551738,urban merengue,0
http://www.wikidata.org/entity/Q139552439,Kidodo,1
http://www.wikidata.org/entity/Q139564613,handbell music,0
http://www.wikidata.org/entity/Q139565726,séga tambour,1
http://www.wikidata.org/entity/Q139566448,concert spiritual,0
http://www.wikidata.org/entity/Q139566472,East Slavic church music,0
http://www.wikidata.org/entity/Q139566596,indie sleaze revival,0
http://www.wikidata.org/entity/Q139567714,neo rave,0
http://www.wikidata.org/entity/Q139567721,xtra raw,0
http://www.wikidata.org/entity/Q139567728,Yemenite Jewish diwan,0
http://www.wikidata.org/entity/Q139571846,Chicano protest music,1
http://www.wikidata.org/entity/Q139689364,kangen,1
http://www.wikidata.org/entity/Q139801507,Afrosounds,0
http://www.wikidata.org/entity/Q139807780,O'odham music,0
http://www.wikidata.org/entity/Q139807789,trance 2.0,0
http://www.wikidata.org/entity/Q139860634,barndance,0
http://www.wikidata.org/entity/Q139907417,música festera,0
http://www.wikidata.org/entity/Q139907460,raw techno,0
http://www.wikidata.org/entity/Q139991136,Księżak folk music,1
http://www.wikidata.org/entity/Q140005978,dreamwave,0
http://www.wikidata.org/entity/Q140045099,spiritual art song,0
http://www.wikidata.org/entity/Q140129045,coplas cajamarquinas,0
http://www.wikidata.org/entity/Q140185391,Morris music,0
http://www.wikidata.org/entity/Q140221083,hardtekk,0
http://www.wikidata.org/entity/Q140285794,Saami-language music,0
http://www.wikidata.org/entity/Q140310844,music of the Indian subcontinent,0
http://www.wikidata.org/entity/Q140323396,transcore,1
http://www.wikidata.org/entity/Q140369600,keller synth,0
http://www.wikidata.org/entity/Q140369612,nepali lok geet,0
http://www.wikidata.org/entity/Q140369806,outrun,0
http://www.wikidata.org/entity/Q140369829,pandilla,0
http://www.wikidata.org/entity/Q140369831,scum rock,0
http://www.wikidata.org/entity/Q140377109,embatērion,0
http://www.wikidata.org/entity/Q140389135,electroyoik,0
http://www.wikidata.org/entity/Q140428185,avyl köe,1
http://www.wikidata.org/entity/Q140451598,contemporary a cappella,0
http://www.wikidata.org/entity/Q140463448,Mizrahi Rock music,1
