wikidata_id,deezer,spotify,youtube_channel
Q371,563602|2824,1mmehjf7eHA10uHMisZGJg,UCD1Neir0GFtuvfW0C10hVhA
Q8349,190575,1bDWGdIC2hardyt55nlQgG,UCshnCkfV7U6DqR4IHbQbI7Q|UCDBrVr0ttWpoRY-_yZajp2Q
Q30196568,10159994,1VPmR4DJC1PlOtd0IADAO0,UCU5AbNuMPGB491GcqXuzwKw
Q67556784,57379042,6PfSUFtkMVoDkx4MQkzOi3,UCVdlcqbM4oh0xJIQAxiaV5Q
Q169145,6111,6i6WlGzQtXtz7GcC5H5st5,UCjyD_pnM14qs0xwkwvzVsTw|UCa8M59so4dRNTKj9_Z0jv7Q
Q197230,1414,,
Q905073,,40y1P1mpPSpiRxL5LDv6aI,
Q51120186,,7oB4pCSzvvRtZka6DxXUfN,
Q2810568,,,
Q222856,7670,58Dx4HPzeOO3dbpD9YYEes,
Q222900,1163,18JD8DVlD1fakDAw7E9LFC,UC5ACKava8tvsiXWdxMGYlbg
Q25095399,6853403,1URnnhqYAYcrqrcwql10ft,UCOjEHmBKwdS7joWpW0VrXkg
Q85014708,,4JhbRL6zaItAyzqx4gHTqz,UCvktAMH8Um_B3D0Mu33FpeA
Q924413,159518,5EvYDcSvmVxZuMe4faStNq,
Q222021,,,UC-16fxcFZvJUMo-zMEn8Akg
Q222918,,,
Q175097,340,2RTUTCvo6onsAnheUk3aL9,UCxYS_wIljaOTgFFDK2RK15w
Q1970451,,,
Q224565,2481,41Q0HrwWBtuUkJc7C1Rp6K,UCtIYTI_uFP0kdFqZJeFc0Ew
Q4636221,,,
Q229496,74882,0FWzNDaEu9jdgcYTbcOa4F,UC3IBRaFnWgy28FbS8y_hvQg
Q95694810,13130577,45gHcnDnMC15sgx3VL7ROG,UChFLDvWugOtrzxmUCAjfnGg
Q2262336,,7swtUG7Md62y3wP2huMeab,
Q238051,11736,,
Q924606,81102,1BlBZ9jQGOjmj6Zykgg43L,UCBk9JlvO6YMof7-o9jiNrCg
Q6060,66,3q7HBObVc0L8jNeTe5Gofh,UC8zJedg1f4sKnyuHWeS6vyw
Q27886640,10375188,4IVAbR2w4JJNJDDRFP3E83,UCYRLqThkOVjysBOM6fgkqmQ|UCZCtgYHcNe944o9cca11Y9g
Q270055,64316,535KSdsDbNGj6w6eCBkRP5,
Q271283,4960,,
Q1360723,264179,7iUhmKPNkkPPS6FCQxqtNq,
Q4646005,76987,3vjd6YHdWCqO3MWaYbxDf0,UC4XO_azKTE3xHVqGOnJ4A6Q
Q596117,871,3TTbkikkCAbUg2j5i9UrTV,
Q1887722,5400,,
Q300348,11027,2vygNfdnPBXah21ZrqhxYk,
Q300386,17003,4NiJW4q9ichVqL1aUsgGAN,UCjj9ewTJYkVjuXBVrSlpMug
Q300406,,,
Q300430,582263,1TV0WTE9ukywcLGMh4j4iU,
Q4657762,,,
Q4657951,,4tGd3HHlV4RVOdlBc5LAW3,
Q300558,65581,,
Q1873785,147797,71gWzwSxShFL9PT0jiBTCC,
Q300602,1862,09hVIj6vWgoCDtT03h8ZCa,UC2Vr5tlVtYMm46jMU9vjoyA
Q4660666,1353649,13CMfEeq8AC6ryGOPODqE1,
Q129910,1518490,13ubrt8QOOCPljQ2FL1Kca,UC0KAFLxIiaR_FFNYDL3utGw
Q713461,264953|280487|6235586|9148708|264954,6noxsCszBEEK04kCehugOp,
Q18763975,7850510,335TWGWGFan4vaacJzSiU8,
Q4472054,,,
Q3608937,,,
Q19804505,,,
Q11617,206,0urTpYCsixqZwgNTkPJOJ4,UCOHeswRskPYl7ZhJ-2B3abA
Q192185,,0nJvyjVTb8sAULPYyA1bqU,
Q18233,180,0LcJLqbBmaGUft1e9Mm8HV,UCYPs4y5esNqx6ax1CxZws6Q|UCa_4DcdTB9QfK0LY9-7qWuQ
Q2821003,,43TeJ7uEQzDLp3hXmzY2X1,
Q2821120,,,
Q317677,73231,39mb0I6tdTcCXkeigvzxOJ,
Q2537790,,,
Q322569,,0Wv385aRvyuQLODQLsT8Zl,
Q4668280,,,
Q323187,15002,10gzBoINW3cLJfZUka8Zoe,UCVE-ybBDg3UHSUylEVdPAsw
Q323178,77986,1YStXHRj5phGb2LGCudZ6N,UCaAEbey0xZMYeZYffTCiUBA
Q4033175,,,
Q331626,99835,6HTnXVZSdGiKN2MF51hpP5,
Q108633063,204962,6EqFMCnVGBRNmwPlk2f3Uc,
Q27593,115,711MCceyCBcFnzjGY4Q7Un,UCB0JSO6d5ysH2Mmqz5I9rIw
Q25507,5761,3JDIAtVrJdQ7GFOX26LYpv,UCyhVxwsqif2_ATAHtTHn7zg
Q151634,474,5ksRONqssB7BR161NTtJAm,UCansLl8T6imFHqOhfXoAHmg
Q135932234,280057,7bSyjB4y9NAhoUDrZTpYt4,UChfawbJdUuHCTo1q-JG0OCg
Q639124,,,
Q341338,,3n5jeTRWZEbTPJWyHSYUqn,
Q341374,,0PK6ewFU4DbFB8Eqr58Sct,
Q1798554,,2DppeCnNtvrLfEobq9Pw5r,
Q261641,262460,1btv9qmIpbp7q1ixCYNdHu,
Q4214,1637715,5subEsI7oTDLALzsVZ6Fvw,
Q349406,428494|403305,0enmKUTlccj9oxq06LWEIf,
Q2541836,1419686,,UCs36BCtgc4NIlaH1CwqZNrw
Q293169,,,
Q4682418,,,
Q18539717,,,
Q189544,,71VUVLmoTKKYfIugkavMeS,
Q199666,,7vTlV3ajnMxl5l0ahupUeP,
Q3545459,,6nU9Rg6157nS2p7zUfZJ6p,
Q375610,,,
Q60743679,,,UC5CZUqABhpiQqCG97wABVrQ
Q4688391,,,
Q126826,1005,7Ey4PD4MYsKc5I2dolUwbH,UCBxdHQVOaZhUOIj_3gt2FYw
Q381883,1260,2fSaE6BXtQy0x7R7v9IOmZ,UCy7EBgGtHw6fHlAfc5bPAHA
Q316872,10691,7cg61q8kK8jlFi8TKKw70p,UC6S5tOfcFQmZ4lDjnrQwQYg
Q325111,2897,,UCGQSxXVCPouS0S4kusP7NzQ
Q4690196,209422,7iF35rAjeeuNiXkB75DYVj,
Q349041,169361,4D75GcNG95ebPtNvoNVXhz,UCmKm7HJdOfkWLyml-fzKlVg|UChuZAo1RKL85gev3Eal9_zg
Q225855,3335,4Icvbp9RDt5aY2TWDOVDsr,
Q389008,1101,6ISyfZw4EVt16zhmH2lvxp,
Q181684,,29lz7gs8edwnnfuXW4FhMl,UCi31ehULny_399ObMqpZlZw
Q390300,10446,3Meu28o8P5z9Zjm6NTGihT,
Q5659662,,,
Q391393,190213,2JWxRGdcsFqn5j9gYKjNF0,
Q83814,94992,1pBsvSnrhmgDZqisT13SFA,
Q392768,62737,1FQv3rI4iJPitbZiTxBGut,UCTVq3I1V9IhA4AzZNXcGjJw
Q393463,,,
Q395013,3272,3zDvanHxaETiHltPkKKYhT,
Q395327,13315,76gauxdapMkInaQG5fl2Xv,
Q397738,,,
Q399318,,,
Q329220,112899,2N8XkSGgBeH1VrFHxbarbz,
Q401893,16617,1Y2FwScblyMxpLTrNdfwyU,
Q12605726,,,
Q318452,369,1P6U1dCeHxPui5pIrGmndZ,UCH_Q3OLUXLZNF0qmnY3bCXg|UCjXmNnJm9jwtGg094LRoFOw
Q407814,3876,4xXCRXOfQKQ2gjWxNhNzYW,UCLIx3q_0KLVHAxgxsvh_vSQ
Q237378,16628,27XMnTLvCO7t3qGlQyTMkF,UCr__TB23v0JqeEUJvUtmyGA
Q4034017,9869368,4IDpDJIDfK96HMLD4Tphyl,UCjB487qrDlV3wkE_FeI4gHA
Q9143241,,,
Q417451,117263,0YAOC9q7XHpKplKYf7FMSp,
Q843742,,5sTHmuw3Y849jP69itJe8D,UCUY267fGP_RViWWYN_7BeAw
Q1143664,,7140bcJ0ZySe314nUfOo1J,UCICoLn_-HDoHal2GpVxPQJA
Q4701665,4379,64l9cD8tQscYZCGRLlNm3f,
Q423707,,,
Q2260801,10225,1fvz0vd4P0LNMkAysF1ivk,UCLAKDIDIBLBCErIjIZvAUEQ
Q313260,2369,3dkbV4qihUeMsqN4vBGg93,
Q16840946,,,
Q174547,14984,3YR92OLKlvkK5oKNekSqXe,UCTxAeC9CBE-mwM-YTfSqTeA
Q128532,,197mLk2Z62k4tvGxDL1pOa,
Q2636138,,,
Q85740447,,,
Q2004743,,,
Q4705459,,,
Q123434055,4038802,3mKlu8EOxqgz8FGQzhoZI1,
Q513964,,,
Q380927,517,4mxWe1mtYIYfP040G38yvS,UCChNoYrjZP3ymvjh2BKBPbA
Q10681,5189,5qEhKFhIXtSGi9Gw449LKX,UCH50GcMGKl2ieakxXd2sQcw
Q714449,,5vWJrDpmd5vrDpdmgxqC5u,
Q16495229,,,
Q78475,,60ju8DuNEmkdLw3ymddLje,
Q731178,,1pfiDZtUYY64LDWQZ941BN,
Q457125,,,
Q4709921,,,
Q741119,5020,1uFixbBAduJkFAeRKznkvW,
Q44809,4192,5aygfDCEaX5KTZOxSCpT9o,
Q313376,,0GJc9hwpZqTk1JEba6EUPA,
Q267951,,,
Q2831849,,,
Q1517060,16329,0d5ZwMtCer8dQdOPAgWhe7,UCO8fwuNOHp3wujDbfRJATzQ|UCiglljVztEd0FR315fA9dmQ
Q560788,110746,559vxOLTzlAv0zB77JMcdG,UC785M9D8B5H5CdUDuJHy8Ig
Q1992348,,,
Q2890515,,3Il53CyCEjMsfXlqwfdT22,
Q337143,553740,1AXI8IZnbsVJnBpiyfqUp0,UC4vsc7rWOvqBxFWR0XAlMpw
Q3672076,,1fnDlUNi67FQtHHqBl4Yfg,
Q183087,,5HGksnSVY91s4g1SOHHACw,
Q965455,1188009,4AVFqumd2ogHFlRbKIjp1t,UC05i95k-w8CvrtZ-yGTob7A
Q4717311,,,
Q1628891,,,
Q973400,,,
Q2459284,,,
Q472895,,047D9GgqEzyMoULd2oKr7G,
Q663116,4520865,6GO0U13OFE0XntmksjZ4PY,UCYyGCbA6dpIdP2yzSLy1TXw
Q185647,,6nZiWg5ZB511S24WmB7TCV,
Q516281,5478181|14739431,1p5qI8MPdGMlKCBLUy86Tl,
Q78524,,5z1DT2Qv5crikZIIJt5uO9,
Q158078,163081,7A29QKpDvdkEuTM6vcY17z,UCihuqTADwcF9_Drwvfati6Q
Q4723775,,,
Q730481,,,
Q203413,,4xQFKlQXtzYxfZOnk799m2,
Q1349298,,,
Q468356,,2GUxWjR8cNgljddVLEp72u,
Q12227879,,,
Q334947,,3mNygoyrEKLgo6sx0MzwOL,
Q21285312,,2nGoKcLdXktxEXvMdTDsIT,UCSlyAXLzVNfsh3geYD9Cc4A
Q238243,,,
Q332032,687|15334261,3EhbVgyfGd7HkpsagwL9GS,UCJQa4Ah9-Qf36bl1JhkAaYA
Q1543955,594,2tbvDi9eXf9XXp06LupkED,UCys_AJ_wssqCrqt8SjSSTaQ
Q484255,691,64tNsm6TnZe2zpcMVMOoHL,UCK9X9JACEsonjbqaewUtICA
Q121507,228,3DiDSECUqqY1AuBP8qtaIa,UCK5X3f0fxO4YnVKVZP8p6hg|UCETZ7r1_8C1DNFDO-7UXwqw|UCrxd55aiSbtj-vF_biqqXtA
Q4726348,,,
Q1541561,14867,6WVnBgqJfj9Iw9gpBed9fJ,
Q936538,,,
Q2722967,,4mBxoO0pAcMbAwuTcrcLMc,
Q4727094,,,
Q371782,3131,5J6L7N6B4nI1M5cwa29mQG,UC9Xz6XVzGI7akgrcM-WA45Q
Q4727516,260772,4e6pQ61gYReORJoXcrQH1Z,
Q4729606,,,
Q654147,12054,2zgG1GPDvjaBgxeQaVXI14,UCZzZJcadWlszIvI7CmntVbA
Q80510,4369158,7lyhSLlB5fWJmU5eB6k84L,UCBEVTnZU7Gj4O0Ji3aHlrcA
Q14620218,2340151,2yDodJUwXfdHzg4crwslUp,
Q963044,64425,63aP18bg2ABSOqSNQcAMNy|4pVSFdy1ao9Qk4pKtzPXMl,
Q874358,,,
Q16142152,,,
Q366711,,,
Q28007321,1429841,0NGAZxHanS9e0iNHpR8f2W,UCQlaArsZfebRbb70iXm6usg
Q28155448,,,
Q2422968,,,
Q434372,7505,6koEjb4607APXtFtjxvA5T,
Q438344,,,
Q443886,,,
Q683009,,3aJZxbrbxP5qfQ755XurHS|1zrqDVuh55auIRthalFdXp,
Q449171,,,
Q449985,283018,2hL1EouqXLtBEB6JKnPF0h,UCNVeD_tHABqF-fvbe20ZsPA
Q9609477,,5mQMEwn8ExRnlxpp3L0gHn,UCQeEhNgnlXYuMUsEk98-Ecw
Q2841001,,7dZiPXbSCTAgUpmpgNoLjt,
Q454010,68989,0Xkd9GsWwOYETVF0kPXZIG,UC8Cefp6uwyDpN7cRHb4seSQ|UCO5CRTXIMj3Z05wS96MrXgQ|UC5QZvS8kq0Or2ShS4iLLI9A
Q5671685,,,
Q2841148,,,
Q460542,421698,6tUC9fQSG7uqbzUy9AJ1NY,
Q27902902,9757762,5Ho1vKl1Uz8bJlk4vbmvmf,UCg2JFUP67ZdKzehy8TWMUmw
Q2238317,170152,0N1jE1EIrhZjvQSfuLupUu,
Q126852,4,35U9lQaRWSQISxQAB94Meo,UCE-I7YO3WHKGpqMTWWHDWSg
Q1991928,209990,3nzs6bowitMirGXyGQ72Qx,UCOLFyxBJ5o9am6TEhneA4Mg
Q207817,,,
Q13081230,1678493,3wkxbSRLiVRpHpS8WJ3Nl9,UCKBKrmIbIrxyn5MjdXbm-_Q
Q295202,,,
Q48698507,11581665,2J3LwjEkmryU6BSAubwbMF,UCjCW39tG3HjnW_LrBF91Uwg
Q192863,6065,3pulcT2wt7FEG10lQlqDJL,UCS8-ccff2oGbG0Mx7UOuKYw
Q1319707,,1TUNPwZWJyhaNZpLZzhOUj,
Q474283,,3uZRvkqeNHKLMFQrJBaUCX,
Q477461,99345,5abSRg0xN1NV3gLbuvX24M,UCpui0-2JqcAcII4ybpB1q3w
Q464213,,72Nhcx7prNk2ZCxhx0Y5es|58Be4xts8Nk7KlTGGTRS40,
Q214813,5005,0DBF33ctUe4yhxKP3eTcCt,
Q311523,,6eUAVH8tSq8WSJGPLeDN9c,
Q2844869,6407,4ijVTaGPkzVYwH2A3We19d,
Q31838670,,7yMpYMZTr6Hm1Dm5CR0CRZ,
Q114279907,123053672,2CKOmarVWvWqkNWUatHCex,UCRD1ypvmK7e_05Rtu9zHOfQ
Q463930,,,
Q484595,,49xcIDVId0Sp8C7GQFtJJj,
Q485416,427466,2UwJRAgSOi1zcLkvUNc8XL,UCtdPSQIDsZyhq3L7kITrKoA
Q4130411,,,
Q487396,1433,0ZXKT0FCsLWkSLCjoBJgBX,UCD_YQdIsW1phqp5AqQwmKhg|UCjPgkd4RBbdUDAxbI6k2q6Q
Q66151972,,,
Q489653,,,
Q493028,157589,3pxLSxg8klHu1L9d93cpq7,
Q2296660,58505,3Q71N3lHz2pijhljCNqOqw|40iy3aPFZbtKswJo2x1Vb7,UCCNmR8XJmKv-Jab1QEZ9i1A
Q76675,16317,5dXbkgq9goxRAwCFoNU9Dp,
Q42402,3201,3EA9hVIzKfFiQI0Kikz2wo,UCb4JB8-ZAeceuR7EPCPOPzg
Q217317,,,
Q458828,10492,7MynOMOTsGz8NFcPUImWAp,UCMHo5DO_P94eJKsG7a3ugmQ
Q503783,1124,4uSftVc3FPWe6RJuMZNEe9,UC2NgiwU_-fa2TV95KG3jFLg
Q505138,,,
Q180975,2571,4aP1lp10BRYZO658B2NwkG,UCnVSzQ6rME82AzW1ctGcO_g
Q4759874,,4Q4CRlCreilk0EN0myk5Jh,
Q519588,,,
Q523178,,,
Q2849005,,3W4lVkySjtIvd67UUg0F3i,UCRfRo_4zKda2iSq1G2aVMSw
Q30915293,,,
Q29416402,,,
Q387288,398771,75HK7rgkmDMTnWwwmcN53N,UCa4HoeRdmCZ1JYy_jqLxFRw
Q16766,75090,2n3uDrupL8UtFSeZhY38MS,UCoyRETheGZlMXL-Jx83UsHQ
Q4761048,2675741,1TMrnxBwZfmfRxsGzkNIHw,UCSqtfJCEUPYC4cJUz06QZjg
Q278024,,1IJwtnPhystMxUjfwfSKdn,
Q3616567,,,
Q214548,516,4sj6D0zlMOl25nprDJBiU9,UCFhZg4_QmTTNs5ohg-8RENQ
Q529340,,,
Q4762125,,,
Q531934,101469,6L48AOtGmQL1ELLoKML7cS,
Q533658,1608824|5501,629IF7GEeID925sFE29cSn,
Q521396,4242,5z96yaS2s1USscDldCCDgw,
Q231276,6165,51qUDJb5AtQX6jIL4VJx6M,UCminozacV4jDfaQohcSFyCQ
Q357014,609,3Eeb1U0VJTDaFpBHV4DmHl,
Q535815,,64oD1nmr26PzBAecbxdBzt,
Q318760,15746,4sQNUQjOYj9rV2sdfJ8laS,UCdluEI4RUCXmIgWyGmt5y9g
Q241660,6817,2hWr3AjjKOCVmWcwvuT4uM,UCISOzS3nOkATzvhs2-nzaMA|UC1u9AqVz2kqNk3j9XwDvMIw|UCG_eo_4LsisqsSSkQMHGJGw
Q16140485,,,
Q232462,291047,0AiTwNtYX8m4uhfU7rJ8RD,
Q16490677,,,
Q16257941,,,
Q547272,6786,4kwxTgCKMipBKhSnEstNKj,UCojZ14egrlujldEkzECShwA
Q547666,419615,65C6Unk7nhg2aCnVuAPMo8,
Q255697,4370,46CH1Gp8l8QVly8bpG9JFG,
Q232621,4189393,4M5ZGKw4RN3FlGuUhovwmO|06RD8CxzApXzuhHx54BhQL,
Q13476301,4390053,7FNnA9vBm6EKceENgCGRMb,UCqjjyPUghDSSKFBABM_CXMw
Q229606,69859,3qg78GGGWP04yTv0ZQMsXl,UC_SW1zLfszMvVYc5IpEY8_g
Q175509,,,
Q236543,94695,7d7q5Y1p2QWS4QRAhTQR5E,UCe8_cuJBW3GgcoUWv95B3SA
Q547034,55015,5yR9X7FUjIAk2gQiymdLBn,UCt1Wge88q61wpAsl8ljMLQQ
Q567714,3218,1hLFppCfgvSTH9C6ftWOoU,UCl-YjZqO-mDUnfeGGunKB4Q
Q2761128,,0xGtOrmB2hnrNRLG3vhpSo,UCJ3s5YZx4WE6CKr6cUeVo4g
Q3609204,,1ts2oIXKCpWSRFnR78bulp,UCorINpaC5hIUo7cFoK2jxmw
Q572924,,3UXq4fckDmcPmleixlrl6i,
Q1866673,1311276,7mtuXBExLy9d05UaJ8pjYN|06TVTkMAOR935MhkjX0i2A,
Q109871,3580,3JysSUOyfVs1UQ0UaESheP,UCAaoOvkl49ngKzomWxpjzGg
Q574789,2977161,1mLYahiL1Os2Ill7PRkldB,
Q574728,10189,,
Q2853143,,,
Q2739596,,,
Q3618794,,,
Q81752,399011,2bM3j1JQWBkmzuoZKu4zj2,UC9JDEVKTAQ7Yv5yNeeQIOBg
Q190933,,6cg7ooZDeSSLYVTWGpASjX,
Q1958523,,,
Q356953,,,
Q602802,,,
Q603123,,,
Q3619860,,,
Q16302216,,,
Q51088,,4zAMiCvE5KTXuTHxi56cPE,
Q5699952,,65jGZiPXVWGDlLhnICMfvI,
Q1340,4081,2QOIawHpSlOwXDvSqQ9YJR,UCgxn_fiPtuHCZDXQpBW2_Tg
Q606439,,,
Q7298,,6n7nd5iceYpXVwcx8VPpxF,
Q16492076,,,
Q200131,,3pO5VjZ4wOHCMBXOvbMISG,UCDg8OKNNZEvWvMAYtXZMPMQ
Q26690130,7961888,2R21vXR83lH98kGeO99Y66,UCRI7hheejBbWS6etTNwMT0g|UC05eluGxsI8_xf5uRC-J26Q
Q3349252,,,
Q42018,,,
Q613022,10237,0maNhqGx60ucjS4UaAH6cP,
Q381843,,7zsTaSj1Q4jSCjbj5GtmoN,
Q223161,580,6kBDZFXuLrZgHnvmPu9NsG|4MereuUSDthtDmHGRbnzcF|6UC6AToA8htuQGcdEHmoiT|1A6LF8jYHkaRro5x8JRT2w|6mY1r4dK6OkLZyr9n7gc9e|6ULjGlnhcCwHIJigN47K5U,UC4hfA78X-lqiRERBZLTnLBw
Q3545224,453534,4RA4PC3WHM9OHZLExirTcU,
Q619710,3655,3OHbToMuJihWhRcqzKjpBd,UCfsfZELAZvCoytKE6hkqe0A
Q213388,36,6kBjAFKyd0he7LiA5GQ3Gz,UCXPUjGFDr4tcKkaFm6PiV-A
Q119590,,3nAumcukmBxn8y7Su8RagW,UCgoqDHxhKQi3lL1sJOuriPg|UCawVzkkGUvxTvwn_c_WJ-lA
Q261058,,,
Q2256420,494986,5NMN8ahOjFuRoyYVjKGFGq,
Q2356261,,,
Q152293,,5WIoytpqi3VWoFSHnl49in,
Q626440,77565452,1XYuC1vxinTjHCNd5clB8C,UCP7Gw_YZAuh4Yg2fcdcuumQ
Q16149863,54453,4SQdUpG4f7UbkJG3cJ2Iyj,UCNZxkCLMDGrYDaqSkaGn5iw
Q58608,1201,3kjuyTCjPG1WMFCiyc5IuB,UCIIGxQ6BA9MwIJXBu47SyZQ
Q631589,3108,,
Q164475,,5dmMpIyAVaH6b9FLFgWPrF,
Q56811731,,,
Q163989,1392,0DCw6lHkzh9t7f8Hb4Z0Sx,UCIPN3XIDtyAVP6GWYsE7pQQ
Q3499560,1452989,,UC10nNdgvM5onFGnh1K7QfwQ
Q200791,,7C2DSqaNkh0w77O5Jz1FKh,
Q620454,159126,3ZztVuWxHzNpl0THurTFCv,UCdp-kaIi7YO2WmNQ-LafmpA
Q170599,1182,7Ln80lUS6He07XvHI8qqHH,UC-KTRBl9_6AX10-Y7IKwKdw|UC8Yu1_yfN5qPh601Y4btsYw
Q638241,8337,0UGvFl1tJ49Co99gaXZH9Z,UCL7HK8tImk1M4aBPCntiNqw
Q638331,5536564,4SsVbpTthjScTS7U2hmr1X,UCZncE3xbJEhoWkEFpWEfEjw|UCu4bj03KW4CwAsYtHSwMEsQ
Q639510,,2p347ia1JdtX6K0y2whgsg,
Q125121,2059|5293441,7nwUJBm0HE4ZxD3f5cy5ok,UCSuWu2ZVL3kRmKtCggqskQQ|UCGDOBEUVPWkzmHo4dDa96zQ
Q653491,,,
Q28155527,,,
Q659238,390119,5H0YoDsPDi9fObFmJtTjfN,UC_DGNgLDXqbMeIhp6H4dpHw|UCxpf1Sstn2G6JYF0Ntd7R9Q
Q660599,,1Nq4oosKQ4TQScASZpgbz0,
Q535188,,,
Q276317,,2SHCkjATdUxGT429Uw4JPy,
Q4412230,,,
Q673758,,6AJ9HQ2Ptp1WWEfBFvR5fF,UCemeaa4AOcutWAsozPFiyBw
Q12874025,69865,6KVMKVZCXarNNhwKxhjCmo,
Q437559,1079,3cQA9WH8liZfeja1DxcDYE,UC6BVhAbgFWg2gsjABdBFbFw
Q122751420,,,UC_AG8o509r08X0gqMO1BL1A
Q678099,,,
Q1453045,,5lODCkFdEtpPn3YxfmyLfT,
Q62617,10620,0SfsnGyD8FpIN4U4WCkBZ5,UCu5jfQcpRLm9xhmlSd5S8xw
Q5704807,,,
Q689823,7315,3JXnjuv4hBqQKOVzJg74Lt,UCrTQH4ZiqqugpDh4gQszo7A|UCHwA6A1RiGS5WZzflMB-9TA
Q154770,,5U827e4jbYz6EjtN0fIDt9,
Q699534,,5Va9LuEmaZxnbk1gMnjMD7,
Q704705,,,
Q705406,,,
Q311715,3636,6QQuESLtKhAOcLW2TeWC2t,UCMki-b0zfAQiMQ0nbsrIuBQ
Q705530,,0LTIwNcvI31Zf5wwFVRHyu,UCXyX-Uue97CWyt9OLHVAVNg
Q109053,,1pnc1rFXhts0K5ZnihzFKU,
Q705790,,,UCSrm8ebzvAhbbZ5P4B19CBw
Q664132,513,,
Q2864978,167338,0j4pxInmdtF4bYQj0VVpbz,
Q4799590,,,
Q710539,,,
Q320065,61677,,
Q131836798,,,
Q4801647,,,
Q3324949,,,
Q715890,282661,1rSGNXhhYuWoq9BEz5DZGO,UCgZ9h3Sd6Q5-iumqGVOEBNA|UCaA2ZW3cUmA0HvmazxR0Acw
Q580736,,,
Q717408,251482,1qC3LsWlbrRCPVRooOX81u,UCr726OJSshU_0jx6mDuNZXA
Q189534,,2P6ygesd9xg5DPOBnda2jg,
Q717755,,,
Q693583,3823,2vd2HnNh4pdYa9gDVHFjEu,UC05WaqA-0OLM5Y7NmmHq1hw
Q2866267,,,
Q112861798,,3a1tBryiczPAZpgoZN9Rzg,UCU9R50wyBPKpdbcIScAyZig
Q700817,,,
Q469756,167264,1wgY8huggK60P5nvYrwcYT,
Q725953,,,
Q4805856,,4qzIpmopZ2KVodpmw7uJKe,
Q512076,831,0MK8l3nURwwQIjafvXoJJt,UC3J-txytRWiRtNXrLS95eEw
Q731642,288567,1caBfBEapzw8z2Qz9q0OaQ,UCxvK_CXbYocZsD_DwJtlmbw|UCGE9SkYwvURpVBWHPO3Ck_Q
Q732733,77368,54tWKkrjv4bQgKrQrNlecm,
Q737199,157537,2eIvR1DzWm5GAufWC2rcGr,
Q2866938,,,
Q593809,,,
Q1826593,,,
Q172505,,7dsugSamBB7enWE2IrlbFg,
Q246677,2937,,
Q2292862,461402,3dUltShd2gJQc98Kc7Syit,UCsBSMQZsiLprSY6GqhI25Jw
Q230401,,5rX2c1zow6hCph8PnnU3kF,UCy7dG12ZRkZxwRDC_Qr8lqQ
Q2842516,,,
Q690904,1868,5E2rtn57BM2WPjwak4kGd5,UCPV42MqVj5VFVoMlcY_21uQ
Q540368,5581,6YXarbjg36ODFPez0PnOlD,UCaOklREGc8l91EqUi-OdCRw
Q284017,,,
Q301984,328046,5wRrRxmJnNTnieaNKAzTZI,
Q697954,,1EMlPfrse4I1I1hA3iwhk9,
Q77002,147,7jZM5w05mGhw6wTB1okhD9,UCK-INiAxSg27L8DQ6HIoHGQ
Q755034,,5QPy3HBn3AwzLEAQ8QeIo4,
Q756237,,,
Q757508,,1GAS0rb4L8VTPvizAx2O9J,
Q13430882,271933,0MBGxwmCdXdO26ojaNcT64,UC43OXr4_N6M2miM205QAYtg
Q3846033,,,
Q240703,4501,3LkSiHbjqOHCKCqBfEZOTv,UCXN3jg1BrFxoyJHtoq3--xA|UCRLwScEqOxadoeFyizdrGPg
Q3629037,,6UIsHrMMddC9hmkwI4J3Jr,
Q757859,150915,1FcRUsTmnEQfVCH5OIKSpb,UCc5Es8rXvVUkRo7Jeu2tCkA
Q758845,4005,01PBXLThJADrhufsPS5tER,UCwO5jlfLTPHovucMBrWHg7w
Q4819842,390682,,
Q537954,14046,5p9CTsn5ueGU4oScNX1axu,UCbg_n0hovTYuCWuOcLvvvlg
Q467250,3253,5WwEQwX3ruZofwDDqtOXwI,
Q775629,,,
Q247237,6374,6WH1V41LwGDGmlPUhSZLHO,
Q676620,13978,6hR8mUd2yyHFazoCuweiIJ,
Q114913075,,5delTPpDAtBDsjk60f5xnt,UCTkJs4-dBxsE78tyjMS-eZw
Q9639349,,,
Q782889,700,1qto4hHid1P71emI6Fd8xi,UCX_gHEqsNCpJl-DWf5EN2Ww
Q3751827,,,
Q505476,293585,1vCWHaC5f2uS3yhpwWbIA6,UCPHjpfnnGklkRBBTd0k6aHg|UC1SqP7_RfOC9Jf9L_GRHANg
Q4828830,,,
Q3631117,,,
Q2778189,805315,5GCh3ZazIVWg8eKb5Akv0q,UCYCWdJniUxe41JbVwO0_SLA
Q15784848,,,
Q8195511,,,
Q3510240,,,
Q97483826,,,
Q727362,1986,2RSApl0SXcVT8Yiy4UaPSt,UCspbpTjXpKGfnTLDDNi-f5A
Q188111,5250597,3Mvc8kRgr8LRYYgvFmlZqn,UC7eXWU3oN-w5tNtP7sgeeNg
Q1990992,,3zwtzjFSBvjdmuk2D0bEza,UCDqzpUGQd60gTvEIeFknLzQ
Q562440,,,
Q234304,,,UCk4D-qaGvlYWgjLEwdTjDwQ
Q794148,12940,7sbwBqdkynNUDgiWU3TQ5J,
Q123738761,,5ysOQVQHHU9GJZBKmZMRHv,UC1Y6Xui06PDxLx5nbiGcDHg
Q150186,1550,7i9bNUSGORP5MIgrii3cJc,UCpEEcJhBig2GqUFxcXjqiLg
Q112208160,,,
Q188969,3614,5xLSa7l4IV1gsQfhAMvl0U,UCRBh8rjd8umQiMMNB9_5D_w|UCRYq2EZlDXd6Hcmm4foP_Gg
Q795254,154597,66I0uUVKgpOPlEjTiy87nm,
Q4671711,3720401,25fqWEebq6PoiGQIHIrdtv,UC2JeOKVBtgnz_uIj2m9AV4g|UCOjd9CJ98WYqECnfURJJxRw
Q3595122,,,
Q28039875,10282494,3jfVtv9mWfW0c5b3Fx440e,UCrXdVtCbMCWAzpG-O8zD9Zw
Q115098502,,3zZ88AwlTwfCJkowsFCvLA,UCJPyo4ENRsY1zPwHRGA1iXg
Q11190781,7805012,630wzNP2OL7fl4Xl0GnMWq,UC33_tIj4m1_XaqfFcomShvw
Q753066,11596,4dn4KQgTE4P3jrwa3iIVzQ,UCIRJ8MotVzQXJCvNBtppFdA|UCVXdeJTNhA7TuYwkHivuGkA
Q17140,330,5rSXSAkZ67PYJSvpUpkOr7,UC1OR2YNQLZJYFdQjFrPWvVw
Q98641279,,,
Q798671,8302,1oVj9JmPUPg4SQ2uerV2xc,
Q44333953,10583405,4q3ewBCX7sLwd24euuV69X,UCmBA_wu8xGg1OfOkfW13Q0Q
Q745517,3613,5AEG63ajney2BoDXi0Vb84,UCfhZIFwsre2JoqgUQGyCsfw
Q25432114,11359554,4F4pp8NUW08JuXwnoxglpN,UC2ypBaYnDvnlbzyAH8w2jsw
Q798739,3503,0GShYlUdyLahdsvgKdselx,
Q201669,936,2yJwXpWAQOOl5XFzbCxLs9,UCLjT3GCC1Q-p39MWp85KKFA|UCkm5ovgOWYV9L15Rf0H2Wug
Q2745300,,66vrmYfYjnbimFfeICtiRO,
Q464993,,,
Q798993,8257,4pJCawaKSZ40EnxN0YEYw3,UCFj3Mq5EVVJoVOO5o2jlGvg
Q489575,,,UCIn1p2ZbhOo8fyZp1S60uGg
Q2878967,,,
Q1320703,,,
Q934493,,,
Q804177,,4Wk0MW9d5uu6WbAgRCuH4O|43RFHTd73eBSSdLOPRb4ZG,UCNwYw_-4a-Vd1cdvW9tL-Ag|UCWwi5VplrUvFF6sOGC-DBdg
Q20730471,,,
Q3629911,,,
Q22087924,,,
Q805038,,,
Q330419,,,
Q2881398,,,
Q353025,12794,6czfQ8MjHVmvJKA4LAnviG|0rRRvEq07vdUc9QgaK46Fl,
Q805877,,,
Q2019573,,,
Q4355668,,,UCPV8gtf0VooE7wO8-aFGKkw
Q2881794,,,
Q806020,1003381,39jkKwgPU7ySrp4Pttvzl9,
Q2037019,14047,5Z8mapYkacgBN46TkH9L3M,UCaXXeMSR0K5f70obWli65Ag
Q1619432,77390,,UCtlSobBxt2E5bS_2dq2T23Q
Q2334564,,,
Q1131682,,,
Q4170257,,,
Q4854311,1255983,6AcOTCYBMvjKYy4zms0kaC,UCtTZG7QjiCvyy0hzvEv0DlQ
Q806246,,,
Q4854297,,,
Q4854296,,,
Q17274366,324413,2C6i0I5RiGzDKN9IAF8reh,UCV6ZlWpVitOcQvaL_RFgu5w
Q115099788,,,
Q1804,3590,4TNiKyCX2oCvdo1sTgHcRw,UCY7Rc00xpIySTZoyCA5m8uw
Q432268,11264,6txh5tFMJyxSwT0iE7wX2w,
Q5719338,,,
Q807957,,2pVMD4bFwl4AyoYyyo51Qg,
Q1990153,75900,2ZHNwvYaMbD8zuObAXVHEr,
Q371997,2432,0dEvJpkqhrcn64d3oI8v79,UCk1VTZtKTDV1Zo1mHyoPyZA|UCZ5fcCDgq2xEo6niWSr3dVg
Q808235,9599,,
Q808863,253861,2Cg6J3WtX1P093c4VKt0Xe,
Q809077,2942,6xdkfNRMtBzeu7t4wyum2X,
Q213647,34,3rfgbfpPSfXY40lzRK7Syt,
Q442656,,3eVuump9qyK0YCQQo4mKbc,
Q574739,,,
Q810016,,,
Q810481,,,
Q157201,11054,6rBvjnvdsRxFRSrq1StGOM,
Q4869273,,,
Q811021,1198,3EMSpwRtkvUTxfB4aS5xnA,UC3euYYHIO5EuHHcY4S5Z_HA|UCMFtlFo3Jjxf-SLV2EjljHg
Q180582,3657,5N5tQ9Dx1h8Od7aRmGj7Fi,
Q9353279,,,
Q66817366,13499081,35l9BRT7MXmM8bv2WDQiyB,UCOf6pX571cKC0rhOZqv2y7Q
Q4875710,,,
Q812842,75055,56ZTgzPBDge0OvCGgMO3OY,
Q2573649,,,UC-_zxXP5Qo4D4eoWe4gFC_w
Q214039,194746,03r4iKL2g2442PT9n2UKsx,
Q813076,1705,1qHR9DMfOJQjvWLEfMZQlG,
Q2409676,,,
Q2893080,,,
Q2893053,64428,2NBfhrFJmF7o35vK2pndvo,UCHVSvW8Vly2DSNMmsAbc3rQ
Q276413,,,
Q16336862,,,UCxKNcHn226Rt_C5wBQ9Vbhg
Q813553,,,
Q4879261,,,
Q48173,,25Eab1kIY1gh0Yo1oV04G4,
Q133405,1450,1LZEQNv7sE11VDY3SdxQeN,UCD9sCcKXnFxMeuFoNayVxeQ
Q589846,512,4L3GTE04bW5N7azA9QPhjA,
Q4880442,,,
Q3595116,,,
Q272260,6456,1MK0sGeyTNkbefYGj673e9,UCqQPtxhuPyg0CFMopoZ8Y1g
Q814482,14747,3EHztVB0kFpqp0N8MlmD1X,
Q692668,3905,6pmxr66tMAePxzOLfjGNcX,UCEZfJck6FSa2W3-01J2_fhw
Q4882032,,,
Q815610,428469,42Z3cFOXOgpuh4aO6WHsI1,
Q463818,,3JDnwrAqfEfuIWCF5TvKNH,
Q2894589,7548,,UCwaCxVI3Jys3koNCylpEefg
Q691568,887535,4I2BJf80C0skQpp1sQmA0h,UClz7tzOxFJT_v5iOfh8PPvg|UCIS-RzDIUQcYGL0aSLA67hw
Q589580,10674,1uPIYn2IU0IuPWSZ58kzyM,
Q52160540,5468744,5tDjiBYUsTqzd0RkTZxK7u,UCrV1Y8wjx9ilnJTLthpGXQQ
Q19544251,,,
Q816495,,44gRHbEm4Uqa0ykW0rDTNk,
Q816527,,,
Q816535,,1vJHfCreWAS46V8RZ67ojo,
Q4886213,,,
Q677304,,,
Q9654390,,,
Q3752508,99743,2Mhkf0GsKbjOIP07K80LyQ,
Q150767,,7MJ1pB5d6Vjmzep2zQlorn,
Q561142,,,UCI0s89k6tcGHGpW6JoOKG3g
Q311842,724,4Ws2otunReOa6BbwxxpCt6,UCF9HXQSk5tWJIgFrnKw4dVA|UCqp7JRtT_uKXhmPGOMze1-A
Q46755,,,
Q560505,,,
Q66584231,13431867,5Matrg5du62bXwer29cU5T,UCzdpwFZKrV6qII4UKZQG9ZA
Q2657284,,,
Q4501,1639563,41E8R3Z3gQwnlIDYDAnoDE,
Q296804,2504,5bUj39bg0zEbRzjUEISMG9,
Q291288,,,
Q4894178,,,
Q506360,134170,2s6JabvZdqVQhfOsaxCSFX,
Q2397929,,,
Q2899291,,,
Q93349,,5ESobCkc6JI4tIMxQttqeg,
Q534389,389730,5YkBrE0wF8cAlq3GCOw5Eu,UCDH6vuKqw0Trx3YtljnFBwA
Q830536,,,
Q458663,12449,56TkPi7rpmU8jTpkcK7FY3,UCn8XaQT5O1LFbTj46zXthOQ
Q19846501,1105391,26T4yOaOoFJvUvxR87Y9HO,UCbertc-gMbkkHuSmg0qwnxw
Q831480,,,
Q465943,77526,6HB1MchEEMg40EisSJuenZ,
Q850616,9493,2JC4hZm1egeJDEolLsMwZ9,UCUu7ChMTu0_qQsIZ4YSse-w
Q36153,145,6vWDO969PvNqNYHIOW5v0m,UCuHzBCaKmtaLcRAOoazhCPA|UC9zX2xZIJ4cnwRsgBpHGvMg
Q853266,,,
Q268288,,3aqtJPuhfwxQ60jG1OAFQt,
Q121077,93529,5MHTQcUQIhxhZdB6Glwmmk,
Q855109,,,
Q1775226,,,
Q858464,,6ROyXB8NDG0fA78S46JdTB,
Q449239,,6XBHdJFQLWpxsYCXStnMtz,
Q572821,,,
Q858688,13840,4J69yWrKwWJgjv3DKTZcGo,
Q858738,9915,1h8YIw9HLr6E8gdXVDRbVJ,
Q4905738,504449,2gyv1akuIB9fQvXoGSPaJr,UCoMFtKuMb5ILADgIc0A3gJA
Q858908,465010,4LrhGO12fXPf1SCL0FTbTl,
Q352225,,,
Q358350,,,
Q519289,,,
Q316588,8839,30fiiwr2EeZp1tAhzYCmyM,
Q859053,14781,4Yj490bi1KL0QpDnVOtHyr,
Q859116,,0Jeckitay8SbvKwqAzWuYH,
Q72608,2411,3UvcmAOZt64oKpP95f6MMM,UCspn8FSwZg_ZUriWZg7EvTg
Q13156953,,,
Q794747,,,
Q860153,2013,0gvHPdYxlU94W7V5MSIlFe,
Q208205,2060,4jXfFzeP66Zy67HM2mvIIF,UCBHA7pLwHqxk3NCYGT-p1KA|UCdO7L_kUAm5TTEz1-aRXIHA
Q862097,,,
Q2903211,,,
Q2914477,1196644|157093|6075,3MFp4cYuYtTZe3d3xkLLbr,
Q552511,,5RISqKCcrhGITX2TQAPGPL,
Q170042,,,
Q29564107,9635624,6qqNVTkY8uBg9cP3Jd7DAH,UCiGm_E4ZwYSHV3bcW1pnSeQ
Q104358,1036,1YzCsTRb22dQkh9lghPIrp,UCwO6O7HAOHQ7_FgI28QWtvQ
Q508412,9448,5yXAFDZNUNyO92l5WTImkO,UCZ-w1Ma--XuvuZ9X1YtOeoA
Q19758833,,7m2WaGqLDhPRdhdw5MOxjX|3Kvl9In1TELgBFPkCgFZHw,
Q320775,73546,05FEKb23HHED5ZsWmKo8kz,
Q194333,423,6zFYqv1mOsgBRQbae3JJ9e|7aVZwspYUKTtKD0dDS6fBl,UCyVomykHKyWCWo8lSKHHmzA
Q369382,,3dAfHJkAJJmQw9MfkAVgOx,
Q863212,2076,187xgSpsFH8mMbAcoCW0zE,
Q863227,110458,21llKqnS025UdaAMslJS4J,
Q52004084,,,
Q16247049,,39vtb2iiz3079nqfL5nfFc,
Q72984,614,6ZjFtWeHP9XN7FeKSUe80S,UCaBR-PYmU1mo2FMNzYZjYEg
Q4914497,,,
Q803876,7282,3nhxXtHwC2TookQyqQlFK1,
Q616371,8291,,
Q438849,193719,0IfpyCP48pZ9kkFVSeHbC5,
Q502307,,,
Q379707,99897,,
Q225131,,,
Q505882,8885,22282KfMxDo2PMjnBc82I4,
Q115946577,,7s3eCGNZMrwUQraXlocCBv,UCZN2w4T89A-XYp7R6o7rrtw
Q42455,630,7w29UYBi0qsHi5RTcv3lmA|3HDfNAh4MpiptvaJP9We0w,UCFbRdRGijPR4oBjQ0fVCSmw|UCAjidy3vxRkgGVNIFqZMl_Q
Q2337562,4150,1DDG3ZoXbfw3gL9G8YdHY9,
Q880116,,6tsRo8ErXzpHk3tQeH6GBW,
Q16215736,314870,6wMr4zKPrrR0UVz08WtUWc,UC0cUnMCsopLMon3_lXYTx_g|UCmI4YE0l_s7T31_XCJiwlIg
Q880229,904750,4oSmVew9F141WbSWJTZZF4,
Q464476,6408,5Mhs3Eu8lU6sRCtRYsmABV,UCB4MYhuSTkoVEv-ZH5lBOiQ
Q47670,647,5M52tdBnJaKSvOpJGz8mfZ,UCrx-X329UKv0Y06VhfpFVvw|UCc2JGDorWnjhrXwxo4qXSbA
Q880574,5092,67ei8ib6PLT1w3OkhIb4fB,
Q158442,,3PAXvY08KxX5HmCsmKw4x8,UCSFcJNJ2dhh_ICrjDoko4MA
Q4921986,,,
Q2290182,,2LM56NUYjaQzmYyQkZjBlZ,
Q12303765,,,
Q804260,,5keeQyPKYRxUCKDMECTXG3,
Q16176303,1948531,4kjWnaLfIRcLJ1Dy4Wr6tY,UCH1-EnWEmTSECo-gDIweFDA
Q25056945,10803980,41MozSoPIsD1dJM0CLPjZF,UCOmHUn--16B90oW2L6FRR3A
Q222517,1861,2P3cjUru4H3fhSXXNxE9kA,
Q94831,8638,1UTPBmNbXNTittyMJrNkvw,UC9nxc-xiH1AnL9RGstfgurg
Q60194398,9656792,1oR9pQhucVTJyi5lH2Y2iT,UCoXNVMSWw5ZIquxE0BPYtPg
Q4925240,887555,0gOlGdYlQ1Z0tacM4v6Bc7,
Q3750957,,,
Q881957,142251,5Sl3XKbWHq6lL9u5d84Nac,
Q16319658,789285,37awA8DFCAnCCL7aqYbDnD,UC3hV4vnwzTUPSb7CAx4mXvg
Q28803195,,,
Q357476,,2N1l5VEy6whDRqvnUElnau,
Q838942,13114,7t2C8WwLyKUKRe0LVh8zl9,UCy8cHsKgHWbf-2pl7mFKPVQ
Q742396,,,
Q174478,,,
Q152540,371,7jxJ25p0pPjk0MStloN6o6,UC0-8RxyOBqTIb0r8qJK8SVw
Q45001,,,
Q712586,,,
Q181689,,,
Q482477,409,6FBDaR13swtiWwGhX1WQsP,UCdvlHk5SZWwr9HjUcwtu8ng
Q884460,,,
Q884489,,1u8qqOF2w0kgbg1QLXEXSJ,
Q205838,382|8514548,3MM8mtgFzaEJsqbjZBSsHJ,UC0vVHeqTu59ATT9JRv1Zjzg|UCA19ydb4IibFHBDec2vKYPA
Q740388,,,
Q202741,425,4tpUmLEVLCGFr93o8hFFIB,UCiNz8SJChrsACj3MKj_0QEA
Q885101,54237,2GCHfAuitdlOYPjRrgPhI6,
Q885177,,3llfMTWzOCWDpZeBSL4gbc,UCNhcpiLS3hJ3Ff62Bo69Tug
Q885152,9497,,
Q48995,5672,24GaH9tRBgZjlvOhpFuKi2,
Q804567,15038,4PI5IHRvANLL76O5gRmGKL,
Q584835,,,
Q886036,,,
Q11894,,2dUiFnJOuYzjPISRq5UwLi,UCrjkkL43SvVvInzHJMoOlXw
Q485820,743,7MhMgCo0Bl0Kukl93PZbYS,UCLdfTpBoh9G_DI3OURnIFOQ|UCI3EFb2lvZyBMykNd64JDhg
Q632229,1039573,0c0xIXQhCbmtvzM93liaSf,UClzQECpVnm9bqPNMFiksllg
Q208881,10462,2bmixwMZXlkl2sbIbOfviq,
Q722778,1098,2VAvhf61GgLYmC6C8anyX1,UC9D7VN2HldiRFdxFvCcyA7A
Q5307900,,,
Q4932094,,,
Q392,808,74ASZWbe4lXaubB36ztrGX,UCnRI0ay61tY-fKYzzB3fCnw|UCBqkojCXby4zGkWX86FEY7Q
Q888012,4757,6ryjbFyWBZho9KGXqKZdqQ,UCQLBBUICmi9wByfY3XeJrig|UCeyWqNFj-OcJGDVhlYMBO_g
Q2525354,719,2QsynagSdAqZj3U9HgDzjD,
Q364131,5837,485uL27bPomh29R4JmQehQ,
Q223167,157,5YFS41yoX0YuFY39fq21oN,UCFdlShE75U5X6nuYAURJ3Hg|UClbhAkGCr1orTmxPgDTyXJA
Q888326,,,
Q272253,,,
Q541634,134168|6487,48nwxUvPJZkm8uPa7xMzmj,
Q311241,11837,62sPt3fswraiEPnKQpAbdE,UCCeFKwKomPI37_pUSC46sug|UCtxGVt-hp9UEmyAwfPuAC5w
Q2907992,,,
Q890064,2987,5KCph1z3jaSwhtwPzoYp6i,UCY3seY5h_z30qnmlOXkaqlg
Q566555,147342,,UCqhzDaqfKGSDl6NY3IamboQ
Q223258,,2cN9SgfyZo6l6TijoewUaZ,
Q16199628,4437489,4fpwOzxFRMVGfd197dKIdY,
Q887911,472353,5n9bMYfz9qss2VOW89EVs2,UCp6B4S_hKDBia-SLV2Lhvtg
Q3519929,,5OTt6O4Q22YsqZDaWV6FqC,UCZU-kX-p3rsSeW-LASj7mEg
Q891919,,7s4I6rDvTcdBDKElVbtsAN,UCprvCzJUypfLFAgeXylwdEQ
Q15623395,1191426,1YlyxjwYNSjBD0NAJGEfWB,
Q357340,78668,4LEiUm1SRbFMgfqnQTwUbQ,UCci2c90HJbY0VAS3_eLF3Wg
Q259254,637,58lV9VcRSjABbAbfWS6skp,UCkBwnm7GOfYHsacwUjriC-w|UCwlTofOAY79PS_GhmborAdA
Q9661296,,,
Q892294,,,
Q4444669,2523|453302,5spEJXLwD1sKUdC2bnOHPg,UCjSkdzVdUS1crC89RI2cNWw
Q21857084,57872112|277893,5v2WhpA59TJSdPh7LCx1lN,
Q726018,,1sBRcMH8DDR8Nsk2RoJmjS,UCp8J3HHiVVtLW434e26kKng
Q156298,308,54R6Y0I7jGUCveDTtI21nb,UCJOXLX2b_uMEct1r5F4PMXQ
Q2042222,,,
Q892422,,2eIjpwW853WkGtvIMukeRZ,UC5TD-I_XZ-nDQZoRGEB7-8g
Q2288552,,1qPFzP54oMjiPXpmneoIwF,
Q707967,2108,0cmWgDlu9CwTgxPhf403hb,UCWBqhkfK4YT2OI3mJRQnNXg|UCgyl5xVlLLUZVpgfMGw-ETA
Q205356,,6Q7D1oEccgTc8MAYdMgtIx,
Q892968,8618,4toEjJSZu1rbfX2hfVdZFA,
Q893007,1711298|13566,2vDV0T8sxx2ENnKXds75e5,
Q4943439,,,
Q452411,8491,5K0rbdBrs2tNXe5LeWMATT,UCRKkYBaoEIaE6dIcIYZ1T5Q
Q893231,,,
Q1328096,,,
Q50674,406688,7u160I5qtBYZTQMLEIJmyz,UCrHiP_tOJ0aGeG9HGbOKHdw
Q893604,11507431,3EgMK920cIH5aLxFnJ6zSi,
Q679818,67792,4HgqjpBaWctBWVHafQIpRt,
Q16502244,,,
Q204289,3339,29kkCKKGXheHuoO829FxWK,
Q848428,,4kRYDoAbgDL7nqeqZhJlA3,
Q894958,,,UCA2eq3lF3grH7G9tMZ-u9Og
Q2921492,,,
Q4949476,,,
Q11182116,,,
Q848590,10762,6UuT0BJZ9vF8Y1sxXnJl2s,
Q96308743,12421040|9911662,7wbkl3zgDZEoZer357mVIw,UCeA2KEyAm5WOG-cLD8jEYfw
Q9178266,,46REMeONa7gBl4h2CIdO7Y,
Q706820,9907,,UC1eEuqs-JhqB4daavcZ9H4g
Q651231,799,6O74knDqdv3XaWtkII7Xjp,UCAL9Wqcg-OmP2p-2zDDRGDg|UCIP_rqrDBiovNIbHLve7nNA
Q896109,9260,46njgd2Rq9tZc4ZjeQMgbh,
Q212455,214981,0pr3ep0knQaPHEZ2X8niA0,
Q356187,,2vI9KFm0fwSfPrpEgOeIbq,UCf-QhVNMqeqO2_em7Bz1iFg|UC2lkZ9Ve65IsXeCRT3dQDOw
Q39639,2554,13YmWQJFwgZrd4bf5IjMY4,UCjjFKRDdhWbvAQEG7cNs5qQ
Q1042647,,,
Q4955640,17138,36gdsrHzKZ0Wyb3uH7ZbEv,
Q2923594,55301,,
Q164060,3904,2sG4zTOLvjKG1PSoOyf5Ej,UCxrOSjIQ1MbK1hUohxZNwpA
Q454819,,1gPY6jETlC02stpXOUmSBH,
Q30509,,3GTaO7e3uPaG0SJR7Hxy8L,
Q4958389,,,UCLrAUWIriZVnkh1lrNo8wxw
Q903536,7449,70ZTdbPEcEugBNay4MvxfL|3o6bIIQQjLq6xpLfjzhS38,
Q903674,289345,0iui2Be5CP8EWxvHYsVspL,
Q186840,263653,07Pw9XQo0hIwtKRrBwo0Rl,
Q230925,6301,4cPHsZM98sKzmV26wlwD2W,UC95aQafuwqkWgZZ2y6_cBng
Q4961096,,,
Q909017,,5QySqc6yAFDx9m7fedFZmC,
Q25189679,999969,0fiWOxhsBsQQvFDtxUQWo0,UCqIcU8Cj4PeAoPYDciLsmRw
Q569003,2042,7MSUfLeTdDEoZiJPDSBXgi,UCDDJRnc_LsRm-_CAfRcKCZA|UCoWPCwCsQmBwoXBCL_laaIw
Q462291,,1Ypd2wLcUoQ7v5iH7yrWDm,
Q453074,,4xiBg5AwhlWtuxAJO9rO6f,
Q915714,947,5o206eFLx38glA2bb4zqIU,UCTuFY_OJRPTiBAGr5jiLNEg
Q9179347,,,
Q917541,242105,722MDCdw3Ee4SdESC4uy38,
Q11975,483,26dSoYclwsYLMAKD3tpOr4,UCgffc95YDBlkGrBAJUHUmXQ
Q925946,,,
Q2926060,,0VKh7CQDi9MkUvaBMoK1V0,
Q3507588,,,
Q942076,16751,,
Q4975550,,,
Q1225,4762,3eqjTLE0HfPfh78zjh6TqT,UCcu7ANuD9J7hnTQCREqIc4Q
Q994671,,4TvgUScBiJZP1P9V1tmMPi,
Q482907,170,3Z02hBLubJxuFJfhacLSDc,UCxuYPUdTZHRZKVRZ1km1plw|UC58iZEkGZi7ETeXizx_03vg
Q53567275,9945206,6w9ToX5slZ4uIdmD17hJ3c,UCTHTB1_BGcac49N3527qQ9Q
Q21066641,7004075,2EMAnMvWE2eb56ToJVfCWs,UC7O6XpyxQ9AUoKE-S-ixq5Q
Q13580495,6982223,3Nrfpe0tUJi4K4DXYWgMUX,UCLkAepWjdylmXSltofFvsYQ|UCiPNSjTu0sFVUUFfhPCdEsA
Q958708,2661,3RPYHNSwe3w0mtfJwKIN9P,
Q712353,15602,2FMZn5P3WATd7Il6FgPJNu,UCHVcGdksZp7AbDj7ED47f-A
Q999313,,2DiecQcRbDuSJuSPKtirrX,UCshX7abyGGG2WqCuYC5En7w
Q430224,859,0yN7xI1blow9nYIK0R8nM7,UCCdmxAqj0h4y-dQ7nrIcSIA
Q999968,5484,31ioFU3ADV6npBP7ykNvtF,
Q312692,,570vCzcespB48HIQyTbDO6,
Q314208,8680,2gCsNOpiBaMNh20jQ5prf0,
Q5977,1437,3wYyutjgII8LJVVOLrGI0D,
Q4984912,,,
Q842415,2799,11kBu957KTYoAltZHDm8gW,UChUeUKui2gkL6vqhuKBeCMA
Q48992,905,3eskO5m0H4yiF64vRySBjr,
Q897564,8024,4p35pLn1lRgqoVVsnqNZEK,UCQFChmEL-MVINzBLFf7jVHg|UCSNHNGcWK2N-X5imJ9jp6gQ
Q1002589,10434,,
Q4723615,,,
Q1003115,11003,3kbBWco9PZ5eSQsNScwG6U,
Q560642,7081,4wLAjfeqAsV66AocWNcowA,UCGxTc3-8A_by4P2Y2nB_5KA
Q918497,,,
Q239652,,0ZahzpqsK9YXqiThUYRcx5,UCQz7NfkeWjw1Sg42p9GnEvQ
Q65231869,,,
Q485385,327,7iWiAD5LLKyiox2grgfmUT,UCNCYBBI44YViXw7vBrqCZcg
Q4997720,,,
Q1010243,,6zUiRChNyL3HEezOd1Wjam,
Q552245,6281,0uCCBpmg6MrPb1KY2msceF,
Q17305712,4338602,3wcj11K77LjEY1PkEazffa,UCEzDdNqNkT-7rSfSGSr1hWg
Q361646,,6qaKS0nzGP4hfjl4aFZmEU,
Q212762,7175,35y7CZMg7jbG8Q96JY7dyC,
Q193172,1095,7L6u6TyhjuwubrcojPeNgf,
Q919961,2878,43SXnO2N4X024u3l9MfvXD,
Q2928714,,2X2Q1fpEwW7WtZxXb4acYb,
Q59185,796,1YfEcTuGvBQ8xSD1f53UnK,UCFIAkL-_akPk430rbdmPNaw|UCCWKLP04ZkaVpxb6l5BKZOw
Q1017857,,,
Q1018174,858,62BcWP4fzR8axESibNQEhs,
Q1018354,,,
Q939329,2485,2DxlS3lTLFIq70S7ap5H3y,UCBkWN-TrMTbV4kd5vaD9NWA
Q3647810,,,
Q16954729,,,
Q16090207,,,
Q797247,79707,1tF9HtIFX8fJfBo64FIJ8S,UCzFhxTjQIn2QnnbUtRJRWZg
Q83326,,5zyNXVd952fWOjkdGHCvPd,
Q561390,10519,2ka8z2lwkcp13fG8Wyv3xU,
Q467067,103304,4ZXSO4o28gKUfDbnrwtPmd,
Q2772878,,1zrMGaRSRvx67vF4xzvUcu,
Q2553609,,,
Q2930445,,,
Q1022574,,0iTkPxRldzi5lmS6qZ70JV,
Q23540938,,,UC9SXqBYyI73z-OjYJJHA6dw
Q273079,2591,03cwCzIWQ8BRmXjGPDAL04,
Q1024747,4271,2kS4yz85MaZlxp2VaS3BEe,
Q562148,,,
Q309983,,7HGNYPmbDrMkylWqeFCOIQ,UCbEWK-hyGIoEVyH7ftg8-uA
Q16939621,,,
Q491368,,,
Q495322,,,
Q9674234,,,
Q1844152,12199,0sklgkoO5JeS7YNhHS5EmH,
Q126201846,,,
Q4356602,361476,56QlZ0AFfkaaHyANLVkg5h,UC4RBqjgigdHaDNW9hGYuoaw
Q718180,,,
Q312093,,,
Q2934725,,6flBUmmOMLNhD4EJhGwgpG,
Q922528,3533,545idYhdloaSlLGBY8E9u2,
Q1028565,2030,5gInJ5P5gQnOKPM3SUEVFt,
Q150445,,436sYg6CZhNefQJogaXeK0|3y1sq8vpBISkxjVQpQQhB3,
Q1029506,,2Cy7KBSkqu7otJfuMTWT7Y,
Q5742219,,,
Q701735,275668,2N8IPNZTiNo3nj4mreOlHU,
Q170132,2344,4l8xPGtl6DHR2uvunqrl8r,
Q449200,2098,3S34Unhn5yRcaH5K9aU5Et,UCcDe9Y3W-S6uANXQwNS-cAA
Q1366214,1267398,4u36OSVFf8s0r0hN8z6SAk,UCFnUrvt-yuV65FByJAR4sJA
Q840197,72504,7zDtfSB0AOZWhpuAHZIOw5,UCIXDUCw6Ek8FV5_PZRTHqWg
Q339088,2105,27a0GiCba9K9lnkKidroFU,
Q485231,2999,0yLwGBQiBqhXOvmTfH2A7n,UCkCTjBw_OFcKci63-YBhP0g|UC2le-BGvWZhcULkkfNfdEGQ
Q110477,5622,5v74mT11KGJqadf9sLw4dA,UCRQLvDfTNOFUgst4GpnyDvA
Q1033480,,,
Q2289503,,,
Q3656583,281732,,
Q1035235,,,
Q1034596,12647,,UCJJElavvVDxQ040tqVew5fQ
Q9696192,,,
Q5035789,,,
Q536588,5078,21J3YJTyq1biE3SvSNjzuf,UC-N0xFLnqpbufzwWI43-vmw|UCL9Lh6X1RU74mjTRTO8VtTg
Q1034857,,,
Q306509,,61KJdJU38zrAW4c3PI9C9N,UC6_nCTeHCfZMJ9_Ae1nOW3g
Q312264,87384,2ebK4ueGwhVaXUm060m1BS,
Q1035247,,7m5oUbWSkgWk3THlyvQCdw,
Q22080761,7020467,5PbpKlxQE0Ktl5lcNABoFf,UC6Rl1uJ-KEC8VJ94l1QYvBg
Q1035286,,,
Q1035310,257491,7sJC2WkTzn7gqUhVfP9sOm,
Q11194338,,,
Q1035442,259767,37J1PlAkhRK7yrZUtqaUpQ,UCKH9HfYY_GEcyltl2mbD5lA
Q2556934,431316,38DX4hQVvPBs3PThDIAK11,UCu8ii0rMmMqxUse8pxMMKJg|UCVMAuwgr6s72Vlowid2EsbQ
Q283835,4502,5lhaM01nwvsMZpmPY2HVER,UCmfXIVCxJgWVViBov53_3Gg
Q2938788,,,
Q962197,9812,17dbJyUCrxh4I7iyUrjaHU,
Q215333,,,
Q158899,,,
Q310339,8991,,
Q76428,,3meioy7GWDwpwmjv2LPyAb,
Q462426,,1QAGLCom3FHTTiuRFsjzOj,
Q269335,,,
Q192958,,7wi1x9DxLtqnhzJIQa7JQF,
Q98456012,,,
Q983479,,5SSP8GEspuEnzFcvJGABPR,
Q229613,,05Q9xndTxhXhD5trpmTtfU,
Q567872,,,
Q952965,99998,09QKM6TeXgj3h5sDrLI0EU,
Q139465,,,
Q965888,7343,4vhNDa5ycK0ST968ek7kRr,UChcn-n6L8vYHzsqOwOubdRQ|UCcoTDF00osWsjkiO3eC9viw|UC4mhBXLZXLSffhVsrSsTdCQ
Q5752293,4175298,,
Q240371,,2E3nXyfocf7qfHAIFNbBuj,UCrc96CUi56qYgy0VpnL2vIg
Q121655,,,
Q338693,,,
Q1044027,73453,4nqY8hkQNkHaDq4fdVxdYr,UCS0TDNQROGNJbM_tcK9CR_w
Q217787,3330,319yZVtYM9MBGqmSQnMyY6,UCaS5rLrxc6pQDWwpWyQyXUg
Q1044384,,6H8Sj9gFyDYJ3T63LA3DKz,
Q160111,4023,0sFntmE9T1tiF6G6O6Lm3H,
Q24666176,4346304,1l2oLiukA9i5jEtIyNWIEP,UCPVnLrkvF3M_H1NTOsMvgrA
Q215546,4388,4xFUf1FHVy696Q1JQZMTRj,UCBxZZfQ8R2xtk0YEU1d8l4Q
Q5046623,,1YN1OuUFRoFlnwR97pIRlJ,
Q1412029,,,
Q2710419,,0RSWHhBUwW7lhCqXqxKxWN,
Q601243,7106,6eKJWEzLZq8jZix8hdYsv4,
Q858880,771,0N0d3kjwdY2h7UVuTdJGfp,UCzOwRLQp7Jgzb_6MEDVzzJg|UCHqTjZdLd2fbgLcYPUlO5FQ
Q125989634,,,
Q3930275,4045965,2LZDXcxJWgsJfKXZv9a5eG,UCpuRCBH1R55VZmtLH9u6GdA
Q2941314,,,
Q1049345,4000,6eJqAWJdd8JhAN1pQGie4r,UCZzdWp_r4-_KSWcdSjuvjUA|UCyR_nbNgi7Eypqb2rGDjJWQ
Q108798079,9916160,3q2dSq7VZnj8TmoJUyRm40,
Q111633626,,4eYVVrnphe4blxWuzahYQE,UCEk0BHL3Wx7KzUTPI6nEEww
Q2778878,64370,2rUTHCNVy2FS3bCmzh5m7F|5N0PaZUlleVBJCFYlnE56P,UCdtfv361eto3CnY9L2os47w
Q502291,6844,1QPWAsWIjRcTfvY5uH8dov,
Q405269,,67ZMMtA88DDO0gTuRrzGjn,
Q467129,94345,5UoVLCWzOKMIJ9iioof9OD,
Q538696,7141,3qfrrrSO7utFdJkM2tvMRb,UC86Zlc-v_kkZ-yKG2cJZkxQ
Q363908,,5jtGuhEEDh07yaFfm8qHg7,
Q5759771,,,
Q474045,5024,2weA6hhVqTIN2gSn9PUB9U,
Q2038255,,,
Q5058467,,,UCkTVKrjdcOBVGuTJj38ShrA
Q324645,4810,4ZISAmHmQUDCpv8xydqeKG,
Q1053260,6435,1lIbZfJvMQRqzhtCQsg5EI,
Q3514773,,,
Q106078330,12096038,5H4yInM5zmHqpKIoMNAx4r,UCV_CsAy5CNBX_uwDQ7RMe1Q
Q17986331,,,
Q1056163,,,UCJDUHkw_-gdegi6FgzsXy9g
Q103759,4086,0Nks3cFWU2a7rooAlFQYgn,UCs5WMDtJoMaX5vIMus_cPhg
Q544096,,,
Q2605806,,,
Q5068109,,,
Q1060648,6623,2qhLqZ1pkiUl5HNrU2Nz0R,UCzUd5BKq10OmX0zCU0rCbCA
Q161805,,,
Q18627374,,6E8vZ5lkpXbXlkgHhbVJSl,UCz069Aqyv2bnowsETRYygPg
Q5072093,102721,0qGRkfnUqWeG49vbCv6rMY,UC0w49yXl5XSEcoUK26TrUxw
Q1062314,,,
Q1062320,,,
Q448508,,,
Q1062552,1267279,,
Q2476387,,,
Q5073885,,,
Q587086,54819,49M9xal6ftS4qAxDKIiUjo,
Q369916,88977,4MKrXiEHOd8zXvrxRsAJ8Q,
Q1785,1001,2hgP9Ap2tc10R5jrQaEpMT,UChnkfv0G07vf-9vhFNEX-AA|UCHgDHM1lmkadG-uYhPfrbdw
Q5075804,,,
Q477571,,5KKj8et25S6jIXSTTeDLXC,
Q212549,,,
Q215161,,6wgviqppMkEUf4p2WJ2uVa,
Q354519,,,
Q5084390,1462230,25uiPmTg16RbhZWAqwLBy5,UCOvEMf00DnwdkpOCRWdc6uA
Q95699749,,6hszx52doSbSMupWHUGdTv,
Q921588,,,
Q103767,2692,4Ww5mwS7BWYjoZTUIrMHfC,
Q1066976,,,
Q563057,,218kRJZ7FJs0hWIk8Ynzhz,
Q231207,,3P9jdZehQvmAoTrWU1p5zt,UCwU8DebdIzYmPrsR-WphRSw
Q22668666,5384533,1lJhME1ZpzsEa5M0wW6Mso,UC-yOW3e6zBSo1JwLXq46Suw
Q2752365,,,
Q5087038,,,
Q1067983,15617,3jNkaOXasoc7RsxdchvEVq,UCSnULYPo-BA8zo5IcG4doIQ|UCQOPcSW3O8G8xK-5pukX9Bw|UCbUZqaAX4fliIM6RYJ-oFTw
Q5087189,1012830,6pBNfggcZZDCmb0p92OnGn,
Q236024,,,
Q1068713,3158,1LB8qB5BPb3MHQrfkvifXU,UCz9V8f3PUaaFH1rNzIu9nFQ
Q983496,,,
Q441266,995,6vZXamchcIOKzC1c3Elp4J,
Q2743459,,,
Q452186,68157,364dHqe2BwXqmOhgdBXpw8,
Q597911,,,
Q5092454,15140,1stGNsBocVFM9MfQtySETw,
Q72096,,4dZrt8Ong5t7YYpvbfp0RU,
Q2274,,,UCVNfRXuaWVILL9giCEg0rQg
Q2963160,,,
Q516712,2640,0Xf8oDAJYd2D0k3NLI19OV,UCl8SEpoDrxkD_Ld1teSat6A
Q371938,2592,3iDD7bnsjL9J4fO298r0L0,UCK0TuNeYqg9oYGSksX-jNkg|UC8vVfqDySe2dz-wCNcy6jew
Q76913,1617,5GxyeQagayzZOg4UwffQlD,
Q2963377,,,
Q505749,,,
Q968313,70491,7aUVQRiWaOqZU0JwOlGfWi,
Q689306,,,
Q975016,,,
Q333632,,6tOsSffQQIXmK8TqsDck8t,
Q177824,,,
Q1072239,,6Hs8U0JO2nacXFG4kp15Co,UCPKrJOB67YKIHrsDDO-5l2g
Q127362,2934901,15iVAtD3s3FsQR4w1v6M0P,UCrCRtpW2BMBCeqoivRV2pWw|UC0032Wkd3aCT4rRi1YOV3gQ
Q7677031,,7w5RC7xkgFiPw1ThCIVwxW,
Q171718,530,1xUhNgw4eJDZfvumIpcz1B,UCEZvQo35kSV8EzGKHKGsq3A
Q5099040,,,
Q80002798,3674121,4VVEpEhC8NcR7AqNEds42U,UCZg2x_5Y5UaevoJJCXOcdgw
Q55584618,,,
Q302533,15613,4ZIBrskTJWmkJUvM7uAu1o,
Q17305057,4450689,6mgvN6ZusGnE2uz5WWO3nC,UClC_P0hcSh4M2YzpdfzXvUw
Q465902,,1G2X6LW9ycLvwEr5Q2oDdX,UCVuj9yQel_52jZzmwZmTn1g
Q240841,,0ii3SuIwfRs4pRH2sQ1J0U,UCUZ-BTUes9M2RXGwuBy_YgA
Q505348,,7gfkYbxpguEc9bm6m8TpAr,
Q1075851,,,
Q5767112,,,
Q130407844,,3yQMCDmPQPJlf6xJMzcnZL,
Q329610,,,
Q491092,,,
Q11299332,,,
Q17916987,4712999,68abRTdO4meYReMWHvBYb0,UC_ojqVjLK8GE3bpVvIVw04w
Q67372,,,
Q5107266,4691995,7tm9Tuc70geXOOyKhtZHIj,
Q714033,5520,6pRi6EIPXz4QJEOEsBaA0m,UCsNH0JAvjeNjwJKrS_509EA|UCPsidN2_ud0ilOHAEoegVLQ
Q1079267,15536,6mEohczxsctzkEIU0WAeWD,UCUgOTugIQ-2YEgxOh3HefAQ
Q658733,,,
Q5110740,,,
Q41594,116,1l7ZsJRRS8wlW3WfJfPfNS,UCgBN6eQyZPnsApiL1QW44Hg|UClx2ih2Nx8enGmsMsA6C3BQ
Q1083203,,,
Q23021832,1449671,3k3Pl5MjMvYyExp5nzu5eG,
Q5111694,,,
Q130759,,7vfydQ0nVBVgJ0ajs8EtRM,
Q5111843,,,
Q445438,5661,695W5F2Ih8dYahLdjVOIoH,UCLDGBEnOxxcSBWbe3km6zOA
Q732135,,2NteKKMj3takKR3ABTd279,
Q16939761,,7HUHsmvWREkN4l179tvpBe,
Q5921,2833,293zczrfYafIItmnmM3coR,UCk0YBqtXKF9p-nfyjVoW9Cg|UCjsrlAJyfzPeBIPbinoCnSQ
Q2967586,,,
Q945778,110730,2MMaIlHd8UvDW0mVRAncD6,
Q1089237,,,
Q584447,,,
Q26370656,,,
Q5118436,4052518,3CjlHNtplJyTf9npxaPl5w,UCXCfOEJFMa40s-57zxw9MYw
Q708582,,5E94Yc9O9D4N3oTr4SzJLx,
Q10748727,,,
Q25349372,9568982,1QAJqy2dA3ihHBFIHRphZj,UCqNxhPZoLJ81i5QaK4nqn8A
Q286525,166632,3bCvHtuIXWXPbCMdSYudmZ,
Q50398989,,,
Q384023,8397,7HL4id2U7FSDJtfKQHMgQx,UC2q7k7ped7sf4qGafCk8_TQ|UClAqw8sxbxBfALxZQW82-ug
Q1092459,,,
Q316074,,,
Q603579,2176,11FY888Qctoy6YueCpFkXT,UCm_ZP5mgbFdWqAKvjOHNxGg
Q522463,8255,4ubY8RYfXkcEqgjEMDuLYl,
Q57444866,,,
Q867706,,,
Q1094740,,,
Q69870,,,
Q52433533,11573699,3l0CmX0FuQjFxr8SK7Vqag,UCa-iCk5rSuWnAb_VT9Hzs3w
Q23787695,1623786,5vSQUyT33qxr1xAX2Tkf3A,UCIWqTEwwfnlhory4fAdVw_Q
Q1095015,3736,1wHmR7I0UlF58WFQexCPha,UCDIHS-pz7R2GYJpaZXk18ag|UCQ1NnZCXexh-daDE2RfyCBg
Q192609,3643,0BkAYxgwF9VQiid4wI07yJ,UCPQtpy-lNJ6WjICAyUO-n6w
Q447984,,,
Q299881,10415552,0FNW4zTrB6JjDb5ctjbX28,
Q1095432,,,
Q1095358,,,
Q4700,,1Uff91EOsvd99rtAupatMP,
Q365985,,0P2p1bqVyP2EgqubwjTBUJ,UCwnNh63gykzCLoFXdwhs1BA
Q2977736,,,
Q2980493,144068,2OjoIDVPQKT9B7loZbPEfp,UCoNxStSEPiLxBiQQhYDFthA|UCvoL_v8sya2YaZ6_QIH2VZg
Q380517,,,
Q53068,,5iAhVgz6P8Nylxijb0C65v,
Q16939861,,,
Q833370,2218,1xE3snzm12GBK259IqEFlY,UCQQiBzUAV53wgCZMspwF4kA
Q354490,6163,1HJHwWck1EY096ea2iPAHO,
Q1101377,,,
Q320264,4420,3Ay15wt0QChT4Kapsuw5Jt,UCgsC1KV_ktDukGWIbFhDxAw
Q17299778,5542775,5HJ2kX5UTwN4Ns8fB5Rn1I,UCGEkvEO_z3ncFPOeTIIf-TQ
Q744772,6840,2J257euzcjnDLipsyJH3F2,UCrksLiNO2Mu1vMaAkUckhCw
Q1102092,,,
Q2931699,,,
Q4036325,,,UCUGNltBiGMLdRP5zlpV7mjg
Q9783121,,,UC-XStuDZqDrDHeHICjfL5ZQ
Q705382,,,
Q578376,5505,161AC1AVRkIGIMxyj5djFQ,UCzBKwuocupWfmxt_-2mVzfA
Q3676067,9418,2T8rmKa2k1uot2okGULagY,
Q524822,12108,2aYJ5LAta2ScCdfLhKgZOY,UCCbalo29CcA6Sxfkv-vEL3w|UCjOUsOgb1nmvc2FILwsU5mg
Q689234,,,
Q600311,3929,4NPManowiyiGa72hezruf2,
Q973104,8317,4EfSXeVFbCEYIde3E9k4wr,
Q1105391,1096,05fo024EFotg9songSENOZ,UC7jSCj67GB8OFGEm_hwR2DQ
Q588820,1041,5Wabl1lPdNOeIn0SQ5A1mp,UCle3lHYlHgugefCCr78N1Gw
Q1773603,,,
Q18244464,,,
Q1107195,,37KB5e6cGsN1AQAB9Omm1U,
Q698224,3902,5wnhqlZzXIq8aO9awQO2ND,UCqA0d9RXS2i6jpqNWiqeV6w
Q45188,892,4gzpq5DPGxSnKTe4SA8HAU,UCDPM_n1atn2ijUwHd0NNRQw|UCfJOsk44wjzby9H64jDd4Nw
Q215120,,6rrwIOOzyvn76SDbkxjIjS,
Q15101510,399689,1mfDfLsMxYcOOZkzBxvSVW,UCot3LeHcLzvWproxs3rNZTQ
Q5148311,,,
Q1111834,15510,7zSHQFzTnqpcbrmroB7bvM,
Q883407,,5UzFfn3lNMWSm4PHCzBDi8,
Q1111988,,0OpWIlokQeE7BNQMhuu2Nx,
Q266782,6130,5556RAgwP70PnXbaUTGNbR,UChkRHfQavQPQo2x5JkATA0w
Q2985104,,,
Q1113984,,,
Q1115087,,4KtaHyqLFlKKb7aghnWBfE,
Q5153131,17267,,
Q286022,238,2GHclqNVjqGuiE5mA7BEoc,UCBGDlQIq1hx5nSTIpWTsGAQ
Q56281544,,,
Q5155511,,,
Q449083,,,
Q316102,809,2wpr4ILskkRzPBGodmbMs1,
Q123237633,,,
Q270830,,,
Q2992469,86531,0QqL7lw3m7HXa7OMyyCxil,UCaMVmQoxQbrXCvypbg4iGsQ
Q429952,,,
Q2273277,,,
Q60297254,,,
Q281894,2986,7kHzfxMLtVHHb523s43rY1,UCQH3-LheW109oRm0f4JatDg
Q32836087,9749880|1300694,67gqUXxHedeUGDTxwBzdjS,UCmpiOC6cI60pzlcN6xX-Wfg
Q82250,14783,7gi3jmwpUpNWdswT8eEprF,
Q5167093,,,
Q922397,199130,1Wt63OMKtv6v2ivHuQLm2C,UC7alhTRNkawfATqvctiSZjA
Q16491523,1336049,4UuICMmKQKNyCJfBg6lFFD,UCF-1xB_VwVjN4lUPsh8PryQ
Q5171205,,,
Q687760,9922,7lfdXL6PuTM5iWJNvI7PPV,
Q1135391,2484,1BBIIH0h76KN8gYeXFcPjR,
Q1135386,,,
Q641531,5263,0Qeg2Ytz5AcfvkIO3RYV3z,UCKgMDjXi0_3fcL8HxBkJTtw
Q5173544,,,
Q5173620,391956,0XRBwgqB24RnxXi7BFYNxC,UCWVkitxmDdSpsbuCeRlG8Wg
Q2998861,,,
Q132156971,,,
Q107008,7306,2jFZlvIea42ZvcCw4OeEdA,UC4w6_foxgGue-rPbVb0BMow
Q667342,293438,57WXdjUf5Vlq3klNZegeTP,
Q11691580,,,
Q1137045,4534255,4R215PsoI6Mtxt6BYL9ob6,
Q1964456,,,
Q869427,,,
Q2603942,,,
Q16390683,1701387,4OOlG5eBXSkSAAEeKjJb5Y,UC4zONxF4rPkPZE6klaIoFpw
Q1138029,,,
Q358619,,,
Q5179561,,,
Q3520438,,,
Q487479,121,0NTSMFFapnyZfvmCwzcYPd,UCyAMV63OY0DRbKk6gGv6wJg
Q154222,110,2JyWXPbkqI5ZJa3gwqVa0c,UCHPdFezF_hIiofXqBTXkokg
Q1138865,,,
Q46252,,,UCd6BZZkcrtdv8T4CK3JNxZg
Q842336,948,,
Q950290,211446,3gGaQo8fmPTSYUtiwwaBCF,
Q203736,1796,74oJ4qxwOZvX6oSsu1DGnw,UCijutLKQjb9a_aA33NmoECw
Q308816,1783,43sZBwHjahUvgbx1WNIkIz,UCP-tFf_VMQzhyeKMONL1KvQ|UCis-JwIzHYm1mKnNyPz9RJg
Q192463,2468,3IYUhFvPQItj6xySrBmZkd,UCRbMcMQeSFVvsyEuOn7uAKQ|UCZodL_lPCDt6BT5Co7r3rdQ
Q679287,66001,2B73nUiRlcSwjTyVaIAwhR,
Q463925,4684,0Naz1mk7F25xrk44Ugd8nd,
Q1140657,8917,5WCrzTQZ6S6EgebqI57Ilg,
Q1140997,,3o1cwVQfiDWafhYA02k13C,
Q10461933,5367,1CYsQCypByMVgnv17qsSbQ,
Q5188245,,,
Q5188559,,,
Q1141268,468702,3gfA40vRbx6YX8oCDXDCDh,UC30-fwvRQLuL0QLvNeSYrFQ
Q528912,,,
Q1141894,7659,6QpbkfyEQJ3JiQw2AbTRUH,UCttHdBWM78o4qmYdGXanW_g
Q108824597,,,
Q1142256,,20ml1U2ibB2HPnPpWrJIKT,
Q745915,,29PgYwTelpNl6370XLqFtN,
Q249141,,2sd9Q3r0Jhqpe3w9WVuG43,UClxOpkzxTwjF-7lSr4koDQg
Q5192236,,,
Q638889,,,
Q66551093,1307319,2Tglaf8nvDzwSQnpSrjLHP,UCtUa6Ufbn3FbUbZ7WAXSx5A
Q19571978,,,
Q1143521,,7E7fJJpdVgr1F3pfAfRtHe,
Q594748,3182,0BZ3BHzfYwpd3k5TDnvAz8,
Q50037,3183,6kz53iCdBSqhQCZ21CoLcc,UCdfnMLE8x991WuXK-3SRgNQ
Q135275392,,,
Q20851250,7244946,2XiiUuK68XNdHaHOAF5hnT,UCRbDZBpyjHVOgsDtPG0uQnA
Q1144846,402158,6X8WdFjrNhXATMDSs26aCc,UCvtbERBK9tNbU2SzFCxeEVg
Q739657,4968,7vF3DcPluq6lZI36VniagW,
Q18967146,,6B9SjvZNSQZkeJDH17oBSO,UCffXDI7XzYFtilefmCoid7A
Q310170,2027,2AV6XDIs32ofIJhkkDevjm,UCvFxNInzl8RDrv9OtBHCi9w
Q2658111,9291,4743DlrFCsAlAV4N26Kdgh,UCwN1QAJElnUU-dnadQhjaqw
Q1146597,61235,4qDGDPGMIJuIvPfUGe0Ngg,UC-oQw3DvYQkOns9UQ9qEJQQ
Q5197720,,,
Q939429,,,
Q370835,,,
Q322196,1222,4P0dddbxPil35MNN9G2MEX,
Q5202535,,,
Q3010495,,,
Q944365,,5RCdjio4ASMQ8CFaSuAl6C,
Q3011042,,,
Q593139,,,
Q701692,451097,4KtyUYo9zaM9YggIVc7uxx,UC3Om_zBPYa2VxK8qp1cMwhg
Q947198,2662,4AllEJE7mVkhhyUV6DjqPz,
Q5207316,191736,6UOk7DmvqlzWmo6gjhZvn6,UCuyyM0QmLZNGxh2rm5CHosQ
Q3513698,,,
Q272591,3839,4VMYDCV2IEDYJArk749S6m,UC9TO_oo4c_LrOiKNaY6aysA
Q185828,27,4tZwfgrHOc3mvqYlEYSvVi,UC_kRDKYrUlrbtrSiyu5Tflg
Q747112,,,
Q3011965,,,
Q31837635,,,
Q464185,,6wa1AsxB9oJP7lwNSmbcYx,UC6PMd_ik5xTuotX_LNod9Wg
Q11855726,,,
Q1158232,,,
Q13081522,,,
Q16959408,5112746,7z5WFjZAIYejWy0NI5lv4T,UCx8v-goujcpBVF7QKALgp3g
Q2618270,,,
Q5214189,91214,4Z8f0RlC4uuFPi8KD5JbvB,
Q1036131,3892,4aEnNH9PuU1HF3TsZTru54|4nhvb6x9ZhPiYCzrHDNia9,
Q5214626,188147,2iYByRd5wrZXBbmTyrISfC,
Q3013333,72709,6guC9FqvlVboSKTI77NG2k,UCkmEoZbpH7jPCe1_Ym4XJdQ
Q57701496,5319227,2KtnZQwMQJN3uyI8eHZRvm,UC57JDgwPyaXKcD9CjI8PtoA
Q433060,,,
Q1161999,,64wt8mWN95IlFYslRqIlMD,
Q3014517,,,
Q5218703,,,
Q465927,,2krrkKvM52JgvfGu2Uewbg,UCgRPqm2sq6_4VZPs6-6fYDw
Q2337999,1017307,7aA592KWirLsnfb5ulGWvU,UCi6JfFhYxVxl3_XFVNVVKmQ
Q19873918,7850514,1PNvaesh1mkKZucGhBuqgD,UCKOBn1qy7yjYLB-eSbTsLOA|UCYhEcDGXVbb3vKpsG8278GQ
Q1164771,,,
Q3015811,15624,,
Q49277,,,
Q5222024,,,
Q104919331,,1ZMJSCQw8DIefcLb1FIpY0,
Q186264,,6bwXuNL4AuC7w3AxspKXn6,
Q157026,3561,5EHvXKnNz78jkAVgTQLQ5O,UCtXQxTPk1Nz4hc7yqy1QVbA
Q748646,296760,,
Q160119,7641,7kWnE981vITXDnAD2cZmCV,
Q1166670,13213,2gZzTzeACSwFqkMroVxmnm,
Q360591,25,0LhHRmSd1EYM5QdNeNnCoQ,UCvxu4st8jt0Li69hAh_nqQg
Q697508,,7LhCMNjTNM9R2a0fajH9l8,
Q976991,1349,4ERtgeBbWRkFzIz6LaFCeY,UCJbAKewMebewNHQIanGJ0zw|UC1hVJ5z8WQFROU9KCPWkapw
Q1998551,441447,48q2mPVwlKnlSaCx07i6Ta,UCdfAEcW_cQmq-AdDhmt0-Vg
Q3017011,,,
Q838410,,,
Q920288,,,
Q108597,4080,3kUKwTJdH8FuWzF8p6Dg9E,UCMBevFAp40kVlvIcOvzv5Bw|UCt9j7GVh_NwJjbnFcJItReA
Q1173180,,3SQrLX0O6RbBjmSIkwCgJb,
Q1173181,,,
Q1173262,7499,0ZcJXldoq09BRIMl0Qh1Vm,
Q832086,245,2TI7qyDE0QfyOlnbtfDo7L,UCQv0bxIpI_K0zmmCBTOttAQ
Q97671621,,,
Q1205935,8160,1uXrhF4cZsmDQZDueF9uJT,
Q5229964,,,
Q711892,12800,6nwh8AhPpbwOUnHZJWrHT6,
Q708506,746,,UCnyRTRSD461YreWFcLhZAlw
Q5383,997,0oSGxfWSnnOXhD2fKuz2Gy,UC8YgWcDKi1rLbQ1OtrOHeDw
Q560635,,,
Q1174604,,5udgy2xk333j33hKnwDz8O,
Q8298,542,1Cs0zKBU1kc0i8ypK3B9ai,UC1l7wYrva1qCH-wgqcHaaRg|UCh-4c1ZoBPNP1C8c-7iVvUQ
Q3018260,,,
Q1176403,,,
Q178112,4094,7vNcTk9TgKF0qDsS87nWGE,
Q5240437,,,UCHAsFegpJfVNWPop6bJZ5FQ
Q16234484,125372,0Y3agQaa6g2r0YmHPOO9rh,UCkBV3nBa0iRdxEGc4DUS3xA
Q5204449,369395,4G1BTcGLvvsItegHSvBH0y,
Q292960,15543,1zK4ACgLi1lVPpfmmcwOTh,UCYL0s4oLJ1A05r74qX2Tg4w
Q1404441,,,
Q949424,,,UC9AR3EQ220Wa1i9sO8gCO2Q
Q1179823,,,
Q328437,1020198,3EiLUeyEcA6fbRPSHkG5kb,UCRp097cJIVS-cQ_GuZWQkJg
Q685595,1312,1Z8ODXyhEBi3WynYw0Rya6,
Q324400,605,6sq7prp0tj9Abn89khmfja,UCZn4_LiKXOu-ArkS4sJTG5w
Q668808,,,
Q208211,683,30U8fYtiNpeA5KH6H87QUV,
Q839904,,0AI2um3PpFgOj7Yzmk2Xu0,
Q368961,4190,5WWSL6rElJeUk3Uc1S2RyD,UCgJpFHeW1dNYFXRXEuK4SiQ
Q1180841,5593,2UBt0GWBuPVXlPisRvWzlD|55fRwamr6e5bRi6foaEZhQ,
Q49009,142381,2CIMQHirSU0MQqyYHq0eOx,UCYEK6xds6eo-3tr4xRdflmQ
Q5245804,522414,,UC97UMkZzchbn0uO-KFyq8ww
Q5246133,,,
Q215359,1126,49e4v89VmlDcFCMyDv9wQ9,UCWbQ2D5aaB4tpqIE4TzTAAA|UC_mPFw8OyrxpIlo9TH325Wg
Q773953,1203,18H0sAptzdwid08XGg1Lcj,UCg5wtQ2hBMYChHeskNKLafQ
Q3020722,1699729,5RADpgYLOuS2ZxDq7ggYYH,UCuq1H-HXWoW4JL-hX5bWxzw
Q1181285,,68wK3u9MnoZj5fFOFNTfwy,
Q903033,350640,4pP3Gtdmwp2cHtz736pyGI,
Q3020812,,,
Q233817,5662,18jZvCsW1PJ4FDQ5gEXuKp,UCSN9ermy8En3mqheak1qh9g
Q56248912,,,
Q5249375,,,
Q669042,,,
Q5250040,,,
Q101505,864,568ZhdwyaiCyOGJRtNYhWf,UChFONkdHg3zrt3zaHmx1bKA
Q5250362,,,
Q3438097,,45g23Apmqo2x4obM7LjmpW,
Q182890,2557,6H1RjVyNruCmrBEWRbD0VZ,UCZjBqZjGsmI5OAVsLSroaWQ|UChn30LXbAZKSIQqPJ2iezng
Q4356183,,,
Q485039,535,6Ghvu1VvMGScGpOUJBAHNH,UCQDsiRE--IQe5ycCLeetIxQ
Q506314,6459,2K3GorTixXKAiwe2t9lO89,
Q5252624,,,
Q5252933,,,
Q178792,12013,6pIRdCtSE5hLFfIfcTAicI,UCijF534Q4VFffUT-B4TFT9Q
Q112538672,,,
Q903496,,,UCFVOWDRn3UnIu00cR9pEx5Q
Q29544,,7xVgcD64SOhLoXfCxN7yg8,
Q1184300,15811,,
Q5254556,3748,2qe52cWdi4IRtgg14CLInb,
Q3021911,,,
Q70278516,,,
Q603402,2624,,
Q494215,161621,7fvToIpjDfwtLhAoZdVF5W,
Q1186459,3692,,UCJjmTs2w_Z3eypTZ523Ln0Q
Q1186767,,,
Q111594339,,,
Q1187661,,,
Q5257702,184249,0GVO1kqJHVxOarPgex9K15,
Q1188945,,,
Q3017545,,,
Q711294,,0UmBaQJflaHddKtf1lrA6F,
Q482964,545,762310PdDnwsDxAQxzQkfX,UCM-CWGUijAC-8idv6k6Fygw|UCL2ytWk3Co9Yph7Tp_dZ2lw|UC90vR_MFeheV3V6nmjvXIng
Q668236,,3dg4JniGD2gaZj0IpEUbWZ,
Q1196229,,6pbcoJoywonKNUK9hLJG7B,
Q563517,,0NiVnzdZVyaHThgTofobW2,
Q904214,,,
Q923104,394099,,
Q1936730,,,
Q301142,,1FGH4Bh7g9W6V4fUcKZWp5,
Q333598,,1FcB6xMihhP9Hb6AdGVbWe,
Q1200853,,,
Q235949,94793,4aJpTCLUTPTeXfn3c9r9F0,UC9jSlI2eIvjJqZ82lcmjDRw
Q29636387,,,
Q1198118,161182,3MjNMjqBpaQ0P8ebfbZjYn,UC4NBXLFNA_12JMAYzUmt5zg
Q4949471,,2xY7ztTvCsTQGTFc0Bk1oZ,
Q113510276,,1HPW4jeRjXBFRoUnSvBzoD,UCylvCifeaY7gi1zjhRfpcMg
Q11856039,,,
Q1146899,,7puY8Dgwz0k1KcukFEu2X4,
Q223443,2689,1YZEoYFXx4AxVv13OiOPvZ,
Q1206752,113293,,
Q1133406,2997,79el7mcHYhXYW3Zek21i0L,
Q1206920,,0OMJR0LjjKv21qNvICTgbi,
Q908848,1494,0UKfenbZb15sqhfPC6zbt3,
Q1156998,,,
Q118116,133534,3NUsiT2JSyaWAnWaXxDzhQ,UCnH1LrQs42YLOQnpdoUYvdA
Q1208011,15730,2cbWJP4X5b9sKEDW80uc5r,
Q552377,11873,3z3KnhKZObj216IgfHYGVf,UCwL_QWQ3ILpZlwaEJHsjP9A
Q15429574,,3cAisWS37sGCCtRgWfvrod,UCev-b-xy-p5fHK8x3zJyn1Q
Q541940,,6Luf1q47JKj9GmkUuV4cj5,
Q3026211,,,
Q703936,4744,1tg5jMp8FFjVqjgoxuEbSR,UCRFqh-dnnDT37iYZ5wO9e5A
Q4161091,,,
Q2675743,,,
Q346785,16895,6Ycrt8OjGSSFihsb0446eg,
Q1209703,,5RRGjsMRTbm0kqvZcFplZT,
Q4885471,,,
Q5661029,,,
Q1213111,,,
Q318322,11572,,
Q11889,145568,7hVoi7crxYOHIayk4v9x4Q,
Q3027518,,,
Q153637,,2YfFYZnshSzgfLsKZMM4VL,
Q3027728,,0gqIrDRL7CEPBWMmkuZPdQ,
Q104772838,,57n1OF36WvtOeATY6WQ6iw,UCCd6uZV7GpbeN2uHkCtt9hA
Q1853792,262853,,
Q5276830,5341065|1199677,2FKWNmZWDBZR4dE5KX4plR,UCZRdNleCgW-BGUJf-bbjzQg
Q1225575,,,
Q5276931,666244,5R3Hr2cnCCjt220Jmt2xLf,UCO8lgagfl3hp_Q1x9HPdfqw|UCHKsIBnhOfusZtsjFyKpX8w
Q1225627,,,
Q5277249,,,
Q5807252,4408178|262271,73jBynjsVtofjRpdpRAJGk,UCxmNWF8fQ4miqfGs84dFVrg
Q159933,,2bU0vmo6psR5cePxmRdA6L,
Q58207,123,6e8ISIsI7UQZPyEorefAhK,UCgg-TIB8uG0tlGnJvVe0y6g
Q8559966,,7s3YtWmP1OMVh8dDsNl5XZ,UCuE48N9ctFAUPcaRi6HV4Og
Q229322,6009,32LHRiof0sa4taYew9i3Fa,
Q622944,3378,267VY6GX5LyU5c9M85ECZQ,UCfo74Lcf9bcQJd2MMq-XBzw
Q478750,3038,4CYeVo5iZbtYGBN4Isc3n6,UC-VmGZJqlkrfDklczLqBWlA
Q5256493,1373920,66NweiA3nU84k1S3SZdTSG,
Q1226925,,,
Q234695,3138,2JSjCHK79gdaiPWdKiNUNp,UCvnZ4quyd4nRvX_C-pfxTzQ|UCtClZvSrqxcyPdWn3yiCzuw
Q729101,,1QZ7r36PUiIEvT05v1kKt1,
Q379852,101141722|682,3kNqzLmW33fQIfmZ1OfqMA|2chIKEHttAraQMIqha1XKg,UCYY158T1shyne7i3C9GV-UA
Q500350,94969,6eKzDvHhJgMtcaOrvEXCTv,UCiqxw7R30YfOttjpmvB2udQ
Q1228418,183228,5SRhOM75OnwuXH8BmCxD5a,
Q2321577,,,
Q5281517,59909,1sahk8ZhHF9FB59DMyDi8D,UCMUHJbzpOsOv4VvGt_ntVrg
Q1228447,,,
Q976851,,,
Q138818,,,
Q1145479,7372,6qpmcQfxhmNxNMCJUrpHwe,
Q48008057,,44MG6uiTa2VeYlcy6VKDXe,UC42Lj15-BTCYi2CyU_d1i3g
Q131366,2127,3TOqt5oJwL9BE2NG9MEwDa,UCveWMJeHgcIUPMnFzd7Vxjg
Q357786,,1wASklF2AQfIVhSBWnUHwz,UCLc4ewBFCY_7OQ6GVEtZ0cA
Q42308794,,,
Q366506,2388,0gusqTJKxtU1UTmNRMHZcv,
Q49575,,,
Q935241,55440,0ipkUaXENFuJxWcCFfXXQ8,UCy91-pQBl85n1MFvQwJhNZQ
Q323171,,,
Q5205253,,,
Q16241410,,,
Q1154047,393198,71JO25Kf9qwYMoHihZ6kzL,UCI3gGSXIliUVfkuRkNy4zPw
Q3011279,,,
Q5205305,,,
Q543981,,,UCXHhyGzmCErGSIJ3vJkVWoQ
Q941738,490454,6r20qOqY7qDWI0PPTxVMlC,UC0y8P5OjTKLTpnDt62WJzCA
Q3011294,,,
Q5205330,,,
Q1154114,,2MnM5JbezlOuVYlfx61Qc6,
Q5205343,,6bqEoxxGlwtRXZsoAXJFzA,
Q1154136,2579,1mG23iQeR29Ojhq89D5gbh,
Q16730475,,,
Q458787,,,
Q468162,,,
Q1154159,,,UCa_ajBCkd07ZIx4qP1kcP8g
Q96375829,,1svX5cMlY22N60RxwzeJNO,
Q5205368,,,
Q1154172,,,
Q61415,167582,,
Q25706797,8355648,0mMqD2uqwvCjFvlzo6ayGi,UCFXyVm03fMlzI4B4sQkDtBA
Q20049460,,,
Q321256,263363,1rd51IrbtX9DqoU0Zxu4TV,UCKTmptOuTldks9ixwzYPUFg
Q587694,,,
Q1154202,12003,5ffMSKGQRhetAjBjEgkRun,
Q136799193,,,
Q5205387,,,
Q650008,,,
Q1154211,,,
Q1154222,,,
Q5205411,367754,7dDPt2xIGymSDddx80OfF1,UCNy-6EX7g-suh9LHTWhDOWg
Q1154246,6658,0b2XeWDPeBiLeskT6RFqMb,
Q16724355,,,
Q705037,,,
Q360377,2404,,
Q743478,97514,6TC6ZeVdvCuBSn32h5Msul,
Q59241691,,,
Q217716,1214,5CE2IfdYZEQGIDsfiRm8SI,UCtTuSKgCdeTyxBGPCD3TgxQ
Q1154264,,,
Q140247474,,,
Q97096739,,45TUM3WX8X0zSeDCxTfdlQ,
Q28039416,,,
Q707084,,,
Q98597125,,,
Q147062,,,
Q324346,263574,1cwlYsgHBYvLzT4C24AliQ,UCjG2UMo2_-Ii4Kak5S5VgsA
Q19734,1083,0DR4z5jMA1eqx0CmHBUpkr,UC_cOjIcsVLbZXXcF5fdlXuw
Q44122,,5Z1XZyEFY0dewG8faEIiEx,UCkyV4HhPfNcUyLNWb2F_XWw
Q939829,14687,5rrmaoBXZ7Jcs4Qb77j0YA,
Q80135,,6s1pCNXcbdtQJlsnM1hRIA,
Q223769,267,1HwM5zlC5qNWhJtM00yXzG,UCZe87x5wDk_YUmdmfAGymPQ|UCQcTmBevae2jDeFEZ6VEQPw
Q316505,,,
Q2277734,4262,1jf3CssdtSksxNa3uIpPzS,
Q485961,5989,3mC1KCuZZSOlN8Z0M56VsV,
Q16207033,820954,0vwtyGuO0WA8e6jW5dR00u,
Q465636,,,
Q1233734,,,
Q21061,,,
Q61061591,,,
Q1234527,193,,
Q4262877,,,
Q180453,8741,32vWCbZh0xZ4o9gkz4PsEU,UCuGuRQHrvoNsD-AolV0X39g
Q3034280,,,
Q4037498,7609,05H1pstZ1Lu9ucH1Xg49aZ,
Q167837,,0mFblCBw0GcoY7zY1P8tzE,
Q1960658,,,
Q5290443,,,
Q287486,,00NwpiTtYKYzE6yEhSbFIk,
Q2463731,,,UCGHcUOGMSiXTEKVkH0Rr0Rg
Q456180,78613,,
Q2464558,100810,1l2ekx5skC4gJH8djERwh1,UC8y7Xa0E1Lo6PnVsu2KJbOA
Q1239171,,,
Q310539,725,33ScadVnbm2X8kkUqOkC6Z,UCnGjxxnmYTUxRl85hrjtEBg|UCD6aIT1MqFEwscbhuqr9fqw
Q16337363,,,
Q5293828,,,
Q362764,,3ZUZYvTkSr7kJQyAXVpqaL,
Q1240056,,,
Q908933,3521,2eogQKWWoohI3BSnoG7E2U,UC6dX999wO3gBsS1qzm4I-KA
Q5296675,149515,74IEeKcuS34kF2TjOigXra,
Q507864,4613,0HU0U9kdXEHZVxUNbuQe8S,
Q317427,86139072,6vLlQYujOujIrm7zAKzEdG,UC09ddi2PE0Y7NrqKSOJHSvw|UCc4-RzSuSSa63zbv4avcsFg
Q2299682,382773|1111012,6jRfMO42wg0IQ6RttujxFp,UCwBPuHiXHJWokLRDwKLHWPw
Q1242531,1179439,,
Q5297785,9829696,202HZzqKvPsMHcbwnDZx7u,UCsR4LtDt0kYyLwKT9cYyQbg
Q104372,,3ESG6pj6a0LvUKklENalT6,
Q60740260,,,
Q269645,443093,7xN8vFwslE67EC3DhgB9Ip,
Q1251780,,,
Q5300654,15514,65hqVsyrwdri76muF0t3R4,
Q327886,,,
Q125216072,,,
Q1252624,,,
Q126128,2222,0LVrQUinPUBFvVD5pLqmWY,
Q313366,999,6BkcAbUkfIBM4XudxieMq8,UCGnHduLWDKZr-LK7-U9ortA
Q6078,763,6DPYiyq5kWVQS4RGwxzPC7,UCx4Lxn5CzeG99X01__YsJpw|UCmHhviensDlGQeU8Yo80zdg
Q1253897,10549,25IRTisJjqI6JlkyCVMBsV,
Q511074,91189|265575,320TrJub4arztwXRm7kqVO,UCH4pYV6Tph6xCDuj5fE3pZw
Q22210692,4244987,4RbUYWWjEBb4umwqakOEd3,
Q291970,1118651,,UCK7DAxbsanux-w_pJdXb3Eg
Q212715,4421,2pH3wEn4eYlMMIIQyKPbVR,UCHSRGH5iXwx72qBC7RXTUcw|UCIUA7-MNA9NyrpimQo7Dw8g
Q33240,246791,3TVXtAsR1Inumwj472S9r4,UCByOQJjav0CUDwxCk-jVNRQ
Q162586,828,2aaLAng2L2aWD2FClzwiep,UCBHhdnYxvu94yefpeZABY9g
Q1195268,10504,2mJOGcLR3aCHkM1uAF93or,UC9xvTTa_TJKg83umVsxoA8g|UC1wu3wlRdRzCFLCO5vKp_nQ
Q1258824,,3KcV1kKG7Y0Gq7xPAGVjkZ,
Q1089650,,,
Q607725,6973,1rXr1ZnvbRoYBaedIl9v4v,
Q3039557,,,
Q938630,4611,7w9jdhcgHNdiPeNPUoFSlx,UCcIRZxNH7xcEt1fu4pfqFRg
Q1261136,,4q5mj9YpaYesKvHzN8XYve,
Q5309106,,,
Q5309380,,0b2BvPLwaxjE6lFfwhkpGs,
Q106861,3429,1g1nVvle9qO9AWIUWYvPAP,UCJsvoYhlKQH6wqZJ9eDYYsA|UCiBd8kRlTveJ4xyufbqZZ0w|UCsr3YYPk4A2rG6V88CwWTFA
Q21914464,8706544,6M2wZ9GZgrQXHCFfjv46we,UC-J-KZfRV8c13fOCkhXdLiQ|UCzVb0SIXp9q9PeKCcFjsBtA
Q455818,9047,1I5Cu7bqjkRg85idwYsD91,
Q109296810,,,
Q4037666,,,
Q15044595,,,
Q4030,57504,4F7Q5NV6h5TSwCainz8S5A,
Q58381,596,0lZoBs4Pzo7R89JM9lxwoT,UC3Pb3fztIUVLCisYZgygcjg
Q4037708,,,UCYsLvn5A8481MCtzSwJNdww
Q770687,107096,6UEYawMcp2M4JFoXVOtZEq,
Q219782,2588,5zaXYwewAXedKNCff45U5l,
Q115750132,88333752,0XFgyr4jwM0MGeZZW0VzA5,UCJWUQibZ1DnBb4r4pCCmpGA
Q713099,12152,2sxmKe3CUrWnx7eoXMhOlW,UC4Ue06SGYbJ-_HSy585ki1A
Q549768,,,
Q726649,,,UCsr7nf40WpRQOgzBW7Kc6dQ
Q55006974,6049784,3v6Ji4uoWtKRkhuDUaxi9n,UCNhr8DP9Xa5CXft5axZxOaA
Q5320134,361475,1AEcpjnSCmm53IBZQo3g9z,UCVSAhBE2DPL763GrmeoLb_Q
Q1269638,,,
Q933598,5004,336vr2M3Va0FjyvB55lJEd,
Q162634,5056,3crnzLy8R4lVwaigKEOz7V,UCc-lKM4_OHLDDtvC1KFUIAQ
Q1811495,,,
Q189635,210,0ECwFtbIWEVNwjlrfc6xoL,UC49r4GNHHpc-eQ9hmD2Rg6A|UCPTypnDNlOZVnD7MY30_YBw
Q1276886,5508,02uYdhMhCgdB49hZlYRm9o,
Q931607,,,
Q1277459,,,
Q1277592,613575,0lGw8zeruSqMHSW11Lkcqo,
Q636135,,,
Q28974,248,4QQgXkCYTt3BlENzhyNETg,UCztiH7D-fHwsMyUF8r15vsQ|UCdyqvgHHq9NEEfV20lO61jQ
Q1031338,96530,0nsphA9KDqbJ64duYRoEBi,
Q704041,75172,2QcZxAgcs2I1q7CtCkl6MI,UCnafe6M9Itwt08RFI51L6mw
Q120881151,,,
Q2362276,377428,5NzgIP3Nss2uao20MDXavK,
Q982857,,,
Q1279891,106083,3pI1XXzzKOYdYCLWurc2Ky,UC5C2i4LL_sW-DoPg1kHpoww|UCbosCudXcRcvIrtE7JENHDQ
Q14903387,336332,2gR0iQTVBPHDKiNn1Kq8HI,
Q1279965,,,
Q1274028,,,
Q925641,166763,0fgYKF9Avljex0L9Wt5b8Z,
Q5335090,,,
Q1282674,308184,70e4IgnWAQfPPxKnD9jXDr,
Q446398,,,
Q350472,,,
Q5969,10850,,
Q327703,,,
Q326436,,,
Q1282901,265065,3cMEiDsx9VpGvF71hUGswS,UCveTjZiRseD4jh9cPFHKP1w
Q1282931,9899,2VviFtXYreO6Zn9n8Ibk6C,
Q1282956,5236,0jgAONnsHxrwAlhkMUVS78,
Q5336444,,,
Q977845,8734,5Wg6XnPTp0xXxFCjywwR9I,
Q721943,71846,5QsUbpxSE8lCZ5ga5rnD22,
Q1283083,260084,4yNdrUaF54csrLixVTnqzC,
Q57247,,0enRaCZSvIUa2nVC7I4roi,
Q10270314,,,
Q80399,,,
Q273797,,,
Q570393,1181,6e9wIFWhBPHLE9bXK8gtBI,UCmL1_HWSnKPPDx2PfUxZyOw
Q5819161,,,
Q1073943,,3GmAEo2lOqrVb7BrHvUS5M,
Q704112,,,
Q16939983,,,
Q80621,,5ihY290YPGc3aY2xTyx7Gy,
Q179631,,430byzy0c5bPn5opiu0SRd,
Q555623,419298,7giUHu5pv6YTZgSkxxCcgh,UCTKz-AxzgeFYEx2wx8oN0pg
Q322210,,,
Q708136,2829,1B8AXU6gIIafpyLEpbcv1u,
Q705532,,6GGVr7WgIWhsnJNdGyPklP,
Q3049280,,7AuBGlcUaHok37yr6u963C,UCxqsTKQbUTlAukuor_V79mA
Q60744025,,,
Q240403,59,64rxQRJsLgZwHHyWKB8fiF,UCvRVb30lf7blziu2bHdWv1A
Q1307916,,0iGkBvuI18nxqJR8Ipg1cu,UC2IslAiEUCxVjf8MaV_BFmg
Q5405984,,,
Q11898,4272,7KomCxZv6D5qCVvefwMnwB,UCv2vygC5_E7HEbWoWYwNkIg
Q704541,5579,6ul6vL8Hg5jTulDi0Ac8ao,UCTtmwDCkWEdNtiY5p8zgU2g
Q58257004,,2oQX8QiMXOyuqbcZEFsZfm,UCEU5ZK7DwN9ppqPFJiGah3A
Q5351010,,,
Q351019,,1fqHLAKthJsVYcukjFrroK,
Q913059,9676,6nnspeopmJAG07xOxHmqTu,
Q3049909,,,
Q5822268,,,
Q30905544,,,
Q3050188,,,
Q140457467,,2ubr2Ri0ue6a0XHFWLJyaR,
Q3050287,10909,3HgZDevp7GspkLUAa5cKne,UCTSruUknzSv383nJRPtGY-g
Q5352290,,5L6QAKAkdJIPLsNbItZ2KF,
Q1060797,2095,,
Q465351,,4ph6Bt1mkDlmf32PSvRa8A,
Q665798,5113,0TJB3EE2efClsYIDQ8V2Jk,
Q218255,207|8904994,7jefIIksOi1EazgRTfW2Pk,UCk87V2lvXb6AMZXkLY3_phQ
Q1325974,7278,4htjQW3lgIwL6fEJlTOez4,UCoSGomu96gqH9vPx5fGiVmA
Q5195487,,,
Q1327978,9035,6s2EpdPkdR1f4aPjclE6TA,UC3ARKVwm94GxqRVFc6llCrg
Q10271783,1170236,3YCKuqpv9nCsIhJ2v8SMix,UCSf-NCzjwcnXErUBW_qeFvA
Q112269673,,,
Q3051024,,,
Q465877,15827,0yFvXd36g5sNKYDi0Kkvl8,
Q454320,,1eTZGzLkukATM7FoGltyFs,
Q1768,3280,5V0MlUE1Bft0mbLlND7FJz,UC63nGmKVdVhiZr_bWhJVGGg
Q3051334,302331,2AdaJlzNcOpdrvMSBN92Wp,
Q318835,,,
Q12482403,,3cw1t0k6wSovUC6Nz6QaIn,UCo5PZcOUy_QLbjokrJxTv0w
Q356598,,,
Q1228233,,,
Q2808,413,3PhoLpVuITZKcymswpck5b,UCcd0tBtip8YzdTCUw3OVv_Q|UCn9i4cdLe14CbsOycTbKMoA
Q75788,6253,5X0N2k3qMnI8kSrGJT3kfT,UClV0x3k5Oxm7vREoLEOPeGg
Q206939,2733,2BGRfQgtzikz1pzAD0kaEn|4T3L1vJjIXT4sMnKjTelsE,UCntMV2RV-IrRzQ2v4obEJ5w
Q303,1125,43ZHCT0cAZBISjO8DG9PnE,UChgxarBUCnPJV871-46bJ2g|UCW6G95TBLCh5SdC-DHDSf5w|UCSEmH1YyFWltSBYkfLMtkcg
Q2746631,,0yXW1N9QI9cp5Lw2Wdle8Q,
Q435176,,,
Q316309,3544,3HKoyHD86fikvLBdecyl5j,UCbHpRt9ZXNIAY8C4lwjrshA|UC6lTY1Q9dN5ZONc780F4lIQ
Q2012006,72711,,UCw6OWvA_vTE1xl0mLN9ke9w
Q1335095,,,
Q273171,3612,0nCiidE5GgDrc5kWN3NZgZ,
Q503037,8433,39oSLGo3HkaeYXzUEGgAGQ,
Q12858184,,,
Q5608,13,7dGJo4pcD2V6oG8kP0tJRR,UCfM3zsQsOnfWNUppiycmBuw|UC20vb-R_px4CguHzzBPhoyQ
Q668538,15102,5y8522WHbYqJVt1jSwNSfA,
Q231286,3545,5s6TJEuHTr9GR894wc6VfP,UCmKL0KeYMQ_ZkCBX5xSz22Q
Q264029,5175,6jPWrSmxOd9mj7Xaj4EP2Y,
Q1966962,,,
Q1343499,,,
Q170726,,,
Q47122,2792,7qG3b048QCHVRO5Pv1T5lw,UC-6czyMkxDi8E8akPl0c7_w
Q3054688,,,
Q729973,,4rJk8GmrNf1g07EsuoZSzJ,
Q218178,3435,0krXCIkthz13P8o0v2tksH,UCJSZkYiD1tDoyw2icpflQRQ
Q916688,3266,2HmtB6wVRRi3z0JwZHtkiD,
Q912581,12107,31jvzuB4ikftPQZJwrYfCF,UCOi91U744e2YRmq24kyuLJg
Q5380516,,,
Q526132,,2pnezMcaiTHfGmgmGQjLsB,
Q1345926,,,
Q38257,487,6uothxMWeLWIhsGeF7cyo4,UCNIlkuT0DYEc8aFbv3YcvdQ
Q76244,1343,5HA5aLY3jJV7eimXWkRBBp,UC82lIgiaLTBkzhEebHWoazA
Q5384910,14979,7374lH6kwx9uQATYQ9H3Cp,
Q2085377,183051,6cHQUDAPGKRE2NbVjBlOcz,UCy9x6eWWKK4YIj0UAnQUD_Q
Q484885,2456,0z5DFXmhT4ZNzWElsM7V89,UCYSJBcJ37dq0TJWTjJJu23Q|UChIb6DuC8fo8SScTo65n8iw
Q1351122,2366,6jHG1YQkqgojdEzerwvrVv,
Q367508,,,
Q155141,30|167920,5sm0jQ1mq0dusiLtDJ2b4R|37U9sPqTZMd7AKJCWgcvkt,UCOjTxt7xBAjh1NraToYYlog
Q111628978,,4hR6Bm9YYtktXzjmKhb1Cn,
Q313371,,3UaJz1tq0BBPzJBPgkBarb,
Q130532,,5hSLjSyHlBvDCh2fksSu1U,
Q259405,328791,4o3Nv2BAyoZkyGaRXv4rT3,UC-nMcqnZMx_BO1xaaMa18FA
Q312368,,4dadMoMQOTGa96FlnhEzCi,
Q5393281,,,
Q1356404,,6ERCyNYicU2GRfODcd6fHQ,
Q963142,90482,7gS1Yv0RynyzKX5ICtKIhS,
Q1356737,,,
Q5836951,,,
Q1356808,,6e7TTTsVCI1z3myBQrwSAd,
Q1356912,,,
Q223875,2056,7IfculRW2WXyzNQ8djX8WX,UC36iCaFC7QmEMWjOPUTDJmA
Q287061,,3HJzLaMbS0jMabxS3wttGk,UCUzDPhpNPFEJWHSdriQfZAQ
Q1238828,,,
Q1709944,,,
Q112702265,,0XeEobZplHxzM9QzFQWLiR,UCE7RM8YvsgoJdXvYsWn2wbw
Q1113168,56142,36b4aldhhv4vxGWtykfTRA,
Q238705,116532,5bepW5vcdRzheNc0F8lHJ5,
Q1368192,,,
Q3058461,,,
Q530251,67491,,
Q127643,,,
Q137212360,,,
Q242725,,,
Q784381,463065,2uY6n7zcOlm2yugy9ItRW7,UCeij1QP5LeoGerJR0P1Sb5g
Q292389,,,
Q182725,620,0iOVhN3tnSvgDbcg25JoJb,
Q6668297,,,
Q919632,,,
Q1375090,,,
Q185144,1903,7Js6Lde8thlIHXggv2SCBz,UCcVWnNUkJcqn2-7QUIk_wIQ
Q207706,175,0NKDgy9j66h3DLnN8qu1bB,UCyduOPMIl8N6vlyJxRo2v7g|UCYkW00cPFkp1UzYON7XZB2A
Q3061106,,,
Q3061231,,6AQFORISOneOZkh6r1sGS2,
Q706941,,42WVIJPKijZYsOWhNqnAke,
Q1379688,,,
Q437129,17057,2YLxwK8ceDNaG8RHhtkcQh,
Q313779,1013,13ccXrK7AmXb4TddMkE7jy,UC1sl8idUn1CQmPt54xaZIRA
Q1353806,,1Y1sNScqx8BPZceaO7LjTO,UCdlX8-Ndy_eKGxUG73kx6NQ
Q2525009,,1LCcrzGpwygmH6pxvLXI3i,
Q1192339,,3tetInyzmPXATzLBTzl125,
Q1383367,243657,6VPRGmbZ0dupZrbwwEDRRw|2xBx5aqdXN6U2xAunfT0SE,
Q1383448,,,
Q390963,398333,5FKchcZpQOkqFvXBj1aCvb,UCVvv7hEv2StiEdNarVoWelQ
Q1383552,59919,1jH2JkQvdH6R63yORA8GTd,
Q5419732,,,
Q1383759,16377,5kuYamMO00pHPdRQcAXWTl,UCetUDnX8PE9XJJyYpmdy-Bw
Q517472,57487,2OjtmMho2pBS86zQ1PliRu,
Q3061959,,,
Q728170,16737,76S65NHJHrNy4JTrXHP2BH,UCu-HD6pfH1GqUUe-BWvfhNw
Q5421047,,,
Q578270,1234,1uQWmt1OhuHGRKmZ2ZcL6p,
Q1384772,,5nPz5R1FDPTMI3Dw4JnTGb,
Q1385113,,,
Q896398,16454,24PlSVIGWBTu65G4tEUwGj,UC63CJNpcdNEhcbxjL7Bl7ww
Q1385506,156130,43OKr8veKrM8ptgj3LcpOg,UCgbBJo_9UKujV--UbT3E4hA
Q5422550,,,
Q1382405,,54jZWpivOTllo1afYNSx5U,UCrI0Slej0fiiwYPhR1EmFBw
Q973113,3046,3BRjxpDVT56Y2G5dS3xYZS,UCKVLbqvMt7u8vTHKWttjI4A
Q25106,3164,19HiWVd2g0XyJstBsbW2Qm,UCOZGajfM0ki5o5gten7YwsA
Q1145652,74254,2LIdnZDzySb04oH40be1fR,UCMzMcRsGBw4h6wIR8WYLW_g
Q3247658,,,
Q1393568,8181,3waFze2hMUecCLD0BJ4rvU,
Q236318,266,5NDMothbpdpq2xHqSjrrWn,UCJ-IaDIn7dqUsAjkRhMr8HA
Q464241,1459,25NQNriVT2YbSW80ILRWJa,UCrgWiquB-NYsL3O6D-Lm9_A|UCiYz468hinIFtTokZ54pQ_g
Q320499,2255,6GbCJZrI318Ybm8mY36Of5,UC-YWvtG0eKGhkDfs_7DFxKA
Q17379763,,,
Q2723980,,,
Q698362,107118,2RyAx3MPzx4ESZOJOod2Hj,UCBZKTK1nbavD2z5yfKO5QAw
Q3738658,,,
Q485811,404,4UXqAaa6dQYAk18Lv7PEgX,UC2qWxZHgnlwDvcmLqP23jrA|UC0NqJ6MhRnkRaWAmBgyyjTA|UCe3I9BAVCzf9oACYU1EtrxA
Q3064804,245438,6IflU2YrY5Cyw7YoBICosV,UCBFYkrVI8OfHm9PzbAGFqlA
Q16493034,,,
Q5432821,,,
Q769803,55870,,
Q153358,,,
Q938043,,,
Q1062941,,,
Q10280037,,,
Q5434930,,,
Q539567,,,
Q5435275,,,
Q4262957,,,
Q2080533,,,
Q5436372,614223,329e4yvIujISKGKz1BZZbO,UCqFhfan_P2AmGVB1X2B-3Aw
Q557465,,,
Q1397782,64513,1FwGBBwUviGVIeDIByO7u7,
Q1397912,14780,1iFf7x4gbonfRVAvQ8Wsoh,
Q272619,76,4Y7tXHSEejGu1vQ9bwDdXW,UCCbP5cOWp9s75x_r6xq7LcQ
Q754323,13134,4S6URhg3PMKnCv9clR4ejE,UCp1Ewbj2OJHHdVPOklVt5cg
Q209586,7204,09C0xjtosNAIXP36wTnWxd,
Q711198,,,
Q310476,15277,0DYWCXTkNqGFZIf67SrWEa,
Q5437960,1104902,54uUepiNjBSsmARWIjVcZw,
Q741850,4989,3z7JrEEE9McrDXpYigPncZ,UCPL4sSBmDJACQg1d5QhgmvQ
Q691139,275927,2wPOgnQ6eW3X73uIJZ4YFE,UCxWwz-uZkTNwEM_duLUrWkQ
Q679697,,4yBBNmdvVaoPEnr2lt14q7,
Q10280322,,,
Q464650,131693|152260,3df3XLKuqTQ6iOSmi0K3Wp,UCos8gkwQivJ_hHeoCcs6yXg
Q128010,2985,74Hj7BmnUXyx2udrIEIKwX,UCEtBVHMgm0oLyERk3apcM7Q
Q5441484,,4IYHkkHuBFwfBrqQ4XJiPA,
Q452100,,,UCeiL8VmkBUQ4G2DiLguc7ZQ
Q313868,9440,5CG9X521RDFWCuAhlo6QoR,UCiSx_RyMYooNKnxTl80983w|UCoFUl09hePTptc4UOSISC9Q
Q2429939,,,
Q518662,,4rC8J4M4aOqsQSCP4yoyJI,UChmB58xALkPvSV-OezpYNjA
Q18943660,5068032,4bL2B6hmLlMWnUEZnorEtG,UCokCuzN9DdH7FAu7AlK0qYA
Q46096,,6MF58APd3YV72Ln2eVg710,
Q982872,,,
Q689598,4961,2DoQBgPsB9AdmWpIa2hUSz,
Q709859,,6WLkcqDXHgfe80TNMH1C5z,
Q10281447,,,
Q504583,,,
Q3743009,,17rSwcIT9qu1OybU1lReJB,
Q133856137,,,
Q311157,4352,2ohlvFf9PBsDELdRstPtlP,UCjNKLcXS79kibFItBzaOf8A
Q1411165,,,
Q4982393,,,
Q378948,7121,3m8KqUjgKDwmJ9L9uBHMMs,
Q5447495,,,
Q5448015,,,
Q936001,,4F5TJI2I5vnNL6ozd1NOMZ,
Q3063992,,,
Q750954,1476,01WjpKiWVNurV5hjIadB8C,UC41cogwZgF4sqaecj6_5QYw
Q5449777,,,
Q498448,8007,4ZgkHVHmGPXuRy8zd26ZJX,UCmTSFGilmor08sxHzyjne4g
Q1419043,4043,0F5fXdlx1bKwYFZ70bfuZ9,
Q3072901,,,
Q1420144,1575,5R7K1GezC0jy24v1R2n4x3,UCH_fpKusEQIEojPir1y5t6Q
Q902881,250,2X3pNc13eRGofTO9Yt3sMi,UCDJIMcwP7bH8Ya4vRjd3bcA
Q1678866,,,
Q4038788,73818,0UGSKGxAJfltNONQ4AtETL,
Q95698148,55158992,14CHVeJGrR5xgUGQFV5BVM,UCm7gu9KfQ6oAg0Z1halgEnA
Q15291033,5039338,6nB0iY1cjSY1KyhYyuIIKH,UCXwsBnDQtx1i2qbgcHoQWNA
Q1316590,,,
Q860556,211223,4AR9DghWVyZK6ylUPb8mLI,
Q1427343,,7eQrNqwmiIvFKEMvHRvPLB,
Q2411413,,1RMvO8NDfNmcRqOBUM8pAr,UC5ri5Ux1VZJtfL5NKE2eupA
Q1040688,,1pZEySHHPm2IBX9kFY6o94|3Z65OBzWcrQcrjktOcb4o4|3J6R68dlbW3ezdyIVchm9x|1iNNWK8bYjc5EK0waLk1J1|2P8oSw7PZHcwuXdbp4laGC|4oarqRSLzoJZgjW4B1cJAr|0nF0rS9bnPhs8tQklhIi7x|1T804edt3pCWYsoPJxZ89h|0r02YAnaOyqrgVGFOT37fy,
Q852335,74444,4EVpmkEwrLYEg6jIsiPMIb,UCOz1sUIzEHqm8kylpb0W-Fg|UCna-InS-5L5qv82diztOT7A
Q106648,169,08GQAI4eElDnROBrJRGE0X,UCAb60rVrvVQVfSgrX1UWb0g|UCCzULu3prrEaPvM2ZtkJlYQ
Q505559,,,
Q868265,17220,2lRyvAihjwylPfhGqydQbC,
Q5367991,,,
Q213538,64333,0jnsk9HBra6NMjO2oANoPY,UCBRFlde39a2U4nAkmGqJwAQ
Q917861,1386,5kQGFREO5FzMBMsAO3cEtj,UC8zwfTwx1vTZzM-fEclayuw
Q28213309,11730,,
Q1405092,,,
Q8961801,,,
Q217360,183716,1moxjboGR7GNWYIMWsRjgG,UC5MujsH-hrVWHBBfSSmv18A|UCDYfiBTEPexujA5wDWvxUnA
Q45430,110507,,
Q3644642,2144511,3b8QkneNDz4JHKKKlLgYZg,UCRlwyGpIzfhZ6Rdj8mAVyEQ
Q4116976,,,
Q5461990,399092,2FmzVitXZjIkFolH8HXd4j,UCxN-CmeCqkOFBh5qgRM4ZIg
Q5462201,,,
Q5462258,,0rcNMmBMbi0aBCalbO4lPB,
Q969629,,6DQ6mdEhxCgHPqfX1niZZK,
Q4038837,1164295,6nxWCVXbOlEVRexSbLsTer,UCXAhoI7XO2kafTMjocm0jCg
Q925601,10457,,
Q20926,487286,7muzHifhMdnfN1xncRLOqk,UCweZOSx5IoP4FN9Vv1cK8tw
Q139121,15933,29XOeO6KIWxGthejQqn793,UCUhnruSXUTaK6csQfQ8HcTw
Q109106572,,2GJMSZ7M3D0KyyKRhYgWju,UC9nSslE0YFzYrisAPx13RTg
Q1435087,,,
Q114651,3827,6x33CmZWo2Ve4hxYl2Craq,UCOTg5oHcIr9NXAVJMhil_og
Q943904,243761,53KTldaJ8tHSkYU3nigfwP,
Q65056403,14175163,3SXwqSqAoBz9WCI9PDQzY6,UCVtO4Hc3qiKScQBad51RAIQ
Q483718,566,7jy3rLJdDQY21OgRLCZ9sD,UCi2KNss4Yx73NG0JARSFe0A
Q62098804,,,
Q275059,2310,6IRouO5mvvfcyxtPDKMYFN,UCr79-QZv1_VGlxVWLc28xrQ
Q566173,,,
Q19654855,,,
Q1437316,374286,,
Q1438192,,,
Q733863,1750,1pgtr4nhBQjp9oCUBPyYWh,
Q959655,1744|67877322,7Eu1txygG6nJttLHbZdQOh|1TIbqr0x8HoKzKBNtNN8wf|5ZzXaAuivVXuQaHCaRuxlD|0KaEJ43f2yXojdnZkCsz2y|4HcUiDJk4PN2Ac2b1ZJT3E|7nwdEDnfgNpPhWQCXX3KSx|3IClDoHNFHx3lYOjGlDh2v,UC3sZYInu3YYkyIXBif83ZCg
Q653480,2938,7fIvjotigTGWqjIz6EP1i4,
Q186318,170145,0qqxspZOkbN00bu6DaRIrn,UCMqxtxW33P-bc8b9_WHAk0g
Q208258,4675|333140171,22HVxZPA6UhBp8wahxDA6I,UCtMXv7B9VCLPtFuXJk-ToTQ
Q5409276,,,
Q1377317,,,
Q114285,4790,16FJYC4FqKhZXiXIzMI4ul,UCuM7kZUTcMW99DHkjK2-PqQ
Q311625,,,
Q559529,4326,5Pa0BjjSDSiWuak0O1PbHL,UCnafOlO-zkXtLdBklKQwIIA
Q311674,1617946,,
Q1441466,,,
Q191408,,4IAWVxo2fpTBPn6k7GZ3eY,
Q10284562,,,
Q526424,,,
Q768718,,2PyDh1yp3zTRVveSzNYAvZ|71HuEKDb4MzmiOSYv7lHvl|37hzaup8YzmsklzThxqOfw,
Q5866998,,,
Q5483929,,,
Q10285239,,,
Q3082337,5609,2f1sCYchPgMRLazyu8XG2h,UCP9nCSRhDJh57ywqAjyqKlQ|UCwosGJWgAewRXl_888NPPqg
Q25147,2850,4lianjyuR1tqf6oUX8kjrZ,UCBegBczbSAt6E1eyyKBx_Xw|UCZBBW4j2PiV8ZjxbTRaZKtw|UCwGkoQ9MwSzYfzyjggq5Haw
Q1383390,,,
Q3751549,,,UCORuz1SOaT6wOKRM0V4ZPsA
Q3082582,,,
Q105440,,,
Q1022071,,52iZ2jixzBNKDNhmflpexF,
Q357645,1350335,2h93pZq0e7k5yf4dywlkpM,UCqf-kTp9ERV5T1rPayno7LA
Q1648306,,4vQV1LCGBdYAt5rIIPjSFZ,
Q40912,617,1Mxqyy3pSjf8kZZL4QVxS0,UCJtvg6ZFwzdFdtcHBqetvwg|UC1zsfp3OD8qWQ0HfLbz2TXg
Q8962695,,,
Q127330,2167,6ra4GIOgCZQZMOaUECftGN,UCj5ZiBBqpe0Tg4zfKGHEFuQ
Q205322,,63yl9nDNrHpiAYGlNJxxjc,
Q711406,16240,,
Q150272,,,
Q607838,,0v4CvkMzWBQ1wZIMl2BqQW,
Q173180,919,0XNa1vTidXlvJ2gHSsRi4A,UCrvJwuMaOeKg1Rb062glUJQ|UCnTyZoYYkO7kVDFFUmqllBg|UC02hzkbqEtyTdwRUpNsUnlA
Q77745,74320,5kkjqWpOhAJl4VhaLVoGrj,
Q41309,,1385hLNbrnbCJGokfH2ac2,
Q7312,,2p0UyoPfYfI76PCStuXfOP,
Q20235,,,
Q1450908,,,
Q50186,,4kVLtXuKJTE7SgYd2sQtaL,
Q53939,4676,7x3f7c0fBanNlQwpx1255g,UCsyR7lxM1qrXURI-3QPFt7g|UCrDkUu5IeYEw-6aCh7p-5MQ
Q64009886,76053262,4oLeXFyACqeem2VImYeBFe,UCXF6DMVLIVRr2OQAqyfEGeg
Q1452334,69999,2ndyVAdV9UqF1XjyTJt484,
Q5495583,,,
Q964219,,0elA30wLp3RmiPaGtU2jhQ,
Q983329,,7fihhreD4v29FQsWykhCJm,
Q1246237,392180,0Y4inQK6OespitzD6ijMwb,UCKAtbNtZNyqBWH1FG1Kvmnw|UC6oRgEB8SLJE_twPNjwVQJg
Q346762,5151,0fTHKjepK5HWOrb2rkS5Em,
Q5496741,9393,2yaixhgm3yXxjhJAH8SZy3,
Q436209,,,
Q1452648,62347,0SNdq9iJyup4XY6JbNHbt6,
Q466120,,18mGtkaRoIjbOaGT1rykKP,
Q312698,,65YhYi4Fz5Ibgq7ueev2Rm,
Q13107451,,,UCk9tPdVupE6I4ktV5ksTa6Q
Q45650,7525,2e53aHBQdCMKWqHDuyJsjC,UCs1lMnTZ5QWnvlSGSaeod2g
Q1429224,,,
Q2384799,3499,0zg9mF9dX2knvdTKnL22T1,UCDCR5AhcLmxew_U_w8jFx3w
Q213900,,,
Q5505351,,,
Q527787,3788,2tyMOS8xKREgpEwHnLc6EX,
Q1470010,,5QYAExYvxixCVwX70SRf7F,UCR_i_uoOq_j1Kmys_BUW1Qg
Q1395969,11464,6OxjXk1y4QXXRUJyldFIIG,
Q1268,,7y97mc3bZRFXzT2szRM4L4,UCyTnUReB5s38R-ZKlb2wyVg
Q253990,6403,0ike8zNDzesj4aOoyZMKho,
Q137769,2874,1TKaUU8ooBgSW9TlyKsw6k,
Q118466501,13916083,0ys2OFYzWYB5hRDLCsBqxt,UCFLI6KAjrKRtydD7KqiYvAw
Q277865,,62sC6lUEWRjbFqXpMmOk4G,
Q475963,,0hD97064k3LBUrRvfT42SE,
Q3090771,,,
Q523957,2720,450o9jw6AtiQlQkHCdH6Ru,UCzd3bq1LHQIJZHk6IgxNXjg
Q3445057,165930,1RyvyyTE3xzB2ZywiAwp0i|7FAnawAJI7lHt4s1Ohde8w,UCSDvKdIQOwTfcyOimSi9oYA
Q5872203,,,
Q594644,,,
Q17811716,9089666,5QdEbQJ3ylBnc3gsIASAT5,UCV0pIPt5HFfulonNog3cz1A
Q665090,450526|6807979|12592720|9059316,7aRC4L63dBn3CiLDuWaLSI,UCsLWG2t7n9LFsvH0wR2rtpw
Q1488078,,2Ju4D1DqBETuLI2hAsoqHu,UCnZHV50M804Pq3wGLmSHZfA
Q118119939,,6Sbl0NT50roqWvy746MfVf,UCwXOir2rOedINl5PcB4dYqw
Q104919,,2gClsBep1tt1rv1CN210SO,
Q4123831,,,UCWVqQd0rDx4wV_nS-Ou9ciA
Q2320232,211039,0pjLiK5qb4Zr0PWRNkdd2o,UCF6PxGE_53ZIGNWGA-npfYg
Q236361,12038,1b8kpp4DUwt1hWaxTiWQhD,
Q176240,,6guTJsgPymDUVfqDJyz5UG,
Q286110,6333,,
Q1346345,,3b6TinIPahsS8iSCYAeinr,
Q154129,,6LZE884lDIsCSLHuTplfGp,UC34yDJRgqZZFJ25BjEvvCQQ
Q3095041,16402,5nd7jnne7zbsV2J5jBKNOY,UCHUkzhjIaVAFm9iw63AF3Qw
Q15132019,,,
Q18275264,,,
Q1130624,4717,3AmWjMXXtBJOmNGpUFSOAl,UCW6JMhgMKkv48zkXHuIIRLA
Q844524,3807,5cMgGlA1xGyeAB2ctYlRdZ,UCOOVL0Wq0-uTuRl39gHg2CA
Q731422,,,
Q555552,97123,0hprEC0nsWuQPSHag1O2Vi,UCsvSix9-QrU0kNn5Ot2LYkw
Q10288367,,,
Q216288,8815,4BclNkZtAUq1YrYNzye3N7,
Q1153310,265084,01aC2ikO4Xgb2LUpf9JfKp,UCqOvoj8ToHKN5YzyBGZCgUQ
Q331731,,5KQMtyPE8DCQNUzoNqlEsE,UCUxV8b_z4xI8Qbo1tsOTABg
Q3550458,97881,0RHiqaoRCsFLPeEuj3OQz4,UCLqggu30T1bCHn4VVdbxyhw
Q5526109,,,
Q3753186,,,
Q696898,1694798,,
Q361329,8804,1Tzu45aHnn0Xz4msfhHRW1,
Q601984,8252,,
Q342723,16401,5ixB75BQR3ADoWQkcHQJTs,
Q711442,1885,52uMkSFt2RVO6XxTEt5VeW,
Q82311,10906,5VAHm7V5mnsxvQrWw3KHmx,
Q321748,153680,2bHgAaZ7qbGbMMXwAQm48I,
Q1501681,,,
Q151012,82809422|3037,3CkvROUTQ6nRi9yQOcsB50,UChv9FR8xwUxEkdBUVu4VUOw|UCVHLRJcnRMVBIpdinBLuQwA|UCqlnY5lvEp6F52AZSql04qQ
Q1502454,,35xabxHHFbeGMmPk4AnKMQ,
Q3100841,279489,2cy1zPcrFcXAJTP0APWewL,UC-vahV5aaD8x73mIDDdJMQQ
Q49388,,,
Q45275,,,
Q75854,,2fg5h5pzleqI4RjFopWroj,
Q2165220,2309,2MGJBRRGEj9m6MxJIq7fLn,
Q348459,4029|73491,4N8BwYTEC6XqykGvXXlmfv|42kNEUc1iesdBMeqb89oi1,UChrbSeE9HULE3VBPAMr2dtw
Q774863,,1ycAL0HM7ZTCRtM96fFh7C,
Q5538379,,,
Q536322,13695,3EB0uKE2lGw6BB1UFJrONl,
Q5539359,,,
Q7302,,1QL7yTHrdahRMpvNtn6rI2,
Q123829,7368,1YuknfkSYTTbolRpwZBOv4,
Q508202,62346,2OpqcUtj10HHvGG6h9VYC5,
Q3101850,,,
Q710733,,,
Q535308,,,
Q366584,5235,5vngPClqofybhPERIqQMYd,UCOmZHz5W3F17HraXlJveEJA|UCKforUeV8yBSrpDbuAvSknQ
Q432302,5693,3jdODvx7rIdq0UGU7BOVR3,UCyaPfzu5hmvB41zVp7aaXFw
Q449,671,5UWyW1PcEM8coxeqg3RIHr,UC3_2Y8OTKzRN89VCwfXEL0Q
Q588315,,5rWKAmlxinr3muqedXVIHa,
Q713025,,4CDMSd6tmH66svpunz3aWP,
Q18645820,,,
Q15463707,,4J13m9IZh03PEhoxAxRhXO,UCfxLuDIVfwArsz5waYMMLDQ
Q733400,1886,3UmBeGyNwr4iDWi1vTxWi8,UCvivaIvCmAIwT9R8IavGevA
Q156535,57557,6l40OFJhuTbHQ9V12evc9K,
Q2915432,,,
Q176412,,,
Q2740796,,,
Q1519986,2828,,
Q19571788,7850512,3FPflECmvkrze212dLPRSC,
Q5556594,174349,7zJL978NtANOysfGY21ty6,UCZYVfumQrMOSAL_ERPxlkZg
Q19840134,9741138,37Vukf7o6CBPG68BRDpStb,UCjdB_IGs8rlZJ8cJMRnex-g
Q45898094,7150049,3uL4UpqShC4p2x1dJutoRW,UCsyBVa0eTR-lL0sRnKpIe8w
Q323463,2528,6FD0unjzGQhX3b6eMccMJe,
Q3595190,12613,62mCohf6aiF3nryWghwCxM,
Q456751,,,
Q312686,,,
Q7311,,0OzxPXyowUEQ532c9AmHUR,
Q10289428,,7tt5q9c2cUFczKNK5pEbZb,
Q1522573,,,UCHzORNIq2mWuR8HQ5TVybXQ
Q311748,140,1OAjDaKgg00KCUYqDe68un,UC7Sqfp5sOFUI4436LBoB_JQ|UCsyM7tKqxIR-sGPnr8yn-Ng
Q585972,69659,4eSMsVzRJHhN1aq0IvZcyn,UCuhpwalXVDFD0UByu_886tA
Q348477,13601,7g9DeYASD3RzlT4kDchsQZ,
Q378858,1621,0kEfub5RzlZOB2zGomqVSU,
Q327163,,,
Q221479,,7oEkUINVIj1Nr3Wnj8tzqr,UCStXqgyucmicmfhpvnJK6cw
Q361555,2314,27vNK840zYq6IfDijHPsv1,
Q447621,,6Q6qTNC2rAegcR5QjzcRgE,
Q214964,,,
Q1522692,54199,4UKAN8YgrM7EZkAW4NbH9F,
Q442207,6980,2H5elA2mJKrHmqkN9GSfkz,UCc9BfnitYn08sCHc6hv0dkg
Q10504997,,,
Q470554,16261,2taCySpDIEEa2mvo2k7xkH,
Q9726,,0roWUeP7Ac4yK4VN6L2gF4,
Q512168,15735,6YJnewrSxxoK4QIRgHp9oz,
Q312674,2173,6jU2Tt13MmXYk0ZBv1KmfO,UCKyprH9nHK8gUNMJK2ulnRQ
Q331263,,,
Q343627,10694,0eLU3EgFDZOFgd2Dwalfwo,UCGhuEp28dWW0emPnc0ag1fw
Q1383970,81110,1gyBRbQACz4JJX2HRROigK,UCuHZOTk8MkEzamxYfd3LMNQ|UCDx9oRpgeFDuD09tt1jnjcw
Q34624,,,
Q179277,12944,0BS8IrFmvK1tXenMULjwem,
Q40586,,3jc496ljiyrS3ECrD7QiqL,UCMSvtHZgu0-n6ISejwL8rAw
Q3107617,,,
Q62140662,14226477,3uwAm6vQy7kWPS2bciKWx9,UCwlHDQ83jgF1crd6XXzSmIA
Q2608674,58072372|5780,6awzBEyEEwWHOjLox1DkLr,UC8Gk3U3dqXoMiwPN7sefbXg
Q20153,1310497,0Sadg1vgvaPqGTOjxu0N6c,UCPENYtHg4Xhmm6oX8zaQA7Q
Q1142870,9921,2TRtXTjjmyzK5oUGec1Gv8,
Q209212,,3t1716FlIhsjG7C26XkR2F,
Q207532,,,
Q7317,,1JOQXgYdQV2yfrhewqx96o,
Q348652,,,
Q100978614,106967812,4cJKDGSv4Dz9QycXYmo565,UCxv912oIfPiKdPZ5_rPziSg|UCgVCTlNEvc7at5cAkTsKWCA
Q1529784,11113,7nt6S4klYHg4I7Q4lTSmc0,UC1612vnhy-ZdFmODtpYhuyw
Q162667,190314,59hLmB5DrdihCYtNeFeW1U,
Q433661,102465,0eiyrB0ET8AbrR5s6rrLJr,
Q103651,1831,2aAHdB5HweT3mFcRzm0swc,
Q3108903,,,
Q1531745,,,
Q184697,5002,5IFCkqu9J6xdWeYMk5I889,UCfLOtv9PwkKWff1syoz2LwQ
Q228918,303,6V6WCgi7waF55bJmylC4H5,UCgVq3HlmkLoh9CFt9i7Syug
Q270546,160469,08BQmH2M3Ew9XjMHaHsl1l,
Q5881397,,,
Q1547848,202924,1jLsr1sNO2WshuzmSibSIt|5ti315NRVgXaTXNcYeEiqw,
Q22908676,,2EVBvhMdX3Qg1JwyZo3itZ,
Q1355916,,6eqbN8Xsnoe5nYJODTiY6V,
Q1317474,2840,,
Q3109658,,,
Q1533787,16614,5A4ebXQf38xWIq0xSWLhsS,
Q181341,517851,4svpOyfmQKuWpHLjgy4cdK,UCDhKhucVT-9sNQExgHPcabg
Q558464,,,
Q46644,,2SVw939fwuqSobLjF8u78b,UCMIR3hEDm2gMtN8DfgvS-yQ
Q11201367,,,
Q728049,6875,1iTlOqIrZy8DlvCPJY2sjS,
Q652294,,182Tr1WYFcvwbVhCegi1KW,
Q1064319,2128,7sVQKNtdP2NylxMgbNOJMM,UCMFaZJEX9NTNbY19uYStVCg|UC4n5KgQloCiY_mYCQ6gRtfA
Q606250,108,5BKsn7SCN2XmbF7apdCpRS|7EJ5d32N9ffXINfkkHYJkA,UCm7p5rf-ZDPAGIbvjDJdMQg|UCsl-0-9ybysnOXQsMvm_7Lw|UC3chkJ2ZTh-DdM9kP9MDnmw
Q507845,5523,2SYqJ3uDLLXZNyZdLKBy4M,
Q1139517,,,
Q287142,,3F2Y683ovlWT53WKCeq0oj,
Q255233,,07L6XZ7QaTsZLP8jwLoFgY,UCvxyPA7-zvSeT09nHsupI-A
Q954348,,,
Q152761,11030,1Dt7cfRzxM8qPVa82jX9y5,
Q1538284,,0Q4ioaeWOOlKFVPNdFvp9q,
Q3111407,,,
Q5587383,,,
Q746955,1645,44ejFPE33H5aOInxNV2BFP,UCie_hsKZv4AhQL-vrwhbisg
Q126953,,5zoKOcTDI9EMOhGNaxL708,
Q1377134,16070,6c8INA1EQQe9TkukfEdiCA,
Q438124,66235,1KA3WXYMPLxomNuoE22LYd,
Q5016968,,,
Q3115369,,,
Q5593993,,,
Q13026138,,,
Q1542920,4168560,2zrfhl1NJWRE8SbDu4ekfI,
Q765409,8582,5hQCwevTf03u1rECrRMeop,
Q601427,,6dAtGAnHCQ1ujMUZ9Ep82k,
Q212533,1785,4TMHGUX5WI7OOm53PqSDAT,UCPuuuhmMW7jh6roOrIV9yRw|UC9dWluHyEwvIj5NNs7KkJ0A
Q377387,,,
Q942165,,,
Q1362139,15760,4XJZ7zUJzQuayqyAVJowKX,
Q1172137,,,
Q783669,2884991,,UCyBTKXBFJOiq6CDP5fj4HNA
Q47871,52,7oPftvlwr6VrsViSDV7fJY,UCqC_GY2ZiENFz2pwL0cSfAw
Q466370,264913,3WNuXg2cfUF1m2ol7bh5ff,
Q1127431,,1XIIxzmo6BNRR4QkImSdsX,UCzELfGVzUV1ibzevT0aabwg
Q1544666,,3ABaec4jjl95VqmG1iD4k2,
Q12018456,,,
Q5604524,,33bzrYoIWLx5uox3y0VtHn,
Q440898,,6QHu71f8LLeT8n0GzfbYFc,
Q1545680,,28D0LIS1y01QS8fbh9dXVk,UCxHhHc6rJDen337Z9iDD_vw
Q557003,,,
Q117970,807493,053q0ukIDRgzwTr4vNSwab,UCRXaOr2-9CJTMqQH5A5GYZQ
Q3373557,,,
Q117522,2048,67tgMwUfnmqzYsNAtnP6YJ,UCNu_Tr7t0qHqXnC6n6ch2cg|UCWt6pVRI7yUZyxTwFVBjsdA
Q165138,139,1yWjNh9SRE7C59A3LDIwVW,
Q463678,4123,05YVYeV4HxYp5rrWalvuE1,
Q5886009,,0l8RtvcBMjeOqfgRSVo2d6,
Q1320656,,,
Q5612232,,,
Q3118236,,,
Q1550910,16893,7yQrcdkLdBAkV7yY9fF2Hw,
Q1398215,14332,,
Q164201,,,
Q1552700,,,UClHF-ds8UZ6pAZG_iV-Z0eg
Q1552705,,1KMuPtuTktoPaGn44iTNB5,
Q206032,7972,13y7CgLHjMVRMDqxdx0Xdo,UCSugZEYrWbzqIWGD195V-YA
Q2382303,,,
Q200580,1617880,26CZyrNgtF9nzfUE8C8LFd,
Q207717,1024687,0kLNgrvMXHTm4yWGrfMuLc,
Q9001292,,,
Q919666,,,
Q607448,,,
Q1554171,10992,4iZpg2fbTmpRcjk4qv5nK1,UCbVRKKMQgrfGY6tn1hYJV8Q
Q921937,,,
Q11895,663,3qm84nBOXUEQ2vnTfUTTFC,UCJN4c_lZorb_0eyIP_tSS3A|UCIak6JLVOjqhStxrL1Lcytw|UCSLbbBoUqpin6BE34whSOvA
Q28146294,7856702,3PALZKWkpwjRvBsRmhlVSS,UCzBpenKPI-tTwMgNN-PT7bA|UCQr3Q0ixJWZB3s3K-Y1fgRw
Q1554854,,,
Q704154,,,
Q3694931,,,UCAUc4uIb7ggcjfwZPupDwrA
Q51858412,12477240,6sHCvZe1PHrOAuYlwTLNH4,UCwgJxVEneDomVhX8eGZtLGA|UCpxmpwUgsNNT96iyiIuOa3w
Q5620648,,,
Q1555337,,,
Q200867,14725,5B7uXBeLc2TkR5Jk23qKIZ,
Q7304,,2ANtgfhQkKpsW6EYSDqldz,
Q380821,1541592,7MiDcPa6UiV3In7lIM71IN,UCXooz9whNJZBRTHi9AqdjPw
Q3393871,,,
Q1386899,10518,0Ekfvspc0hlcxdfJJVjcnq,
Q1557521,,,
Q467087,,,
Q154331,7991,1zb5zmIuX2lTbzcn7YeQlg,
Q548149,,0l7szYDH6HXQghKQYpJpNO,
Q123031036,,,
Q1293555,1344327,,
Q483135,,,
Q108529670,990337,1YYJxpOXYk1z1WtqdeLMkn,UC2Cj1k83DcrE8gh63bbiHcw
Q1567295,,,
Q156783,124,,
Q1522079,12814,,
Q1567719,13888,6JLFzI9nSELx9j1Muv5RcM,UCD3WuJnBVPoZS-IU-cD3lAA
Q1568235,3654|1229074,,
Q158304,4017,7wHPtfK57nbFkg3k16BV5O,UCl1bE8czB89qwhDTxPJYxpA
Q20684153,,,
Q54738460,4846100,0rsN9DKQhTCvkgbByOOBIm,
Q1569294,307743,2apcleOej0q9UT5POhHa1L,UCHycA-V1iwoksZvgUQ3wJoA
Q1814728,,,
Q6014924,,,
Q3296942,,1xCRJ0XrcQKEkjk50ILWbt,UCUUp9UkbUhrkkqcpzLNH8iw
Q733182,69613|3529|63339442|266703,77tT1kLj6mCWtFNqiOmP9H,UCSRoN5Sxu5M-jc0JXt3E-xg
Q3126025,,,
Q107345948,,,
Q81120980,,,
Q258541,,7u1V0Ucu5ggW1VaXwh8KeT,UCYfr8YekXOPcpJyUvtD6HZA
Q5645273,111545,5Bn4jYRlfMfbxVwfPDGeL8,
Q2073149,,,
Q274593,5796,2o18h28enlHxj887tATc58,UC3Yk2TmVkqi_Kmgct5yZaHA
Q112181418,52675902,054D7n62qxjhkfcBZhdRSI,UCawKMKQQ5qSl8oZOfCfkXbA
Q713575,,0tmLlnSIrAb8NZajutucCC,
Q82199,,08mjMUUjyTchMHCW7evc3R,UCib_a-8-D-wmr_r3Yj2pk_g
Q534842,,5cbutZUQE7SUCA6MsEMbBv,
Q706422,,42tDjhK9kdS7CCHxs8ysz0,
Q206181,8493,,UCItZ684XgwPYsb3Gt7FdKxw
Q18921645,7135525,3sXErEOw7EmO6Sj7EgjHdU,
Q65491,134206,,
Q1428813,77982,5CW2x4YosugZJZZCWA0kBI,UCTMa8osT6Bg84_NGK-iAEWA
Q76364,1935,0YC192cP3KPCRWx8zr8MfZ,UCJeBQabyLa_FvMxb6G67lkw
Q45230,16885,7m2tpD8DRZqubnY4BydLGe,UC8xTjYLMqjM7PWN9CB-mIEQ|UCDz8JCODPE9Bl80mp8WQkxg
Q1137427,,5cE4zmLUDdmvlYp8TP1YRn,UCbA4jpOgTR78TJ5vc-bRnxA
Q1141495,1310,339DNkQkuhHKEcHw6oK8f0,UCFA_VbU7a_Wxcav8o55l7YA
Q23954870,6518643,58KBq6qkQnfWYRqCjffQQq,
Q819299,,6z9JhbmcTrVKITp9ah4mJk,UCR2-7LhIzsqiTsG9hTs4Vcw
Q923731,306898,6BrvowZBreEkXzJQMpL174,UCPT5Q93YbgJ_7du1gV7UHQQ
Q5657172,,,
Q212512,,7CozfB3IEACZpAelpwkUon,
Q232752,80597,4cgCxnsmy9kDcl3oA2BYRY,UCqdb8sDCLN7YJ7_3qVWC-IQ
Q85846077,,,
Q1585609,211084,,UCx9nVaoWZC2T0U5_C_2K88Q
Q38902387,,,UCwIKyl0V5Cb5WRTazrhg-2A
Q728029,,3uOCouLFR4bVx0XeiQJSbl,UCgF8V3PySZeYALoPo9RMzfQ
Q1585918,11211,438JBZR1AR0l04AzcYW9gy,
Q1586034,9876,2bW1mPOielsoT3HuQtyydG,
Q214959,5885,6Tw1ktF4xMmzaLLbe98I2z,
Q349902,,,
Q3127854,,,
Q201494,,,
Q1586825,,2dFox4ulhiHV0BEROiauWM,
Q1561874,,,
Q264989,1365601,2QEql0795irlepNvWlZUb9,UCXj0jSJlESVIMOCvq-4q-uQ
Q181434,,5TIK7wdMeoU5BGFP1mi8vC,
Q3511609,,,
Q705221,4457161,370nbSkMB9kDWyTypwWYak,UCQR1koU9Qx2iMXFN5dYKBOQ|UCNWPRMK0ciGFGLAuwyR_dgg
Q3128141,,,
Q268359,6021,17Mb968quDHpjCkIyq30QV,UCZx8VJlQWPv4HGs0fRWpSJQ|UCSjic8oxtVgFJHBpySOy2dQ
Q972623,211241,,
Q1424035,,,
Q91573,332319|4576779,1nO0SRSfsukVmUASnuravA|6fTuDQJqqMDrrEXSFmgyJt,UCVS_2RL4UwLeVlmG8ZvW3fQ
Q65053184,,,
Q285966,9920,2jK54ZlZhTF1TxygsVeR05,
Q1324566,949,126FigDBtqwS2YsOYMTPQe,UC38ZR0PO3JPk0AHE6_pVd5w
Q3056796,,5b1CDxqOGnXr5M1DUn2XQh,
Q231985,9397,7Jotu5LupekFt00kZZZ7C6,
Q273868,123302,5HP4SpcujgIKC6tHBwfy42,
Q223148,194172,6C0KWmCdqrLU2LzzWBPbOy,UCivgedmwoy8PH8bpaWeXT_Q
Q60736888,12676237,6UCQYrcJ6wab6gnQ89OJFh,UC6rlSDvtzpYWgKrYnpjoH5Q
Q944058,,,
Q5694936,,0nMGtVCtOB828z1CYKDzGZ,
Q1151,,11T8SOX82xraocZzUXzkvM,
Q5698073,,,
Q50179341,,,
Q6541,70032,1W35UHuYsAHko9w0wllyaX,UCfV323V0XKOBve5NILrBOyA
Q153643,532210,4Fw8f0YbjBs9suGEwInPJe,
Q236549,215668,7MzHPIXAqIOCnvK0sVY72W,UCn3yU2bHX_8HMCfXOBTkXCg
Q3090295,,,
Q5706948,,3ZLcB7cnYCFhkDdZsGYf9o,
Q1348695,950,6GH0NzpthMGxu1mcfAkOde,
Q158895,2582,4pQN0GB0fNEEOfQCaWotsY,UCJ_GGoAmF-LTtmV_2P5q8Dw
Q1412298,2872,0qB0cTENhSUc0feov5qbg0,UCN-sR1pCGDf509XO-8WzmsQ
Q549442,,,
Q1457636,,,
Q2355139,,,
Q364983,,,
Q18275695,4876653,3p7PcrEHaaKLJnPUGOtRlT,
Q1474555,,6P3Zlv61YNe6DHVZhFj8oL,
Q3182445,,,
Q185928,2682,2EExdpjU4SK3xnJHO5paJf,UCg6dAC9QWUzz1VqPokBJhBw
Q9695,10954,3tMLo1k3iUo82coMLWXzxq,
Q506198,,,
Q354158,,,
Q294568,175244,5PIshNx38qyLggwpqRhRRI,
Q344822,,,UCaRUtreXORJYDeoQkxSio-g
Q963107,,0Artcj84fSLUN93JectewP,
Q105875,1406,2ZvrvbQNrHKwjT7qfGFFUW,
Q13635889,,,
Q1609632,,,
Q14395442,4382747,3aeY1LxKK63GRg7tmI8UVa,UCXFKZDNkTCADOfGRO9FuRIQ
Q1581736,,0pT4Z78fyJMkR78bFmhxIU,
Q719447,,,
Q503717,14324,5jWFYMXC1s1pj0u22ps4Sh,UCH8eV9IahOIUmHYVhupuK6A
Q693597,8205,48YxSlb23RAaCd4RyHcV9V,
Q3089478,,1MD1SEYZh3dbCa2M7YVjPg,
Q247386,,,
Q4217170,259014,4mpJaw5y17CIN08qqe8EfB,
Q112659660,6843769,,
Q450797,,,
Q5750432,,,
Q147811,13769203,1m5pMY5blqJwdxJ7vqQtuN,UCQf61LgTyrQiYSYKvh3wOPw
Q11103061,,,
Q846016,,,
Q538289,1562,0bxHci3JIhhKA53n8rH3tT,UCmAmx8pXVxYFj8OYTFLmyCA
Q278406,,1eiIIImNeUj3vpaocWqoOf,
Q1546885,1250,,UCKPvxNcM4urR7ZKq4LpAvbA
Q744723,995488,,
Q13027879,,,
Q380126,,,
Q234598,211217|1483,3cOksS0L23DEPJd3JwMuVs|7lbSsjYACZHn1MSDXPxNF2,UChcgcbX3zMBwd0wTJyy2JlA
Q122020,525,2S9W9aSAd7e5mp8WqWxN2h,UCSRmCrFvCPomTqjzwoF9MGw|UCMzwvBbnor2C7oetD14r6YA
Q70991,1264933|1637437,2xt1t3lfZ5FGaEKrs0jp0d,
Q104490038,,,UCJ_jwWjf8u5mdtac71Be8QA
Q22121828,5880172,3SgHzT552wy2W8pNLaLk24,UC4q12NoPNySbVqwpw4iO5Vg
Q1287224,,,
Q1039647,,19UvGbujplb8Ra8xV5yeds,UChzhi7QTlfIyVRXy-nabtMA
Q11413264,13480371,1DGpHnPOpMYY780hcQHmPB,
Q1424928,,,
Q3130257,,,
Q1431398,,5cilSDFcAQcLwh0dNqMhrE,
Q624790,477,5SHQUMAmEK5KmuSb0aDvsn,UCGE7WjDQBpG6bFA153iRVVw
Q16203447,,2c9yn5DJQd5es7YMY92ikZ,
Q22907541,1623788,7txCfGfh46OwoUBDPj4HKL,
Q1627365,3748981,10mjw8SFRZjS0d8tecdEW8,
Q39224,648802,382aq8Pij5V2nE2JMHMoxl,UCRkUaOkFBbAJwq3vBn99wBg
Q1627373,,,
Q952337,1805,5EP020iZcwBqHRnJftibXX,UCJY1CBpK3aAb_O5hoZyNr4g
Q12020101,,,
Q5899965,,,
Q365560,,5ZATfKurLqflrBhv2FLht5,UC834B7DbQ6WZzigm4UCwuKg
Q1235832,,,
Q163597,5515,,
Q1629031,98306,,
Q3140890,,46uJrEeqP88sYlHFqaGPid,UClMIDyn0PiChnqH12ueE5QA
Q348907,,129o0b0q8hAgjrd7jDrbhP,
Q936480,,,
Q877512,4032,37uLId6Z5ZXCx19vuruvv5,UCHFDIPcCMJ7IhNalPJGjKlA
Q16733999,,,
Q5911095,449131,4sEykiNSzZbkFkNXTb1bVd,
Q3141228,,,
Q382748,,,
Q207773,556,0OcclcP5o8VKH2TRqSY2A7,UC_S6DQOsVY3JX_dXvdo-WRQ|UCSf1PSlc7litOYTTDpErI1Q
Q44780,8987,0Wxy5Qka8BN9crcFkiAxSR,
Q45203,,72dgVaIpOQXNb0kPaSij9W,UChUWyRzcq99CfrCxrkmpjOQ
Q5928796,407233,6olWbKW2VLhFCHfOi0iEDb,UCmYqb1kf9XBVBSsqsk-pOfA
Q5929728,,6QU6LPYJcoBRZhC2qpPfpv,
Q246594,,1b3F5FI7TX4IWTNA4P1kWp,UCfAkbN43RQG_Pe1xOevukfA
Q215747,,,
Q1058729,,,
Q113950871,,,
Q735407,,,
Q1201007,,,
Q304391,,,
Q851798,16026,2MYN7OKnlCiZ0wrwp2A1ox,
Q555195,94024,,
Q862223,9526,16bN8mhtDFdegWbg0z3s10,
Q10771464,,,
Q2246954,,24Wn81dwdDeTCuB1BWGoVJ,
Q953083,210223,3iCJOi5YKh247eutgCyLFe,
Q1356456,,,
Q3155106,,,
Q67154301,4146,27IuDZNaLuEtupD8QZftiZ,
Q152880,,399s62PfwKlLnrLvBjWFYB,
Q3147363,,,
Q309941,3489|170012,0eGh2jSWPBX5GuqIHoZJZG,
Q728109,5797,3KEixcRfBS5K3E91Vn1Kdy,UC_-B-_fqZ02JdIyXJ04CBaQ
Q115769267,,,
Q3138085,,,
Q1656463,,4trD4SoBB4R39txNX3Y96T,
Q508100,,,
Q5971066,,,
Q7314,,7ie36YytMoKtPiL7tUvmoE,
Q2486120,1025520,2p2uE4i92Dn4DkThfoKIB9,UC_3P0PpZrIhXLtV8kwsaC9Q
Q4273010,4525202,5O7fzBpuk6ECxw6qY36Hky,UClRzstZ3hc_K6oIjyaaLxIg
Q269813,107,3KNZ9AOjBajjmr6ZR2VGfl,UCPfDWRnKmMxbsrINdunzxnA
Q177732,439641,0dE9ooTNz8iEKIKItRI66t,UCbtTjg8XzmTeeVjIeg8ksBQ
Q486879,,,
Q5941036,,,
Q41265,,,
Q27662462,4740968,45eNHdiiabvmbp4erw26rg,UCv0tIDoaBZCTXQvVO4zosng
Q1566042,,,
Q6372726,,,
Q83688261,73101792,5rGrDvrLOV2VV8SCFVGWlj,UCBu_VutYjA-gq4rdr9QQMEQ
Q6005201,,,
Q208417,7702,2mVTkiwfm4ic6DnHpmFq8K,UCpiq45tFDoXVMiNvZI-511Q
Q347368,,,
Q96381993,,,UCGAewAu26qdx3IwJn8S_uww
Q458326,283320,0pMxK39MgBBFpei12rm7cP,
Q326034,4201,4MAvEYtgY8yNljGP697n4F,UC8MZqp64GuL4Vmct3kpbrQA
Q258546,120,57ylwQTnFnIhJh4nu4rxCs,UC9qjDzIQoyW3USlw__qdmnQ|UCcX2ZgyB4ImYO3uP_ul2MNA
Q6010844,,,
Q839408,3652,,
Q1116390,,66AXpP038gUcoKVQoO98Fz,
Q2748333,,4hHgFMOGFuy7u4Zz9y6Ue4,UCgGs_p-LMv0YH3mgbC7aCQA
Q615207,71766492,5moJNCJeiNwuQAhDLJXULs,
Q258750,5252,7Gf3LSwa5hh8Cjo60WhVjC,
Q75763471,11975,6YwUsDilKZv99CGYmMYh0G,UCPt63Y4hCm2kvWc6uBg5uxw|UCTAVe2SvMUp0XFqrVi0GRWA
Q267822,,,UC8TixrMXzYgCjSWyYEtA-uQ
Q6028735,,,
Q1662265,225806,7yTltkMBvChBkA86Tz8WfW,UCkKbL0ipmaJ11CQfarSzJ3Q
Q548994,1956,6S2tas4z6DyIklBajDqJxI,UCrbvoMC0zUvPL8vjswhLOSw|UCOqPalU27ztRNMrL2PD-YAA
Q1662335,,,
Q49405377,,,
Q111703543,,,
Q613838,5344,,
Q929731,3804,4xtWjIlVuZwTCeqVAsgEXy,UC1kxQJwhVuZyheS1XKpzAHQ
Q1146675,3022,3uIgLG971oRM5fe6v8lvQS,UCjInzLVCghqY-1lqfDcpOaQ|UCyoD1qZLRkSe_JNm9Qq7BQw
Q500492,210651,66GWpx9iLxrvvfhDsG9STP,UCCf5LSdtDPTsaxCD2Blpz9w
Q111060278,,,
Q944143,,,
Q1666276,,,
Q331790,1652,3WaJSfKnzc65VDgmj2zU8B,
Q1068887,,4cCVNFShP38zaKGuo8QSMN,UCPu0kuRIsTR2ctqlYjC7M8Q
Q2033206,16644,108moq3rq6bm1M4Ypz0J02,UCvQcMlXzM9JdAgzkBo1B0Ew|UCANvYQ39J_y0MrXCdnaXpcw
Q580563,,,
Q20191939,,,
Q6061091,,,
Q489801,1231,1eClJfHLoDI4rZe5HxzBFv,UCAldEKRD6LXGd8FAXI6Oo3w
Q6065762,,,
Q1672362,,,
Q6068302,,0q9lPhJHW5R9J7RXIJRbTk,
Q6070186,,3NPZs8XgXtaWslUcnIw6rY,
Q271139,61656,01Z8Z9K54zewyP04ZfGLSv,
Q361881,1653,4M5nCE77Qaxayuhp3fVn4V,UCzEOgPvZv8BZjVkfmwjtpAQ
Q743353,4187,3cdvlbCYf4WoBdy89RWkNS,
Q42482,931,6mdiAmATAx73kdxrNrnlao,UCaisXKBdNOYqGr2qOXCLchQ
Q2469809,,5Qfqa9FeOchAWt6kfuvZbY,
Q128746,,32zXZpxwb2bq7oGzAhe1Ii,
Q3154632,,,
Q206439,2197,3IKV7o6WPphDB7cCWXaG3E,
Q2423005,,,UCk7RPzwaEB5IUlE2BspOpww
Q6077732,,2aRPBh4HSVPmevvlsCySOt,
Q5921010,,,
Q546592,,6wvkwvDNBOQ9FXRQGfBxIv,
Q740430,2984,2vsXeWGC8rILp3rpSN2Fyk,
Q55640062,,,
Q102616,,,
Q958875,,2Y06xyHPovQ8DWLyVIpSJK,UC4mYMwvXkhU4J2_rjMRyZ6Q
Q983920,97099,2NssDL7cTwvfQm01xvepBQ,
Q5321456,,,
Q6088401,,3zRstk92RGCVDyslSySNsm,UCYFvlwgT7H_1K2qAPLXef7g
Q1380845,,,
Q235940,8647,7dzq55YG3wjViqexDwiycQ|0OjUAN864MkPTYiwzav8mw,UC4FK6Ki675LB-rkbD8O7ayg
Q323048,,,
Q137590626,,,
Q292135,9019,6p2442ymrT9lZEuCZJdYcH,UCabtU2G5Iqx3PsiSLtPHxZQ|UCRS-fiqhH-VQ4VMTvg2F6wA
Q343394,254617,0gPgE6wLLiPnrakh9WcsdQ,UCz1sDPtUPQ7BytUJ4fttcKg
Q966845,4860761|5026911,1vyhD5VmyZ7KMfW5gqLgo5,UCt-k6JwNWHMXDBGm9IYHdsg
Q17386094,,,
Q352218,4064,0IVcLMMbm05VIjnzPkGCyp|16L1SS4OancaZUTu3qWqHb,
Q28976178,,2a0uxJgbvvIRI4GX8pYfcr,
Q6107195,,5UheZe6eVkr7ktwDnHSBOo,
Q327311,,,
Q4216454,,,
Q7205605,401023,5dUIQXIt7WeBKpETFZyTFW,
Q1677067,,,
Q297097,896,3GBPw9NK25X1Wt2OUvOwY3,UCGtoY2YzP_nP54-aRK8s7VA|UCRa17gWCZmdxEymLdXQhj9A
Q1677192,,,
Q3157402,,,
Q329698,,,
Q16781,78658,1Hu58yHg2CXNfDhlPd7Tdd,UCSdxcm9HfRCubJBhW92QoFQ
Q923012,,,
Q125532044,,,UC7-Ir8YCXavSxA5T9qnABVQ
Q510939,1024689,,
Q316402,,,
Q1666,1560,4RN2vlFWepLa46qQIU2PHs,UCyWoPyPI3wfcq56qU5bKkBQ|UCzmPKJcdeMKGiy-93Jn4pZA
Q713477,7308,3ayds6VIVBx3CU5NSNCDbq,UCRT105eivUL6WuQBgvUHpTA|UCZS6o7oPsb2_zistCqD8BYw
Q1042234,,2JR4c1UoM1JGxm4wIJ27v1,
Q107067,,2ijWbN5KykTYiBoVmhzCTU,
Q4479007,390920,00DkRCKgM6Ku90WtOfoYlw,UCiQb8kZolBKVCk0tYhwQGqQ|UCjDyB6DGxjtGfVEJqMkjerQ
Q382570,112321,0JyDgMUQZ2FR1VN8XGzoFJ,UCSrNukqt7fVi_UcU4oGdNnA
Q19694577,,,
Q3504775,,4PirWL5JYf8HerMVvmwuD0,
Q6128039,,,
Q6129841,,,
Q350362,812409,53KwLdlmrlCelAZMaLVZqU,UCIZ4NEJamsWybup2TJUdoPA|UCx90L12QXzc18AGYFRof-EA
Q644768,,,
Q5950,1622,7GaxyUddsPok8BuhxN6OUW,UCOCZxe0gNRA7c3PGWPGoiGg
Q45359,,7unCEP4ksEWrU3u6Z0CdaM,UCYG9ZDfrOxRCn2IPGgxlAgA
Q4845705,,5g1lWbZIQ0LCWbKmRJDSSn,
Q709092,,,
Q4483079,441448,2gjrgz4DNYGrvQOpqLr2nv,
Q57213,,,
Q550541,,,
Q310300,2961,0vn7UBvSQECKJm2817Yf1P,UCrbbXRLgMFYYCHPpregTcyQ|UCBfrXu99z5Pr2NzruCDxMng
Q1057805,126765,,
Q13581065,15419,4admDxmnri5Zco0xYrJ0ji,UCrj3oAIA8BijBvjlT93JSIA
Q263726,808980,7A0awCXkE1FtSU8B0qwOJQ,UCbcUt4SAP587pHR4v9O60aA
Q202041,7,6J7biCazzYhU3gM9j1wfid,UCd8wWXk6fSa8b8WaZbpWgvg
Q1682401,93870,0pqGj6vO9YHsXuZmaJaP2Y,
Q319183,,,UCoS4YZgD5Kg1ljrqJR0TrhA
Q115920342,170234767,2rLGlNI6htigNxx172qxLu,UC64skRSYBH_Uu8LiF2XnJQQ|UC_tTc7KR0qI_otjcGgWN1eA
Q622947,2559,02NfyD6AlLA12crYzw5YcR,UCS7Z__UPeaTzF6uB49zY6Cw|UCXmNuY0Q1f4dFZ6W3aMDF_A
Q131324,262,4qwGe91Bz9K2T8jXTZ815W,UCz8ZHx5wFQpXWywaL2uqevw
Q6153427,,,
Q496245,,,
Q1354827,,,
Q617822,3096,1lMaDSraU3oiNUsVWJLHdF,UCEVMShicRNbQM0L8JlUBpHg
Q5244658,242076,6mvFRE3xP0zlD7UslNKjfI,
Q195439,7830,3FfvYsEGaIb52QPXhg4DcH,UCw0F_Xuz0VqemtMAtEfHTdA
Q314245,,,
Q3162896,,,
Q6162757,392900,3Q8wgwyVVv0z4UEh1HB0KY,
Q2426558,,,
Q28053503,5590005,5ttgIeUVka6FLyi00Uu5h8,UCoFl689sYMJfI1pZxWqlQgg
Q198939,,,
Q238819,69175,2elBjNSdBE2Y3f0j1mjrql,UC8CU5nVhCQIdAGrFFp4loOQ
Q62766,1309,3nFkdlSjzX9mRTtwJOzDYB,UC_Bf08Y-3m6CMAvTms3EkKg|UCN-sc1xJr-QQNj_uNIM9wTA
Q920964,,,
Q708757,4065,0nTErwSOllrcUWt3knOG2T,UCNOT3SvVyh8FE7rA8bmWk_g
Q3170263,,,
Q1276420,,,
Q26702221,,,
Q54885,,,UCMOl9PeCtHC3Q58jushMozw
Q2661396,265057,7cWhIVoEYJd0oWnxULFt8s,
Q45682,,7jzR5qj8vFnSu5JHaXgFEr,
Q1192,,19v0Cnq5D4SKom8SVlXhkw,
Q104326,2047,5MhLmv7GgyjbxGqiIGasvT,UCYF-QxHI0RAuQqNzZpvvPBw
Q3168137,,,
Q1145,,4JSWO1Pf2zV991fq64uAce,
Q3169283,54143,6ztZs0FOUv1FqwSxsj11R3,UC9wE7ncLXUTq94yMTyAjEjA
Q1540106,3223,0PI3pXpUMScjweiw3IbADc,
Q342447,2659|1338623,4yBK75WVCQXej1p04GWqxH,UCOtQCJMkhhR5p71J4fkyRQg
Q506851,,2eIDAcLKnWc4D350YyzvgS,
Q488260,1723,2qFr8w5sWUITRlzZ9kZotF,UCebgb37-z3_i6Xk_h4ch9YQ
Q712910,,,
Q12701605,,,
Q79191,103421,5nBItoqtPDVkiyNhzjbUO1,UCI2Ws0qHmDhElbWAegETz7g
Q6176881,613934,19k8AgwwTSxeaxkOuCQEJs,UCkaExJt4a766LcQrHe3Syyg
Q317128,,,
Q18529010,,,
Q313270,,,
Q1080874,,7HUaFFb7vHJVzGAqwEBLJo,UCMm_PeR-PoFZrji7pApz6zA
Q10306713,,,
Q372820,,,
Q235077,5980,7t8q7ikEtcPNtoaKAm9Vu6,UCNXM8X--p3k_DlcIHZvPbpg
Q6183761,,,
Q979411,64401,763opp15PhfHpEaiVjM6m7,
Q202729,2705,2zyz0VJqrDXeFDIyrfVXSo,UCSeE_8rEpiWpeXYfYsut-EQ
Q1360931,7969,7wOZy3KdFVVINgNFFxkxwO,UCJ6fVRlKcor41vBdhJ9IMXw
Q527564,,,
Q243103,244568,43HpW8B5gYRnYbSzm37n5v,
Q3177699,,,
Q4387765,12253,0roeI3yPusDWwWRzAqTopw,UCV5OWO1EnSIRbkft5sLVPxA
Q3826503,,,
Q192353,2888,6w6z8m4WXX7Tub4Rb6Lu7R,UCyZe0Uc78q7aEA7bFKtZ-oA|UC920MdLghXzI3oXHhlp7N1w
Q1264108,,,
Q3805230,,,
Q15929781,3841221,5ZS223C6JyBfXasXxrRqOk,UCcHl3bzvpMh74okqhV5UPOw
Q232592,1113,6AVLthptCPhfrxlHadOBJD,UCBSrBbJVzhTr2HExOKABUBQ|UCPDHSRzqkqsuXFJvggoa7DA|UCYAoAgoEY3HPmybt1JxsT9Q
Q10306910,,,
Q6193271,,,
Q1689135,,,
Q362435,69541,2Ev0e8GUIX4u7d9etNLTXg,
Q366358,,,
Q726071,6076,28AyklUmMECPwdfo8NEsV0,UCvBu6xOZA5OszNt9K9V8c0g|UC0eBaEhPFgFoxMp7vMolCEA
Q6199827,,2XZXvrqedRMiKv6UWjAT4B,
Q109063,2425,3rJ3m1tM6vUgiWLjfV8sRf,UC0XgKIPiuGMQNS9TXlN8b1g
Q642988,346,3Ayl7mCk0nScecqOzvNp6s,UCFeCvEjX56ReS-O3QHdyjbA
Q528103,,,
Q355915,,,
Q726100,,1A0QR12gcj2L5hYh1WWDeh,
Q435600,,41ZMMuFFLPTVPkUsSI5KlV,
Q1689431,,,
Q6201257,,3ErxxoUDesXPMoyK842Z9M,
Q318948,,5GXruybcLmXPjR9rKKFyS6,
Q4442402,,,
Q1689472,,,
Q1346384,,,
Q383197,,3KlfbBoTPmF2TwJxFzveRI,UCyH9Q1eW11Qi_0RtEVKq1rg
Q6203251,,,
Q716022,1572610,7Dx7RhX0mFuXhCOUgB01uM,UCd91HSXKhsIv8PIjNrDByHQ
Q22905998,,,
Q1385721,644946,4IZLJdhHCqAvT4pjn8TLH5,UCAsptD_XMmQdzRxlkWkEd_A
Q3179415,,,
Q62724,8464,130taNt2uNYJmou3IGnRHV,UCNynruvfjAKi11mRxc9Ji-A
Q131725,972,1EevBGfUh3RSQSGpluxgBm,
Q312753,,1t7t8q4zoYHp22JLIx3FM7,UC9twmdozj_iXRhX_FRZMwzw
Q1690790,,,
Q233061,6349,4gn6f5jaOO75s0oF7ozqGG,
Q1690855,,,
Q1348291,,,
Q1661305,2386,1eNkUXHPaXyuyC8NAgzykK,
Q6208009,,,
Q71915,,7ME0heqob2B32S9ofWhOyU,
Q347717,4781,2SNzxY1OsSCHBLVi77mpPQ,UCcCa2gD7AEA-6SVN8nZw_IA
Q935746,,,
Q2324713,,,
Q764514,,,
Q506006,4683,3BG0nwVh3Gc7cuT4XdsLtt,UCesI76Zv2OMBh6SyN6iydfw
Q974670,,,
Q194287,496,2yzxX2DI9LFK8VFTyW2zZ8,UCiynI3-MFYbiZ6FQqWNLh7w
Q1691598,14855,4BIamAD25vwYldaOWTEsXd,
Q1691619,,,
Q16212084,604876,2Z4QqhmV5Xw5vX2ZI70HOR,
Q3201552,4105259,2P5sC9cVZDToPxyomzF1UH,UCGlFGuSXx33Ql9aGFf7ZdkQ
Q106641,,0ebni9QrrWMvEgH40nOWZQ,
Q60724,,,
Q1339,,5aIqB5nVVvmFsvSdExz408,UCFtSXTlIMFFkyJbHO3V5b7A
Q184178,,4WMHJgeJCssiGW3ssUT7eb,
Q83309,,5goS0v24Fc1ydjCKQRwtjM,
Q7294,7128,5wTAi7QkpP6kp8a54lmTOq,
Q143059,1617947,5bk4CYx5KyU34CeJmoJEaO,
Q84114,,35OhI7DSls022v9Bz9r0VZ,
Q180727,,1Z3fF5lZdCM0ZHugkGoH8s,
Q95008,6427,0hxQtmgWiPtEsDPeIuKxXq,UCL8qXl5HI0v_XxGN8CFQxLw|UCt7Or_D0y8LuvS1kzaZIwZw
Q1699575,,,
Q7346,2449,2hGh5VOeeqimQFxqXvfCUf,UCH4T2kv7rr9qnuP0DOXLxMA|UCGiKlUaxFFNXkEYIW6mfbBQ
Q450620,,0aHSAeZ39EVErXuOjm2XDR,
Q1699751,,,
Q118208096,,,
Q105460,6464,7EK1bQADBoqbYXnT4Cqv9w,UCB2ADTh5dbYcI46S-_ju7ww
Q44570,1159,1yNOfXGQNGjAynk77wv85x,UCdLnBWRkJUD4JTL6cCZmQSg
Q472578,,3JulrApLVT81sb2HkfwMks,
Q886072,819,2ScuQMRWThcifBRIvNDFDC,
Q345431,5734,3lPQ2Fk5JOwGWAF3ORFCqH,UCzYJCeitN60eTc9UZvvRDoA
Q1366223,,6H2JQ8igAAa5UBr2u496mb,
Q278207,,,
Q295935,,6jNyNAMv2gNLnfaP0bzo7y,
Q520296,80477,0nJUwPwC9Ti4vvuJ0q3MfT,UCSMDqt4WdrxNwlN-erGj5-w
Q3809570,,,
Q505614,,0qlhpgr87PEG89Jd5iRpxe,
Q317350,,45ff9QmiC1LkmDPk5TBN21,
Q682089,,,
Q131285,805,3dRfiJ2650SZu6GbydcHNb,UCfv8TEQ44ej9uPGF-SNsDBA
Q298726,,3gkJ7lXtLpE4KauFHpk2vK,
Q1629681,,,
Q1702271,,,
Q968938,,,
Q711339,,,
Q42775,405,6kACVPfCOnqzgfEF5ryl0x,UCiGs21G3KeE2tpbbMPzn9Qg|UCLwdOhL6TKbmjRtZ8wIr-Bg|UCp_8NqIsZVAaGiVi3im7A8Q
Q561596,,7idPv1alc0mcEhEsKlMV2O,UC8wuIBEZTQSsn2ChD3aWfmw|UCwrjMLoeB02CChNi4BqDjUw
Q6266499,,,
Q325273,80736,641QgCXSYTbRm9kigj0ABL,
Q49661565,,,
Q1702316,,,
Q212015,1060,2HALYSe657tNJ1iKVXP2xA,UC9wvnHwKWvE_unCTf1eLKHw|UCfIV8B6z_elX_1sneYfrekQ|UCmr7Hua3EW312rS5HSvoQFA
Q1702347,,,
Q3182925,2363,2u8hDu5KBMpvneOV8Th3LE,
Q1687517,,,
Q1364197,,,
Q1702424,360318,7fvEDuYk5vkKKZGpv6Knus,
Q332635,4191,2ODUxmFxJSyvGiimNhMHbO,
Q31193390,,2Fu5huGG8iXC85P9akyYrr,
Q51101,459230,1r9DuPTHiQ7hnRRZ99B8nL,UCZxdOVXIBEnJUQkhZgeOTTg
Q3183166,,,
Q1453940,1131364|416021,5FWi1mowu6uiU2ZHwr1rby|42EZt9LfgsaF0WHlDC3FoM,UCVWLOM5QBtzP2hD-h232XwA
Q16945221,5858261,65lCLhmmyUwnPBD2Bq7FQx,UCGtXvA5y4H1hiyRkxtEsMTA|UCaTUhse1MZqY49wkaNVfIUA
Q1417601,126842,2NOhotupwYbKRNJF7LMDPG,UCWUcI5D3VJ_2mbd7joB1Ldg
Q611179,16426,292sg99iIOc93zcd30r4Oz,UC-y1QKnQS3r659fDMClZB1A
Q499742,,2sc5IHyZ3Bqsol0JdbFd9G,
Q449002,,5dFKSoQgfhXeKUJUGgXolT,
Q205721,3283,5hW4L92KnC6dX9t7tYM4Ve,UC2Zhrk-JT2-T5xPeqFtZeXw|UC1wN41s_8Fmew81Pk2LQOxw
Q2587969,258520,1QZGv6Rumxnw9nIGmowvlM,UCK1c3fvC0n-BIYN1oaT-xrQ
Q6275943,,,
Q490192,,,UCEDXalKckJ-JqVCjusmHm3g
Q10308035,3881631,1elUiq4X7pxej6FRlrEzjM,UCL64gn1KZ1C-u87BGQv3b6w
Q119015,4917,5JYtpnUKxAzXfHEYpOeeit,
Q734580,,,
Q6278435,,,
Q518103,15446,3Br8ViqqEk8savmROcxWtp,UCazX2gP0HelkJWBEvOaYk3g
Q9012837,,,
Q3184006,,,
Q16844889,,,
Q7349,,656RXuyw7CE0dtjdPgjJV6,
Q1980296,,0YMFQZ6CO0v8lm9rc2sFJ3,
Q1066908,,,
Q44927,,,
Q57512,,,
Q3079985,,,
Q218083,2307,6cXMpsP9x0SH4kFfMyVezF,UCIzJyWKY_d3540fhUa2eJUA
Q361927,,3uaHfXYx9Fh4HjqMbrWn5S,
Q143100,15026|1603294,31f23hmZawdqgp0sECAzE8,
Q559269,,,
Q1352007,,2T06whb4s6UiufL1j5Qtz9,
Q470732,,,
Q23001417,,6H86gCQqtt9URO8GmYdhdX|4MI4Z2a1k6HlCACRG2DJk0|6Hq3zJkYOhGC4KX2W0CKB3,
Q1395857,,,
Q16199202,,,
Q315107,1169,6xrCU6zdcSTsG2hLrojpmI,UCVKb7VKgr2i5X5cFZCF2gig|UCOxQXnxLdxQjvu9FHk1jsdQ|UCUBq_9jeiAXNoSgNjEwGPAQ
Q2608238,,,UCSPwNgHHyAtHanVaGN2LLWA
Q2707438,133741,5RwfJb8wxN1fuodcPORVxP,UCTo3VmHW_VwkNu3KV1hPu5A
Q612185,,,
Q387710,4156837,1EHAbA1GMYOfkh9ds9eNfS,
Q983914,,,
Q605250,,,
Q464749,3381,0rvjqX7ttXeg3mTy8Xscbt,UCCcn1f6IDJyXVNYoiYIGZFw
Q10310921,,,
Q172763,1249,432R46LaYsJZV2Gmc4jUV5,UCMnHk6_QgQT1KQkbUlxhTYw
Q14159313,405358,0aIpJqqTLf683ojWREc5lg,
Q5398138,1233943,24neLwyYRyj4ItaGnFeIT0,UCLddKRSsA2eNfwnNVz6Onrg
Q9015071,,7zIRO89G0FBAQtGMHO1Wa0,
Q192359,,77ZUbcdoU5KCPHNUl8bgQy,
Q107605286,,,UCIW4y9tEpVmx_iezUVA9blQ
Q10311963,,4rOoJbjbSc9bNHPyHGdfbc,
Q50415953,10785056,6yJ6QQ3Y5l0s0tn7b0arrO,UCnAbB39RDMkmkMLigykYvQw
Q6298712,,,
Q366714,,,
Q540135,,,
Q512104,,,
Q738404,71813,2MRBDr0crHWE5JwPceFncq,UCWANPVmVKsJUg2ed9hK2r9w
Q722627,,,
Q158753,4527779,22119GKONcwaofkpE1taDZ|3nlpTZci9O5W8RsNoNH559,UC5j34OS3TkHQyk4aPFiV5Sg
Q3087850,176977,1ackd5XprZEkH3McKbQD51,UCVpJ6eGdknSR4mlExF1bytA|UCMBA3mNLpA9RVkWamYHmmJQ
Q6300893,,,
Q3534561,,,
Q5103570,344045,5CE7PcyVcEKMSuQA4IHF7d,
Q581966,,,
Q43189,70,0UWZUmn7sybxMCqrw9tGa7,UCbGmbLGPhxIlp1JF4tybiAg|UC5sQe-dDsoobC6TRokL7SMQ
Q457655,,,
Q83468,533,2tRsMl4eGxwoNabM08Dm4I,UC48vpdaG8NDvEGLj11XPPZQ
Q52151598,14456487,4MCBfE4596Uoi2O4DtmEMz,UC0BletW9phE4xHFM44q4qKA
Q272496,3031,4Pt1HZtuJwrQB8l0ES5iTX,
Q1889636,,,
Q4499486,1366136,0bsV0sUjnCuCTYOnNHQl3E,
Q6306853,,,
Q18155786,,,
Q122003,8750,4etuCZVdP8yiNPn4xf0ie5,UCRZPKE-1WmcljvmOGFOGgYA|UC4UyuUdOuKEntzhEpmf0AFw
Q1395127,,,
Q356151,,,
Q681634,,,
Q17635809,,,
Q2305847,,,
Q42023,10184,2iclO3rlyF0YVNE46ctYRj,UCk5iNmiN-hiXS9TwLIXWxaw
Q109569656,,7Gi6gjaWy3DxyilpF1a8Is,UCRRmSKkhOKEO6vIBaxG-ejA
Q1713550,,,
Q6313495,,6X4LvL2xVwf3B6WuQ0YAhm,
Q6313822,,,
Q6313983,,6ooFYQBSq3sFEipwHfw5gr,UClrt1uflipH-2E2Yo6dY3Tw|UCxf-oA-dq2o3MersNxatoeg
Q1410018,2247,1Pe3z1UqRzKsQtHsl25dm6,
Q4280436,,,
Q956870,,,
Q794815,,,
Q428347,75802,3IpQziA6YwD53PQ5xbwgLF,UCoc4n3C7NqtqLxnAXbbIOYA
Q3429218,,1TCSet7pGZCDkcXCOzH359,
Q1718073,,,
Q88756847,,,
Q77297835,,1bNjWBFWsAAzZSR59lRdpR,UCxoVP9cGJHBZaLMexO0fCkw
Q2567233,271022,3UsQ4XdEqcQ1PoUI1wV0Lb,
Q62945,,0frSMmZSEdr8pVRi8PBSwF,UCaElplnLiaKx_JjPDfVhRjg
Q241432,,35ooFrlJDRGXeuI2fL70d3,
Q3192280,5927,4jpq9I7YbQDqNJA6KaZVFR,UCSGM5Dhnx5K9a_BNPA3c3Ig
Q16221677,5196129,6HQYnRM4OzToCYPpVBInuU,UCyWhax3C9dATbDI170G4sxQ
Q1394971,,,
Q546235,,,
Q2615105,894662,36EOFeq5ZtWgYULc9SbEbL,
Q21620939,827425,3oSJ7TBVCWMDMiYjXNiCKE,UC2QTDn02Xobvy_N2bb_Zzlw
Q118220059,,,
Q444224,3539,50nN8IFD4xA67fI4jYbLV4,UCX0eAghP7jrWHWfYBAhrnVw
Q204328,1385,2hl0xAkS2AIRAu23TVMBG1,UC2wAI2YT-k29MpB3JZ8NEfQ
Q882464,,,
Q15935,230,5K4W6rqBFWDnAN6FQUkS6x,UCs6eXM7s8Vl5WcECcRHc2qQ
Q500613,440,1LsXqDdYVyONhrjAORENbu,UCtRTAsDTvqjCnmB-2Xw6TZw
Q1153170,,1MlUvQA3GhFji1I4FJWJgr,
Q357036,,,
Q6371986,,,
Q154556,487942,5PkKmEWhfJ9jHVHXbZl0Ks,
Q1457648,10379,1tMtHqVsdmW0Yj9f4YnnHq,
Q1933273,,,
Q127038400,,,
Q3193690,,135Rv69sEKYSUfBBaI7i3M,
Q1318954,16242,3y21aFfQQ1Y9dALQLIJ4vj,UCFRsJSL9aFLh0fniWEoq9sQ
Q265793,,38C7mOgwJcs34XWndTcKke,
Q6375048,,,
Q1846819,,,
Q636,1049,1aSxMhuvixZ8h9dK9jIDwL,UC31hY7kg7CUOBpdyn9d_gYA
Q6375866,,,
Q42336699,,,
Q272581,13310,6dkXCmyrSrQteo0gwOGzFl,UCmAZ4iJGpJYYyrM6YRQlZQQ
Q10314010,102544,3gdaj3L0OqxdaVoxnI7ZGu,
Q1736902,,,
Q982784,13358,0UF7XLthtbSF2Eur7559oV,UCuHvsUG1esCAQw9aTHbH42w|UCxUUCtu0L6t6NHLKnbYyURw
Q109584832,,,UC2HMnUWiitQph86vY2VZO5Q
Q1284551,,1rc9yw3jWWiTGBpUaUpuCa,
Q1365130,,,
Q83717,,5sarhkyrBmQFnOJe2HrMBH,
Q1420629,,,
Q740711,,,
Q1720016,,,
Q1130581,976|86548,3mQBpAOMWYqAZyxtyeo4Lo,UCHM4DtlvPVh9VdpmCo___Lw
Q40422,13534,1sPpJhevOYz54gNgeh2LaV,
Q484311,106,53A0W3U0s8diEn9RhXQhVz,UC_5iLk7KvfsHW4CIWFyzasg|UCu1raXDJ4jkIiyy_NOUF2QQ
Q1347072,69959,6iDaoPZVgxrTkndDCisX8F,UCl9AgUauofjFUHMlOKd_K6Q
Q3194737,,,
Q1706272,,,
Q348449,,303w8gsPlOtI2Dl1Z1cxSt,
Q946728,6326,2r09Inibex3C4ZNTUVSG3m,
Q346036,,,
Q17306137,4648381,1U0sIzpRtDkvu1hXXzxh60,UCI2aWCbAUZDzZZ5a5GDtRew
Q127378817,,,
Q768410,,,
Q114050700,,3gBZUcNeVumkeeJ19CY2sX,UCtjO8cix9XxwOcAv6nww-TQ
Q1738588,,,
Q179262,,,
Q446945,,2RQ8NtUmg5y6tfbvCwX8jI,UCCur7RVrsHtfd576KhgJbNQ
Q130798,525046,2YZyLoL8N0Wb9xBt1NhZWg,UC3lBXcrKFnFAFkfVk5WuKcQ|UCoYfzC2zMlc9M-Odgaf6OSg
Q1290316,,,
Q467526,347,3grHWM9bx2E9vwJCdlRv9O,UCB1W3WXbDmsEG_hQLxYALgg
Q346779,,,
Q295777,523,6I3M904Y9IwgDjrQ9pANiB,UCLP1LFCaIifzrpyUX2o0xiA
Q711059,5121,0Vz0vgVrclNJlHBLrgjklY,
Q435965,3855,3Y3xIwWyq5wnNHPp5gPjOW,
Q6391192,,,
Q217160,2735,4tw2Lmn9tTPUv7Gy7mVPI4,
Q708721,5287|280557,1riHqX633Kup3mJAw8WR8p,
Q6393036,,,
Q966088,,4zwrg6JzxdSWtvoF16tToh,
Q549373,,,
Q637380,,,
Q6395755,,,
Q3195701,13168,,
Q85875015,,,UCCx90zE99aHD2NCKXoCmmag
Q923090,,,
Q28678297,5237400,1mXAhKnZEdF6rotyyd4GBi,UCRxAbWkaLIVlyOy3N9QHm6w
Q312609,75354,28ztjHIXceRRntmTUfnmUX,UCCcdzVT1LwAdD7pozFar8TA
Q2427251,,,
Q2740154,8419,,UCX-HHy-nqY4hJ5KnmO5qpnw
Q23498586,,,
Q1740665,1222221,1jWLZOjuzRSkIxmrqAx4Vt,
Q299138,158706,0fA0VVWsXO9YnASrzqfmYu,UCoNPsL8j28yfKRu6e7YUhPA
Q1347250,1689,2s0438sn0pYL2OuukcFqPN,UCfpnvf5LaseGKEnMvINsr9w
Q441399,55687,7fvNIXXszS6FTHROnZVsK4,
Q158175,1534,7dOBabd5O4CvKrg4iriHTM,UCjwhEPNX5rsU6gl_8qZMQZg
Q6404409,,7kDf1ziRxPFtWbbZB1XmrM,
Q1652399,,,
Q1336827,1134602,5RV4lNtnUR6H98T11xyg3V,
Q250421,3916,0Zy4ncr8h1jd7Nzr9946fD,UCBOmtvyWj0cr7TdLsaKhSsQ|UCO4m-LA6oW766Vyrigjd5KQ
Q462709,2124,37394IP6uhnjIpsawpMu4l,UC54RgORww0lUMVq4NwdwANQ
Q54350,,,
Q1741466,,,
Q6408607,,,
Q26260697,11528615,3Tu9nOmJPyDU0iMigimme3,UCZcYD8z6kx9rStKlTRz8EaQ
Q4352950,,,
Q189382,1994,7M1FPw29m5FbicYzS2xdpi,UCBxEf1UWDjbIEoh2MAQR7zQ
Q329809,,,
Q6411833,,,
Q313368,,,
Q1742068,,,
Q982678,,,UCq-SwmezM_e9jqiQ66uXrgQ
Q451858,,1AMMMSq3rJdZtFGnBXEkz7,
Q94579368,15057851|12431462,6QtgPSJPSzcnn7dPZ4VINp,UC47kJWRBD-NREBvmBg5kWeA
Q124695247,,,
Q1349627,295,4akybxRTGHJZ1DXjLhJ1qu,
Q2117321,,0tLjWOxzh42O8gr0nFzv45,
Q124179,67,07XSN3sPlIlB2L2XNcTwJw,UCyOw2FDjfQOFQH7paKxNVvA|UCL0dlEc0rXV1CIawUKeme4g
Q273652,10712,6CTNhXJKT6SdsQspUDIGiY,UC_eQTR18f-kcgVj-S03RZhw
Q272913,,,
Q1141827,11926679,4ga8lGWWzgmXpWf9wRFmRR,UCS_m28vCTOyxahlyx277z8A|UCfMkg37JR-OAUS_6WVM1QVw
Q16114625,321778|68457712|1983251|4905511,2c89elNhdXtXFVhAAXgGnW|1XaxY8tCOQrsOScHOs5UhS|6bSJ2OyfAODmjPceA6HiOj,
Q15405752,321784,6bRC4AvnabhRHPZtxBnqD6,
Q168015,16018,3U2U4TR03ZuStsizrv0EJB,
Q840882,5912,2qlAMLpUyBjZgnzuFXXZXI,
Q11687266,,,UChtu4pnPcaQ_qlU7VXoFyFA
Q15041224,,1L9i6qZYIGQedgM9QLSyzb,
Q1351424,2109,3V4IvzRQYP5mzuVtkcHgVa,UC1SuwvYIRGVHmfZG4HQ-4TA
Q20615,541764,2DuJi13MWHjRHrqRUwk8vH,UCtXRolzmkBDmAkTEJiFXohw
Q2282994,,,
Q6334752,1042428,1NCLweIUpq8knzemBwAwoo,UCazuZ5iU8LfQ6-IucPhctKQ
Q1394828,,,
Q1518965,,4trKoDR9XiaaTEnPOkVeKL,UCmyGILi5Szx9Uu2nEFy7vdQ
Q735736,84324|12731273,7e14Bh8oZXNRmZxjhhTARb,UCZrtjyeundHobunr-h8Wlbg|UCkYuxZikUUtrZqNzMS-DuPw
Q56461128,,2o9hRZ3xI27UQpHT61A4Mm,
Q96386222,,,
Q4042301,,,
Q4042308,474700,020C1LBIvJb2xaiCuFMH97,
Q3816355,,3pYQn1ViATKcKBLfgVXIVP,
Q45373,,,
Q6430491,,,
Q850290,305,3VNITwohbvU5Wuy5PC6dsI,UCX8pxyrMe7tJDhpM2DRgHvw
Q554168,13470,099tLNCZZvtjC7myKD0mFp,
Q1783772,,,
Q2801602,,2x8IIf3l8n2kJgLOxcYP29,
Q6432349,,,
Q80304,1327,3RNrq3jvMZxD9ZyoOZbQOD,UC6ly_u2ufiHGpYzC_28-8zw|UCTGbDM6lZnKFctFA5GOU0Kg
Q111337,8544,521Yl3LUvD7G9dMRO4fpCy,UCKTIpsCAjdIHCKQxXldqlSg
Q44892,926,0dmPX6ovclgOy8WWJaFEUU,UCkVewSfjK_M059iV88kYgiw
Q1264149,260820,6Ebt7JHILWJCE7aR7JLFB2,
Q1786394,,7pICtPXy11dc7D82jsF1Xy,
Q151890,6067,3BM0EaYmkKWuPmmHFUTQHv,UCRUh-7YyUCBTw2FjhS_jJAw
Q208681,69521,0vYQRW5LIDeYQOccTviQNX,UCYD7qYGXi-62hcqfI4f927Q
Q1641056,7707,7BIXafmacnax46P30TEzNz,
Q456964,,,
Q6303872,431022,3SEJQy90Vgg1aSnZ9b4AU9,
Q164718,,,
Q1126131,64279,0M6xcJTswOl2qvExCJhiS3,UCyMmUcht1N-adHYxad3teNA
Q432552,1002,2gINJ8xw86xawPyGvx1bla,UCA2w3yf1BlliMJoaT-vFqaA
Q1121411,2612,,UCVJVW0vTCt4F9NHcBzFBIgw
Q153469,,0qEO82Hj3SvjoNyEfKpRku,
Q19816655,5565220,2wX6xSig4Rig5kZU6ePlWe|7cHZ8lDHE0psEAAfNibx5y,UCFMjkrMT7Gvg84v0av-DIwA
Q611878,2919,6bGcpvHbRHg8s0wiNyIZK1,
Q1362482,,375M0kA14wq7ILBObdszNf,
Q121122,,,
Q6139361,,,
Q948868,,1UhC1mCcd9SFXLibHhMX61,
Q155158,88304,0okRW75dsQ4dPEwFE3xOGg,
Q984331,294912,5gspAQIAH8nJUrMYgXjCJ2,
Q55004,,,
Q961447,6547,25TKXk9zo9yk0HMJQ3TuE9,
Q1794838,418420,0VE0GTaTSeeGSzrQpLmeb9,UCevn3WJiZEdse2quTWPEvvQ
Q18815170,,,
Q16845512,4768753,23fqKkggKUBHNkbKtXEls4,UCCFJeI-2sT_cWgz-QJRgbCw|UCYpVqLSvfseUqb2URAkexlw
Q1795042,,,
Q1795082,,7mO0JGOATH8fVHvgCdZsXh,
Q11998,479|250903782,4RVnAU35WRWra6OZ3CbbMA,UCyd8nl1opqfEVwJer32vURA
Q927538,,,
Q4991503,2982,3HCpwNmFp2rvjkdjTs4uxs,
Q1197212,,47CIQFAst7iOrRZ16XOfP8|4FqtU7NWUXMeqqHEM8H93m,UCSRfprz3t1_CU5R_ln-W2cA
Q313081,8640790,3WKkjW8B7x5UZmfC9pnDmN,UCwh8CF6JUQ34S7FldCm7G6A
Q1844695,,,UCW6Nq4_6ANOxrDXy-w945Ng
Q218866,133611,6jTjjAjvYvMYfaqi837p5x,UCtqv09dihRosQGxDTgLJ6Ng
Q6455846,3762,0VxAPHwWkvVRCb5zSHI4Ag,
Q106036729,,,
Q542073,94963,22TEmHXBBLjTec2LOAuMdS,
Q3373508,,5bSfBBCxY8QAk4Pifveisz,
Q572077,,7KBkgunlONG7LPxs93pgpp,
Q3756625,,,
Q21485176,1600000,6QRlkjrHz5A62mqeNZz7t3,
Q6463596,9168,3rhO3rDk432VyAwyZnkECs,
Q3210516,,,
Q320998,,,
Q432822,,,
Q46573,2219,4OAddazJM576euUnFSvXSL,UC2yGvqVB_kK0FC1eUifENGQ
Q52345352,6912323,5joHzVrVQzu41KFBlZQDvG,UCNLCY-PyvKPzyp6czlrfnIw
Q20667368,,,UCKlfTlx0oY6BiCH7Qvabrhg
Q1506665,,,
Q247293,4694,39iHRO9MH9To3gjW7wqaW1,
Q3347988,,,
Q10316110,,,
Q207731,2216,3JFsVIxOn7STeilPICkkB2,UC4_yA-FDGB3Zwmk96E7yujA|UC0Ri4yolakY_tb7RdcvzQ2g
Q1801348,,,
Q37150,1424821,00FQb4jTyendYWaN8pK0wa,UCqk3CdGN_j8IR9z4uBbVPSg
Q6483624,,,
Q20311234,5008711,27gtK7m9vYwCyJ04zz0kIb,UCozj7uHtfr48i6yX6vkJzsA
Q253559,,1cbBzQxiKcZCsit68iTbTJ,UCtUVVv2yTHE3JOVMRfjbnBA
Q1375814,17304,,
Q1341804,,,
Q6490966,,,
Q3323178,,,
Q776170,,,
Q1756181,136,25Kw8f1zcn9VtUk5Nl3qrp,UCciU2lMZvY4ehqyHujVNmIw
Q742028,245047,0ntVZReCfBFQctUiiaTaeu,
Q1806706,,,UCJWIOGR83ph7HDVIsRSNVoA
Q2465058,,,
Q6496167,,0nVQLK3LSM9SFP5xp64D7a,
Q6498768,,,
Q236735,211392,7B2edU3Q7btJoNsoHCNohM,UC_ad9Wo0m69uyquvyNCazDg
Q536566,,,
Q235066,4144,5hqB3Fxgin9YGYa0mIGf1G,UCd9XEHv3KJEoZ6Lxxopx7Cg|UC_VDnmv6HjIo9xYndATGfgw
Q3827948,,,UCQ9o9F8HYJV85XjciUS86_Q
Q1809563,,,
Q45752,642,066X20Nz7iquqkkCW6Jxy6,UCofb3Eq2WzIXong5tNUTtog|UCxsm9QVYTVy-11QPPwLGdXw|UCdsmJG8eFcr6Lxgau8E7afg
Q3113632,,,
Q3756611,,,
Q1431678,374,2n6FviARgtjjimZXu18uRM,
Q314310,,3Ovf2lytXSXWFM2cwsJACC,
Q1787165,,,
Q15110870,,,UCUM2Q6aQXYex5y36sBej0Ng
Q1041034,394387,1CFCsEqKrCyvAFKOATQHiW,UCxuwb_eErNh6okiCGhIf7ww
Q2331,848,36QJpDe2go2KgaRleHCDTp,UCaKZA66vM_TUpetUNohmR0A
Q9021150,,,
Q3228823,,,
Q315417,3757,1TsG4AumsMt1Tcq2nHpov9,
Q453393,,4YNvbaOaqp5pzC5US5t48k,
Q12611433,,,
Q16090860,,,
Q362564,5115,38C3okxv3fyyOIQUVPCdGX,UCOjVw_NxbOk2_Lk4H7MKUcw|UCw-ObIVVFPxf6McrsKHQT0A
Q108208363,,0kHgYUOcTac5RhkYx1thsq,UCat--P6c-FHwYHRXWZCzclA
Q277479,6646,72hqBMsw7x5jnfxxwkii8L,UCAMqK1z311E6vNxp-lThrPQ|UCOrpszBwWhM6a1a67ezZhTQ
Q12695781,,,
Q12858787,,2dU9NlAClSjQtKoVgUQwdz,
Q1347215,,,
Q1753290,,,
Q2074465,,,
Q586994,,,
Q563386,,33O0lHsxKb6No0NBuFxFbR,
Q705040,75657,6cjuHeJM6CHRUhIhApwFwx,UCFi6G42DTw0SYxxywALvTag
Q1548086,,,
Q1276,1834,5l8VQNuIg0turYE1VtM9zV,UCi25ui2o4rPCkC1eyPP1DAQ
Q6525230,881656,6YUXhQfSgTjPqk2zKgCvnt,UCibSUTvNI0zhxxUjfyrs9Ng
Q6525874,,,
Q2711953,,,
Q541493,,,
Q236943,,,UCxB1JoZfQsTkHTlEPPvef8g
Q729444,,,
Q1820469,,35pV6EUbherudlvAftoueR,
Q2482652,1653514,2VYbuGDGM7ipeu54IbKzyw,UC_-nPi1DgUOPhw7kRf3flMg
Q562912,66011,07tYu4BGrfeogBobCefkHI,
Q3235960,,,
Q313596,79503,2g0QLUYku8AuPVK2udRV7i,UC7vEWwk0TYLHMDwJGecyNMw|UCxo__rtJSMS96jq1AbdLMtw
Q6530807,,,
Q927112,2120,20oQv3LStCKCjI9oQ0JNha,UCierbPdWUu5-WN2p7r1j1-w
Q6532216,,6HRtcKFPKPw6FtbGpvQviZ,
Q2622339,,,
Q123025,2424,0L9xkvBPcEp1nrhDrodxc5,UCT7EuTe98AetRSFUudYFCiQ
Q3161226,,,
Q1478944,,,
Q1798055,7919,2M0T4a1pkOC5nifN9W6e9e,
Q3373883,,,
Q10317842,,,
Q454479,,,
Q3832108,,,
Q3929644,,,
Q1824505,,1MVngxYrcAvKqx3os2rrRE,
Q6545995,,,
Q6546214,,,
Q435552,,6EZzVXM2uDRPmnHWq9yPDE,
Q322502,,,
Q683478,,2og3FOCLYXT9H7IYE6QPUq,
Q5951242,517460,4bbjivSh1oG4NOc7uYHfw5,
Q16236029,,4uSN8Y3kgFNVULUWsZEAVW,UCS0nkT6oOR2A2lNKe3Dw1og|UCTMM5_VfkJ_CdhL9iRMEnuQ
Q16876006,4907422|1003703,1tqhsYv8yBBdwANFNzHtcr|6g0Xatzg8vlchoEe21LoeH,UC8rVJyj4zE0S9-sccMLifIA
Q2899818,3977201,3hcs9uc56yIGFCSy9leWe7,UCaxOQZrF5llUMp-JjesUz1A|UCSWKNHx2g_yk9VlErHqJaMw
Q294449,110587,7sfl4Xt5KmfyDs2T3SVSMK,UCak_T_U_EWN49_aTdl7FCqw
Q62591281,15166511,7jVv8c5Fj3E9VhNjxT4snq,UC_uMv3bNXwapHl8Dzf2p01Q
Q29388200,11420468,2kCcBybjl3SAtIcwdWpUe3,UC0gOw4iy-6HwO01q-gA1B0Q
Q38002101,10668131,3wyVrVrFCkukjdVIdirGVY,UC6pjHMC4QXMi4llCCjtDXWg
Q2110116,,,
Q45898064,11674815,5g63iWaMJ2UrkZMkCC8dMi,UC52dqAdIvOPYQ-SXabptBBQ
Q23771950,7101343,4O15NlyKLIASxsJ0PrXPfz,UCqwxMqUcL-XC3D9-fTP93Mg
Q15615,74309,55Aa2cqylxrFIXC767Z865,UCO9zJy7HWrIS3ojB4Lr7Yqw|UCEOhcOACopL42xyOBIv1ekg
Q1824899,154364,1grI9x4Uzos1Asx8JmRW6T,UCeAVJtjBBVp_4lsUUhxx4Ow
Q230412,,2ryY5UTorD1MXmnOcC7jCi,
Q90872620,,,
Q124720,62754,5IrAgNdYXNkINpqT4XCnTD,
Q2444651,,1mCm9sqidA8YS31nVyvlXM,
Q240767,93,165ZgPlLkK7bf5bDoFc6Sb,UCCndqRyI-5Zl8Mutlq71ASw|UCXe06VQdj4l_LyuUGh__DQg
Q6549903,,,
Q10318415,,,
Q538395,,,
Q229375,7214,1sXbwvCQLGZnaH0Jp2HTVc|3osdNKXX2ULvlT6wu2Pn2O,UCjayGvVZVQiNJbS-s9jsMGw
Q2409682,,75cnhwOJsykn09SSesbIQh,
Q1454359,,,
Q1363881,,2vTtjIqZ7hW0W15t1ApKTB,
Q690543,81479,0mEmjvBVNeqQJV4zC04ijE,
Q252248,,,
Q261,92|14788305,6XyY86QOPPrYVGvF9ch6wz,UCZU9T1ceaOgwfLRq7OKFU4Q
Q557775,,,
Q26695,3445,3gMaNLQm7D9MornNILzdSl,UCM3iG_kXUM_9HHVIDI7vEtg|UCqBNd0XhYrv8OFlyr4fufdA
Q1628382,,,
Q2909630,,1jVbMc7E8yy5e96QEJXRzh,UCA5DZvGtE9DChiczMl_Q8sg
Q3242293,,4LIRWeEa6WgyAzH1mjYAPx,
Q3242296,,,
Q5976888,,6Mto9KouiQx7nE2ioqkNjS,
Q6558178,,60McQZr6bfr1eBpvq9YQz2,
Q1165645,133527,1vgjN6nIPNKiiQGE9PtzTT,
Q178943,153739,0MoXIHcFwhIWnFgBfdvQ30,UC9Ml2lvx1rmaEuhNNQ2xzHA
Q450080,6179,4S76LQXJD6N2uPcLhKejG8,
Q6650524,,,
Q153802,66091,0MPtuQaV2GiRdLjAkPOaan,
Q82222,4237,4xls23Ye9WR9yy3yYMpAMm,
Q380261,,,
Q6653482,506251,1n3ZITFiSUd5QClc0Fp0tp,
Q715384,,,
Q165714,168,6eoJpTIlcuxJNjV5fDzDJH,UCzpoc3xnZ_S9AGfAB-zi3KA
Q1478077,251,6Uhp7WA6sjm5ZL6Xz561de,UCPfMDwzk8gCMOAZaJ9JEsgw
Q730248,,,
Q958578,,,
Q7999,,3zVGMz661UQBxwt04UIYV0,UCqkZBXlCnTsfff_xxEyaTMA
Q112939308,,6zRVoQ1aCEUA2aXkbJQiAe,
Q1966715,,,
Q2446878,181316,01K8GEMGGxtrQ4xjDmNLPs,UC855t8w0TXyQ0tm8vtb6_DA
Q141266051,,,
Q6668481,,,
Q90811030,,,
Q297703,,,
Q242084,,1ZcvF2meiXi5UPDJWxrKR5,
Q236497,,,
Q1858715,7442,4CbuwI3bEF7gQOwpxBKtal,UCyM2xjCmZnf6eCP7ouXQu0w
Q120835122,,,
Q2011936,,,
Q27743,,,
Q1242553,,,
Q16866644,,,
Q6675941,,,
Q11762576,,,
Q6679405,887565,6ltzsmQQbmdoHHbLZ4ZN25,
Q375888,,,
Q938082,92584,7FL6vuQ7VGJvOiZUukHAcK,UCtlof19L4D4Rux6XyE3ROUA
Q6679777,,763Br9i2W8Zy7Qpuog90Ka,
Q13476175,4448485,163tK9Wjr9P9DmM0AVK7lm,UCOxhwqKKlVq_NaD0LVffGuw
Q1786810,2491,3O3qPC1hmSp7442HYefx5w,UCpSVpQGpyg4lPhyrfbySsaw
Q274562,2760,1JdeDdujDbS6ZeSlkXqx3a,
Q1418687,,,
Q272931,5098,1FE0rls8gfQT3laAeRYNgl,UCazGoeKn0U-L1evwEnJg6kA|UCFtfcL08Wo7avsgxppdgniQ
Q17125981,482260,6vXYoy8ouRVib302zxaxFF,UC0nS0FSoouwc_Nm8g6DnH8w
Q5980597,,,
Q9023870,,,
Q6682540,,16kOCiqZ1auY4sokSeZuKf,
Q5979474,,73HzrMaQAGRv2nHCiOBlam,
Q111174445,,,
Q1041947,,,
Q5979530,,,
Q51557893,,,
Q5979601,,,
Q5979618,,,
Q109522010,,,
Q6683393,,,
Q5979655,,,
Q6553529,,,
Q3259789,,,
Q1582170,367462,,
Q9024019,,,
Q6270848,,,UCereuAnp3XCZJA0-8RIxW6w
Q16866646,,,
Q1870545,,750f5Yoi20mYBe2EoVqWiT,
Q370400,2793,6OWapcJm9xd55ci9CYbAuT,UCiU3-Zvk3LEAvhfhkBOwwpw
Q11689555,,,
Q1744189,83786,,UCd5SVvD7bIcfsd-ZEHpIhsg
Q9024079,,,
Q3259792,,,
Q5980126,,,
Q1361546,,,
Q3259757,,,
Q1870547,,3LorjMdYWKEtf3wdNtjM6v,
Q3244395,,1ehT67ClfcTYyQUGPSuzDQ,
Q1467310,13611,3hYtANQYrE6pd2PbtEyTIy,UCcAeCxhKNEZ-KkCr6yTLhEw|UCaflwdWdaSGPNSyrAG0Uffw|UChQnpRseYKnIOz5Mc1VDTKQ
Q6683325,,,
Q1870602,,,
Q5980563,,,
Q5980565,,,
Q6683362,,,
Q5981294,116523,0ZCO8oVkMj897cKgFH7fRW,UCYTPYsuIRSu7o9xmeB_L4_g|UCPeGv4l3-gJvuJ4IJ47QC7Q
Q111083794,,,
Q18857432,5866223,7f5Zgnp2spUuuzKplmRkt7,UCdKS_mDSLUkS6vDK6u1mjOg
Q104839629,,,
Q93604,,,
Q723821,,063xkuRULzZu8fcoPR2rKR,
Q590911,,1FuQc9iJv3gdypigXiZ136,
Q129273842,,,
Q504743,,2k91aXkeSCPtrFGQzvIgu3,
Q1779,2337,19eLuQmk9aCobbVDHc6eek,UC9ZFNi6DcduUn9KUMhOnFUQ
Q461011,,,
Q25345325,4955521,7wg1qvie3KqDNQbAkTdbX0,
Q1872126,,,
Q4890261,,0vYKlx5B78X1E4mxgKRwqD,
Q6691331,,2REmfbf3d1N9lOuULAYihA,UCqxKjKbwKko-Q_xmXeOw0fg
Q941559,4377,0wz0jO9anccPzH04N7FLBH,
Q921236,3619,5Wfn5sc1w3DhMTpU7oPJZL,UCD_xq8NpeSUpSHvV3VryXMw
Q1378892,,,
Q131573800,,,
Q353853,,3qvcCP2J0fWi0m0uQDUf6r,UC6rwiIxv0w2fbmmr66wl1rA
Q1279889,,,
Q316532,,3M0Vsjmhfly4PRGywWmNYX,
Q431554,,,
Q363265,,,
Q954681,,,
Q221450,452512,5M1ZBrPeHjV8y3qFKnq7hO,UC3F3_t189wbdI0KyrdKwrCA
Q256813,6981,60ht0hWRy1yjUDfNsLuHuP,UCDtZ8YFF3GF3IErN83Dgrow
Q167546,8513,25MkkfEousyfp2eyh38FUl,UC3BeErsOw-2SxYVbefTsvZQ
Q725945,,,
Q3595213,,,
Q193676,78,3ipn9JLAPI5GUEo4y4jcoi,UClzrSyGVRJK7EhKH2Fnt9XA|UCpytoPautrCCR3AynOemHhg
Q16337938,73396,3CDoRporvSjdzTrm99a3gi,UCSCB1IQUmNa8Gn5VfSUAUpg
Q83182,4331,2uFUBdaVGtyMqckSeCl0Qj,UCQxsahIsaO7_nDwVlFRMQiA
Q434821,,,
Q255,6144,2wOqMjp9TyABvtHdOSOTUS,UCnsAooIr-Dsr8zJOCSadQcA
Q189766,,2l4vGfFV7e46yO8lxfxR76,
Q160451,,6asnrWmE3QdFPTeCxfjLe5,
Q434916,,,
Q469068,,,
Q2410356,,,
Q1398571,,,
Q322350,65205,2mUI4K6csTQd3jieswcmiI,
Q1069140,6123,2nszmSgqreHSdJA3zWPyrW,UCF3i2P9jI2adJp_-RDdzHgg
Q10320631,,,
Q1597249,,,UCkBa7_trFeJ5uIdLg3_0rIQ
Q982314,,,
Q166197,242132,0BvkDsjIUla7X0k6CSWh1I,UCntGDhwr_YA88wVr0WpOMEA
Q1352724,,0HfxCluo7N2dhr4oRM0wBv|0uSobLDqVMPaOzd2elMNCa|4ywTx5cZc1YOkOtVrSK6nJ|02hWCZ8sbocjW8RyNq3NDq|3INW2gvv9ZcgPGL0oqkOXy,
Q6702758,,,
Q24760,5935,5oiTT9V0uAPYS8TABvvjnS,UCknOc57rQYLE05foklcjryw|UCTl0Kwl4QOB0YrG-mPXXyow
Q310116,5047,01QTIT5P1pFP3QnnFSdsJf,UC-zD8J0RLWy3mNB7EMmT7Rg
Q1791454,,,
Q1668512,6168,3ysp8GwsheDcBxP9q65lBg,UC0U1vhEJD2vmNpzibecrFDA
Q913245,,3FpCFpdoJOrGuR3G7UBgC7,UCHaOKIXq3Lorn60-xIWU6Dw
Q311306,521,19y5MFBH7gohEdGwKM7QsP,
Q114213152,5141374,28516pIwBLUO62yBiLAfdI,UCDUf8D4tcJg-FhwtzpX8KPA
Q555770,,,
Q1778165,,6D2FZCqwDafnI49jrFYROE,UCKM4WWjSi8ztla0lz1w64Fw
Q864524,,,
Q163593,,502FY8XQYRxClWgolQ3Hf2,
Q158462,816,4MVyzYMgTwdP7Z49wAZHx0,UCipLjr-h2iaEBWMJVfK2e2A
Q4477966,4316838,1DuX5KV5IxzJ9e5A6KZ2OG,UCm9ggbYoVP3XmdId8dC6RIw
Q207951,,1M9AXZkNPdOd1IPEsQsXnT,
Q320146,1626,6NB0vY1HQgkUpCBsm5eAvo,UChY5UMP34wPy_lHsG_eeyaw
Q297501,,,
Q3272154,,,
Q71107071,3146,42tN6kVgx34E0Oqk2nef4g,
Q2880506,,,
Q708129,5552,49GY4uPAwdlk5lSGtfKWYl,
Q20453682,,,
Q6713084,,,
Q465067,,35NVYJXOwkjY8bpul6OBQl,UCfpe3O4lacV3Xe2krEARAdg
Q1052019,2543,1BH45DVSTeGBvcYXNCd67g,
Q2162641,1248712,,
Q239533,,,
Q14517,1619572,3Sz7ZnJQBIHsXLUSo0OQtM,UCqnMk5GA1spXDiHYFcPN-eA
Q1368449,,,
Q3841925,,,
Q324726,632926,4LLpKhyESsyAXpc4laK94U,UC3SEvBYhullC-aaEmbEQflg
Q1882498,,,
Q16661959,1224771|130042|187558,3TXQ1ddouwQAI78hV4hXDj|50HmPpkHUtSIiU0Uys0kgD|5NtFypb7ENrzt6A8qE5yRF|2xx3QTBRY106anfYsBAhwb,
Q111337749,,,
Q3274295,,6wxP7SSzfvi21Cnl8JicdQ,
Q319458,536,0lVlNsuGaOr9vMHCZIAKMt,UC5mX9jQdmMRzCLfOJmeyhsg
Q594166,284217,06xa1OLBsMQJFXcl2tQkH4,
Q462983,,,
Q16853301,893222,5BcAKTbp20cv7tC5VqPFoC,
Q110128013,,,
Q6725992,,,
Q918458,,3hbnUwHvxyFxeJ9veCzOE7,
Q836686,,0KeXahyB2g6PPQMG7sImjB,
Q764671,7748,1qh6ppVtiFTKMyta0NXsjf,UCyzNMY8kAe2ujNisB4_GNOg
Q1355154,1517560,4pb4rqWSoGUgxm63xmJ8xc,UCqMDNf3Pn5L7pcNkuSEeO3w|UCSml1Arkj2u3w2-u7xbzLlA
Q503031,4283,5LhTec3c7dcqBvpLRWbMcf,
Q745741,1825,4AYkFtEBnNnGuoo8HaHErd,UC0iYPVu2agNaaqbnHFPCBFQ
Q1744,290,6tbjWDEIzxoDsBA1FuhfPW,UC81VD6eeuLLSfyY_D-N8sVw|UCmQmc-Y4N9btVMUS1BfnyDw
Q1133218,,6UlDUUn1lQIuPGKZUoG2bh,
Q3843061,,,
Q549960,,0XErJwG6aCEj7NpKsEZrrO,
Q1663028,734,6MvRVq0CtpQQlwnIiszV8F,UCtWUBxSwmLbGYON-nMdqVyQ
Q914489,11111,5JeJHWfm2ZxNd09hrIf7Zb,UCL20x0hIbKO9y9sDIVG3p1A|UCxaq14IkTcaE5o6z21GdS2A
Q6731948,,,
Q206466,71446,6QBUIuGCAJSAtefEY1EEdB,
Q841778,5899305,3Ao7NH7lRyQAeKQg2mlTcO,
Q2750368,1336994,6PUZZX4GCzeFS0GaDWxVwz,UCMBXjVFU51CJ047U1Wp3JKQ
Q3277803,,,
Q1760208,,,
Q326819,,,
Q28677153,6511779,59jlthNnbmim5l9tmNA7se,UCULzCZWkkOb9dW8rr6dguQQ
Q15052763,,,
Q1756790,113354,1FcYCSOydUCgoauspPwypS,UCNevrb_HdiyHAouOpZ37A0Q
Q12858987,,,
Q1886342,,,
Q5990377,,1AvkrI2S7knrbaZxydvc9B,
Q48976227,7871806,7w1eTNePApzDk8XtgykCPS,UCIyzc4i5ewvmJLzHFF4G5kw
Q3281598,,,
Q853545,,,
Q3695398,,,
Q87800198,,,
Q3181884,,,
Q110826804,,,
Q274181,,2HS2wQTJXpA65XWOKlAVxk,
Q3844211,,,
Q715345,,,
Q3644372,,,
Q1282844,2727,6RWnslEkqboHbDg0OUabe5,UC3BnFoUftuylWiIqvjVQiNQ
Q319265,1887,5670CyWrIOA7702gNjsGMZ,
Q1529102,7469,0EeHVtSdrYibpGDVHjWEpe,UCYMzWqgRkSv9064gqKV4qnQ|UCnfRfrXvDjd7GYH58P13Low
Q976090,,,
Q6751197,,,UC_-IuOPhiusA_gknYjMI1ig
Q6751214,242002|1041590,6cDYOQJoWdF9ywdE26YOFG|4LyJORbaxLy3lTvojc9Nf5,UC9USdMzxxpWz-tiCdozdQ3w
Q1890975,,,
Q447433,,4epy8uB6icBmTU3VoMwVzG,UCXqeEcPYqPUHAi3AvSlh3bg
Q1891055,,,
Q9027531,,,
Q13094926,,,
Q505683,,4l2d1CRNjXgG4RBoA89Kle,
Q1569035,,0grZF2s6ADKiTGwf8EVZEY,
Q445829,4929,30UIjoCGuL3Fa5BOc3ayNW,UCfIZtlCwzlbZxyREadjw-Qg
Q3286792,,,
Q6754546,,,
Q26625,112,4wLXwxDeWQ8mtUIRPxGiD6,UCiKsRIULyLr783nNZm-JlAQ|UCQhOf1GhzkMsyLAFwrnG8XQ
Q10359176,,,
Q65829,,,
Q55524,263694,5OvQ8g54fWhffM2x8eCc6s,
Q1892935,,,
Q1275017,241998,1vEN3d3dJbmdHQpXD6AIkL,UCfILZ53Vr6yLfp7NVHdGc6A
Q3290053,15076,23zJj2W0TQ0SvF4Fwo7mZK,
Q1498245,,,
Q711454,,24xpaWFyBOwoB8lBBolWzv,
Q10325378,,,
Q60694463,417295,1LUyPCV4OiooCwffEq5ftD,
Q1406177,,,
Q2910639,,,
Q3290634,,,
Q464191,7070,587N7H5tc34lpAjgIL2ODp|4t4unGD2iYlkONGDmBbkcE,UCswEopUVb9Of6XfDzMjKtoA
Q235980,15588,3f5VCwd57gZsqMad28jyLV,
Q237042,,,
Q234918,153127|241931,3lk3F4u5qqxq8zFjwNj5U1,
Q255725,101484,0tO9ebcW0t89aXgrA5xID2,
Q1184884,72035,0JTujDbHVqhWAGl06aaW78,UCLJgp_WpFO0Gmy4NTS4CP7A
Q41076,65,4iHNK0tOyZPYnBU7nGAgpQ,UCurpiDXSkcUbgdMwHNZkrCg
Q231923,,670lYhY8JzIi5zTNdGtX3M,
Q1896942,71247,,
Q2601735,,,
Q6762922,,,
Q521949,,,
Q678410,2893,7ai5TWiOG8g9Hds5AATS28,UCZRP6c2JuCCZhG4jMjYaYtw
Q186327,482,2VYQTNDsvvKN9wmU5W7xpj,UCbirjI1K3MGu0-Y1gTBNR5w
Q452094,,4VtMHmnigTKtWyQR71len2,UCtFrz4JJnpJq7dhxLNRwkdA
Q434106,70189,4u5yrM5jlC3iviSQQXcMCK,UCvKFmi0FigH7-HihFoc_lBA|UCy7NM5w7EHysVGnfMYH2YYA
Q722618,,,
Q299331,,,
Q695653,,,
Q1143704,266352,3WwGRA2o4Ux1RRMYaYDh7N,UCFCHKsT1ZY2aLUAbWW1lJGA
Q463918,,,
Q4050782,,,
Q933550,,,
Q510704,,,
Q57784,6234,6OO0PboZcIWUWL7j2IyeoL,UCxTpYBc13Uq1WMOoweBvPyg
Q4612,,3UuPzfQMdGK40O8Rj9jqVM,UCDyd9wPkG6wdC-KzmdbwMHw
Q182223,1188,04gDigrS5kc9YWfZHwBETP,UCBVjMGOIkavEAhyqpxJ73Dw|UCN1hnUccO4FD5WfM7ithXaw
Q6772701,,,
Q1351604,,2Di8r9df6xjyj6CVOqbGVz,
Q1902939,,,
Q1326522,81078|160506,1Pe5hlKMCTULjosqZ6KanP,
Q465302,449154,7htVGwGw3uAa7Axft4MTnx,
Q557535,,,
Q3295408,,,
Q1748644,,,
Q14544318,3968561,60d24wfXkVzDSfLS6hyCjZ,UC5H_KXkPbEsGs0tFt8R35mA|UCqJnSdHjKtfsrHi9aI-9d3g
Q385498,,6rM2yY0GnVcOHMU5GD3y9E,UCDOB6Kn-M5sV9n0FXdMPDrQ
Q919565,70207,0Xi59sEw38vRvwleSAVqoo,
Q3997302,9174,1caCfJzVAjq53VoXHGSSk3,
Q189758,1154,3koiLjNrgRTNbOwViDipeA,UCV0Arhg2bZuyL6CutipMduw
Q85199678,,56chSp36PsMhpQvUn1kdR3,UCeWJflQjkOS-kVxGcYRW-Bw
Q228909,152,1XkoF8ryArs86LZvFOkbyr,UCj5CgwX_iJEqJsqUJyYjg4A
Q1906374,,,
Q467031,,,
Q3296479,,,
Q24040310,7068771,1yR65psqiazQpeM79CcGh8,UCwfEOn0O1DWcyTgzVVu28ig
Q121746347,,,
Q1420932,,,
Q467069,64120,1VZvpyWFZWk1GitulKUo3d,
Q357418,612,6FXMGgJwohJLUSr5nVlf9X,UCNgjBASMIxygr65gJs9IyUA|UCr1uxon7aFztw_dnrau0TDA
Q722042,9250,7zICaxnDB9ZprDSiFpvbbW,
Q1758822,,5Fkj0k7EPUhIsESSIEA9f1,
Q548844,9267,1Dvfqq39HxvCJ3GvfeIFuT,UCR7Ls5FuT6UKTcsMkcwgCUA
Q10327219,,6cAXmjYOHC2R7jLrs96KTZ,
Q942311,8452,,
Q646546,,25IVL21MRoCrcBVD7wgUkS,
Q1256138,2079,0xBkYJzwFzcIYev4fOkvk0,
Q19845354,6557769,4YXycRbyyAE0wozTk7QMEq,UCdjoz9EURsObi2ov6BD1m-g
Q284872,,0bz9hDpUbAw5JElgEiuIYZ,
Q290270,,,
Q3100060,,2idymNTKUdnTxforkb12Mw,UCOELhG73u066Q0GVqfCUf-Q
Q183256,207198|67478,7Fph7U6qidZ2E97xKKsD4m,
Q1178,,17hR0sYHpx7VYTMRfFUOmY,
Q1911474,,,
Q6793578,6461159,3odWGV3m6MfdawwEXIyyhr,UCm33IW-89FHTvHDl3cm4YlQ
Q723546,,,
Q279368,,0MNSDAOCHF7f2ZfAYxZ9bp,
Q100276699,70542502,58r1rB5t3VF5X6yXGPequV,UCd_Cl1RdIJ99lqFLjqlI27w|UCcQaSpIMPptu9RLgqIbviqw
Q2182711,,,
Q15943533,,,
Q714325,6690,2VZNmg4vCnew4Pavo8zDdW,UC-n5eIZ0AecwjWyXYeSwXkA
Q175899,,6jrlNnS5B830kpi40j3S6g,
Q705413,183674,,
Q24008618,63515642,0b62itBWBdLgiecXjXCqKC,
Q273716,,,
Q51731,6792301,16s0YTFcyjP4kgFwt7ktrY,UCQyweuVOAh3NHGKDDadRSbg
Q485116,6696,0dR10i73opHXuRuLbgxltM,UCLwilHUz4El9wZz78DCFoWQ
Q690775,,,
Q445463,,7uriYlc9ETgOg8VPFbdnbE,
Q2635164,,,
Q6798087,,,UCtSdeMOkIqe4itCkZeUI_fQ
Q4043845,,,
Q1132765,1306,37w38cCSGgKLdayTRjna4W,UCiHpAuDVzGDIEA_Ggn1I2RQ|UCwLvhxojhPFQXoHACA4WWsA
Q1914898,,,
Q294037,6639,0IK6TvlarNMoBZ7KdyjZIf,
Q13796375,,,
Q1158503,15763,0tRxVqFSJrai3XTMOiEHVn,UC74196V9042vIRs5sDcRHPg
Q16337935,,,
Q10322333,,,UCWdd-XE5bcFcp3adUKpFrSA
Q295923,8306,2rblp9fJo16ZPTcKDtlmKW,UCxj8FLG8X5UrwIfKv0GGlmA
Q1799314,3402,05Am7rOfCvNggzIEeAhbiV,UCEB5yykI88XtZtnmzSNbGxg
Q10322332,,,
Q20045968,,7me0S5Z40qVWj3gzyK8aC3,UCuSargZazuHgL_ob-M9ckHQ
Q115367878,14092217,6tdM5Njlln7nWkonCppW0u,UC_7URhxcVAwwPUu6dGQH99g
Q16337937,,5FeGhv7je3hPQi2TLslPIl,UC-cir_T-fWReAza302CoemQ
Q10322334,,,
Q830316,195226|8986,4WquJweZPIK9qcfVFhTKvf,
Q3036182,,,
Q318619,,2EsmKkHsXK0WMNGOtIhbxr,
Q16732408,3787071,48dgx7iGqLQ3E5KO3pzd94,
Q1399605,,,
Q1915490,,,
Q1132613,2440,2h9yQhKyqOMex3QFMVeq7F,UCuMniXW9_1mrhFMhnp5QAJQ
Q501467,,72XPmW6k6HZT6K2BaUUOhl,UCuqiFef-6Ee3L5iknK49vfw|UCSpYwvnQdZ5VyIYqR08vY0Q
Q21033832,982836,54qqaSH6byJIb8eFWxe3Pj,
Q83431,3487,1Yox196W7bzVNZI7RBaPnf,UC-Ugu5IBFgrYuHBAW2DjmZQ|UCLVz1B001PIbq9LliJenV2w
Q619332,7658,4tM8qmqg5cEZPHNLNQwHeb,UCXbmYCHqCjoDPCbL0WA4U0w
Q395249,,,
Q466741,56268,1Vgb3eqBF3DLP6FwY7MuB4,UCbohzLYUWYoIu9VO46fEu4A
Q106570642,,,
Q15982936,,,
Q655652,,,
Q270669,3142,01Ppu7N8uYJI8SAONo2YZA,
Q385618,3382,6aVjo0xHSiuW5hkasoYSR3,
Q6815694,308870,,
Q1421242,,,
Q464728,,,
Q1068404,54983,5JuPv0rJXe5aWNTgu8YVqZ,UCppI7uxgMiE-9gntBeF67oA
Q962524,,,
Q1921113,156864,,
Q216450,10606,2HvyR5FsU37QMqVzIbGwl7,
Q583344,1416,77oD8X9qLXZhpbCjv53l5n,UCMmXzJaR-kZgt12dhyncGCw
Q132187857,,,
Q267170,,1WN9bXZmI41JB1tCmrSC3M,
Q183092,8510,2ptmyXoL7poH6Zq62h1QT9,
Q1922029,,,
Q452011,8583,5UezsklPScipW64XJm7qql,UCCmy9Tzg8LABlni-cIhAsGw
Q569408,2175,3ggwAqZD3lyT2sbovlmfQY,UCxLbFcGicScOE07gwngd18g
Q3307040,,,
Q10329004,,0wKRws4cmydv070MEENn0k,
Q10329038,,,
Q10329042,,,
Q15920,119,2ye2Wgw4gimLv2eAKyk1NB,UCbulh9WdLtEXiooRcYK7SWw
Q864991,,,UCXKXOEdgedaGJOpjfvWGSqQ
Q151783,13570,54QMjE4toDfiCryzYWCpXX,UCtpiIBHg_cbAIm9N-7SabOw|UCWE-9CO32bK6OI2NLKUWSRw
Q304675,2857,2pAWfrd7WFF3XhVt9GooDL,UC6Y8dX3XdGsp2akU-SKfreA
Q1670579,3231,2mknvtcck8i82nKxDPDibv,
Q391969,69627,0SwO7SWeDHJijQ3XNS7xEE,UCC2i4uIWWjx5L5V5Q5k7eiQ
Q23820256,881751,4WnAHZz1pgl8hus8hidIRV,UCvebOuGWNvuUpZBzpV_Bc9Q
Q6827833,,,
Q140388844,,,
Q2813877,,2tsOm9CPRD4SbZagsqAhj4,
Q3308199,,2R2jVc70ueuu0ZHEiVRV7f,
Q1383840,7551,0AVE7rDx4X9w0pW1XlN1om,
Q3308220,,,
Q879793,,,
Q2831,259,3fMbdgg4jU18AjLCKBhRSm,UC5OrDvL9DscpcAstz7JnQGA
Q1928543,,4jL1usPiGDK8TD46zJP4gu,
Q282002,3877,24hJWbo98sH84tb0nkeaqy,UCxKwg9ugTLLh2xAqsIRwk3A
Q954997,,,
Q313639,,2LvhyFvUCDJ7gFuEBOcrM8,UCCAuVN4JcLYNaG7b-XEPaYw
Q717239,,5KbIofwaAvbvvkzG2zbmGD,
Q724998,,,
Q357515,3111,5aBxFPaaGk9204ssHUvXWN,UC8RMiXtAP2yQFg6fz_Zg14Q
Q709977,,3w7FEMegxIiZ2aoED5wCTd,
Q1147958,,,
Q488387,379486,1sDVuztNhGcetCLChkleDA,
Q1940929,,,UCQJagRYn-xNixz5OpQCLQNQ
Q3236273,,,
Q2322270,,,
Q324757,,,
Q96047,16446,0cXE2SrE0M4Vn7F2NVzG6q,UCmx4p-j502KnhR3hBKVTlKA
Q647279,,,
Q22341183,13689061,3fuab64Hf1xiRGocX1sT1n,UCoZf9oIAbP-U-Pk0nH--QoQ
Q111472061,70047472,7CGSp2GbiOpLPSq61qjxf8,UCKZHmnWvHEBya1QCmrWnYJg|UCgK_RO4KpTTL0RdpV--9_4w
Q6844110,,,
Q205876,,,
Q15777045,4962010,6oMuImdp5ZcFhWP0ESe6mG,UC9YcTIQuhwgoOQqYMKYqW9A
Q5368793,,,
Q1765889,,,
Q4822616,,,
Q954623,,07VmOvmuBp9G0gb8BTrpn0,
Q446572,9445,7AiamoV760pPGGM5PbOC6X,
Q379992,99884,1XFeeLgEZ4J1FjuIw8zgeh,
Q6849417,,,
Q104772823,,,
Q1372387,,4KplcmUZdFxGJoZm65B3Vo,UCz-orYer68suYbxvv9UeDgw
Q541833,4340570,3Ar1W7H096Z6qSGBMmwSmO,UCtQ7woVYdiq9ghyO-CB4hRw
Q3313730,,4hUmsYcvD8C5zuVSP93jb1|7eaB2kABl5quusVTOY0LFN,UCT77P4HLpV7B2sbmuxa_djQ
Q151976,78434,58EvYFzDGAQOmBpIOxujnj,UCviFoumTGvTWWeP0auM7fuA
Q1285105,1119010,2OhGtVGxKAJJuc7bEKB7wH,UC4O12pQmRJAyR_GPmAGu1pQ
Q93341,1910,0kbYTNQb4Pb1rPbbaF0pT4,UCIev2PktTH5mI-QlGmbUkiw|UC1ZS17c0DlqUjsXZK3K_bgA
Q10330035,,,
Q604835,75179,2sgikskblKZFbDpsYO9anB,
Q1338793,3294,74xFFXkvOq9dPDigOWTHiX,UCBXUETztGNLUholYeIDZZPQ
Q447437,,0h3n6BqxvmRhWwNcdw4CWT,
Q1935572,393325,0sBSVbPm3QRd2LnDao9H9U,
Q457379,,,UCG9W0pReFRyZR75iiailsCw
Q139603504,,70HU0DmcKzfPeeL4tuAAVG,UC7cDU5jQYd7bNnNL30xLHkQ
Q10330096,,,
Q318518,,,
Q1531285,,,
Q542847,4720,3Bnq7jiU506HcPjRgQ43TM,
Q22337570,,,
Q61679307,5029358,48LWLoeY0dhwaiX1FRsn72,
Q3521879,11100,1bSPK8WvwpsRWLH9wqgfJx,UCqCvONCN2CoP1FYB0CxEAsA
Q425772,677,1DXylZlWbVvlckNqwvjTEt,UC6fUV-AHqV7lpvK9L4PB4yw
Q81509,,,
Q1803842,7154,0YQBN02bmZvwGNrrWsg2sT,
Q1364766,3383,0z6zRFzl5njXWLVAisXQBz,
Q435487,,,
Q15053742,391679,73U1Zb71I5JwgC1qVqZ8NO,
Q1937415,,,
Q311785,67275|957,1cXi8ALPQCBHZbf0EgP4Ey,UCKkLIDce12KiuxCfOwVGPbA
Q235770,958,3QhNv79NoIvarU6N57GBzL,UClx-NhQVwRJ84zYcJEt4xqw
Q1939097,,,
Q382962,,1FdwVX3yL8ITuRnTZxetsA,
Q3444819,463886,55TH3aMMK1u2VsR8DPGC6D,
Q20630566,,7eOzCiTklgHxfpf6Mb3D2e,
Q3317284,,4YuO08xFlO9FYWKC73zov9|1aBkI1XS3Qq7KgbYEIf4Ul,
Q1323453,93885872,5wtqqj6bdvig0K8re8kZ3O,UChmEixJeXYHpboT5ZuXzP-A
Q771968,,,
Q727115,2513,6O2zJ0tId7g07yzHtX0yap,UCppDTVlStRaBhBrifooOOWg
Q14045,493,3OsRAKCvk37zwYcnzRf5XF,UCkkiTV-Lnt-m3DQp-ZeFdkA
Q830379,,7wBFjZMHsC6nfV0HOSd6uI,
Q27417,3311,79bxUQsBIXO8nVLB9fYKf7,UCtqHCdL5nEjZp5FHAokQ-wQ|UCmvtGezn6LpfUN1QW0aEaTg
Q431355,1237,1yAwtBaoHLEDWAnWR87hBT,UCIJdJU2RCaOieKNh7vCxWCA|UCBEGcyJUC-0SFTJ1t45yOzw
Q1425262,1545|448333,0AkpPlFLnr0VQwZQeMGht0|1AdYlfQl6hOOHlVnc02cah,UC74sX8oY-MVC7_3KzlnFgzQ
Q105726987,11498192,7cvljqLNhWNFMb8wP2NImJ,UCcKTRoHPP2hPaom63QGaiBw
Q1395732,478949,5WCHc16VvzVCmBKH70CYfw,UCF3T8M-e3a-sZAmeHuTtvLA
Q645980,1207,34UhPkLbtFKRq3nmfFgejG,UCqEG1Kwq26Zv2JfqdAwj9kg
Q571707,15788,6hPNpOLunxxpXVwi696pYl,UCM83In31vTewfa8jOV-JjVw
Q3318847,,,
Q741658,,,
Q433745,,1Hf2M5agx5UUq70iTJMB04,
Q1238247,,5C43FNPZAzBXLGWgkYWbs1|45EXJ1cQAEt8k2zIYHyLBm,
Q6894452,,72482nIO3fujPgLNJQWuCy,UCF2LMk6XCzazmPPWrxc7qSg
Q2424461,,,
Q285190,73502,4ZqBwBVB3dsYWL3d5Spi10,
Q1198084,,3QyXESPMLvue8SWNSnBwPp,
Q3319807,125969,,
Q472644,,2oVwztjpHpJlAvlVVuqVa0,
Q910170,,2zUQjYvy0TevSi4d3PjqQO,
Q6899840,,,
Q60824605,,7mLec6Qfgix9zhO7vQHDQP,
Q2752431,,,
Q29421154,,,
Q22121823,,,
Q1430616,3095,4hvwEwrCmGj22uURGVET7Q,
Q15835576,,71IBhhBhtPLZ8OyVuXOw77,
Q369822,,,
Q6907524,,,
Q954332,7781,4PdaU6ArZ8JTZvCX9ZWuTI,UCcupRSYMS97dB0hkRxCs79g
Q914074,5767,17bYSQ9ZRnreVnJjE5X2x6,UCsh-FOHtF-_bGOzftZYP5VA
Q1947215,,,
Q309001,5604,35jmO5o3AhUV70kiR7u4Nw,UCUDMrCf1SbVEIt4Ee6TE-2w
Q749019,901,6bWxFw65IEJzBYjx3SxUXd,UCf3-TfXpRX8jDxePsfhvXNQ|UCWihO3F3CtRHE-1HuFeaNng
Q12370465,1465995,34hwBP1esafQoCVtLz7F6K,
Q781972,805110,2y68BTFta7hwNZVdFcmtyZ,UC_vOeqbvaSt_P5haPc03oNQ
Q3891609,,,
Q29561472,7188840,4oUHIQIBe0LHzYfvXNW4QM,UCiQtJ9wVv8R-x7GKHzgZu8A|UCzIyoPv6j1MAZpDHKLGP_eA
Q4331609,,19HFRWmRCl27kTk6LeqAO8,
Q1123016,65423,06T4NL0adq4kfYAr2nZv5t,
Q376651,1787,4jlxvaggBp7wVV02U6YYRQ,UCDerUQexGcvwuf0qvtGTvyQ
Q316427,,3Vmj59eAzsbiISxcCBHRCM,
Q962366,,,
Q551576,4656,0roLSs1WqlurDniSZ1pttN,UCDN9UrKwkQJHyGDvqkiKESg
Q2475314,,,
Q1382570,,0sN4enVJwylJKEXZlSbgsm,
Q6915818,,,
Q2915717,,,
Q388861,,,
Q62745180,,,
Q1752769,11723,3csSQdDVhJlP3BUOoZ2N2H,UCWHmefA2hECbt5TtNK2pOXw
Q1340444,953,19zqV9DV3txjMUjHvltl2D,UC1UDGg6obRdtXh5vEU0naSg
Q1126287,2699,6ysQi6NI88X627t2srsWz6,
Q19697,2996,1DFr97A9HnbV3SKTJFu62M,UCbPCDmtTU-W4SdA8abZtWpA
Q1359424,407858,3NUtpWpGDoffm3RCGhSHtl,
Q2278773,,3HZQm7muBa4Ho0p8K9X82M,
Q477644,96340,5dMPhj9s9v91MpdGNpInLy,UCoFX4pITedZ69cXoj7A2Kyg
Q131767793,,,
Q1147061,2193,2zq0uqN9Wq12tqrQQt1ozw,
Q3327146,,,
Q6928518,478241,3BG9cpTxZQzQChcsp7ss9a,UCoQq6xAoBasbORh6FeIF5hA
Q686915,8976194,1qma7XhwZotCAucL7NHVLY,UCXteDRy5qB0IjA8WPusCJ7w
Q6928394,,0ilsDGmlSM7nHPJgbOX0A9,UCLH_hNllzMmE0Xv7tNAsGdg
Q83505290,,,
Q1811235,6405,2squZ8HjM4AzR0j6jsPn4a,UCuXfnPdeOAfnOnZW7HZLV1w
Q2745611,2362,5bHSSREflcAADAyCMlmxmh,UCkdu1UbKz6duFf4pkl44duw
Q220707,5414,4y6J8jwRAwO4dssiSmN91R,
Q898820,2859,7LuYiSXiWs86rwWJjEEgB9,
Q729293,,,
Q382901,,7HGFXtBhRq3g1Ma3nH4Rgv,
Q111071555,,,
Q953918,288092,3gd8FJtBJtkRxdfbTu19U2,UCUyVHhyGAR3djWzqlljIN1A
Q6935664,,,
Q10333178,,,
Q922034,131940,2Ah9OuOj7B57gPD1cbwiaE,UCg-Kktir7zJ131Sv5AJfPmA
Q48699884,,,
Q778278,3219,5qrZ4EXMTVH4e6odErsQjb,
Q1953954,,,
Q1955333,,3UVRliakQfa1pMWIsNuiZ8,
Q558799,5264408,20mh1R2iszLiPKWFJVgXaF|2YrlCsETDHUEjbtnGJNr7W,
Q331711,4317,0mkH5jj3goQ51JtPKVodTo,
Q15941115,1113629,0YinUQ50QDB7ZxSCLyQ40k,UCG9E2kOVf3OPldZNV_1rPqQ
Q706252,,,
Q193673,,47e2jUYcqSQ8RL2DVmxmzn,
Q900578,,,
Q16954370,,,
Q841042,2465,3G3Gdm0ZRAOxLrbyjfhii5,UCtmftE9d_FKl3ZUzPaB1etw
Q483285,599,7FBcuc1gsnv6Y1nwFtNRCb,UCCZGYab5SpD0I7Z5JqJZgww
Q498460,2019,7iMWWdRNiCJwGOGEIYr02z|3G7qoMSLvu9Pmb0xGtf9fl,UCSEroJF10p_BjaVVkI45M1Q
Q65550251,12029862,7iK8PXO48WeuP03g8YR51W,UCLk8IJ1TwI7Xl7UUfAD8xPQ
Q6948700,,,
Q236312,,,
Q486688,531,0cc6vw3VN8YlIcvr1v7tBL,UCq2g_Vcu3J1OwNRmdTNoxYA
Q306130,1672,4mw86zm4QZIL8SksdyE6OU|2aRc7OH6LKbppk6yUvG811,
Q1395064,,4cMwyqmHCwJjRZ3frIVHTr,
Q1993589,,,UCmgGhZ_OMFGRn5cbfd4Svrw
Q216856,1004,4EnEZVjo3w1cwcQYePccay,
Q484216,,,
Q11788639,,,
Q452785,,,
Q625917,,5ilW7mgqfRPZzRi28RNk8V,
Q1351126,,,
Q1122398,3795,1WV0pMUfO5UZ3MXfZrTohr,
Q99527593,68674,0lJ4sCynTDDS2Oot6PEhaV,UCzt3E7EIDc_pnnVS_8FUzhA
Q2631733,,4h1tf0vDDluO5QypKVym97|6gSmUx8y67V2VLpn53fMLF,
Q937020,7554,41F8cUV8LJGVDPNnj0ito3,UCMajJgXRO7I6K1aLWXgHVJA
Q6617244,,,
Q11167386,,,
Q266676,2966411,4BmWSGKG6HiYvLuJvZ9afa,
Q3335478,,,
Q20088941,,,
Q447032,5421,5CAiy5rDr3LaSoGtJOq6A0,UCpsMB_HqGExhX7YeXogp7Sw
Q321762,5110,3UqRgrDIQ208yNGiWKRMNt,
Q16015304,,,
Q940848,,,
Q425728,1863491,2GQJv1aUY2eP04cTV7IyB8,
Q4210537,,,
Q1500192,,,
Q137042,221,7v4imS0moSyGdXyLgVTIV7,UCirPLQsYtHWBmalEbX1LcAA
Q6968206,,,
Q104904549,15304117,0elWFr7TW8piilVRYJUe4P,UCW2_ESwKrYgSjqQjrR09n0g
Q47159,359,1Oa0bMld0A3u5OTYfMzp5h,
Q532475,,,
Q15304958,,,
Q111050304,,,
Q1031228,,,
Q1816236,,,
Q2485312,,,
Q6983583,,,
Q27062890,,,
Q359474,907,51vjIMmHWyVqDrkxD07Jh7,UCE0QcgZkT3V5OY464G-OEeA
Q672432,15550,22GSc8UsPGIP5mrM4W57rY,
Q948214,171074,3RUZtC4rkONY3kprM10ZTa,UCO3MiP1ipizS2IxlLknzcdg
Q1933496,,,
Q103258,,5X3rdmEE2Mif6kFQkb2PxB,
Q624627,5193,6m6fw8IM7yDdkdgjBTTisW,
Q1974431,241519,3YBaTAcy9PQpIbuRQTbD8F,
Q10335997,,,
Q1429330,,6wLgoPmccgFkKpjPYvJqtM,
Q62708,,,
Q294531,3094,7mEIug7XUlQHikrFxjTWes,UCtPHmTX4_qC_h5cerkmLThQ
Q312743,69696,5N6GwJzOcOY5kv8p0NjhYL,UCw6ncFiOHR5Rbhj1Sbczm8w
Q633,1379,6v8FB84lnmJs434UJf2Mrm,UC8gbK8uoqKhlACSeenUPkFQ|UC6JhadLTf6g6f-ZdeEaAqBQ
Q257712,,3KPGTmc7LTodUo6mG4KvzQ,
Q31174141,,2GwILMQr37VYZiTgC5fXUq,
Q218992,105,2gBjLmx6zQnFGQJCAQpRgw,UCzQNgpWWPLuoAC6zA3VejzA|UCOnzS9RKEhSvfUCsFbSrJ_A
Q10336072,,,
Q10336076,,6yWyIM8jA96kl3jlCXpabB,
Q5110234,,,
Q3709714,,,
Q153996,2211,6Tz0QRoe083BcOo2YbG9lV,UCX998HotocxcmzvyXu8b6fA
Q2986540,305453,0KydPQPUUoTNhmiHKOg5Er,UCLr_RavDLtf6UUnk5emY9Wg
Q1448889,58372,,
Q1978005,,,
Q16961880,,,
Q44399,372781,5TgQ66WuWkoQ2xYxaSTnVP,UCYju6cJkaQafQvKE9q-vMWQ
Q181874,9428,2CqEOngQOOMstJupNn6Hmf,
Q334093,,1KHydwFySZY3YcWyo2q2dF,
Q569462,8041,1nAFTfHqP2WGCKJDKH5yqx,UCpMGtFusq0Cce1DjIa7Eirg
Q849875,2189,2ooIqOf4X2uz4mMptXCtie,
Q1631159,338116,1ZKqrja0WvbSssYNFO3lzs,
Q850645,5700,4ghjRm4M2vChDfTUycx0Ce,UC1TAp7wegA0AoGJ5kJmHbPw
Q7007840,241496,4H2wzhX55UWQ9POEPok5j5,
Q212464,657,55qiaow2sDYtjqu1mwRua6,UCS9lJwUApBCwvyC36COgAbQ|UC6GDrDmvJEZrnipc06ftNvA
Q7009927,,,
Q214990,2016,0yNLKJebCb8Aueb54LYya3,UCeROFwqsf3ADf02l5JzVKJg
Q1506370,,,
Q1420833,70609,2D3v3HJ9k3UzehaewnT3QA,
Q830586,4970,0WhGV9lzljq2QKJ8ipw6jx,UCenEdp6mH6wW6J44WHAJFzA
Q1217509,3773,3kdrMtLybQIl93rXJlvF3w,
Q1760152,,,
Q1445071,,1SZMaiNHfdUuU0qZKZ6y62,
Q1653946,,,
Q467532,,,
Q7022497,,,
Q1887441,,,
Q727418,,3cwVFmQ6mcUoGR6ZvIPuZ4,UC-rElz7xqZdiO4Jm5CdoM_g
Q137368542,,,
Q211588,,,
Q1895390,3371,3bcLBxvaI7GsBzGp3WHnwQ,
Q483802,338,6deZN1bslXzeGvOLaLMOIF,UCx5IEfAbL5pqw3fgKgRi6DQ|UCz8FPpkJMwayyReSDLTX8IQ
Q260214,368033,5ChF3i92IPZHduM7jN3dpg,UCLFiirHOF-wa3QRExEa4m8A
Q946505,,,
Q2606502,,1WgCdu3YOI6rVp6Hr4NSc2,
Q3780177,1369271,,
Q109599010,11223062,76B4kqqCUdVdAo9AG5LNWF,UCOejpOfbzPudIcFzCsr_8AQ
Q928905,8026,4tNxq9NGKTKaX8OkZBLgf0,UCJLq1MIt-h8rOoBdT-9UeGA|UCaedV6NJPEXMTdSRzYntIxw
Q43510,1026,2NPduAUeLVsfIauhRwuft1,UCQplaZZ2mv8fo8Zd-1hQPzg
Q1990612,,,
Q722484,80956,6BOprAXvUTWZjImX2dFdEa,UCC925U-RC-1lSjVPXsS6cOw
Q660835,6461,3v3VSKylQE69ztn5TUVlFE,UCc677zdBqHajF9smCz0KZqA
Q1493073,332318,5gqhueRUZEa7VDnQt4HODp,UCumpwYpXynIdMe8VYnGrw-Q
Q738139,,2r1f1zkIjuQ7ETeJHsXpsc,
Q379684,1675814,0Rsmks8T6CLmfnCp3Ry8BU,UCOLmyR1GJVtNTWUkDh5eu-w
Q437231,,3iVIrcJmrV7GawrxVWsBUF,UCZdg7B8B0AG23bfZDnBdJrA
Q11647,407,0X380XXQSNBYuleKzav5UO,UC4a5d57ZAWl999-YXw0C1Vg
Q22936556,4441465,4ZhOoRZ0JE0enmVPAjkEU2,UCd3X-p_3fRLHnu8LCPOMTNg
Q1993035,98302,6AOWTKUQBsRamW22wk4ptr,
Q430613,,,
Q1044154,,,UCikG-8LZVaGET5bA6ff2B4A
Q11649,415,6olE6TJLqED3rqDCT0FyPh,UCFMZHIQMgBXTSxsr86Caazw
Q580943,210652,7EnAgffrVyerTWH628TJ6f,
Q714526,,,
Q270828,,6UelqIK8qwhWFc2f6nSEh8,
Q7044051,,,
Q43259,79,0cQbJU1aAzvbEmTuljWLlF,UCtJXMyhnbdIQrCSDwAeJlNw
Q375364,,5p3WimI9yquAF6Lqhlm4Ol,
Q2468561,,7wWVpKpMtvSX9mQapjtKAD,
Q2294741,,,
Q281078,,,
Q265222,941,4S2yOnmsWW97dT87yVoaSZ,UCLOMDtSVuVeQJrd0Cq2tGAA
Q516302,,6qJ61DomA73g7jQEKESw9Z,
Q7047756,,,
Q47227,6455,4YWj8sohRDjL9deiuRvEEY,UCPSso4A-41Rth8KMf0O40iw
Q161725,,5xXpxy1ik670YwTolmT7Yr,UCQMbPBWMt6efJ8MVHls5pRw
Q7049430,,,
Q441730,,,
Q21484134,1018038|13509381,24DO0PijjITGIEWsO8XaPs|04m3oUGzjO3EJTQidFzTgM,
Q7050137,,6n3vQEpNNzmYXd1pxeifl6,
Q549981,810,2Kx7MNY7cI1ENniW7vT30N,UCBJtGODWGrM3fdQ0G5E9uAQ|UCM11Z1jQPm07ImX4lqYmwqA
Q3543876,,,
Q406379,2174,55b0Gfm53udtGBs8mmNXrH,
Q16666774,,,
Q3297853,,,
Q475935,399156,714osTgzZrkyf3SGjggpfY,UCBbbP8gKV8P5drhoOWqpLHg
Q7059558,560902,3qyg72RGnGdF521zMU02u9,UCDzB7hPwj9qoL_bKEb2atFw
Q485167,,2gv2g5svhtzsUQhtNZW7Xr,
Q55075209,11366354,40NRiKuuhj1pgGYppptlBO,UCJoVA1fcfLZZ4aqlKmT6mnA
Q42336667,10138676,7FngGIEGgN3Iwauw1MvO4P,UCBEWNR_x89cYolTNhuV7-Fw
Q719110,,,
Q16733502,,6SpNoj5Do23mlFTVv4ig4V,
Q154454,520,6Ff53KvcvAj5U7Z1vojB5o,UCjkyfFH-MWZhasolgds05EA
Q899032,,2iu7W76DMacXn6hzAqmJJU,
Q462347,1978,3Rq3YOF9YG9YfCWD4D56RZ,UCxQQET-tQsC4cwzLow9ZsuQ
Q1168617,,,
Q5359582,13625917,0FXxQ0TEYtebM8gGg0xdoC,UCBlK4kWfM0Favy6ELIq0YzA
Q3879772,12751,,
Q1930798,72213,7BqVdvWeMLlWkZAOGRPe0I,
Q299073,,5HcunTidTUrOaf8V0iJcvl,
Q3879978,,,
Q7071588,,,
Q7073354,,,
Q3347472,,,
Q382890,927,2DaxqgrOhkeH0fpeiQq2f4,UCUDVBtnOQi4c7E8jebpjc9Q|UCmMUZbaYdNH0bEd1PAlAqsA
Q334537,10679,0SbGI4sb8dAKFZnK7RFyhz,UCOnhgPNvWPmUmNdtPkamLIQ
Q732205,,14UQmxJzeKtmgYzJ1sEJdi,
Q64211521,,,
Q686550,983172,7i82bJxWj1Tggc7pnU1hzt,
Q1332158,12777,5vIOGcdmx1eIkq3ZtuS12U,UCWG9_btv4VSh-z9SfmMJe-w
Q10340215,,,
Q237633,,,
Q509702,1581786,4dwdTW1Lfiq0cM8nBAqIIz,UC-hZDis8Dbfk8FotKkOXyQQ|UCNqs2VoY5KXMeOm4wo5U2Lw
Q310162,3851361,6bdOuFTmkGliFvCkdpH49Z,
Q1006517,211085,5YQX51PLEtKQAKnMFt5jnG,UCL4ODXtv4rPq03mqsPUdbZg
Q111087,64132,6tOL5L1TlmBLdFMeEoXgae,UCiZg7Rni9hUdT1fKAOJrAIQ
Q15436057,,2LQF8AgyQUgLfquM92Rx8N,
Q1760014,,,
Q1291507,7638,6m30rs1IQqnWqV5nKMpU7U,
Q1887278,10987,5LXEAEGrpKQtpyCu2sZuWu,UC8K_izaGa3qp3CnJaEl3Nlw
Q576420,,,
Q7082705,2362981,2FfrBmWZ9iJftiRXgpEyty,
Q18217816,268770,54kbEfPTXBDiwiYlRM8NLM,UCuM9J3qrdcvkIAEx0wx5kWQ
Q7082838,,,
Q727187,,,
Q3881496,2072,27AzFtMZhRN78bAMPntbpF,
Q1886400,4422,4LT73i2bqTazQQkmODMaYf,
Q953117,,,
Q3350611,,,
Q16667903,4777520,5nki7yRhxgM509M5ADlN1p,UC-EVnno6x6-aAG6g1ZVoN3A
Q151593,,6CS9O2pE67oq44GZuBEBuD,
Q2021108,,,
Q19520573,1192744,3rblB9Pm51uKd9uYPVPB7B,UC8uci7h9BJ8_9mD3g0zzg1A
Q2023132,,,
Q619303,,,
Q237997,,,
Q2023278,,,
Q2918713,,1IAEef07H0fd9aA8aUHUlL,UCgrhjmyvSl5prDJtzzHUTLA
Q1749482,6320,6frUTw3CamrF5NAGaQchBS,UClJdVD2bEODov42fAfZmdkA
Q7092163,,0CM3bmdc4mCsRD6Q9yzmXM,UCH3ZInIZYKtG3tDAiSsHdXA|UCOm_XwJ2f17XLXUjZeHwRMQ
Q3882507,,,
Q286346,406857,2wPDbhaGXCqROrVmwDdCrK,UC0xbzNitcynZOG9A2Rb_wPw
Q4353626,,,
Q572174,7957,2mZITUvfEwrKlksoGpHTsM,UC4u1M7OPAeDls-l8hQOjeng
Q7072798,,,
Q3354052,,,
Q165846,7955,18XRGxd1b484f2h06cwvJJ,
Q18557,2814,0ybFZ2Ab08V8hueghSXm6E,UCmQSJTFZaXN85gYk6W3XbdQ
Q449323,184141,1LgLuJSqAJJ6v5RCvjUiQh,
Q14521452,,,
Q1781317,,,
Q467624,,,
Q515942,3065,3csPCeXsj2wezyvkRFzvmV,UCmXsU1Qz_5p-84-20E7rKSg
Q18960277,,,
Q956500,966,7wJ9NwdRWtN92NunmXuwBk,UCGt81JgXy5FiQUml-nqePKw
Q1382418,,,
Q933710,,,
Q10864039,241340,76QaFuQNldIJkAkDmaMAck,UCyFo-ai_spUBHlFH7guVy2w
Q1651693,,,
Q154792,,66hSfMemmixjY58p7KcTV6,
Q10341515,,,
Q19886334,,5nmP3vKUqynlECpm2ura7L,
Q10341548,,,
Q7128978,,,
Q208797,,47odibUtrN3lnWx0p0pk2P,
Q1126314,3078,7xTMxqAmbtE0Nce5lz7t0h,UCtcTXDncH-xKrhbKUGlbrtQ
Q7104019,,,
Q2031558,56280,,
Q10341995,,,
Q1325248,,,UChzjZNiYJW5PPz0T725fD6A
Q3522116,,,
Q70913044,477255,69Fy7EM9qAFPdKSKLFU66b,UCKamE2E1mDtyRWJi721MKBQ
Q16186057,,,
Q1890473,11474,12X85dtebfc7JTZ8iMBT2o,
Q7107123,,,
Q113635146,,2QpNu8tDPv9n7oY34J1TtN,
Q380673,,2HO9rAU2R7CRnmhx0ytN41|0GD2yZ4QBfAj8yLfEzirEx,
Q323966,,5H7etoKfpUIbHX80e6evWv,
Q3357654,,,
Q217839,2945,60df5JBRRPcnSpsIMxxwQm,UC0d604wgOhA8on5Lgw4lMYQ
Q711197,,,
Q1349079,,0xeI9Z0Uhs8bYGBRpqq88X,
Q1969558,,1SaxNtmcOKYGT9YtTDAgyg,
Q1573838,,,
Q400094,1671767,5fahUm8t5c0GIdeTq0ZaG8,UC-RcLOfoJrFN8eDGPtVlrPw|UCUJKz48gEbG58nVv6a0BlNA
Q2039834,,,
Q59485,272775,1T6DQ853AlyL47W8a2jC0f,UC_tPfv2Rd0IHjunu11m8HDg
Q243837,,7KkUirCiJZhgRN3NbgG98L,
Q467094,,65CKKZilbcSKkAPC9a5Mvh,
Q1463593,,,
Q472595,9,1G9G7WwrXka3Z1r7aIDjI7,UCaziuyHLR37c2jBkHrYSQMA
Q1869710,7531,72JEwd3EjDEwTLypkFYJn9,
Q534454,,,
Q2734296,116929,3GBaJmaRSCLv9DZXo5tgRL,
Q1277127,,,
Q1428002,,0uhNYfjHJyAmHh2xNZ4vqf,
Q1550383,101265,0Iv00ucAIqr5KVS7bXGFa9,UCirAJ5g64gy8mHkUJzYGhtw|UCsbWPmIwbmnvM-DykpEfwzA
Q28739901,4937383,1i8SpTcr7yvPOmcqrbnVXY,UCjIA3wwhi0QjSOXAZwOXbPA
Q7117378,,,
Q3349799,,,
Q11697214,,,
Q560953,,4vOfKh5wz7lTcdqB3EwsC5,
Q743869,,,
Q7122056,,,
Q3392753,,6Nmq3E7vqOXFszApTsZ2Zn|7h3D8mgalARKF0HKrjdNOq|5rbS9pfsMZApkoSk7YsoQ0,
Q12043494,,,
Q153300,,3h8OjAdgYXVRoMZ8jFd6Uw,
Q981236,,,
Q7124160,,7guUH9AltTVdv1HniR7d9O,
Q7125397,,,
Q2069239,,,
Q3891705,230762835,5CNgBVZXUEEGqyzgjUAgDj,
Q530413,,,
Q1889385,,,
Q1346896,,,
Q2723854,,4Qpbhxe0sO2zhvUVfODdZw,
Q2253861,5883,5OyEfwMlXpCWU8dWVENGgm,UCiJnI7aKW5jMYC_--jkIW0Q
Q4503270,,,UCzcgU8zoBWid66FtBijwZaw
Q180880,2969,14pVkFUHDL207LzLHtSA18,UChTDORxN3YPmasEurM6kRoA
Q179516,635,,
Q254371,89,4RddZ3iHvSpGV4dvATac9X,UCeekxg1vju_sjIK9KjJJLYg
Q736274,,6a4cdntqTPN10fph5A8zRQ,UCz_TL1llRunYCCOL08BW3VA
Q750593,3021,0gIo6kGl4KsCeIbqtZVHYp,UCv2XsuBQWgkiW3CQxPCb_zA
Q473466,10977,74XFHRwlV6OrjEM0A2NCMF,UCc7_woMAIVIW2mAr1rPCsFQ
Q10344640,101813,,UCLf3UtpptNrARjdKiiAiQTA|UCTrCKml186HhjRrk-myu1pw
Q2375711,,,
Q282855,16410,159qqlGwzE04xyqpfAwRLo,UCP0efewXEcuCddMFLjlCDJQ
Q2053632,,,
Q89525,3452,65EXuYHVoehCKqp0kOS6px,UCVtnG15ufdzur71RqfqNSOg|UCWrsznYEg0tnrsgaXrUi36g
Q16740568,,,UC6WohUYtpq5oYqX4MDxuOrA
Q1514494,,,
Q15929398,4925172,2HPaUgqeutzr3jx5a9WyDV,UCz9f4llEeQyb5F2_p9CirYw|UCV8G0JqlvVKkHxNyeog8Ftg
Q1784022,95538,7gjAu1qr5C2grXeQFFOGeh,UCntk9NLvX49igtJnFY2IaIQ
Q3368476,,2XtrsBob50yrdPKaWPJI9E,
Q2056297,110498,3D04N2X2w6vUGeyG94FBaY,
Q10751549,,,
Q7143495,7510,0EhgpjUqiIIQhM6ZRF4kXX,
Q213887,12358,3t58jfUhoMLYVO14XaUFLA,
Q28043525,,6bDPzH0ZXkaMcXYlcQ2yoy,
Q2240661,,,
Q3694816,,,
Q583025,,,
Q1395989,,1pggi3bfbAPkwrylE63MEO,
Q1537039,,,
Q7148160,,,
Q273080,4602,7dNsHhGeGU5MV01r06O8gK,UCAESb2cubKXF2G4-JRhGjVQ
Q272845,,,
Q557,3307,0vYkHhJ48Bs3jWcvZXvOrP,UCZ75jeE46GMKNBvXXKiUCiA|UCmCcoVO-rISWjU_wFmkH8qg
Q455939,5437,6SFUC6ORDCIBqPssCBpeHT,
Q215556,,3KpcdlqCaWWruPfmM2rWy1,
Q960974,,123hDJRbi4KtCdBaaKNHW6,
Q57244,,3u1fWmwpwPOmMelTAo0Gb8,
Q7155240,,,
Q109451283,,,
Q136324170,,,
Q321339,607,5MO2kbaGGA2a8kL4c9qqHq,UC3J9EIm0n-NU1RBPlsWIT7g
Q1026810,99118,32HPpJAhgnGPT3V7UOggzi,
Q273233,,6ccc2jvU6SYt0OyInCkIbG,
Q4028,1445,2CvCyf1gEVhI0mX6aFXmVI,UCRfCiKTwOOKV8aoxE9M44bA
Q77034,4730,7wU1naftD3lNq7rNsiDvOR,UCodQo76JWa75exuuEpucVeA
Q709640,294,0k7Xl1pqI3tu8sSEjo5oEg,UCdh82RBe-EGsKS-BC47wseg
Q470182,,1mZm40boQmdGKicfbNkd0r,
Q1338162,,4ZmNj7bRSU3YCtH0oaJSef,
Q185465,3947,4PpmBoqphQusNFsxuVKb6j,UClPHrtNd1LqDmHwavrRsTyw
Q3372725,,,
Q444857,,27RypxD9VhgrvCg9QePTLi,
Q241801,,0t2xdTxRXnffsmpMamH8Ls,
Q17013873,,,
Q2032898,,,
Q584391,,0o7TvHMVIlWDZo98MCVume|2aTDvFeFYSonawKgnJr2zf,
Q922445,1676,3inCNiUr4R6XQ3W43s9Aqi,
Q667042,4081353,7cQYuSfsavW0BrcspRRJMi,
Q379548,64412,49iKbKGqgn8OESkW5WduX0,
Q235095,872,1gkSl4XpHIHI4I1WQbfXOE,UCAVB5fxiG2CYxS74w3qUpqw
Q142701,1319,1w5Kfo2jwwIPruYS2UWh56,UClQT6Vnsm6BUm0I5kR26EkQ|UCI1tnOMUhNh2QiHTpMrPDbw
Q1342505,,,
Q3898491,,,
Q467954,,,
Q1860517,,,
Q5551605,,,
Q2363489,211089,4ut0QJyQkh4mrh3Cu6diKz,UCNwKocKF3FVR4l-Qktiz24A|UC8dk6H5BR0IcNqEezsjNWkg
Q2068562,,,
Q10348267,,,
Q1856247,,,
Q20672,281,7MqnCTCAX6SsIYYdJCQj9B,UCP2uxfZ9lfeqY2nkUkoPtvg
Q50505246,,,
Q754051,2238,,
Q1402704,,0xybuiDEYo3YuT3fLPaIyE,
Q1427551,108402,55wOEGTc3QKwBJ9gntcOxT,
Q7166241,,,
Q712683,14232,6unIK8JFrGemCge3NIUDKE,
Q445862,1890,3rRmDmzPcAFwcUDvG5gBqO,
Q1500073,4480,3V4FPipSnuYjtHnnAw9cZd,
Q1388730,,,
Q154809,,,
Q16966850,,,
Q2071101,384038,6d24kC5fxHFOSEAmjQPPhc,UCfVczXnryp-xB2xBG3ocUgw
Q7169164,533935,2DD48qUxMj0QmjMqWOZ4WK,UCIVdcHqPDvrmuCSFtqDZ74g
Q7169608,,3daZ54uJ2NvlclfdEkfa4R,
Q333405,6180,5v8jlSmAQfrkTjAlpUfWtu,
Q20685120,4740810,244uLu9lkdw39BJwlul3k8,UCXemm0lOxCrW_pRD1lhLhQg
Q7171305,,,
Q62554723,149196,07ogfrunSUmnsEsPQdRQUB,UCBxD1FCXcm3SAfURV5CEHfA
Q117242724,80365122,12GqGscKJx3aE4t07u7eVZ,UCzrM_068Odho89mTRrrxqbA
Q485625,986,2ycnb8Er79LoH2AsR5ldjh,UC9UhWlkLfeypFt7pp7v_aBw|UCn9W4PujTNjq4C_vlOgpyow
Q16013757,241185,7BeJbenrKbpNEUIsbvrl3d,UC6AV1haeIMk7L-c5xo1XzHw
Q1399599,,,
Q677600,,1zdrhzkCEqTrUrIiRzVeQ3,UCXq1CF-oYEdha_REItSp_IQ
Q1851859,2349,,
Q3376398,,,
Q1369304,,,
Q244441,70069,1P9syEkl41IFowWIJN7ZBY,
Q44801,70031,55n0d54QHnPlc1BQtJcNdi,
Q175277,,5DlFW9TwvDgSJHJuufuiAO,
Q175195,1048,7C4sUpWGlTy7IANjruj02I,UCmcjOnFmIlg-LqTocHbQkFw|UCRLD4l_mxKZcKGtoH6KOvDw
Q1507752,,,
Q106308191,,,
Q87996,98530,,
Q273049,2326,0oea1hwGMfUxZbLxJc1XUN,
Q654716,64410,6yrBBtqX2gKCHCrZOYBDrB,
Q368449,,5pDXC7kLwFougTLVv2KFNJ,
Q2079842,,,
Q2080180,10923458,4TkCzUif7TdJyGpvqyRvQ4,UCSkBDjNAbWFUxdkXE1Oidgg
Q114596815,,,
Q6073645,,,
Q180026,,,
Q709143,,,
Q470617,,3JLUCojZaHrX2LaUkSj7Ud,
Q7180927,,,
Q7181551,,,
Q1579192,,1bAzlT6fMBcvCfwgh4S3Xl,
Q379802,65799,3JhQGw54MOytJP3GZ8KNPo,
Q7182272,,,
Q189729,4726,69lxxQvsfAIoQbB20bEPFC,
Q1374217,,,
Q311766,3013651,,
Q3381062,,,
Q219519,2690681,6p5JxpTc7USNnBnLzctyd4,UCqFqC-qFh6NGDJlx4qU4Tzw|UCZYewi2Ya8JledgJImmXIWg
Q7186118,,,
Q921267,2549,5wbIWUzTPuTxTyG6ouQKqz,UCDEPOd0RCvw8iSTqFpSBZLA|UCHzSA59X-pZa_nfvvcf_qcQ
Q1349876,,3hXDMlrPegHRO0zUvBsRSI,
Q286750,,,
Q460970,,,
Q1870526,,,
Q7190493,,,
Q156193,,2prZJWfQMnIgwUKxKcBxH7,
Q97122096,,,
Q524331,,6QutpSucaFz5YSOenQs1J9,
Q544469,12004,5ITPNl5P6R6cFbw4DAcMAY,UCQrEDiZQMYneZ5lhXxC4-PA
Q315744,,,
Q677891,14518,4raqfuxaWjPjrOQGb6zoa7,UC7iawqYGjXcZoXYq1Ubk1Rg
Q1472962,,5FKexvtYHfpvf17ZnGWulN,
Q458229,,,
Q1095520,,,
Q2306,860,0k17h0D3J5VfsdmQ1iZtE9,UCY2qt3dw2TQJxvBrDiYGHdQ|UCO6LS_5W7vqG9mALDNzSFug
Q498416,4060288,4LE86GiUcfzELNnJrkmiGV,UC9jNjLWLTQw4rHBQLj-jorg
Q1543576,1074,6KyUat70qaniuiZq63HzFZ,UC674a0Y6Rc7D59gUotdUzYg|UCDVMLmd5MIr_S6Dg6p9QuKg
Q187844,776,0TnOYISbd1XYRBk9myaseg,UCv8nzwVPQDRjkPCkEsOdEwA
Q281086,,,
Q1202626,,0IQalWuw5NBk1xXG5GK0Bv,UCtjXXkN5-5Ntqj5gkh7RABA|UCX0aFRShWigyXoQXJFYI8RQ
Q1427795,,,
Q1072372,1692,5akVqMzdZOdbMYbE4vNZWD,UCS-j8enQVMxOZLvI9PdBUbg
Q763092,,15EMC4BhBrkCPwIxCfuY9c,
Q27671080,10002824,699OTQXzgjhIYAHMy9RyPD,UC652oRUvX1onwrrZ8ADJRPw
Q18158382,,,
Q6317600,257950,1daC6WKGAm52YZbL5G7zYg,
Q7205578,,,
Q548990,66231,0fyqyjD7pbaVzbu94ylWQR,
Q550602,5733,1fBCIkoPOPCDLUxGuWNvyo|6xHvTllS7IDbFqdmNn2Vea,UCZGcHLEZkIQfW9Dvp84ta4g
Q7208447,,,
Q768132,1442306,,
Q939139,,71t8oi0TjZ9Op6JRrVqaBx,
Q12884049,,,
Q1377199,,,
Q81698554,58447102,0eDvMgVFoNV3TpwtrVCoTj,UCSaPKJpNd-Mkm6hhelIYSlQ
Q1378050,10988,5rIXueJu7zVE2gDZjUM6g8,
Q213923,4069,5NXHXK6hOCotCF8lvGM1I0,UC9OFhiq5cs10XYGDwBO_7xg
Q13017264,,,
Q2105055,,,
Q21084,864274,3dz0NnIZhtKKeXZxLOxCam,UCKKKYE55BVswHgKihx5YXew
Q191352,1069,6liAMWkVf5LH7YR9yfFy1Y,UC243a5RnwmItLvwhl0YOxbg|UCweAx0TIRdAylp6G1nviqbQ
Q830761,,0ZEpcKtaM4ItvzHJCg5udc,UC7xHBEh3ECRPEYQyM0WtoYw
Q710574,,,
Q1506813,3781,4w3QqrcmBv8dasemwBXmxf,
Q917450,3709,1MD5pgVzlusqGyuSTcTxvu,
Q271704,,,UCTimP1Fbgg5hXjYoPItRa-A
Q729952,,,
Q666697,3780,3wury2nd8idV4GecUg5xze,
Q1345756,,0BZr6WHaejNA63uhZZZZek,
Q741836,4056,64mPnRMMeudAet0E62ypkx,UCfO3MSoheHzZL4GkK_gKfuw|UCClDrz9Pj6Ku6X9bWANkOCg
Q7542,1878,5a2EaR3hamoenG9rDuVn8j,UCv3mNSNjuWldihk1DUdnGtw
Q441161,,75S63f1AmZUa9gpQvlt5NB,
Q2110365,,,
Q1893336,1453568,1t3sXc68XewRk3pB1S4A9e,
Q7245230,,4rsEVNO1tGTY0beCnsnHi6,
Q214486,2053,0GbqW5TJr7n4is453VOY4C,
Q7248144,,74v1evvmANyDL1LqJiFIWm,
Q519965,,,
Q918447,6412,2RyY5yFlJh6jIPfMDhHgyD,
Q593741,,08Ld63UgKrJ0nZnCkzHtzc,
Q1638101,12970,6SER9tY2pDIDVWVf5Ql97B,UCZPmP6vv4PSrjyTEKSc1dzA
Q1426055,845,3Z7thZHrtFvqp8OpPffPKp,
Q7250165,,,
Q7252901,,,
Q385861,,6w1XCiB8efbfnusJ2jzmvu,
Q3409991,1116539,20L3gYREq24KddkFreyiNv,UCZ-kSL4O28sTPJ7jnfvC9fg|UCf-tvh_Rd9Lvje-Q1iP9fhg
Q7256203,,,
Q2115954,,3oi0s3WIuxBU5oh87n7za2,
Q1241167,,,
Q1807574,,5Wqztnja4JFJ7WNcGLzAzb,UCYTR51s4kOgTc8bQhXnYvhQ
Q209182,3233,6Mo9PoU6svvhgEum7wh2Nd,
Q845265,455089,70MMkLXtue3Edj3RJhJkYp,UC0fjYKPi3iYTeFRznT4fAHw
Q1891766,,,
Q504464,2003,36E7oYfz3LLRto6l2WmDcD,UCXjPo9Camh_4-TTMCQ-OMXA
Q6583188,,,
Q82179,66062,4gFssfOmWNY3LfIZ3zyoy4,
Q7261330,,,
Q111750814,,,
Q7261732,,,
Q2712704,,,
Q7315,,3MKCzCnpzw3TjUYs2v7vDA,
Q1188776,,,
Q20880743,,3ugpHBbGBeWmPqToT6s2K3,
Q2325467,10622,6zK5u6YhHezhkI3QY485yV,UC9D18-XZMvO4LSpqMX9WUuA
Q206275,1637455,2xeXoF8arRZILlw5MKR2f2,
Q28402704,,,
Q504331,,,
Q702867,1573,,UCf6nucE_WNkvKuI07iQi6Lw
Q7268270,9120,4mar1GMMEhvGyJdWagu6KS,UCDTzgA6Tw8UwMi-x5snc8zw
Q2198055,,,
Q15862,412,1dfeR4HaWDbWqFHLkxsg1d,UCiMhD4jzUqG-IgPzUmmytRQ
Q3147762,,,
Q1243718,1177,4pejUc4iciQfgdX6OKulQn,UCAqa6dDmCH4XwipdfxoMo4Q
Q462380,6016,2OgUPVlWYgGBGMefZgGvCO,UCdFlB6czBDaZhHPD7NhvEyw
Q453691,3771,0b9ukmbg0MO5eMlorcgOwz,
Q728559,,1GDjwZ2zwNZizuNJPmH3mE,UCdRaokHvMULVPWqj4bp4MsA
Q1382357,211231,7DCnwoFMqGN6eZULdcLZeL,
Q221494,5732,1dLWg6m8RRhizsdqJbhyj3,UC_64i2VewDA-MGG0uA7L65w
Q1140278,,76sZcEL2ZXBTqNeFJAhlup,
Q1395361,112273,,
Q2201526,379558,1V3VTM7VspiQjcmRhC010n,
Q10810227,,,
Q198546,,2D38buglrcCl9TMZ45tkh1,
Q2123849,,4Yg38CnYMoN09sMLf6KDdW,
Q2123902,6292,2drMeidRg4jc07neGOL0Ip,
Q134969,129,4KWTAlx2RvbpseOGMEmROg,UC7eaRqtonpyiYw0Pns0Au_g|UCZQMYjqm_j5mBVTfPcCy3FA
Q3414998,1353625,6cEuCEZu7PAE9ZSzLLc2oQ,UCO6Rq8SSY5ui4ptyMkLirIQ
Q7278635,,,
Q33692845,2785481,3Ij56hbjOTHq8RgutQwfxC,
Q2983671,1304,2oWyxHNcxMcrvNIHMX2apR,
Q1755388,,,
Q44190,399,4Z8W4fKeB5YxbusRsdQVPb,UCq19-LqvG35A-30oyAiPiqA|UCr_iyUANcn9OX_yy9piYoLw
Q877525,,,
Q320167,3886,2yQf6b8hxahZaT5dHlWaB1,UCIybLvQYy3iu4CzaCl93fIQ|UCE7CGq5CJQGA7V287kvs-aw
Q7282075,,,
Q984122,,,
Q3112679,,,
Q2610362,,,
Q72092,113,2d0hyoQ5ynDBnkvAbJKORj,UCFcytuxeGAHyM67L_nHDTIA|UCm_W_hbwbzJE8w52jZ2NO0A
Q691490,126453,3OLGltG8UPIea8sA4w0yg0,UCP3nA0sJTqSxFv43S7sJU1g
Q7291909,4665964,2mCmDragybleJXqTqsOk5I,
Q7283409,,,
Q918592,3150,6vunRaBya0Sx6CMJZAlHTZ,
Q7284050,240988,6ijT84fUReKCGYV3MjhB2y,UC7wJeb4Pd_RdhzMzGT-m0Vg
Q3051570,,,
Q452817,264827,1e9cOgMYTLJ0KFOjmTx13F,
Q3119760,8430,,
Q207947,,7wNkISK49lKeXuRaZcQVFe,
Q7289323,,,
Q16968240,,,
Q25177,464,6wWVKhxIU2cEi0K81v7HvP,UCYp3rk70ACGXQ4gFAiMr1SQ
Q483407,1725,1co4F2pPNH8JjTutZkmgSm,UCSrA5JaXpR21z_E1FDA03RA
Q1936300,,7Kfrmups2Z3ncDQmNS5jRc,
Q787191,,,
Q330830,81084,5Oe2el698y8tac9DMvlI7o,
Q2760921,535490,7IeovKzVkfcG9mIJGNzTcT,
Q7292403,,,
Q2130817,,,
Q467519,8635,1pTuR132U5b4Rizal2Pr7m,UC0ZeCRlZUeirgDc3sQ823Gw
Q4048016,,,
Q3930163,,,
Q561205,,796OSRuB0E9Hq55uTFL9U8,
Q2670911,,,
Q7294514,,,
Q7294674,,,
Q7295154,,,
Q2715339,457744|222569,7Kkx4dACo6kFSeT9wjfVA5,
Q2031780,,4DeF1n7pWrs52PhWd2sEyr,
Q10357548,,,
Q1422764,6058,57dN52uHvrHOxijzpIgu3E,
Q1969179,,,
Q103774,2033,4uE9TgBW0AaPDHL1qYbtd0,
Q740099,5130,,
Q544387,1342,1eYhYunlNJlDoQhtYBvPsi|5JCiKwFQCn6JzxIb6LTR1G,UCuDb3PN8JzDZLY-TUosFkgw|UClapQBGYNOoLYmCct6e3B5Q
Q206304,77350,7LfRnzGM0wRSyS5mmAwJbv,
Q1929135,,,
Q1531369,,,
Q1320685,315082,1RnHJ07H3jcpay9PrUPjnt,
Q601577,,,
Q41108,,2vRfKzjQYJQd67X8x49MOh,UCtSyZ-lcPs3KK6r3F58mlrA
Q1337319,,3qSJ0u8E2oU5FRu4jeC5qW,
Q3421778,362545,2WjvvwAX0mdWwq3aFuUdtc,UC3Bx5A0GDGX0tgLl_yUQQFg
Q18155080,,1doQgXssRfKnLx70adszbK,
Q2699736,393428,3u4HBuoQ4dgPBzX2Q9uf5S,UC4B8SCqmG-ChP2Lth7xVm7w
Q2033431,,,
Q10708,182,0L8ExT028jH3ddEcZwqJJ5,UCrSorX845CEWXzU4Z7BojjA|UCEuOwB9vSL1oPKGNdONB4ig
Q1329500,,,
Q2136070,,,
Q2136093,,,
Q313138,7541,7xTKLpo7UCzXSnlH7fOIoM,
Q2136387,,,
Q665979,2115,3bXhZFreBJF4QDUUiMmtZW,UCjO8iiof-PPyNHRSRJeKclw
Q7306953,,,UC21bwZbxioP2JEuUkvdpOLQ
Q1358175,1400,5sdxGvwxI1TkTA6Pu2jnTb,
Q737403,,5Q73WzWI1MkAbAwi2ZhG8K,UC_zD0FD8Cvh6K2-0-xv5Qpg
Q229274,1568,3z6Gk257P9jNcZbBXJNX5i,UCXLFs5gTV3rjGPFkgxFoDxQ
Q2117780,,,
Q446854,14992,3wNylAjJX1PiCpMKx8Lrfp,
Q1783268,,,
Q2140182,,,
Q164721,240924,119CgQj02xyMpOobWjdb3C,UCEZR1NAMYHK0net1nK90TXw
Q2142533,,,
Q65071082,5259966,46pWGuE3dSwY3bMMXGBvVS,UCHGF6zfD2gwLuke95X3CKFQ
Q2575113,,,
Q736099,64635,5bt1p0ybrvQPJwt4YINGTF,
Q10359400,,,
Q10359386,,,
Q7313342,372644,1VBK6k7rguirRwA4IlSxhN|4pUOSCkfuT0LpZFBAjJlg2,
Q7313417,,,
Q845084,77970|3875,55vs7NT1KxcFjbMC4y202E,
Q1853330,,1RTDcE5i7TUMhY4NsmqM4W,
Q1065887,72834,1txWOvvuItlRlkB4rM0cUK,
Q1627650,,2sxei3CdEndzYe8zESN4Sq,
Q159098,,,
Q1374215,,,
Q7319236,,,
Q46994463,11361878,7pbDxGE6nQSZVfiFdq9lOL,UC7Yqsq07_fdXg23hLRODh-w
Q7319541,,,UCaRRGZajlQglkWBKUuU0e8w
Q432938,,6Eu8djOGFxGaykaqJlbzEf,
Q35487701,5879522,4aKdmOXdUKX07HVd3sGgzw,UCMcWPM9eOz9Dsn7YwAlpOoQ
Q193174,12061|20,2GnCQNJbs4xqFulqAdAg2U|1w7TzlLDTjjFx5MFILkVr3,UCtTQK5lja9uO9b5PNTmbdXw
Q2735641,,,UCTgu78pYt2h1N87lHwT0Vpw
Q3429882,,,
Q7322526,,,
Q13430856,,,
Q132415,,,
Q929476,,,
Q1518141,,0GjxGQsnFjuHfQUE9vMmCY,
Q19646960,,,
Q3430709,162885,2zZ8py1CLFzH10bc2unTpn,
Q13894,10881,6pAwHPeExeUbMd5w7Iny6D,
Q539955,,5w75MoT8FfcGOMgjgrj1cz,
Q1511,,1C1x4MVkql8AiABuTw6DgE,
Q378876,4157861|154654|7397,3AhwIUus3pIaA3CvYBEtpy|7GoFQNOTX0suC6Tn59qx8n,UC2tkpbU5ELaFXI2Bn2WnaJg
Q7330563,97295|123916|99820,,
Q297831,9112,1sBkRIssrMs1AbVkOJbc7a,UCdLf5_x-4eic2Hw-uovjdKA|UCHO1BdBZw927UtUGhxYOGwA|UCj-z4t1XEtDH36yS6ZUUpYg
Q128799,2789,7slfeZO9LsJbWgpkIoXBUJ,UCGkkG-VYVXenlhVIqjH-9oA
Q1347095,7473,0uNC9XuH437fKCCMuzvSks,UCkXLPS1Y4VQmybi5-BnxeRA
Q3543976,1380809,77hvqYqKgIrS1SC0BhRdQx,
Q4371,1303,0WPY9nnBy01s5QOt4o4oQX,UCIesQAH8Z8SbA2rR6Ujx_Xw
Q2151848,77871,0TvDQyGFRlrLVUPaViJcEi,
Q220050,4332,6hfVCgKTJbLM6M18e2z7OI,
Q430216,,,
Q36844,564,5pKCCKE2ajJHZ9KAiaK11H,UCcgqSM4YEo5vVQpqwN-MaNw|UC2xskkQVFEpLcGFnNSLQY0A|UCvWtix2TtWGe9kffqnwdaMw
Q7334080,,,
Q7335050,,,
Q125510148,,6O1vRHWVGKJTnWuJmItnsx,
Q1408267,6858051,6TCoYcCpctMOSuqKSjF72W|2TTfkn3oA5dSvqmvVxjUxR,
Q246352,3566,6Wr3hh341P84m3EI8qdn9O,UCvDBqH87XVRQ31nz0JXLPGg|UChMKB2AHNpeuWhalpRYhUaw
Q3458835,,,
Q309725,11731,,
Q943982,,,
Q10363097,150446,1TRFAJu3Cw64APToZaGk9D,UCwqlRTqYunfJmAFJDa5i3fw|UCkm9ryTqb4iL24sCvETeFOA|UCXT8tC4G6f9-BZSHYb_9Vng
Q3548093,265297,1ZTdxfZTeztyAgKUJVLxAI,
Q1933793,3227,1O3ZOjqFLEnbpZexcRjocn,UCnDvLN38Co9d_NE-a_Bglqg
Q16234136,4406350,5eIbEEQnDM8yuDVB0bimSP,UCQ8LkvxhyXjDxbPWMU3TdbQ
Q127303532,,,UCDypbeGU-hGrtDgz8lFCJJw
Q7339869,,,
Q2023435,,2lWfeg9pEv7nuCkZMbnhai,
Q599443,290508,7srcRwewWzownnksojMCBd,
Q3938177,,,
Q7340888,66470,3jrgftS3TYbNxcPt5itKhz,
Q2027370,,,
Q464534,15593,1862NkVrufCFJZkZJMfftO,UCcw0deENezJyd6veDSt4y_g
Q455723,74408,6eMlKSBFAoXVJLoeHmwKEj,
Q333014,76193,1jjpkAHC8bd9fRFfgKyYLP,
Q1370642,,5cM1PvItlR21WUyBnsdMcn,
Q582813,,,
Q18672192,,,
Q310985,3062,2YVF0Ou5zIc4mpgtLIlGN0,UCSAjUPxWbsAnbfs4Q90fJbw
Q112490531,,,
Q129469,,,
Q1550716,64250,4xac3zhHlBm5QDxbZeqgeR,
Q1976619,9377,3ux92I3CgfnhgLyYNsXIwZ,
Q7351,,2UqjDAXnDxejEyE0CzfUrZ,
Q312693,,,
Q465191,7613,7fAKtXSdNInWAIf0jVUz65,UCa61SNyOCMWaL2PPEM-Qz6w
Q558709,,,
Q737751,83238,4Y7fW86VPX4T4Ojio2fQCm,
Q7351847,,,
Q470066,9121,2WvLeseDGPX1slhmxI59G3,
Q16231940,2005781,3t5xRXzsuZmMDkQzgOX35S,UCLVVBWrp9jw4-SYUoU42hcg
Q229445,2648,6UE7nl9mha6s8z0wFQFIZ2,UCC_JSfQlhrKeA_jNeqhLAiA|UCX6kV7z1OW-x24NwvXzyY5Q
Q7353659,1313917,5X0V59ipZnbvnubW0rQVri|2XInFFvpdu5Xxpwc6kE8hJ,UCdPBATTQFkYuqlCtvteKtXw
Q114562187,,4riOEaOW5hCeqomFDBk0aP,
Q645373,,3iWrgTzTfB3qLRMJPSzC8t,UC799G-HQwJBFDX23W781HRA
Q3437970,,,
Q56074,75284,2uyweLa0mvPZH6eRzDddeB,UCBgAZZ95M0pSBo69Qb6EuTQ
Q259152,,,
Q7356117,,,
Q7356279,,,
Q6110449,,,
Q445934,,,
Q714423,3852,1HT9k1ZSUL9IczSstOAgWJ,UCjla33VPRT5aiHkc2ldbGUA
Q7359590,,,
Q3440096,,,
Q69263,70387,1uphmI1bErhHslREq9QusL,UCtn5v3vnSm9L24TcVaj6dbg
Q3440329,,,
Q913194,,,
Q7361393,263460,3uHCTHxtg3IVAvhyrYsZvI,
Q74703053,,,
Q2570042,1272674,5lwmRuXgjX8xIwlnauTZIP,UCyxbZF7_PK4nLiexj0kkCNg
Q1934666,,,
Q1670319,,,
Q331088,,,
Q964002,3618,5UjqeSp9dX6Nrge7WdDukr,
Q2166019,6513,4yh5g0DWkL6kRlCH1FPAvC,
Q4124883,,,UCxT_FWYvvi3MSBdQ5qpYfew
Q2166038,,,
Q322236,,,
Q28843759,554792,7ltDVBr6mKbRvohxheJ9h1,UCQt9awGIFZeldFsATZNeJag
Q251210,,05xSLrRgGwm2nCH2SmnNMW,
Q3817217,,,
Q466508,,0NkyXWGxE3WTFixDSJ39PK,
Q3442540,,,
Q119265,,,
Q60763800,8902830,1Ma3pJzPIrAyYPNRkp3SUF,UCQF0bMNU7G-F07QuLJEJ0GQ
Q2168041,110555,3dGTi4MZZo4zXdQaKAS1va,
Q480043,,,
Q2164548,,,
Q173790,1755,2SHhfs4BiDxGQ3oxqf0UHY,UCjVf2FirkZsEW8LN6nZcnog
Q334648,1157,3fhOTtm0LBJ3Ojn4hIljLo,UCV4mMA9St1rYc4ANbve-KBA
Q455773,,,
Q588551,4933,6R9Mv0bgGE4Tqxna1q5Mrj,
Q3445741,,,
Q45370,64646,6MZV0zLjOvDN1gIYUB2GxB,
Q588392,,,
Q648750,5890,49zXTngyUTielHTbbH5YKs,UC0twFFwo7-ZajQ7SxgcY6bQ
Q365670,,,
Q327047,,,
Q367129,,7Fhopp9XWiqrS7oMw0BKjM,
Q1131818,,,
Q41556490,,,
Q974970,,,
Q474980,15796,,UCvRzNVtjYH8fumDk6FvRiHQ
Q2719617,,6NCFDKbtkbJhgjQcFicLBi,
Q2174541,,,
Q192402,1515,2PfBzriIMRsCXPDtSy9vg8,UCzV2sYMCYqhCEPGDtVj7dIA|UC0e5VeYD7a9470ARGXwvDlw
Q349194,,,
Q7378794,,,
Q159351,79236,3CQIn7N5CuRDP8wEI7FiDA,UCLPo8s1MY3FOzzSwWZP0ZvQ
Q3816143,1576244,2D9Oe8R9UhbMvFAsMJpXj0,
Q839817,16241,0ddfjKqJfbSiddqOvpZRWu,UCt_ZROEo9GQIxIclR82piww
Q203871,8686,2Hkut4rAAyrQxRdof7FVJq,UC5C-Asy_myoWCkLEtZR72SA
Q974298,305582,4BTcOR2hEQZQQL5AMo5u10,UCWO70BzyzBGGw-BqWpTl2ew
Q1746210,,0AZ3VR0YbFcS0Kgei7L2QF,
Q7382510,,6YGu0Rv2120wkc4AXZSGgl,
Q144669,61659,4EYVgfZJ8wKXWmIvCx3gOY,
Q3453625,112282,4zrHFaEhQ390GClQYFKX9m,
Q7383955,,,
Q734326,5792,3nRifdQMP5925XSkIN07oC,
Q1971542,,5y835stYdAVOoNOq5EBMxz,
Q1536711,,,
Q193218,480,5nPOO9iTcrs9k6yFffPxjH,UC9lmMDVtBa6Hppy8Ehfpwpg|UCEES_bv7O-xLNZhTSO4kRUQ|UCoT418wNz3-pX_Nd7XTVknw
Q7387465,,1W8vgcN29v8ChWmlpZQ3Ai,
Q108631491,,,
Q2600118,,,
Q740159,12022,3o2dn2O0FCVsWDFSh8qxgG,UCjQhd1APsd5NQhiVZV7GYzg
Q729933,,7CGoeI1N9WOQ5oZkgunru7|6MnqhLSKGwSONNxOrMeUVR|70ZQVLevd6TLIdHeOPG4Pk,
Q7396372,1052087,3j24yoSFDD11h1OszJFfVY,UCJ2f1dyxkP3wIpT6S-OfH-g
Q2210108,,,
Q1070572,,2X0r6jFF0tTzWDY4i593oG|49otXyVmHftNIlP6pr6ANy,
Q1884181,,,
Q7888496,156908,2aWNMyDPP58u8yalKahWXJ,
Q2210985,,,UCX-k-hxPh53VI9loxbJYwFw
Q104771504,10955994,2JSwnwAT1BupAQkhqcRCUw,
Q658182,202,47zz7sob9NUcODy0BTDvKx,UCegKDBFMUSQNeWe4FAB7aig
Q1412964,,,
Q83499,3631371,6eIxfX4QVXf5p9alyXpA5I|3XPrWkMPiwY0ZgyaF9ttf4,UClHOILqusScq_8IXrcW2otw
Q7399579,,,
Q7399791,,5eic8CYcFSnPQFc15nZ1TK,
Q266271,,36EFr1cAJArAbT7pucYzmw|1OO8Vfq4oSKINYSaCsaFEf,
Q1430158,2822,1N2FgBLehaq77UEdJhCt7f,UCd1ioL1C9n-XySbRMDEtk8A
Q514336,15529,64yj4wx5kNH3NTUW0ghyxn,
Q7403497,,,
Q3294502,,,
Q1743088,,4wodAC6EyPxigONNgfBgZI,
Q313318,1399,0VVnWF3KNaa5O7ESohKhAx,UCBzyU9uM59vnUrlog-ro7oQ
Q183260,15912,09Z51O0q4AwHl7FjUUlFKw,UCDGhwUyQMvcNqz15fmO6xlw
Q123982943,,1np8xozf7ATJZDi9JX8Dx5,UCrau37LdNI0wlRtdzI9Fpgw
Q1545232,62360,2BVYdY4PyfCF9z4NrkhEB2,
Q295919,900,6hnWRPzGGKiapVX1UCdEAC,
Q20972330,5967050,20gsENnposVs2I4rQ5kvrf,
Q736281,9649,2p7l0MAzxkEwRHgtCcLVFB,UCbz0qnpUFskI23LlqB8qfsg
Q44841,,,
Q7756866,,,
Q2164812,,,
Q558226,711,7GnedB795OhbMbojdC3bzj,UCMBNjDVgy1lc_FyePVg60_Q
Q965493,,2YHHo7UJ5bZOWUu2SDVSy3,
Q7409698,,,
Q2217509,,,
Q549233,,1SglpJrPltamdJLLwInIL7,
Q21621487,5696423,0jNDKefhfSbLR9sFvcPLHo,UCIwv90GceyJdsl9-9YYYaLQ
Q252893,169954,22bukBZvUppuwQwmDz75Gz,UCl84kGoQs63rdGwvNmK7hQw
Q2745548,64367,6RJYPm4gcrIuOjQiqu9VXu,UCoCig2_ctftUD4r1gwUVR5w
Q1529927,,5F8vogyroqA36mExBfM52B|5gJNIkZMU5AuGjHJSmN8vM,
Q3948333,,,
Q1833753,,,
Q88296934,,,
Q664871,12025,1NUOfvAhA9AvsF1ISMkgHX,
Q9074523,,,
Q151814,363,7Ead768rc4ShGxnqtqccU5,UCriL6-sBup_Tis7trjOALnw
Q229513,2393,1bgyxtWjZwA5PQlDsvs9b8,
Q176546,4120060,3bPSw3qkTeBZXnfDFUqmPG,
Q466767,451220,39jFFncu6W0phhYK16Dp9g,UC0m-czKbg-tL7J61RDdU1rg
Q3473629,1575884,3sJXLmH6J5IDiJpxJt8NSN,
Q7424230,4101336,01DTVE3KmoPogPZaOvMqO8,UC3lnDRwdK-CD2xjO-16zmmg
Q159233,729,5XTxV2ifoYkmNb13Gb6cKz,UC9NQbITkp_-XQS_vc4T4aHQ
Q556024,10267328,02QYcz7JjwzKiKGHg53rZY|6u4jLGLPuarS3i2XWHVxoS,UCPUCfgNOtnatPmD3ts08NMg
Q7425068,,,
Q96187424,,,
Q335352,4805,221Rd0FvVxMx7eCbWqjiKd,UCRpIGIdtRHHCmxkK4k7ylaw
Q4354163,83044,,
Q1165867,3510,1PAi6SNPtaiFqTRiTfecFr,
Q1753105,3127,5gWhlJBlLQGLOgYWO8lwCU,UC72-bIy6CM203mfxsouyySA
Q1707816,,17obwOahRWI121iMUZznh2,
Q504090,,71vVmHeNgCVSa5SVmfvscU,UCq5aTWMw1bH7eoT5ijEBQ6w
Q13022627,,,
Q1065709,,1tYbvS6Nkq4Rxvx8ZRTzJP,UCKAyIPfFBxBuEiHCZFNObjw|UC8EIpejK05mREX-V7ASsUQw
Q1518508,398769,1O10apSOoAPjOu6UhUNmeI,UCaWaWjoxiBI0Pcj4l8fKzmQ|UCkl8UaJWy98ScAIeb2Y10eQ
Q54887666,10541089,6rYogEVj60BCIsLukpAnwr,UC-0Urs9tifl-7DDE1RLbBHQ
Q708220,8852,388Jc5WX2TxTOgGwXidDM7,UCeDsPrN6DjKRGOZd3A4gEfg
Q1395950,206320,63NXL9k1RkJYcQ5MkUETLL,
Q898207,,1edl5fzpdS471TaQ8Bgs3w,
Q464109,565,3Y10boYzeuFCJ4Qgp53w6o,UC3uAYNA2XF95-y3I0lxqIBA
Q156255,587,0HlxL5hisLf59ETEPM3cUA,UCZuJMSiCDWGaYmKAvt990ng
Q124147,863,27T030eWyCQRmDyuvr1kxY,UCcvnDgwSH5Dl2b3Bxfz4OCQ
Q67311,,,
Q2260725,,,
Q933673,,,
Q3106145,,,
Q191499,,,
Q488603,7526,04tBaW21jyUfeP5iqiKBVq,
Q951819,,219VCiRViG60EbPiocSWJp,UC9vNKr3yMI4A1K74EfXbdKQ
Q1411035,16535,3Ukr3Ufjg8ygRJv7Ww887f,UCfkD7WftBqx0WyiEC4emrfQ
Q570025,81475,671sBQXQM2vHSu0AGvpfDs,
Q473784,69750,3LaHU3Xcdpq4UvTj74uYiK,UCqSmhd9VV6BHf4uTLFqdCDg
Q763765,9149|192152,6jdObwsrIjSRnBbMw6lPBj,
Q200577,88,3Isy6kedDrgPYoTS1dazA9,UCkdc7gHpavxpgGalxKbgSHA|UCvMisive75lxJqKgjKcoYPA
Q693671,,4zqERoiO42cNiA3pPDWnvN,
Q1467927,,2wrhBKGC3DTNNNDRJPaxW6,
Q734098,8937,5tOWIviwLM1EIqGAbF8VSU,UCz4Yz77YvHQ_kL5R0l28IAQ
Q3954017,,,
Q3954067,,,
Q187576,,,
Q65117623,,,
Q284007,,3E5NLQpQbd0eJ18XO9zC0h,UC3qI2t2Oq8Xeoc46A08PKig
Q284488,1095291,0oHXGQVHcv13bJ4SzQvzdA,UCxEMA4apFhleO3ONQTowMvQ
Q455536,459471,2NGRETzxjeN4b9o3OGY6Yn,UCK6fvHZJWqcSTuKHzUEkUbw
Q23543,5644,6IE6z7DcZIT4Ml3Fh5Ivch,UCZ-LXqc3x6vL5f8XQvEBVaA
Q10369763,,,
Q3525273,,,
Q1474339,5324,591yCCsZCLXvaJ0Rg38vLZ,UCy255kU2vzTn2xL5dSJA2kg
Q7451036,,,
Q952468,2429,5jQPKWBobu6cJwGSbbqgCk,UCQIC8L7NvJovBEYt_wcsYQw
Q488973,122718062,52Gsa9Zypqztm2DeNkQfCm,UCCfGw68hDOcY1vAKnTJE3XA
Q2448688,,1DX5OmABaJp87grJ1klUvm,
Q7451749,,,
Q2271794,,,
Q239074,632,6JW8wliOEwaDZ231ZY7cf4,UC4Prl7UQx5i5PgRUh-O5XBg
Q19629991,,,UCsdeZbJDhjI8vLIW27vi84w
Q1698,1007,01C9OoXDvCKkGcf735Tcfo,UCMqAEhVGBz5WrBH-Ph3u0vg
Q117477492,,,
Q49481,,4kHtgiRnpmFIV5Tm4BIs8l,
Q131861,70515,0Kekt6CKSo0m5mivKcoH51,
Q1054527,,,
Q2273190,448830,4EzD52bDFGZTEeEucKHtDs,
Q193534,13855,4W31XN2JH8mC54NkHdh04s,UCnSzFNjSypxCHt21bs14oOg
Q2274674,,2Ivw6FhAZpa7kiAXWztCq5,
Q953450,1606,0i1s9WcIu0PrUvHzALgofo,
Q3111214,71049,1GQur7dDvAWhKT9u9YwBJZ,
Q14949098,3859631,6fcTRFpz0yH79qSKfof7lp,UChVfER-3s533FTh8Uae0Rhg|UCSCb0no4NHoCIFoPTy5m-Iw
Q23786494,,,
Q82545,3299,1u7kkVrr14iBvrpYnZILJR,UCcjWoLUPOkEVhevjI8DB5vQ
Q3479012,,,
Q298139,9289,64d1rUxfizSAOE9UbMnUZd,UC6OI7Crv96jgra5pwJNDFRQ
Q2920703,,,
Q3346448,,5cB4d4jPYjMT326sjihQ4m,UC_03rF65ZuLX5kVBmBBOupg
Q3481131,300024,6C403AR4y6PjN0xNNGh42m,UC-gsojD53RpKVFvxNVdQiWA
Q711260,71712,3j7Sw80qzL2FJlryUhI3wG,
Q3943924,,3IDPcBP4OoTNvm3b4h46cW,UCIxLqI2wy3uVnAnN1ofZ5zQ|UCDgx_XYmxJe6fHOqYbEdezA
Q1353720,4504,1HaiS1sFo8qkc6tF5Mw1M0,
Q310763,461,5EvFsr3kj42KNv97ZEnqij,UCBtln7sL3FYAY6ePguz9sNg
Q13059796,,,
Q1771734,,3meYUCHyh5OayViOog5daw,
Q34424,160,0EmeFodog0BfCgMzAIvKQp,UCYLNGLIzMhRTi6ZOLjAPSmw|UCGnjeahCJW1AF34HBmQTJ-Q
Q1565745,,,
Q1329167,,,UCmznucoeFH7urrsWxp4jukw
Q959100,3485,29XJ6qIJAQdRSw64f47aJe,
Q131433,3134,5e4Dhzv426EvQe3aDb64jL,UCadSacAVwG-QH6tWzjrmjxA|UCGD9Vd6tEBkmM0hArMjgu3w
Q2277022,,,
Q15730804,,,UCB7x5Qb8UUC7XfcL3n7mIGg
Q1539810,15521,7Dw0RaAayqoGd0z2oHT4R6,
Q135037603,,,
Q3288013,62380,6LufpoVlIYKQCu9Gjpk8B7,
Q7489953,343100,,
Q6554860,,,
Q20088184,1289386,6paE8ghTau4qwwNzVRSgjR,UC0K1T4gyFvRU2CPoygWuYJg
Q99386320,,1tG7s7S4sq2eFFW0QZyLbm,
Q261489,2881,5fhRcv2KU96vbXqNE2FEdu,UCZrtM4f3DhOvoXOaCRe6v4g
Q250905,11613,6OQrOpxSIfPai3cFaN4v4P,UCxzFnt_2NfIyvtYOyVOOSng
Q200586,1439,4TKTii6gnOnUXQHyuo9JaD,UC89Lupwwv9ANeuxfDRXo7mQ|UC-50vVwU43Tzcd7MC4pKXYg
Q126415337,,0WHbjg8hVel1R9kq5794HX,
Q490146,,,
Q3482190,8392,0AcEt9ujUBWQ50cZsaskWo,
Q1530667,6060,7wqTItc5qEyIwWw5ksN1Ya,
Q7498714,64350,5hrUVXJsPParZB87QtAz1R,
Q528937,,5rilpZJIb2NWJZVGtCdg6u,
Q2633283,,,
Q3482391,,6mPzVfnTE4JQJAuAdz2csx,
Q16019173,,,
Q3137013,8506344,54rT6KPZ4l6QUCm4p5GipJ,UCbC384Tts52GgSAAW2ee1yQ
Q539711,,,
Q588382,9055,5WimOFbBnCU5wI6t5PPpEk,UCqsw3bri2DnTb1Z-gGCe8ZA
Q7502608,,,
Q837482,,,UCmiSmn9ot6n2l_AoxcUelfA
Q1067714,271922,3gk0OYeLFWYupGFRHqLSR7,UCiFuVhwklEtBFbV9xJ2HPZg
Q1134411,3419,0m5XJwKGYyUjd3VMfcINCQ,UCKgqmHunizrCXcBHJPZfD2g
Q5851484,,,
Q720649,12186,5oDtp2FC8VqBjTx1aT4P5j,UCK9FPiAYUi18SAJRDVEgxOQ|UCtNVp09L5--2mpoLKgxkuQw
Q27817063,,7knX09gycsICUsngJj4xVc,
Q7507373,,,
Q23063230,,0fxY4mqtAEYCTpOulHVsSa,
Q3595120,,,
Q313519,,,
Q715853,281306,3XonXgjEAAXVl0WKLF1Z4g,
Q459524,,,
Q1382642,,,
Q483828,1417,6UUrUCIZtQeOf8tC0WuzRy,UCAmt29QykFXnuIqQoEEnEFg
Q7514167,,,
Q2733776,,,
Q5117995,,,
Q116042025,8212768,0HFoOA61ShFCVKyKUPoN6B,UCXYpzefSUzSeCh0pXvCuubA
Q687866,,,
Q116702131,211086,0ppFsYRZGoGYxL12PSjS2q,UCQO1hYLhDVeuSlN1oBl7k6w
Q125533,289600,5QHvbEwccF3WANUD5lEIuA,
Q157327,706,4iudEcmuPlYNdbP3e1bdn1,UC7GKCAc8HNjraXz1bRy7Oaw
Q638286,5721,1Tsag5J854qxeOo2apszug,UChQidgcBzCuN2IOQ6s1wRFw
Q248353,525343,3OcvS8PzSGYMBvLdzY6g3e,
Q377956,4340,4rUyBlggM5tZUH5QZn9ZuO,UC16aF70kysMIJdz51HdMx9Q
Q484918,2707,70cRZdQywnSFp9pnc2WTCE,UCcIszZPVuroWlLXu4HjZdEw|UCvj9Q8jeaaXlj2OprcRraaw
Q7518805,,,
Q373057,,6RmijobcphddxSNtsBHjF0,
Q339430,1516,1fa0cOhromAZdq2xRA4vv8,UCwtvFWbWkLr8ra51W-pLstQ|UCaNQ7Ao_QkoW3fSUM3fbBgg
Q2519623,,,
Q111058603,,,
Q1647843,,,
Q323834,1719,1n65zfwYIj5kKEtNgxUlWb,UCrSQ_CLYKSbQpw8Ol7xTrvQ
Q371508,,,
Q1431360,79892,3A2UXqQgMDJ3YNvLPyX5NW,
Q2563698,,,
Q3510184,,,
Q42291385,,,
Q438106,57107,2dXf5lu5iilcaTQJZodce7,UCM8MNT2OAyMhnnZWJHkE69Q
Q1775216,,,
Q539833,,,
Q642730,,,
Q2456997,2933,,UCcc4iyzuIRnrv4CgSU6AoKQ
Q292412,,,
Q164446,432022,2p1fiYHYiXz9qi0JJyxBzN,UCcfVrE3mmeQZ_RN3u5cUECA
Q981397,190606,2mZuhQebSc9U63QjaADtzF,
Q42224353,11347866,2rhFzFmezpnW82MNqEKVry,UCdARoxad2UaIQPDy6fbz4Nw
Q374747,9315,49bzE5vRBRIota4qeHtQM8,UCE8NoMFnai3tTuwdiQJ-78A
Q1523075,,,
Q966231,,,
Q371535,1996,5Mu0EMEsUIVE132pNMywns,UCUDVexzloB8cwcfttg1pwRQ
Q380289,,,
Q1809773,99709,1RMmoEjF4zXwcHJw4cCN9w,
Q734062,198649,2jbP92oFLWqPqogflK1wlW,UCIB_Tcbd3KxUyGwfz5dBsCw
Q19004,525643,5he5w2lnU9x7JFhnwcekXX,UC_TVqp_SyG6j5hG-xVRy95A
Q1339778,12244,3CgDRO3wUoner5eZocDuQN,UCfPy_lzddGyN5jNj2PjZVVw
Q18158295,7501124,0x0u0jCVf5Jf4DNh45XPXL,UCp7u5ADSi3J5KipCKTB8GPA
Q646170,17059,5uFqO7FceiE84xjEjFtQLX,
Q7390721,,,
Q156872,,10n5lhNDoSMUHWLlnST1yw,
Q683397,,,
Q131231,3048,1IQ2e1buppatiN1bxUVkrk,UCA7S5M8w5X4P1NRzaJ4lsrg
Q1891322,1366,4wLIbcoqmqI4WZHDiBxeCB,UCBwIM0Lj7XkhOfZhBJ5qb2g
Q98740205,14800995,6EPlBSH2RSiettczlz7ihV,UCch8r_8Io6XK-d5QGkkGZLA
Q2617421,389778,59pWgeY26Q6yJy37QvJflh,UCNPB73XDSJLtKcScKClxIKQ
Q3486668,,6MxlVTY6PmY8Nyn16fvxtb,
Q3486681,389807,4hadRvyBwQwfETFBEUUaru,
Q731231,,,
Q512592,11133,0st5vgzw9XkH5ALJiUM1lE,UCP2rf54UzEehScugsx1auFw|UCGYlUhEz2k0fQaNK_8qeclQ
Q1928449,,,
Q578979,4760,4IwOItqRhsIoRuD5HP4vyC,
Q254138,117,05fG473iIaoy82BF1aGhL8,UCOJZ1tna8yj8mAEITPkHNCQ
Q1502037,2021,72X6FHxaShda0XeQw3vbeF,UCRtImc_wHGDEoBrBMmNcZHg
Q1133807,229,5m8H6zSadhu1j9Yi04VLqD,UCrPnFvHBoZz1326HwrKBOFg
Q7542670,391017,,
Q222628,66991,1YqGsKpdixxSVgpfaL2AEQ,
Q140667207,,,
Q1201400,,,
Q708922,,,
Q42211709,10502441,21dooacK2WGBB5amYvKyfM,UCVg18zoqoJL_9RwO3JXWBmA
Q310332,16528,0h9smro0z3HqUbD94jotU8,
Q55955701,8212020,29O9ZebFa65aIEvMaW5pQY,UCYxBY8mhJ7R2rMIcQ28H_Zw
Q705689,126,2FrKQPjJe4pVMZOgm0ESOx,UC2vIsALARFihWP6n1ktj7ug
Q7547407,471526,7ENzCHnmJUr20nUjoZ0zZ1,UCo1t7ajBc5r44Ejxnod-h7Q
Q1754009,2254,1EJWNhiYbOyeUHbsS7Kp1P,UCJyWGubOprIC7wq4VA7mk5Q
Q7547506,,,
Q2468145,,,
Q6096,3|3558071,7hJcb9fa4alzcOq3EaNPoG,UC-OO324clObi3H-U0bP77dw
Q188407,1642,3rIZMv9rysU7JkLzEaC5Jp,UCxzIGPpp-8XdTLY83zTeUXA
Q1668351,5786,,UCJ0nvYY_VYLY9eveiNkWpDg
Q464204,1191749,61GJGvVkImL0wkfUQ5XuR8,UCfOlIoHZGJJuBzqjtP1orOA|UCQ7s_a926HDzp9V23mlWrHw
Q43137,4943392,7h7gRSNxa7zUwNqkP7rfjL,UC0Ux11GJjRsXA-DbU6zUMkw|UCRBW1tgZUPMkwEjW3vTNOPw
Q1329303,1668,6aq8T2RcspxVOGgMrTzjWc,UC711Usxsc9iHmxF0WI6aObg|UCqx2-vXNXURrhxbXD0zSIUw
Q729505,11114,5A0MH7JfEBEMySevsmauds,
Q257615,1786,7wqP36o9lqWteOCxBnXlwx,UCq9YxcDV_MxFxDgkmXL0muQ
Q1971254,,,
Q3964188,,,
Q2658292,,7GyhmlEy51sGUE09A5AWzc,
Q457652,,1PfOXooPSLQhOTNZGrXM90,
Q27817130,,,
Q2139942,,,
Q49888,,4nts0oxMT67lVUoi5Kjxrb,
Q775883,,,
Q109312907,,6Czf2AVSww2aOhW4M6QNHT,
Q1543137,337,71h7GTahhKcSkQ1ayhTvOD,UCjWlc4-rH6ktx_uOH8IzeUQ
Q7560616,,5IjDhtfKUReD5VeIeynKme,
Q352999,,,
Q1424828,70334,7AhDVqsNA5q46WKsRPXvoe,
Q773793,,7JksKqLDuYE8QYj2WjiNQr,
Q625547,,,
Q188626,1302,5UqTO8smerMvxHYA5xsXb6,UCOWV89Ww70Uw4Jr8Rmc1GBA
Q7562018,,,
Q299208,,1VEzN9lxvG6KPR3QQGsebR,
Q59149232,,,
Q2414335,,,
Q18161827,6478881,5a2w2tgpLwv26BYJf2qYwu,UCu_9_zRVfKee4v7xXXcv2ag
Q152520,,,
Q545686,2976,3rBeW3yqIok3Ut8Nv1RF1R,UCirmC5tKgapWVxHHZQMRrnw
Q7563397,,2xOI8KTempogFX1bQjGNXP,
Q2801238,362764,1fUSLFr4WUBx7joEcGwpvG,
Q1395666,,,
Q977786,2361,2sIx6SmAMw9IBySG3Uj0jf,UCT5OlLe_UJ0ZphADcjfTPNA
Q313080,352219,6GMYJwaziB4ekv1Y6wCDWS,
Q3491728,68805,,UCQP65xT0AJFufnXoqlOXy-g
Q65169266,5424860,7IFPeV5Ew63S7Hid0AjNgK,UCwtFtkZv0L7dTIlRm6BGZUw
Q3307281,537517,1eZ4td9oadjw7GkW0LzxNK,UCN5Alwch5TwsXXes8hcAeJw
Q174817,1865,5xUf6j4upBrXZPg6AI4MRK,UCHKSayVT2Ks-gQBXmMLGTag|UCfTh3k6OyoUutinINQJiIHA
Q3080711,,4kKaAWGdu6WW0W415RWaQA,
Q1378545,15294885,79nkC8XZ5ohEVU0Xlf5Ael,UCB5fi6Rlvtp9aULvXQT12Yg|UCSXpSoWV4_R1Taf_4E2fOsQ
Q4049828,75858,6GERoHMM4dUkN8Edm5mXXJ,
Q11950306,,,
Q2306265,,,
Q1191761,9595,1ZOlVrZ2MtNSY9LcFYklDB,
Q366469,,,
Q16011,3334,2urZrEdsq72kx0UzfYN8Yv,UCWp_FoPnb2OYl1QPuaHxp1Q
Q1344131,2698,7pwjGKaqnfkvS7eQbHaqyH,UCYEwVH_S8x0rUcrRlssSqdA
Q5554341,,,
Q66054,,,
Q7575024,498707,2LtOe1RnCTkp4sEBwS668Z,
Q705015,,,UCA8ylwXHLCyvcPJZ8KT7oHQ
Q1277055,13685,4TqmaFJYM8SvuhrunxpmT3,UCiBp6P95CUGKmooSuNH6pJQ
Q622636,,,
Q1432107,372106,,
Q1144015,71879,6DKmuXxXASTF6xaJwcTfjv,
Q1788002,,7zfZAtYvNGgUP8qBppnFGV,
Q538465,70644,47U0ujLT2qD3wSOGl5WDth,
Q2311993,,62vBT8vCCzS09A8wCC2eRr,
Q2312109,,,
Q3966988,94733,33xY3kRRRiPLsDjnfE3Lpw,
Q1892509,14567,1Be36RHAlqJpfUt3tsmUQD,
Q18690241,,,
Q553861,1604,4mtHSXwIHihO6MWNq5Qoko,UCMBGYerL97F0TaInwrlpvZQ
Q1817585,7434,,
Q612068,1469025,484sZUYmnRXN84zmk3GY1n,UCCKFnWNRBFpXk82JFF9-Ncw|UCt6hEfb0FYRuDMJnMff2_-g
Q238795,14630,7bcbShaqKdcyjnmv4Ix8j6,UC76cjhGZXsVeYcC2ERml_BA|UCkbAUhPuIxxNh19ZbhHx0ug
Q939556,,5daXMUbrPh8oX9Nd4CnToG,
Q502142,339660,3Qjik3uEhfbT1iZJUZNBBz,
Q266496,373,5KDIH2gF0VpelTqyQS7udb,UCygNV8cau_ZC22-Y7TlPpCw
Q30587,,0FMucZsEnCxs5pqBjHjIc8,UCITWDrIiWv0Y-zj8xrvoY-Q|UCD34EEHvQlLswufPsoY1qSw
Q3496491,,,
Q315780,55673,27hSR8e34ZM5vj5fUFixyb,UC-Oa-BAoD8J5OwyJjlxRWSQ
Q3496799,,,
Q7600283,15619,7GeAzBsalYANXTi1ReOm1R,
Q7600720,,,
Q912800,,36pCa1JHc6hlGbfEmLzJQc,
Q1051417,1276,0G8zjE6SsFTlbglCkU8pm3,UCqdP2ags81gqK36vo8ZieWw
Q491892,2184|4391696,7JDSHlDdVTo7aZKdQZ53Vf,UC78hVSliukmLMdERG-FvwCw
Q322265,694,4gIdjgLlvgEOz7MexDZzpM,UC0y98-1Rorhqn0oLrfJlTiQ
Q1347993,,0upv3byr3DqJF5gYZcntAj,
Q4167927,2023161,1yqs45BSh7457Flyhmdv7f,UCS6RRU53yk8AEXmpmh0DpIw
Q179652,288251,3l02WF362j1oHOurzuseBv,
Q1542680,,6UL7BodGc5iVmQGlMwHR0g,
Q1413921,103673,4OrrjMGltjy6ojX6034f8u,
Q852435,1156,6P7H3ai06vU1sGvdpBwDmE,UCvnGL-FVjYVe_0YJKxLlwqA
Q106395,,,
Q548168,75243,2vUBGcnDBOJ73PGjPZEY1F,
Q737903,,,
Q75361,15417,2nq2BeSbzExGAv3Y4HgUf7,UC6R_rPY5JImFrnb46vfKL5g
Q305202,,,
Q334652,1582,3Rj0tDHoX7C5NFq5DKIpHt,UCOzAX95rI-jq25jYza_rLPA
Q524953,15711,,
Q781634,3091,2UBTfUoLI07iRqGeUrwhZh,UCPPWVL3JnDB1wfdviNoTPBg
Q1388088,,2TzZ6XTFG1p1PAfhl0crDP,
Q262791,,1aVONoJ0EM97BB26etc1vo,
Q3499085,,,
Q714470,,00gh6kmKYOu8xyorRxQm6a,
Q7613783,,,
Q2000598,4002,3vcFXwLEUdfWMu7gTQKyot,UCMngZ0r1Oj-ACJTWPUxNe5g
Q3512059,5629022,2J3qGaj5UzHvu0fjlLgb8k,UClyhmlckICramb_KiG5k76g
Q1333817,,,
Q202937,,5fsDcuclIe8ZiBD5P787K1,
Q714,166,7guDJrEfX3qb6FEbdPA5qi,UCGD7CfG3JgZF52QpIRivV1Q
Q19881943,,,
Q3106906,,1jpQ5Xepnpx5YAqKQITP4A,
Q7619416,402006,,
Q519031,4496,0YtH9hfWvKI1HxccKiiJQJ,
Q20055659,4841158,2SrSdSvpminqmStGELCSNd,UC7D-09kUG6Ei11SVO_deW_w
Q7621157,,,
Q1345932,1990,457qPvtiBTIl6LR4dZiKZy,
Q7622239,,,
Q201207,1904,1O8CSXsPwEqxcoBE360PPO,UCuGOvuS-t2Z8lgUj5FFfWHA
Q1161663,2700,2ibPkysx2PXqWLmxFD7jSg,UCXa6Zx78hAdpxWndrhLr3Ug
Q4353806,265630,3MjqsvJtWHZFbk4bEAaskX,
Q1382101,5295,,
Q951170,,,
Q2303544,,07ATE522e8aDsEb0JVLYqg,
Q1052564,16108|4186364,6lE1ly8K8H7u8k2ej2plvv,UCxUVJMnVqTR88OmQHFyVdyg
Q1489237,,,
Q16736403,4044591,3vDpQbGnzRbRVirXlfQagB,UCMY-GtVQQFrk2JuPrkjC95w
Q206244,15323,6AfbDYupHV5e6nse9W6tKG,UCPo0QAO_z106clg58tRVa_g
Q1848854,11214,0QaSiI5TLA4N7mcsdxShDO,UCWkMMrVPVVNxuJFHv4ApiDg|UCnhJEcc27A7F9_frwNbEW6w
Q2141308,,,
Q591691,410,0EdvGhlC1FkGItLOWQzG4J,
Q73882406,5410799,3NJ94iuAmmMjbszODYT6pO,UCTzj8xeshbW4yl2ACfQFjsg
Q7632349,,,
Q655629,12066,544X9aDcwFDSon8HevRcqg,UCfzfJmXg9gHALqBYCOaEcFg
Q22129264,7685208,0O0hxUrO2PKxZknken3R24,UCQ3U5YJLWUr3VmQsO48jcQg
Q826255,6365,6PHIK3kjWggLtVygsOtpqS,UCdNf1p4SVbcFWKJULVNvl3A
Q7634434,,,
Q269450,,4ItRDIouodpnW6nm4TYDk1,
Q319502,1999,4MXUO7sVCaFgFjoTI5ox5c,UCMi8tQF_L7rd6YcmSt7MXrQ
Q787391,10312,6iTD167bhyfYwEd7fd2bGn,
Q899341,1776,3WPKDlucMsXH6FC1XaclZC,UCZdqIc7pGX_STMKbvFr01fQ
Q1543315,8067,4N99bzdRBNRi7hGNCpMuhu,UCrsvJ1npu-ox0CnncGhq2QA
Q431700,170672,6HZr7Fs2VfV1PYHIwo8Ylc,UC_KZ6lUe4JU01qELYUsvSvQ
Q700978,161189,77H7WLYHNHy0klUy1fGXIi,
Q483558,459,0qT79UgT5tY4yudH9VfsdT,UC5zU9uDbWQh6YW8qY5JsTXw
Q247696,13506,5BViLZRXrRfhPDokkbYiMy,
Q114654731,,,
Q354508,9317,0tIODqvzGUoEaK26rK4pvX,UCJ6vuDnto1QvRr2TFHldDMw
Q3503801,17252,29Mbw8R1q12GBgUd3ouzJi,
Q7639216,,,
Q391397,,,UCl23-Cci_SMqyGXE1T_LYUg
Q594855,6380,2e7hYqRjL82c1nIoREHc4J,
Q1361543,,2lZkXWxkZsZzBocxMjN1or,
Q477783,,,
Q385650,,7hHDN8REbPLpv46ROortOM,UCwysVvNo1npUseBbYIoxsWQ
Q7642402,,,
Q7643057,,,
Q1120684,1320,0sHeX8oQ6o7xic3wMf4NBU,UCvEVRo07OAojKg8ekpk1Lyw|UCxLM6zFID3zoPm32Mb6fsoQ
Q7643966,,,
Q176457,3128,3JsMj0DEzyWc0VDlHuy9Bx,UCuD7geq8bM0VYQAzW1J-3_Q|UCpS0hJ21amjA5eBApEOiIFw
Q4922443,,,
Q7645874,,,
Q4392541,326101,0IlQRCafsMrd0QkTRBU6n0,
Q2368531,,,
Q1135315,39,26bcq2nyj5GB7uRr558iQg,UCXM7w2wcZhqx_QIALeN8Ajg
Q19561463,,,
Q152266,,1DiaZsjdOzFCdk7Dw9KIs0,
Q7649908,,,
Q6640518,,3lSbsRjdWjIwTIOGFEa32M,
Q509073,,,
Q236112,1382,3X0tJzVYoWlfjLYI0Ridsw,UCkFnpqYuMxl7tNyq5ouENXw
Q234750,4391,15jHZ1EZwmm2QDjKctvqJQ,UCutQebYflgcV6kCiNKKtbxg
Q17103153,55631942,2u9kJMfjnv8FPLtTP3zLWo,
Q61011,6567,5TQaBSTOSypp7S4jfSnN3F,
Q45339026,,,
Q696274,278681,1nYKikHu8WWMKYVTcNyyzs,
Q237385,1388946|90426192|16654,3uV7fmwEFZqp3mp2gTDB5s,UCcCc3gWCUrndMDdPUgb2DOQ
Q1480687,133150,0ulKlNlo0iPx5ZS6VMTHWQ,
Q573017,,79S80ZWgVhIPMCHuvl6SkA,
Q20709,407188,1h6Cn3P4NGzXbaXidqURXs,UC5HEq5U--O5nn134mizyCcw|UCtHY_7BXK9Bn3Dp3cjBgCLA
Q15808423,2279601,1n5Q0UoYwXeQza7ucLqFne,
Q1377724,,1054JdBVMCPm9VpvkUcOYX,
Q888972,,,
Q1442188,,1FGzeqDPTLZwfbfxpmPAZn,
Q924292,460374,0Sd7X8SxWV0AyDLbvd4uEu,UCuBy9_2lS0XmyI0fdAlfMRw
Q955863,7048,4phr5rAgWhcZtWJu8w8lKv,
Q3101707,,,
Q1679412,2380,2NmK5FyrQ18HOPXq1UBzqa,
Q689341,58645,5YKzmXqu3KxPoBSGIF7Yii,
Q500683,,5TGTpu4g8siFOIctZuQO7y,UCMP_kVnnNPXnwEa9hq56feg
Q240885,11440,3Zi9cVUyWeAFjxEHn3bCqZ,UC4KARxMvABaU9ShpZ0VspPw|UCgUPamJcmHxCO0WMKdHpkmA|UCWWmRhKsDIRkAM-883sJNBA
Q1808794,,,
Q648940,3797,4MnZkh4dpNmTMPxkl4Ev5L,UCyq381EQmuTZq37iO4eM9ow
Q2943135,,,
Q2718300,,,UCxr1XzWcr2Vp-I4pu_nVt4A
Q45165,458,5eAWCfyUhZtHHtBdNk56l1,UC7-YMmnc0ppcWmio8t1WdcA|UCvtZDkeFxMkRTNqfqXtxxkw|UCDJftX2zx_UT_QSnBGIF96w
Q7663688,,,
Q16210722,5531258,7tYKF4w9nC0nq9CsPZTHyP,UCO5IQ70V7l-XpHW40HwaGsw
Q939347,,,
Q337359,4093,65c5si0ePAwkOCn4M35Ho7,
Q7666101,,,
Q10376356,,,
Q1320710,77057,2B8HcBRTizIsSPryM46Sb1,
Q10682,1482044,6CNR4ZdtbCrgz0gcJ9rF91,
Q17450386,8534462,5dfZ5uSmzR7VQK0udbAVpf,UClyA28-01x4z60eWQ2kiNbA
Q358538,58312,6nPKmEbQmR8jGZEm7ArOFX,
Q12897581,,,
Q65972849,,,
Q119598303,,,
Q7668495,,46SVKeOGxlqIAzE0BKXQWM,
Q211770,1206,3dBVyJ7JuOMt4GE9607Qin,
Q214227,2527,4OBJLual30L7gRl5UkeRcT,UCsD7zvGKkqB7GvQpygW2few|UCq2QQO2WR5wz2IfLwt3SYfw
Q2558967,,,
Q3513534,,,
Q2743754,,,
Q3513649,,,
Q692872,,4i2oaeWnQBnCnv9Js9W3V7,
Q490719,,,
Q11439213,,5QeCklzEEYSSLWeUxuWeBy,UC0vYeUJZ4qpvtZGS8h_2WYQ|UCj0fDfKMsQyR2wg91uV-gYQ
Q353023,,1aTDTChWWyiJH3SEnYrdVp,UCCIi2-PY_EP6il-Tossk8Sg
Q3290277,,0Ap43v8UntUyEB5kLb7vac,
Q95494604,,,
Q2389434,,,
Q7678153,6898125,76Ru42CKenrIWow4LyBbD8,
Q11379993,,,
Q3514381,,,
Q18207948,,,
Q24950843,4902820,1UL813H5aj3e8ekE5RqWqc,
Q595705,8215,7Fo8TAyGJr4VmhE68QamMf,UC95Qg-xb1eN4dv7bVA6xmeA
Q205001,181,2x9SpqnPi8rlE9pjHBwmSC,
Q3514534,,,
Q497298,1202408,,
Q9355427,2695,3NHFpmBuWOdkNalXJgdOqc,
Q9619,134790,5INjqkS1o8h1imAzPqGZBb,UCdI8MAC5HoPJSJ4zrgDDI-Q|UCGz-eguN8tcic5kUG4s1ZgA
Q1515351,,6nZ1wn9URV4oWk4UKuG872,UCgMiy1tOfcsBLNjDg766qjA
Q234017,8462,,UC-mjaOGvAP7j13I8f-ZVDeQ
Q1345751,,,
Q153616,1151,1BGN1IdyiSR0ZYrkoKNchl,UC4_FcTax65mwCulnRcelfhQ
Q570610,,,
Q469894,,,
Q2008329,,,
Q836609,8171,1lnAE48Ht3fnUDrcnx2nTM,UCb_FgZW8drHvNT-yX_De0YA
Q2802775,,,UCogWzIy_7h0sVbukMhGG50g
Q422799,,,
Q105902791,,,
Q485771,3254,2yMN0IP20GOaN6q0p0zL5k,UCnxZBLfmnZwjh8vSg6Kt-Dg
Q253607,,7dJ3pPuDcHLEwhtlZNJKcr,
Q7688054,,3CuWYvDpKC3HVLru1CPGts,UCGcljAiIkH5VlB68MdRsOoQ
Q7688132,,,
Q1154190,4430326,41hQ0PoEyj9xEBhwt73aWC,UCRissFBsWNatZGatPn5ZqRQ|UC1S9OikrsLmAyBhc2yYleyw
Q7689943,,4X3dUbGsTpVH6EbxtWnj6T,
Q26876,12246,06HL4z0CvFAxyc27GXpf02,UCqECaJ8Gagnn7YCbPEzWH6g|UCANLZYMidaCbLQFWXBC95Jg
Q17151338,5145341,1KpCi9BOfviCVhmpI4G2sY,UCRgn1KPoJrvRqLxj0t0JQgA
Q510161,,,
Q2398467,,1i0UobirqiiWT0AbrkZKrs,
Q269091,1192,4bthk9UfsYUYdcFyqxmSUU,UCcozhiTOkGB1HCOgdBlEFPA|UCUeZg9WbtcvcfMzEbxIA5Cw|UCyH3IAelkUFM0u6Iacx22lA
Q359303,8218,6UBA15slIuadJ8h2lPRPos,UCJdoPEnnkvS744DCD_12scQ
Q18162708,,,
Q528413,,,
Q1344793,988,2Cd98zHVdZeOCisc6Gi2sB,UC2cNfz53eQ5jZPyBu7wPeiQ
Q22909295,3599021,4xaF2VIGwhWyEMbM6GuLdm,
Q449371,10808,68kACMx6A3D2BYiO056MeQ,
Q28732615,11393622,6AUl0ykLLpvTktob97x9hO,UCz015ho6P0Ooo7IZFyQU7fw
Q106658275,,,
Q235931,5454,61UT1Zj9dFgPAjZfwnsqsb,UCyFyMC_GAvoBdm4ZkiNnmkA
Q1404339,,,
Q4050792,113846,6YWkFpVr8JZ1see6QK1nlo,
Q611466,6729,3SUT1jjM5hzZj9TLfLZGIP,UCmpE_Ur0kLR0F8377Amm1iQ
Q615867,5771,6PzO2zYVuLxLwhZJfnP1Wj,UCWSr0Zz0Np8BatpUkCWT7fg
Q72759173,,687cZJR45JO7jhk1LHIbgq,UCWfi5ELXGAe-DCA6cOP3aNw
Q3517940,169254,3DIaOWIVFxJdTYyEb9mXzi,
Q630808,7217,7nkLRaWHImCvWGHdNGnhVE,UCIvZpAFH80ax0cyF4JGWXyA
Q205780,445,1XpDYCrUJnvCo9Ez6yeMWh,UCH-Uobgd_TrFNnxuphSnbeQ
Q1756151,,,
Q963827,2590,7u6FSuqT3SWE2kO8rNVjfp,
Q17092262,,,
Q7701476,567047,3K4vimkwmCyjD4g1hEMPjZ,
Q3518278,,,
Q967230,10942,7IbO8NvxclKsk7WTOZ42bv,
Q439182,,4D56DujhnBViJ4oYCSl1GK,
Q463945,78360|1581300,3ienC90A5I1X3irDyQoqWZ,UCI2cy2lwlzMksxEu63E8Zag
Q965154,,09eXH2A1Zi3E7MZJXGg5oG,
Q7704407,,,
Q365243,,7DnLQaXsqcYkgm0nyDrB3r,
Q1430984,389874,23ytwhG1pzX6DIVWRWvW1r,UCzvBMFhS0gqjx1rA0bswiHg
Q1502233,,,
Q32543,,,
Q309312,13193,28hJdGN1Awf7u3ifk2lVkg,UC0HZ7oBniMsRBI4skF6LClQ
Q7706997,,,
Q966565,,,
Q321178,,,
Q2407606,,,
Q2031683,,,
Q1070141,13385,5UtQf6Eqewo02lVCo3lImQ,
Q2690281,433230,6MUXMQLSPFynFBwF2Qz2CU,
Q171235,710,23wEWD21D4TPYiJugoXmYb,UCgyFSSvdNv3MC_atQPqM_XA|UCwhR7Yzx_liQ-mR4nMUHhkg|UCzy5cqx6IGmlR90biGw5Lnw
Q10824899,,,
Q218997,,75s7RfViwIXirjnRYkZWPe,
Q861190,,,
Q1472482,,,
Q1753111,1139,1UUYAQ9LiRsZF0ZukQNWXM,UCQzV092_2rgkk2sSRAfgt1w
Q1535896,,,
Q1760836,,,
Q7712717,,,
Q533478,3702,2m62cc253Xvd9qYQ8d2X3d,UCOANtcwoFl_Hm02fMWVIgGg
Q786980,263664,,
Q704757,7981,0eVyjRhzZKke2KFYTcDkeu,
Q507327,6471,4wQ3PyMz3WwJGI5uEqHUVR,
Q131422,103050,3ICflSq6ZgYAIrm2CTkfVP,UC9TsKWlxTdu0frhdfT-H_Og|UCgXfS0QdhrX55_rS4npXDow
Q512836,,,UCbFOhfmY-s4staufLfRT0Ow
Q2118895,14813,2kuNswDC82PL9xRbfaZJaS,
Q2000851,2748,3C8RpaI3Go0yFF9whvKoED,UCxKS_QjhJAfV2hgLYxxGkWA
Q950309,1743,3gdbcIdNypBsYNu3iiCjtN,UCBGCbkljFbQHm_8w8HFWAKA
Q3519860,,,
Q600344,3509,4vpDg7Y7fU982Ds30zawDA,
Q214418,994,51l0uqRxGaczYr4271pVIC,UCAYH1oaK2xUntHxXIq5-4Dw|UCzIOJfQMRe_-TlUOeVMqzzQ
Q3519888,,2YvNi4oPdBgD45gc1UycxW,
Q183048,2179,3oDbviiivRWhXwIE8hxkVV,
Q2165980,5364,1eVEVL20zNLcGrPDOR691N,UC2T_4pL_QDvVdfugRtaxfsA
Q1299,1,3WrFJ7ztbogyGnTHbHJFl2,UCc4K7bAqpdBP8jh1j9XZAww
Q1452973,,,
Q11328522,,0ZhiDL6SX33fF616wV3jsk,
Q378958,2168|1605198,5krkohEVJYw0qoB5VWwxaC|3F53xlnY2oHMU7vRT98VMn,UC4ioqobfqRk8yawnN81ac5w
Q2667938,17197,,
Q606226,2483,7mnBLXK823vNxN3UWB7Gfz,UCJL3h2-wEOB6EigQOBZ3ryg|UCchwuI134MUX4GSZqYLpYGA|UCHSKIP5psmjDFNe2Kri1wkw
Q7718487,,,
Q1615382,,,UCc_mOnnAc6H19uuiPAAqD7Q
Q2004533,,5dr7fkIRO4K14g7U8SCue5,
Q2092670,7351|111623,5TVL4FXEntBYZb3ujyt6fH,UCJi8pNLp54kRu8l8qNz71FQ
Q1605508,963,2nNyMDW51EHYbBXu3lFbLR,
Q1517721,71576,0QJKELJZZuLAjqLOOixJm5|44hMtyteVdHHM7QYy7FDms,UCVpnCPbd_jmm2c4WGg9qzqg
Q769123,,,
Q1970440,66853,1GWV70Reko15eV2nHCm0bM,UCyB5bwlH4jXnZzieMiD_nOQ
Q977373,,,
Q3520048,,,
Q646218,314836,,
Q2409957,9058,4UvhuGdFf75Cfan7lEU1J1,
Q1410132,,,
Q608233,6337,,
Q913560,,,
Q1751483,,,
Q211526,2939,1PCZpxHJz7WAMF8EEq8bfc,
Q7720909,193918,5YCa2ZsNL86M1fLHW8bElw,
Q7721110,,,
Q223495,3102,1eEfMU2AhEo7XnKgL7c304,UCocF7enWc-JXxVyZxDjvewA
Q858388,570,6DCIj8jNaNpBz8e5oKFPtp,
Q1422960,,,
Q7721684,,,
Q1961659,120179,4mplweFSgMgpH03ruEMEMv,
Q2410177,2227,0OwaxYpG77PWKSLtj1QzG8,
Q1472126,272409,4x6kNCpQ9veqQ17vllEJUR,
Q961810,,3JEDaDPsOev2axi1kVvnb3,
Q1542958,2493,5fScAXreYFnuqwOgBsJgSd,UCv1EGzo_eC85goEL2u4Qf0w|UCLy1CDC6w-4YndrsWrI-uXQ|UCNsnfaMMtgl9Qvu0Uuk1f5Q
Q208507,81,1GhPHrq36VKCY3ucVaZCfo,UCvyAsTkXVoCQtFG-rGhwCKw
Q3986249,,,
Q467933,,,
Q662577,3332,6AnrSlk5Gp1YMXgaI3mWCL,
Q1386995,1880,05sIdEkXAYDbDDdv3T56Oj,
Q1634063,,6soJo0dtX31T30OxtS4A39,
Q962528,,,
Q7722658,,,
Q1757705,,2ZfogSsOWP4mVfEqfpLXCt,
Q1087300,3187,32ogthv0BdaSMPml02X9YB,UC4IpV5hKYMP5dBqsKRrXjOA|UCIzsJBIyo8hhpFm1NK0uLgw
Q1209252,,4qWTqOdDnH56Qak9UjmpKz,
Q125603,2,3RGLhK1IP9jnYFH4BRFJBS,UCWfAZudbGLAyrrEBaGuslNA
Q2410301,,6LRmgzRManplPQghd2BMqz,
Q7726628,,,
Q1725152,,,
Q7727671,1179027,3VvmUsYPzFheK2wJGKcXxp,UCSj-RATmRC1rRxmvUlYxxTA
Q1137218,,,
Q1814766,,,
Q1658371,134466,4ZSzroBNV7HzBDO9aohuF1,
Q1361146,3918,4lYtGx5NZQJHsMyhHc5iz3,
Q1456447,,,
Q50975,1538,5eKLa1xyHLq8ERWmT1CRHj,UCXcaxvT0nRNzTUyJ1z66jGw
Q1475018,2342,7rewR1TVjhisjI6gauUamf,UCthfOgdYMCdvfPALgf9V18A
Q484427,381,7bu3H8JO7d0UbMoVzbo70s,UCL_zMdXdM51oSi5XpxTvRtQ
Q940536,6415,6VeL8VhaMjHTPc5uovFl3h,UCzutsHtxpt5NlFFF_vQUHpQ
Q1141454,10349,2HBbky0Z08ZcCKVsXWbNE4,
Q116936,229263,1CYmYyxlWBVY80Kvq5lTDg,
Q930112,2071,7ITd48RbLVpUfheE7B86o2,UCf0uVkfr1g6PhD1QwtNE3kg
Q2000558,,6YPRXu1dazGYcSZv4HJEH4,
Q1759086,6176,0wbrRIw2po5DV4LeaHw55S,
Q1184543,,,
Q7729893,,,
Q1307025,1784,7IGcjaMGAtsvKBLQX26W4i,UCdgBrkPQrUgkisX9VXfURTg
Q2614717,4234,4wPKtZH8mW0PdLeWPneweb,
Q2410892,389851,6GkJh85o22LfD2vgL9DP6f,UCBVvc3tPGFM6KPKKnJfPTfA
Q1754173,,,
Q1543686,1298,7EV6jW6dotBdvsHj6xPixi,UCLAD-DCYHq57mIArfHRPpZQ|UCkBySt1FD3LyOk1fAHtA_XQ
Q1393884,,,
Q506670,1144,39T6qqI0jDtSWWioX8eGJz,UCChUINpPbvMLZkBjwPU4t6A
Q45354,847,22WZ7M8sxp5THdruNY3gXt,UCYgJ2M1mq8Ae0QOm_VQU4VQ|UCdx4iSJpg33jNmd9auQT04Q
Q259381,64171,1l0eT7EY5r7U1gMVm2SyoS,
Q1123938,965,5JqX1glXPg6428ubI1w72i,
Q1060576,8011354|2191,1FqqOl9itIUpXr4jZPIVoT,
Q1419255,,0p5axeJsbtTCXBrRVoKjwu,
Q478629,3786,72RvmgEg2omdlMV9aExO6a,UCZXk0hDQWjtcKWcXYvqLuyA
Q1509107,,,
Q7731864,,,
Q690138,1883,4ACplpEqD6JIVgKrafauzs,UCdGgpzaJSXHqc-HLP1e9CQA
Q2142713,6960,5JjsLpZlE0oSu9opRGQYWm,
Q117684,,6NB4b8lltHCjOhW7vQZkAy,
Q511277,70752,,UCT7yD7EC8WUTM0GmrCW09dA
Q909916,10735,6WoTvA9qinpHtSRJuldYh6,
Q178594,1351,5fuQrhMRYMtoO9uOlFad4P,UCob8Qs_Hb2vp0QzuvVhQZUA
Q1428876,100266,3lN1TG4RIoaJCff6Ck9KUR,
Q7733724,,3KH6DLHeoFZgVbtKiLXb6L,
Q523184,1857,16eRpMNXSQ15wuJoeqguaB,
Q1241507,66933,6iygtKnPG7TRvDaTYcLOd6,UCWaN2O3xm93jcbD1SwlpOYg
Q847191,13051,3a9cSOmXeX3S8Tosfy9Dwv,
Q912990,619187,0BI5vXwUl4lZMtARfXQ0No,UC2xGd7oK4kmyvu5V9NtLevQ
Q200769,,0rESpKEusFHxhW59MIf7eM,
Q7734637,,,
Q2113011,,,
Q271513,4527,0zOcE3mg9nS6l3yxt1Y0bK,
Q17109370,,,
Q168031,9022,2qhmNI4ZHPpeDutdg473Z3,
Q141703,1948,3TBfn8PtXr42OrTPaoC3E8,
Q992295,6332,4TwHRCIu3Xg9fjS3l7owkp,
Q573067,,7If8DXZN7mlGdQkLE2FaMo,
Q687651,58031732|2015,2kO6zjt4a1OIqxOERhliEX,UCs9gn5TTs46sAEKBC5bJ5rg|UClTGzIExx8h5mNMWsbygzkA
Q256319,877059,4gRFSxjAcJkb54BDjqo7Bc,UCEsInI6avCL2afoAZX7nVdQ
Q1683782,64514|64252,2hnzQ6eCFkxUIPsVcsdj8A,
Q2574419,,,
Q1757786,1355,54Bjxn26WsjfslQbNVtSCm,UCDnNtREEWYJs3RiRc7oFR2A
Q771912,390001,3a9qv6NLHnsVxJUtKOMHvD,UCvHzs2C_iK8VLV41JgQPyug
Q1891138,,4HCubdy7diarb4KZo8etrq,
Q7737020,,1ugjd9v0PsqxOuoni63PCC,
Q2396318,,,
Q2377124,,,
Q1398604,,,
Q7738577,,,
Q60339,,72PnPUc1qv9UjRPaGVZ1jq,UCM4Z0u4xpGVQDR0J6TZ99Jw
Q2076097,1065098,0n94vC3S9c3mb2HyNAOcjg,UCC9TsJPWWkXLLY5kJdiQPtg
Q7739259,,,
Q1092132,,6b5Hxvp7SWlJY5uUrRlzx4,
Q287690,621,4DToQR3aKrHQSSRzSz8Nzt,UCELR12iIiikEonZtw39CvLQ|UC_aDZ5VN3pMmJ0BdxFpO4oQ
Q282925,4189,6waa8mKu91GjzD4NlONlNJ,UCT2rklx1sP3c1VDjjGB05Qw|UCoOzY0feZINyEk5Nw2-VLwg
Q730158,172,1aX2dmV8XoHYCOQRxjPESG,UCOhdSQTL4knccM5MObxuICg
Q580823,7143,1b1N51wmSK0ckxFAMPSSHO,
Q1500510,66342,0tQzBYPjAardhWpGkqVdNW,
Q2412135,,30q5mqJmdYPaKabPMytzvv,
Q178134,732,53QzNeFpzAaXYnrDBbDrIp,UChCGC-pLAbrTvbcXqdYsDAA
Q43267,75332|7012135|980,2iE18Oxc8YSumAU232n4rW|2yrbLiuBmc9j81lTX3XUuI,UCG16tbsOLv3EsQhhPFOknjQ|UC61njVWfh29aExlrfE-2B5w
Q916461,3944,2P560DaOMNDUACoH8ZhOCR,
Q1508351,4779,2UDplVRprMbazU74Hq8OLl,UCgDQwgOtcSMSro94c0_HEYw
Q1684462,,,
Q1126301,1804,4rjlerN21ygkIhmUv55irs,UCAlP0LcJ_RVqLvNr78w8MmA
Q475227,15744,6r26MaDr8bqNALjXgYPXMa,
Q1407424,,,
Q1141580,,1v1OQb42mLMk1qT3wyiNEu,
Q12674983,,,
Q220730,897,0C0XlULifJtAgn6ZNCW2eu,UCkhyoTaWKuB-Rdbb6Z3Z5DA|UCneQ7UWyu9USLDgMya6T7IA|UCjB3CzA-MwHrDzuXGweNiMg
Q970502,,7vJxDJ7RCJ5H2EwNJ9IdZo,
Q59965,17228,3qtcbDvdIgQOXkPbtRvBaQ,
Q188713,1415,1SQRv42e4PjEYfPhS0Tk9E,UC_NS3vx8ZLC6MPJJkBV1x9A|UCsQHS0_Fw1vIXm3TEbPokvA
Q1751786,,,
Q741316,2846,6dYrdRlNZSKaVxYg5IrvCH|623YeFh2bNivR5ZxQcsjjP,UCbsEHtpoQxyWVibIPerXhug
Q1427240,4660,0Nn9YwJzcaeuU1jJL06e3r,
Q2406841,,,
Q1143750,3186,31VNYr7yK0xBD6MfIaucLJ,UC8VNYGAGb63QC1RhyXGHiig
Q1860769,7570,47Z8LEl3LnQkcpva0xSthT,
Q3987870,,,
Q1811622,,58Wl2AJZWwfvEn2eAWJbIG,
Q1424124,352365,382aCtCMEd2Rg2DmcU9xw9,UCCidK8hmFw4tRa16dJ330GQ
Q863573,167087,1f5GqyOPo0CkotzzRwviBu,UCCHcEUksSVKsRDH86j77Ntg
Q2252204,,,
Q1756844,,,
Q496101,793825,16oZKvXb6WkQlVAjwo2Wbg,UCB7P9Hr5BYB5Mkxau6t3Sgw
Q211277,539,1bs7HoMkSyQwcobCpE9KpN,UCkTnQRDlSWKfXdxzXRgJmhA
Q1431787,11548,2dogRElUKV20C2khRHqjRc,
Q1061590,7235,59QxeZBL6k9L4oJBGSyukd,
Q385841,,,
Q1812589,,,
Q484969,332538,,
Q738714,94785,,
Q835289,75869,,
Q2412878,,7a2sloQlmdKSmj3fwMMpg9,
Q1887369,,2JRvXPGWiINrnJljNJhG5s,
Q48700546,6807853,2NFrAuh8RQdQoS7iYFbckw,UC-sM_PLqzgktdUcW2LEKKkQ
Q3521870,,,
Q1327973,2577,5uYXMC13cIUulobh204QuK,UCjECIF-t448obIfqSUjK-OQ
Q17142063,,,
Q1761222,,6TKOZZDd5uV5KnyC5G4MUt,
Q1778916,6810,,
Q2294322,,,
Q747512,,,
Q464036,3949,320EPCSEezHt1rtbfwH6Ck,UCv1oY0OLtsEySHeP1TkYNqA
Q136554184,,,
Q211965,4212,5BcZ22XONcRoLhTbZRuME1,UCX2DzaAhcLS09XHSmXq3ysg
Q1969478,,,
Q7752222,,7DCEVpVOG5GI6gVV2rTSsR,
Q2936649,,,
Q145515,6116,3hyGGjxu73JuzBa757H6R5,UCl4hLK-YKeHuCAvS8ZPVv5Q
Q3065138,,,
Q7753567,,,
Q900864,,,
Q179157,2519,5me0Irg2ANcsgc93uaYrpb,UCIZGqIYkST36dLp0uf9o9nw
Q981180,,72kTuWmVMzkRDkP1pgc8Hr,
Q1749011,,38h03gA85YYPeDPd9ER9rT,UCbZoqpq2EXyMV4RJUyLBehA
Q2008427,13188,3XnO697XIus1M0cMuxZjos,UCu7FbLHkryjNAS8REUqxg0w
Q957090,275874,4YumqLcvnU9DW31AkzaviJ,
Q1089581,3927,,
Q924993,68163,5HAtRoEPUvGSA7ziTGB1cF,
Q1431711,86393,4Am5deuAhDuKUJgXmoCQzj,
Q1543041,72430,5fU6lODhpw3GEGGJuaDprR,
Q7755692,,4Gh02gVaInzoBvqEnJFQDS,
Q7755711,,,
Q3522161,,,
Q927618,,,UC2rL--PGNPCOTyn7BoTZu6A
Q3988639,,,
Q62278589,,7u1mqP3ykglpCB2c1p1p5I,
Q30504,,,
Q1580276,,5BZgkvkTEBu0cXyM1MkvKl,
Q1114144,,,
Q2413447,,,
Q1856396,3831,7yk35uHNQclPXFGFoTU44w,
Q1754873,,4CSqr95TKzLmNeClcDr219,
Q753905,6859,6KWcxMWVNVIYbdOQyJtsSy,
Q125157335,,1i4iT0Sw4OUeMp7egnsbxR,
Q48304,1435,2wzMOQwNT6ZvVB4amvhFAH,UCvfcW8XVa2Kj802P4l302Yw
Q1779387,,,
Q178095,1981,5NGO30tJxFlKixkPSgXcFE,UC4CnFBpo6Zk8D6bmeXB0MTg|UCuCY8MR9LcAGIXetnKx5SnQ|UCbsRGw640UF_F7AIwHW-zmg
Q1239214,1272,5yV1qdnmxyIYiSFB02wpDj,UCMDkrt0YyyYkM_FHV25HGgA
Q667389,315929|2462,0GByy3DcfbQwDvXGCWmzv9,UC4oEfUAo2t1rJgM73BtO--g
Q1364657,97317,5U16QlMnlSAhkQxBZpLyLO,
Q7256860,85,4k1ELeJKT1ISyDv8JivPpB,UC7IZbkKDd20v6Ni_vFX63rQ
Q1649624,,5li5GfWFVl73vu7r2bGitu,
Q1339157,108456,2iRqqPkOyIvvb7qFZN1Onz|2G2CvnpAvVNB6zIThjwqCb,
Q7261422,,,
Q1426495,1363,166Dz1GX3xonSQ3Z6CQW26,
Q1757318,194326|7853,5X3TuTi9OIsJXMGxPwTKM2|5g2n2H9ndqvejERtwZ1rHh,
Q1570833,,1YczG6BNjM9XAnw64RqnXi,
Q28405869,,,
Q3110679,,,
Q947955,,0X7nkgtJrvXcn1W8lN9Mtm,UCFsTJlpVitUrSxkQfmLlt5A
Q1273740,,,
Q610228,5852,4b0WsB47XCa9F83BmwQ7WX,
Q16955510,,,
Q913590,,,
Q109678068,,,
Q11036,11,22bE4uQ6baNwSHPVcDxLCe,UCB_Z6rBg3WW3NL4-QimhC2A
Q1052139,239,78xUyw6FkVZrRAtziFdtdu,UCbZwpdul2Oa5Fl6hxllcSzA
Q7762693,12674045,3U4YaySF50qzOFyMAUILFe,UC2yEXAM9A1yvRcl0s7uI-tg
Q1132434,1894,4QmkLL9JOqM9dusHS1Hghe,
Q2142320,,,
Q7763250,,2oxmEjNo7UXIiZi7X7ovGq,
Q1546385,93342,3wRksusBxJ6npu0PryYheF,UCWCvnELYdQPd22Q6YR4GR-g
Q212168,2783,03hfAxVdAWj7kxDnSG0fLD,
Q587713,12329,5E704N5StxMVKpalhaJ5L3,UClLNGF-6oP0p33c2x_K8VjA
Q1353426,90451,0x83OBqixqdCHnStP5VMcn,
Q3482481,,,
Q56305544,,,
Q751814,2482,4HxBVyHaUa60eCSsJWxwWR,UCnkcbmV8EDVJoYu3xoECM8A
Q845449,2693,4og9jrin5xH5JiFPbeGUPb,UCwNx_CU8WX_yVTkazc-DaBA
Q180598,1297,3yY2gUcIsjMr8hjo51PoJ8,UC-sdfo_ho6Nq3OH8RUHBrNg|UCklWLf-5N7mE8S06rj2OrQw|UCszIIUDB8zqRobGnpDYjbAg
Q1331669,,5ZAJk1ODdFHQo9yG0lDV18,
Q2706252,,046wtejcUX9rhlzw2nlveT,
Q904921,,2g3PKH7Z1Ofn5oGR6oDjLy,
Q116306326,12148,1UTxQ0jbtZoJPXD9cUC3iD,
Q466840,74639,1bZKspL8h396R1WihOiPb5,
Q3066755,14975,5BEYGWk6aPdNXxBx9pwU8S,
Q19057,1657,6xnvNmSzmeOE1bLKnYXKW3,UCeNxuVVmAOl_L6E8hCymT8w
Q1049145,2920,3i9hP422d2KMjaupTzBNVS,
Q7765848,,5mrfwFGMT56yGbirhVdInL,
Q2030958,7858|64766,5fbhwqYYh4YwUoEs582mq5,
Q765177,,,
Q656291,71430,0qqGnmHBX2yVvCITRAvuRD,
Q935884,455452,7xGGqA85UIWX1GoTVM4itC,UCp1zIwLCFFOgMA3s2SeGRTQ
Q1959559,,,
Q7766405,,,
Q29606,2731,1lYT0A0LV5DUfxr6doRP3d,UC5CYzrt7W8bGXeMiVcXgbvg
Q208767,1610|244311,4BFMTELQyWJU1SwqcXMBm3,
Q493697,420076,7N3JfLDzzjXdPbsyco7X0l,UCp0-IPbm6I9LlBG2fWUNmLg
Q211583,569,0epOFNiUfyON9EYx7Tpr6V,UC28OQSWdiW7jkadedZRRyZA|UC8N13xhRG78YQK7Ppc4Ytrg
Q676522,4090,3loflELg7MzgrOyNqERolN,
Q2307426,,2O0Hw1WSMbskB5tD9aWah3,
Q1413494,299,7zliF6Q946WznVk3ZMYhZX,
Q2164974,,31v7ijnAMVL9V7Uzr1sFcI,
Q2299850,,,
Q218837,2162,57bUPid8xztkieZfS7OlEV|0rXI0q8Cahq6numvPlloaq,UCDPKhKv0q7x0ZbEnKBkP44g
Q2165679,11039,6gZVflqhSHhG3MjYrf1dOv,
Q487919,71304,64JgVJdkSDXU6AEJUOnspK|3JaAGmSTpJK35DqWrDUzBz,UCUDSWDmFV70VLc18KAgqfFA
Q1310839,140994,5gNduPlUGHsgy1w7f71obH,
Q2712705,,,
Q1971690,,,
Q3437104,,,
Q1445090,,,
Q846373,2730,3RwQ26hR2tJtA8F9p2n7jG,UCee8VNCWfOCYccbFhDM8B_A
Q285187,,2OiwfycH1KuurbtNJgaPnX,
Q3523007,,,
Q724783,66475,72o2T9aqYR2PFNYpzYrMmw,
Q7769269,1106732,,UCEU3G-241WOa2XReGgsmkmQ
Q1571747,3389,1EgGVV9cmmlLEsFlunjmvv,
Q7769580,,,
Q765861,1896,,
Q1263874,,6JqiYCJwtFqBMCvX772Pw2,
Q1685123,1451,1zgNpeHQe8GulzfVkYP2VK,
Q1536429,,,
Q943253,2943,57xdnSVt4ahJCIXYLieQ25,
Q627470,4194,2VIoWte1HPDbZ2WqHd2La7,
Q1501348,1179840,2WRStKp4ihGVUzlzWfv1Qt,
Q118804,78304,2tkwWmcZOQPNbbIdknfBsw,UCe2L_9EDAWOfv437ehmpcEg
Q286596,,,UCFCsABx-h6iF2D94EeXjkKg
Q2253282,,,
Q1542725,1732,4wWQkHhmUNlXvhbHRUSqZW,
Q103550,1559,1nJvji2KIlWSseXRSlNYsC,UCXNWrugB_J3sRBYR9idQWzg
Q770732,,2GaayiIs1kcyNqRXQuzp35,UCBTyn_Hs6HQQ6poBYsiQiVw
Q2414853,,,
Q488916,869,2cGwlqi3k18jFpUyTrsR84,UCY9j66iGshbnQhO7ggwRyhA|UCzm63hQS-Lty7S63UqYe7zQ
Q289405,1638,7vkiEK5D7Gf0z4M1Va0CXD,UC5SXH1c-7RpyF8fXGeGSn-Q
Q7772770,,,
Q933490,,,
Q14159626,73424,6g0mn3tzAds6aVeUYRsryU,UCHdMoJivRrKvVBndmkl0_Ow
Q1422720,10425,5TnuP42pw475UrjjeabtwZ,UCMflk2MD3YD_N30ujpHuMYA
Q4372,1569,4tyCvqG48h4LdcbFfWBjR9,
Q2121062,4050205,1Xyo4u8uXC1ZmMpatF05PJ,UC0WP5P-ufpRfjbNrmOWwLBQ
Q268160,636,4F84IBURUo98rz4r61KF70,UCD0Wge1UpszMtqK3P9x50vA|UC0sQemK7pgX5fYy0k1MFsHg
Q93346,817,67ea9eGLXYMsO2eYQRui3w,UCUtwj-3S97bj3lYDVxDKtlQ
Q1409039,417388,2JY5qzEozvTdogkDTkkOMf,UC5vVe2R4ucoMzJP53o38Yaw
Q12005972,,,
Q500101,80664,0Uo1d5A6BR1I155GlD9WYo,UCekY_YmE3wOni33grJ5LHPg
Q335723,78488,3MOw1ev3YQ8liIGmHT3eH6,
Q2268060,,,
Q192725,5494,2lxX1ivRYp26soIavdG9bX,
Q1163207,6173,2jgPkn6LuUazBoBk6vvjh5,UCl8lfYgkby6-K4EkcYBhvgg
Q240457,891,31eXqCx5cAlItdGdoHMEOu,
Q600184,60711,,
Q109612,5136,4PDpGtF16XpqvXxsrFwQnN,UCHiOp5Z2ECvD00UChyfM5Xw|UCyCL_gVNVoWZTjkw-KnuIDg
Q1338638,,5BaHqGtf6UAZnHfqdPaTDA,
Q3390466,,,
Q781042,255248,3ZeByeZ0hu4iphflbEj4ZA,
Q162247,4018,5c8Cw62ZYj9XO6iDLRDEsi,UCOZMj62eTEiZl8NWPNQdo7Q
Q420880,417,6zB02lwP6L6ZH32nggQiJT,UCTZ0pVJExw6z0XjqEzchX8g
Q546930,366,25KNo5GDS6ZpLkjasaecA3,UCqx8axYJOduerya_chK-8Ag|UCzFpkcvn4ulINJsS5SpLaJQ
Q202314,2139,6biWAmrHyiMkX49LkycGqQ,UCvBfm-GXTovLlApGVPfsP4g
Q2085247,,,
Q3524673,,,
Q426827,4001,7uWXomGkKtIq9B4XgA3gch,UC12bqPm4SJVn3apAKrarNPQ
Q1754136,2008,5OK8j1JnhoBlivN32G7yOO,UC5ReCHThuiP6RdtFfCf_Slw
Q3990545,8799338,5TUa95aB5Vu2CzwCnZd6t0,
Q562158,,,
Q820968,,,
Q455618,1640388,,
Q27924886,4784389,,
Q2270225,,,
Q438141,,6nLcghsTUtvQzu7aiu8HbO,
Q7793491,2021921,6x2LnllRG5uGarZMsD4iO8,UCr7r9JorcxMDOC5ZQ_ZCs3w
Q207789,1612551,1XmMnFJ9jhW4tI7bQuNYFG,
Q553908,,5ftm4NtQXNcAiJ0awT0A12,
Q1365889,,,UCulre-_EyeBvNx6JkN3mhvw
Q129464,77229,5nFrP7P3n5fP5PVFTP4hoz,
Q55635797,,0qwWMVIcy32f3sw0OfvP9f,
Q1027165,291,26s8LSolLfCIY88ysQbIuT,UCH7dNHRWzjBGgVPbS6_wedQ|UCARHA7fV-p4g3RFnWOlPl-w
Q1165655,4278,1UYhxPY1oqFUg1HfF8nV3k,
Q1433169,,,UCSRPiMwyqKqbY6PVExIHgxg
Q2430218,507954,3et9upNERQI5IYt5jEDTxM,UCGjEbsGoyWSJlMjzuWM4FKQ
Q3527978,,,
Q761119,3799,5SwHKKNKYToC1YzWVNWAIN,UCFKlq8624WwNZ0JHi5K0Y2g
Q124813072,,,
Q2044704,,,
Q233886,16272,4C3uGP8vRDzxrhJxZiOjTe,UCq82GlVomfVLsO_vk1JX_NQ
Q725341,1090,5l9wiTZVfqQTfMDOt0HtwC,
Q2164080,2134,7ivKiS6TITQYizkbUUahbi,
Q7801491,,,
Q2063678,,,
Q563162,,,
Q356487,333,6roFdX1y5BYSbp60OTJWMd,UC2mK990tp7umnN6Y-DEGpDg
Q505384,,,
Q11897643,75940,0oFIPnarjYKDTVgNQU0bbo,
Q7806850,661247,0CbeG1224FS58EUx4tPevZ,UCd61k-5ykv_4RIbQg-Mpvrg
Q262317,8209,2sf2owtFSCvz2MLfxmNdkb,UCZ3wH-v5zOcq4ZZWI58TGKA
Q107452045,4105090,5EmEZjq8eHEC6qFnT63Lza,
Q2514348,1697964,5zFZH5I8LCbDPgFKEU31Oh|7nZQNPtjBLW4GqfYOC0rto,UCVZInUo5j2-1NWT5TWStqlQ
Q6147534,,,
Q1386740,,4vOycwLXdkMMzpZW04VW5m,
Q1258044,,,
Q317122,8661,6SPpCqM8gOzrtICAxN5NuX,
Q705847,,,
Q7810465,2281211,1hNaHKp2Za5YdOAG0WnRbc,UCcBJoRL_QYkPlJaMhAUahvA
Q7810556,,,
Q183508,434,2o5jDhtHVPhrJdv3cEQ99Z,UCO59y9XJIJZS5i86lUOvMGA|UC8VSaPhuiHkjobAgNpRqLIA|UCPk3RMMXAfLhMJPFpQhye9g
Q7670542,,,
Q7670560,,,
Q742804,183,0TImkz4nPqjegtVSMZnMRq,UCxkBNnXKgt7_-W80LBMEDMQ|UCMUzGYjI0Be6RhNEk_1fpXg
Q7670867,,40jiZfvsiAi1aIarh5Z3d3,
Q11890,3472,4WOaecAM3RMMmrbZzNx0vu,UCdvyuUBl9V6bHqoTzPtUiWA
Q7812349,11533,6MFopqejpmTUUZlcRmGzgg,UCk_ezssvR9Os0VrMbmA3SWg|UCXDlJgX8jT8wupdCD2GYDPg
Q364875,1143,0Lpr5wXzWLtDWm1SjNbpPb,
Q16056085,,49gaZqfow2v8EEQmjGyEIw,UC0IiRfiEDA0GLLMufhUUOng
Q1253645,11490,3dE92yGWcrboP1kC5SWyqu,UCU2mkmgyOKgzl0twUe7vMNA
Q108291862,,2p4aN0Uxkk3iT3HK0cJ2cJ,UCFj28TzEfGGQCPSDZEsXgmQ
Q369724,,5iNvbRVX9W8t1RpD2SHpAO,UCQMo1CbI1PHFWnZl-76NbJw
Q2117272,2110,4tX2TplrkIP4v05BNC903e,UCvYomLPMwUr1FAXRMGhVfCQ
Q1345690,,,
Q1375576,,,
Q11278859,,3PIG5hkfeomy1hf4Xo33Wl|62A4DKO9GLaJTXd8eqvw5T,
Q50385238,,,
Q729964,,,
Q2258587,,,
Q313529,,4WoGga7UeRcmjD4ufif4nG,
Q7819562,,68tOlTBGwArXhn3jalJ83K,
Q7819686,,,
Q3992914,,,UCz-iOQAk53F696a-8QKptbA|UCrerq_q0MCNS1gvXAyGnPdA
Q1335207,,,
Q63699444,4713807,2BqDRvpxdBWHHJtWWFTVrw,
Q11373892,557698,2flF63KTodI9rSqbP5gCnp,UCx9lUERUUMaQ5uCeKkAX6wA
Q24872872,,,
Q2441201,,,
Q47502796,,,
Q215128,1423717,,
Q1552233,456006,,
Q7821003,,,
Q7821391,,1j8ByviDrUqlkF1HwZVhZ5,
Q1371393,665,6JpZEemWmunccsrHXFUOgi,UCv7eyw8x4apOHE9pg4kunPA
Q296729,4088,2lolQgalUvZDfp5vvVtTYV,UCwo4ZnAcFI-AyDsitZvBRvg|UCtCM_6Hb76yWu2oKS59l-mw
Q481477,,4JZ6ZOxHDimksHWN4DFmoM,
Q1322694,,,
Q3993250,,,
Q983338,64750,6QvgWa4x3Ij4tvBpFMo11P,
Q44078,,,
Q3531839,,,
Q1390373,,6N9hyojoLChEhlsS8vYnyr,
Q158223,504125,4sb7rZNN93BSS6Gqgepo4v,
Q184827,689,2yEwvVSSSUkcLeSTNyHKh8,UC1wUo-29zS7m_Jp-U_xYcFQ|UCW6FSIkA04g7pBvMXlnaKqg|UC1wUo-29zS7m_Jp-U_xYcFQ
Q845465,5871,6ZFv3wQwwWPiVDWhv0mjQK,
Q9360045,,2CMnpQxKHA5w5wGo6F0yEK,UCOa7vxKs6zDK5Gv_8rDBqGQ
Q193744,854|283722791,1KsASRNugxU85T0u6zSg32|0rYOtTxWpZq04WpQivGX7T,UCQQ5UXpimsgkX2g8kxI6agA|UCd1WSgpR4RrgyYaBjA7eYHQ|UCIgQ_8rulGwokbAu6QOxCGQ
Q1590013,390200,6O4EGCCb6DoIiR6B1QCQgp,UCMQmOGQDbzCwT6xXRZm3FSw
Q7826218,,,
Q1412030,,3WggbHDpj4rPKbL97zG5MQ,
Q18353558,5575105,2jku7tDXc6XoB6MO2hFuqg,UCbfUA3UGxAWL3muD004g0WQ
Q7827686,,2ZpV1zSdKb5Ut7kM3XnfP2,
Q16733139,,,
Q3995971,,,
Q207472,215,0PFtn5NtBbbUNbU9EAmIWF,UCevVH-AyrGnTDMalq2x5fQQ|UCewH1MBbYlEZMWx3ZUNywyg|UCo0VtmTVw5B1nMlzOX8KW1A
Q7828521,,,
Q380711,152964,,
Q2141857,17103,3lHPBMb024SqetFwwVwuwH,UCQmlMHIcysfDuNw4_CFt6eg
Q1193049,,5FLbE1s9bnHwJhmngtVXpD,UCPyb2iCNdPxyxbpFm9iXHqw
Q740729,2737,3ZWab2LEVkNKiBPIClTwof,
Q1786798,,,
Q749050,3665,0BYEp3eyHK9Wsp4t2Ad1R8,
Q749426,,,
Q187814,971,7oPgCQqMMXEXrNau5vxYZP,UC-rX_f6vueiRY0E75gBNQ0g
Q1360643,2548,5OSQDUNmll299ldFIF1Dau,UCH0B_DiwmtVvsYGWdPhmgrQ
Q842642,1216,,
Q160103,1295,3bUwxJgNakzYKkqAVgZLlh,UCfOY7DHgcXBp2drfyFJQvaw
Q13605596,4495513,0Y5tJX1MQlPlqiwlOH1tJY,UCtxdfwb9wfkoGocVUAJ-Bmg
Q3989691,94736,6MdAKyl99x8UVy5i7ptaKx,UC7DUoeBKVB5AKcggkHUPJaQ
Q6978753,,,
Q598585,,,
Q820664,,,
Q7840359,,,
Q2383421,,,
Q919386,,12FHARd9fY0Tu0ila4Ua25,
Q313627,1541,6hhA8TKRNryM8FNzqCqdDO,
Q20019100,,5IKKS7LhpdlmMwqIagqf3f,UC8Xp4bKmRn8cmAzi0cc66KQ|UC6tGjOVtv2T1q92cvoABUlw
Q3998800,,,
Q666495,,,
Q2453750,,,
Q1077637,,,
Q12339779,,,
Q3998921,,,
Q10384826,,,
Q15452907,393328,12H1Dmi64fAmmARrsyVFzy,UCqIvQcPl0H_7THPoHnlG65A
Q40890697,11934257,6Xgp2XMz1fhVYe7i6yNAax,UCstw-41J8syXgdJ8xWvaizA
Q2300231,,,
Q708501,,4mnATs9xEaQgFB3KiMN6NE,
Q390684,1245,278ZYwGhdK6QTzE3MFePnP,UC4UQFLK99sYuG1b8oRd5BvQ
Q7845381,,4xrsK22CWDEPYIrreVE018,
Q2062170,10443928,0eayuW5zGMgvXCEmcP7ivq,
Q281888,,1EGr1AnjVRXYz8j9CTYDlm,
Q7489104,,5X1eZAEqHcO5lYy7tgjw5h,
Q7847550,,,
Q7849095,,,
Q3171491,,4AZihrM3P96d5mA9kvsxxH,UCu3z3dIQNb90UNp6_w5O5rw
Q3510150,,,
Q1079264,11705,,
Q6107,167095,1ZwdS5xdxEREPySFridCfh,UCA_-NVTKOlWgxgTWjqlzZlA|UCMIdeeBjp_60Jv7ROpRxK6Q
Q4000594,15290,4KaPpMa2dJyBtUS2UoJTyM,
Q3542298,,,
Q7856100,,,
Q192983,63705822,6nVMMEywS5Y4tsHPKx1nIo,UC6dXhxQtzjlEGauwEGtLuSw
Q1781747,,,UC2Aq-BWMG3JFc2bSQ7Zkk5A
Q7857806,647650,3YQKmKGau1PzlVlkL1iodx,UCBQZwaNPFfJ1gZ1fLZpAEGw
Q20645861,161553,7n2Ycct7Beij7Dj7meI4X0,UCzgxx_DM2Dcb9Y1spb9mUJA|UCCRb6nYKaT8tzLA8CwDdUtw
Q448638,298,6vbY3hOaCAhC7VjucswgdS,UCLSuQaxk_Lxw8nWjhIFvQwg
Q272239,3004,7b85ve82Sh36a3UAx74wut,UCRay0Axn67v8-nm6n91uBsg
Q1849210,7662,2aMAN8kMJ7eUOAuPUYOwI7,
Q7859785,4438587,7c0XG5cIJTrrAgEC3ULPiq,UClVY6MdQxTZUaMDL-dLQDcw
Q2044389,,,
Q3608376,,5oOhM2DFWab8XhSdQiITry,
Q7859802,,,
Q1753013,183006,1MZ8NERIuOS610KBhr6yna,UCGA_MdinvZHZqkle2njKGZw
Q121820034,15285633,2oIQCM7hRZI9tS5b9S8rj4|2oIQCM7hRZI9tS5b9S8rj4,UCngxmzNrABqsrIEVilnPaMg
Q167635,1194083,4V8LLVI7PbaPR0K2TGSxFF,UCsQBsZJltmLzlsJNG7HevBg
Q633405,824,0blJzvevdXrp21YeI2vbco,
Q63067885,,,
Q1522392,69237|257429|52605302,0GLde9xobyOX0vNW3nY9pt|0iQ58hVu6gA9nuuCgbnvOn|0IuX79rMV26eXYdsigK2S0,
Q721043,,,
Q524495,108315,6TmGNPW2oDM5uaXBILozGa,UCjJx8SH8sfh7ruD1495kAHg
Q1356920,,,UCknTmG4et7MMK2oY9-oKspg
Q2038634,,,
Q396,163,51Blml2LZPmy7TTiAg47vQ,UC4gPNusMDwx2Xm-YI35AkCA
Q62030625,,,
Q560153,165,69MEO1AADKg1IZrq2XLzo5,UC6jd0WZLAp0LGcAyiJiDgBQ
Q7876960,,,
Q155236,70292,2G0htB8PxlO2onxnIismur,UCjnS3NTENxFqJ3CByeISKlg|UCf74_DS9mfTsbH1MQ0tzP0Q
Q1153351,,6ZhjJOJXXwnPS8PrXdmjLw,
Q99674255,,0YE17nrGKTk37bcKpKVUvi,UCtclkxiWkp6K65oLsbbp4dQ
Q269614,150651,3Bv5btxNbwbt79fcjw9DAg,
Q156139,1017790,2VoP4JXyxNPIoYAFdB5ssQ,UCkd4pYkarn1EEg71xxVE-Lg|UCnztJWJp17lAJG0BehOSIPg
Q23776017,,,
Q1888098,,5f3E0hJGnqNSI0r5up4auQ,
Q444309,9099,1cK2Abwkni7m51wJCSGllN,
Q22909533,,,
Q316485,123684,3iUjRVvYCsMfz7tuAQtBDI,
Q780588,1867,6bYFkBNvayh3nGqxcPp7Sv,
Q7881749,124441,7mQilAy42MqNPqUFqK4Z0o,UC6cl-exv_SHGPpYyLgwYTpw
Q465220,,,
Q14197609,,,
Q2492614,,,
Q1473092,71379,2Plkkomsc4DKawkCioLKjc,
Q109406884,163177647,68McnNC9twEtiynOAJRRgZ,UCDfH7E8iHkEjmZ6H9uQ5o1g
Q110808631,,0tbuVFxbrGx2oiNbpetUGc,
Q913673,4338,3GzWhE2xadJiW8MqRKIVSK,UCmeDeURJ8-s1WNoFL5bR10Q
Q849429,1547646|276,1PXHzxRDiLnjqNrRn2Xbsa,UCL2yEhXEN6umpyZYJhX4e7g|UCahiOREGlmLx7vi-35NbdBg
Q1735960,,,
Q2733408,,,
Q2908818,,,
Q104520548,,,
Q7771583,,,
Q2116423,,,UC5uOOuaJ-f9fdZdCKrCfMHQ
Q782134,10936,0PGtMx1bsqoCHCy3MB3gXA,
Q60194717,14613391,3iAhNz3e31lBuXYOsqGsf3,
Q168290,,,
Q24548680,4537842,,UCaQVx6CxQNmQktFQ-_jxmzQ
Q7899283,,,
Q7899931,,,
Q1755857,,,
Q165911,17,23zg3TcAtWQy7J6upgbUnj,UCaNrhBiXsXIM2epDl_kEzgQ|UCU8hEdjK8u27TM7KA8JVIEw|UCILuIcqzJMtkxCmftNVjNBQ
Q7902265,,,
Q2036827,6853,2KB6LGMBaOYYYdvvgyptFH,UCPvn0MbTxPM7R6kCUF4hwTw
Q60659,,,UCgmQvOHAbtFN71qb4tQA6NA
Q2505257,,,
Q4226573,,,
Q935982,5567516,5CklGblidqI5yAHa6nP5Oq,UCix1r81Ik3KJPa0gelJ92FA
Q1929085,66515,62XT0ctjHC56OxRMdawQZM,
Q5068769,,,
Q963396,,,
Q32927,1710649,,UC4B36Usod-SiuTAo667WNHQ
Q190155,1168,2cnMpRsOVqtPMfq7YiFE6K,UCfOTTeREY6_1LSW5M0bdG7g
Q153172,2639,4P70aqttdpJ9vuYFDmf7f6|1QZVk2Vfo8tXQX35msW5Ny,UCWWBOAJrQd7UqNundwjGb-w|UCNms80n59AltHVQuPgGrKkg
Q313578,3109,7GXXMm3DB1VswVcuGyInUd,UC6C5msV8sYCDO_tWWJtyC1w
Q2992193,9987,,
Q7916376,,09smRvEwonFPNjNBuidYYL,
Q297486,,4chuPfKtATDZvbRLExsTp2,
Q1500297,,,
Q124408930,,0B3kMiB21aPQlKumGDr4c7,UC4WllQ3vORyygOrM0eba_5A
Q1573029,68900,2i7CQcVBh2K6uOR3CH09M1,
Q2512236,,09mNj9XgCqgg6usfeXOoBg,
Q16235124,,0aHFAt3c3C648WXJP7GCRc,UCytaXOAG8rjgxzg6qwNgOog
Q375950,,,
Q6160277,,,
Q120204,,7eKIP3IoPoUAZgZuvMM6hf,
Q936010,765,0cwmNvclzPd8mQnoHuIksj,UC1ZJB8MepA7B7zQE8TmzQdQ
Q192861,15775,5fwaejlOHVBAw1KhIPPaQe,
Q2372239,,,
Q2813687,,,
Q769325,161777,3suWpKrodV4J0ozhubrmir,
Q2063684,,,
Q1692558,,,
Q19744918,,6vnVPM49Yl9LSGqhnLAh1f,
Q2905142,,0B4Z8L32aIQLItb34i3Dt9,
Q914209,,,
Q2001096,,,
Q505159,,,
Q2067516,,,
Q119069,8798,2lfQbjZQ22dOUxNeBlCaHG|4PPoI9LuYeFX8V674Z1R6l,
Q386747,253724,5qF6qgroDoDIKpPChRqhX3,UCosvxwuNryxEFKUfLGxDL0A
Q7926207,,,
Q6161554,,0n5SjIxneulFOfsqBWT8kF,
Q543443,,,
Q2385299,4542201|61618|62935,5WcW1WoKdWhekWQbyFRf9Q|2IZOC3H2mKRvJ5F1R34nuR,UCL3LjZKzotIMNU7GOHIW-5g
Q517506,,,
Q2916422,,0cuFX3PhgtIqQDKPLCL854,
Q644865,215354,3dhiIB4qnESm39iJtTEd5K|0kWWPlF3hudGPbahg5Xt9n,
Q1395417,,,
Q722960,,,
Q219874,1089,0dCKce6tJJdHvlWnDMwzPW,UCeWkruiHm7NL7OvjPyVshkw
Q6164438,,2RbLkzeXt1nlcW5JS7aBAD,
Q34398202,5355950,29zsVzEH33dD5QqxeL8dvy,UCp2F1GDhk-ZGk_ZISqd3ABQ
Q252200,,,
Q27306126,4782876,28uJnu5EsrGml2tBd7y8ts,
Q10715833,,,
Q480084,,,
Q333856,,,UCGQHjafA9VYVgyJikEh6F_g
Q1134615,411,0rpMdBzQXf7aYRnu5fDBJy,
Q230499,,4ejp2yEDQIIJIy0iFpoI5B,
Q1569811,,,
Q455732,,4M84umUNRbZy1mJleyyRM9,UCllUv_vfrB6hs9NOWerQF3A
Q105467202,7317188,3TJGVUkSJzk5ZPixMFczZX,UCRjeI9tHx0nfVLaucEaFbLg
Q3561554,148442,0WkO9Px6qQCM7so8lYvaCv,
Q16941093,,,
Q1396717,,,
Q133687181,,,
Q1322803,,,
Q512,,6hKLYGlOtGVNzZUuvS99Nw,UCqeDJCdc-tVWTK1z21Vb4IQ
Q779451,,5E3H2KyR31E2Dj3K6vIUe9,
Q727124,3821,4KlYg0F5KG9QNDFKaeTNAy,UCEd8B1sHMMV35f810m4Rakw
Q845926,,0lFiKrJUofJpnrAJnMsnQ3,
Q105525534,,,
Q604695,,,
Q1640550,415062,2KvwC4Kmp2U8XnKr5Yr1hm,
Q7907572,1190695,1JygQfeB7OmzophGsgNwSb,
Q1357035,100675,2NUz5P42WqkxilbI8ocN76,UCZZx2Uaheeu1OGUBbWSbnPg|UCeRe0C1x1w8We6ghjVn4M5w
Q1891477,404049,2rTo8KIkBTFjQS7VvaKYQ4,UC_FSjhzXRorZRJTLkzf3INw
Q10838330,,,
Q4115951,,,
Q571125,413051,6f4XkbvYlXMH0QgVRzW0sM,UC8JvT2osp6pU4AOEmlGuYkw
Q3565258,,,
Q7129012,,,
Q2273534,,5YT20xTlcZCBOKpJ0qaceh,
Q53835066,,,
Q96945267,,,
Q7965248,,,
Q2545712,,,
Q44385,1637709,,
Q235223,6174,5ZKMPRDHc7qElVJFh3uRqB,
Q7967244,183235,2ph3uep2AopkQ4romPAik0,
Q3486426,,,
Q251068,,2F5W6Rsxwzg0plQ0w8dSyt,UCu2FqeCJmyxVEHS2PfZz8sw
Q2661106,,,
Q2120164,1690105,0NJ6wlOAsAJ1PN4VRdTPKA,UCWDQstA3kDU-rYMJ7x2Rlbg|UCoK2X3nnuG7ug-Kk75r5rJQ
Q140393557,2863651,1wuQQfTDZhgNb4GJyhThUs,UCvGExFnbGi1RKJoiQmU6z6w
Q1631685,8202,7HLvzuM9p11k9lUQfSM4Rq,
Q319585,712,2B4ZHz4QDWJTXPFPgO5peE,
Q7970504,,,
Q328968,,,
Q1627479,372631,5juOkIIy18sFw9L30syt1Z,UC7X5NfQDC4gTsZDtsU9Aklg|UC1rCT_Cy1pP1wnRcEUV3nPA
Q7973034,,,
Q91178,263085,77CxkO9tx9hChInj26fvhu,
Q30132659,5083586,147jymD5t0TCXW0DbaXry0,
Q1406448,167640,6bUJpbekaIlq2fT5FMV2mQ,UCJNLejcEZkVryq1ZBOERptg
Q1431341,4548,3HghjRl8Mo6OJWG0WElY2z,
Q1394264,,,
Q251287,8955,7wCjDgV6nqBsHguQXPAaIM,
Q317161,,0ZqhrTXYPA9DZR527ZnFdO,UC3X4afoYfFCLWw1LTfeLCqA
Q7976922,,,
Q1120697,,162DCkd8aDKwvjBb74Gu8b,UCxycHxojWudUFGNs9QShBnw
Q1347695,,,
Q3709624,,,
Q538634,,6Cvzf33JDzCIw2eJU8npQo,
Q7979339,,,
Q9371848,,4jPwc1E9EXPQbryc1YKbjl,UC_6qysqSnJskKBUAdJ6aSWQ
Q2117518,1701,3u1ulLq00Y3bfmq9FfjsPu,UCXWUt1Cu2hVZYTaJ44ddusA
Q209956,418,3jOstUTkEu2JkjvRdBA5Gu,UC7JDBUzkcwRGtQGia3_mMgQ|UCtHZHneyvFGwxg6MHcbMLAw
Q110388398,58888922,4BKC2HOGEqtYz2Xbgp9N1q,UC9gXps6xggAzxjjzquNXIaQ
Q2555179,,,
Q279778,,14UJQBDjAOjXYigRmdRLcC,
Q27733794,,0ABk515kENDyATUdpCKVfW,
Q1131337,662119,6VXKzxrOgSxJeeTaxCMEiP,
Q1240650,2946,0tyLMmQvEuyQR4qjGBdbem,
Q10719888,807436,64AV09dDdCGBGv11QlGOJN,
Q740623,3006,0CF71zaDOJWCynIkW9bSK8,
Q1138974,123972,5274obTQJjzjyycRyJlfml,
Q734907,,,
Q34389,174,6XpaIBNiVzIetEPCWDvAFP,UC7fzrpTArAqDHuB3Hbmd_CQ|UCG5fkJ8-2b2ZjWpVNpr7Dqg
Q71787,76221,54SHZF2YS3W87xuJKSvOVf,UCKmXntvZFs9VBYknXMMzIbw
Q637771,1700,2QoU3awHVdcHS8LrZEKvSM,UCb5aNlKdWOySR6Z-CnQieFQ|UCVdVWoOy-V2r2dcFsMAWN9Q
Q1395589,271938,,
Q936479,2370,7k9T7lZlHjRAM1bb0r9Rm3,
Q124670,,,
Q973166,,,
Q15139979,1052497,6m8itYST9ADjBIYevXSb1r,UCtaTjkogAC3Xh5J-ZPdX0BQ
Q16325425,1967481,1u7OVFmWah4wQhOPIbUb8U,UCHNv9oP2D8st30dnbACR5gA
Q4459467,,7eHeugxkw3kJIMOHi4IUKs,UCyKKHkIq5iBWYHGnv1Vr6xA
Q505747,,6u5axd0rpDsWSmzhFfb2VB,
Q208375,157083,2j7yGPnVrdIHjHwtyLPJ2z,
Q8008040,,,
Q2484851,,,
Q8016354,,755pQSGUy6rtPrUCbnJTvi,
Q16218886,991651,3iexGtoBAyCUbxOKeru5py,
Q1773956,,,
Q1388336,5611,7x5Slu7yTE5icZjNsc3OzW,
Q204092,8995,,UCqjv56WoIUXuzrpdRUufR-A
Q206112,2947,5W5bDNCqJ1jbCgTxDD0Cb3,UCdBD6uy0ZuX7sLK4__Ll6LQ
Q321160,,,
Q312270,1398,0N5PyKJzS3M1XNlaCL7bbE,
Q1398096,,,
Q928093,,,
Q8024793,,,
Q522849,3427,2qQeKHrQJHLLbvDAOSO874,
Q622988,2709,3sFhA6G1N0gG1pszb6kk1m,
Q8026083,,,
Q1527319,,,
Q3569409,,,
Q1135620,8461,2i8ynmFv4qgRksyDlBgi6d,
Q910354,75156,1wZtkThiXbVNtj6hee6dz9,UCwR_LqB7g3-_J7p1nscCbEA
Q18395212,,,
Q1814408,2644311,1QqtUGvZnULbTYLj6y69vO,UCrHViqqoX0FYuhu-4wvkVtg
Q57138,1073,3hE8S8ohRErocpkY7uJW4a,UCiSQf6v-4cNmbEFdind5z2Q
Q156472,,5Ks8fS8lZJnTFbtvxkDOkM,
Q715624,,,
Q24928699,2570691,4b2v3PBjJJCF2BX14lIAsT,
Q117139,74804,137W8MRPWKqSmrBGDBFSop,UCVp3nfGRxmMadNDuVbJSk8A
Q644876,248554,4SaTBFtB3RPsxEGBdRB6EG|4ZJULhpn3FDDRAUYYHHt9r|1xxd1CpLVndBqErOGgSJjm|3KkvVDvWxePfXGdKuLtHvG,
Q16233663,3933641,3tVQdUvClmAT7URs9V3rsp,UCE0-Bxu88d4bsGCv34zvtbA|UCQvyMmwWTnVLuusjYg-zYVA
Q323063,,,
Q1365306,114512,0ixn2a4hS73Linz5TQGxVx,
Q254,,4NJhFmfw43RLBLjQvxDuRS,UCmeFxYk5BSbJGWN9OgTAIhw
Q49010,282361,3534yWWzmxx8NbKVoNolsK,UCD7WBORMtBzcWZBW_CJI6hw
Q763887,337283,5lqyPWmAivV75tII5Vxpet,UCjXFgoDfUhv3OYATMIvsh9w
Q4061,6828,,
Q349357,56927,,
Q16199899,,4MswQnojZK1oRaxNsACqjv,
Q1701447,,,
Q665143,132120,0dpglhdTlof5BS5LX7uJmg,
Q943592,10069,,UCplhSl0T0PqxjcjyUZ9DEGQ
Q436236,,,
Q710402,6289414,4Id8e7ATmAtOVCX9S0Jc0F,
Q52463,273,34EP7KEpOjXcM2TCat1ISk,UCl0q_XqiWDMA-Q9SzUO3y-Q|UC1wNaX00osCIK4VjwboFqzA|UCXu9UDG9BQTUe514_7OmLGg
Q200717,,,
Q326649,,,
Q273076,69689,375zxMmh2cSgUzFFnva0O7,
Q179767,969,4VrqQQy6X0hlMtqY5gp6Wx,UCHjImcYWpXU7lMLX0gt3qfw
Q3091084,,4O69JXLezX2zLEGfgM6RQH,
Q327072,8009,1jzIEzXVJ4p1kFDmio6LEL,UCKfzrr0MMPH_xFAx0JCD0-A
Q1348912,,,UCyoWB9nW5kc_It7j5wRZE6g
Q122731572,,2oM7LMPFu882oC6jSwEqjd,UCD_4DgHwrNDp63NDfqXaHJQ
Q2236728,,,
Q644458,,,
Q12712669,,,
Q89689870,,,
Q3571048,2379,5z2cHsOmmmWcAPNG1oEhw0,
Q1413926,2158,2qT62DYO8Ajb276vUJmvhz,
Q28561969,9822974,15UsOTVnJzReFVN1VCnxy4,UCM9r1xn6s30OnlJWb-jc3Sw
Q543604,,,
Q2747854,12001,5eVh2c6WuigJCj1WrHfnd5,UC-iTQfrv8pVLjlErZquyJ6Q
Q10678,,29wMZmUMHMzwkfcxjgrIZy,UC5Rx7H4BnffwZsqJH3h1aMw
Q234716,,72qxDp6R6v22pai96pZioz,
Q3574246,,,
Q1189731,,,
Q8049252,,,
Q137804,,2YOPAE5jegb3i2uhVmYk1v,
Q4022598,,,
Q60827,417746,2d06W6CY8NotPTPdIAgVoe,
Q641858,964,3TNt4aUIxgfy9aoaft5Jj2,UCW31cBakrzqs30sWDuN5rAw|UCmwY729s-CuQ-h_3GsVWWnQ
Q8050892,81482,1jBkXf5NwyxgbUw9fWxAOE,UCyyR47vivEdHwCwUUTLRoLg
Q108761978,13639985,3qiHUAX7zY4Qnjx8TNUzVx,UCV4UK9LNNLViFP4qZA_Wmfw
Q15613707,2831401,47z7ZrgFoBvVpCnElCE3Zh,UCT3LuopJjwYEFkSgOXjG0Pg
Q854590,5088,2JIf5JxI3ypOSfrfNIIMQE|4a57NWQ2gDab8cSx2yDONf,UCS9G-CZZqYeftTs6EEPBfdg
Q711228,,6yTNMMqumesCWhMJ47HB2a,
Q265454,363545,7ocMzl8s9PWyYFLjbZ3gkP,UCzZYGE16q3Lq61Xmeqjyibg
Q935401,,7JRxvyluWYJ3M3ssmZrVs6,
Q184386,2711,7AC976RDJzL2asmZuz7qil,UCJ2BSIyIU84ZtJ9MiLh0jZA
Q3076050,469671,0A0FS04o6zMoto8OKPsDwY,UCw4NZm6hgJ0Gxwep1zBrpfQ
Q942668,3817,44PA0rCQXikgOWbfY7Fq7m,
Q239030,,,
Q1150056,,7ByfNcFxztbyKLEIVKmFVc,
Q192260,2089,5DpSoH5zCXNRqYai7pmcGG,UC9332qhwhlDjeAUAEltLGew
Q221021,1587,5hAhrnb0Ch4ODwWu4tsbpi,UC_489i4uwfiz5UJcTuUIXiw
Q95688943,108153772,64tJ2EAv1R6UaZqc4iOCyj,UCvpredjG93ifbCP1Y77JyFA
Q13019128,,,
Q48778115,,,
Q30937500,,7kDTCZA56nH6fCdEY0rBgh,UCK8yCL7OaVb2PLg2XUh7Xyg
Q709234,,,
Q270869,8270,47opbYEKDjXnRk9uLscp11,
Q8054914,215591,1ReHC2jB2DGoPbMYhzuFuO,UCMSmDofmJPnlG7qz1VN3BNg
Q30694556,,,
Q55525789,67898492,4UK2Lzi6fBfUi9rpDt6cik,UCRIgIJQWuBJ0Cv_VlU3USNA
Q603171,,,UC7HBebPrZnqEXLm9gHroDew|UCUVU9mLhE3B139hJ9z6EFlQ
Q253862,,3QmDLMyrmKhkWccb629IGR,UCwFL-NmzdwS7TjZoLg5-7wg
Q1708769,,,
Q23664961,5209258,5Dyfxq0ZrFjjeFBdSNxDbo,
Q8058534,,,
Q109981068,,,
Q2630403,,2OqENqJFXPORP4BUGnu2Qq,
Q210734,203,77zlytAFjPFjUKda8TNIDY,UCPzoHRR53Gi5pT8kHU9FptQ|UCoK48xH4luB0UFOb_Okqw6w
Q8046034,,,
Q750943,,,
Q267471,211118|214982,1LQQtqc1vQ1neUgZrjYlEU|5W7F9IM2vsR9EDCk5T2Uqz,UCDD7BcoKphATW57_46mPFLg
Q64853384,,30FDJPN3RtwJZ20g5YGCRX,UCjwEG3B4d01HSC_xoyXx7lw
Q169034,4973,23LbwefIODbyGdRbAz3urj,
Q15281410,5097674,67lytN32YpUxiSeWlKfHJ3,UCQSUJUDbJMzph0_vpyzvzZQ
Q3553518,,5Qw3RHD3R95D98alngBJOZ,
Q582152,,,
Q539832,64449,33XkS6h90eeK7e6OJHw0mq,
Q6899403,,,
Q456538,70293,,
Q539193,,27JX5L90Wv4SBk4FJZVQcH,UCzsGmQFYpiA672rslCEyTAw
Q42300439,8550304,5AbLpsnTQVNB3OEadYiVrK,UCIKe21vaQb4jS6tiT5XHj5w
Q3113502,,5QG2zK8LE5XSQBvEVNz7OV,UCc8IVyqDClVD1ibKCinZywg
Q135794,,6MrdwyCIKbpXmTKQBlG3uq,UCjQWgmp28Hzu7_B7YLkeJXQ
Q135815,,,
Q144347,4125324|1312664,,UCuXOwAhvt5O1j4XOZfWXESQ
Q144371,877710,2S9mgYENcr2X6A4rRU83cb,UCTV8sHvXq5VUiTGfZv9JWjg
Q144719,,6DDCjHWtL6jTl1B5wG8tF6,
Q2364614,,6m9EYPGGPleNS457wrg9p9,
Q147129,51479842,2vqfIznyoJDjhrbNAueQ6s,
Q644975,251375,396Kh0m4wGUvcMUULw71yi,
Q1411146,55436|1221234,0OHdN2jAGEqxSKBQQIs54k,UC_12nFRI3s2_D4uWPJ-h4sA
Q169565,,3qZ2n5keOAat1SoF6bHwmb,UCCKRUVah2xcFvjQnAwUXWlw
Q21088,1198612,2qxJFvFYMEDqd7ui6kSAcq,UCFzm6oAGFmmZfkrzQ5wATSQ|UCPNokRZ9hacjIQ3IQL6HNUQ
Q6470729,,,
Q191319,,3W9EL2Dp6yptDXJUCrd68X,UCNuwIC_5hyaxQSTrU6M2pnA
Q191915,608,14H7ag1wpQOsPPQJOD6Dqr,UCRDDIqmgANYZQZzSFVLdNcg|UCEIRECr4BQQ6blwSi9ogZvA
Q2263974,,,
Q8069993,269973,4dyYjqmYDjegbB3F2mbvcT,
Q1207860,,1bONVLlQIiuULYblokrPxj,
Q8071293,,,
Q8072106,,,
Q1267054,,,
Q2601978,,,
Q218149,254682,1uciIo6exHGUwpVzpaABXz,
Q258991,,,
Q892409,,,
Q153008,,7MjAFDEchgyC28I0asclTE,
Q14546605,1481809,0ycHhPwPvoaO4VGzmMnXGq,UC5_s37EekKcAqm2MiL5uqCQ
Q227046,3184,7g4xlENR9dJm09i7ADhi21,
Q8074653,,,
Q60989925,52778562,38WbKH6oKAZskBhqDFA8Uj,UCv6P5nsS9rP4tDtFlqLU_QQ
Q8075741,,,
Q245494,1061749,5WQdsYRdeVnsyXeCCSoKLC,
Q136591,2703|49602692,2AM4ilv6UzW0uMRuqKtDgN,UCXdqh7TtuMuqasECfTItzXA
Q2756134,,7JoWcJHDOG58JYTe6d400S,
Q105461805,,,
Q248059,,,UCbtjvQdWap7gWJ4LDQO5bTA
Q432069,,,
Q252734,343782,7rVsiFwBEEmTNoStle68F3,
Q3577322,,78oxdhJ0pr4Dkyk0paWUAf,
Q1631,2908,7KwwuvecjDIIeGwQ3vQXRA|1WPcVNert9hn7mHsPKDn7j,UCARjHLPR4WYEDiqm-9nXFtA|UCehQT6NHMZjl0giIfY7f1mw
Q274082,,1oG3G8tFIIseWu474ardvh,
Q3588776,,,
Q286616,,7qdNQ64kU4miOYyt6OUch0,
Q290167,2318,78YRbJhMi5kXKruiQGCJo7,
Q292853,,,
Q292863,,0OThc8JLqTb1ThkLfsIGUi,
Q292972,277491,7E3BRXV9ZbCt5lQTCXMTia,UC9XfDqYSm6ezuw0y_u3t_4A
Q6174732,,,
Q4052305,,,
Q5211857,,,UCCokp1i9n_aue7zTjGoBJRQ
Q1036918,8940,6OQ7sfN0G1E2pZMhYW9wjG,UCTW2iIMQ4dexglDnG6OODEA
Q28843403,8595962,2wBpW4bAGYVe0yJcBeCTyd,UCBMspFR214tkdOT2y4YTjKw
