wikidata_id,name,kind,start,country,image,sitelinks
Q371,!!!,group,1996,United States,Chk Chk Chk - Heaven 14th October 2022 (1).jpg,29
Q8349,"""Weird Al"" Yankovic",person,1976,United States,AlYankovicByKristineSlipson.jpg,93
Q30196568,$uicideboy$,group,2014,United States,$uicideboy$.png,19
Q67556784,100 gecs,group,2015,United States,"100 Gecs @ 930 Club, 10-29-2021.jpg",14
Q169145,10cc,group,1972,United Kingdom,10cc2010.jpg,33
Q197230,16 Horsepower,group,1992,United States,Edwardsgit.jpg,13
Q905073,175R,group,1998,,,5
Q51120186,1788-L,person,2018,,,2
Q2810568,187 Lockdown,group,,United Kingdom,,3
Q222856,2 Live Crew,group,1982,United States,,17
Q222900,2 Unlimited,group,1991,Netherlands,2U Live Photo NEWCUT.jpg,34
Q25095399,21 Savage,person,2013,United Kingdom,21 Savage 2018.jpg,42
Q85014708,22Gz,person,2015,United States,22gz 2017 mugshot.webp,6
Q924413,24-7 Spyz,group,1986,United States,,4
Q222021,2Baba,person,1994,Nigeria,2face Idibia.png,22
Q222918,2nd Chapter of Acts,group,1973,United States,2nd-Chapter-of-Acts.jpg,6
Q175097,3 Doors Down,group,1996,United States,3 Doors Down on Walmart Soundcheck (5913144312).jpg,43
Q1970451,3 Steps Ahead,person,1994,Kingdom of the Netherlands,,9
Q222978,3+2,group,2006,Belarus,3+2 belarus band.jpg,33
Q224565,311,group,1988,United States,311 Austin.jpg,19
Q4636221,3Ball MTY,group,2009,Monterrey,3BALLMTY in 2014.jpg,4
Q229496,3OH!3,group,2004,United States,3OH!3 at Bamboozle Left 2008.jpg,27
Q95694810,42 Dugg,person,2017,United States,42 Dugg.png,9
Q2262336,45 Grave,group,1979,United States,Dinah Cancer 45 Grave Blue Cafe Long Beach 4.jpg,9
Q238051,49ers,group,1988,Italy,,7
Q924606,4hero,group,1989,United Kingdom,Marc Mac from 4hero.jpg,9
Q6060,50 Cent,person,1996,United States,"Curtis ""50 Cent"" Jackson visits Barksdale AFB (5) (cropped).jpg",111
Q27886640,6lack,person,2011,United States,6LACK.jpg,22
Q270055,7 Year Bitch,group,1990,United States,7ybpromophoto.jpg,12
Q271283,808 State,group,1987,United Kingdom,Graham Massey 2 - MTFCentral Hack Camp (2015-09-19 21.34.45 by Music Tech Fest).jpg,21
Q1360723,8Ball & MJG,group,1991,United States,,13
Q107016906,95 South,group,,,,2
Q596117,:wumpscut:,group,1991,Germany,,14
Q1887722,? and the Mysterians,group,1962,United States,,14
Q300348,A Certain Ratio,group,1977,United Kingdom,ACertainRatio2023.jpg,14
Q300386,A Day to Remember,group,2003,United States,Peace and Love A Day to Remember 1.JPG,25
Q300406,A Filetta,group,1978,France,Sidi Larbi Cherkaoui et A Filetta.JPG,12
Q300430,A Guy Called Gerald,person,1967,United Kingdom,"A Guy Called Gerald (2014, cropped).jpg",14
Q4657762,A Lighter Shade of Brown,group,1990,United States,,2
Q4657951,A Lot Like Birds,group,2009,United States,,3
Q300558,A Skylit Drive,group,2005,United States,Askylitdrivelive.JPG,9
Q1873785,A Split-Second,group,1986,Belgium,A Split Second.jpg,5
Q300602,A Tribe Called Quest,group,1985,United States,Tribe 2009.jpg,35
Q4660666,A Winged Victory for the Sullen,group,,,A Winged Victory for the Sullen.JPG,2
Q129910,A$AP Rocky,person,2007,United States,A$AP Rocky at the 2025 Cannes Film Festival (cropped).jpg,50
Q713461,A-Mei,person,1996,Taiwan,A-Mei World Tour in Taipei Arena 20100319 (cropped).jpg,23
Q18763975,A. G. Cook,person,2011,United Kingdom,A. G. Cook.jpg,14
Q4472054,A. L. Lloyd,person,1982,United Kingdom,,6
Q3608937,A. Rafiq,person,1960,Indonesia,A. Rafiq.jpg,6
Q19804505,A. Ramlie,person,1960,Singapore,,1
Q11617,Aaliyah,person,1989,United States,Aaliyah-02.jpg,76
Q192185,Aaron Copland,person,1900,United States,Aaron Copland in 1962.jpg,61
Q18233,ABBA,group,1970,Sweden,ABBA - TopPop 1974 5.png,162
Q2821003,Abdelaziz Stati,person,1961,Morocco,Stati-Fest Dakhla 2009 (cropped).JPG,7
Q2821120,Abdelkrim Rais,person,1945,Morocco,عبد الكريم الرايس.jpg,4
Q317677,Abdullah Ibrahim,person,1934,South Africa,Abdullah Ibrahim Oslo Jazzfestival (191335) (cropped).jpg,30
Q2537790,Abida Parveen,person,1973,Pakistan,Abida Parveen concert 1.jpg,31
Q322569,Abney Park,group,1997,United States,Abneypark2011.jpg,11
Q4668280,Abominable Putridity,group,2003,Russia,,6
Q323187,Above & Beyond,group,2000,United Kingdom,Paavo Siljamaki Tony McGuinness cropped.jpg,26
Q323178,Above the Law,group,1989,United States,,10
Q4033175,Abrasive Wheels,group,1976,United Kingdom,,5
Q331626,Abruptum,group,1989,Sweden,Marduk Paris 21207 11.jpg,15
Q108633063,AC Slater,person,1979,United States,,0
Q27593,AC/DC,group,1973,Australia,AC DC at London's Olympic Stadium.jpg,103
Q25507,Accept,group,1968,Germany,Accept - Elbriot 2022 52.jpg,45
Q151634,Ace of Base,group,1990,Sweden,Ace of Base Members 1992-2007.jpg,53
Q135932234,Ace Ventura,person,1977,,Ace Ventura (Musician).jpg,4
Q639124,Acetone,group,,United States,,3
Q341338,Acid Bath,group,1991,United States,,20
Q341374,Acid King,group,1993,United States,,10
Q1798554,Adam and the Ants,group,1977,United Kingdom,,26
Q261641,Adam Beyer,person,1993,Sweden,Adam Beyer (3559941164).jpg,15
Q4214,Adam de la Halle,person,1237,Kingdom of France,Adam de la halle.jpg,46
Q349406,Adam Freeland,person,1991,United Kingdom,Adam Freeland 2.jpg,8
Q52714628,Adam Jastrzębski,person,1980,Poland,,1
Q2541836,Adaro,person,2008,Kingdom of the Netherlands,Adaro.jpg,5
Q293169,Adeva,person,1988,United States,,7
Q4682418,Adewale Ayuba,person,1983,Nigeria,Adewale Ayuba.JPG,12
Q18539717,Adi de la Vâlcea,person,1973,Romania,,1
Q189544,Adolphe Adam,person,1803,France,Adolphe Adam.jpg,54
Q199666,Adoniran Barbosa,person,1935,Brazil,Adoniran Barbosa 1935.jpg,25
Q3545459,Adrian Minune,person,1989,Romania,Adrian Minune.jpg,13
Q375610,Adriano Correia de Oliveira,person,1942,Portugal,,9
Q60743679,Adriatique,group,2009,Switzerland,,6
Q4688391,Aeroplane,person,2007,Belgium,,6
Q126826,Aerosmith,group,1969,United States,Aerosmith B.jpg,84
Q381883,Aesop Rock,person,1996,United States,Aesop Rock Capitol Hill 2007 DSC 0202.jpg,23
Q316872,Afrika Bambaataa,person,1977,United States,Afrika Bambaataa 2009 IMG 8349 (cropped).jpg,41
Q325111,Afro Celt Sound System,group,1995,United Kingdom,AfroCelt Sound System.jpg,21
Q4690196,Afro-Rican,group,,United States,,1
Q113569963,Afrodite,person,2001,Hungary,,0
Q349041,Afrojack,person,2007,Kingdom of the Netherlands,Afrojack 2015.jpg,39
Q225855,Afroman,person,1997,United States,Afroman (55457827113) (cropped).jpg,31
Q389008,After Forever,group,1995,Netherlands,After Forever Circo Voador.jpg,31
Q181684,Against Me!,group,1997,United States,Against Me! playing at Coachella.jpg,20
Q390300,Agalloch,group,1995,United States,Agalloch in 2005.jpg,28
Q391393,Agathocles,group,1985,Belgium,,10
Q83814,Agent Orange,group,1979,United States,Agent Orange 2011-10-03 06.jpg,14
Q392768,Agent Steel,group,1984,United States,2008-06-27 - Bang Your Head - Heavy Metal Festival - Germany - Balingen - Agent Steel - edited.JPG,14
Q393463,Aghast,group,1995,Norway,,3
Q395327,Agonoize,group,2002,Germany,Agonoize etropolis2014 (16).jpg,8
Q397738,Agua Marina,group,1976,Peru,Concierto-agua-marina-piura-2024.jpg,4
Q399318,Agustín Lara,person,1922,Mexico,"Agustín Lara, circa 1950s.jpg",26
Q329220,Ahab,group,2004,Germany,Ahab Rockharz 2018 11.jpg,12
Q593636,Ahmad Adaweyyah,person,1969,Kingdom of Egypt,Ahmed Adaweyah 01.png,12
Q401893,Ahmet Kaya,person,1985,Turkey,Ahmet Kaya.jpg,30
Q12605726,Ahn Sook-sun,person,1949,South Korea,Ahn Sook-sun.jpg,7
Q318452,Air,group,1995,France,Air (band) playing in 2010.jpg,44
Q407814,Air Supply,group,1975,Australia,Airsupply.jpg,34
Q237378,Ajda Pekkan,person,1963,Turkey,Ajda Pekkan 2013.jpg,36
Q4034017,AJJ,group,2004,United States,Andrew Jackson Jihad 2014.jpg,9
Q9143241,Akcent,group,1989,Poland,Zenon Martyniuk and Ryszard Warot - Akcent (Polish music band) 02.JPG,6
Q417451,Akercocke,group,1997,United Kingdom,Akercocke @ Damnation Festival 2009 Matt Wilcock.jpg,17
Q843742,Aki Yashiro,person,1971,Japan,"Aki Yashiro on December 2, 2016.jpg",7
Q1143664,Akina Nakamori,person,1982,Japan,,20
Q4701665,Akron/Family,group,2002,United States,Seth olinsky.jpg,5
Q423707,Akufen,person,1996,Canada,AkufenBaltimore.jpg,8
Q2260801,Al B. Sure!,person,1986,United States,Al B Sure! (6920727511).jpg,10
Q313260,Al Green,person,1955,United States,Al Green in Washington D.C.jpg,40
Q16840946,Al Hurricane,person,1962,United States,Al Hurricane.jpg,7
Q174547,Al Jarreau,person,1968,United States,Al Jarreau.jpg,44
Q128532,Al Jolson,person,1897,United States,Al Jolson - publicity.JPG,42
Q2636138,Al Lirvat,person,1932,France,,2
Q85740447,Alaap,group,1977,,,1
Q2004743,Alabama Thunderpussy,group,1996,United States,Alabamathunderpussyband.jpeg,11
Q4705459,Alacranes Musical,group,1996,United States,,2
Q123434055,Alain Ramanisum,person,,,,0
Q513964,Alan Braxe,person,1996,France,Alan Braxe press shot.jpg,8
Q380927,Alan Jackson,person,1983,United States,Alan Jackson 1.jpg,31
Q10681,Alan Stivell,person,1953,France,Alan Stivell - FIL 2021.jpg,34
Q714449,Alan Tam,person,1969,British Hong Kong,-i---i- (527082787).jpg,19
Q16495229,Alash Ensemble,group,1999,,Alash-2013-Nov5-Boston.jpg,5
Q78475,Alban Berg,person,1907,Cisleithania,Alban Berg (1885–1935) ~1930 © Max Fenichel (1885–1942).jpg,59
Q731178,Albert Ammons,person,1949,United States,Ammons and Johnson.jpg,18
Q457125,Albert Ayler,person,1936,United States,Albert Ayler (1967–68 photo portrait for ABC Impulse!).jpg,29
Q4709921,Albert Chevalier,person,1861,,Albert-Chevalier.jpg,3
Q741119,Albert Collins,person,1952,United States,Albert Collins.jpg,24
Q44809,Albert King,person,1949,United States,Albert King.jpg,35
Q313376,Albert Roussel,person,1869,France,Roussel Albert 1913.jpg,35
Q267951,Alberta Hunter,person,1895,United States,AlbertaHunter1930.png,21
Q2831849,Alberto Villalón,person,1882,Cuba,Villalón.jpg,4
Q1517060,Alcest,group,2000,France,20200229 03 Alcest (49605436357).jpg,24
Q560788,Alceu Valença,person,1968,Brazil,26 Prêmio da Música Brasileira (18085831543) (cropped).jpg,12
Q1992348,Aldemaro Romero,person,1937,Venezuela,Aldemaro Romero.jpg,8
Q2890515,Alejo Durán,person,1919,Colombia,,6
Q337143,Aleksandar Vuksanović,person,1990,Socialist Federal Republic of Yugoslavia,Aca Lukas (2011).jpg,14
Q3672076,Alesana,group,2004,United States,Shawnmilke.jpg,23
Q183087,Alessandro Scarlatti,person,1660,,Alessandro Scarlatti.jpg,58
Q965455,Alesso,person,2010,Sweden,Alesso playing live at Ushuaia Ibiza.jpeg,31
Q4717311,Alex Konadu,person,1950,Ghana,,3
Q1628891,Alex Reece,person,1992,United Kingdom,,4
Q973400,Alexander Bashlachev,person,1983,Soviet Union,Cropped Башлачёв.jpg,18
Q2459284,Alexander Galich,person,1918,Soviet Union,Мемориальная доска Александра Галича (Гинзбурга).jpg,25
Q472895,Alexander O'Neal,person,1973,United States,Alexander O'Neal 2014.jpg,14
Q663116,Alexander Rosenbaum,person,1968,Soviet Union,Alexander Rosenbaum (2022-05-27) 01.jpg,19
Q185647,Alexander Scriabin,person,1872,Russian Empire,Skrjabin Alexander.jpg,79
Q516281,Alexander Vertinsky,person,1916,Ukrainian People's Republic,Vertinsky.jpg,24
Q78524,Alexander von Zemlinsky,person,1871,Austria–Hungary,Zemlinsky.jpg,34
Q158078,Alfred Schnittke,person,1934,Soviet Union,С Альфредом Шнитке (cropped).jpg,43
Q4723775,Alfredo Fiorito,person,1976,Argentina,,4
Q730481,Alfredo Marceneiro,person,1891,Portugal,Alfredo Marceneiro.jpg,12
Q203413,Alfredo Zitarrosa,person,1936,Uruguay,,23
Q1349298,"Alger ""Texas"" Alexander",person,1900,United States,"Alger ""Texas"" Alexander.png",11
Q468356,Ali Akbar Khan,person,1922,Bangladesh,Dia7275 Ali Akbar Khan r.jpg,32
Q12227879,Ali Deek,person,1971,,,3
Q334947,Ali Farka Touré,person,1976,Mali,Ali Farka Toure.jpg,40
Q21285312,Ali Kiba,person,2006,Tanzania,Ali Kiba 2017.jpg,10
Q238243,Alice Coltrane,person,1962,United States,Alice Coltrane 1972.jpg,31
Q332032,Alice Cooper,person,1963,United States,Alice Cooper 2011.jpg,82
Q1543955,Alice DeeJay,group,1999,Netherlands,Alice deejay tijdens lansingerland live 2018-1530252328.JPG,18
Q484255,Alice in Chains,group,1987,United States,Alice in Chains - 2019-06-07 Rock am Ring (cropped).jpg,66
Q121507,Alicia Keys,person,1985,United States,AliciaKeys-byPhilipRomano2.jpg,98
Q4726348,Alick Macheso,person,1983,Zimbabwe,Alick Macheso by Bayhaus.jpg,4
Q1541561,Alien Sex Fiend,group,1982,United Kingdom,Alien Sex Fiend Paris Loco 4.jpg,15
Q936538,Alim Qasimov,person,1977,Soviet Union,Alim Gasimov.jpg,19
Q2722967,Alisha Chinai,person,1985,India,Alisha Chinai 2009 - still 64293 crop.jpg,25
Q4727094,Alison Hinds,person,1987,Barbados,AlisonHinds.jpg,4
Q4727516,Alix Perez,person,,Belgium,,1
Q4729606,All Saved Freak Band,group,1968,United States,,3
Q654147,All That Remains,group,1998,United States,All That Remains - Rock am Ring 2015-8564.jpg,28
Q80510,Alla Pugacheva,person,1965,Soviet Union,"Bundesarchiv Bild 183-R0428-0022, Berlin, Palast der Republik, Ala Pugatschowa.jpg",109
Q14620218,Allah-Las,group,,United States,Allah-Las (203859).jpg,5
Q963044,Allen Toussaint,person,1938,United States,AllenToussaintFreretStFestival2009DSBNOLA (cropped).jpg,25
Q874358,Allerseelen,group,1987,Austria,Allerseelen and Sal Solaris.jpg,3
Q16142152,Almir Sater,person,1981,Brazil,Almir Sater.jpg,6
Q366711,Alois Hába,person,1893,Czechoslovakia,Hába.JPG,30
Q28007321,Alok,person,2004,Brazil,19 03 2024 - Aniversário de Brasília terá mega show do DJ Alok na Esplanada dos Ministérios (53596862497) (cropped).jpg,21
Q28155448,Altai Kai,group,1997,,,5
Q2422968,Altamiro Carrilho,person,1943,Brazil,,9
Q434372,Altan,group,1987,Ireland,Altanlive.jpg,18
Q438344,Altern-8,group,1990,United Kingdom,,8
Q443886,Alton Ellis,person,1959,Jamaica,Alton Ellis.JPG,18
Q683009,Alva Noto,person,1994,Germany,RasterNoton-NotoLive.png,16
Q449171,Alvin Lucier,person,1931,United States,Alvin Lucier (25536346088).jpg,15
Q449985,Aly & Fila,group,2003,Egypt,Aly & Fila au Beachclub -- 4.jpg,14
Q9609477,Amado Batista,person,1951,Brazil,Amado batista.jpg,10
Q2841001,Amanaz,group,,Zambia,,4
Q454010,Amanda Lear,person,1965,France,Amanda Lear 2010 a.jpg,47
Q5671685,Amanda Portales,person,1961,Peru,Amandap.JPG,5
Q2841148,Amar Ezzahi,person,1941,France,Amar Ezzahi.jpg,10
Q460542,Amebix,group,1978,United Kingdom,Amebix show 64ety.jpg,14
Q27902902,Amelie Lens,person,2014,Belgium,Amelie Lens 06 2022.jpg,10
Q2238317,Amenra,group,1999,Belgium,Amenra (2026).png,8
Q126852,America,group,1970,United Kingdom,America - TopPop 1972 8.png,34
Q1991928,Amesoeurs,group,2004,France,,11
Q207817,Amir Khusrau,person,1253,India,Amir Khusrow 1975 stamp of India.jpg,79
Q13081230,Amira Medunjanin,person,2003,Bosnia and Herzegovina,Amira Medunjanin.png,9
Q295202,AMM,group,1965,United Kingdom,AMM (improvisation group).jpg,6
Q48698507,Amnesia Scanner,group,,Finland,,3
Q192863,Amon Amarth,group,1992,Sweden,Amon Amarth - Tuska 2011 - 10.JPG,45
Q1319707,Amon Düül II,group,1969,Germany,Amon duul july 22 1972 billboard.png,17
Q474283,Amos Milburn,person,1946,United States,"Portrait of Amos Milburn, c. 1955.jpg",14
Q477461,Amr Diab,person,1983,Egypt,Amr Diab With World Music Awards.jpg,54
Q464213,Amy Grant,person,1976,United States,AmyGrantHWOFSept2012.jpg,38
Q214813,Amália Rodrigues,person,1939,Portugal,"Amália Rodrigues ('Fado et Flamenco', Columbia, 1956), cropped.png",52
Q311523,Américo,person,1988,Chile,Américo.jpg,25
Q2844869,An Albatross,group,1999,United States,An Albatross-1.jpg,4
Q31838670,An Autumn for Crippled Children,group,,Netherlands,,1
Q114279907,Ana Castela,person,2003,Brazil,2024-01-01 Réveillon Beira Rio às margens do Rio Amazonas 16 (cropped).jpg,8
Q463930,Ana Moura,person,1979,Portugal,Ana Moura in June 2010 (2).jpg,24
Q484595,Anal Cunt,group,1988,United States,Seth with AxCx at Relapse Festival 1993 crop.jpg,20
Q485416,Anamanaguchi,group,2004,United States,Anamanaguchi.jpg,13
Q4130411,Anastasia Vyaltseva,person,1893,Russian Empire,Anastasia vyaltseva 2.gif,7
Q487396,Anathema,group,1990,United Kingdom,Anathema (Festimad 2007).jpg,41
Q66151972,Ancient Methods,group,2007,,,0
Q489653,Andain,group,2001,United States,"Mavie Marcos. Andain - live @ Saint-Petersburg, Russia - 02.03.2013.jpg",4
Q493028,Andraé Crouch,person,1966,United States,Andraé Crouch cropped.JPG,22
Q2296660,Andrea,person,2006,Bulgaria,Andrea performing at the Planeta Summer Tour 2014.jpg,30
Q76675,Andrea Berg,person,1966,Germany,Andrea Berg - 2017287201033 2017-10-14 Die Schlagernacht des Jahres - Sven - 1D X MK II - 0857 - AK8I8938 (cropped).jpg,21
Q42402,Andrea Bocelli,person,1992,Italy,2025 Andrea Bocelli in the White House Oval Office on October 17 (cropped).jpg,96
Q217317,Andrea Gabrieli,person,1533,Republic of Venice,,33
Q458828,Andreas Vollenweider,person,1975,Switzerland,Andreas Vollenweider walking.jpg,23
Q503783,Andrew Bird,person,1996,United States,Andrew Bird (52413565996) (cropped).jpg,20
Q505138,Andrew Hill,person,1954,United States,Andrew Hill.jpg,18
Q180975,Andrew Lloyd Webber,person,1965,United Kingdom,2008-11-15 Эндрю Ллойд Уэббер.jpeg,67
Q2848156,Andries Cornelis Lens,person,1739,Austrian Netherlands,Willem Herreyns - Portrait of Artist A. C. Lens - WGA11383.jpg,5
Q4759874,André Cymone,person,1974,United States,André Cymone 1982.jpg,4
Q519588,André Hazes,person,1959,Kingdom of the Netherlands,André Hazes(Cropped).jpg,21
Q523178,André Verchuren,person,1920,France,,3
Q2849005,Andrés Cabas,person,2000,Colombia,WhiteT3.jpg,5
Q30915293,Andrés Huesca,person,1917,Mexico,ANDRÉS-HUESCA.jpg,2
Q29416402,Andrés Landero,person,1932,Colombia,,3
Q387288,Andy C,person,1989,United Kingdom,Andy C.jpg,17
Q16766,Andy Lau,person,1981,British Hong Kong,"Andy Lau 刘德华, Beijing International Film Festival 北京电影节, 2013 (cropped).jpg",46
Q4761048,Andy Mineo,person,2001,United States,AM F&F LA 19.jpg,7
Q278024,Andy Palacio,person,1981,Belize,Andy Palacio.jpg,13
Q3616567,Andy Statman,person,1950,United States,Andy Statman photo.jpg,7
Q214548,Andy Williams,person,1938,United States,Andy Williams 1963.JPG,49
Q529340,Anestos Delias,person,1912,Greece,Piraeus Quartet.jpg,7
Q4762125,Angel Diaz,person,1929,Argentina,Ángel Díaz.jpg,5
Q531934,Angel Witch,group,1977,United Kingdom,Angel Witch live 2010.jpg,19
Q533658,Angelcorpse,group,1995,United States,Angel Corpse Paris 280408 03.jpg,15
Q521396,Angelic Upstarts,group,1977,United Kingdom,,16
Q231276,Angelique Kidjo,person,1982,France,Angélique Kidjo 2023.jpg,64
Q357014,Angelo Badalamenti,person,1971,United States,Angelo Badalamenti (yearbook).jpg,43
Q535815,Angelo Debarre,person,1984,France,Angelo Debarre Cosmopolite (221433).jpg,10
Q318760,Angerfist,person,2001,Kingdom of the Netherlands,Angerfist.jpg,29
Q241660,Angie Stone,person,1979,United States,AngieStone2019.png,35
Q16140485,Angkanang Kunchai,person,1956,Thailand,,1
Q232462,Ani DiFranco,person,1989,United States,Ani Difranco Ancienne Belgique.jpg,41
Q16490677,Aniceto do Império,person,1912,Brazil,,2
Q16257941,Aniceto Molina,person,1939,Colombia,,5
Q547272,Animal Collective,group,1999,United States,Animal Collective - Indie rock group.jpg,29
Q547666,Animals as Leaders,group,2007,United States,Animals as Leaders Full Force 2019 06.jpg,21
Q255697,Anita Baker,person,1979,United States,Anita Baker 1998.jpg,37
Q232621,Anita Mui,person,1982,British Hong Kong,"Avenue of Stars, Anita Mui (Ank Kumar) 03.jpg",33
Q13476301,Anitta,person,2010,Brazil,Anitta for Attractive Mindset podcast 02.jpg,42
Q229606,Anna Vissi,person,1973,Cyprus,AnnaVissiatAthinonArena.jpg,39
Q175509,Anne Marie Nzié,person,1932,Cameroon,,8
Q236543,Anne Murray,person,1968,Canada,Anne Murray.jpg,31
Q4768782,Anne Savage,person,1896,Canada,Anne Savage - 1940.jpg,9
Q547034,Anne Sylvestre,person,1957,France,Fanclub1965AnneSylvestre.jpg,17
Q567714,Anorexia Nervosa,group,1995,France,Anorexia Nervosa band 4.jpg,18
Q2761128,Anri,person,1978,Japan,AnriLA22023 (cropped).jpg,16
Q3609204,Anselmo Ralph,person,2005,Angola,Anselmo Ralph - tour brasileira - entrevista ao Assim é Portugal.png,12
Q572924,Anthony Braxton,person,1968,United States,Anthony Braxton 76.jpg,20
Q1866673,Anthony Santos,person,1990,Dominican Republic,Anthony Santos - United Palace 2010 (4425908847).jpg,9
Q109871,Anthrax,group,1981,United States,Anthrax Rockavaria 2016 (12 von 12).jpg,53
Q574728,Anti-Nowhere League,group,1980,United Kingdom,Anti-NowhereLeague-8-Augustibuller2007.jpg,12
Q2853143,Antibalas,group,1998,United States,Antibalas afrobeat orchestra.jpg,6
Q2739596,Antipop Consortium,group,1997,United States,,6
Q3618794,Antisect,group,1982,United Kingdom,Antisect 2011.jpg,6
Q81752,Anton Bruckner,person,1824,Cisleithania,Joseph Anton Bruckner (1868).jpg,91
Q190933,Anton Webern,person,1908,Austria,Anton Webern (1883–1945) 1927 © Georg Fayer (1891–1950) OeNB 10450290.png,60
Q1958523,Antonio Aguilar,person,1950,Mexico,Antonio Aguilar in The Undefeated.jpg,18
Q356953,Antonio de Cabezahueca,person,1510,Spain,,22
Q602802,Antonio Lauro,person,1917,Venezuela,,12
Q603123,Antonio Mairena,person,1909,Spain,,7
Q3619860,Antonio María Romeu,person,1876,Cuba,Romeu Orq.jpg,5
Q16302216,Antonio Ríos,person,1995,Argentina,Antonio Ríos.jpg,2
Q51088,Antonio Salieri,person,1770,Republic of Venice,Antonio Salieri painted by Joseph Willibrord Mähler.jpg,74
Q5699952,Antonio Tarragó Ros,person,1947,Argentina,,3
Q1340,Antonio Vivaldi,person,1685,Republic of Venice,Onbekend - Antonio Vivaldi - Bologna Museo Internationale e biblioteca della musica di bologna 28-04-2012 9-21-050.jpg,167
Q606439,Antonis Remos,person,1996,Greece,Antonis Remos - Politia Live Clubbing.png,21
Q7298,Antonín Dvořák,person,1841,Cisleithania,Dvorak.jpg,150
Q16492076,António Menano,person,1895,Portugal,António Menano.png,2
Q200131,Antônio Carlos Jobim,person,1956,Brazil,Antônio Carlos Jobim (cropped).jpg,63
Q26690130,Anuel AA,person,2010,United States,Anuel AA in 2022 2.jpg,24
Q3349252,Anup Jalota,person,1953,India,ଅନୁପ ଜଲୋଟା (Anup Jalota).jpg,12
Q42018,Anuradha Paudwal,person,1973,India,Anuradha Paudwal 57th Idea Filmfare Awards 2011.jpg,29
Q613022,Anvil,group,1978,Canada,Anvil – Headbangers Open Air 2014 01.jpg,20
Q381843,Aníbal Troilo,person,1926,Argentina,Anibal Troilo 1971.png,24
Q223161,Aphex Twin,person,1985,United Kingdom,Aphextwin1.jpg,54
Q3545224,APO Hiking Society,group,1969,Philippines,APO Hiking Society performing in May 2010.jpg,5
Q619710,Apoptygma Berzerk,group,1989,Norway,2014-07-27 Apoptygma Berzerk (Amphi festival 2014) 012.JPG,17
Q213388,Aqua,group,1989,Denmark,Aqua Gron Concert 2008.jpg,42
Q119590,Aquarium,group,1972,Soviet Union,Aquarium TA 2008.JPG,28
Q261058,Arabesque,group,1977,West Germany,Arabesque feat. Michaela Rose Ufa.jpg,20
Q2256420,Arabian Prince,person,1984,United States,The Arabian Prince aka Professor X (N.W.A.).jpg,22
Q2356261,Aram Asatryan,person,1985,Soviet Union,,13
Q152293,Aram Khachaturian,person,1926,Soviet Union,"Aram Khachaturian, Pic, 17.jpg",80
Q16149863,Arca,person,2005,Venezuela,Arca Sonar 1.jpg,26
Q58608,Arcade Fire,group,2001,Canada,Arcade Fire live 20050315.ext.jpg,50
Q631589,Arcana,group,1994,Sweden,Arcana2008Mithras.jpg,12
Q164475,Arcangelo Corelli,person,1672,Papal States,"Arcangelo Corelli, portrait by Hugh Howard (1697) - 2.jpg",66
Q163989,Arch Enemy,group,1996,Sweden,Arch Enemy - Elbriot 2018 05.jpg,51
Q3499560,Archgoat,group,1989,Finland,2009-10-25archgoat.JPG,14
Q200791,Archie Shepp,person,1960,United States,Archie shepp Warszawa 1.jpg,30
Q620454,Architects,group,2004,United Kingdom,Architects – Reload Festival 2015 03.jpg,24
Q170599,Arctic Monkeys,group,2002,United Kingdom,Arctic Monkeys - Orange Stage - Roskilde Festival 2014.jpg,70
Q638241,Arcturus,group,1987,Norway,Arcturus 2005.JPG,23
Q638331,Arcángel,person,2004,United States,Arcángel 2023 Interview - Tony Dandrades.png,14
Q639510,Arditi,group,2001,Sweden,Arditi Logo.svg,12
Q125121,Aretha Franklin,person,1956,United States,Aretha Franklin 1968.jpg,116
Q653491,Ari Babakhanov,person,1934,Uzbekistan,,2
Q28155527,Ariel Camacho y Los Plebes del Rancho,group,2013,Mexico,,2
Q659238,Ariel Pink,person,1996,United States,"Ariel Pink's Haunted Graffiti, Austin 2011 (5546175863).jpg",19
Q660599,Arif Sağ,person,1960,Turkey,,11
Q535188,Aristide Bruant,person,1862,France,Aristide Bruant by Nadar ca. 1898 bw restored cut.jpg,27
Q276317,Arja Koriseva,person,1989,Finland,Arja Koriseva 2004.jpg,7
Q4412230,Arkady Severny,person,1939,Soviet Union,Arcady Severny.jpg,11
Q673758,Arkona,group,2002,Russia,Arkona Party.San Metal Open Air 2019 08.jpg,36
Q12874025,Arleta,person,1960,Greece,,7
Q437559,Armand Van Helden,person,1990,United States,Vanheldenforum160404-4.jpg,30
Q122751420,"Armandinho, Dodô & Osmar",group,1974,Brazil,,1
Q678099,Armando,person,1949,Kingdom of the Netherlands,"Armando, geboren als Herman Dirk van Dodeweerd.jpg",12
Q1453045,Armando Manzanero,person,1950,Mexico,Bustos de Armando Manzanero (cropped).jpg,34
Q62617,Armin van Buuren,person,1995,Kingdom of the Netherlands,Armin van Buuren Armin Only Embrace 2017.jpg,57
Q5704807,Armonía 10,group,1972,Peru,"Programes de la festa de San Sebastián de Cruzpampa, Yapatera a Chulucanas (cropped).jpg",2
Q689823,Army of Lovers,group,1987,Sweden,Army of Lovers.png,23
Q154770,Arnold Schoenberg,person,1897,Austria–Hungary,Arnold schönberg man ray.jpg,85
Q699534,Arrested Development,group,1988,United States,Arrested Development 004.jpg,23
Q704705,Arsenio Rodríguez,person,1929,Cuba,Conjunto de Arsenio Rodríguez.JPG,15
Q705406,Art Bears,group,1978,United Kingdom,,9
Q311715,Art Blakey,person,1942,United States,"Art Blakey and the Jazz Messengers in the Kurzaal Concert Hall in Den Haag, 30.03.1963 - 10.jpg",40
Q705530,Art Ensemble of Chicago,group,1966,United States,Art Ensemble of Chicago Kongsberg Jazzfestival 2017 (001645).jpg,12
Q109053,Art Tatum,person,1926,United States,"Art Tatum, Vogue Room 1948 (Gottlieb).jpg",48
Q705790,Art Zoyd,group,1969,France,Gerard Hourbette.jpg,7
Q664132,Artful Dodger,group,1997,United Kingdom,,11
Q2864978,Arthur Alexander,person,1960,United States,,20
Q4799590,Arthur Lyman,person,1948,United States,Arthur Lyman Head Shot.jpg,5
Q710539,Arthur Mafokate,person,1994,South Africa,,5
Q320065,Artie Shaw,person,1925,United States,Artie Shaw 5 - Film Second Chorus.jpg,38
Q131836798,Artificial Brain,group,,,,1
Q4801647,Artur Paredes,person,1899,Portugal,,4
Q3324949,Arturo Cavero Velásquez,person,1966,Peru,Arturo Zambo Cavero 2005.jpg,8
Q715890,Arty,person,2009,Russia,Arty-001.jpg,13
Q580736,Aruna Lama,person,1952,Dominion of India,,10
Q717408,Arvingarna,group,1989,Sweden,Arvingarna 2013-04-11 001.jpg,19
Q189534,Arvo Pärt,person,1935,Soviet Union,Arvo Pärt.jpg,69
Q717755,Ary Barroso,person,1921,Brazil,Ary Barroso 1939.jpg,20
Q693583,As I Lay Dying,group,2000,United States,As I Lay Dying - 2022218174823 2022-08-06 Wacken - Sven - 5DS R - 0526 - 5DSR8634 (cropped).jpg,33
Q2866267,Asa de Águia,group,1987,Brazil,Durval.jpg,4
Q112861798,Asake,person,2018,Nigeria,Asake performing in a Toronto concert (2024) (cropped).png,15
Q700817,Ash Ra Tempel,group,1970,Germany,,23
Q469756,Asher Roth,person,2005,United States,Asher7.jpg,24
Q725953,Ashley MacIsaac,person,1992,Canada,Ashley MacIsaac.jpg,9
Q4805856,Ashra,group,1976,Germany,,3
Q512076,Asian Kung-Fu Generation,group,1996,Japan,Asian Kung-Fu Generation-live-countdownjapan2011.jpg,24
Q731642,Asking Alexandria,group,2008,United Kingdom,Asking Alexandria at Soundwave 2014.jpg,37
Q732733,Asleep at the Wheel,group,1970,United States,Asleep at the Wheel 1976.JPG,11
Q737199,Asphyx,group,1987,Netherlands,AsphyxBand.jpg,12
Q2866938,Assagai,group,1971,,,4
Q593809,Assemblage 23,group,1988,United States,Assemblage 23 Nocturnal Culture Night 13 2018 02.jpg,12
Q1826593,Assück,group,1987,United States,Assuck1992.jpg,11
Q172505,Astor Piazzolla,person,1933,Argentina,Astor Piazzolla.jpg,61
Q246677,Astral Projection,group,1989,Israel,Astral Projection (live) @ B2B (-8 26) (2711050885).jpg,20
Q2292862,Astrix,person,1995,Israel,ASTRIX in Moscow 2013.JPG,16
Q230401,Astrud Gilberto,person,1963,Brazil,Swing-Journal-1965-May-1.jpg,52
Q2842516,Asylum Party,group,1985,France,,5
Q690904,At the Drive-In,group,1993,United States,At the Drive-In Lollapalooza.jpg,30
Q540368,At the Gates,group,1990,Sweden,At The Gates - Wacken Open Air 2022 03.jpg,33
Q284017,Atahualpa Yupanqui,person,1935,Argentina,Atahualpa Yupanqui por Foto Estudio Luisita.jpg,34
Q301984,Ataraxia,group,1985,Italy,Ataraxia at Rossena.jpg,11
Q697954,Atari Teenage Riot,group,1992,Germany,Atari Teenage Riot 2010 01.jpg,16
Q77002,ATB,person,1998,Germany,ATB 2015 (cropped).jpg,40
Q755034,Atheist,group,1984,United States,Atheist Evolution Festival 7.jpg,22
Q756237,Atlantean Kodex,group,,Germany,Atlantean Kodex @ Hell over Hammaburg 2018-03-10 010.jpg,4
Q757508,Atmosphere,group,1994,United States,Atmosphere 8-17-2023.jpg,12
Q13430882,Atmozfears,group,2009,Kingdom of the Netherlands,Atmozfears @ Airbeat One 2017.png,7
Q3846033,Atrax Morgue,person,1993,Italy,MarcoCorbelli2.jpg,6
Q240703,Atreyu,group,1998,United States,ATREYU ORLANDO-54.jpg,23
Q3629037,Atrium Carceri,group,,Sweden,,7
Q757859,Attack Attack!,group,2007,United States,Attack2010TIAFT.jpg,16
Q758845,Audio Adrenaline,group,1989,United States,,7
Q4819842,Audio Push,group,2008,United States,,1
Q537954,August Burns Red,group,2003,United States,August Burns Red – Elbriot 2014 04.jpg,21
Q467250,Augustus Pablo,person,1999,Jamaica,Reggae vinyl records.jpg,23
Q775629,Aurelio Martínez,person,2004,Honduras,Aurelio at KEXP.JPG,7
Q247237,Autechre,group,1987,United Kingdom,Autechre1.jpg,30
Q676620,Autopsy,group,1987,United States,Autopsy - Setembro Negro.jpg,19
Q114913075,Autumn,person,2017,United States,,5
Q9639349,Ave Sangria,group,1969,Brazil,"2024-02-10 Carnaval de Olinda 2024, 017.jpg",5
Q782889,Aventura,group,1994,United States,Agrupación musical Aventura.jpg,30
Q3751827,Aventuras de Kirlian,group,1986,Spain,,5
Q505476,Avicii,person,2006,Sweden,Avicii 2014 003cr.jpg,89
Q4828830,Avihu Medina,person,1970,Israel,אביהו מדינה.jpg,9
Q3631117,Aviões do Forró,group,2002,Brazil,Xand e Solange (Aviões do Forró).jpg,4
Q2778189,Avraham Fried,person,1981,Israel,Avraham Fried 3.jpg,7
Q18986556,Avsenik Brothers Ensemble,group,1953,Socialist Federal Republic of Yugoslavia,Nastop Avsenikovega kvinteta v Mariboru 1961 (3).jpg,9
Q15784848,Axegrinder,group,,United Kingdom,,1
Q8195511,Ayinde Barrister,person,1965,Nigeria,,8
Q3510240,Ayinla Kollington,person,1970,Nigeria,,6
Q97483826,Ayinla Omowura,person,1970,Nigeria,,6
Q727362,Ayreon,group,1995,Netherlands,Arjen Anthony Lucassen.jpg,26
Q188111,Ayumi Hamasaki,person,1993,Japan,Ayumi Hamasaki in London (cropped).jpg,61
Q1990992,Azis,person,1999,Bulgaria,Azis in 2018 (cropped).png,34
Q562440,Aziz Mian,person,1966,British Raj,,12
Q234304,Aziza Mustafa Zadeh,person,1991,Soviet Union,Aziza BakuJazz2007.jpg,32
Q794148,Aztec Camera,group,1981,United Kingdom,Aztec-camera-roddy-frame.png,15
Q123738761,Azteca,person,2017,Romania,Azteca logo.png,0
Q150186,B'z,group,1988,Japan,B'Z Best Buy Theater montage.jpg,26
Q112208160,B-Lovee,person,2015,United States,B-Lovee.jpg,2
Q188969,B.B. King,person,1949,United States,B.B. King (46264650642).jpg,98
Q795254,B12,group,1990,United Kingdom,,6
Q4671711,Baauer,person,2011,United States,Baauer Big Dancing by Leah Gair cropped.jpg,19
Q3595122,Baba Sehgal,person,1990,India,Baba Sehgal shoots for his album 'Mumbai City' 03.jpg,9
Q28039875,Babes Wodumo,person,2016,South Africa,,7
Q115098502,Babyface Ray,person,2014,United States,Babyface Ray 2022.png,5
Q11190781,Babymetal,group,2010,Japan,"Babymetal performing at Ancienne Belgique December 4, 2023.jpg",39
Q753066,Baccara,group,1977,Spain,"Ad Visser geeft het zangduo Baccara een gouden plaat Vlnr Mayte Mateos (Ba, Bestanddeelnr 929-3096.jpg",35
Q17140,Backstreet Boys,group,1993,United States,Backstreet Boys 2019 by Glenn Francis.jpg,75
Q98641279,Backyard Band,group,,,,0
Q798671,Bad Brains,group,1977,United States,Bad Brains.jpg,29
Q44333953,Bad Bunny,person,2013,United States,Bad Bunny 2019 by Glenn Francis (cropped).jpg,64
Q745517,Bad Company,group,1973,United Kingdom,Bad Company - 1976.jpg,29
Q25432114,Bad Gyal,person,2016,Spain,Premios Goya 2026 - Bad Gyal-2 (cropped).jpg,21
Q798739,Bad Manners,group,1976,United Kingdom,Bad Manners.jpg,16
Q4840417,Bad Religion,group,,United States,,5
Q2745300,Bade Ghulam Ali Khan,person,1923,Dominion of India,Ustad Bade Ghulam Ali Khan.jpg,19
Q464993,Baden Powell,person,1950,Brazil,Baden powell 1971.jpg,21
Q798993,Badfinger,group,1961,United Kingdom,Badfinger ad 1970.jpg,31
Q489575,Baek Ji-young,person,1999,South Korea,190328 백지영.jpg,19
Q1320703,Bai Guang,person,1938,People's Republic of China,Baiguang 1949.jpg,21
Q934493,Bai Hong,person,1920,People's Republic of China,Bai Hong.jpg,16
Q804177,Bajofondo,group,2001,Argentina,Bajofondo Tangoclub.jpg,13
Q20730471,Bako Dagnon,person,1966,Mali,,5
Q3629911,Bal Gandharva,person,1905,Dominion of India,Bal Gandharva.jpg,8
Q22087924,Balam Acab,person,2010,United States,,2
Q805038,Balkan Beat Box,group,2003,United States,Balkan Beat Box-3.jpg,13
Q330419,Ballaké Sissoko,person,1967,Mali,Ballaké Sissoko et sa kora.jpg,9
Q2881398,Bally Sagoo,person,1989,United Kingdom,Angela Ang with Bally Sagoo.jpg,7
Q353025,Baltimora,group,1985,Italy,,25
Q805877,Balzac,group,1992,Japan,Balzac in Vienna.jpg,7
Q2019573,Bam Bam,group,,United States,,2
Q4355668,Bambee,person,1999,Norway,,5
Q2881794,Bamboleo,group,1995,Cuba,,2
Q806020,Bamses Venner,group,1973,Denmark,Bamses Venner.jpg,14
Q2037019,Banco de Gaia,person,1991,United Kingdom,,5
Q1619432,Banco del Mutuo Soccorso,group,1969,Italy,Francesco Di Giacomo.jpg,18
Q2334564,Banda Black Rio,group,1976,Brazil,,6
Q1131682,Banda Calypso,group,1999,Brazil,Calypsojoelmaechimbinha.jpg,6
Q4170257,Banda Conmoción,group,2001,Chile,,2
Q4854311,Banda El Recodo,group,1938,Mexico,Banda El Recodo Cancún.jpg,5
Q806246,Banda Eva,group,1993,Brazil,Bandaeva carnaval2014 flickr.jpg,5
Q4854297,Banda Machos,group,1990,Mexico,,3
Q4854296,Banda Maguey,group,1993,Mexico,,2
Q17274366,Banda MS,group,2003,Mexico,Banda MS Cholula.jpg,3
Q115099788,Bandmanrill,person,2020,United States,Bandmanrill.png,3
Q1804,Barbara,person,1958,France,Barbara (1965).jpg,39
Q432268,Barbara Tucker,person,1985,United States,,11
Q5719338,Barbarito Díez,person,1935,Cuba,,3
Q807957,Barclay James Harvest,group,1966,United Kingdom,Some old (really old) gig photos (4693581988).jpg,20
Q1990153,Bardo Pond,group,1991,United States,Bardopond1.jpg,8
Q371997,Barenaked Ladies,group,1988,Canada,Barenaked Ladies miming golf.jpg,22
Q808235,Bark Psychosis,group,1986,United Kingdom,Bark Psychosis.jpg,15
Q808863,Barren Cross,group,1983,United States,Barren Cross EoR 2012 1.jpg,7
Q809077,Barry McGuire,person,1962,United States,"Barry McGuire at the 3 day Music & Alternatives festival, New Zealand 1979..jpg",23
Q213647,Barry White,person,1960,United States,"Barry White, Bestanddeelnr 927-0098 (cropped).jpg",54
Q442656,Barış Manço,person,1958,Turkey,Barış Manço cropped.JPG,37
Q574739,Basic Channel,group,1993,Germany,Rhythm&sound2.jpg,7
Q810016,Basil Coetzee,person,1944,South Africa,,3
Q810481,Bassekou Kouyate,person,1966,Mali,Bassekou Kouyate photo.jpg,15
Q157201,Bathory,group,1983,Sweden,,50
Q4869273,Batile Alake,person,1950,Nigeria,,10
Q811021,Battles,group,2003,United States,Battles 22-11-07.jpg,19
Q180582,Bauhaus,group,1978,United Kingdom,Bauhaus concert.jpg,42
Q9353279,Bayer full,person,1984,Poland,Slawomir Swierzynski.jpg,3
Q66817366,Beabadoobe,person,2017,Philippines,MitskiAPE180824 (13 of 116) (53941099308) (cropped 2).jpg,29
Q4875710,Beach Fossils,group,2009,United States,Beachfossilsband.jpg,9
Q812842,Beach House,group,2004,United States,Beach House at House of Blues San Diego on July 1 2012.jpg,27
Q2573649,Beardyman,person,2006,United Kingdom,Beardyman at Camp Bestival 2008.jpg,11
Q214039,Beastie Boys,group,1981,United States,Beastie Boys 2009 (6184423405).jpg,57
Q813076,Beat Happening,group,1982,United States,Beat Happening (1988 Rough Trade publicity photo).jpg,15
Q2409676,Beatmasters,group,1986,United Kingdom,,5
Q2893080,Beau Jocque,person,1991,United States,BeauJocque1997.jpg,5
Q2893053,BeauSoleil,group,1975,United States,2016BeauSoleil.jpg,5
Q276413,Bebe Barron,person,1925,United States,,3
Q16336862,Bebeto,person,1947,Brazil,Bebeto tvbrasil.png,2
Q813553,Bebo Valdés,person,1938,Cuba,Bebo Valdés - 2008 (cropped).jpg,29
Q4879261,Bedhead,group,1991,United States,,6
Q48173,Bedřich Smetana,person,1824,Austria–Hungary,FriedrichSmetana.jpg,93
Q133405,Bee Gees,group,1958,United Kingdom,Bee Gees 1977.JPG,72
Q589846,Beenie Man,person,1980,Jamaica,Beenie Man 01716.JPG,17
Q4880442,Beggar and Co,group,1980,United Kingdom,,2
Q3595116,Begum Akhtar,person,1929,Dominion of India,Stamp of India - 1994 - Colnect 163834 - Begum Akhtar - Commemoration Wihdrawn.jpeg,25
Q272260,Behemoth,group,1991,Poland,Behemoth - Reload Festival 2024 01.jpg,46
Q814482,Beherit,group,1989,Finland,,16
Q692668,Beirut,group,2006,United States,Zachcondonbeirut2013.jpg,29
Q4882032,Belbury Poly,person,,United Kingdom,Belbury Poly - Jim Jupp.jpg,2
Q28737603,Believer,group,,,,24
Q463818,Belkıs Akkale,person,1972,Turkey,,9
Q2894589,Bell Biv DeVoe,group,1989,United States,New Edition on Sister Circle Live.jpg,13
Q691568,Belle and Sebastian,group,1996,United Kingdom,Belle and Sebastian British Band.jpeg,34
Q589580,Belphegor,group,1991,Austria,Belphegor Tons of Rock 2025-033.jpg,23
Q52160540,Ben Böhmer,person,2015,Germany,BenBöhmer7444 (1).jpg,3
Q19544251,Ben Decca,person,1954,Cameroon,Ben Decca en veste.jpg,2
Q816495,Ben Folds Five,group,1993,United States,Benfoldsfivereunionlive.jpg,13
Q816527,Ben Johnston,person,1926,United States,,11
Q816535,Ben Klock,person,1998,Germany,,4
Q4886213,Ben Neill,person,1957,United States,Ben Neill and the Mutantrumpet.jpg,5
Q677304,Ben Sims,person,2000,United Kingdom,,3
Q9654390,Benito di Paula,person,1968,Brazil,Benito-di-paula.jpg,7
Q3752508,Benito Lertxundi,person,1967,Spain,Benito Lertxundi 1971.jpg,6
Q150767,Benjamin Britten,person,1937,United Kingdom,Fortepan 137711 (cropped).jpg,68
Q561142,Benjamin Zephaniah,person,1980,United Kingdom,Benjamin Zephaniah 20181206.jpg,31
Q311842,Benny Benassi,person,1980,Italy,Bennyvegas.jpg,37
Q46755,Benny Goodman,person,1926,United States,Benny Goodman 1942.jpg,65
Q560505,Benny Moré,person,1944,Cuba,Benny Moré 2.jpg,24
Q66584231,Benny the Butcher,person,2004,United States,Benny the Butcher November 2023.png,6
Q2657284,Bentley Rhythm Ace,group,1997,United Kingdom,,9
Q4501,Bernard de Ventadour,person,1140,Kingdom of France,BnF ms. 12473 fol. 15v - Bernart de Ventadour (1).jpg,41
Q296804,Bernard Herrmann,person,1934,United States,Bernard-Herrmann.jpg,45
Q291288,Bernard Parmegiani,person,1964,France,Parme IMG 0382.jpg,16
Q4894178,Bernhard Günter,person,1957,Germany,,5
Q506360,Bert Kaempfert,person,1939,Germany,Bert Kaempfert.png,19
Q2397929,Bert Williams,person,1892,United States,BertWilliamsPhotoPortraitWithCigarette.jpg,18
Q2899291,Berthe Sylva,person,1885,France,Berthe Sylva.jpg,5
Q93349,Bessie Smith,person,1912,United States,Bessiesmith-2.jpg,57
Q534389,Best Coast,group,2009,United States,Bestcoast.jpg,14
Q830536,Bestial Warlust,group,1993,Australia,,5
Q458663,Beth Carvalho,person,1960,Brazil,Beth Carvalho (2011).jpg,22
Q19846501,Bethel Music,group,2001,United States,,6
Q831480,Beto Barbosa,person,1955,Brazil,Beto Barbosa - Camarote Skol (5508520537) (cropped).jpg,7
Q465943,Betty Carter,person,1929,United States,CarterBetty19861025.jpg,30
Q850616,Between the Buried and Me,group,2000,United States,Between the Buried and Me.jpg,19
Q36153,Beyoncé,person,1990,United States,Beyoncé - Tottenham Hotspur Stadium - 1st June 2023 (10 of 118) (52946364598) (best crop).jpg,175
Q853266,Beyond,group,1983,British Hong Kong,,13
Q268288,Bezerra da Silva,person,1974,Brazil,,11
Q121077,Bhimsen Joshi,person,1941,Dominion of India,Pandit Bhimsen Joshi (cropped).jpg,28
Q855109,Bhundu Boys,group,1983,Zimbabwe,,5
Q1775226,Bi Kidude,person,1910,Tanzania,Bi Kidude.png,18
Q858464,Big Bad Voodoo Daddy,group,1989,United States,BigBadVoodooDaddy.jpg,13
Q449239,Big Bill Broonzy,person,1893,United States,Big Bill Broonzy (1951 publicity photo).jpg,28
Q572821,Big Black,group,1981,United States,Big Black (1986).jpg,19
Q858688,Big Brother and the Holding Company,group,1965,United States,Janis Joplin Big Brother and the Holding Company.jpg,23
Q858738,Big Country,group,1981,United Kingdom,,21
Q4905738,Big Freedia,person,1999,United States,Big Freedia 2014.jpg,6
Q858908,Big Hawk,person,1992,United States,,9
Q352225,Big Jay McNeely,person,1940,United States,,8
Q358350,Big Joe Turner,person,1920,United States,Big Joe Turner Rock and Roll Revue Apollo Theater 1955.jpg,30
Q519289,Big Joe Williams,person,1903,United States,Big Joe Williams 14 11 1971.JPG,18
Q316588,Big L,person,1992,United States,,31
Q859053,Big Moe,person,1995,United States,,10
Q859116,Big Mountain,group,1988,United States,2018 - Pol’and’Rock Festival - Big Mountain 33.jpg,13
Q72608,Big Star,group,1971,United States,Big Star at Hyde Park.jpg,25
Q13156953,Big Tom,person,1966,Ireland,Portrait of Singer Big Tom (Nov 2004).jpg,5
Q794747,Big Youth,person,1949,Jamaica,Big Youth skankin.jpg,15
Q860153,Bikini Kill,group,1990,United States,Bikini Kill in 1991.jpg,26
Q208205,Bill Evans,person,1950,United States,Bill Evans.jpg,51
Q862097,Bill Fay,person,1967,United Kingdom,Bill Fay By Erica Parrott 2012.jpg,13
Q2903211,Bill Fontana,person,1947,United States,Prix Ars Electronical 2013 21 Bill Fontana.jpg,5
Q2914477,Bill Haley & His Comets,group,1949,United States,BillHaley.JPG,22
Q552511,Bill Laswell,person,1978,United States,Bill-laswell.jpg,19
Q170042,Bill Monroe,person,1927,United States,MonroeBrothers.jpg,32
Q29564107,Billie Eilish,person,2015,United States,BillieEilishO2140725-39 - 54665577407 (cropped).jpg,124
Q104358,Billie Holiday,person,1933,United States,Billie Holiday Billboard.jpg,90
Q508412,Billy Bragg,person,1977,United Kingdom,"Billy Bragg, May 2010 1.jpg",28
Q19758833,Billy J. Kramer & The Dakotas,group,,United Kingdom,,3
Q320775,Billy Joe Shaver,person,1973,United States,Billy Joe Shaver-2.JPG,18
Q194333,Billy Joel,person,1964,United States,Billy Joel Shankbone NYC 2009.jpg,68
Q369382,Billy Mayerl,person,1902,United Kingdom,,4
Q863212,Billy Paul,person,1952,United States,Billy Paul.jpg,23
Q863227,Billy Stewart,person,1955,United States,,15
Q52004084,Billy Strings,person,2013,United States,Billy Strings.jpeg,10
Q16247049,Billy Woods,person,2002,United States,,4
Q72984,Bing Crosby,person,1923,United States,Bing Crosby Paramount Pictures.jpg,123
Q4914497,Binomio de Oro de América,group,1976,Colombia,,4
Q803876,Biohazard,group,1987,United States,Biohazard-band.jpg,21
Q616371,Biosphere,person,1983,Norway,Jenssen cracow.jpg,16
Q438849,Birthe Kjær,person,1960,Kingdom of Denmark,Birthe Kjær.jpg,22
Q502307,Biréli Lagrène,person,1978,France,Bireli aux Granges le 26.08.06.jpg,19
Q379707,Bismillah Khan,person,1916,Dominion of India,Bismillah at Concert1 (edited).jpg,38
Q225131,Bix Beiderbecke,person,1903,United States,Bix Beiderbecke cropped.jpg,38
Q505882,Biz Markie,person,1985,United States,Biz Markie 2018.jpg,26
Q115946577,Bizzy Banks,person,2018,United States,,0
Q42455,Björk,person,1977,Iceland,"Björk by Hello, I am Bruce at Nature Awareness Nattura concert Reykjavik 2008.jpg",109
Q2337562,Black 47,group,1989,United States,,5
Q880116,Black Box,group,1989,Italy,,15
Q16215736,Black Coffee,person,1994,South Africa,Black Coffee perfoming at Hï Ibiza in June 2018.jpg,15
Q880229,Black Dyke Band,group,1855,United Kingdom,Black Dyke Band World Band Festival Luzern 2012.jpg,9
Q464476,Black Flag,group,1976,United States,Black Flag - 2019.jpg,38
Q47670,Black Sabbath,group,1968,United Kingdom,Black Sabbath (1970).png,93
Q16162037,Black Star,group,2006,,,11
Q158442,Black Sun Empire,group,1993,Netherlands,13-03-29 Paaspop BSE 01.jpg,14
Q4921986,Black Tambourine,group,1989,United States,,2
Q2290182,Black Tape for a Blue Girl,group,1986,United States,Black Tape For A Blue Girl-2010w.jpg,6
Q12303765,Black Tongue,group,,Denmark,,0
Q804260,Black Uhuru,group,1972,Jamaica,Black-Uhuru.jpg,22
Q16176303,Blackmill,person,2010,United Kingdom,,2
Q25056945,Blackpink,group,2016,South Korea,Blackpink Pink Carpet Event 4.jpg,113
Q222517,Blackstreet,group,1991,United States,,13
Q94831,Blake Shelton,person,2001,United States,Blake Shelton July 2017 (cropped).jpg,42
Q60194398,Blank Banshee,person,2010,Canada,Blank Banshee logo text.png,4
Q4925240,Blaqstarr,person,1985,United States,,2
Q3750957,Blas de Laserna,person,1751,Spain,,5
Q881957,Blasphemy,group,1984,Canada,2009-10-25blasphemy.JPG,17
Q16319658,Blasterjaxx,group,2010,Netherlands,Blasterjaxx at Spring Awakening.jpg,13
Q28803195,Blawan,person,2010,,,1
Q357476,Blaze Bayley,person,1984,United Kingdom,Blaze Bayley.jpg,28
Q838942,Blessthefall,group,2004,United States,Blessthefall live at Warped Tour 2012.jpg,27
Q742396,Blind Blake,person,1926,United States,,19
Q174478,Blind Boy Fuller,person,1907,United States,,20
Q152540,Blind Guardian,group,1984,Germany,Blind Guardian Group.jpg,46
Q45001,Blind Lemon Jefferson,person,1893,United States,Blindlemonjeffersoncirca1926.jpg,27
Q712586,Blind Willie Johnson,person,1927,United States,Blind Willie Johnson.jpg,27
Q181689,Blind Willie McTell,person,1927,United States,Blind Willie McTell LOC.jpg,23
Q482477,Blink-182,group,1992,United States,Blink182.jpg,71
Q884460,Blitz,group,1981,United Kingdom,,9
Q884489,Blitzkid,group,1997,United States,Blitzkid (Last Bandphoto 2012 (3)).jpg,9
Q205838,Bloc Party,group,2003,United Kingdom,Bloc Party.jpg,43
Q740388,Blockhead,person,1999,United States,Blockhead 2014.jpg,10
Q202741,Blondie,group,1974,United States,Blondie1977.jpg,62
Q885101,Blood Ceremony,group,2006,Canada,Blood Ceremony Danforth.jpg,7
Q885177,Blood on the Dance Floor,group,2007,United States,Blood on the dance floor 2011.png,15
Q885152,Blood Stain Child,group,1999,Japan,,15
Q48995,"Blood, Sweat & Tears",group,1967,United States,"Blood, Sweat & Tears.png",34
Q804567,Blue Cheer,group,1967,United States,Blue Cheer 1968.jpg,24
Q584835,Blue Diamonds,group,1959,Netherlands,The Blue Diamonds 914-2294.jpg,9
Q886036,Blues Incorporated,group,1961,United Kingdom,,12
Q11894,Blumfeld,group,1990,Germany,BlumfeldVerboteneFrüchte.jpg,6
Q485820,Blur,group,1988,United Kingdom,Blur (band).png,62
Q632229,Blut Aus Nord,group,1994,France,,14
Q208881,Bo Diddley,person,1943,United States,Bo Diddley.jpg,45
Q722778,Boards of Canada,group,1986,United Kingdom,Boards of Canada Warp Lighthouse Party 1999.jpg,31
Q5307900,Bob Childers,person,1978,United States,Bob Childers (1).jpg,6
Q4932094,Bob Cobbing,person,1920,United Kingdom,,2
Q392,Bob Dylan,person,1962,United States,DylanYoungKilkenny140719v2 (50 of 52) (52246124397) (cropped).jpg,184
Q888012,Bob James,person,1939,United States,"Bob James, jazz musician (2004).jpg",22
Q2525354,Bob Marley & The Wailers,group,1963,Jamaica,Bob-marley-wailers-crystal-palace.jpg,24
Q364131,Bob Seger,person,1961,United States,Bob Seger 2013 (cropped).jpg,37
Q223167,Bob Sinclar,person,1987,France,Bob Sinclar 2011.jpg,42
Q888326,Bob Wills,person,1929,United States,Bob Wills photograph - Cropped.jpg,20
Q272253,Bobbie Gentry,person,1964,United States,Bobbie Gentry in 1968.jpg,27
Q541634,Bobby Bland,person,1951,United States,BobbyBland1996.jpg,35
Q311241,Bobby Brown,person,1978,United States,Bobby Brown on Sister Circle Live.jpg,38
Q2907992,Bobby Orlando,person,1958,United States,,10
Q890064,Body Count,group,1990,United States,Body Count feat. Ice-T (cropped2).jpg,24
Q566555,Bohren & der Club of Gore,group,1992,Germany,Bohren dcog (12843586343).jpg,13
Q223258,Bohuslav Martinů,person,1890,Cisleithania,Martinu 1945.jpg,46
Q16199628,Boldy James,person,2009,United States,Boldy James.jpg,6
Q887911,Bomba Estéreo,group,2000,Colombia,Bomba Estéreo Up Close and Personal 2012.jpg,13
Q3519929,Bombay Jayashri,person,1982,India,Bombay Jayashree in concert.jpg,19
Q891919,Bombino,person,1997,Niger,Bombino-Niger.JPG,14
Q15623395,Bombs Away,group,2010,Australia,Bombs Away 2013.jpg,2
Q357340,Bon Iver,group,2006,United States,Bon Iver.jpg,37
Q259254,Bon Jovi,group,1983,United States,Bon Jovi 1.jpg,86
Q9661296,Bonde do Tigrão,group,2000,Brazil,,1
Q892294,Bone Crusher,person,1996,United States,Bonecrusher @ A3C 2008 with the Juice Crew.jpg,9
Q4444669,Bone Thugs-n-Harmony,group,1991,United States,Bone Thugs N Harmony.jpg,28
Q21857084,Bones,person,2010,United States,BONES In 2018.png,18
Q726018,Boney James,person,1976,United States,Boney James 2013.jpg,8
Q156298,Boney M.,group,1975,Germany,"Boney M in Haarlem, 1991 - 01.jpg",64
Q892422,Bongo Maffin,group,1996,South Africa,Bongo Maffin Vienna-6.2008e.jpg,6
Q2288552,Bongzilla,group,1995,United States,Bongzilla @ Roadburn Festival 2017 10.jpg,10
Q707967,Bonobo,person,1999,United Kingdom,RF 2806 Bonobo Krists Luhaers-16 (35611151756).jpg,23
Q205356,Bonzo Dog Doo-Dah Band,group,1962,United Kingdom,Fenklup1968BonzoDogDooDah1.jpg,17
Q892968,Boogie Down Productions,group,1985,United States,,14
Q893007,Booker T. & the M.G.'s,group,1962,United States,Booker T. & the M.G's 1967 press photo.jpg,28
Q4943439,Boom Shaka,group,1993,,,2
Q452411,Bootsy Collins,person,1968,United States,"William ""Bootsy"" Collins (cropped).jpg",25
Q893231,Boozoo Chavis,person,1954,United States,Boozoochavis.jpg,13
Q1328096,Boredoms,group,1986,Japan,Boredoms1.jpg,15
Q50674,Borgore,person,2009,Israel,Borgore 0037 (cropped).jpg,18
Q893604,Boris,group,1992,Japan,Boris 2012 au.jpg,22
Q679818,Born of Osiris,group,2003,United States,Born of Osiris Full Force 2023 20.jpg,18
Q16502244,Bossa Três,group,,Brazil,,1
Q204289,Boston,group,1976,United States,"Boston Strong Concert-May 30, 2013.jpg",43
Q848428,Botch,group,1993,United States,,10
Q894958,Boubacar Traoré,person,1942,Mali,Boubacar Traoré (2).jpg,16
Q2921492,Boudjemaâ El Ankis,person,1927,France,Amar Ezzahi et Boudjemaâ El Ankis.jpg,5
Q4949476,Boukan Ginen,group,1990,Haiti,,2
Q11182116,Boukman Eksperyans,group,1978,Haiti,"Theodore Lolo Beabrun, Lead Singer.JPG",3
Q848590,Bounty Killer,person,1992,Jamaica,BountyKiller.jpg,19
Q96308743,Boy Pablo,group,2015,Bergen,Boy Pablo Piknik i Parken 2019 (170641).jpg,16
Q9178266,Boys,group,1990,Poland,,3
Q706820,Boys Noize,person,2004,Germany,Boys noize juicy beats 2011 5.jpg,15
Q896109,Boz Scaggs,person,1963,United States,"Boz Scaggs - Coral Springs, FL - 22886393275.jpg",23
Q212455,Boøwy,group,1981,Japan,Boφwy 1984.jpg,8
Q356187,Brad Mehldau,person,1993,United States,Brad Mehldau.jpg,26
Q39639,Brad Paisley,person,1998,United States,"Brad Paisley performing at Caesars Windsor, 2022-05-29 05 (cropped).jpg",37
Q1042647,Braguinha,person,1929,Brazil,João de Barro (Braguinha) 1945.png,8
Q4955640,Braid,group,1993,United States,,5
Q897406,Brain Damage,group,1972,,,19
Q164060,Brandi Carlile,person,2004,United States,Brandi Carlile 2023 (cropped).jpg,36
Q454819,Branford Marsalis,person,1980,United States,Branford Marsalis.jpg,27
Q30509,Bratmobile,group,1991,United States,Bratmobile.jpg,10
Q4958389,Brave Old World,group,1990,United States,,2
Q903536,Bread,group,1968,United States,Bread 1971.JPG,25
Q903674,Breakbot,person,2006,France,Breakbot (cropped).jpg,15
Q186840,Brenda Fassie,person,1981,South Africa,,40
Q230925,Brenda Lee,person,1951,United States,Brenda Lee 1977.JPG,41
Q4961096,Brendan Shine,person,1963,Ireland,,2
Q909017,Brennan Heart,person,2006,Kingdom of the Netherlands,Brennan Heart at X-Qlusive Headhunterz.jpg,15
Q25189679,Brett Young,person,2007,United States,Brett Young in concert 2015.jpg,13
Q569003,Brian Eno,person,1970,United Kingdom,Brian Eno 2015.png,64
Q462291,Brian Ferneyhough,person,1943,United Kingdom,,23
Q453074,Brian Setzer,person,1979,United States,Brian Salzburg 2006.JPG,18
Q915714,Bright Eyes,group,1995,United States,BrightEyespicture.jpg,30
Q9179347,Brighter Death Now,group,1989,,Brighter Death Now Nocturnal Culture Night 13 2018 05.jpg,7
Q917541,Brinsley Schwarz,group,1969,United Kingdom,,9
Q11975,Britney Spears,person,1992,United States,Britney Spears-FFT-Toronto (cropped).jpg,146
Q925946,Brokencyde,group,2006,United States,"Brokencyde Warped Tour Hartford, CT (3761005114).jpg",12
Q2926060,Bronco,group,1800,Mexico,,3
Q3507588,Brontosauři,group,1972,Czech Republic,,4
Q942076,Brotha Lynch Hung,person,1986,United States,Brotha Lynch Hung.jpg,13
Q4975550,Brother Resistance,person,2021,,,1
Q1225,Bruce Springsteen,person,1969,United States,Bruce Springsteen 2025.jpg,107
Q994671,Brutal Truth,group,1990,United States,BrutalTruth by Christian Misje 02.jpg,14
Q482907,Bryan Adams,person,1975,United Kingdom,BryAdamsMargate130624 (39 of 43) (53789411882) Cropped.jpg,91
Q53567275,Bryant Myers,person,2015,United States,Bryant Myers - Sarala TV - Cápsula 15 (cropped).png,8
Q21066641,Bryson Tiller,person,2011,United States,Bryson Tiller August 2018 (cropped).jpg,27
Q13580495,BTS,group,2013,South Korea,"BTS during a White House press conference May 31, 2022 (cropped).jpg",125
Q958708,Bubba Sparxxx,person,1996,United States,BubbaSparxxxSign.jpg,14
Q712353,Buck Owens,person,1945,United States,Buck Owens.jpg,25
Q999313,Buck-Tick,group,1983,Japan,,17
Q430224,Buckcherry,group,1995,United States,Buckcherry Rock am Ring 2014 (24).JPG,14
Q999968,Buckwheat Zydeco,person,1971,United States,Buckwheat Zydeco.jpg,12
Q312692,Bud Powell,person,1944,United States,Bud Powell (1953 publicity photo - cropped).jpg,34
Q314208,Buddy Guy,person,1953,United States,Buddy Guy 2008.jpg,42
Q5977,Buddy Holly,person,1952,United States,Buddy Holly cropped.JPG,75
Q4984912,Buddy MacMaster,person,1924,Canada,,3
Q842415,Buena Vista Social Club,group,1966,Cuba,FIL 2012 - Orquesta Buena Vista Social Club 2.JPG,29
Q48992,Buffalo Springfield,group,1966,United States,Buffalo Springfield in 1966.png,37
Q897564,Bugge Wesseltoft,person,1983,Norway,Bugge-wesseltoft.jpg,12
Q1002589,Bugz in the Attic,group,,United Kingdom,,3
Q4723615,Buhurizade Itri Efendi,person,1640,Ottoman Empire,Buhurizade Mustafa Itrî.jpg,6
Q1003115,Built to Spill,group,1992,United States,Vegoose06 builttospill2 lg.jpg,14
Q560642,Buju Banton,person,1987,Jamaica,"Buju Banton at Ilosaarirock, Joensuu, July 2006.jpg",21
Q918497,Bukka White,person,1920,United States,Booker White 1968 by JT.jpg,20
Q239652,Bulat Okudzhava,person,1946,Soviet Union,Булат Окуджава.jpg,54
Q65231869,Bulimundo,group,1978,Cape Verde,,2
Q548907,Bulldozer,group,1980,Italy,Bulldozer - Tuska 2011 - 06.jpg,13
Q485385,Bullet for My Valentine,group,1998,United Kingdom,Bullet for my valentine.jpg,53
Q4997720,Bunji Garlin,person,1999,Trinidad and Tobago,TnT PoS Bunji+Fay-Ann Fire Fete 2014.jpg,3
Q1010243,Buraka Som Sistema,group,2006,Portugal,Buraka Som Sistema.jpg,17
Q552245,Burial,person,2001,United Kingdom,Burial1.svg,23
Q17305712,Burna Boy,person,2010,Nigeria,Untold 2024 -Burna Boy (53926047977) (cropped).jpg,44
Q361646,Burning Spear,person,1969,Jamaica,"Burning Spear, live at Reggae Geel, Belgium, 2023.jpg",30
Q212762,Burt Bacharach,person,1950,United States,Burt Bacharach 1972.JPG,54
Q193172,Burzum,group,1991,Norway,Burzum2010.svg,60
Q919961,Busdriver,person,1992,United States,Busdriver1.jpg,9
Q2928714,Bush Tetras,group,1979,United States,Bush Tetras.jpg,9
Q59185,Busta Rhymes,person,1986,United States,Busta Rhymes (52380599657) (cropped).jpg,54
Q1017857,Butch Morris,person,1947,United States,Butch Morris and Conduction.jpg,12
Q1018174,Butthole Surfers,group,1981,United States,Butthole Surfers.jpg,21
Q1018354,Buzz Fuzz,person,1969,Kingdom of the Netherlands,,3
Q939329,Buzzcocks,group,1976,United Kingdom,"Buzzcocks in Porto Alegre, Brasil.jpg",34
Q3647810,Buzzoven,group,1989,United States,,8
Q16954729,Byron Lee and the Dragonaires,group,1950,,,2
Q16090207,Byun Jin-sub,person,1987,South Korea,Byun Jin-sub May 2017.png,8
Q797247,BZN,group,1966,Netherlands,"Filmopnamen BZN in het Linnaeushof, 1974 - 16.jpg",8
Q83326,Béla Bartók,person,1881,United States,Béla Bartók 1943.jpg,104
Q561390,Béla Fleck,person,1976,United States,Belafleck.jpg,20
Q467067,Bülent Ersoy,person,1970,Turkey,Bülent Ersoy TSM konser 01.JPG,30
Q2772878,C-Bo,person,1991,United States,,11
Q2553609,C. Aswath,person,1969,Dominion of India,C Aswath1.jpg,7
Q2930445,C. J. Chenier,person,1978,United States,C.J. Chenier.jpg,8
Q1022574,C. W. McCall,person,1974,United States,,12
Q23540938,C4 Pedro,person,2009,United Kingdom,C4 Pedro (2018).png,7
Q273079,Cab Calloway,person,1930,United States,Cab Calloway Gottlieb.jpg,46
Q1024747,Cabaret Voltaire,group,1973,United Kingdom,Richard H Kirk DJ at Music For Real Airports Project 2010-04-24.jpg,23
Q562148,Cachao,person,1926,Cuba,Cachao (2).jpg,19
Q309983,Caetano Veloso,person,1967,Brazil,Caetano Veloso (cropped).jpg,44
Q16939621,Caju & Castanha,group,1975,Brazil,25o Premio da Musica Brasileira (14187484832).jpg,3
Q491368,Cal Tjader,person,1925,United States,Cal Tjader.jpg,15
Q495322,Calabrese,group,2003,United States,Calabrese Rock Band Live On Stage.jpg,4
Q9674234,Calcinha Preta,group,1995,Brazil,Calcinha Preta - Logo.png,3
Q1844152,Calibre,person,1995,United Kingdom,Calibre.jpg,5
Q126201846,Callejero Fino,person,2015,Argentina,,2
Q4356602,Calypso Rose,person,1964,Trinidad and Tobago,Calypso rose.jpg,15
Q718180,Camané,person,1966,Portugal,FADO CAMANE a film by Bruno de Almeida 4 crop.jpg,12
Q312093,Camarón de la Isla,person,1969,Spain,Camarón De La Isla (1969) (cropped).jpg,39
Q2934725,Camela,group,1994,Spain,Camelaenelpalau.jpg,6
Q922528,Cameo,group,1974,United States,,15
Q1028565,Camera Obscura,group,1996,United Kingdom,Camera Obscura live 20050413.jpg,15
Q150445,Camille Saint-Saëns,person,1853,France,Camille Saint-Saens b Meurisse 1921.jpg,79
Q1029506,Camilo Sesto,person,1964,Spain,"20170512, Camilo Sesto.jpg",23
Q5742219,Camilo Zapata,person,1917,Nicaragua,,2
Q701735,Camo & Krooked,group,2007,Austria,Amadeus Award 2010 entree Camo and Krooked.jpg,8
Q170132,Can,group,1968,Germany,Can 1972 (Heinrich Klaffs Collection 102).jpg,37
Q449200,Candi Staton,person,1953,United States,Candi Staton.jpg,20
Q1366214,Candies,group,1973,Japan,,53
Q840197,Candlemass,group,1984,Sweden,Candlemass at Inferno Metal Festival Norway 2024 (53627528728) (cropped).jpg,28
Q339088,Canned Heat,group,1965,United States,Canned Heat at Woodstock Reunion 1979.jpg,36
Q485231,Cannibal Corpse,group,1988,United States,CannibalCorpse.jpg,53
Q110477,Cannonball Adderley,person,1955,United States,Cannonball Adderley press photo 1966.jpg,38
Q1033480,Cannon’s Jug Stompers,group,,United States,,1
Q2289503,Canta U Populu Corsu,group,,France,,8
Q3656583,Canzoniere Grecanico Salentino,group,1975,Italy,Canzoniere Grecanico Salentino Horizonte 2015 1680.jpg,5
Q1035235,Cap'n Jazz,group,1989,United States,Capn-jazz.jpg,11
Q1034596,Capercaillie,group,1984,United Kingdom,Nuernberg 2005 017.jpg,21
Q9696192,Capiba,person,1904,Brazil,,1
Q5035789,Capitalist Casualties,group,1987,,CapCas2010-05-18-WillButler.jpg,3
Q536588,Capleton,person,1991,Jamaica,Capleton1.jpg,21
Q1034857,Cappella,group,1987,Italy,,17
Q306509,Capsule,group,1997,Japan,"Capsule RELEASE PARTY""PLAYER"", STUDIO PARTITA, 2010-03-26.jpg",15
Q312264,Captain Beefheart,person,1964,United States,"Don Van Vliet and Gary Lucas, 'Doc at the Radar Station' sessions (May 1980).jpg",44
Q1035247,Car Bomb,group,2000,United States,Car Bomb @ Euroblast Festival 2017 110.jpg,6
Q22080761,Car Seat Headrest,group,2010,United States,"Car Seat Headrest, 100 Club, 2016.jpg",21
Q1035286,Carabao,group,1976,Thailand,Carabao March 2014.jpg,17
Q1035310,Carach Angren,group,2003,Kingdom of the Netherlands,Seregor (Carach Angren) playing guitar (desaturated).jpg,20
Q11194338,Caravan,person,2004,Japan,,1
Q1035442,Caravan Palace,group,2008,France,Caravan Palace Ottawa Bluesfest 2010.jpg,21
Q2556934,Carbon Based Lifeforms,group,1996,Sweden,Cbl51.PNG,17
Q283835,Carcass,group,1985,United Kingdom,Carcass - Elbriot 2016 01 (cropped).jpg,40
Q2938788,Carimi,group,2001,Haiti,CarimiSaba1.jpg,3
Q962197,Carl Craig,person,1989,United States,Carl Craig.jpg,16
Q215333,Carl Czerny,person,1791,Austrian Empire,Carl Czerny.jpeg,52
Q158899,Carl Loewe,person,1796,Kingdom of Prussia,Carl Loewe.jpg,28
Q310339,Carl Perkins,person,1946,United States,Carl Perkins 1977.jpg,43
Q76428,Carl Philipp Emanuel Bach,person,1725,Germany,Carl Philipp Emanuel Bach.jpg,73
Q462426,Carla Thomas,person,1960,United States,Carla Thomas.png,19
Q269335,Carles Benavent,person,1954,Spain,Benavent Carles.jpg,7
Q192958,Carlo Gesualdo,person,1585,Kingdom of Naples,Gesualdo3.jpg,47
Q98456012,Carlos Burity,person,1952,Angola,,2
Q983479,Carlos do Carmo,person,1964,Portugal,Carlos do Carmo 2013.jpg,29
Q229613,Carlos Gardel,person,1917,France,Carlos gardel en su casa 1933.jpg,60
Q567872,Carlos Lyra,person,1954,Brazil,Carlos Lyra.jpg,14
Q952965,Carlos Paredes,person,1939,Portugal,Carlos Paredes.jpg,14
Q139465,Carlos Varela,person,1963,Cuba,Carlos Varela at MIFF (cropped).jpg,10
Q965888,Carlos Vives,person,1978,Colombia,Carlos Vives - World Economic Forum on Latin America 2010.jpg,30
Q5752293,Carlota Jaramillo,person,1922,Ecuador,"MUSEO-CASA DE CARLOTA JARAMILLO ""LA REINA DE LA CANCIÓN NACIONAL"" (39986307341) (cropped).jpg",9
Q240371,Carmen McRae,person,1939,United States,Carmen McRae 1960 press photo.jpg,33
Q121655,Carmen Miranda,person,1928,Portugal,Carmen Miranda 1941.JPG,58
Q338693,Carmélia Alves,person,1923,Brazil,Carmélia Alves.jpg,7
Q1044027,Carnifex,group,2005,United States,Carnifex With Full Force 2014 08.JPG,16
Q217787,Carole King,person,1958,United States,CaroleKingHWOFDec2012.jpg,59
Q1044384,Carolina Chocolate Drops,group,2005,United States,Carolinachocolatedrops.jpg,10
Q160111,Carpathian Forest,group,1990,Norway,Capathian Forest Party.San Metal Open Air 2018 30.jpg,25
Q24666176,Carpenter Brut,person,2012,France,"Carpenter Brut, live performance, Hamburg 2018.jpg",13
Q215546,Carrie Underwood,person,2004,United States,Carrie Underwood in 2012.jpg,61
Q5046623,Carroll Thompson,person,1960,United Kingdom,,2
Q1412029,Carter Family,group,1927,United States,Carter Family in the 1930s (retouched using Remini App).jpg,20
Q2710419,Cartola,person,1927,Brazil,Músico Cartola.jpg,13
Q601243,Cartoons,group,1996,Denmark,,12
Q858880,Cascada,group,2004,Germany,2016-02-01 Cascada.jpg,47
Q125989634,Cash Cobain,person,1998,United States,Cash Cobain.jpg,4
Q3930275,Cashmere Cat,person,2006,Norway,Cashmere cat.jpg,20
Q104884,Caspar David Friedrich,person,1774,Sweden,Carl Johann Baehr - Bildnis des Malers Caspar David Friedrich.jpg,91
Q2941314,Cassiya,group,1988,,,2
Q1049345,Casting Crowns,group,1999,United States,Casting Crowns Come to the Well Tour.jpg,16
Q108798079,Cat Dealers,group,,Brazil,,1
Q111633626,Cat System Corp.,person,2013,Kingdom of the Netherlands,,1
Q2778878,Cathedral Quartet,group,1964,United States,,5
Q502291,Catherine Wheel,group,1990,United Kingdom,Rob Dickinson.jpg,9
Q405269,Cattle Decapitation,group,1996,United States,Cattle Decapitation at Inferno 2016 - 26166510895.jpg,22
Q467129,CeCe Peniston,person,1991,United States,"CCP March 14, 2012.jpg",21
Q538696,CeCe Winans,person,1984,United States,Cece Winans (cropped).jpg,18
Q363908,Cecil Taylor,person,1956,United States,Cecil taylor E5122329-2.jpg,30
Q5759771,Cecilia Barraza,person,1952,Peru,Cecilia Barraza.png,6
Q474045,Celia Cruz,person,1948,Cuba,Celia Cruz 1957 color.jpg,59
Q2038255,Celina González,person,1929,Cuba,Celina gonzalez2.jpg,12
Q5058467,Celso Piña,person,1980,Mexico,MX TV AÑO DUAL MEXICO-ALEMANIA CELSO PIÑA (35052491012).jpg,10
Q324645,Celtic Frost,group,1984,Switzerland,Celtic Frost live at Tuska 2006 modified.jpg,39
Q1053260,Cem Karaca,person,1961,Turkey,2021 09 15 Moda Cem Karaca Heykeli.jpg,21
Q3514773,Cemil Bey,person,1873,Ottoman Empire,Cemil.jpg,8
Q106078330,Central Cee,person,2014,English people,Central cee-5.jpg,39
Q17986331,Cephalotripsy,group,2003,United States,,5
Q1056163,Cerrone,person,1972,France,CERRONE Marc 02-24x30-2009.jpg,17
Q103759,Cesária Évora,person,1957,Cape Verde,Cesária Évora (2457851527).jpg,74
Q55365,Cezary Pazura,person,1986,Poland,Cezary Pazura (2).jpg,17
Q544096,Chaba Fadela,person,1962,Algeria,Raï années 80 (Algérie).jpg,13
Q2605806,Chabuca Granda,person,1920,Peru,ChabucaCantando.jpg,20
Q5068109,Chairmen of the Board,group,1967,United States,GeneralNormanJohnsonChairmenoftheBoard.jpg,3
Q1060648,Chambao,group,2002,Spain,Chambao.jpg,19
Q161805,Champion Jack Dupree,person,1910,United States,Champion-jack-dupree-img98- small.jpg,14
Q18627374,Chancha Vía Circuito,person,2005,Argentina,Chancha Vía Circuito en la Expo Milán 2015.jpg,7
Q2422033,Change,group,,,,17
Q5072093,Chango Spasiuk,person,1968,Argentina,Chango spasiuk march2009B.jpg,9
Q1062314,Chano Domínguez,person,1960,Spain,Chano Domínguez.jpg,8
Q1062320,Chano Pozo,person,1915,Cuba,Chano Pozo.jpg,13
Q448508,Chantal Goya,person,1963,France,Chantal Goya (cropped).jpg,24
Q1062552,Chaos UK,group,1979,United Kingdom,CHAOS UK 25 feb 1995 Arnhem.jpg,11
Q2476387,Chapterhouse,group,1987,United Kingdom,,7
Q5073885,Charalambides,group,1991,United States,Charalambides2.jpg,2
Q587086,Charanga Habanera,group,1988,Cuba,,6
Q369916,Charlemagne Palestine,person,1947,United States,Charlemagne Palestine at De Appel 1 feb 2014.JPG,8
Q1785,Charles Aznavour,person,1933,France,2014.06.23. Charles Aznavour Fot Mariusz Kubik 01.jpg,98
Q5075804,Charles Bronson,group,1994,United States,,5
Q477571,Charles Tomlinson Griffes,person,1884,United States,Charles Griffes.jpg,17
Q212549,Charles Trenet,person,1933,France,Charles Trenet - 1951 - 1 (cropped).jpg,45
Q215161,Charles-Marie Widor,person,1844,France,Charles-Marie Widor (2).jpg,44
Q354519,Charley Patton,person,1891,United States,Charley Patton (1929 photo portrait).jpg,33
Q5084390,Charli XCX,person,2008,United Kingdom,Charli xcx at Berlinale 2026-1.jpg,69
Q95699749,Charlie Monttana,person,1984,Mexico,Charlie Monttana @ Ruta 61 (cropped).jpg,4
Q921588,Charlie Palmieri,person,1927,United States,,7
Q103767,Charlie Parker,person,1937,United States,Portrait of Charlie Parker in 1947.jpg,77
Q1066976,Charlie Poole,person,1918,United States,Charlie Poole (cropped).jpg,7
Q563057,Charlie Rich,person,1958,United States,Charlie Rich 1973.JPG,18
Q231207,Charlotte Church,person,1998,United Kingdom,Charlotte Church by Law Keven.jpg,30
Q22668666,Charlotte de Witte,person,2010,Belgium,Charlotte de witte-1513626416.jpg,16
Q2752365,Charly Lownoise and Mental Theo,group,,Netherlands,Charlie Lownoise & Mental Theo.JPG,9
Q5087038,Chas McDevitt,person,1934,United Kingdom,Chas McDevitt Aldershot 2017.jpg,2
Q1067983,Chase & Status,group,2003,United Kingdom,Chase and Status-SMS-2018-8.jpg,18
Q5087189,Chase Rice,person,2010,United States,Chase Rice - cropped.jpg,8
Q236024,Chavela Vargas,person,1961,Mexico,Chavela Vargas (2009).jpg,44
Q1068713,Cheap Trick,group,1974,United States,Cheap Trick live 2007.jpg,26
Q983496,Cheb Hasni,person,1986,Algeria,Hasni 5.svg,19
Q441266,Cheb Mami,person,1982,Algeria,Cheb Mami en 1986.jpg,27
Q2743459,Cheikh Raymond,person,1912,France,Identite-CheikhRaymond-1953-Sacem.png,9
Q452186,Cheikha Rimitti,person,1940,France,الشيخة-ريميتي.png,19
Q597911,Chelsea Grin,group,2007,United States,Chelseagrin-1.jpg,16
Q5092454,Cherry Poppin' Daddies,group,1989,United States,Cherry Poppin Daddies 2007.jpg,5
Q72096,Chet Atkins,person,1942,United States,Chet Atkins.jpg,41
Q2274,Chet Baker,person,1949,United States,ChetBaker-StudioHarcourt-1955.png,55
Q2963160,Chez Damier,person,,United States,Chez Damier Press Pic 7.jpg,2
Q516712,Chic,group,1976,United States,Chicgf.JPG,28
Q371938,Chicago,group,1967,United States,Chicago band 1973.jpg,47
Q76913,Chicane,person,1994,United Kingdom,Chicane 2013.jpg,16
Q2963377,Chicho Sánchez Ferlosio,person,1940,Spain,Chicho Sánchez Ferlosio.jpg,8
Q505749,Chick Webb,person,1905,United States,,22
Q968313,Chicken Shack,group,1965,United Kingdom,,13
Q689306,Chicks on Speed,group,1997,Germany,Chicks On Speed by foto-di-matti 8421.jpg,12
Q975016,Chiclete com Banana,group,1980,Brazil,Chiclete com Banana no carnaval de Salvador.jpg,8
Q333632,Chico Buarque,person,1962,Brazil,Chico Buarque no BRAVO.jpg,43
Q177824,Chico O'Farrill,person,1949,Cuba,,12
Q1072239,Chico Trujillo,group,1999,Chile,Chico Trujillo Rudolstadt 08.jpg,7
Q127362,Chief Keef,person,2008,United States,Chief Keef 2019 performance.jpg,40
Q7677031,Chikuzan Takahashi,person,1910,Japan,,8
Q171718,Children of Bodom,group,1993,Finland,Masters of Rock 2007 - Children of Bodom - 08.jpg,60
Q5099040,Chilli Willi and the Red Hot Peppers,group,1971,United Kingdom,,3
Q80002798,Chimbala,person,2008,Dominican Republic,,3
Q55584618,Chino Amobi,person,2010,United States,,3
Q302533,Chiodos,group,2001,United States,Chiodos 2009.jpg,17
Q17305057,Chipzel,person,2009,United Kingdom,Chipzel at Blip Fest 2011.jpg,6
Q465902,Chiquinha Gonzaga,person,1847,Brazil,Chiquinha 6a.jpg,23
Q240841,Chitose Hajime,person,1994,Japan,Hajime Chitose.jpg,14
Q505348,Chitãozinho & Xororó,group,1967,Brazil,Ch&xr.jpg,7
Q1075851,Choking Victim,group,1992,United States,,8
Q5767112,Cholo Valderrama,person,1951,Colombia,,1
Q130407844,Chow Lee,person,,,,0
Q329610,Chris Ardoin,person,1981,United States,ChrisArdoin.jpg,6
Q491092,Chris Barber,person,1950,United Kingdom,Chr. Barber 1 2014.JPG,21
Q11299332,Chris Dench,person,1953,,,1
Q17916987,Chris Lane,person,2012,United States,Chris Lane @ 98.5 KYGO's Christmas Jam 2017.jpg,9
Q67372,Chris Liebing,person,1968,Germany,Chris Liebing at his best.jpg,9
Q5107266,Chris Lorenzo,person,1988,United Kingdom,,3
Q714033,Chris Tomlin,person,1993,United States,Chris Tomlin performing live.jpg,18
Q1079267,Christian Death,group,1979,United States,2014 WGT 14 Christian Death.jpg,16
Q658733,Christian Wolff,person,1934,France,Christian Wolff prepared piano performance 2007 Feb.jpg,17
Q5110740,Christina Aguilar,person,1990,Thailand,ChristinaAguilar2009.jpg,14
Q41594,Christina Aguilera,person,1990,United States,Christina Aguilera (2006).jpg,130
Q1083203,Christina Kubisch,person,1948,Germany,"Christina Kubisch - kompozytorka, flecistka.jpg",7
Q23021832,Christine Salem,person,1971,France,Christine Salem (8561632866).jpg,1
Q5111694,Christoph de Babalon,person,1994,Germany,,4
Q130759,Christoph Willibald von Gluck,person,1741,Kingdom of Bohemia,Joseph Siffred Duplessis - Christoph Willibald Gluck - Google Art Project.jpg,81
Q5111843,Christopher Allen Bouchillon,person,1893,United States,,4
Q445438,Christopher Cross,person,1971,United States,"Christopher Cross, 2022 (cropped).jpg",33
Q732135,Chrisye,person,1965,Indonesia,"Chrisye, Jakarta Govt website.jpg",24
Q16939761,Chrystian & Ralf,group,1983,Brazil,,3
Q5921,Chuck Berry,person,1953,United States,Chuck Berry (8275961).jpeg,99
Q2967586,Chuck Brown,person,2012,United States,ChuckBrownOct012005b.jpg,12
Q102045822,Chuck Johnson,person,1949,United States,,0
Q945778,Chuck Mangione,person,1960,United States,Chuck Mangione 1998.jpg,26
Q1089237,Chuckie,person,1993,Suriname,Imagine di dj chuckie.png,17
Q584447,"Chunk! No, Captain Chunk!",group,2008,France,Chunk no Captain Chunk.jpg,11
Q26370656,Chuquimamani-Condori,person,2008,United States,Elysia Crampton at OBEY Convention X.jpg,5
Q5118436,Chvrches,group,2011,United Kingdom,Chvrches 2014.jpg,29
Q708582,Chyi Yu,person,1978,Taiwan,Chyiyu (cropped).jpg,10
Q10748727,Chế Linh,person,1962,Vietnam,Che Linh at liveshow Khả Tú.jpg,8
Q25349372,Cigarettes After Sex,group,2008,United States,POS17 @Kristsll-197 (35166607974).jpg,35
Q286525,Cilla Black,person,1963,United Kingdom,Cilla-Black-1971-in-Finland.jpg,31
Q50398989,Cimarrón,group,1986,Colombia,,2
Q384023,Cinderella,group,1983,United States,Cinderella3.JPG,30
Q1092459,Cinema Strange,group,1994,United States,Drop Dead 031.jpg,9
Q316074,Cipriano de Rore,person,1542,Republic of Venice,CiprianoDeRore.jpg,28
Q603579,Circa Survive,group,2004,United States,Circa Survive (2010).jpg,15
Q522463,Circle Jerks,group,1994,United States,MUSIC Circle Jerks.jpg,17
Q57444866,City Morgue,group,2017,United States,,8
Q867706,City of Caterpillar,group,2000,United States,Cityofcaterpillarband.jpg,9
Q1094740,Clair Obscur,group,,France,,3
Q69870,Claire Waldoff,person,1903,Germany,"Bundesarchiv Bild 183-R07878, Claire Waldoff.jpg",14
Q52433533,Clairo,person,2012,United States,Clairo - Sabrina Carpenter at BST Hyde Park - 20250706 - 100 (cropped).jpg,31
Q23787695,Clams Casino,person,2008,United States,,13
Q1095015,Clan of Xymox,group,1981,Netherlands,2014-07-26 Clan of Xymox (Amphi festival 2014) 009.JPG,18
Q192609,Clannad,group,1970,Ireland,Clannad at Meteor Awards.jpg,64
Q447984,Clara Nunes,person,1960,Brazil,Clara Nunes no Zicartola (cropped).tif,18
Q299881,Clara Ward,person,1931,United States,,16
Q1095432,"Clarence ""Gatemouth"" Brown",person,1947,United States,"Clarence "" Gatemouth "" Brown.jpg",15
Q1095358,Clarence Ashley,person,1928,United States,ClarenceAshley.png,9
Q4700,Claude Debussy,person,1884,France,Claude Debussy by Atelier Nadar.jpg,131
Q365985,Claude François,person,1962,France,Claude Francois 1965-4.jpg,42
Q2977736,Claude Léveillée,person,1932,Canada,Claude Léveillée.jpg,6
Q2980493,Claudia Leitte,person,2000,Brazil,Claudia Leitte no The Voice Brasil 2012.jpg,34
Q380517,Claudio Merulo,person,1568,Republic of Venice,Claudius Merulus.jpg,28
Q53068,Claudio Monteverdi,person,1582,Republic of Venice,Bernardo Strozzi - Claudio Monteverdi (c.1630).jpg,87
Q16939861,Claudionor Germano,person,1932,Brazil,,1
Q833370,Clawfinger,group,1989,Sweden,HF2024Clawfinger 6.jpg,24
Q354490,Clifford Brown,person,1952,United States,Clifford Brown (трафарет).jpg,29
Q1101377,Clifton Chenier,person,1954,United States,Clifton Chenier 1977 32.jpg,17
Q320264,Clint Black,person,1983,United States,Clint black 1 (2) 2.jpg,16
Q17299778,Clipping,group,2009,United States,"Portrait photoshoot at Worldcon 75, Helsinki, before the Hugo Awards – clipping.jpg",9
Q744772,Clipse,group,1992,United States,Clipse3.jpg,21
Q1102092,Clock DVA,group,1978,England,Clockdvamoscow.jpg,9
Q2931699,Clouddead,group,1999,United States,,5
Q4036325,Club des Belugas,group,,Germany,Club des Belugas.jpg,5
Q9783121,Clube do Balanço,group,,Brazil,Marco Mattoli.jpg,2
Q705382,Cluster,group,1971,Germany,Dieter Moebius from German krautrock band Cluster performing at Fusion Festival 2010.jpg,14
Q578376,Clutch,group,1990,United States,Clutch - Reload Festival 2024 01.jpg,24
Q3676067,Coalesce,group,1994,United States,,7
Q524822,Cobra Starship,group,2003,United States,Cobra Starship Jul08.jpg,22
Q689234,Cock and Ball Torture,group,1997,Germany,,12
Q600311,Cock Sparrer,group,1972,United Kingdom,Cock sparrer live in london crop.jpg,20
Q973104,Cockney Rejects,group,1979,United Kingdom,Cockney Rejects (Ruhrpott Rodeo 2013) IMGP5741 smial wp.jpg,20
Q1105391,CocoRosie,group,2003,United States,CocoRosie-Casady sisters-cropped.jpg,26
Q588820,Cocteau Twins,group,1979,United Kingdom,"Cocteau Twins, The Moon and the Melodies 1986 (cropped) (cropped).jpg",39
Q1773603,Codeine,group,1989,United States,,9
Q18244464,Codé di Dona,person,1940,,1000cve-front-amo.jpg,3
Q1107195,Coil,group,1982,United Kingdom,Coil band Portraited.png,18
Q698224,Coldcut,group,1986,United Kingdom,Matt Black - Coldcut (Vienna 2006).jpg,12
Q45188,Coldplay,group,1999,United Kingdom,ColdplayWembley120925 (cropped).jpg,103
Q215120,Cole Porter,person,1891,United States,Coleporter.jpg,58
Q15101510,Cole Swindell,person,2013,United States,Cole Swindell (2021) B (cropped).jpg,8
Q5148311,Colonial Cousins,group,1992,India,Launch of Colonial Cousins’ album ‘Once More’ (cropped).jpg,2
Q1111834,Colosseum,group,1968,United Kingdom,Colosseum2010.jpg,20
Q883407,Colour Haze,group,1994,Germany,Colour Haze Group Photo.jpg,10
Q1111988,Colt Ford,person,2008,United States,Colt Ford Live @ Outlawz Ardmore Ok. 3 20 10.JPG,7
Q266782,Combichrist,group,2003,United States,Combichrist-05.jpg,16
Q2985104,Combustible Edison,group,1991,United States,,3
Q1113984,Comeback Kid,group,2001,Canada,Comeback Kid – Reload Festival 2016 04.jpg,14
Q1115087,Commander Cody and His Lost Planet Airmen,group,1967,United States,Commander Cody & His Lost Planet Airmen.jpg,4
Q5153131,Commix,group,2002,United Kingdom,,2
Q286022,Common,person,1991,United States,Common - 2018 (41963868844) (cropped).jpg,38
Q56281544,Common Kings,group,2011,United States,Common Kings Boston 2 (2022).jpg,1
Q5155511,Company B,group,1986,United States,,6
Q449083,Company Flow,group,1992,United States,,4
Q316102,Compay Segundo,person,1922,Cuba,Cropped image of Compay.jpg,40
Q123237633,Con-Dom,group,1983,,,1
Q270830,Concha Piquer,person,1906,Spain,Conchita Piquer 1927.jpg,21
Q2992469,Confetti's,group,1988,Belgium,,7
Q429952,Conflict,group,1981,United Kingdom,Conflict.jpg,15
Q2273277,Consolidated,group,1988,United States,Consolidated.jpg,3
Q60297254,Consumer Electronics,group,1982,United Kingdom,,0
Q281894,Converge,group,1990,United States,Converge f4304335.jpg,26
Q32836087,Conway The Machine,person,2012,United States,Conway the Machine November 2022.png,8
Q82250,Conway Twitty,person,1955,United States,Conway Twitty 1974.JPG,29
Q5167093,Cookie and the Cupcakes,group,,United States,Cookie and the Cupcakes.webp,4
Q922397,Coone,person,2002,Belgium,COONE PRESS 2026 1.jpg,12
Q16491523,Corazón Serrano,group,1993,Peru,Presentación de Corazón Serrano para XV CONECCOF.png,5
Q5171205,Cornelio Reyna,person,1963,Mexico,Los Relámpagos del Norte.jpg,3
Q687760,Coroner,group,1985,Switzerland,Coroner (cropped).jpg,20
Q1135391,Corrosion of Conformity,group,1982,United States,Hellfest2018CorrosionOfConformity 01.jpg,22
Q1135386,Corrupted,group,1994,Japan,,7
Q641531,Corvus Corax,group,1989,Germany,Corvus Corax German Band.jpeg,17
Q5173620,Cory Morrow,person,1997,United States,CoryMorrow2007.jpg,5
Q2998861,Coumba Gawlo,person,1986,Senegal,Coumba Gawlo Seck (cropped).jpg,11
Q132156971,Coumba Sidibé,person,1950,Mali,,0
Q107008,Count Basie,person,1924,United States,Count Basie in Rhythm and Blues Revue.jpg,55
Q667342,Count Five,group,1964,United States,Count Five.png,15
Q11691580,Count Lasher,person,1950,Jamaica,,3
Q1137045,Count Raven,group,1989,Sweden,Count Raven live @ Wacken 2005 I (cropped).jpg,8
Q1964456,Counterstrike,group,1998,,,5
Q869427,Country Joe and the Fish,group,1965,United States,Country Joe and the Fish.png,25
Q2603942,Coupé Cloué,person,1925,Haiti,,8
Q16390683,Courtney Barnett,person,2009,Australia,Courtney Barnett at Rough Trade.jpg,31
Q1138029,Coven,group,1969,United States,Coven Roadburn 2017.jpg,12
Q358619,Cow Cow Davenport,person,1894,United States,Charles Edward Davenport (1894–1955).png,9
Q5179561,Cowboy Troy,person,1999,United States,Cowboy Troy-blueshirt-whitehat.jpg,5
Q3520438,Cows,group,1987,United States,,8
Q487479,Cradle of Filth,group,1991,United Kingdom,Cradle Of Filth With Full Force 2018 21.jpg,47
Q154222,Craig David,person,1999,United Kingdom,Craig David (at The Queen's Birthday Party) (cropped) (1).jpg,49
Q1138865,Cranes,group,1986,United Kingdom,Cranes hd.JPG,14
Q46252,Crashdïet,group,2000,Sweden,Crashdiet at Peace and Love festival 2007.jpg,17
Q842336,Crass,group,1977,United Kingdom,Crass pete steve andy.png,34
Q950290,Crazyhead,group,1986,United Kingdom,Crazyhead (1995).jpg,2
Q203736,Cream,group,1966,United Kingdom,Cream Clapton Bruce Baker 1960s.jpg,52
Q308816,Creed,group,1994,United States,Creed (band) in 2002.jpg,43
Q192463,Creedence Clearwater Revival,group,1968,United States,Creedence Clearwater Revival 1968.jpg,62
Q679287,Crimson Glory,group,1982,United States,Crimson-Glory-2011-05-02-n01.jpg,13
Q463925,Cristina Branco,person,1997,Portugal,JSLP2022CristinaBranco 02.jpg,21
Q1140657,Cro-Mags,group,1981,United States,Cro-Mags - Reload Festival 2024 10.jpg,18
Q1140997,Crookers,group,2003,Italy,Crookers 2008.jpg,12
Q5188245,Cross Canadian Ragweed,group,1994,United States,CodyCanadaApr09.jpg,5
Q5188361,Cross Movement Records,group,1997,,,2
Q5188559,Crossed Out,group,1990,United States,,4
Q1141268,Crossfaith,group,2006,Japan,13-04-27 Groezrock Crossfaith Kenta Koie 03.jpg,19
Q528912,Crowbar,group,1989,United States,Crowbar Full Force 2019 04.jpg,17
Q1141894,Cruachan,group,1992,Ireland,Cruachanguitarists.jpg,18
Q108824597,Cruel Santino,person,2016,Nigeria,,2
Q1142256,Cryptic Slaughter,group,1984,United States,,9
Q745915,Cryptopsy,group,1988,Canada,Cryptopsy Party.San Metal Open Air 2017 20.jpg,22
Q249141,Crystal Waters,person,1989,United States,"Crystal Waters On Stage In Hampstead, QC Concert.JPG",23
Q5192236,Cubic 22,group,,Belgium,,1
Q638889,Cuby + Blizzards,group,1964,Netherlands,Cuby & the Blizzards.png,8
Q66551093,Cuco,person,2015,United States,CUCO at Tropicália Music & Taco Fest.png,6
Q19571978,Culoe De Song,person,2007,,,1
Q1143521,Cult of Luna,group,1999,Sweden,"Cult of Luna, Peace and Love 2009.jpg",19
Q594748,Culture Beat,group,1989,Germany,Culture Beat.jpg,21
Q50037,Culture Club,group,1981,United Kingdom,Culture Club 1983.jpg,37
Q135275392,Culture Musical Club,group,,Tanzania,,1
Q20851250,Curbi,person,1998,United Kingdom,,4
Q1144846,Curren$y,person,2002,United States,Currensy.jpg,15
Q739657,Current 93,group,1982,United Kingdom,Current 93 at All Tomorrow's Parties 17 May 2007.jpg,19
Q18967146,Current Value,group,1997,Germany,,5
Q310170,Curtis Mayfield,person,1956,United States,Curtis Mayfield.png,42
Q2658111,Cut Chemist,person,1993,United States,Cutchemist.jpg,12
Q1146597,Cutty Ranks,person,1980,Jamaica,Cutty Ranks 2025 no sunglasses.jpg,7
Q5197720,Cyber People,group,,,,1
Q939429,Cybotron,group,1980,United States,,10
Q370835,Cynic,group,1987,United States,Cynic live 2009-2.jpg,17
Q322196,Cypress Hill,group,1986,United States,Cypress Hill.jpg,44
Q5202535,César Concepción,person,1909,United States,,4
Q3010495,César Portillo de la Luz,person,2013,Cuba,,7
Q944365,D'banj,person,2004,Nigeria,D'banjawards.jpg,18
Q3011042,D. L. Menard,person,1932,United States,DLMenard.jpg,5
Q593139,D. Train,group,1980,United States,,9
Q701692,D.A.F.,group,1978,Germany,Deutsch Amerikanische Freundschaft.jpg,18
Q947198,D4L,group,2003,United States,,7
Q5207316,Da Tweekaz,group,2007,Norway,2016 Open Beatz - Da Tweekaz - by 2eight -DSC 4580.jpg,9
Q3513698,Dabrye,person,2001,United States,DabryeLive.jpg,3
Q272591,Daddy Yankee,person,1994,United States,Daddy Yankee - The Kingdom (Official Q & A).png,55
Q185828,Daft Punk,group,1993,France,Daft Punk in 2013.jpg,70
Q747112,Dag Nasty,group,1985,United States,,13
Q3011965,Dahmane El Harrachi,person,1956,France,Dahman.jpg,11
Q31837635,Dale Cooper Quartet & the Dictaphones,group,,France,,1
Q464185,Daler Mehndi,person,1995,India,Daler Mehndi.jpg,35
Q11855726,Dallapé,group,1925,Finland,Dallapeorkesteri2.jpg,4
Q1158232,Damas Gratis,group,2000,Argentina,Damas gratis 003.jpg,7
Q13081522,Damir Imamović,person,2004,,"Damir Imamović - WOMEX 15, 2015.10.24.JPG",6
Q16959408,Dan + Shay,group,2012,United States,Dan + Shay in 2017.jpg,15
Q5214189,Dan Penn,person,1960,United States,,9
Q1036131,Dan Snaith,person,2001,Canada,Daniel Victor Snaith 2005.jpg,15
Q5214626,Dan Zanes,person,1980,United States,Dan Zanes Thumb.png,4
Q3013333,Dance Gavin Dance,group,2005,United States,Dance Gavin Dance.jpg,16
Q57701496,Dance with the Dead,group,,United States,HF2023DanceWithTheDead 7.jpg,5
Q125676528,Daniel Bell,person,1840,,,2
Q433060,Daniel Johnston,person,1978,United States,Daniel Johnston and British Sea Power (6935765808) (cropped).jpg,30
Q1161999,Daniel O'Donnell,person,1980,Ireland,Danielodonnellindublin2.jpg,22
Q3014517,Daniel Owino Misiani,person,1965,Tanzania,,4
Q5218703,Daniel Savio,person,1999,Sweden,Daniel Savio live performance May 2012.jpg,1
Q465927,Daniela Mercury,person,1989,Portugal,"2024-08-21 EUA e Irlanda recebem Ex-presidente Mary Robinson, 07 (Daniela Mercury).jpg",31
Q15912617,Dannic,person,2009,Kingdom of the Netherlands,Dannic Bus Party March 2013 (2) (cropped).jpg,10
Q2337999,Danny Brown,person,2003,United States,"Danny Brown at Project Pabst, May 2017.jpg",22
Q19873918,Danny L Harle,person,2010,United Kingdom,"Danny L. Harle, 2026 (cropped).jpg",5
Q1164771,Danny Tenaglia,person,1961,United States,Danny Tenaglia cropped.jpg,9
Q3015811,Danyèl Waro,person,1955,France,Danyel waro 1.JPG,4
Q49277,Daphne Oram,person,1925,United Kingdom,Daphne Oram silhouette 2.svg,20
Q5222024,Darach Ó Catháin,person,1922,Ireland,,2
Q104919331,Dareyes de la Sierra,group,,Mexico,,0
Q186264,Darius Milhaud,person,1909,France,Darius Milhaud b Meurisse 1923.jpg,45
Q157026,Dark Tranquillity,group,1989,Sweden,Dark Tranquillity – Hamburg Metal Dayz 2014 01.jpg,47
Q60675279,Darkiel,person,2014,United States,,3
Q748646,Darkspace,group,1999,Switzerland,Darkspace @ Hellfest 2012.jpg,9
Q160119,Darkthrone,group,1986,Norway,Darkthrone crop.png,45
Q1166670,Darren Styles,person,1993,United Kingdom,,10
Q360591,Darude,group,1997,Finland,Darude photo in 2015.jpg,43
Q697508,Das Ich,group,1989,Germany,2013 WGT 11 Das Ich.jpg,16
Q976991,Dashboard Confessional,group,1999,United States,DashboardConfessional 2006 cropped.JPG,18
Q1998551,Datsik,person,2008,Canada,Ephwurd (cropped).jpg,13
Q3017011,Daughters,group,2001,United States,Hellfest2019Daughters 01.jpg,11
Q838410,Dave and Ansell Collins,group,1971,,,5
Q920288,Dave Bartholomew,person,1936,United States,Dave Bartholemew.jpg,22
Q108597,Dave Brubeck,person,1940,United States,Dave Brubeck (1964).jpg,59
Q1173180,Dave Douglas,person,1984,United States,Dave Douglas (trumpet).jpg,15
Q1173181,Dave Dudley,person,1956,United States,Dave Dudley.png,9
Q1173262,Dave Koz,person,1987,United States,Dave Koz in Concert (42490844815).jpg,14
Q832086,Dave Matthews Band,group,1991,United States,Dave Matthews Band - Band Shot Melbourne 2005.jpg,30
Q1205935,Dave Rodgers,person,1981,Italy,Dave Rodgers.jpg,17
Q5229964,Dave Tarras,person,1895,United States,,5
Q711892,David Allan Coe,person,1967,United States,David Allan Coe concert poster (cropped).jpg,21
Q708506,David Banner,person,1994,United States,David Banner at FOB Brassfield-Mora 2009-01-26 3.jpg,25
Q5383,David Bowie,person,1964,United Kingdom,David-Bowie Chicago 2002-08-08 photoby Adam-Bielawski-cropped.jpg,136
Q560635,David Del Tredici,person,1959,United States,,18
Q1174604,David Grisman,person,1960,United States,David-Grisman.jpg,17
Q8298,David Guetta,person,1984,France,"2023-11-16 Gala de los Latin Grammy, 22 (David Guetta).jpg",90
Q3018260,David Lang,person,1985,United States,David Lang at le poisson rouge (cropped).jpg,14
Q1176403,David Rudder,person,1977,Trinidad and Tobago,,4
Q178112,David Sanborn,person,1959,United States,David Sanborn 2015 brighter.jpg,30
Q5240437,David Tipper,person,1997,United Kingdom,Tipper 2010.jpg,3
Q16234484,Davido,person,2011,United States,Davido 2024 (cropped).jpg,29
Q27077641,Daze,person,1962,United States,,0
Q5204449,DBridge,person,1994,United Kingdom,,2
Q292960,DC Talk,group,1987,United States,Dctalk-group-picture.jpg,15
Q1404441,DDC Mlimani Park Orchestra,group,1978,Tanzania,,5
Q949424,DDT,group,1980,Soviet Union,DDT Caesarea 2012.JPG,34
Q1179823,De Dannan,group,1974,Ireland,De Dannan (4353948644).jpg,12
Q328437,De la Ghetto,person,2004,United States,"De la Ghetto, interview with Tony Dandrades (2020).png",8
Q685595,De La Soul,group,1987,United States,De La Soul by foto di matti.jpg,27
Q324400,Dead Can Dance,group,1981,Australia,Dead Can Dance 2005.jpg,44
Q668808,Dead Infection,group,1990,Poland,,9
Q208211,Dead Kennedys,group,1978,United States,2019 Dead Kennedys - by 2eight - ZSC5161.jpg,45
Q839904,Dead Meadow,group,1998,United States,DeadMeadow.jpg,5
Q368961,Dead or Alive,group,1980,United Kingdom,Nightmares In wax 1980.jpg,27
Q1180841,dead prez,group,1996,United States,NLN M1 Dead Prez.jpg,14
Q49009,Deadmau5,person,1998,Canada,Deadmau5 live unmasked (cropped).jpg,45
Q5245804,Deafheaven,group,2010,United States,Deafheaven @ A Colossal Weekend 2017 42.jpg,22
Q5246133,Dean Elliott,person,1950,United States,,6
Q215359,Dean Martin,person,1932,United States,Dean Martin - publicity.JPG,82
Q773953,Death from Above 1979,group,2002,Canada,Death from Above 1979 Paredes de Coura.jpg,17
Q3020722,Death Grips,group,2010,United States,Death grips 2014.jpg,33
Q1181285,Death in June,group,1981,United Kingdom,Death In June (15322996113).jpg,24
Q903033,Deathspell Omega,group,1998,France,,16
Q3020812,Debbie Deb,person,1984,United States,Deb-deb.jpg,7
Q233817,Debbie Gibson,person,1986,United States,Debbie Gibson - LATFOB 2026-03.jpg,31
Q56248912,Deche-Charge,group,1990,Canada,,0
Q5249375,Declan Nerney,person,1959,Ireland,,2
Q669042,Deeds of Flesh,group,1993,United States,,10
Q5250040,Deenanath Mangeshkar,person,1900,British Raj,Dinanath Mangeshkar.jpg,13
Q101505,Deep Purple,group,1968,United Kingdom,Deep Purple in 2004.jpg,88
Q5250362,Deep Wound,group,1982,United States,Deepwound2004.jpg,9
Q3438097,Deepchord,group,2000,United States,,3
Q182890,Def Leppard,group,1977,United Kingdom,DefLeppard1.JPG,59
Q4356183,"Defiance, Ohio",group,2002,United States,Defianceohio-reggies-5-2-09.JPG,4
Q485039,Deftones,group,1988,United States,Deftones - Pukkelpop 2009-003.jpg,61
Q506314,Deicide,group,1987,United States,Deicide Party.San Metal Open Air 2019 01.jpg,35
Q5252624,Deize Tigrona,person,2002,Brazil,,4
Q5252933,Del McCoury,person,1958,United States,HSB 2005 - Del McCoury.jpg,9
Q178792,Delain,group,2002,Netherlands,Delain - Wacken Open Air 2023 18.jpg,35
Q112538672,Dele Abiodun,person,,,,0
Q903496,Delerium,group,1987,Canada,20160305-Frontline-Assembly-E-tropolis-Oberhausen-5662.jpg,17
Q29544,Delia Derbyshire,person,1959,United Kingdom,,27
Q1184300,Delirious?,group,1992,United Kingdom,Martin Smith.jpg,18
Q5254556,Delta 5,group,1979,United Kingdom,,5
Q3021911,Delta 9,person,1994,United States,,3
Q70278516,Dem 2,group,1994,Thurrock,,1
Q603402,Dem Franchize Boyz,group,2004,United States,,8
Q494215,Demented Are Go,group,1982,United Kingdom,Dementedarego 1.jpg,10
Q1186459,Demon Hunter,group,2000,United States,Demon Hunter Band Lineup Collage.jpg,16
Q1186767,Den Harrow,person,1983,Italy,DEN HARROW (8389639284).jpg,19
Q111594339,Dengue Dengue Dengue!,group,2010,Peru,MX DD DENGUE DENGUE DENGUE - 51960980158.jpg,5
Q1187661,Denis Smalley,person,1946,New Zealand,,5
Q5257702,Denise LaSalle,person,1967,United States,Denise-LaSalle-2009-Monterey.jpg,12
Q1188945,Dennis Alcapone,person,1969,Jamaica,DennisAlcapone3.JPG,9
Q3017545,Dennis Bovell,person,1968,Barbados,DennisBovell1978.jpg,12
Q711294,Dennis Brown,person,1968,Jamaica,Dennis Brown.jpg,21
Q482964,Depeche Mode,group,1980,United Kingdom,Depeche mode in portland Nov 2023.jpg,81
Q668236,Der Blutharsch,group,1996,Austria,,6
Q1196229,der Plan,group,1979,Germany,Der Plan.jpg,3
Q563517,Derek Bailey,person,1930,United Kingdom,Bailey1.jpg,18
Q904214,Dernière Volonté,group,1995,France,,9
Q923104,Derrick May,person,1986,United States,Derrick May.jpg,16
Q1936730,Derrick Morgan,person,1957,Jamaica,,10
Q301142,Descendents,group,1978,United States,"Descendents - Fillmore Auditorium, Denver - April 2022.jpg",23
Q333598,Desmond Dekker,person,1963,Jamaica,Desmond Dekker in 2005.jpg,33
Q235949,Despina Vandi,person,1993,Greece,Despina Vandi 2022 (facecrop).jpg,31
Q29636387,Despise You,group,1994,,,2
Q1198118,Despised Icon,group,2002,Canada,Despised icon.jpg,21
Q4949471,Destra Garcia,person,1998,Trinidad and Tobago,Destra Garcia on Stage.jpg,5
Q113510276,Destroy Lonely,person,2015,United States,"Destroy Lonely, Clout Festival 2024 06 (cropped).jpg",21
Q11856039,Detty Kurnia,person,1960,Indonesia,,3
Q1146899,Deutsch Nepal,person,1991,Sweden,Deutsch Nepal Nocturnal Culture Night 10 2015 01.jpg,7
Q223443,Devendra Banhart,person,2002,Venezuela,DEVENDRA BANHART DUKOFF.JPG,29
Q1206752,Deviated Instinct,group,1984,United Kingdom,Deviated Instinct 1.jpg,6
Q1133406,DevilDriver,group,2002,United States,DevilDriver Paard van Troje 3.JPG,26
Q1206920,Devin the Dude,person,1992,United States,"Devin the Dude in Pearland, TX July 2010 001.jpg",13
Q908848,Devo,group,1972,United States,Devo 2025.jpg,28
Q1156998,Devourment,group,1995,United States,"Devourment in SPb, 2016 (2).jpg",21
Q118116,Dexter Gordon,person,1940,United States,Dexter Gordon2.jpg,45
Q1208011,Diablo Swing Orchestra,group,2003,Sweden,Diablo Swing Orchestra at Global East Rock Festival 2010 (1).jpg,15
Q552377,Diamond Head,group,1976,United Kingdom,Hellfest2019DiamondHead 05.jpg,25
Q15429574,Diamond Platnumz,person,2009,Tanzania,Diamond Platnumz.jpg,14
Q541940,Diane Cluck,person,2000,United States,21214diane04.jpg,7
Q3026211,Diane Dufresne,person,1969,Canada,Sinequanone K.jpg,10
Q703936,Diary of Dreams,group,1989,Germany,Diary of Dreams.jpg,15
Q4161091,Diblo Dibala,person,1979,Democratic Republic of the Congo,,9
Q2675743,Dick Curless,person,1959,United States,Dick Curless - 125th BROOKLYN FAIR - 27-28-29 August 1976.jpg,4
Q346785,Dick Dale,person,1959,United States,Dick Dale.jpg,40
Q1209703,Dick Hyman,person,1927,United States,HymanDick2005.jpg,20
Q4885471,Dickie Goodman,person,1956,United States,,2
Q5661029,Didi Kempot,person,1984,Indonesia,Didi Kempot.jpg,11
Q1213111,Die Goldenen Zitronen,group,1984,Germany,Die Goldenen Zitronen (Haldern Pop 2013) IMGP3643 smial wp.jpg,3
Q318322,Die Krupps,group,1980,Germany,20170722 Köln Amphi Die Krupps 0209 Die Krupps.jpg,26
Q11889,Die Sterne,group,1987,Germany,Die sterne.jpg,3
Q3027518,Dieselboy,person,1991,United States,DieselboyStarscape2010.jpg,6
Q153637,Dietrich Buxtehude,person,1680,Germany,Dieterich Buxtehude.png,63
Q3027728,Digable Planets,group,1992,United States,171 Digable Planets (5251694375).jpg,8
Q104772838,Digga D,person,2015,United Kingdom,,6
Q1853792,Digital Mystikz,group,,United Kingdom,,6
Q5276830,Diljit Dosanjh,person,2004,United States,Diljit Dosanjh grace the media meet of Phillauri 4 (cropped).jpg,25
Q1225575,Dillinger,person,1953,Jamaica,,7
Q5276931,Dillon Francis,person,2010,United States,Dillon Francis at Spring Awakening 2014.jpg,21
Q1225627,Dilon Djindji,person,1927,Mozambique,,2
Q5277249,Dimension Costeña,group,,Nicaragua,,2
Q5807252,Dimitri Vegas & Like Mike,group,2007,Belgium,Dimitri Vegas & Like Mike in TomorrowWorld 2013.jpg,30
Q159933,Dimitrie Cantemir,person,1674,Principality of Moldavia,Dimitrie Cantemir - Foto01.jpg,49
Q58207,Dimmu Borgir,group,1993,Norway,DimmuBorgirTuska2005.jpg,60
Q8559966,Dina Páucar,person,1969,Peru,Dina Paucar Reinicia el Culturaymi de los Para Panamericanos - 48587235102.jpg,5
Q229322,Dinah Washington,person,1941,United States,Dinah Washington 1952.jpg,43
Q622944,Dinosaur Jr.,group,1984,United States,Dinosaur Jr. at WTAI in Stockholm.jpg,35
Q478750,Dio,group,1982,United States,Dio (2005).jpg,41
Q5256493,Diomedes Díaz,person,1977,Colombia,Diomedesdiaz2.png,17
Q1226925,Dion and the Belmonts,group,1957,United States,Dion and The Belmonts 1960.jpg,14
Q234695,Dionne Warwick,person,1959,United States,Dionne Warwick 2021.jpg,53
Q729101,Dionysis Savvopoulos,person,1964,Greece,"Dionysis Savvopoulos at Alsos, Jan 2020 n1 (cropped).jpg",13
Q379852,Dir En Grey,group,1997,Japan,DEG Zenith.jpg,34
Q136696568,Dirt,group,,,,1
Q500350,Dirty Rotten Imbeciles,group,1982,United States,D.R.I. (Dirty Rotten Imbeciles) @ Binuu (44028456492).jpg,18
Q1228418,Discharge,group,1977,United Kingdom,"Discharge, Rockeklubben i Porsgrunn 2024 (53717139675).jpg",23
Q2321577,Disclose,group,1990,Japan,,7
Q5281517,Disco Biscuits,group,1999,United States,The Disco Biscuits Red Rocks Amphitheatre 5-30-2010 Photo Mike Hardaker.jpg,3
Q1228447,Disco D,person,1995,United States,"Disco D at Burning Man Decompression, 2002.jpg",7
Q976851,Disembowelment,group,1989,Australia,,8
Q138818,Disgorge,group,1992,United States,,12
Q1145479,Dissection,group,1989,Sweden,Dissection live1 (cropped).jpg,27
Q48008057,Distruction Boyz,group,,,Distruction Boyz (2018).png,5
Q131366,Disturbed,group,1994,United States,2016 RiP Disturbed - by 2eight - DSC7890.jpg,54
Q357786,Divine,person,1966,United States,Pink Flamingos - Divine.jpg,43
Q42308794,Dizaster,person,1984,United States,,2
Q366506,Dizzee Rascal,person,2000,United Kingdom,13-06-09 RaR Dizzee Rascal 10 (cropped).jpg,29
Q49575,Dizzy Gillespie,person,1935,United States,Dizzy Gillespie playing horn 1955.jpg,66
Q935241,DJ Arafat,person,1986,Ivory Coast,Arafat Dj en prestation 4 (cropped).jpg,15
Q323171,DJ Assault,person,1977,United States,DJ Assault.jpg,5
Q5205253,DJ Baby Anne,person,1992,United States,,1
Q16241410,DJ Class,person,1991,United States,DJ Class.jpg,1
Q1154047,DJ Craze,person,1995,United States,DJ Craze.jpg,2
Q3011279,DJ Deeon,person,1966,United States,"DJ Deeon, 2009 (cropped).jpg",3
Q5205305,DJ EZ,person,,United Kingdom,"DJ EZ, 2012.jpg",1
Q543981,DJ Falcon,person,1999,France,DJ falcon headshot.jpg,11
Q941738,DJ Fresh,person,1996,United Kingdom,DJ Fresh.jpg,24
Q5205330,DJ Godfather,person,,United States,DJ Godfather.jpg,0
Q1154114,DJ Hype,person,1982,United Kingdom,"DJ Hype, Matrix, and Futurebound at Egg.jpg",10
Q5205343,DJ Icey,person,,United States,Dj icey-wiki.jpg,1
Q1154136,DJ Jazzy Jeff & the Fresh Prince,group,1985,United States,Thejazzyjeff.jpg,18
Q16730475,DJ Jubilee,person,1991,United States,,2
Q458787,DJ Kool Herc,person,1973,United States,Kool Herc.jpg,30
Q468162,DJ Korsakoff,person,2001,Kingdom of the Netherlands,Airbeat One 2015 Korsakoff Lindsay van der Eng by Denis Apel-1862.jpg,8
Q1154159,DJ Krush,person,1985,Japan,DJ Krush.jpg,14
Q96375829,DJ Lag,person,2012,South Africa,,1
Q5205368,DJ Luck & MC Neat,group,1999,United Kingdom,,2
Q1154172,DJ Magic Mike,person,1986,United States,,2
Q61415,DJ Manian,person,2007,Germany,,16
Q25706797,DJ Maphorisa,person,2008,South Africa,,8
Q321256,DJ Marky,person,1992,Brazil,Dj marky at lov.e club.jpg,6
Q587694,DJ Marlboro,person,1963,Brazil,Dj marlboro bsb.jpg,6
Q1154202,DJ Mehdi,person,1995,France,DJ Mehdi.jpg,15
Q136799193,DJ Moortje,person,1963,,,1
Q5205387,DJ Mujava,person,,South Africa,,2
Q650008,DJ Outblast,person,2000,Kingdom of the Netherlands,20101003-0223 Syndicate 2010 Korsakoff vs Outblast.jpg,4
Q1154211,DJ Patife,person,1977,Brazil,Djpatife df.jpg,5
Q1154222,DJ Pierre,person,1987,United States,Dj-pierre-cropped.jpg,5
Q5205411,DJ Q,person,2001,United Kingdom,DJ Q on PLAYvirtuoso.jpg,1
Q1154246,DJ Quik,person,1987,United States,Dj-quik-2015.jpg,17
Q16724355,DJ Rashad,person,1998,United States,DJ Rashad 2013.jpg,9
Q705037,DJ Rush,person,1991,United States,DJ Rush.jpg,8
Q360377,DJ Sammy,person,1984,Spain,Dj sammy.jpg,19
Q743478,DJ Screw,person,1983,United States,,9
Q59241691,DJ Seinfeld,person,1991,Sweden,,3
Q217716,DJ Shadow,person,1989,United States,DJ Shadow tim festival.jpg,35
Q1154264,DJ Sharpnel,group,2000,Japan,,7
Q140247474,DJ Smokey,person,1992,,,1
Q97096739,DJ Spanish Fly,person,,United States,DJ Spanish Fly in 2025.png,2
Q1154271,DJ Spinna,person,1994,United States,DJ Spinna 2014.jpg,4
Q28039416,DJ Spoko,person,,South Africa,,1
Q707084,DJ Spooky,person,1996,United States,Spooky.jpg,8
Q98597125,DJ Tameil,person,,,,1
Q147062,DJ Zany,person,1998,Kingdom of the Netherlands,Zany-1424767269.png,10
Q324346,DJ Zinc,person,1991,United Kingdom,,6
Q19734,DJ Ötzi,person,1999,Austria,DJÖtzi Das Beste der Feste1.jpg,23
Q44122,Django Reinhardt,person,1928,France,DjangoReinhardt-1939-Harcourt.png,65
Q939829,Djavan,person,1972,Brazil,Djavan San Javier Jazz 2023 26 (cropped).jpg,15
Q22004081,DLow,person,2014,United States,,2
Q80135,Dmitri Shostakovich,person,1919,Soviet Union,Dmitri Shostakovich credit Deutsche Fotothek adjusted.jpg,106
Q223769,DMX,person,1985,United States,DMX.rapper (cropped).jpg,58
Q316505,Dmytro Bortnianskyi,person,1751,Russian Empire,Бортнянский (1788).jpg,41
Q2277734,Dntel,person,1989,United States,Dntel.jpg,6
Q485961,Dobie Gray,person,1940,United States,"Dobie Gray, Bestanddeelnr 927-0102.jpg",15
Q16207033,Doc Scott,person,1969,United Kingdom,,4
Q465636,Doc Watson,person,1953,United States,Doc Watson Sugar Grove.jpg,26
Q1233734,Dock Boggs,person,1927,United States,Dock Boggs (8550790067).jpg,5
Q21061,Doctor P,person,2008,United Kingdom,,6
Q61061591,Dodecahedron,group,2006,Netherlands,,1
Q1234527,Doe Maar,group,1978,Netherlands,"Doe Maar in Donkey Shot, Heemskerk 1982 - 26.jpg",10
Q4262877,Doel Sumbang,person,1981,Indonesia,,5
Q180453,Dolly Parton,person,1959,United States,Young-Dolly-Parton.jpg,122
Q3034280,Dolores Duran,person,1946,Brazil,Dolores Duran (cropped).tif,12
Q4037498,Dom & Roland,person,1996,United Kingdom,,2
Q167837,Domenico Scarlatti,person,1685,Kingdom of Naples,Retrato de Domenico Scarlatti.jpg,69
Q1960658,Domingos Caldas Barbosa,person,1740,Kingdom of Portugal,O Beneficiado. Domingos Caldas Barboza (Lereno Selinuntino). Fallecido em 1800.jpg,6
Q5290443,Dominguinhos,person,1941,Brazil,Dominguinhos de Morais.jpg,11
Q287486,Dominick Fernow,person,1998,United States,Prurient live in Moscow in 2018.jpg,5
Q2463731,Don Caballero,group,1991,United States,Don Caballero-1.jpg,11
Q456180,Don Cherry,person,1956,United States,DonCherry.jpg,30
Q2464558,Don Diablo,person,1997,Kingdom of the Netherlands,Don Diablo 2022-1 (cropped).jpg,26
Q1239171,Don Gibson,person,1948,United States,Don Gibson.png,15
Q310539,Don Omar,person,1996,United States,Don Omar - The Kingdom (Official Q & A).png,34
Q16337363,Dona Onete,person,1939,Brazil,Brasiladentro donaonete.jpg,7
Q5293828,Donae'o,person,1999,United Kingdom,,3
Q362764,Donald Byrd,person,1932,United States,Donald Byrd (Donaldson Toussaint L'Ouverture Byrd II).jpg,32
Q1240056,Donald Lambert,person,1904,United States,,8
Q908933,Donna Summer,person,1968,United States,Donna Summer C26796-19 (cropped).jpg,78
Q5296675,Donnie McClurkin,person,1975,United States,Donnie McClurkin (16280371905).png,4
Q507864,Donny Hathaway,person,1967,United States,,26
Q317427,Donovan,person,1965,United Kingdom,Donovan Washington 2007.jpg,43
Q2299682,Doof,person,1993,United Kingdom,,5
Q1242531,Doomsword,group,1997,Italy,,8
Q5297785,Dorian Electra,person,2009,United States,Dorian Electra on Thrift Haul.png,17
Q104372,Doris Day,person,1939,United States,Doris Day 1958 crop.jpg,103
Q60740260,Double 99,group,1995,United Kingdom,,1
Q269645,Doug E. Fresh,person,1984,United States,Doug E. Fresh at the 5th Annual Hip-Hop Summit Action Network's Action Awards.jpg,12
Q1251780,Doug Kershaw,person,1948,United States,Dougkershaw.jpg,13
Q5300654,Doug Lazy,person,,United States,,1
Q327886,Doug Sahm,person,1952,United States,Doug Sahm Warner Brothers Portrait cropped.jpg,12
Q125216072,Dougie B,person,2001,United States,,0
Q1252624,Douk Saga,person,1974,Ivory Coast,,4
Q126128,Doves,group,1998,United Kingdom,Doves 2009.jpg,22
Q313366,Dr. Alban,person,1980,Nigeria,Doctor Alban msk-2.jpg,42
Q6078,Dr. Dre,person,1984,United States,Dr. Dre in 2011.jpg,94
Q1253897,Dr. Feelgood,group,1971,United Kingdom,"2009-03-26 Dr Feelgood, Spirit of 66, Verviers, Belgium IMG 7730.jpg",17
Q511074,Dr. John,person,1950,United States,"20060714 Dr. John in Vienne, France (cropped).jpg",32
Q22210692,Dr. Peacock,person,2002,Kingdom of the Netherlands,Dr peacock-1532354920.png,7
Q291970,Dragana Mirković,person,1984,Socialist Federal Republic of Yugoslavia,Dragana Mirković (2015).jpg,25
Q212715,DragonForce,group,1999,United Kingdom,Dragonforce - Elbriot 2019 07.jpg,46
Q33240,Drake,person,2001,United States,Drake July 2016.jpg,89
Q162586,Dream Theater,group,1985,United States,Dream theater live in Parigi 2005.jpg,66
Q1195268,Dreams Come True,group,1988,Japan,,16
Q1258824,Drexciya,group,1992,United States,,8
Q1089650,Drive Like Jehu,group,1990,United States,Drive Like Jehu 2014-08-31.JPG,12
Q607725,Drive-By Truckers,group,1996,United States,DBT Live.JPG,11
Q3039557,Droids,group,,,,2
Q938630,Dropkick Murphys,group,1996,United States,"Dropkick Murphys, Leeds Festival 2005 (2).jpg",34
Q1261136,Drudkh,group,2003,Ukraine,Drudkh logo.jpg,19
Q5309380,Drupatee Ramgoonai,person,1945,Trinidad and Tobago,,1
Q106861,Dschinghis Khan,group,1979,Germany,Dk Moskau live42.jpg,39
Q21914464,Dua Lipa,person,2014,United Kingdom,Dua Lipa-69798 (cropped).jpg,113
Q455818,Duane Eddy,person,1954,United States,Duane Eddy 1960.JPG,29
Q4037666,Ducks Deluxe,group,1972,United Kingdom,,4
Q15044595,Ducktails,group,2006,United States,Ducktails (4739365271) (2).jpg,2
Q4030,Duke Ellington,person,1922,United States,Duke Ellington - publicity.JPG,88
Q58381,Duran Duran,group,1978,United Kingdom,Duran Duran 1983.jpg,92
Q4037708,Duster,group,1996,United States,Duster 2023 NYC.jpg,11
Q770687,Dustin O'Halloran,person,1994,United States,Dustin PR - Photos - Portrait - 2014 2.jpg,16
Q219782,Dusty Springfield,person,1958,United Kingdom,Dusty Springfield.png,49
Q115750132,Dvrst,person,2018,Russia,Dvrst в 2022 году.jpg,1
Q713099,Dwight Yoakam,person,1984,United States,DwightYoakam-01.jpg,31
Q549768,Dying Fetus,group,1991,United States,Dyingfetus tuska2008.jpg,22
Q726649,Dynamix II,group,1986,United States,,2
Q55006974,Dynoro,person,2013,Lithuania,Dynoro live @ Airbeat One 2019.jpg,13
Q5320134,Dâm-Funk,person,1988,United States,DâM-FunK at the Pitchfork Music Festival 2010 (4809952574).jpg,4
Q1269638,Dälek,group,1998,United States,Dälek @ Leoncavallo.jpg,11
Q933598,D’Angelo,person,1991,United States,D'Angelo Pori Jazz 2012 (cropped).jpg,32
Q162634,E-40,person,1986,United States,E-40.jpg,26
Q1811495,E. T. Mensah,person,1919,Ghana,,8
Q189635,Eagles,group,1971,United States,"The Eagles in performance, 2008.jpg",80
Q1276886,Eagles of Death Metal,group,1998,United States,Eaglesofdeathmetal.jpg,31
Q931607,Earl King,person,1953,United States,EarlKingatJazzFest1997.jpg,16
Q1277459,Earle Brown,person,1926,United States,David Arden (left) with Earle Brown in recording session in 1995.jpg,15
Q1277592,Earth and Fire,group,1968,Netherlands,Earth & Fire.png,15
Q636135,Earth Crisis,group,1989,United States,"Earth Crisis at the Emerson Theater in Indianapolis, IN (with Jihad and Birthright in November 1996) - 17 (5767599624).jpg",18
Q28974,"Earth, Wind & Fire",group,1970,United States,Earth Wind and Fire.jpg,48
Q1031338,Earthless,group,2001,United States,Earthless.jpg,8
Q704041,Eason Chan,person,1995,British Hong Kong,陈奕迅 Eason Chan.jpg,19
Q120881151,Eat Skull,group,,,,1
Q2362276,Eat Static,group,1989,England,,7
Q982857,Ebenezer Obey,person,1950,Nigeria,Ebenezer Obey.jpg,12
Q1279891,Ebi,person,1967,Iran,Ebi Live In Montreal 03.jpg,21
Q14903387,Ebo Taylor,person,1936,Ghana,Ebo Taylor KULT 03.JPG,8
Q1279965,Eboa Lotin,person,1942,Cameroon,,5
Q1274028,EC8OR,group,1995,Germany,,3
Q925641,Echo & the Bunnymen,group,1978,United Kingdom,Bunnymen 2005-08-06.jpg,40
Q5335090,Ed Lincoln,person,1951,Brazil,"Ed Lincoln, sem data.tif",7
Q1282674,Eddie and the Hot Rods,group,1975,United Kingdom,20090425 17 Eddie and the Hot Rods at Blank Club.jpg,7
Q446398,Eddie Blazonczyk,person,1941,United States,,5
Q350472,Eddie Cantor,person,1907,United States,Eddie Cantor 1945.JPG,41
Q5969,Eddie Cochran,person,1952,United States,"Eddie Cochran Publicity Photo, 1958.jpg",40
Q327703,Eddie Fowlkes,person,1962,United States,,6
Q326436,Eddie Jefferson,person,1918,United States,Eddie Jefferson.jpg,13
Q1282901,Eddie Meduza,person,1973,Sweden,,20
Q1282931,Eddie Palmieri,person,1955,United States,Eddie Palmieri mit Bassist Luques Curtis (cropped) (2).jpg,19
Q1282956,Eddie Rabbitt,person,1964,United States,Eddie Rabbitt & Crystal Gayle 1981-11-13 ticket.jpg,17
Q5336444,Eddie Richards,person,,United Kingdom,Eddie Richards (Orlando 2007).jpg,1
Q977845,Eddie Santiago,person,1984,United States,Eddie Santiago.jpg,7
Q721943,Eddy Arnold,person,1918,United States,Eddie Arnold 1969.JPG,22
Q1283083,Eddy Herrera,person,1984,Dominican Republic,Eddy Herrera1.jpg,6
Q57247,Edgard Varèse,person,1883,France,Edgar Varèse - John French Sloan.jpg,44
Q10270314,Edison Machado,person,1949,Brazil,,3
Q80399,Edita Piekha,person,1955,France,PiekhaE.jpg,31
Q273797,Edith Lefel,person,1963,France,,9
Q570393,Editors,group,2002,United Kingdom,Deichbrand2018-Editors-66.JPG,30
Q5819161,Eduardo Davidson,person,1910,Cuba,,3
Q1073943,Eduardo Falú,person,1945,Argentina,Eduardo falu en canal13.jpg,15
Q704112,Eduardo Mateo,person,1960,Uruguay,Eduardo Mateo disco Mateo solo bien se Lame 1972 Argentina.jpg,10
Q16939983,Eduardo Paím,person,1964,Angola,,3
Q80621,Edvard Grieg,person,1843,Norway,(Edvard Grieg portrait) (3470673354).jpg,111
Q179631,Edward Elgar,person,1857,United Kingdom,Edward Elgar 1857 - 1934.jpg,75
Q555623,Edward Sharpe and the Magnetic Zeros,group,2005,United States,Edward Sharpe and the Magnetic Zeros.jpg,19
Q322210,Edwin Franko Goldman,person,1878,United States,Goldman LCCN2014717439 (cropped).jpg,10
Q708136,Edwin Starr,person,1942,United States,,22
Q11856784,Eero Rannio,person,1979,Finland,,1
Q705532,Egyptian Lover,person,1977,United States,Egyptian Lover.jpg,11
Q3049280,Ehab Tawfik,person,1989,Egypt,EhabTawfikStadeRadesTunisia.jpg,13
Q60744025,Eidola,group,2011,United States,,2
Q240403,Eiffel 65,group,1997,Italy,Bloom06 Ostia.jpg,36
Q1307916,Einherjer,group,1993,Norway,Einherjer ToR 2024.jpg,18
Q5405984,Eino Grön,person,1957,Finland,Eino Grön Vihreät Niityt musiikkitapahtumassa 2004.JPG,7
Q11898,Einstürzende Neubauten,group,1980,Germany,EN 2000-05-19 Karlsruhe 1.jpg,29
Q704541,Eisbrecher,group,2003,Germany,Eisbrecher Rockharz 2018 25.jpg,22
Q5350535,Ekolu Mea Nui,group,,,,1
Q58257004,El Alfa,person,2008,Dominican Republic,"El Alfa, 2023 - interview with Tony Dandrades.jpeg",9
Q5351010,El Chicano,group,1969,United States,,3
Q351019,El General,person,1990,Panama,,12
Q913059,El Gran Combo de Puerto Rico,group,1962,United States,El Gran Combo de Puerto Rico.jpg,9
Q3049909,El Hachemi Guerouabi,person,1938,France,Guerouabi.png,5
Q5822268,El Kinto,group,1967,Uruguay,,1
Q30905544,El Komander,person,1983,Mexico,El Komander cantando.jpg,3
Q3050188,El Pescaílla,person,1925,Spain,,10
Q140457467,El Remolon,person,,,,0
Q3050287,El Tri,group,1983,Mexico,Alex Lora.jpg,6
Q5352290,El Trono de Mexico,group,2005,Mexico,Trono De Mexico en Acceso Total.jpg,2
Q1060797,Elastica,group,1992,United Kingdom,,21
Q465351,Elba Ramalho,person,1968,Brazil,Elba 2012 (5).jpg,14
Q665798,Elbow,group,1997,United Kingdom,Elbow.jpg,21
Q218255,Electric Light Orchestra,group,1970,United Kingdom,Elo 27041978 04 800.jpg,45
Q1325974,Electric Wizard,group,1993,United Kingdom,Electric Wizard at Nalen -4.jpg,21
Q5195487,Elena Burke,person,1940,Cuba,,11
Q1327978,Elend,group,1993,France,,10
Q10271783,Elevation Worship,group,2007,United States,Elevation Worship.jpg,7
Q112269673,Elias Dia Kimuezo,person,1936,Angola,,0
Q3051024,Elio Revé,person,1930,Cuba,,1
Q465877,Elis Regina,person,1961,Brazil,Elis Regina 1965.jpg,41
Q454320,Elizabeth Cotten,person,1893,United States,Elizabeth Cotten Statue.jpg,25
Q1768,Ella Fitzgerald,person,1934,United States,Ella Fitzgerald by Carl Van Vechten - American Flag (cropped).jpg,100
Q3051334,Ella Jenkins,person,1951,United States,,12
Q318835,Elliott Carter,person,1938,United States,Elliott Carter 1917.jpg,26
Q12482403,Elly Kasim,person,1961,Indonesia,Elly Kasim 2023 stamp of Indonesia.jpg,5
Q356598,Elmore James,person,1951,United States,,29
Q1228233,Elton Britt,person,1942,United States,Elton Britt 1950.JPG,9
Q2808,Elton John,person,1962,United Kingdom,Elton John 2023.jpg,117
Q75788,Eluveitie,group,2002,Switzerland,"Eluveitie, 3-Majówka 2023, 056.jpg",41
Q206939,Elvis Costello,person,1970,United Kingdom,Elvis Costello 2012.JPG,55
Q303,Elvis Presley,person,1954,United States,Elvis Presley 1973 RCA Records and Tapes publicity 2 - cropped.png,216
Q2746631,Elvy Sukaesih,person,1964,Indonesia,Elvie Sukaesih 1 Majalah VARIANADA Edisi 152 Tahun 1974.png,13
Q435176,Elza Soares,person,1950,Brazil,Elza Soares.jpg,26
Q316309,Eläkeläiset,group,1993,Finland,Eläkeläiset 15062008 KaivopuistoPark 01.jpg,14
Q11878467,Emanuel Salomon Friedberg-Mírohorský,person,1829,Cisleithania,Emanuel Salomon Friedberg Mirohorsky 1889 Vilimek.jpg,3
Q2012006,Emarosa,group,2006,United States,Emarosaband.jpg,10
Q1335095,Embrace,group,1985,United States,,20
Q273171,"Emerson, Lake & Palmer",group,1970,United Kingdom,Emerson Lake and Palmer band photo.jpg,45
Q503037,EMF,group,1989,United Kingdom,,18
Q12858184,Emilio Navaira,person,1983,United States,,4
Q5608,Eminem,person,1988,United States,Eminem 2021 Color Corrected.jpg,175
Q668538,Emmanuel Top,person,1993,France,,5
Q231286,Emmylou Harris,person,1969,United States,Emmylou Harris Honorary Doctorate From Berklee Presentation Hardly Strictly Bluegrass Festival.jpg,44
Q264029,Emperor,group,1991,Norway,Emperor at Midgardsblot 2024.jpg,39
Q1966962,Enduser,person,2000,United States,,3
Q1343499,Enoch Light,person,1905,United States,,8
Q170726,Enrico Caruso,person,1894,Kingdom of Italy,Enrico Caruso tenor.jpg,84
Q47122,Enrique Iglesias,person,1995,Spain,Enrique Iglesias (6891751264).jpg,95
Q3054688,Enrique Jorrín,person,1926,Cuba,Enrique Jorrín.jpg,11
Q729973,Enrique Morente,person,1967,Spain,Enrique Morente.jpg,19
Q218178,Ensiferum,group,1995,Finland,Ensiferum Rockharz 2026 17.jpg,41
Q916688,Enslaved,group,1991,Norway,Enslaved 2026.jpg,33
Q912581,Enter Shikari,group,2003,United Kingdom,Enter Shikari Live @ Heaven.jpg,27
Q5380516,Entheogenic,group,1999,,,1
Q526132,Entombed,group,1987,Sweden,Entombed.jpg,30
Q1345926,Envy,person,2006,United Kingdom,,2
Q38257,Enya,person,1980,Ireland,Enya - The Orlando Sentinel (1989) (cropped).jpg,114
Q76244,Epica,group,2002,Netherlands,"Epica, 3-Majówka 2022 96.jpg",48
Q5384910,Eraserheads,group,1989,Philippines,Eraserheads Final Set.jpg,9
Q2085377,Erasmo Carlos,person,1958,Brazil,Erasmocarlos.jpg,13
Q484885,Erasure,group,1985,United Kingdom,Erasure - 1992.jpg,57
Q1351122,Eric B. & Rakim,group,1985,United States,Eric B & Rakim press photo 1987.jpg,17
Q367508,Eric Dolphy,person,1949,United States,Eric Dolphy - Dorsey - 1947.jpg,30
Q155141,Eric Prydz,person,2001,Sweden,Eric Prydz at Glastonbury 2009.jpg,40
Q111628978,Ericdoa,person,2019,United States,"Ericdoa performing in Philadelphia, PA in November 2022.jpg",8
Q313371,Erich Wolfgang Korngold,person,1909,United States,Erich Wolfgang Korngold 01.jpg,41
Q130532,Erik Marchand,person,1955,France,Erik Marchand Celtic-procession.jpg,8
Q259405,Erkin Koray,person,1966,Turkey,,19
Q312368,Ernest Chausson,person,1855,France,A-Ernest Chausson.jpg,36
Q5393281,Ernest Hogan,person,1858,United States,Ernest Hogan smiling.jpg,5
Q1356404,Ernest John Moeran,person,1894,United Kingdom,"Ernest John Moeran, 1937.png",13
Q963142,Ernest Tubb,person,1914,United States,Ernest Tubb publicity portrait - Cropped.jpg,24
Q1356737,Ernesto Djédjé,person,1948,Ivory Coast,Ernesto Djédjé dansant.jpg,6
Q5836951,Ernesto Montiel,person,1916,Argentina,Ernesto Montiel.jpg,1
Q1356808,Ernesto Nazareth,person,1863,Brazil,Ernestonazareth2.jpg,16
Q1356912,Ernie K-Doe,person,1955,United States,ErnieK-doe1996.jpg,8
Q223875,Erykah Badu,person,1994,United States,Erykah Badu in Nation19 Magazine.jpg,50
Q287061,Esbjörn Svensson Trio,group,1993,Sweden,Esbjoern Svensson Trio.jpg,15
Q1238828,Esham,person,1988,United States,,13
Q1709944,Eskaton,group,1970,France,,3
Q112702265,Eslabón Armado,group,2017,United States,"Eslabon Armado - interview with Tony Dandrades, 2023.png",4
Q1113168,Esoteric,group,1992,United Kingdom,Esoteric - Brutal Assault.jpg,8
Q238705,Esperanza Spalding,person,2000,United States,IPWH-Creativity-WH06-Spalding smaller 0.jpg,37
Q1368192,Espers,group,2002,United States,Espers1.jpg,5
Q3058461,Espoir 2000,group,,,,1
Q530251,Estampie,group,1985,Germany,Estampie 2010.jpg,7
Q127643,Estrellita Castro,person,1925,Spain,Estrellita Castro.JPG,14
Q137212360,Etelvina Maldonado,person,1932,,,3
Q242725,Ethel Waters,person,1917,United States,Ethel Waters - William P. Gottlieb.jpg,35
Q784381,Etnica,group,1993,Italy,,4
Q292389,Etta Baker,person,1913,United States,"North Carolina awards, page 7 (2003).jpg",16
Q182725,Etta James,person,1954,United States,Etta James.jpg,65
Q6668297,Euah Suntornsanan,person,1910,Thailand,,4
Q919632,Eubie Blake,person,1887,United States,EubieBlake.jpg,20
Q192174,Euphoria,group,,Sweden,Pht-Vugar Ibadov eurovision (17).jpg,44
Q1375090,Euromasters,group,1992,Netherlands,,6
Q185144,Europe,group,1978,Sweden,Europe the band in Stockholm 2016.jpg,60
Q207706,Eurythmics,group,1980,United Kingdom,Eurythmics 1985.jpg,48
Q3061106,Eusèbe Jaojoby,person,1972,Madagascar,Jaojoby salegy musician from Madagascar at Le Bus 1999.jpg,9
Q3061231,Eva Ayllón,person,1970,Peru,Eva Ayllón (cropped).jpg,12
Q706941,Evan Parker,person,1944,United Kingdom,Evan Parker by Benjamin Amure.jpg,14
Q1379688,Evan Ziporyn,person,1959,United States,Evan Ziporyn (5912102613).jpg,5
Q437129,Evelyn Thomas,person,1976,United States,Evelyn Thomas and Daughter Yaya Diamond.jpg,14
Q313779,Everything but the Girl,group,1982,United Kingdom,Everything but the Girl.jpg,28
Q1353806,Evil Activities,group,1997,Netherlands,Kelly van Soest1.jpg,10
Q2525009,Evoken,group,1992,United States,,11
Q1192339,Ewan MacColl,person,1930,United Kingdom,Ewan MacColl 1981-1982 (cropped).jpg,23
Q1383367,Exaltasamba,group,1982,Brazil,Exaltasamba 2010.jpg,4
Q1383448,Excel,group,1983,United States,Excel Classic Formation.jpg,6
Q390963,Excision,person,2004,Canada,Spring Awakening Music Festival 6 16 2013 (9157130674) (cropped).jpg,14
Q1383552,Exciter,group,1978,Canada,Exciter Party.San Metal Open Air 2018 29.jpg,16
Q5419732,Excuse 17,group,1993,United States,,3
Q1383759,Exhorder,group,1985,United States,Exhorder Rockharz 2023 12 (cropped).jpg,13
Q517472,Exhumed,group,1990,United States,,10
Q3061959,Exile One,group,1973,Dominica,,3
Q728170,Exodus,group,1980,United States,Exodus Rockharz 2018 43.jpg,35
Q5421047,Experience Unlimited,group,1975,United States,,3
Q578270,Explosions in the Sky,group,1999,United States,Explosions in the Sky.jpg,28
Q1384772,Exposé,group,1984,United States,Expose 1990 Grammys.jpg,7
Q1385113,Extol,group,1993,Norway,,13
Q896398,Extrabreit,group,1978,Germany,Extrabreit mai 2008.jpg,6
Q1385506,Extreme Noise Terror,group,1985,United Kingdom,,16
Q5422550,Eyal Barkan,person,1998,Israel,,2
Q1382405,Eyal Golan,person,1978,Israel,Eyal Golan 1 (cropped).jpg,18
Q973113,Eyehategod,group,1988,United States,Eyehategod - Roskilde Festival 2011.jpg,18
Q25106,Fabrizio De André,person,1958,Italy,DeAndré 1960.jpg,43
Q1145652,Fairport Convention,group,1967,United Kingdom,Fairport 40th.jpg,27
Q3247658,Fairuz,person,1957,Lebanon,Fairuz in btd concert 2001.jpg,56
Q1393568,Faith and the Muse,group,1994,United States,Faith Muse.jpg,11
Q236318,Faith Evans,person,1993,United States,Faith Evans 1998.jpg,33
Q464241,Faith Hill,person,1993,United States,Faith Hill by John Mathew Smith.jpg,58
Q320499,Faith No More,group,1983,United States,Faith No More @ Brixton 09 1.jpg,50
Q17379763,Falamansa,group,1998,Brazil,Fala Mansa (2447570400).jpg,5
Q2723980,Falguni Pathak,person,1997,India,Falguni Pathak at her dandiya show in Goregaon Sports.jpg,12
Q698362,Falkenbach,group,198,Germany,,19
Q3738658,Fall of Efrafa,group,2005,United Kingdom,,5
Q485811,Fall Out Boy,group,2001,United States,FallOutBoy.jpg,56
Q3064804,Fally Ipupa,person,1989,Democratic Republic of the Congo,"Fally Ipupa a Paris, en France.jpg",20
Q5432821,FaltyDL,person,2007,United States,FaltyDL.jpg,3
Q769803,Fania All-Stars,group,1968,United States,,8
Q153358,Fanny Brice,person,1951,United States,Fannybricebain.jpg,34
Q938043,Fanny Lu,person,1998,Colombia,Fanny Lu en 2023.jpg,15
Q1062941,Fantastic Plastic Machine,person,1988,Japan,,13
Q10280037,Fany Pfumo,person,1928,Mozambique,,3
Q5434930,Fareed Ayaz,person,1952,Pakistan,,5
Q539567,Farida Khanum,person,1949,British Raj,Farida Khanum rehearsing.jpg,16
Q5435275,Farida Mohammad Ali,person,1963,Iraq,,5
Q4262957,Fariz RM,person,1977,Indonesia,Fariz RM.jpg,11
Q2080533,Farley Keith,person,1984,United States,,8
Q5436372,Farruko,person,2007,United States,"Farruko, 2021 - interview with Tony Dandrades.jpeg",21
Q557465,Fast Eddie,person,1987,United States,,8
Q1397782,Faster Pussycat,group,1986,United States,"""Faster Pussycat"" (5843177688).jpg",18
Q1397912,Fat Pat,person,1993,United States,,12
Q272619,Fatboy Slim,person,1979,United Kingdom,Fatboy Slim in 2004.jpg,45
Q754323,Fates Warning,group,1982,United States,Fates Warning in Bratislava (2017) (cropped).jpg,22
Q209586,Fats Domino,person,1949,United States,Fats Domino Hamburg 1973 1605730066.jpg,60
Q711198,Fats Navarro,person,1923,United States,Fats Navarro (Gottlieb 06551).jpg,24
Q310476,Fats Waller,person,1918,United States,Fats Waller edit.jpg,44
Q5437960,Fatso Jetson,group,,United States,Fatso Jetson in Utrecht 2023.jpg,3
Q741850,Faudel,person,1978,France,Faudel 1999.jpg,20
Q691139,Faun,group,2002,Germany,Faun Wave-Gotik-Treffen 2019 18.jpg,23
Q679697,Faust,group,1971,Germany,Faust (band) May2007.jpg,23
Q10280322,Fausto Bordalo Dias,person,1969,Portugal,FaustoChapito.jpg,7
Q464650,Faye Wong,person,1989,People's Republic of China,Faye Wong.jpg,44
Q128010,Fear Factory,group,1989,United States,Fear Factory - Elbriot 2016 02 (cropped).jpg,34
Q5441484,Fefita la Grande,person,1975,Dominican Republic,Fefita La Grande2.jpg,3
Q452100,Fehlfarben,group,1979,Germany,Fehlfarben-2006-Hein Klitzing.jpg,9
Q313868,Fela Kuti,person,1958,Nigeria,Fela Kuti record.jpg,54
Q2429939,Felipe Pinglo Alva,person,1918,Peru,FelipePingloAlva 01.jpg,12
Q518662,Felix da Housecat,person,1993,United States,Felix da Housecat (Baltimore 2007).jpg,13
Q18943660,Felix Jaehn,person,2012,Germany,Airbeat One Felix Jaehn 2015 by Denis Apel-1208.jpg,22
Q46096,Felix Mendelssohn,person,1826,Hamburg,Felix Mendelssohn Bartholdy by Eduard Magnus (1833).jpg,124
Q982872,Femi Kuti,person,1978,Nigeria,Femi-Kuti.jpg,28
Q689598,Fennesz,person,1962,Austria,"Fennesz in Bethesda, Maryland, on September 21, 2010 (5027816082).jpg",12
Q709859,Ferdi Tayfur,person,1967,Turkey,Ferdi Tayfur.jpg,31
Q10281447,Fernando Mendes,person,1950,Brazil,,2
Q504583,Fernando Villalona,person,1971,Dominican Republic,Fernando Villalona adjusted.jpg,7
Q3743009,Ferrante & Teicher,group,1947,United States,Ferrante & Teicher 1969.JPG,5
Q133856137,Ferro Gaita,group,1996,Cape Verde,Iduino 01.JPG,2
Q311157,Ferry Corsten,person,1989,Kingdom of the Netherlands,"Ferry Corsten @ Sankeys, Manchester.jpg",32
Q1411165,Fiddlin' John Carson,person,1920,United States,Fiddlin'JohnCarson.jpg,7
Q378948,Fields of the Nephilim,group,1984,United Kingdom,FOTNephilim.jpg,17
Q5447495,Fifth Column,group,1985,Canada,,1
Q5448015,Figure Four,group,1997,Canada,,1
Q936001,Fikret Amirov,person,1942,Soviet Union,Fikret Emirov.jpg,36
Q3063992,Fikret Kızılok,person,1965,Turkey,,11
Q750954,Filter,group,1993,United States,"Filter, 2008.JPG",16
Q5449777,Finaçon,group,,Cape Verde,,1
Q498448,Finntroll,group,1997,Finland,Finntroll.jpg,37
Q1419043,Firewater,group,,United States,Firewater (2).JPG,7
Q3072901,Firmin Viry,person,1935,France,Firmin Viry.jpg,2
Q1420144,Fischerspooner,group,1998,United States,Fischerspooner NYC 2005.jpg,16
Q902881,Fishbone,group,1979,United States,Fishbone-15.jpg,20
Q1678866,Fisherman's Friends,group,1995,United Kingdom,Fishermens friends.JPG,4
Q4038788,Fisk Jubilee Singers,group,1871,United States,Fisk Jubilee Singers 1882.jpg,6
Q95698148,Fivio Foreign,person,2013,United States,Fivio in 2020.jpg,15
Q2275190,Fixation,group,,Netherlands,,1
Q15291033,FKA twigs,person,2004,United Kingdom,FKA twigs (16391770926) (cropped).jpg,39
Q1316590,Flaco Jiménez,person,1946,United States,Flaco always Rocko! (7992652467).jpg,17
Q860556,Flanders and Swann,group,1956,United Kingdom,Michael Flanders and Donald Swann (1966 publicity photo).jpg,7
Q1427343,Flatfoot 56,group,2000,United States,Flatfoot 56 2009 (3654172116).jpg,7
Q2411413,Flatlinerz,group,1992,United States,,5
Q1040688,Flatt and Scruggs,group,1948,United States,Earl Scruggs and Lester Flatt.jpg,6
Q852335,Fleet Foxes,group,2001,United States,Fleetfoxes08.jpg,27
Q106648,Fleetwood Mac,group,1967,United Kingdom,Fleetwood Mac Billboard 1977.jpg,67
Q505559,Fletcher Henderson,person,1921,United States,Fletcher Henderson (1943 publicity photo).jpg,26
Q868265,Flight of the Conchords,group,1998,New Zealand,Flight Of The Conchords - Soho Theatre - Sunday 25th February 2018 ConchordsSoho250218-7 (38761512730) (cropped).jpg,27
Q5367991,Flipper's Guitar,group,1989,Japan,,4
Q213538,Flo Rida,person,2000,United States,Flo Rida2012.jpg,53
Q917861,Flogging Molly,group,1997,United States,Flogging Molly – Reload Festival 2015 02.jpg,30
Q28213309,Floorfilla,group,1998,Italy,,2
Q1405092,Flor de Piedra,group,1999,Argentina,,3
Q8961801,Flor Pucarina,person,1935,Peru,,4
Q217360,Florence + the Machine,group,2007,United Kingdom,Florence and the Machine.jpg,59
Q45430,Florian Silbereisen,person,1981,Germany,Florian silbereisen mannheim.jpg,13
Q3644642,Florida Georgia Line,group,2010,United States,Flagaline.jpg,23
Q4116976,Florin Salam,person,1979,Romania,Florin Salam.png,13
Q5461990,Flosstradamus,person,2006,Chicago,Curt Cameruci Spring Awakening Music Festival 6 15 2013 (9120585055).jpg,5
Q5462201,Flower Travellin' Band,group,1967,Japan,Flowerknitting.png,8
Q5462258,Flowered Up,group,1990,United Kingdom,,1
Q969629,Floyd Cramer,person,1953,United States,Floyd Cramer (1965).jpg,20
Q4038837,Flume,person,2004,Australia,Flume ARIA 2013 (cropped).jpg,24
Q925601,Flux of Pink Indians,group,1980,United Kingdom,Flux (1).jpg,9
Q20926,Flux Pavilion,person,2008,United Kingdom,Flux Pavilion23.jpg,15
Q139121,Flying Lotus,person,2005,United States,Flying-Lotus.jpg,25
Q109106572,Focalistic,person,2016,South Africa,Focalistic (2020).png,8
Q1435087,Foday Musa Suso,person,1950,Mali,Foday Musa Suso.jpg,8
Q114651,Foghat,group,1971,United Kingdom,Foghat on Stage (20710187958).jpg,19
Q943904,Fonseca,person,1997,Colombia,Fonseca en el FIA 2026 02.jpg,13
Q65056403,Fontaines D.C.,group,2017,Ireland,Fontaines DC at Loose Ends 2019.jpg,22
Q483718,Foo Fighters,group,1995,United States,FoosLollBerlin190917-74 (cropped).jpg,66
Q62098804,Force & Styles,group,,,,1
Q275059,Foreigner,group,1976,United States,Foreigner2009.jpg,47
Q566173,Forever the Sickest Kids,group,2007,United States,FTSK Bamboozle.jpg,11
Q19654855,Forgemasters,group,,United Kingdom,,1
Q1437316,Forgotten Tomb,group,1999,Italy,,12
Q1438192,Forseti,group,1997,Germany,Forseti Logo.svg,8
Q733863,Fountains of Wayne,group,1995,United States,Fountains of Wayne live 2007.jpg,24
Q959655,Four Tet,person,1998,United Kingdom,Four Tet 2004-04-04 (cropped).jpg,20
Q653480,Four Tops,group,1954,United States,"Grand Gala du Disque . The Four Tops, Bestanddeelnr 921-1504.jpg",22
Q186318,Four Year Strong,group,2001,United States,Four Year Strong 2011-11-06 13.jpg,15
Q208258,France Gall,person,1963,France,FranceGall-1969-Radiocorriere-Italie.png,69
Q5409276,Francesc Pi de la Serra i Valero,person,1942,Spain,Homenatge Joan Oliver Quico Pi de la Serra.jpg,7
Q1377317,Francesco Balilla Pratella,person,1880,Italy,Francesco Balilla Pratella.jpg,15
Q114285,Francesco De Gregori,person,1972,Italy,Francesco De Gregori.jpg,19
Q311625,Francesco Geminiani,person,1716,Kingdom of Great Britain,Francesco Geminiani.jpg,32
Q559529,Francesco Guccini,person,1960,Italy,Francesco Guccini - Lucca Comics & Games 2016 01.jpg,31
Q311674,Francesco Landini,person,1335,Republic of Florence,"Francesco Landini, Squarcialupi Codex, page 246.jpg",32
Q1441466,Francis Dhomont,person,1926,France,,6
Q191408,Francis Poulenc,person,1899,France,Francis Poulenc and Wanda Landowska (cropped).jpg,57
Q10284562,Francisco Alves,person,1918,Brazil,"Francisco Alves, sem data.tif",5
Q526424,Francisco Canaro,person,1906,Argentina,Francisco Canaro.JPG,20
Q768718,Francisco Correa de Araujo,person,1584,Crown of Castile,Francisco Correa de Araujo (1626) Libro de tientos y discursos de musica practica y theoríca de organo.png,14
Q5866998,Francisco Palaviccini,person,1912,El Salvador,,4
Q5483929,Francisco Santiago,person,1889,Philippines,Francisco Santiago Chicago.jpg,6
Q10285239,Francisco Xavier da Cruz,person,1895,,,4
Q3082337,Francky Vincent,person,1975,France,Franky Vincent.jpg,8
Q25147,Franco Battiato,person,1967,Italy,Franco Battiato - 23 July 2010 - 05 (cropped).jpg,41
Q1383390,Franco of Cologne,person,1300,Germany,,14
Q3751549,Franco Ricciardi,person,1966,Italy,Franco Ricciardi 2014.jpg,4
Q3082582,Frank Domínguez,person,1927,Cuba,,4
Q105440,Frank Kvitta,person,1981,Germany,Frank18.jpg,2
Q1022071,Frank Nagai,person,1955,Japan,Frank Nagai.jpg,7
Q357645,Frank Ocean,person,2005,United States,Frank Ocean 2022 Blonded.jpg,53
Q1648306,Frank Reyes,person,1991,Dominican Republic,Frank Reyes.jpg,6
Q40912,Frank Sinatra,person,1935,Italy,Frank Sinatra '57.jpg,136
Q8962695,Frank Wilson,person,1965,United States,,6
Q127330,Frank Zappa,person,1955,United States,Zappa.jpg,110
Q205322,Frankie Knuckles,person,1970,United States,"Frankie Knuckles at The Mighty (SF), 2012 -2.jpg",31
Q711406,Frankie Ruiz,person,1971,United States,Frankie Ruiz (80s & 90s).jpg,13
Q150272,Frankie Yankovic,person,1915,United States,Frank Yankovic 1958.JPG,10
Q607838,Frans Bauer,person,1994,Kingdom of the Netherlands,Fransbauer.jpg,9
Q173180,Franz Ferdinand,group,2002,United Kingdom,Franz Ferdinand.jpg,60
Q77745,Franz Josef Degenhardt,person,1963,Germany,Franz Josef Degenhardt (1987) by Guenter Prust.jpg,15
Q41309,Franz Liszt,person,1830,Austria–Hungary,FLisztFXD.jpg,127
Q7312,Franz Schubert,person,1810,Austrian Empire,Franz Schubert by Wilhelm August Rieder 1875 larger version.png,173
Q20235,Franzl Lang,person,1957,Germany,Franzl Lang (cropped).jpg,25
Q1450908,François Bayle,person,1932,France,Psconcer.jpg,12
Q50186,François Couperin,person,1668,France,François Couperin.jpg,58
Q53939,Françoise Hardy,person,1962,France,Francoise hardy 1964.jpg,61
Q64009886,Fred Again,person,2010,United Kingdom,Fred Again 2025 (cropped).jpg,15
Q1452334,Fred Hammond,person,1985,United States,,5
Q5495583,Fred Jewell,person,1875,,,3
Q964219,Fred McDowell,person,1926,United States,Mississippi Fred McDowell.jpg,20
Q983329,Freddie Aguilar,person,1973,Philippines,Freddie- aguilar.jpg,24
Q1246237,Freddie Gibbs,person,2003,United States,MadGibbs2014 (cropped).jpg,20
Q346762,Freddie Hubbard,person,1958,United States,Freddie Hubbard 1976.jpg,35
Q5496741,Freddie Jackson,person,1979,United States,FreddieJackson2019.png,11
Q436209,Freddie King,person,1952,United States,Freddie King 1975 6.jpg,33
Q1452648,Freddy Fender,person,1957,United States,Freddy Fender singing in 1977.jpg,16
Q466120,Freddy Quinn,person,1953,Austria,Freddy Quinn (1977).jpg,31
Q312698,Frederick Delius,person,1862,United Kingdom,Frederich Delius portrait (5427720404) (cropped).jpg,38
Q13107451,Fredo Santana,person,2011,United States,,16
Q45650,Free,group,1972,United Kingdom,FreeWinwood1970.jpg,27
Q1429224,Freeez,group,1981,United Kingdom,,7
Q2384799,Freestylers,group,1996,United Kingdom,,7
Q5588,Frida Kahlo,person,1907,Mexico,"Frida Kahlo, by Guillermo Kahlo (cropped).jpg",200
Q213900,Friedrich Hollaender,person,1896,Germany,Friedrich Hollaender (cropped).jpg,16
Q5505351,From Ashes Rise,group,1997,United States,,5
Q527787,Front 242,group,1981,Belgium,Front242 3.jpg,19
Q1470010,Front Line Assembly,group,1986,Canada,FrontLineAssembly.jpg,18
Q1395969,Frost,person,1982,United States,Kid-Frost.jpg,16
Q1268,Frédéric Chopin,person,1817,Congress Poland,"Chopin, by Wodzinska.JPG",200
Q253990,Fréhel,person,1908,France,Pervenche(frehel)1908.jpg,26
Q137769,Fu Manchu,group,1987,United States,Hellfest2019FuManchu 02.jpg,16
Q118466501,Fuerza Regida,group,2015,United States,Fuerza Regida - Capital One Arena - Washington D.C..jpeg,7
Q277865,Fugazi,group,1987,United States,FUGAZI 3 (19729214472).jpg,36
Q475963,Fulanito,group,1996,Dominican Republic,Fulanito En La Puerta Grande.jpg,4
Q3090771,Full Intention,group,1990,United Kingdom,,4
Q523957,Funkadelic,group,1968,United States,George Clinton 2006.jpg,22
Q3445057,Future,person,2003,United States,Future - Openair Frauenfeld 2019 05.jpg,41
Q5872203,Félix Chappottín,person,1919,Cuba,Conjunto Chappottín.jpg,4
Q594644,Félix Leclerc,person,1950,Canada,Félix Leclerc.jpg,17
Q17811716,G Herbo,person,2011,United States,G Herbo in 2021.png,13
Q665090,G.E.M.,person,2008,People's Republic of China,2018.09.22 大连商演 邓紫棋 (1).jpg,26
Q1488078,Gabby Pahinui,person,1921,United States,,7
Q118119939,Gabito Ballesteros,person,1999,Mexico,,2
Q104919,Gabriel Fauré,person,1861,France,FauréPirou1905.jpg,66
Q4123831,Gaby Amarantos,person,1995,Brazil,Gaby Amarantos em 2024.png,11
Q2320232,Gaither Vocal Band,group,1981,United States,Gvb.jpg,9
Q236361,Gal Costa,person,1965,Brazil,Gal Costa Tom Brasil (46108513412).jpg,36
Q176240,Galaxie 500,group,1987,United States,DeanWareham 2007.jpg,18
Q286110,Galliano,group,1988,United Kingdom,,9
Q1346345,Galt MacDermot,person,1957,United States,Galt MacDermot 1972.jpg,15
Q154129,Gamma Ray,group,1988,Germany,Gamma Ray Rockharz 2016 01.jpg,35
Q3095041,Gammer,person,2000,United Kingdom,Dougal++Gammer.jpg,3
Q15132019,Gana Bala,person,2007,India,Gana Bala.JPG,2
Q18275264,Gang do Eletro,group,,Brazil,Brasil adentro gang do eletro.jpg,2
Q1130624,Gang of Four,group,1977,United Kingdom,Gang of Four in Chicago.jpg,28
Q844524,Gang Starr,group,1985,United States,DJ Premier and Guru.jpg,29
Q731422,Gangubai Hangal,person,1931,Dominion of India,Gangubai Hangal.jpg,26
Q555552,Gareth Emery,person,2002,United Kingdom,Gareth Emery.jpg,21
Q10288367,Garota Safada,group,2003,Brazil,,1
Q216288,Garth Brooks,person,1985,United States,Garth Brooks 2019 By Glenn Francis.jpg,51
Q1153310,Gary Clark Jr.,person,1996,United States,"Gary Clark, Jr. 2013.jpg",27
Q331731,Gary Numan,person,1975,United Kingdom,Gary Numan 2011.jpg,39
Q3550458,Gary Valenciano,person,1978,Philippines,Gary Valenciano in Toronto 2014 02.jpg,13
Q5526109,Gary War,person,1999,United States,,1
Q3753186,Gato Pérez,person,1951,Spain,,6
Q696898,Gaye Bykers on Acid,group,1984,United Kingdom,,5
Q361329,Gazebo,person,1982,Italy,Paul Mazzolini Gazebo.jpg,30
Q601984,GBH,group,1978,United Kingdom,GBH live in 2006.jpg,16
Q55902818,Gemmy Brandus,person,1823,,,0
Q342723,Gene Autry,person,1907,United States,"Gene Autry, NPG 94 39.jpg",45
Q711442,Gene Chandler,person,1957,United States,Gene Chandler.jpg,13
Q82311,Gene Vincent,person,1955,United States,Genevincent015e.jpg,39
Q321748,General Levy,person,1988,United Kingdom,,8
Q1501681,General Surgery,group,1989,Sweden,,7
Q151012,Genesis,group,1967,United Kingdom,2180 - Pittsburgh - Mellon Arena - Genesis - The Carpet Crawlers.JPG,67
Q1502454,Genocide Organ,group,1986,Germany,,3
Q3100841,Gente de Zona,group,2000,Cuba,Gala Billboard Latin Music Showcase Chile 2018 - Gente de Zona - 03.jpg,12
Q49388,Georg Friedrich Haas,person,1953,Austria,"Georg Friedrich Haas, 2014 (aufgenommen von Gian Marco Castelberg).jpg",18
Q45275,Georg Kreisler,person,1944,United States,Georg Kreisler detail.jpg,17
Q75854,Georg Philipp Telemann,person,1705,Holy Roman Empire,Telemann.jpg,74
Q2165220,George Baker Selection,group,1967,Netherlands,George Baker Selection - TopPop 1974 4.png,12
Q348459,George Benson,person,1954,United States,George Benson Publicity Photo 1981.jpg,47
Q774863,George Butterworth,person,1885,United Kingdom of Great Britain and Ireland,George Sainton Kaye Butterworth (1885–1916).png,17
Q5538379,George Darko,person,1951,Ghana,,6
Q536322,George Duke,person,1966,United States,Stanley Clarke and George Duke.jpg,28
Q5539359,"George Formby, Sr.",person,1875,United Kingdom of Great Britain and Ireland,"George Formby Sr, 1919.jpg",6
Q7302,George Frideric Handel,person,1702,Holy Roman Empire,George Frideric Handel by Balthasar Denner.jpg,159
Q123829,George Gershwin,person,1914,United States,George Gershwin 1937.jpg,85
Q508202,George Jones,person,1931,United States,George Jones.jpg,46
Q3101850,George Ramogi,person,1945,Kenya,,5
Q710733,George Rochberg,person,1918,United States,,15
Q535308,George Russell,person,1923,United States,George Russell the jazz musician.jpg,20
Q366584,George Strait,person,1974,United States,George Strait on stage.jpg,40
Q207,George W. Bush,person,1968,United States,George-W-Bush.jpeg,280
Q432302,George Winston,person,1972,United States,George Winston Autograph (cropped).jpg,20
Q449,Georges Brassens,person,1951,France,Brassens-StudioHarcourt-1957.png,55
Q588315,Georgie Fame,person,1959,United Kingdom,Georgie Fame in Sweden 1968.jpg,15
Q713025,Gerald Finzi,person,1901,United Kingdom,,17
Q18645820,Geraldo Pino,person,1939,Nigeria,,6
Q15463707,Gerardo Ortiz,person,1998,Mexico,S4byZ9bQ.jpg,9
Q733400,Gerry and the Pacemakers,group,1959,United Kingdom,Gerry and the Pacemakers group photo 1964.JPG,28
Q156535,Gerry Mulligan,person,1946,United States,Gerry Mulligan (1980s portrait by William P. Gottlieb).jpg,35
Q2915432,Gershon Sirota,person,1874,,Gershon Sirota.jpg,9
Q176412,Gesang Martohartono,person,1917,Indonesia,Gesang Martohartono 2020 stamp of Indonesia.jpg,15
Q2740796,Getatchew Mekurya,person,1949,Ethiopia,Getatchew Mekuria.jpg,11
Q1519986,Geto Boys,group,1986,United States,,17
Q19571788,GFOTY,person,2012,United Kingdom,,4
Q5556594,Ghetts,person,2003,United Kingdom,Ghetts Cloud x.jpg,6
Q19840134,Ghost Bath,group,2012,United States,,5
Q45898094,GHOSTEMANE,person,2010,United States,GHOSTEMANE 2016.jpg,21
Q323463,Ghostface Killah,person,1992,United States,Ghostface Killah in 2010 (cropped).jpg,31
Q3595190,Ghulam Ali,person,1960,Dominion of India,Gulam ali copy.jpg,16
Q456751,Giacinto Scelsi,person,1905,Italy,Giacinto Scelsi.jpg,19
Q312686,Giacomo Carissimi,person,1640,Papal States,,32
Q7311,Giacomo Puccini,person,1876,Grand Duchy of Tuscany,GiacomoPuccini.jpg,147
Q10289428,Gian & Giovani,group,1988,Brazil,Gian e Giovani.jpg,1
Q1522573,Gianni Celeste,person,1964,Italy,,5
Q311748,Gigi D'Agostino,person,1994,Italy,GigiDag.png,34
Q585972,Gigi D'Alessio,person,1992,Italy,Gigi dAlessio.jpg,12
Q348477,Gil Evans,person,1912,Canada,Ryo-gil.jpg,30
Q378858,Gil Scott-Heron,person,1969,United States,"Gil Scott-Heron - 10-03-2009 San Francisco, California.jpg",37
Q327163,Gil Semedo,person,1991,Cape Verde,Gil Semedo Live.jpg,6
Q221479,Gilberto Gil,person,1965,Brazil,22.05.2026 - Gilberto Gil (cropped).jpg,49
Q361555,Gilberto Santa Rosa,person,1976,United States,Concierto de Gilberto Santa Rosa en Piñas.jpg,10
Q447621,Gilda,person,1990,Argentina,Gilda junto al periodista Marcelo Gopar (cropped).jpg,30
Q214964,Gilles Binchois,person,1400,Kingdom of France,Gilles Binchois.jpg,38
Q1522692,Gilles Vigneault,person,1959,Canada,Gilles Vigneault Chantauvent Natashquan 1989.jpg,13
Q442207,Gillian Welch,person,1991,United States,Gillian Welch at MerleFest-2006-04-29.jpg,21
Q10504997,Ging Nang Boyz,group,2003,Japan,,2
Q470554,Gino Paoli,person,1959,Italy,Gino Paoli cropped.jpg,27
Q9726,Gioachino Rossini,person,1810,Papal States,Composer Rossini G 1865 by Carjat.jpg,108
Q512168,Giora Feidman,person,1955,Argentina,Feidman 06.jpg,20
Q312674,Giorgio Moroder,person,1965,Italy,Giorgio Moroder - First Avenue Minneapolis - The Current (44776142702).jpg,50
Q331263,Giorgos Batis,person,1885,Greece,George Batis.JPG,7
Q343627,Giorgos Dalaras,person,1967,Cyprus,Dalaras theatro ghs 2009.jpg,28
Q1383970,Giorgos Mazonakis,person,1993,Greece,"Giorgos Mazonakis, Live at Fantasia Live Stage Summer 2014.jpg",17
Q34624,Giovanni Gabrieli,person,1557,Republic of Venice,,44
Q179277,Giovanni Pierluigi da Palestrina,person,1554,Papal States,Giovanni Pierluigi da Palestrina.jpg,116
Q40586,Gipsy Kings,group,1978,France,Gipsy Kings (ZMF 2016) jm17802.jpg,46
Q3107617,Girija Devi,person,1949,Dominion of India,Girija Devi at Bhopal (2).JPG,29
Q62140662,girl in red,person,2017,Norway,Girl In Red @ Greek Theatre 05 30 2024 (53839303268) (cropped).jpg,32
Q2608674,Girl Talk,person,2001,United States,"Girl Talk at JellyNYC's Pool Party (August 23rd, 2009) (3854417825) CROPPED.jpg",8
Q20153,Girls' Generation,group,2007,South Korea,220728 GG poleposition 266 (53595169645).jpg,67
Q1142870,Girlschool,group,1978,United Kingdom,Girlschool at Metal Magic 2015 - 19379861854.jpg,25
Q209212,Girolamo Frescobaldi,person,1583,Papal States,"Girolamo Frescobaldi (1583-1643), engraving by Claude Mellan (1619).jpg",50
Q207532,Giuseppe Torelli,person,1658,Republic of Venice,Giuseppe Torelli.png,42
Q7317,Giuseppe Verdi,person,1830,Duchy of Parma and Piacenza,Giuseppe Verdi xilografia.jpg,179
Q348652,Giya Kancheli,person,1961,Soviet Union,Gia Kancheli.jpg,64
Q100978614,Glaive,person,2005,United States,Glaiveiwillfollowyouintothedark.jpg,10
Q1529784,Glassjaw,group,1993,United States,Glassjaw hk 2010.jpg,13
Q162667,Glen Campbell,person,1936,United States,Campbell1.jpg,45
Q433661,Glenn Branca,person,1967,United States,Glenn Branca (cropped).jpg,27
Q103651,Glenn Miller,person,1923,United States,Glenn Miller Billboard.jpg,64
Q3108903,Global Communication,group,1992,United Kingdom,Global Communication.jpg,7
Q1531745,Globe Unity Orchestra,group,1966,,,4
Q3772414,Gloria,group,,,Umberto-tozzi-gloria-Finnish-vinyl.jpg,12
Q184697,Gloria Estefan,person,1977,Cuba,Gloria Estefan 2017.jpg,73
Q228918,Gloria Gaynor,person,1965,United States,Gloria Gaynor 2012 (cropped).jpg,61
Q270546,Gloria Jones,person,1960,United States,Gloria Jones 7213s (cropped).jpg,20
Q5881397,Glorior Belli,group,2002,France,,4
Q1547848,GMS,group,1995,Spain,GMS Press 2009.jpg,12
Q22908676,Gnaw Their Tongues,group,2004,Drachten,Gnaw Their Tongues @ Roadburn Festival 2017 02.jpg,5
Q1355916,Goa Gil,person,1964,United States,GOA-GIL-5.jpg,15
Q1317474,Goblin,group,1972,Italy,Goblin (band).jpg,15
Q3109658,God Is My Co-Pilot,group,1990,United States,,3
Q1533787,Godflesh,group,1988,United Kingdom,Godfleshtogether.jpg,22
Q181341,Godspeed You! Black Emperor,group,1994,Canada,Godspeed You Black Emperor! - London Nov 20003.jpg,35
Q558464,Goethes Erben,group,1989,Germany,2015-07-25 Goethes Erben (Amphi festival 2015) 021.jpg,7
Q46644,Gogol Bordello,group,1999,United States,Gogol Bordello at the Aggie Theatre.jpg,37
Q11201367,GOING STEADY,group,1996,,,1
Q728049,Golden Earring,group,1961,Netherlands,Golden Earring - TopPop 1974 7.png,30
Q652294,Golden Gate Quartet,group,1931,United States,The Golden Gate Quartet (1964).jpg,11
Q1064319,Goldfinger,group,1994,United States,Goldfinger live (cropped).jpg,18
Q606250,Goldfrapp,group,1999,United Kingdom,Goldfrapp Live 2010.jpg,32
Q507845,Goldie,person,1991,United Kingdom,Goldie 2003 crop.jpg,22
Q1139517,Gong Qiuxia,person,1918,People's Republic of China,Qiuxia gong 1947.jpg,13
Q287142,Goodie Mob,group,1991,United States,,9
Q255233,Googoosh,person,1953,Iran,"Googoosh at the Hollywood Bowl, May 2018 08.jpg",45
Q954348,Gorefest,group,1989,Netherlands,"Gorefest, Moscow.jpg",17
Q152761,Gorgoroth,group,1992,Norway,Gorgoroth 2011 in Rostock.jpg,38
Q1538284,Gorguts,group,1989,Canada,Gorguts at Inferno 2016 (25561760704).jpg,15
Q3111407,Gorō Yamaguchi,person,1933,Japan,,7
Q5587383,Gospel Gangstaz,group,1994,United States,,1
Q746955,Gotan Project,group,2000,France,Gotan Project.jpg,25
Q126953,Gov't Mule,group,1994,United States,Govt. Mule - Peaches Records.jpg,16
Q1377134,Graham Parker,person,1968,United Kingdom,Graham Parker-07182010.jpg,17
Q438124,Gram Parsons,person,1963,United States,Gram Parsons.jpg,29
Q5016968,Gramacks,group,1970,Dominica,,3
Q3115369,Gramoun Lélé,person,1948,France,,1
Q5593993,Gran Coquivacoa,group,1968,Venezuela,,2
Q13026138,Grand Ex',group,1970,Thailand,,2
Q1542920,Grand Wizzard Theodore,person,1977,United States,Grand wizzard theodore.JPG,12
Q765409,Grandmaster Flash and the Furious Five,group,1978,United States,POS17 @Kristsll-297 (35873060291).jpg,20
Q601427,Grant Green,person,1959,United States,,26
Q212533,Grateful Dead,group,1965,United States,Grateful Dead (1970).png,54
Q377387,Gravediggaz,group,1993,United States,Gravediggaz-02-mika.jpg,12
Q942165,Graveland,group,1990,Poland,Graveland (Kolovorot fest).jpg,19
Q1362139,Graveworm,group,1992,Italy,Graveworm RockTheLake2007 01.jpg,18
Q1172137,Gray Matter,group,1983,United States,,7
Q783669,Greater Than One,group,1985,United Kingdom,Greater Than One.jpg,8
Q47871,Green Day,group,1982,United States,"Green Day - Hella Mega Tour - August 10, 2021.jpg",92
Q466370,Green on Red,group,1979,United States,Green On Red at King Tuts.jpg,8
Q1127431,Green River,group,1984,United States,Green River (1980s Sub Pop promo photo).jpg,25
Q1544666,Green Velvet,person,1991,United States,Cajmere @ afterhours.jpg,12
Q12018456,Greenhorns,group,1965,Czech Republic,Greenhorns music band in Pisek in 2011 (1).JPG,2
Q5604524,Greensky Bluegrass,group,2000,United States,Greensky Bluegrass at Delfest.jpg,2
Q440898,Gregory Isaacs,person,1968,Jamaica,Gregory Isaacs SNWMF 2010 1 - on stage-2.jpg,25
Q1545680,Grendel,group,1997,Netherlands,Grendel-amphifestival2013.jpg,10
Q557003,Grigoris Bithikotsis,person,1922,Greece,,9
Q117970,Grimes,person,2007,Canada,Grimes Governors Ball 2014 03 (cropped).png,46
Q3373557,Grimethorpe Colliery Band,group,1917,United Kingdom,"Grimethorpe Band, Nationals concert 2008.jpg",4
Q117522,Groove Armada,group,1996,United Kingdom,Groove Armada at Chi Dubai.JPG,25
Q165138,Groove Coverage,group,2001,Germany,Groove Coverage.jpg,25
Q463678,Grover Washington Jr.,person,1967,United States,Grover Washington 1995.jpg,26
Q5886009,Grupo 5,group,1973,Peru,,4
Q1320656,Grupo Fundo de Quintal,group,1978,Brazil,Fundo de quintal 2015.png,8
Q5612232,Grupo Límite,group,2003,Mexico,,2
Q3118236,Grupo Montez de Durango,group,1996,United States,,2
Q1550910,Grupo Revelação,group,1991,Brazil,Revelacao 2016.png,5
Q1398215,Gryphon,group,1973,United Kingdom,,10
Q164201,Guaco,group,1968,Venezuela,,6
Q1552700,Guan Pinghu,person,1895,Republic of China,,5
Q1552705,Guana Batz,group,1983,United Kingdom,,3
Q206032,Gucci Mane,person,2001,United States,"Gucci Mane, Clout Festival 2024 03 (cropped).jpg",39
Q2382303,Gugum Gumbira Tirasondaja,person,1945,Indonesia,Gugum Gumbira.jpg,4
Q200580,Guillaume de Machaut,person,1300,France,Machaut.jpg,57
Q207717,Guillaume Dufay,person,1420,Kingdom of France,DufayBinchois.jpg,57
Q9001292,Guillermina Motta,person,1942,Spain,,5
Q919666,Guillermo Portabales,person,1928,Cuba,,7
Q607448,Guitar Slim,person,1926,United States,Guitar SlimThe Things I used to do.jpg,18
Q1554171,Guitar Wolf,group,1987,Japan,Guitar-wolf-nashville.jpg,13
Q921937,Gundecha Brothers,group,1985,,Gundecha Brothers 02A.jpg,6
Q11895,Guns N' Roses,group,1985,United States,GNR London Stadium 2017 3 (cropped).jpg,93
Q28146294,Gunship,group,2014,United Kingdom,,8
Q1554854,Gunshot,group,,United Kingdom,,2
Q704154,Gunther Schuller,person,1925,United States,Gunther Schuller (2008).jpg,24
Q3694931,Gurdas Maan,person,1980,India,Gurdas Maan1.jpg,21
Q51858412,Gus Dapperton,person,2015,United States,Gus Dapperton Piknik i Parken 2018 (160223).jpg,9
Q5620648,Gus Elen,person,1862,United Kingdom,Gus Elen 1900.jpg,2
Q1555337,Gus Viseur,person,1915,Belgium,,4
Q200867,Gustav Holst,person,1904,United Kingdom,Gustav Holst.jpg,61
Q7304,Gustav Mahler,person,1860,Cisleithania,Gustav-Mahler-Kohut.jpg,151
Q380821,Gusttavo Lima,person,1999,Brazil,Gustavo Lima 2021.jpg,24
Q3393871,Guty Cárdenas,person,1905,Mexico,"Estatua de Guty Cárdenas, Mérida, Yucatán (01).JPG",6
Q1386899,Guy Clark,person,1971,United States,Guy Clark at the 2009 Newport Folk Festival.jpg,21
Q1557521,Guy Konkèt,person,1946,France,,2
Q467087,Guy Lombardo,person,1924,United States,Guy Lombardo 1944.jpg,26
Q439109,Guy Moon,person,1987,United States,,12
Q154331,György Ligeti,person,1923,Romania,György Ligeti (1984).jpg,56
Q548149,Gérard Grisey,person,1946,France,Gerardgrisey.jpg,19
Q123031036,Gérard Lockel,person,1928,France,,1
Q925877,Gösta Ekman,person,1955,Sweden,Gösta Ekman in August 2014.jpg,26
Q1293555,"H ""Two"" O",group,2008,United Kingdom,,2
Q483135,H.O.T.,group,1996,South Korea,,24
Q108529670,Habstrakt,person,1990,France,,0
Q1567295,Hacı Arif Bey,person,1831,Ottoman Empire,Hacı Ârif Bey - türkischer Komponist.jpg,7
Q156783,Haddaway,person,1992,Germany,Haddaway Dezember 2015 in Düsseldorf.jpg,37
Q1522079,Hadouken!,group,2006,United Kingdom,JamesHadouken!.jpg,13
Q1567719,Haemorrhage,group,1990,Spain,Haemorrhage at Barroselas metalfest.jpg,11
Q1568235,Hagalaz' Runedance,group,,Norway,,3
Q158304,Haggard,group,1989,Germany,Haggard at Global East Rock Festival 2010 (cropped).jpg,28
Q20684153,Hail the Sun,group,2009,United States,,6
Q54738460,Hailu Mergia,person,1946,Ethiopia,Hailu Mergia Perth Festival 2025.jpg,3
Q1569294,Haim Moshe,person,1975,Israel,Haim Moshe.JPG,9
Q1814728,Hajji Alejandro,person,1976,Philippines,Hajji Alejandro in 2024 (cropped).png,8
Q6014924,Hakan Taşıyan,person,1973,Turkey,,1
Q3296942,Hakim,person,1992,Egypt,Hakim (Egyptian singer).jpg,9
Q733182,Hall & Oates,group,1972,United States,"Daryl Hall and John Oates ""Voices"" (1980 RCA press photo).jpg",34
Q3126025,Hall Johnson,person,1888,United States,Portrait of Hall Johnson LCCN2004663096.jpg,8
Q107345948,Hamid al-Saadi,person,1958,,,1
Q81120980,Hamid El Kasri,person,1961,Morocco,Hamid el Kasri.jpg,4
Q258541,Hamid El Shaeri,person,1979,Egypt,Hameedelshaeri (cropped).jpg,9
Q5645273,Hamilton de Holanda,person,1981,Brazil,Hamiltondeholandaparis.jpg,7
Q2073149,Hammamizade İsmail Dede Efendi,person,1778,Ottoman Empire,Hammâmizâde İsmâîl Dede Efendi .jpg,12
Q274593,HammerFall,group,1993,Sweden,Hammerfall at the Masters of Rock 2007.jpg,42
Q112181418,Hamo Bika,person,2014,Egypt,,2
Q713575,Han Bennink,person,1942,Kingdom of the Netherlands,Han Bennink-38.jpg,12
Q82199,Hande Yener,person,2000,Turkey,Hande Yener Harbiye 2015 - 20 (cropped).JPG,80
Q534842,Hank Mobley,person,1949,United States,,24
Q706422,Hank Thompson,person,1946,United States,Hank Thompson 1966.JPG,12
Q206181,Hank Williams,person,1937,United States,Hank Williams Promotional Photo.jpg,69
Q18921645,Hannah Diamond,person,2013,,Hannah Diamond @ Moroccan Lounge 10 18 2023 (53423748734).jpg,7
Q65491,Hannes Wader,person,1960,Germany,2010-02-25 Hannes Wader IMG 5047.jpg,15
Q1428813,Hanoi Rocks,group,1979,Finland,Hanoi Rocks - Ilosaarirock 2008.jpg,22
Q76364,Hans Zimmer,person,1977,Germany,Hans-Zimmer-profile.jpg,89
Q45230,Hansi Hinterseer,person,1994,Austria,Hansi Hinterseer - Buch Wien 2025.JPG,18
Q1137427,Happy End,group,1969,Japan,,13
Q1141495,Happy Mondays,group,1980,United Kingdom,HappyMondays.jpg,24
Q23954870,Harakiri for the Sky,group,2011,Austria,Harakiri for the Sky Full Force 2019 23.jpg,12
Q819299,Hardfloor,group,1991,Germany,Hardfloor1.jpg,11
Q923731,Hardwell,person,2008,Kingdom of the Netherlands,Hardwell 2018 (cropped).jpg,46
Q5657172,Hari Om Sharan,person,1973,Dominion of India,,5
Q212512,Hariprasad Chaurasia,person,1957,Dominion of India,Hariprasad Chaurasia in July 2015 (1).jpg,28
Q232752,Haris Alexiou,person,1970,Greece,Haris Alexiou 2080202 (cropped).JPG,27
Q1585609,Harmonia do Samba,group,1993,Brazil,00 harmoniadosamba bsb1.jpg,3
Q38902387,Harmonize,person,2011,Tanzania,,4
Q728029,Harold Budd,person,1962,United States,Harold Budd (cropped).jpg,21
Q1585918,Harold Melvin & the Blue Notes,group,1954,United States,,13
Q1586034,Harpers Bizarre,group,1963,United States,Harpers Bizarre.png,6
Q214959,Harry Belafonte,person,1949,Jamaica,Harry Belafonte 2011 Shankbone.JPG,76
Q349902,Harry Champion,person,1865,United Kingdom,H. Champion.jpg,6
Q3127854,Harry Lauder,person,1870,United Kingdom of Great Britain and Ireland,"Harry Lauder, Scotch singer (SAYRE 5898).jpg",10
Q201494,Harry Partch,person,1901,United States,Harry Partch portrait 1952.jpg,36
Q1586825,Harry T. Burleigh,person,1866,United States,Maud Cuney Hare-Harry T Burleigh 328.jpg,10
Q1561874,Harry Von Tilzer,person,1872,United States,HarryVonTilzer.jpg,11
Q264989,Haruko Momoi,person,1999,Japan,Haruko Momoi at FanimeCon 2010-05-31 8.JPG,19
Q181434,Harumi Miyako,person,1964,Japan,Miyako-Harumi-1.jpg,11
Q3511609,Haruna Ishola,person,1919,Nigeria,,8
Q705221,Haruomi Hosono,person,1969,Japan,YMOHosono2008(cropped).jpg,16
Q3128141,Hassan Hakmoun,person,1970,Morocco,HassanHakmoun.jpg,11
Q268359,Hatebreed,group,1994,United States,Hatebreed - Reload Festival 2024 09.jpg,32
Q972623,Hatfield and the North,group,1972,United Kingdom,,15
Q1424035,Haujobb,group,1993,Germany,20140110-Leipzig-PlanetMyerDay-4360.jpg,7
Q91573,Hauschka,person,1966,Germany,Volker Bertelmann Nochtspeicher (cropped).jpg,25
Q65053184,Havana D'Primera,group,2008,,,3
Q285966,Hawkwind,group,1969,United Kingdom,Hawkwind Donington 1982.jpg,29
Q1324566,Hawthorne Heights,group,2001,United States,Hawthorneheights.jpg,20
Q3056796,Hayedeh,person,1967,Iran,Hayedeh - Portrait.jpg,27
Q231985,Hayley Westenra,person,2000,New Zealand,HayleyWestenra20090801.jpg,37
Q273868,Hazell Dean,person,1975,United Kingdom,Hazell Dean at Lets Rock Liverpool (81).jpg,13
Q223148,Headhunterz,person,2003,Kingdom of the Netherlands,Headhunterz.jpg,26
Q60736888,Headie One,person,2010,United Kingdom,Headie One.png,7
Q944058,Heavenly,group,1989,United Kingdom,Heanly point ephemere mai 2024.jpg,5
Q5694936,Heavens to Betsy,group,1991,United States,,5
Q1151,Hector Berlioz,person,1815,France,Berlioz Petit BNF Gallica-crop.jpg,135
Q5698073,Heera Group UK,group,1981,United Kingdom,,1
Q50179341,Heilung,group,2014,Germany,Heilung.jpg,24
Q6541,Heino,person,1961,Germany,2015 Heino - by 2eight - DSC8839.jpg,28
Q153643,Heinrich Schütz,person,1585,Germany,Schutz.jpg,51
Q236549,Helene Fischer,person,2005,Germany,Helene Fischer 2016.jpg,50
Q3090295,Hella,group,2001,United States,Spencer seim.jpg,9
Q5706948,Hellbastard,group,1985,United Kingdom,Hellbastard Eindhoven.jpg,5
Q1348695,Hellogoodbye,group,2001,United States,HelloGoodbye at 2007 MyCoke Fest in Atlanta3.JPG,16
Q158895,Helloween,group,1984,Germany,Helloween Rockharz 2026 35.jpg,54
Q1412298,Helmet,group,1989,United States,Helmet - Wacken Open Air 2018 02.jpg,22
Q549442,Helmut Lachenmann,person,1935,Germany,,24
Q1457636,Helstar,group,1982,United States,Helstar 20090603.jpg,9
Q2355139,Henri Chopin,person,1940,France,,9
Q364983,Henri Duparc,person,1848,France,Henri Duparc.jpg,25
Q18275695,Henrique & Juliano,group,2008,Brazil,Henrique & Juliano5.png,4
Q1474555,Henry Cow,group,1968,United Kingdom,,15
Q3182445,Henry Fillmore,person,1881,United States,Henry Fillmore at age 16.jpg,8
Q185928,Henry Mancini,person,1946,United States,Henry Mancini.jpg,58
Q9695,Henry Purcell,person,1679,Kingdom of England,Henry Purcell by John Closterman.jpg,67
Q506198,Henry Thomas,person,1981,United States,Henry Thomas Photo Op Nightmare Weekend Richmond 2023.jpg,29
Q354158,Henry Threadgill,person,1944,United States,Henry Threadgill1.jpg,11
Q294568,Henryk Mikolaj Górecki,person,1960,Poland,Henryk Mikołaj Górecki Polish composer.jpg,46
Q344822,Herb Alpert,person,1957,United States,Herb Alpert 1966.jpg,32
Q963107,Herbert Howells,person,1892,United Kingdom,Herbert Howells 1892-1983 Composer and Teacher lived here 1946-1983.jpg,14
Q105875,Herbie Hancock,person,1961,United States,Herbie Hancock.jpg,60
Q13635889,Herbs,group,1979,New Zealand,,3
Q1609632,Hercules & Love Affair,group,2004,United States,EXIT 2012 Hercules & Love Affair.jpg,12
Q14395442,Herencia de Timbiquí,group,2000,Colombia,,2
Q1581736,Heresy,group,1985,United Kingdom,,9
Q719447,Herman Brood,person,1964,Kingdom of the Netherlands,Herman Brood 1979.png,19
Q503717,Herman van Veen,person,1965,Kingdom of the Netherlands,Herman van Veen (2011).jpg,17
Q693597,Herman's Hermits,group,1963,United Kingdom,Herman's Hermits 1968 US television concert special.JPG,31
Q3089478,Hermanos Yaipén,group,2008,Peru,Concierto Hermanos Yaipén 2026 (5) (crop).jpg,4
Q247386,Hermínia Silva,person,1907,Portugal,"Hermínia Silva, 1939.png",9
Q4217170,Hernán Cattáneo,person,1983,Argentina,Hernan Cattaneo - in Toronto.jpg,7
Q1613803,Heroin,group,,,,14
Q112659660,Heroin in Tahiti,group,,Italy,,1
Q450797,Hervé,person,1825,France,Hervé (Florimond Ronger).jpg,22
Q5750432,Hi Tension,group,2014,United Kingdom,,2
Q147811,Hibari Misora,person,1945,Japan,Hibari Misora 01.jpg,31
Q11103061,Hideki Tōgi,person,1996,Japan,,5
Q846016,Hieroglyphics,group,1995,United States,,6
Q538289,High Contrast,person,2000,United Kingdom,High Contrast AKA Lincoln Barrett.JPG,17
Q278406,High on Fire,group,1998,United States,HF2022HighOnFire 4.jpg,17
Q1546885,High Tone,group,,France,Mix Dry.JPG,6
Q744723,Higher Intelligence Agency,group,1992,United Kingdom,,6
Q13027879,Hijack,group,1992,Thailand,,2
Q380126,Hijokaidan,group,1979,Japan,Hijokaidan-2.jpg,8
Q234598,Hikaru Utada,person,1996,Japan,Hikaru Utada at Spotify Tokyo.png,44
Q122020,Hilary Duff,person,1993,United States,Hilary Duff (35661671285) (cropped) (3).jpg,91
Q70991,Hildegard of Bingen,person,1098,Holy Roman Empire,Hildegard von Bingen.jpg,114
Q104490038,Hildegard von Blingin',person,,Canada,,0
Q22121828,Hillsong Worship,group,1983,Australia,,9
Q1287224,Himzo Polovina,person,1953,Socialist Federal Republic of Yugoslavia,,9
Q1039647,Hiroshi Itsuki,person,1965,Japan,Hiroshi Itsuki 20220621 - Appointed Peninsula Ambassador.jpg,8
Q11413264,Hiroshi Yoshimura,person,1972,Japan,,11
Q3130257,Hixxy,person,1975,United Kingdom,,3
Q1431398,Hocico,group,1993,Mexico,Hocico Live At Lunario Mexico DF.JPG,18
Q624790,Hole,group,1989,United States,HoleSXSW2010(wide).jpg,39
Q16203447,Holly Herndon,person,2009,United States,Holly Herndon (cropped).jpg,9
Q22907541,Holy Other,person,2010,,Holy Other - Ypsigrock 2013.jpg,2
Q1627365,Hooded Menace,group,2007,Finland,Hooded Menace @ Eindhoven Metal Meeting 2015 166.jpg,6
Q39224,Hoodie Allen,person,2009,United States,Hoodie Allen 2013.png,13
Q1627373,Hoods,group,1994,United States,,3
Q952337,Hooverphonic,group,1995,Belgium,Hooverphonic Atlas Weekend 2019.jpg,38
Q12020101,Hop Trop,group,1979,Czech Republic,Hop Trop (2).jpg,3
Q5899965,Hopeton Lewis,person,1965,Jamaica,,6
Q365560,Horace Silver,person,1928,United States,Horace Silver by Dmitri Savitski 1989.jpg,32
Q1235832,Horațiu Rădulescu,person,1942,France,,13
Q163597,Horse the Band,group,1999,United States,Horse the Band Photo.jpg,10
Q1629031,Horslips,group,1970,Ireland,Blacksheep festival 2014 rs FR 1720.JPG,14
Q3140890,Horóscopos de Durango,group,1975,United States,,3
Q348907,Hossein Alizadeh,person,1973,Iran,Hosein alizadeh2.jpg,18
Q936480,Hot Butter,group,1970,United States,,10
Q877512,Hot Chip,group,2000,United Kingdom,Hot Chip by Mike Mantin.jpg,28
Q16733999,Hot Since 82,person,2011,United Kingdom,,3
Q5911095,Hotdog,group,1972,Philippines,,1
Q3141228,Hou Dejian,person,1956,Taiwan,,4
Q382748,Howard Hanson,person,1916,United States,Howard Hanson (1959 still).jpg,22
Q207773,Howard Shore,person,1978,Canada,"Howard Shore, Canadian Film Centre, 2013-1.jpg",53
Q44780,Howlin' Wolf,person,1930,United States,Howlin Wolf AABF 1970 JT.jpg,40
Q45203,Hubert von Goisern,person,1979,Austria,"Hubert von Goisern - Kulturhauptstadt 2024, Seewiese Altaussee BHO-0488.jpg",15
Q5928796,Hudson Mohawke,person,1996,United Kingdom,Hudson Mohawke.jpg,15
Q5929728,Huggy Bear,group,1991,United Kingdom,"Huggy Bear, 1994.jpg",5
Q246594,Hugh Masekela,person,1956,South Africa,Womex2011 - Crawfurd6468 (6299756789).jpg,45
Q215747,Hugo Wolf,person,1860,Austria–Hungary,Postcard-1910 Hugo Wolf.jpg,48
Q1058729,Hugues Dufourt,person,1943,France,Dufourt.jpg,8
Q113950871,Humanity’s Last Breath,group,,Sweden,Humanity's Last Breath @ Complexity Fest 03.jpg,6
Q735407,Humberto Teixeira,person,1915,Brazil,"Humberto Teixeira, sem data.tif",8
Q1201007,Hurricane Chris,person,2006,United States,Hurricanec.jpg,12
Q304391,Huun-Huur-Tu,group,1992,Russia,Тюлюш Ховалыг Бапа Сарыглар.JPG,25
Q851798,Hybrid,group,1996,United Kingdom,Hybrid Press Shots 2018 -1.jpg,9
Q555195,Héctor Lavoe,person,1968,United States,"Estatua de Héctor Lavoe en Tablado La Guancha, Barrio Playa, Ponce, PR (DSC01187).jpg",23
Q862223,Hüsker Dü,group,1979,United States,Hüsker Dü (1986 Warner Bros publicity photo).jpg,32
Q10771464,Hương Lan,person,1956,Vietnam,HƯƠNG LAN - 2023.11.10 - P1.jpg,7
Q2246954,Hồ Ngọc Hà,person,2000,Vietnam,Ha Ho in 2019.png,12
Q953083,I See Stars,group,2006,United States,I See Stars Warped 2010.jpg,16
Q1356456,I-Roy,person,1968,Jamaica,,7
Q3155106,I. K. Dairo,person,1957,Nigeria,IKDairo.png,9
Q67154301,Ian Van Dahl,group,2000,,AnnaGrace live in Hasselt.jpg,8
Q152880,Iannis Xenakis,person,1922,France,XenakisMDaniel crop.jpg,50
Q3147363,Iarla Ó Lionáird,person,1964,Ireland,Iarla Ó Lionáird (2011).jpg,3
Q309941,Ice-T,person,1982,United States,Body Count feat. Ice-T - 2019214172411 2019-08-02 Wacken - 2311 - AK8I3133 (cropped).jpg,49
Q728109,Iced Earth,group,1985,United States,Iced Earth December 2012.jpg,36
Q115769267,Icewear Vezzo,person,2012,United States,Icewear Vezzo detroit mi.jpg,3
Q3138085,Ichirō Fujiyama,person,1921,Japan,藤山一郎.jpg,8
Q1656463,Icon of Coil,group,1997,Norway,Icon-of-coil.jpg,9
Q508100,Ida Cox,person,1896,United States,,16
Q111988305,Ideal,group,,,,0
Q5971066,IG Culture,person,,United Kingdom,,1
Q7314,Igor Stravinsky,person,1882,Switzerland,Igor Stravinsky LOC 32392u.jpg,166
Q2486120,Igorrr,person,2005,France,Igorrr 2010.jpg,12
Q4273010,Iis Dahlia,person,1987,Indonesia,,10
Q269813,Il Divo,group,2004,United Kingdom,Il Divo 2012.jpg,53
Q177732,Il Volo,group,2010,Italy,20150517 ESC 2015 Il Volo 0752.jpg,45
Q486879,Ildo Lobo,person,1975,Cape Verde,,8
Q5941036,Ilegales,group,1982,Spain,Ilegales en Extremúsika 2009.jpg,5
Q41265,Illapu,group,1979,Chile,Festival del Huaso de Olmué 2019 - 2019-01-19 - 17.jpg,14
Q27662462,Illenium,person,2008,United States,ILLENIUM In Las Vegas.png,21
Q1566042,Ilê Aiyê,group,1974,Brazil,"Ilê Aiyê em Belo Horizonte, 2013.jpg",7
Q6372726,Im Bang-ul,person,1905,South Korea,,3
Q83688261,Imanbek,person,2017,Kazakhstan,Imanbek (2021).png,16
Q6005201,Imminent,group,1999,,,1
Q208417,Immortal,group,1990,Norway,Immortal by Christian Misje 02.jpg,44
Q347368,Immortal Technique,person,2000,Peru,Immortal Technique performing in 2010.jpg,28
Q96381993,Imperial Triumphant,group,2005,,,4
Q458326,Impetigo,group,1987,United States,,5
Q326034,In Extremo,group,1995,Germany,In Extremo - Hammaburg Fest 2018 01.jpg,26
Q258546,In Flames,group,1990,Sweden,In Flames - 2017153171434 2017-06-02 Rock am Ring - Sven - 1D X II - 1069 - AK8I7011.jpg,49
Q6010844,In Slaughter Natives,group,1985,Sweden,In Slaughter Natives Nocturnal Culture Night 14 2019 09.jpg,5
Q839408,In the Nursery,group,1981,United Kingdom,In the Nursery.jpg,6
Q1116390,Incantation,group,1989,United States,Incantation Party.San Metal Open Air 2019 02.jpg,15
Q2748333,Incapacitants,group,1981,Japan,Incapacitants @ luff 2010.jpg,5
Q615207,Incognito,group,1979,United Kingdom,Incognito Band.jpg,18
Q258750,India.Arie,person,1999,United States,India Arie Mile High Music Festival 2009.jpg,33
Q75763471,Indian Summer,person,2010,Australia,Gabriel-Gleeson-2019.jpg,1
Q267822,Indira Radić,person,1985,Bulgaria,Indira Radić 2011.jpeg,22
Q6028735,Inezita Barroso,person,1951,Brazil,Inezita Barroso.jpg,14
Q1662265,Infamous Stringdusters,group,2007,United States,The Infamous Stringdusters with Instruments.jpg,3
Q548994,Infected Mushroom,group,1996,Israel,InfectedMushroom02.jpg,29
Q1662335,Infectious Grooves,group,1989,United States,Mike Muir.jpg,11
Q49405377,Ingested,group,2002,United Kingdom,Ingested live Download 2025.jpg,4
Q613838,Inner Circle,group,1968,Jamaica,Inner Circle @ Supreme Court Gardens (24 1 2009) (3296738332).jpg,23
Q929731,Insane Clown Posse,group,1989,United States,Insane clown posse 2017.jpg,26
Q1146675,Insomnium,group,1997,Finland,Insomnium John Smith 2019 (5).jpg,28
Q500492,Inspiral Carpets,group,1983,United Kingdom,Tom Hingley.jpg,19
Q111060278,Instra:mental,group,,,,0
Q944143,Integrity,group,1988,United States,Integrity @ Roadburn Festival 2017 04.jpg,11
Q1666276,Internal Bleeding,group,1991,United States,,6
Q331790,Interpol,group,1997,United States,"Interpol Concert in Las Vegas, September 19, 2005-4.jpg",43
Q1068887,Inti-Illimani,group,1967,Chile,Inti-Illimani2(cut).jpg,22
Q2033206,Intocable,group,1994,United States,Intocable0519-1000.jpg,4
Q580563,Inul Daratista,person,1990,Indonesia,Inul Daratista 2004.JPG,17
Q20191939,Invent Animate,group,2011,United States,,6
Q6061091,Invisibl Skratch Piklz,group,1989,United States,,3
Q489801,INXS,group,1977,Australia,"INXS performs at Campbelltown RSL Club, Sydney.jpg",49
Q6065762,Iqbal Bano,person,1950,Dominion of India,,15
Q1672362,Irakere,group,1973,Cuba,,12
Q6068302,Iration,group,2004,United States,Iration Eugene Oregon 8.jpg,3
Q6070186,Iris DeMent,person,1991,United States,Iris Dement - Ron Baker - 2007.jpg,16
Q271139,Irma Thomas,person,1959,United States,IrmaThomas2006.jpg,23
Q361881,Iron & Wine,person,2002,United States,Sam Beam - Iron and Wine (52413563571) (cropped2).jpg,25
Q743353,Iron Butterfly,group,1966,United States,Iron Butterfly (1969).png,32
Q42482,Iron Maiden,group,1975,United Kingdom,Iron Maiden Irvine 2008.jpg,107
Q2469809,Iron Monkey,group,1994,United Kingdom,,9
Q128746,Irving Berlin,person,1907,United States,"Irving Berlin (1907 portrait, NPG.93.388.3 - crop).jpg",73
Q3154632,Iry LeJeune,person,1928,United States,,3
Q206439,Isaac Hayes,person,1963,United States,Issac Hayes 1971 press photo.jpg,59
Q2423005,Isabel Pantoja,person,1956,Spain,Isabel Pantoja durante su Gira 50 Aniversario (2024).jpg,25
Q6077732,Isabel Parra,person,1959,Chile,Isabel Parra en 2018 (cropped).jpg,13
Q5921010,Isaco Abitbol,person,1917,Argentina,Isaco Abitbol 1979.jpg,1
Q546592,Isao Tomita,person,1952,Japan,Isao Tomita 1977.png,25
Q740430,Isis,group,1997,United States,"Isis performing live at the Great American Music Hall in San Francisco--June 29, 2009.jpg",24
Q55640062,Islam Chipsy,person,2013,,,3
Q102616,Isolée,person,1998,Germany,Isolee1.jpg,4
Q958875,Israel Vibration,group,1970,Jamaica,Israelvibrationphoto.jpg,14
Q983920,Issac Delgado,person,1962,Cuba,IsaacDelgado.jpg,7
Q5321456,Issah Mmari Wangui,person,2001,Kenya,,2
Q6088401,Issues,group,2012,United States,Issues 2018.jpg,7
Q18131062,Ivan Kuchin,person,1942,Soviet Union,,2
Q1380845,Ivan Wyschnegradsky,person,1893,Soviet Union,И.А.Вышнеградский в Париже.jpg,16
Q235940,Ivete Sangalo,person,1992,Brazil,Ivete Sangalo (Jul 2024).png,36
Q323048,Ivor Gurney,person,1890,United Kingdom,,15
Q137590626,Ivy Lab,group,,,,1
Q292135,Ivy Queen,person,1995,United States,Ivy Queen.jpg,21
Q343394,İbrahim Tatlıses,person,1970,Turkey,İbrahim Tatlıses (8 Temmuz 2007).JPG,30
Q966845,J Balvin,person,2004,Colombia,"J Balvin, Noisey Meets; Oct 2018.jpg",49
Q17386094,J Boog,person,1983,United States,,1
Q352218,J Dilla,person,1993,United States,,25
Q28976178,J Hus,person,2014,United Kingdom,J Hus.png,11
Q6107195,J. T. Meirelles,person,1957,Brazil,,3
Q327311,Jaap Blonk,person,1953,Kingdom of the Netherlands,Jaap Blonk-3.jpg,6
Q4216454,Jabbar Garyaghdioglu,person,1876,Soviet Union,Jabbar Garyagdioglu.jpg,15
Q7205605,Jack Beats,group,2007,United Kingdom,"Jack Beats, Glasgow, 2010.jpg",2
Q1677067,Jack Ingram,person,1992,United States,Jack Ingram (14248722558) (cropped).jpg,8
Q297097,Jack Johnson,person,1992,United States,Jack Johnson 2014.jpg,43
Q1677192,Jack Rose,person,1993,United States,Jack Rose.jpg,5
Q3157402,Jackie Opel,person,1938,Barbados,,4
Q329698,Jackson do Pandeiro,person,1942,Brazil,"Jackson do Pandeiro, 1972.tif",10
Q16781,Jacky Cheung,person,1984,British Hong Kong,張學友 Jacky Cheung 2024.jpg,38
Q923012,Jacob do Bandolim,person,1934,Brazil,Jacob do Bandolim cropped upright.png,10
Q125532044,Jacob Forever,person,1981,Cuba,,1
Q510939,Jacopo da Bologna,person,1340,Papal States,,18
Q316402,Jacques Arcadelt,person,1507,Republic of Venice,,28
Q1666,Jacques Brel,person,1953,Belgium,Jacques Brel (1962).jpg,81
Q713477,Jacques Dutronc,person,1961,France,Dutronc1.jpg,33
Q1042234,Jag Panzer,group,1981,United States,Jag Panzer 21 (28177004121).jpg,15
Q107067,Jagjit Singh,person,1960,Dominion of India,Jagjit Singh (Ghazal Maestro).jpg,31
Q4479007,Jai Uttal,person,1991,United States,,4
Q382570,Jaime Roos,person,1977,Uruguay,Jaime Roos.jpg,7
Q19694577,Jambinai,group,2009,South Korea,20160708-Rudolstadt-Festival-Jambinai-04849.jpg,9
Q3504775,Jamelão,person,1930,Brazil,Jamelão.jpg,15
Q6128039,James A. Bland,person,1854,United States,James Bland's 3 Great Songs.jpg,7
Q6129841,James Blackshaw,person,1981,United Kingdom,James Blackshaw La Maroquinerie cropped.jpg,2
Q350362,James Blake,person,2009,United Kingdom,James Blake at the Wang in Boston (51561366027) (cropped).jpg,33
Q644768,James Blood Ulmer,person,1964,United States,James Blood Ulmer.jpg,16
Q5950,James Brown,person,1954,United States,Jamesbrown4.jpg,100
Q45359,James Chance and the Contortions,group,1977,United States,James White 1981 2.jpg,9
Q4845705,James Cleveland,person,1950,United States,Seum msu edu-museum-tes-gospel-gospel16 jpg .jpg,10
Q709092,James Dillon,person,1950,United Kingdom,,8
Q4483079,James Ferraro,person,2004,United States,James Ferraro.jpg,10
Q57213,James Last,person,1946,Germany,WP2015 JamesLast FFM.jpg,38
Q550541,James P. Johnson,person,1894,United States,JPJ CD2.gif,25
Q310300,James Taylor,person,1966,United Kingdom,James Taylor at Tanglewood.jpg,45
Q1057805,James Taylor Quartet,group,1985,United Kingdom,JTQ3.jpg,6
Q13581065,Jamie Jones,person,2003,United Kingdom,,7
Q263726,Jamie xx,person,2007,United Kingdom,Jamie xx - 8 June 2016 (cropped).jpg,14
Q202041,Jamiroquai,group,1992,United Kingdom,Jamiroquai 2018 Coachella18W1-121 (27188172187).jpg,47
Q1682401,Jan and Dean,group,1958,United States,"Jan and Dean performing at Orange County Fair, 1985.jpg",18
Q319183,Jan Smit,person,1996,Kingdom of the Netherlands,JanSmit.jpg,24
Q115920342,Jane Remover,person,2017,United States,Jane Remover April 2025 2 (cropped).png,14
Q622947,Jane's Addiction,group,1985,United States,Janes Addiction @ Steel Blue Oval (1 3 2010) (4416154323).jpg,34
Q131324,Janet Jackson,person,1974,United States,JanetJacksonUnbreakableTourSanFran2015 (cropped).jpg,104
Q6153427,Janet Kay,person,1977,United Kingdom,,5
Q496245,Jang Yoon-jeong,person,1999,South Korea,Jang Yoon-Jeong.jpg,17
Q1354827,Jaromír Vejvoda,person,1902,Czechoslovakia,Praha Zbraslav - Jaromir Vejvoda.jpg,8
Q617822,Jars of Clay,group,1993,United States,Jars of Clay.jpg,10
Q5244658,Jason & the Scorchers,group,1981,United States,Jason Ringenberg 2015 by Brian Mansfield.jpg,7
Q195439,Jason Aldean,person,2005,United States,Jason Aldean.jpg,26
Q314245,Jason Becker,person,1986,United States,,32
Q3162896,Jason Boland & the Stragglers,group,,United States,,3
Q6162757,Jason Isbell,person,2000,United States,Jason Isbell - Cambridge Folk Festival 50th Anniversary.jpg,12
Q2426558,Jasraj,person,1945,Dominion of India,Pandit Jasraj at Bhopal 2015.jpg,21
Q28053503,Jauz,person,2013,United States,,7
Q198939,Javier Solís,person,1950,Mexico,Javier Solís in 1966 (cropped).jpg,14
Q238819,Jay Chou,person,2000,Taiwan,咪咕音乐盛典 (25).jpg,44
Q62766,Jay-Z,person,1986,United States,Jay-Z meets with New York Senate Majority Leader in Albany (cropped).webp,87
Q920964,Jayne County,person,1947,United States,Jayne County by David Shankbone.JPG,11
Q708757,Jazzanova,group,1995,Germany,Root Down Special ZMF 2015 jm43939.jpg,12
Q1276420,Jean Barraqué,person,1928,France,,15
Q26702221,Jean Bikoko,person,1939,Cameroon,,1
Q54885,Jean Ferrat,person,1958,France,Jean Ferrat (chanteur).jpg,36
Q2661396,Jean Ritchie,person,1948,United States,Jean Ritchie (2671008759).jpg,20
Q45682,Jean Sibelius,person,1892,Grand Duchy of Finland,Jean Sibelius in 1890 (cropped).jpg,105
Q1192,Jean-Baptiste Lully,person,1647,Grand Duchy of Tuscany,Jean-Baptiste Lully.jpeg,69
Q104326,Jean-Michel Jarre,person,1969,France,Jean Michel Jarre B10-2016.jpg,71
Q3168137,Jean-Michel Rotin,person,1970,France,,2
Q1145,Jean-Philippe Rameau,person,1683,Kingdom of France,"Attribué à Joseph Aved, Portrait de Jean-Philippe Rameau (vers 1728) - 001.jpg",70
Q3169283,Jean-Pierre Ferland,person,1959,Canada,Jean-Pierre Ferland Musée Grévin Montréal.JPG,9
Q1540106,Jedi Mind Tricks,group,1996,United States,Jedimindtricks.jpg,15
Q342447,Jeezy,person,1997,United States,Jeezy.png,38
Q506851,Jeff Mills,person,1980,United States,Jeff Mills 5.jpg,21
Q488260,Jefferson Airplane,group,1965,United States,Jefferson Airplane photo 1967.JPG,60
Q712910,Jeffrey Lewis,person,1997,United States,Jeffrey Lewis.jpg,11
Q12701605,Jeffrydin,person,1947,Singapore,,1
Q79191,Jelena Karleuša,person,1995,Serbia,Jelena Karleuša (Oct 2024) (cropped).png,51
Q6176881,Jelly Roll,person,2003,United States,"Jellyroll Performing at Global Citizen Festival – September 28, 2024 (cropped).jpg",23
Q317128,Jelly Roll Morton,person,1900,United States,MortonBricktopRowCropMortonFace.jpg,37
Q18529010,Jenni Rivera,person,1712,,,2
Q313270,Jerome Kern,person,1902,United States,Jerome-Kern-1934-Stage.jpg,43
Q1080874,Jeromes Dream,group,1997,United States,,5
Q10306713,Jerry Adriani,person,1964,Brazil,Jerry Adriani.jpg,9
Q372820,Jerry Butler,person,1958,United States,Jerry Butler (1970).png,21
Q235077,Jerry Goldsmith,person,1947,United States,Jerry Goldsmith 2.jpg,58
Q6183761,Jerry Holland,person,1955,Canada,,3
Q979411,Jerry Jeff Walker,person,1967,United States,Jerry Jeff Walker.jpg,16
Q202729,Jerry Lee Lewis,person,1949,United States,Jerry Lee Lewis 1950s publicity photo cropped retouched.jpg,66
Q1360931,Jerry Rivera,person,1988,United States,Jerry Rivera en Acceso Total (cropped).jpg,12
Q527564,Jesse Saunders,person,1977,United States,Promotional photo! 2013-08-09 00-25.jpeg,5
Q243103,Jessi Colter,person,1970,United States,Jessi Colter SXSW 2006 crop.jpg,13
Q3177699,Jessie Mae Hemphill,person,1923,United States,JessieMHemphillbyLMcGaughran.jpg,10
Q302,Jesus Christ,person,7,Herodian Kingdom of Judea,Spas vsederzhitel sinay (cropped1).jpg,346
Q4387765,Jesus Jones,group,1986,United Kingdom,Jesus Jones 2011.jpg,14
Q3826503,Jesús Vásquez,person,1939,Peru,Jesus Vasquez 1994.jpg,9
Q192353,Jethro Tull,group,1967,United Kingdom,Ian Anderson and Martin Barre 2006.jpg,56
Q1264108,Jex Thoth,group,,United States,Jex Thoth - Tuska 2011 - 03.JPG,4
Q15929781,Jhené Aiko,person,2002,United States,Jhené Aiko (cropped).jpg,35
Q232592,Jill Scott,person,1999,United States,JillScott.jpg,33
Q10306910,Jill Tracy,person,1995,United States,Jill Tracy backstage2.jpg,4
Q6193271,Jim & Jesse,group,1945,United States,Jim & Jesse.png,3
Q1689135,Jim Kweskin Jug Band,group,,,,1
Q362435,Jim Reeves,person,1948,United States,Jim Reeves 1963.JPG,30
Q366358,Jimmie Rodgers,person,1927,United States,Jimmie Rodgers in 1931.jpg,30
Q726071,Jimmy Buffett,person,1965,United States,Jimmy Buffett 1.jpg,42
Q6199827,Jimmy Clanton,person,1956,United States,Jimmy Clanton 1975.JPG,8
Q109063,Jimmy Cliff,person,1962,Jamaica,Jimmy Cliff - Festival du Bout du Monde 2012 - 022 (cropped).jpg,47
Q642988,Jimmy Eat World,group,1993,United States,2018 RiP - Jimmy Eat World - by 2eight - 8SC8095.jpg,34
Q528103,Jimmy Giuffre,person,1934,United States,,21
Q355915,Jimmy Martin,person,1949,United States,,12
Q726100,Jimmy McGriff,person,1960,United States,Jimmy McGriff.jpg,10
Q435600,Jimmy Reed,person,1976,United States,Jimmy Reed Vee-Jay press photo.jpg,29
Q1689431,Jimmy Rushing,person,1901,United States,Jimmy Rushing 1946 (Gottlieb 07551).jpg,15
Q6201257,Jimmy Shand,person,1908,United Kingdom,"Jimmy Shand Memorial Statue, Auchtermuchty (modified background).jpg",4
Q318948,Jimmy Smith,person,1956,United States,Jimmy Oscar Smith Hammond.JPG,30
Q4442402,Jimmy Sturr,person,1941,United States,Jimmy Sturr.jpg,6
Q1689472,Jimmy Witherspoon,person,1920,United States,Jimmy Witherspoon.jpg,21
Q1346384,Jimmy Yancey,person,1894,United States,,16
Q4260744,Jinsang Lee,person,1981,South Korea,,4
Q383197,Jintara Poonlarp,person,1987,Thailand,Jintara Poonlarb Kaapelitehdas Helsinki Finland 26 05 2007.jpg,78
Q6203251,Jitendra Abhisheki,person,1929,Dominion of India,,10
Q716022,JJ Lin,person,2003,Singapore,第十二屆 KKBOX 風雲榜－林俊傑演出.jpg,25
Q22905998,Jlin,person,2008,United States,"JLin performing at Elsewhere in Brooklyn, New York, on August 8, 2021.jpg",3
Q1385721,Jme,person,2003,United Kingdom,"Jme, UK MC .jpg",10
Q3179415,Jo Privat,person,1919,France,,6
Q62724,Joachim Witt,person,1977,Germany,Joachim witt bochum 2014.jpg,14
Q131725,Joan Baez,person,1958,United States,Joan Baez 1963 crop.jpg,103
Q312753,Joan Manuel Serrat,person,1965,Spain,Serrat portrait.jpg,37
Q1690790,Joan of Arc,group,1995,United States,JoanOfArc.jpg,6
Q233061,Joanna Newsom,person,2002,United States,Joanna Newsom 2014 (15278394927) (cropped).jpg,38
Q1690855,Joaquim Antonio (Callado) da Silva,person,1848,Brazil,"Capa da Revista Illustrada, n.º 202 (1880) (cropped).png",6
Q1348291,Job for a Cowboy,group,2003,United States,"Job For A Cowboy Mayhem Fest Hartford, CT (2).jpg",19
Q1661305,Jodeci,group,1989,United States,,10
Q6208009,Jodle Birge,person,1945,Kingdom of Denmark,,2
Q71915,Joe Bataan,person,1942,United States,Joe Bataan.jpg,7
Q347717,Joe Bonamassa,person,1989,United States,2007-10-11 Joe Bonamassa IMG 6033.jpg,33
Q935746,Joe Cuba,person,1950,United States,,8
Q2324713,Joe Falcon,person,1900,United States,Joe Falcon in 1934.PNG,5
Q764514,Joe Harriott,person,1928,Jamaica,,5
Q506006,Joe Henderson,person,1955,United States,Joe Henderson 2.jpg,26
Q974670,Joe Liggins,person,1987,United States,,7
Q194287,Joe Satriani,person,1978,United States,Joe satriani without sunglasses 2004.jpg,55
Q1691598,Joe Smooth,person,1964,United States,,4
Q1691619,Joe Tex,person,1955,United States,Joe Tex.png,16
Q16212084,Joel Fletcher,person,2010,Australia,,3
Q3201552,Joey Bada$$,person,2011,United States,Joey Badass.jpg,20
Q106641,Johann Christian Bach,person,1760,Germany,Johann Christian Bach by Thomas Gainsborough.jpg,66
Q60724,Johann Jakob Froberger,person,1616,Germany,,30
Q1339,Johann Sebastian Bach,person,1710,Duchy of Saxe-Eisenach,Johann Sebastian Bach.png,259
Q184178,Johann Strauss I,person,1819,Austrian Empire,Johann Strauss I (1).jpg,56
Q83309,Johann Strauss II,person,1844,Cisleithania,Johann Strauss II (3).jpg,90
Q7294,Johannes Brahms,person,1843,Germany,JohannesBrahms.jpg,161
Q143059,Johannes Ockeghem,person,1410,Kingdom of France,"Anonymous - Portrait of a Musician, 64.54.jpg",44
Q84114,John Adams,person,1973,United States,JA-portrait-1-LW.jpg,42
Q180727,John Cage,person,1938,United States,"Opdracht GPD componist John Cage , kop, Bestanddeelnr 934-2728.jpg",76
Q95008,John Carpenter,person,1969,United States,Portrait of John Carpenter.jpg,58
Q1699575,John Cephas,person,1930,United States,,1
Q7346,John Coltrane,person,1945,United States,John Coltrane 1963 cropped ver2.jpg,72
Q450620,John Corigliano,person,1938,United States,John Corigliano 2023.jpg,22
Q1699751,John Danyel,person,1564,United Kingdom of Great Britain and Ireland,,8
Q118208096,John De'Mathew,person,,Kenya,,1
Q105460,John Denver,person,1962,United States,John Denver 1975.JPG,65
Q44570,John Lee Hooker,person,1942,United States,John Lee Hooker two.jpg,59
Q472578,John Martyn,person,1967,United Kingdom,JohnMartyn1978.jpg,31
Q886072,John Mayall & the Bluesbreakers,group,1963,United Kingdom,"John Mayall met zijn Bluesbreakers in Amsterdam. John Mayall met lp So many roa, Bestanddeelnr 920-8325.jpg",24
Q345431,John Mellencamp,person,1976,United States,John Mellenkamp 2007 (cropped).jpg,27
Q1366223,John O'Callaghan,person,2003,Ireland,John O'Callaghan (musician).jpg,8
Q278207,John Oswald,person,1953,Canada,JOsw1088.png,8
Q520296,John Prine,person,1971,United States,John Prine by Ron Baker.jpg,25
Q3809570,John Reuben,person,1994,United States,JohnReubencropped.jpg,7
Q505614,John Rutter,person,1945,United Kingdom,John Rutter.jpg,23
Q317350,John Tavener,person,1968,United Kingdom,,33
Q682089,John Wilbye,person,1598,Kingdom of England,,18
Q131285,John Williams,person,1952,United States,John Williams 2024.jpg,78
Q298726,John Zorn,person,1973,United States,"John Zorn, Newport Jazz Festival 2014.jpg",40
Q1629681,John's Children,group,1966,England,,8
Q1702271,Johnnie Allan,person,1938,United States,,8
Q968938,Johnnie Taylor,person,1953,United States,Johnnie Taylor at the 1973 PUSH Black Expo.gif,17
Q711339,Johnny Burnette,person,1952,United States,Johnny Burnette.png,19
Q42775,Johnny Cash,person,1954,United States,"Johnny Cash ""The Johnny Cash Spring Special"" (1979 CBS press photo).jpg",118
Q561596,Johnny Clegg,person,1976,United Kingdom,Johnny-clegg-valenciennes-davidata-14 07 2009.jpg,32
Q6266499,Johnny Colon,person,1942,United States,"Johnny Colon in El Barrio in Spanish Harlem, NYC..jpg",3
Q325273,Johnny Copeland,person,1950,United States,,14
Q1702316,Johnny Duncan,person,1970,United States,Johnny Duncan (1971).png,9
Q212015,Johnny Hallyday,person,1957,France,Johnny Hallyday 2012 3.jpg,76
Q1702347,Johnny Jordaan,person,1954,Kingdom of the Netherlands,Johnny Jordaan.png,9
Q3182925,Johnny Kemp,person,1979,The Bahamas,,6
Q1687517,Johnny Lee,person,1976,United States,,7
Q1364197,Johnny Pacheco,person,1960,United States,Compositor Jhonny Pacheco.jpg,18
Q1702424,Johnny Ventura,person,1962,Dominican Republic,Johnny Ventura El Caballo cropped.jpeg,9
Q332635,Johnny Winter,person,1964,United States,Johnny Winter1990.jpg,36
Q31193390,Joker,person,2005,Turkey,,3
Q51101,Jolin Tsai,person,1999,Taiwan,蔡依林出席王国大帝全球巡回赛现场 cropped (cropped).jpg,90
Q3183166,Jomanda,group,1988,United States,,3
Q1453940,Jon Gooch,person,2004,United Kingdom,,12
Q16945221,Jon Henrik Fjällgren,person,2014,Sweden,Jon Henrik Fjällgren.Melodifestivalen2019.19e114.1890290.jpg,21
Q1417601,Jon Spencer Blues Explosion,group,1990,United States,Jon Spencer 2006.jpg,20
Q611179,Jonathan Coulton,person,2003,United States,Jonathan Coulton 13 November 2009.jpg,18
Q499742,Jonathan Harvey,person,1939,United Kingdom,,13
Q449002,Jonathan Larson,person,1960,United States,,30
Q205721,Joni Mitchell,person,1967,United States,Joni Mitchell 2021 Kennedy Center Honors (cropped).jpg,74
Q2587969,Jonn Serrie,person,1980,United States,Jonn Serrie 20110312.jpg,6
Q6275943,Jonzun Crew,group,1981,United States,,2
Q490192,Joo Hyun-mi,person,1984,South Korea,Joo Hyun-Mi.jpg,10
Q10308035,Jorge & Mateus,group,2005,Brazil,JeMperfil.jpg,6
Q119015,Jorge Ben,person,1963,Brazil,Jorge Ben Jor at Live Earth.jpg,28
Q734580,Jorge Negrete,person,1931,Mexico,Jorge Negrete en 1953 (cropped).jpg,26
Q6278435,Jorge Oñate,person,1968,Colombia,Jorge Oñate.jpg,12
Q518103,Jorge Pardo,person,1956,Spain,Jorge Pardo.jpg,8
Q9012837,Jorge Velosa,person,1949,Colombia,Velossa.jpg,3
Q3184006,Joseba Tapia,person,1964,Spain,Joseba Tapia.jpg,4
Q16844889,Joseph Capriati,person,2006,Italy,Pic JC-Joseph Capriati.jpg,5
Q7349,Joseph Haydn,person,1740,Holy Roman Empire,"Joseph Haydn, målning av Thomas Hardy från 1792.jpg",158
Q1980296,Joseph Kobzon,person,1956,Soviet Union,Official portrait of Iosif Kobzon (1).jpg,37
Q1066908,Joseph Lamb,person,1887,United States,Joseph Lamb (musician) ca. 1915.jpg,20
Q44927,Joseph Lanner,person,1813,Austrian Empire,Joseph Lanner.jpg,31
Q57512,Joseph Michel Martelly,person,1988,Haiti,"Michel Martelly on April 20, 2011.jpg",46
Q3079985,Joseíto Fernández,person,1908,Cuba,Joseíto Fernández.jpg,11
Q218083,Josh Groban,person,1997,United States,Josh Groban (Cropped).jpg,51
Q361927,Joshua Redman,person,1991,United States,Joshua Redman Kongsberg Jazzfestival 2017 (234336).jpg,24
Q143100,Josquin des Prez,person,1489,Habsburg Netherlands,Josquin des Prez.jpg,52
Q559269,José Afonso,person,1952,Portugal,José Afonso by Henrique Matos 001.jpg,29
Q1352007,José Alfredo Jiménez,person,1947,Mexico,"José Alfredo Jiménez (exposición compositores, CDMX) (cropped).jpg",20
Q470732,José Antonio Labordeta,person,1935,Spain,José Antonio Labordeta (2009) cropped.jpg,16
Q23001417,José Antonio Méndez García,person,1927,Cuba,,1
Q1395857,José Asunción Flores,person,1904,Paraguay,Jose-asuncion-flores.jpg,12
Q16199202,José Fajardo,person,1919,Cuba,,2
Q315107,José González,person,2003,Sweden,"José Gonzales at La Route du Rock 2008, b.jpg",27
Q2608238,José José,person,1963,Mexico,José José y Lee Taylor en 1970 (cropped).webp,22
Q2707438,José Luis Perales,person,1973,Spain,José Luis Perales (cropped).jpg,17
Q612185,José Manuel Calderón,person,1941,Dominican Republic,,5
Q387710,José Mari Chan,person,1966,Philippines,Jose Mari Chan.jpg,8
Q983914,José Mário Branco,person,1963,Portugal,José Mário Branco by Rita Carmo.jpg,14
Q605250,José Padilla,person,1889,Spain,,16
Q464749,Journey,group,1973,United States,Journey band.JPG,44
Q10310921,Jovelina Pérola Negra,person,1944,Brazil,,3
Q172763,Joy Division,group,1976,United Kingdom,,70
Q14159313,Joy Orbison,person,2009,United Kingdom,,2
Q5398138,Joyryde,person,2003,United Kingdom of Israel,Eskimo (28).jpg,5
Q192359,João Gilberto,person,1950,Brazil,João Gilberto.jpg,55
Q107605286,João Gomes,person,2021,Brazil,João Gomes.jpg,8
Q50415953,JPEGMafia,person,2007,United States,JPEGMafia 202I (cropped; portrait).jpg,15
Q6298712,Jua Cali,person,1998,Kenya,Juacali 2.jpg,8
Q366714,Juan Atkins,person,1980,United States,Model500 3.jpg,23
Q540135,Juan Bautista Cabanilles,person,1644,Crown of Aragon,"1. Joan Bta. Cabanilles, 1644-1712 (Algemesí, País Valencià).jpg",18
Q512104,Juan d'Arienzo,person,1928,Argentina,Darienzo photo.jpg,17
Q738404,Juan Gabriel,person,1971,Mexico,Juan Gabriel in 1985 (cropped).jpg,35
Q722627,Juan García Esquivel,person,1918,Mexico,Esquivel!.jpg,12
Q158753,Juan Luis Guerra,person,1984,Dominican Republic,Juan Luis Guerra 2012.jpg,31
Q3087850,Juan Magán,person,2009,Spain,Billboard Latin Music Showcase Chile 2018 - Juan Magán - 02.jpg,14
Q6300893,Juan Reynoso Portillo,person,1912,Mexico,,2
Q3534561,Juan Vicente Torrealba,person,1917,Venezuela,Juan Vicente Torrealba.jpg,7
Q5103570,Juana Fe,group,2004,Chile,,4
Q581966,Juaneco y su Combo,group,1966,Peru,,3
Q43189,Juanes,person,1988,Colombia,"2023-11-16 Gala de los Latin Grammy, 14 (cropped).jpg",77
Q457655,Juanita Reina,person,1925,Spain,"Juanita Reina, Alginet (País Valencià), 1955 (cropped).jpg",9
Q83468,Judas Priest,group,1969,United Kingdom,Judas Priest - Wacken Open Air 2018 01.jpg,82
Q52151598,Juice WRLD,person,2015,United States,Juice Wrld VMAs.png,51
Q272496,Julee Cruise,person,1985,United States,Julee Cruise.jpg,23
Q1889636,Jules de Corte,person,1924,Kingdom of the Netherlands,Jules-de-corte-2010-09-10.jpg,4
Q4499486,Julia Holter,person,2006,United States,Julia Holter (Haldern Pop 2013) IMGP2430 smial wp.jpg,13
Q6306853,Julia Wolfe,person,1958,United States,Julia Wolfe.jpg,14
Q18155786,Julio Gutiérrez,person,1918,Cuba,Julio Gutiérrez.jpg,5
Q122003,Julio Iglesias,person,1968,Spain,Julio Iglesias09.jpg,87
Q1395127,Julio Jaramillo,person,1940,Ecuador,Julio jaramillo laurido2.jpg,21
Q356151,Julius Fucik,person,1905,Cisleithania,Julius Fučík (1872–1916).jpg,30
Q681634,Julián Carrillo,person,1875,Mexico,"Julián Carrillo en París, 4 sep 1899.jpg",12
Q17635809,Julión Álvarez Hernandez,person,1983,Mexico,Fedelobo.jpg,4
Q2305847,Juma Nature,person,1998,Tanzania,,6
Q42023,Jungle Brothers,group,1987,United States,Jungle brothers-mika.jpg,17
Q109569656,Junior H,person,2000,Mexico,"Junior H @ El Domo Care - Monterrey, 2022.png",5
Q1713550,Junior Kimbrough,person,1930,United States,Junior Kimbrough 1995.jpg,10
Q6313495,Junior Vasquez,person,1980,United States,,6
Q6313822,Junk Yard Band,group,1980,United States,,1
Q6313983,Junko Yagami,person,1978,Japan,八神純子20210916.jpeg,8
Q4280436,Junoon,group,1990,,Junoonlive.jpg,10
Q956870,Just Blaze,person,1997,United States,Just Blaze Broccoli City 2014 (cropped).jpg,18
Q794815,János Bihari,person,1764,Hungary,Donát Bihari.jpg,16
Q428347,Jóhann Jóhannsson,person,1987,Iceland,Jóhann Jóhannsson by Sachyn Mital (cropped).jpg,32
Q3429218,K-Paz De La Sierra,group,2002,United States,,3
Q1718073,K-Tino,person,1966,Cameroon,K-Tino 2.jpg,8
Q88756847,K-Trap,person,2013,United Kingdom,,2
Q77297835,Kabza De Small,person,2009,South Africa,,6
Q2567233,Kahimi Karie,person,1990,Japan,Kahimi Karie drawing.jpg,11
Q62945,Kai Tracid,person,1997,Germany,Kai Tracid 2002.jpg,13
Q241432,Kaija Saariaho,person,1952,France,Kaija Saariaho in 2022.png,36
Q3192280,Kaly Live Dub,group,,France,,2
Q16221677,Kamasi Washington,person,2000,United States,Kamasi Washington (ZMF 2019) IMGP8386.jpg,19
Q1394971,Kanda Bongo Man,person,1980,Democratic Republic of the Congo,Malanga and Kanda Bongo Man.jpg,10
Q546235,Kandia Kouyaté,person,1959,Mali,Les Amazones d'Afrique - Festival du Bout du Monde 2016 - 008.jpg,9
Q2615105,Kandis,group,1989,Denmark,Kandis playing outside Grand Theatre.jpg,5
Q21620939,Kane Brown,person,2014,United States,Kane Brown at Joint Forces Training Base in 2018.jpg,24
Q118220059,Kankan,person,2016,United States,Kankan mugshot.jpg,6
Q444224,Kano,person,2000,United Kingdom,Kano (Rapper).jpg,17
Q204328,Kansas,group,1970,United States,Kansas Full 2.JPG,38
Q882464,Kante,group,1995,Germany,Kante berlin05 1.JPG,4
Q15935,Kanye West,person,1996,United States,Kanye West at the 2009 Tribeca Film Festival (crop 2).jpg,110
Q500613,Kaoma,group,1988,France,,31
Q1153170,Karel Goeyvaerts,person,1923,Belgium,,14
Q357036,Karel Vacek,person,1902,Czechoslovakia,Busta Karla Vacka od sochaře Bedřicha Kloužka II..jpg,5
Q6371986,Karl King,person,1891,United States,Karl King portrait.jpg,9
Q154556,Karlheinz Stockhausen,person,1951,Germany,Stockhausen March 2004 excerpt.jpg,63
Q1457648,Karma to Burn,group,1997,United States,Karmatoburn.jpg,10
Q1933273,KaS Product,group,1980,France,,5
Q127038400,Kasher Quon,person,1997,United States,,0
Q3193690,Kashif,person,1974,United States,Kashif Saleem and Althea Moses - fiance .jpg,9
Q1318954,Kassav',group,1979,France,,11
Q265793,Kastelruther Spatzen,group,1975,Germany,WP2016 KastelrutherSpatzen FFM.jpg,11
Q6375048,Katalepsy,group,2003,Russia,Katalepsy Party.San Metal Open Air 2016 18.jpg,6
Q1846819,Katchafire,group,2000,,ZC22 Katchafire (4).jpg,3
Q636,Kate Bush,person,1975,United Kingdom,Kate Bush 1981.jpg,76
Q6375866,Kate Wolf,person,1976,United States,,11
Q42336699,Katey Red,person,1983,United States,,2
Q272581,Katherine Jenkins,person,1998,United Kingdom,Katherine Jenkins in 2022 (cropped).jpg,26
Q10314010,Katinguelê,group,1992,Brazil,,3
Q1736902,Katzenjammer Kabarett,group,2004,France,Katzenjammer Kabarett2.jpg,4
Q982784,Kavinsky,person,1997,France,Kavinsky 2.jpg,35
Q109584832,Kay Flock,person,2020,United States,Kay Flock in 2021.png,5
Q1284551,Kay Kyser,person,1926,United States,KayKeyserStageDoorCanteen.jpg,14
Q1365130,Kaya,person,1997,Japan,Kaya Salome.JPG,14
Q83717,Kayhan Kalhor,person,1973,Iran,Kayhan Kalhor.jpg,20
Q1420629,Kayo Dot,group,2003,United States,Kayo Dot @ Roadburn 2015 05.jpg,7
Q740711,Kaysha,person,1992,France,Kaysha.jpg,8
Q1720016,Kazimierz Serocki,person,1922,Poland,Kazimierz Serocki w latach 60.jpg,14
Q1130581,KC and the Sunshine Band,group,1973,United States,KC & The Sunshine Band2.jpg,25
Q40422,Keak da Sneak,person,1992,United States,Keak Da Sneak June 2008 (cropped).JPG,11
Q484311,Keane,group,1995,United Kingdom,Keane2009.jpg,56
Q1347072,Keb' Mo',person,1980,United States,Keb' Mo'.PNG,22
Q3194737,Keith Frank,person,1990,United States,Keith Frank Breaux Bridge Crawfish Festival - 05-05-2007.jpg,5
Q1706272,Keith Green,person,1965,United States,Keithgreen.jpg,17
Q348449,Keith Rowe,person,1940,United Kingdom,Rowe Solo.jpg,8
Q946728,Keith Sweat,person,1975,United States,LTG Vereen Hosts R&B singer Keith Sweat (1) (cropped).jpg,19
Q346036,Keith Whitley,person,1970,United States,KeithWhitley.jpg,13
Q17306137,Kelela,person,2011,United States,Kelela Piknik i Parken 2018 (205003).jpg,19
Q127378817,Kelvin Momo,person,1994,,,0
Q768410,Ken Boothe,person,1950,Jamaica,"Ras Tingle and Ken Boothe on the set of 'Touch you"".JPG",13
Q114050700,Ken Carson,person,2015,United States,Ken Carson live on Chaos Tour at Milwaukee 2024 (cropped).jpg,24
Q121602937,Ken Colyer's Skiffle Group,group,,,,0
Q179262,Ken Laszlo,person,1984,Italy,,16
Q446945,Kenan Doğulu,person,1993,Turkey,Kenan Dogulu.JPG,21
Q130798,Kendrick Lamar,person,2003,United States,Pulitzer2018-portraits-kendrick-lamar.jpg,75
Q1290316,Kenneth J. Alford,person,1881,United Kingdom,RICKETTS Frederick J.jpg,12
Q467526,Kenny Chesney,person,1993,United States,Kenny Chesney 20070830.jpg,27
Q346779,Kenny Clarke,person,1914,United States,"Finale Internationaal Jazz Festival Loosdrecht, drummer Kenny Clarke, Bestanddeelnr 924-7968.jpg",32
Q295777,Kenny G,person,1982,United States,KennyGHWOFMay2013.jpg,45
Q711059,Kenny Garrett,person,1978,United States,Kenny Garrett (2013).jpg,20
Q435965,Kenny Loggins,person,1966,United States,Loggins FP5 (cropped).jpg,31
Q6391192,Kenny Roberts,person,1926,United States,,4
Q217160,Kenny Rogers,person,1958,United States,KennyRogers.jpg,75
Q708721,Kenny Wayne Shepherd,person,1990,United States,Kenny Wayne Sheperd 2005.jpg,17
Q6393036,Keola Beamer,person,1951,United States,,1
Q966088,Kepa Junkera,person,1983,Spain,Kepa junkera 0001.jpg,15
Q549373,Kerri Chandler,person,1990,United States,,9
Q637380,Ketama,group,1984,Spain,Antonio Carmona.jpg,8
Q6395755,Kevin Aviance,person,1989,United States,Fierce Hiro at the Maritime Hotel 20070910.10D.45792 SML (1389640840).jpg,3
Q3195701,Kevin Fowler,person,2000,United States,Kevin fowler 2007.jpg,9
Q85875015,Kevin O Chris,person,1996,Brazil,Kevin o Chris - TVZ 2023 (1).png,3
Q923090,Kevin Saunderson,person,1964,United States,Ksaunderson2.jpg,16
Q28678297,Kevinho,person,1998,Brazil,Kevinho 2019.jpg,7
Q312609,Khaled,person,1970,Algeria,Cheb khaled Arab Idol.png,51
Q2427251,Khan Shushinski,person,1918,Soviet Union,Khan Shushinski.jpg,13
Q2740154,Khanate,group,2001,United States,Khanate vocalist.jpg,9
Q23498586,Khesari Lal Yadav,person,2007,India,"Khesari Lal Yadav, 2019.jpg",6
Q1740665,Khold,group,2000,Norway,Khold - Wacken Open Air 2015 - 2015213121105 2015-08-01 Wacken - Sven - 1D X - 099 - DV3P1994 mod.jpg,15
Q299138,Kid Cudi,person,2003,United States,Global Dance Fest 2011 @ Red Rocks.jpg,46
Q1347250,Kid Koala,person,1974,Canada,Kid Koala 2008 Vancouver.jpg,7
Q441399,Kid Ory,person,1886,United States,Kidory.png,24
Q158175,Kid Rock,person,1988,United States,"Kid Rock, December 2007.jpg",40
Q6404409,Kid606,person,1998,Venezuela,"Kid606 cropped, 2011.jpg",4
Q1652399,Kilburn and the High Roads,group,1970,United Kingdom,,3
Q1336827,Killdozer,group,1983,United States,Hobson brothers.JPG,7
Q250421,Killing Joke,group,1979,United Kingdom,Killing Joke - Ilosaarirock 2009.jpg,29
Q462709,Killswitch Engage,group,1998,United States,Killswitch Engage - Wacken Open Air 2023 15.jpg,38
Q54350,Kim Bum-soo,person,1999,South Korea,KIm Bum-Soo.jpg,13
Q1741466,Kim Cascone,person,1983,United States,,4
Q6408607,Kim English,person,1994,United States,,7
Q26260697,Kim So-hee,person,2016,South Korea,160728 소희 03.jpg,16
Q4352950,Kindzadza,person,,Russia,,4
Q189382,King Crimson,group,1968,United Kingdom,King Crimson - Dour Festival 2003 (01).jpg,55
Q329809,King Jammy,person,1960,Jamaica,"King Jammy at Amazura night club in New York, May 27th, 2007.jpg",6
Q6411833,King Louie,person,2007,United States,,5
Q313368,King Oliver,person,1908,United States,King Oliver (1915 portrait).jpg,38
Q1742068,King Pleasure,person,1922,United States,,7
Q982678,King Sunny Adé,person,1960,Nigeria,King Sunny Ade.jpg,23
Q451858,King Tubby,person,1968,Jamaica,,21
Q94579368,King Von,person,2018,United States,King Von.png,35
Q124695247,Kingpin Skinny Pimp,person,,,,0
Q1349627,Kirk Franklin,person,1992,United States,Kirk Franklin at JoyFest '17 (cropped).jpg,20
Q2117321,Kishori Amonkar,person,1932,Dominion of India,,20
Q124179,Kiss,group,1973,United States,Kiss original lineup (1976).jpg,86
Q273652,Kitarō,person,1975,Japan,Kitaro 5.jpg,44
Q272913,Kitty Wells,person,1919,United States,Kitty Wells.jpg,28
Q1141827,Kiyoshi Hikawa,person,2000,Japan,Hikawakiyoshi-shimbashi-march6-2017.jpg,10
Q16114625,Klapa Cambi,group,1986,,,2
Q15405752,Klapa Intrade,group,1985,Croatia,,3
Q168015,Klaus Schulze,person,1969,Germany,Klaus Schulze portrait.jpg,35
Q840882,Klaxons,group,2005,United Kingdom,Klaxon mg 6541.jpg,23
Q11687266,Klezmer Conservatory Band,group,,United States,,3
Q15041224,Klingande,person,2012,France,KlingandeLandshut.jpg,16
Q1351424,KMFDM,group,1984,Germany,Kmfdm live in 2011.jpg,29
Q20615,Knife Party,group,2011,Australia,"Knife Party @ Concord, Chicago.jpg",25
Q2282994,Knifehandchop,person,,Canada,,1
Q6334752,KOAN Sound,group,2008,United Kingdom,,3
Q1394828,Kode9,person,1991,United Kingdom,Kode9.jpg,11
Q1518965,Kodō,group,1981,Japan,Kodo mt.jpg,10
Q735736,Koffi Olomide,person,1978,Democratic Republic of the Congo,Koffi-bercy-medium.jpg,22
Q56461128,Kojo Funds,person,2015,,,2
Q96386222,Kolohe Kai,group,,,,1
Q4042301,Kommunity FK,group,1978,United States,,2
Q4042308,Konflict,group,1998,United Kingdom,Kemal-and-Rob-Data.jpg,3
Q3816355,Kongar-ol Ondar,person,1980,Russia,Kongar-ol Ondar.jpg,15
Q45373,Konstantin Wecker,person,1947,Germany,"Konstantin Wecker, Wien 18.12.2009 (3).jpg",13
Q6430491,Koo Nimo,person,1934,Ghana,Agya Koo Nimo.jpg,8
Q850290,Kool & The Gang,group,1964,United States,Kool & the Gang - Leverkusener Jazztage 2017-1963 (cropped).jpg,42
Q554168,Kool G Rap,person,1986,United States,Kool G Rap (cropped).jpg,22
Q1783772,Kool Rock Steady,person,2000,United States,,1
Q2801602,Koos Alberts,person,1947,Kingdom of the Netherlands,Koos Alberts Gouden Pijl 2012.JPG,6
Q6432349,Korla Pandit,person,1940,United States,,4
Q80304,Korn,group,1993,United States,"Korn, 2013.jpg",72
Q111337,Korpiklaani,group,1993,Finland,Korpiklaani - Rakuunarock 2013.jpg,49
Q44892,Kraftwerk,group,1961,Germany,Kraftwerk In Chicago-01.jpg,64
Q1264149,Krafty Kuts,person,2000,United Kingdom,,3
Q1786394,Krallice,group,2008,United States,Krallice (Mick Barr).jpg,6
Q151890,Kreator,group,1982,Germany,2018 RiP - Kreator - by 2eight - 8SC9101.jpg,47
Q208681,Kris Kristofferson,person,1959,United States,Kris Kristofferson SXSW 2006 crop.jpg,65
Q1641056,Krishna Das,person,1994,Dominion of India,Krishna Das.jpg,10
Q456964,Kristine W,person,1985,United States,Kristine W.jpg,12
Q6303872,Krizz Kaliko,person,1999,United States,Krizz Kaliko on 2008-07-01.JPG,12
Q164718,Kroda,group,2003,Ukraine,,12
Q432552,KRS-One,person,1986,United States,KRS-One 2002.jpg,36
Q1121411,Kruder & Dorfmeister,group,1993,Austria,,12
Q153469,Krzysztof Penderecki,person,1953,Poland,Krzysztof Penderecki 20080706.jpg,60
Q19816655,KSHMR,person,2014,India,Kshmr-djmag-2024.jpg,25
Q611878,Kula Shaker,group,1988,United Kingdom,Kula Shaker - Parkpop 2008.jpg,23
Q1362482,Kultur Shock,group,1996,United States,Kultur Shock at Bumbershoot 2007 07.jpg,10
Q121122,Kumar Gandharva,person,1934,Dominion of India,Kumar Gandharva 2014 stampsheet of India cr.jpg,16
Q6139361,Kurosawa Kinko,person,1710,Japan,,4
Q948868,Kurt Elling,person,1995,United States,KE Upward Spiral headshot (300x300) (cropped).png,20
Q155158,Kurt Schwitters,person,1887,Germany,Kurt Schwitters.JPG,46
Q984331,Kurt Vile,person,2003,United States,Kurt Vile - Roskilde Festival 2011.jpg,20
Q55004,Kurt Weill,person,1900,Germany,"Bundesarchiv Bild 146-2005-0119, Kurt Weill.jpg",50
Q961447,Kurtis Blow,person,1979,United States,"Kurtis Blow im Musiktheater Bad (Hannover, Germany), 2012-03-30.JPG",22
Q1794838,Kvelertak,group,2007,Norway,Kvelertak - Rock am Ring 2019-1601.jpg,21
Q18815170,Kwaw Kese,person,1901,Ghana,,1
Q16845512,Kygo,person,2009,Norway,Kygo (28481718120) (2) (cropped).jpg,42
Q1795042,Kyle Gann,person,1955,United States,,7
Q1795082,Kylesa,group,2001,United States,Kylesa - Roskilde Festival 2011.jpg,12
Q11998,Kylie Minogue,person,1979,United Kingdom,KylieMinogue-byPhilipRomano (cropped).jpg,123
Q927538,Kyoto Jazz Massive,group,1994,Japan,,3
Q4991503,Kyuss,group,1987,United States,Kyuss Lives Budapest Petöfi 2011.jpg,34
Q1197212,Kyōko Koizumi,person,1982,Japan,Kyōko Koizumi International Drama Festival in Tokyo 2013 1.jpg,16
Q313081,Kyū Sakamoto,person,1958,Japan,Kyu sakamoto.png,34
Q1844695,Kōenji Hyakkei,group,1991,Japan,,9
Q218866,L'Arc-en-Ciel,group,1991,Japan,L'arc En Ciel @ MSG - 3-25-12 - 040.jpg,38
Q6455846,L'Trimm,group,1987,United States,,1
Q106036729,L-Gante,person,2017,Argentina,L-Gante Conferencia de prensa (51861017602).jpg,6
Q542073,L.A. Guns,group,1983,United States,LA GUNS at the Chance March 2008.jpg,27
Q3373508,La Arrolladora Banda El Limón,group,1997,Mexico,LA ARROLLADORA BANDA LIMON DE RENE CAMACHO.jpg,6
Q572077,La Bouche,group,1994,United States,"Melanie Thornton at Leipzig, Germany, November 2001.jpg",28
Q3756625,La Buena Vida,group,1988,Spain,,5
Q21485176,La Luz,group,2012,United States,"La Luz performing at Siberia in New Orleans, LA 5 March 2015.jpg",2
Q6463596,La Mafia,group,1980,United States,,3
Q3210516,La Mano Ajena,group,2002,Chile,Manovalpo.jpg,4
Q320998,La Mona Jiménez,person,1967,Argentina,Mona Jimenez - oct2008 (6).jpg,8
Q432822,La Monte Young,person,1958,United States,,30
Q46573,Lacuna Coil,group,1994,Italy,Lacuna Coil - 2022217144251 2022-08-05 Wacken - Sven - 5DS R - 0298 - 5DSR7886 (Cropped).jpg,75
Q52345352,Lady Donli,person,1996,Nigeria,Lady Donli NdaniTV (cropped).png,7
Q20667368,Ladybaby,group,2015,Japan,"T-SPOOK 2016 Ladybeard, Furukawa Yuka & Pe (Onechans) (33773956182).jpg",10
Q1506665,Lalo Rodríguez,person,1973,United States,Lalo rodriguez 2 (cropped).png,8
Q247293,Lalo Schifrin,person,1950,Argentina,Lalo schifrin (cropped) (2).jpg,40
Q3347988,Lalon,person,1772,British Raj,Fakir Lalon Shah.jpg,20
Q10316110,Lamartine Babo,person,1904,Brazil,"Lamartine Babo, 1956.tif",6
Q207731,Lamb of God,group,1994,United States,Lamb Of God - Rock am Ring 2015-9946.jpg,45
Q1801348,"Lambert, Hendricks & Ross",group,1957,United States,,7
Q37150,Lana Del Rey,person,2005,United States,Lana Del Rey Seattle.jpg,159
Q6483624,Lancelot Layne,person,,,,1
Q20311234,Lane 8,person,2012,United States,"Spring Awakening Music Festival, Chicago 6 13 2015 (20045356531) (cropped).jpg",2
Q253559,Lantlôs,group,,Germany,,5
Q1375814,Larry Heard,person,1983,United States,,11
Q1341804,Larry Levan,person,1954,United States,,14
Q6490966,Larry Polansky,person,1954,United States,Polansky.JPG,4
Q3323178,Las Grecas,group,1974,Spain,,7
Q776170,Laserdance,group,1981,Netherlands,Laserdance.jpg,10
Q1756181,Lasgo,group,2000,Belgium,Jelle Van Dael of Lasgo.jpg,16
Q742028,Lasse Stefanz,group,1967,Sweden,Lasse Stefanz.jpg,10
Q1806706,Last Days of Humanity,group,1989,Netherlands,,12
Q2465058,Late of the Pier,group,2004,United Kingdom,Late of the Pier.jpg,12
Q6496167,Latimore,person,1965,United States,Latimore.jpg,9
Q6498768,Laura Canales,person,1973,United States,,3
Q236735,Laura Marling,person,2006,United Kingdom,Laura Marling - First Avenue - 5 5 17 (34106214720).jpg,30
Q536566,Laurel Aitken,person,1942,Cuba,Aitken14.jpg,22
Q235066,Laurie Anderson,person,1969,United States,LaurieAnderson-StudioHarcourt-1987.png,51
Q3827948,Laurie Berkner,person,1997,United States,Laurie Berkner (29326823611).jpg,5
Q1809563,Lazy Lester,person,1933,United States,Lazy Lester in 2004.jpg,11
Q45752,LCD Soundsystem,group,2001,United States,"Route du Rock 2007, LCD Soundsystem.jpg",32
Q3113632,Le Grand Kallé,person,1953,Democratic Republic of the Congo,Joseph Kabasele promotional photo.jpg,7
Q3756611,Le Mans,group,1993,Spain,"Le Mans, spanish band.jpg",3
Q1431678,Le Tigre,group,1998,United States,LeTigre1.jpg,21
Q314310,Lead Belly,person,1903,United States,Leadbelly with Accordeon.jpg,39
Q1787165,Leandro & Leonardo,group,1983,Brazil,,8
Q15110870,Lebanon Hanover,group,2010,United Kingdom,Lebanon Hanover Wave-Gotik-Treffen 2017 07.jpg,14
Q1041034,Lecrae,person,2004,United States,"Lecrae at Marine Corps Air Station Iwakuni, Japan, Jan. 9, 2018 (cropped).jpg",19
Q2331,Led Zeppelin,group,1968,England,Led zeppelin revista pelo 1971.jpg,120
Q9021150,Leda Valladares,person,1919,Argentina,Leda Valladares.jpg,11
Q3228823,Ledward Kaapana,person,1948,United States,,3
Q315417,"Lee ""Scratch"" Perry",person,1962,Jamaica,"Lee Scratch Perry @ Band On The Wall, Manchester 19-2-2013 (8493373312).jpg",34
Q453393,Lee Konitz,person,1940,United States,Lee Konitz Bad Mergentheim.JPG,28
Q12611433,Lee Mi-ja,person,1959,South Korea,Lee Mi-Ja.jpg,6
Q16090860,Lee Moon-sae,person,1978,South Korea,Lee Moon-se from acrofan.jpg,10
Q362564,Lee Morgan,person,1956,United States,Lee Morgan (1959).jpg,29
Q108208363,Leenalchi,group,2019,South Korea,Leenalchi - WOMAD 2023 (53093069725).jpg,4
Q277479,Leftfield,group,1990,United Kingdom,Leftfield.JPG,19
Q12695781,Lefthanded,group,1979,Malaysia,,3
Q12858787,Leftover Salmon,group,2007,United States,Leftover Salmon at Red Rocks 2016.jpg,3
Q1347215,Lefty Frizzell,person,1942,United States,Lefty Frizzell Columbia publicity - cropped.jpg,16
Q1753290,Leftöver Crack,group,1999,United States,"LeftoverCrackliveatMTC,Cologne081806.jpg",9
Q2074465,Leib Glantz,person,1898,Israel,Memorial plaque to Leib Glantz in Tel Aviv.JPG,6
Q586994,Lennie Tristano,person,1919,United States,Lennie Tristano 1947 (Gottlieb).jpg,19
Q563386,Lenny Dee,person,1984,United States,Lennydee.jpg,8
Q705040,Leo Kottke,person,1966,United States,Leo Kottke 6-16-07 Photo by Anthony Pepitone.jpg,13
Q1548086,Leo Mattioli,person,1992,Argentina,,4
Q1276,Leonard Cohen,person,1956,Canada,Leonard Cohen concert of the 2008 tour.jpg,131
Q6525230,Leonard Dembo,person,1982,Zimbabwe,,2
Q6525874,Leonard Zhakata,person,1989,Zimbabwe,,2
Q2711953,Leonel Power,person,1370,Kingdom of England,,16
Q541493,Leonid Utyosov,person,1895,Soviet Union,Leonid Utesov with piano.jpg,26
Q236943,Lepa Brena,person,1980,Socialist Federal Republic of Yugoslavia,Lepa Brena 2007.jpg,38
Q729444,Leroy Carr,person,1905,United States,,23
Q1820469,Les Baxter,person,1922,United States,,18
Q2482652,Les Discrets,group,2003,France,Les Discrets @ Roadburn Festival 2017 03.jpg,10
Q562912,Les McCann,person,1935,United States,Les McCann.jpg,16
Q3235960,Les Têtes Brulées,group,1985,,,6
Q313596,Leslie Cheung,person,1977,Canada,Leslie Cheung at Madame Tussaud's Hong Kong - Flickr - skinnylawyer.jpg,50
Q6530807,Leslie Fish,person,1944,United States,Leslie fish DCP 0716.jpg,6
Q927112,Less Than Jake,group,1992,United States,LessThanJake.jpg,20
Q6532216,Let's Active,group,1981,United States,Mitch Easter and Suzi Ziegler.JPG,3
Q2622339,Lev Leshchenko,person,1959,Soviet Union,Лев Лещенко (29-03-2026) (cropped).jpg,27
Q123025,Level 42,group,1980,United Kingdom,Level42 indigoO2 2009 02.jpg,24
Q3161226,Leyland Kirby,person,1996,United Kingdom,,12
Q1478944,Leæther Strip,group,1988,Denmark,Leather Strip.JPG,8
Q1798055,LFO,group,1988,United Kingdom,Mark Bell (LFO) on stage in Moscow.JPG,15
Q3373883,Li Jinhui,person,1891,Republic of China,Li Jinhui.jpg,10
Q10317842,Lia de Itamaracá,person,1944,Brazil,Liadeitamaraca minc flickr.jpg,5
Q454479,Liaisons Dangereuses,group,1981,Germany,,7
Q3832108,Liege Lord,group,1982,United States,,9
Q3929644,Lieve Hugo,person,1963,Suriname,,3
Q1824505,Lifelover,group,2005,Sweden,Lifelover-Live.jpg,17
Q6545995,Light Crust Doughboys,group,1931,United States,,2
Q6546214,Light of the World,group,,United Kingdom,,1
Q435552,Lightnin' Hopkins,person,1946,United States,Lightnin' Hopkins.jpg,27
Q322502,Lightnin' Slim,person,1940,United States,,11
Q683478,Lightning Bolt,group,1994,United States,Lightning Bolt.jpg,14
Q5951242,Lil B,person,2004,United States,Lil B 2011 (cropped).png,20
Q16236029,Lil Bibby,person,2011,United States,Lil Bibby.jpg,6
Q16876006,Lil Dicky,person,2011,United States,Lil Dicky (2019).jpg,18
Q2899818,Lil Durk,person,2011,United States,Lil Durk in 2022.png,28
Q294449,Lil Jon & the East Side Boyz,person,1991,United States,Lil Jon.jpg,44
Q62591281,Lil Nas X,person,2015,United States,Lil Nas X back stage at the MTV Video Music Awards 2019.jpg,55
Q29388200,Lil Peep,person,2014,Sweden,Lil-Peep PrettyPuke Photoshoot.png,48
Q38002101,Lil Pump,person,2015,United States,Lil Pump Fillmore Auditorium (cropped).jpg,47
Q2110116,Lil Reese,person,1993,United States,,11
Q45898064,Lil Tracy,person,2012,United States,,17
Q23771950,Lil Uzi Vert,person,2010,United States,Lil Uzi Vert (2018).png,42
Q15615,Lil Wayne,person,1991,United States,Lil Wayne Feb. 2020.jpg,81
Q1824899,Lil' Keke,person,1993,United States,"Missouri City Juneteenth Celebration, TX 6-15-24, Lil' Keke.jpg",8
Q230412,Lili Boulanger,person,1893,France,Lili Boulanger 1.jpg,41
Q90872620,Lim Young-woong,person,1991,South Korea,Lim Young-woong in an ad for 구전녹용 (June 2020) (cropped).jpg,11
Q124720,Limbonic Art,group,1993,Norway,,17
Q2444651,Limewax,person,2005,Kingdom of the Netherlands,Limewax-therapy.JPG,5
Q240767,Limp Bizkit,group,1994,United States,Limp Bizkit au Hellfest 2015.jpg,65
Q6549903,Limp Wrist,group,1998,United States,Limpwrist1.jpg,5
Q10318415,Limão com Mel,group,,Brazil,,2
Q538395,Linda Perhacs,person,1969,United States,Linda Perhacs 06 B&W.jpg,11
Q229375,Linda Ronstadt,person,1967,United States,Secretary Pompeo Welcomes the 2019 Kennedy Center Honors Awardees to the State Department (49187498138) (cropped).jpg,60
Q2409682,Lindigo,group,1999,France,,2
Q1454359,Lindisfarne,group,1970,United Kingdom,LindisfarneLive1991.jpg,14
Q1363881,Lindstrøm,person,2003,Norway,Hans-Peter Lindstrom live 2011.jpg,9
Q690543,Link 80,group,1993,United States,Link80LiveatGilman.jpg,5
Q252248,Link Wray,person,1956,United States,Link Wray - 3-8-03 Photo by Anthony Pepitone.jpg,35
Q261,Linkin Park,group,1996,United States,Linkin Park - From Zero Lead Press Photo - James Minchin III.jpg,117
Q557775,Linton Kwesi Johnson,person,1978,Jamaica,Linton Kwesi Johnson (1756331326).jpg,22
Q26695,Lionel Richie,person,1968,United States,Lionel Richie 2017.jpg,72
Q1628382,Lionrock,group,1991,United Kingdom,,5
Q2909630,Lipa Schmeltzer,person,1998,United States,LlPA.jpg,6
Q3242293,Liquid Liquid,group,1980,United States,,4
Q3242296,Liquid Soul,group,1993,United States,Liquid Soul 20th Anniversary Show Stage.jpg,4
Q5976888,Liran' Roll,group,1991,Mexico,,1
Q6558178,Lisa Lashes,person,1996,United Kingdom,Lisa Lashes.jpg,3
Q1165645,Lisa Lisa and Cult Jam,group,1985,United States,"Lisa Lisa, American singer.jpg",11
Q178943,Little Boots,person,2005,United Kingdom,Little Boots (singer).jpg,26
Q450080,Little Eva,person,1962,United States,Little Eva 1962.jpg,24
Q6650524,Little Joe,person,1955,United States,,2
Q153802,Little Milton,person,1953,United States,LittleMilton.png,18
Q82222,Little Richard,person,1951,United States,Little Richard in 2007 (cropped).jpg,67
Q380261,Little Walter,person,1945,United States,Little Walter.JPG,31
Q6653482,Liu Dehai,person,1963,People's Republic of China,"Dehai Liu, un grand maître du Pipa au musée Guimet (5153867190).jpg",7
Q715384,Liu Tianhua,person,1895,Republic of China,刘天华.jpg,12
Q165714,Live,group,1988,United States,Live Chili Cookoff 2008.jpg,21
Q1478077,Living Colour,group,1984,United States,Loz livingcolour mmm.png,29
Q730248,Living Sacrifice,group,1989,United States,,9
Q958578,Lloyd Price,person,1933,United States,LloydPrice1996.jpg,23
Q7999,Lluís Llach,person,1965,Spain,Investidura de Lluís Llach i Miquel Martí i Pol (38338293204).jpg,36
Q112939308,Loaded Lux,person,1983,United States,,0
Q1966715,Loefah,person,1980,United Kingdom,,2
Q2446878,Logistics,person,2004,United Kingdom,,8
Q141266051,Logos,person,,United Kingdom,,0
Q6668481,Lojze Slak,person,1947,Socialist Federal Republic of Yugoslavia,Slak lojze DYK.jpg,8
Q90811030,Loketo,group,1986,Republic of the Congo,,3
Q297703,Lola Beltrán,person,1940,Mexico,"Lola Beltrán portrait, c. 1956 (cropped).jpg",21
Q242084,Lola Flores,person,1939,Spain,Lola Flores en 1954 (cropped).jpg,42
Q236497,Loleatta Holloway,person,1967,United States,"Loleatta Holloway sings 'Our Love', 1973.jpg",21
Q1858715,London Elektricity,person,1996,United Kingdom,London Elektricity.jpg,9
Q120835122,London Jazz Composers Orchestra,group,1970,United Kingdom,,0
Q2011936,Lonesome Sundown,person,1980,United States,,5
Q27743,Lonnie Donegan,person,1949,United Kingdom,LonnieDonegan1956.jpg,24
Q1242553,Lonnie Liston Smith,person,1963,United States,Lonnie Liston Smith Glastonbury 2009-1.jpg,11
Q16866644,Look Blue Go Purple,group,1983,,,3
Q6675941,Loose Ends,group,1980,United Kingdom,,2
Q11762576,Lord Flea,person,1949,Jamaica,,4
Q6679405,Lord Huron,group,2010,United States,Lord Huron.jpg,18
Q375888,Lord Invader,person,1914,British Empire,"(Portrait of Calypso, between 1938 and 1948) (LOC) (5189345267).jpg",6
Q938082,Lord Kitchener,person,1922,Trinidad and Tobago,1945 - Lord Kitchener.jpg,6
Q6679777,Lord Melody,person,1926,,,1
Q13476175,Lorde,person,2009,New Zealand,Lorde Glasto2025-9 (cropped).jpg,75
Q1786810,Lords of Acid,group,1988,Belgium,Lords of Acid.jpg,11
Q274562,Loreena McKennitt,person,1985,Canada,Loreena McKennitt (cropped).jpg,49
Q1418687,Lorenzo Palacios Quispe,person,1950,Peru,Chacalon.jpg,5
Q272931,Loretta Lynn,person,1959,United States,Loretta Lynn LCCN2021643178 (cropped).jpg,50
Q17125981,Lorna Shore,group,2010,United States,"Lorna Shore live at Dissonance Festival, Padua - August 17th, 2022.jpg",17
Q5980597,Los Alegres de Terán,group,1948,Mexico,,4
Q9023870,Los Amaya,group,1969,Spain,,5
Q6682540,Los Bukis,group,1975,Mexico,"Los Bukis — American Family Insurance Amphitheater, Milwaukee (2023).jpg",4
Q5979474,Los Carabajal,group,1967,Argentina,Los Carabajal - Vamos a andar la noche - 1973.jpg,1
Q111174445,Los Carrangueros de Ráquira,group,,Colombia,,0
Q1041947,Los Chalchaleros,group,1948,Argentina,Los Chalchaleros - 1965.jpg,9
Q5979530,Los Chileneros,group,1967,Chile,,1
Q51557893,Los Cojolites,group,1997,,LosCojolitesTeatro.jpg,2
Q5979601,Los Corraleros de Majagual,group,1962,Colombia,Los corraleros de Majagual-1.jpg,5
Q5979618,Los Cuatro Huasos,group,1927,Chile,,1
Q109522010,Los de Las Condes,group,1964,Chile,,0
Q6683393,Los de Ramón,group,,Chile,,2
Q5979655,Los Destellos,group,1966,Peru,,5
Q6553529,Los Fronterizos,group,1953,Argentina,Los Fronterizos - Album 25 años - 1979 - Madeo (izq) - Moreno (abajo) - Lopez (dcha).jpg,6
Q3259789,Los Gaiteros de San Jacinto,group,1940,Colombia,Gaiteros.JPG,5
Q1582170,Los Hermanos Rosario,group,1978,Dominican Republic,,9
Q9024019,Los Hermanos Ábalos,group,1939,Argentina,,3
Q6270848,Los Huasos Quincheros,group,1937,Chile,Huasos Quincheros Templo Votivo 2.jpg,4
Q16866646,Los Invasores de Nuevo León,group,,,,1
Q1870545,Los Jaivas,group,1963,Chile,Los jaivas.jpg,16
Q370400,Los Lobos,group,1973,United States,LosLobos.jpg,21
Q11689555,Los Manolos,group,1989,Spain,Los Manolos 3.jpg,4
Q1744189,Los Mirlos,group,1973,Peru,Los Mirlos @ Muffatwerk.jpg,5
Q9024079,Los Morochucos,group,1946,Peru,,3
Q3259792,Los Muñequitos de Matanzas,group,,,,2
Q5980126,Los Palmeras,group,1969,Argentina,Los Palmeras.jpg,3
Q1361546,Los Panchos,group,1944,Mexico,Los Panchos en 1954 (cropped).jpg,21
Q3259757,Los Papines,group,,,,1
Q1870547,Los Shapis,group,1981,Peru,LOS SHAPIS.jpg,5
Q3244395,Los Temerarios,group,1978,Mexico,,5
Q1467310,Los Tigres del Norte,group,1969,Mexico,Los Tigres Del Norte 1.jpg,9
Q6683325,Los Tucanes de Tijuana,group,1987,Mexico,Tucastar.jpg,3
Q1870602,Los Van Van,group,1969,Cuba,Los Van Van dans les nuits d'Afrique Montréal 2015.jpg,14
Q5980563,Los Wawancó,group,1955,Argentina,,2
Q5980565,Los Wembler's de Iquitos,group,1968,Peru,Los Wembler's de Iquitos Music Peru Smithsonian Folk Festival Washington DC 7244 (19424197806).jpg,3
Q6683362,Los Yonic's,group,1975,Mexico,,2
Q5981294,Los Ángeles Azules,group,1980,Mexico,Los Ángeles Azules.jpg,7
Q111083794,Loski,person,2012,United Kingdom,,1
Q18857432,Lost Frequencies,person,2014,Belgium,2016 Open Beatz - Lost Frequencies - by 2eight -DSC 5232.jpg,27
Q104839629,Lotic,person,1989,United States,,1
Q93604,Lotte Lenya,person,1928,Austria,Lotte Lenya.jpg,42
Q723821,Lou Donaldson,person,1952,United States,Lou Donaldson Quartet 2015 (20259143008).jpg,23
Q590911,Lou Harrison,person,1917,United States,Lou Harrison 1940s.jpg,19
Q129273842,Louie Ray,person,,United States,,0
Q504743,Louis Andriessen,person,1939,Kingdom of the Netherlands,"Louis Andriessen, Bestanddeelnr 932-5716.jpg",30
Q1779,Louis Armstrong,person,1914,United States,"Louis Armstrong, by Harry Warnecke and Gus Schoenbaechler, 1947.jpg",178
Q4001165,Louis Jordan and his Tympany Five,group,,United States,"Louis Jordan's Typany Five, New York, N.Y., between 1946 and 1948 (William P. Gottlieb 04751).jpg",4
Q25345325,Louis the Child,group,2013,United States,,3
Q1872126,Louisa Mark,person,1975,United Kingdom,,4
Q4890261,Lourdes Iriondo Mujika,person,1937,Spain,Lourdes Iriondo 1971 txiki.jpg,5
Q276136,Love Song,group,,,,10
Q6691331,Love Spirals Downwards,group,1991,United States,,3
Q941559,Low,group,1993,United States,Low-2008-09-11-Barby-06.jpg,18
Q921236,LTJ Bukem,person,1967,United Kingdom,Ltjbukem1.jpg,16
Q1378892,Luambo Makiadi,person,1938,Democratic Republic of the Congo,Franco Luambo Makiadi.jpg,20
Q131573800,Luan Pereira,person,2003,,Luan Pereira - TVZ 2024.png,1
Q353853,Luan Santana,person,2007,Brazil,Luan Santana 2022.JPG,27
Q1279889,Luc Ferrari,person,1950,France,Luc Ferrari Composer of France.jpg,15
Q316532,Luca Marenzio,person,1577,Republic of Venice,"Luca conte Marenzio, Komponist des 16. Jahrhunderts.jpg",27
Q431554,Lucha Reyes,person,1958,Peru,Lucha Reyes (cantante peruana).jpg,11
Q363265,Lucho Bermúdez,person,1912,Colombia,,8
Q954681,Lucho Gatica,person,1946,Chile,Lucho Gatica (2011).jpg,19
Q221450,Luciano Berio,person,1947,Italy,Luciano Berio.jpg,47
Q256813,Lucinda Williams,person,1978,United States,Lucinda Williams2007.jpg,34
Q167546,Lucio Dalla,person,1966,Italy,Lucio Dalla 1.JPG,44
Q725945,Luckey Roberts,person,1887,United States,"Charles L. ""Luckey"" Roberts standing with his much taller pal, Willie ""The Lion"" Smith, in 1958.jpg",11
Q3595213,Lucky Ali,person,1962,India,LuckyAli.jpg,18
Q193676,Ludacris,person,1998,Gabon,Ludacris 2008 (cropped).jpg,55
Q16337938,Ludmilla,person,2012,Brazil,Ludmilla at Rock in Rio in September 2022 (1).png,14
Q83182,Ludovico Einaudi,person,1980,Italy,Ludovico Einaudi in Tehran 12 (cropped)2.jpg,47
Q434821,Ludwig Minkus,person,1826,Austria–Hungary,Leon Minkus -photo by B. Braquehais -circa 1865.JPG,31
Q255,Ludwig van Beethoven,person,1782,Electorate of Cologne,Beethoven.jpg,273
Q189766,Luigi Boccherini,person,1756,Italy,LBoccherini.jpg,56
Q160451,Luigi Nono,person,1924,Italy,Luigi Nono (1979).jpg,38
Q434916,Luigi Russolo,person,1901,Italy,Luigi Russolo ca. 1916.gif,37
Q469068,Luigi Tenco,person,1959,Italy,Tenco Sanremo 1967.jpg,29
Q2410356,Luis Alberto del Paraná,person,1942,Paraguay,Luis Guitarra.jpg,8
Q1398571,Luis Eduardo Aute,person,1966,Spain,Aute recogida premio.jpg,23
Q322350,Luis Enrique,person,1973,Nicaragua,Luis Enrique adjusted.jpg,10
Q1069140,Luis Miguel,person,1981,Mexico,Luis miguel 328 (cropped) (2).jpg,37
Q27927609,Luis Vargas Rosas,person,1897,Chile,Luis Vargas Rosas y Henriette Petit.jpg,3
Q10320631,Luiz Ayrão,person,1942,Brazil,Luiz ayrao remix tvbrasil.jpg,2
Q1597249,Luiz Caldas,person,1963,Brazil,Luizcaldastvbrasil.jpg,5
Q982314,Luiz Gonzaga,person,1940,Brazil,Luiz Gonzaga (1957).jpg,26
Q166197,Luke Bryan,person,2006,United States,Luke Bryan (cropped).jpg,27
Q1352724,Luke Vibert,person,1990,United Kingdom,LukeVibert.jpg,10
Q24760,Luna Sea,group,1986,Japan,LUNA SEA Singapore 2013 02.jpg,22
Q310116,Lupe Fiasco,person,2000,United States,Lupe Fiasco 2012.jpg,36
Q1791454,Lupicínio Rodrigues,person,1914,Brazil,Lupicínio Rodrigues (1968).tif,7
Q1668512,Lush,group,1988,United Kingdom,Lush in my backyard.jpg,20
Q913245,Lustmord,person,1980,United Kingdom,Lustmord cropped.jpg,16
Q311306,Luther Vandross,person,1969,United States,Luther Vandross 1985b.jpg,40
Q114213152,Luxury Elite,person,,,,1
Q555770,Luís Goes,person,1933,Portugal,,5
Q1778165,Lycia,group,1988,United States,,7
Q864524,Lydia Mendoza,person,1927,United States,Lydia Mendoza.jpeg,10
Q163593,Lynn Anderson,person,1947,United States,2010 Lynn Anderson Concert.jpg,31
Q158462,Lynyrd Skynyrd,group,1964,United States,Hellfest2019LynyrdSkynyrd 07.jpg,62
Q4477966,Lyubov Uspenskaya,person,1979,Soviet Union,Руслан Гулямов и Любовь Успенская (cropped).jpg,11
Q207951,Léo Delibes,person,1850,France,Delibes Leo Luckhard.png,53
Q320146,Léo Ferré,person,1941,France,LeoFerre-Rome-1972.png,41
Q297501,Léonin,person,1135,France,Codex montpellier P.jpg,42
Q3272154,Lü Wencheng,person,1898,People's Republic of China,,5
Q71107071,M-Beat,person,1992,United Kingdom,,3
Q2880506,M. Balamuralikrishna,person,1938,Dominion of India,Pandit balamuralikrishna.jpg,20
Q708129,M. J. Cole,person,1997,United Kingdom,,9
Q20453682,M. Osman,person,1955,Malaysia,,1
Q6713084,M. S. Fernando,person,1956,,,1
Q465067,M. S. Subbulakshmi,person,1930,Dominion of India,M. S. Subbulakshmi (03).jpg,39
Q1052019,M.O.P.,group,1993,United States,Mop-04-mika.jpg,17
Q2162641,M1dy,person,,Japan,,4
Q239533,Ma Rainey,person,1899,United States,MaRainey.jpg,36
Q14517,Mac DeMarco,person,2008,Canada,Mac DeMarco 2019 (48210650642) (cropped).jpg,35
Q1368449,Mac Dre,person,1984,United States,,17
Q3841925,Mac Mall,person,1992,United States,,5
Q324726,Mac Miller,person,2007,United States,Mac Miller 2017.jpg,47
Q1882498,Mac Wiseman,person,1944,United States,Mac Wiseman 2008.jpg,10
Q16661959,Maceo Plex,person,1993,United States,2015-07-19 6886 Maceo Plex (Sea You).jpg,8
Q111337749,Mach-Hommy,person,,United States,,4
Q3274295,Machel Montano,person,1984,Trinidad and Tobago,Machel Montano (Reggae Awards 2007).jpg,9
Q319458,Machine Head,group,1991,United States,Machine Head en concert à La Rochelle en 2018 (cropped).jpg,39
Q594166,Machinedrum,person,2000,United States,Machine Drum.jpg,5
Q462983,Machito,person,1928,Cuba,"Machito, Glen Island Casino, New York, N.Y., ca. July 1947 (William P. Gottlieb 13821).jpg",18
Q16853301,Macklemore & Ryan Lewis,group,2008,United States,Macklemore & Ryan Lewis at Sasquatch 2011.jpg,13
Q110128013,Macross 82-99,person,2013,,Macross pinchando en Atomic Pixel Party en BCN.jpg,3
Q6725992,Mad Lion,person,1901,Jamaica,,3
Q918458,Mad Professor,person,1979,United Kingdom,TIFUS Y MAD PROFESSOR.jpg,15
Q836686,Mad Sin,group,1987,Germany,Hellfest2019MadSin 03.jpg,14
Q1355154,Madeon,person,2009,France,Madeon (color corrected).png,25
Q503031,Madlib,person,1993,United States,MadlibMarch2014Echo (cropped).jpg,21
Q745741,Madness,group,1979,United Kingdom,Madness Scarborough Open Air 2024.jpg,34
Q1744,Madonna,person,1979,United States,MadonnaO2171023 (97 of 133) (53269593787) (cropped).jpg,193
Q1133218,Mael Mórdha,group,1998,Ireland,Mael Mordha Cernunnos Pagan Fest 2008 03.jpg,8
Q3843061,Mafikizolo,group,1997,South Africa,Mafikizolo Performing at MTV Africa Music Awards 2014.JPG,7
Q549960,Magic Sam,person,1937,United States,AABF 1969 Magic Sam JT.jpg,18
Q1663028,Magic System,group,1996,Ivory Coast,Magic System 1.jpg,13
Q914489,Magma,group,1969,France,Magma Roadburn 2017.jpg,27
Q6731948,Magnolia Shorty,person,1994,United States,,3
Q206466,Mahalia Jackson,person,1927,United States,"Mahalia Jackson 1962, van Vechten, LC-USZ62-91314 (cropped).jpg",55
Q841778,Mahavishnu Orchestra,group,1971,United States,,26
Q2750368,Maher Zain,person,2009,Sweden,Maher Zain Kony Concert March2014.jpg,46
Q3277803,Mahmoud Guinia,person,1951,Morocco,Maalem Mahmoud Guinia.jpg,7
Q1760208,Mahotella Queens,group,1964,South Africa,Mahotella Queens.jpg,11
Q326819,Mahzuni Şerif,person,1964,Turkey,,10
Q28677153,Maiara & Maraisa,group,2002,Brazil,16 02 2020 Jogo Flamengo x Atlético PR (49543345207) (cropped).jpg,7
Q15052763,Main Attrakionz,group,2010,United States,,3
Q1756790,Majida El Roumi,person,1975,Lebanon,Majida El Roumi in a portrait from 1994.jpg,26
Q12858987,Major Lance,person,1939,United States,Major Lance 1965.jpg,11
Q1886342,Makgona Tsohle Band,group,1964,South Africa,,2
Q5990377,Mal que Fuma!,group,1998,Argentina,,2
Q48976227,Malaa,person,2015,France,RIE2023Malaa 03.jpg,4
Q3281598,Malavoi,group,1972,France,,3
Q853545,Malice Mizer,group,1992,Japan,MALICE MIZER session DSV.png,33
Q3695398,Malkit Singh,person,1986,India,Andrew Scheer celebrated Indian Independence Day (44177059821) (cropped).jpg,6
Q87800198,Mall Grab,person,1994,,,3
Q3181884,Mallikarjun Mansur,person,1928,Dominion of India,Mallikarjun Mansur 2014 stamp of India.jpg,19
Q110826804,MALO,person,1996,France,,1
Q274181,Mamie Smith,person,1883,United States,MamieSmith.png,23
Q3844211,Man Is the Bastard,group,1990,United States,,7
Q715345,Mance Lipscomb,person,1960,United States,Mance Lipscomb 1960s LOC.jpg,10
Q3644372,Mandoza,person,2016,South Africa,,8
Q1282844,Mandrill,group,1968,United States,,3
Q319265,Manfred Mann,group,1962,United Kingdom,Manfred mann 05121976 02 300.jpg,25
Q1529102,Mannheim Steamroller,group,1974,United States,,9
Q976090,Mannie Fresh,person,1984,United States,Mannie Fresh interview on The Come Up Show (34808848805) (cropped).jpg,17
Q6751197,Manoj Tiwari,person,1983,India,Manoj Tiwari at the launch of T P Aggarwal's trade magazine 'Blockbuster' 22.jpg,14
Q6751214,Manolis Angelopoulos,person,1939,Greece,,3
Q1890975,Manolito y su Trabuco,group,,Cuba,,3
Q447433,Manos Hatzidakis,person,1944,Greece,Hatzidakis Nicopolis 1987.jpg,29
Q1891055,Manos Loïzos,person,1937,Greece,,13
Q9027531,Mansyur S.,person,1969,Indonesia,,10
Q13094926,Manthous,person,1969,Indonesia,,2
Q505683,Mantovani,person,1939,United Kingdom,Annunzio Paolo Mantovani (1970).jpg,18
Q1569035,Mantronix,group,1984,United States,,9
Q445829,Manu Dibango,person,1961,France,LesEscales2019ManuDibango 03 (cropped).jpg,46
Q3286792,Manuel Corona,person,1880,Cuba,CoronaM.jpg,6
Q6754546,Maracaibo 15,group,1974,Venezuela,,2
Q26625,Marc Anthony,person,1983,United States,Interview with Marc Anthony (cropped).png,56
Q10359176,Marc Forrester,person,,,,1
Q65829,Marc Trauner,person,1989,Germany,,10
Q55524,Marc-Antoine Charpentier,person,1670,Kingdom of France,MA Charpentier II.jpg,49
Q1892935,Marcel Azzola,person,1927,France,"Marcel Azzola, 2005.jpg",9
Q1275017,Marcelo D2,person,1998,Brazil,Marcelo D2.jpg,11
Q3290053,Marco Bailey,person,1970,Belgium,Marco Bailey.JPG,5
Q1498245,Marco Carola,person,1990,Italy,Marco Carola.jpg,7
Q711454,Marco V,person,1991,Kingdom of the Netherlands,MarcoV 2007.jpg,16
Q60694463,Marcus Intalex,person,1991,United Kingdom,Marcus Intalex.jpg,5
Q1406177,Marcus Roberts,person,1963,United States,Marcus Roberts 2010.jpg,12
Q2910639,Margalit Tzan'ani,person,1971,Israel,Margol social justice Beersheba 2.jpg,8
Q3290634,Margot Loyola,person,1918,Chile,Margot Loyola 2013 (11116198533).jpg,15
Q464191,Mari Boine,person,1985,Norway,Riddu Riđđu 18 Mari Boine-9633 (42694423734) crop oaivi.jpg,28
Q235980,Maria Bethânia,person,1965,Brazil,26 Prêmio da Música Brasileira (18709432655).jpg,34
Q237042,Maria del Mar Bonet,person,1966,Spain,Maria del Mar Bonet (2005).jpg,29
Q234918,Maria Farantouri,person,1965,Kingdom of Greece,Maria Farantouri 2022 (cropped).jpg,27
Q255725,Maria Tănase,person,1935,Romania,Maria Tanase 1937.jpg,24
Q1184884,Mariachi Vargas de Tecalitlán,group,1897,Mexico,Mariachi Vargas Simbolo.png,8
Q41076,Mariah Carey,person,1988,United States,Mariah Carey Library of Congress 2023 2 (cropped)02.jpg,126
Q231923,Marian Anderson,person,1925,United States,Marian Anderson 1951.JPG,58
Q1896942,Marianne und Michael,group,,,,3
Q2601735,Marie Dubas,person,1894,France,,11
Q6762922,Marie Lloyd,person,1870,United Kingdom of Great Britain and Ireland,Marie Lloyd by Langfier Ltd.jpg,15
Q521949,Marifé de Triana,person,1955,Spain,Marifé de Triana Copla.jpg,12
Q678410,Marillion,group,1979,United Kingdom,Marillion2.jpg,35
Q186327,Marilyn Manson,person,1989,United States,Marilyn Manson Live in Roma 25 july 2017- 44 (cropped).jpg,96
Q452094,Marina Rossell,person,1974,Spain,Marina Rossell Festival Barnasants 2013.jpg,12
Q434106,Marinella,person,1956,Greece,Marinella2008.jpg,29
Q722618,Mario Bauzá Cárdenas,person,1927,Cuba,Mario Bauzá.jpg,8
Q299331,Mario Lanza,person,1944,United States,Mario Lanza Pinkerton.jpg,47
Q695653,Mario Merola,person,1959,Italy,Mario Merola.jpeg,12
Q1143704,Mariya Takeuchi,person,1978,Japan,Mariya Takeuchi (cropped).jpg,32
Q463918,Mariza,person,1997,Portugal,Mariza ZMF 2015 jm41832.jpg,43
Q4050782,Mark Caro,person,,United Kingdom,,2
Q933550,Mark Murphy,person,1956,United States,Mark Murphy (1975).jpg,21
Q510704,Markos Vamvakaris,person,1905,Greece,Markos Vamvakaris rebetiko musician as a young man.jpg,21
Q57784,Markus Schulz,person,1990,Germany,Markus-shulz at mysteryland.jpg,25
Q4612,Marlene Dietrich,person,1919,Nazi Germany,Marlene Dietrich Ross-Verlag 0875(crop).jpg,202
Q182223,Maroon 5,group,1994,United States,Maroon 5 performing in Sydney.jpg,76
Q123867,Marquis de Sade,person,1740,France,Marquis de sade.jpg,106
Q1351604,Marshall Jefferson,person,1986,United States,Marshall-jefferson-cropped-2013.jpg,15
Q1902939,Marta Valdés,person,1955,Cuba,,3
Q1326522,Martha and the Vandellas,group,1962,United States,"Martha & The Vandellas, Gordy Recording Artists (cropped).jpg",25
Q465302,Martha Wash,person,1975,United States,Martha Wash.jpg,20
Q557535,Martin Denny,person,1911,United States,,9
Q3295408,Martin Dupont,group,1982,France,,3
Q1748644,Martin Freeland,person,1985,United Kingdom,,8
Q14544318,Martin Garrix,person,2012,Kingdom of the Netherlands,Martin Garrix - Superbloom Festival 2023 - DSC2689 (cropped).jpg,62
Q385498,Martinho da Vila,person,1967,Brazil,Paris - Salon du livre 2012 - Martinho Da Vila - 002.jpg,12
Q919565,Marty Robbins,person,1948,United States,Marty Robbins 1966.JPG,27
Q3997302,Martyn Bennett,person,1995,Canada,,10
Q189758,Marvin Gaye,person,1959,United States,Marvin Gaye (1973 publicity photo).jpg,80
Q85199678,Marwan Pablo,person,1995,Egypt,,5
Q228909,Mary J. Blige,person,1988,United States,MaryJBligeJan10.jpg,55
Q1906374,Mary Mary,group,1998,United States,Erica and Tina Campbell.jpg,10
Q467031,Mary Youngblood,person,1958,United States,Mary signs a CD cropped.jpg,5
Q3296479,María Teresa Vera,person,1911,Cuba,Vera+Zequeira.jpg,17
Q24040310,Marília Mendonça,person,2011,Brazil,Marilia Mendonca Pecuaria de Goiania 2018 2.jpg,28
Q121746347,Mas Musiq,person,,South Africa,,1
Q1420932,Masonna,person,1987,Japan,,8
Q467069,Massimo Ranieri,person,1964,Italy,Ranieri particolare.JPG,31
Q357418,Massive Attack,group,1988,United Kingdom,Massive Attack composite.jpg,47
Q722042,Master P,person,1989,United States,Master p-02.jpg,28
Q1758822,Masters at Work,group,1990,United States,"Masters At Work, 2013.png",12
Q6785495,Masters of the Universe,group,,,,1
Q548844,Mastodon,group,2000,United States,"Ursynalia 2012, Mastodon 12.jpg",40
Q10327219,Mastruz com Leite,group,1990,Brazil,Mastruz com Leite em Caetité Bahia 2001.jpg,2
Q942311,Matching Mole,group,1971,United Kingdom,,16
Q646546,Math the Band,group,2002,United States,MaththebandApril2012.jpg,4
Q1256138,Matmos,group,1995,United States,Matmos.jpg,13
Q19845354,Matoma,person,2014,Norway,Matoma Stavernfestivalen 2019 (163257).jpg,21
Q284872,Matt Redman,person,1993,United Kingdom,Matt Redman 2019.jpg,13
Q290270,Matthew Herbert,person,1995,United Kingdom,Matthew-herbert.jpg,15
Q3100060,Matthew Sweet,person,1978,United States,"Matthew Sweet, 2006.jpg",11
Q183256,Maurice Duruflé,person,1902,France,Maurice Duruflé.gif,28
Q1178,Maurice Ravel,person,1875,France,Maurice Ravel 1925.jpg,106
Q1911474,Maurice Williams and the Zodiacs,group,1957,United States,,5
Q6793578,Mauricio & Palodeagua,group,2003,Colombia,Mauricio Palo de Agua2.jpg,2
Q723546,Maurizio De Jorio,person,1991,Italy,,9
Q279368,Mauro Picotto,person,1989,Italy,,16
Q100276699,Maverick City Music,group,2018,United States,Maverick City music.jpg,7
Q2182711,Max Neuhaus,person,1957,United States,Max Neuhaus.jpg,7
Q15943533,Max Nijman,person,1957,Suriname,,2
Q714325,Max Richter,person,1994,United Kingdom,Max-Richter-3 (cropped).jpg,31
Q175899,Max Roach,person,1944,United States,"Max Roach, Three Deuces, ca. 1947.jpg",38
Q705413,Maxi Priest,person,1984,United Kingdom,MaxiPriestJan2011.jpg,21
Q24008618,Maxwell,person,1993,Germany,,3
Q273716,May Irwin,person,1862,United States,"May Irwin, stage actress (SAYRE 4867).jpg",16
Q51731,Mayday,group,1997,Taiwan,X06Taiwan 20061105-36.jpg,17
Q485116,Mayhem,group,1984,Norway,"Mayhem, Summer Dying Loud 2024 22.jpg",61
Q690775,Maylene and the Sons of Disaster,group,2004,United States,Dallastaylorlivepic.jpg,13
Q445463,Mayra Andrade,person,2001,Cape Verde,.Mayra Andrade. (cropped).jpg,22
Q2635164,Maysa Matarazzo,person,1956,Brazil,"Maysa, 1958.tif",15
Q6798087,Mayumi Miyata,person,1950,Japan,,3
Q4043845,Mazarati,group,1986,United States,,3
Q1132765,Mazzy Star,group,1989,United States,Mazzy Star.jpg,27
Q1914898,Mbaraka Mwinshehe,person,1944,,,3
Q294037,MC Chris,person,2000,United States,Mcchris001.jpg,6
Q13796375,MC Daleste,person,2009,Brazil,,7
Q1158503,MC Frontalot,person,1999,United States,Frontalot.jpg,7
Q16337935,MC Gui,person,1998,Brazil,MC Gui 2016-02-27.jpg,4
Q10322333,MC Guimê,person,2010,Brazil,MC Guime Performing Live in Sao Paulo.JPG,5
Q295923,MC Hammer,person,1973,United States,MC Hammer (cropped).jpg,39
Q1799314,MC Lars,person,1999,United States,MC Lars.jpg,9
Q10322332,MC Leozinho,person,1977,Brazil,,1
Q20045968,MC Livinho,person,1994,Brazil,MC Livinho.png,3
Q115367878,MC Loma e As Gêmeas Lacração,group,2018,Brazil,,1
Q16337937,Mc Lon,person,2009,Brazil,,4
Q10322334,MC Marcinho,person,1993,Brazil,MC Marcinho at Os Suburbanos in 2019.jpg,4
Q830316,MC5,group,1964,United States,MC50 - Fabrik Hamburg 2018 02.jpg,33
Q3036182,McCarthy,group,1985,Barking,,6
Q318619,McCoy Tyner,person,1938,United States,Mccoy Tyner 1973 gh.jpg,32
Q16732408,Mdou Moctar,person,2008,Niger,Mdou Moctar (15609545012).jpg,13
Q1399605,Meade Lux Lewis,person,1964,United States,Meade Lux Lewis Billboard.jpg,16
Q1915490,Meat Katie,person,1998,United Kingdom,,2
Q1132613,Meat Puppets,group,1980,United States,MeatPuppetsHi-ToneMemphis.jpg,24
Q501467,Medina Azahara,group,1979,Spain,Medina Azahara (band).jpg,9
Q21033832,Mefjus,person,1988,Austria,,4
Q83431,Megadeth,group,1983,United States,Megadeth - Wacken Open Air 2023 12.jpg,81
Q619332,Megaherz,group,1993,Germany,20160130 Bochum Megaherz Erdwärts Tour Megaherz 0013.jpg,15
Q395249,Mehdi Hassan,person,1957,British Raj,,24
Q466741,Meiway,person,1989,Ivory Coast,MeiwayLeProf.jpg,10
Q106570642,Mejja,person,2008,Kenya,,2
Q15982936,Mekaal Hasan Band,group,1999,,MHB 2015.jpg,2
Q655652,Mekong Delta,group,1985,Germany,Mekong Delta (band) 2011 02.JPG,12
Q270669,Melissa Etheridge,person,1988,United States,MelissaEtheridgeHWOFSept2011.jpg,37
Q385618,Melvins,group,1983,United States,"Melvins live in Knoxville, Tennessee, June 2022.jpg",34
Q6815694,Memory Tapes,person,2009,United States,,4
Q1421242,Memphis Jug Band,group,,United States,Memphis jugband.jpg,7
Q464728,Memphis Minnie,person,1908,United States,Memphis Minnie.jpg,26
Q1068404,Memphis Slim,person,1915,United States,Memphis Slim.jpg,24
Q962524,Mentallo & the Fixer,group,1988,United States,,5
Q1921113,Merauder,group,1990,United States,Merauder Live.jpg,4
Q216450,Mercedes Sosa,person,1950,Argentina,"Mercedes Sosa, by Annemarie Heinrich.jpg",53
Q583344,Mercury Rev,group,1989,United States,Mercury rev.jpg,20
Q132187857,Mercy Pakela,person,,South Africa,,0
Q267170,Meredith Monk,person,1968,United States,Meredith Monk Brooklyn Academy of Music (15326312734) (cropped).jpg,26
Q183092,Merle Haggard,person,1963,United States,MerleHaggardJun09.jpg,41
Q1922029,Merrill Moore,person,1923,United States,,5
Q452011,Merzbow,group,1979,Japan,Masami Akita 5267969.jpg,20
Q569408,Meshuggah,group,1987,Sweden,Meshuggah 2008 Melbourne 2.jpg,43
Q3307040,Messi Martin,person,1946,Cameroon,,1
Q10329004,Mestre Ambrósio,group,,Brazil,,1
Q10329038,Mestre Verequete,person,1916,Brazil,Mestre Verequete.jpg,1
Q10329042,Mestre Vieira,person,1934,Brazil,Mestre vieira 2011.jpg,3
Q15920,Metallica,group,1981,United States,"Metallica Live at The O2, London, England, 22 October 2017.jpg",130
Q864991,Metro Station,group,2006,United States,Metro Station.jpg,24
Q151783,Metronomy,group,1999,United Kingdom,Metronomy Murcia SRN.jpg,19
Q304675,MF DOOM,person,1988,United Kingdom,MF Doom - Hultsfred 2011 (cropped).jpg,41
Q1670579,MFSB,group,1971,United States,,13
Q391969,MGMT,group,2002,United States,"MGMT - Heaven, 18th March 2010.jpg",41
Q23820256,MHD,person,2015,France,Festival des Vieilles Charrues 2017 - MHD - 011.jpg,12
Q6827833,Mica Paris,person,1985,United Kingdom,,11
Q140388844,"Michael ""5000"" Watts",person,,,,1
Q2813877,Michael Finnissy,person,1946,United Kingdom,,9
Q3308199,Michael Fortunati,person,1955,Italy,,4
Q1383840,Michael Franks,person,1973,United States,"Michael Franks, 2019.jpg",17
Q3308220,Michael Gordon,person,1956,United States,Michael Gordon at Crater Lake.JPG,7
Q879793,Michael Hoenig,person,1971,Germany,,11
Q2831,Michael Jackson,person,1964,United States,Michael Jackson 1983 (3x4 cropped) (contrast).jpg,322
Q1928543,Michael Martin Murphey,person,1964,United States,Michael Martin Murphey 2012.JPG,12
Q282002,Michael McDonald,person,1970,United States,Michael McDonald (singer).jpg,22
Q954997,Michael Nesmith,person,1965,United States,Michael Nesmith 2013.jpg,30
Q313639,Michael Nyman,person,1982,United Kingdom,Michael Nyman Sant Cugat.jpg,36
Q717239,Michael Stearns,person,1970,United States,,8
Q724998,Michael Torke,person,1961,United States,,9
Q357515,Michael W. Smith,person,1983,United States,Michael W. Smith by Gage Skidmore.jpg,26
Q709977,Michał Kleofas Ogiński,person,1788,Polish–Lithuanian Commonwealth,"Michał Kleafas Aginski. Міхал Клеафас Агінскі (F. Fabre, 1805).jpg",27
Q1147958,Michel Chion,person,1947,France,,9
Q488387,Michel Teló,person,2009,Brazil,Teló.jpg,45
Q1940929,Michio Miyagi,person,1894,Japan,Michio Miyagi.jpg,11
Q3236273,Michiya Mihashi,person,1954,Japan,三橋美智也.jpg,11
Q2322270,Mick Kenney,person,1998,United Kingdom,"Anaal Nathrakh, Mick „Irrumator“ Kenney at Party.San Metal Open Air 2013.jpg",10
Q324757,Mickey Gilley,person,1957,United States,Mickey Gilley.png,16
Q96047,Mickie Krause,person,1970,Germany,Mickie-Krause 0684.jpg,8
Q647279,Midnight Star,group,1976,United States,,7
Q22341183,Midori Takada,person,1978,Japan,,4
Q111472061,Midwxst,person,2003,United States,Midwxst 11 12 22.png,6
Q6844110,Mighty Clouds of Joy,group,1960,United States,,3
Q205876,Mighty Sparrow,person,1949,Grenada,Mighty Sparrow 2015 (profile).jpg,8
Q15777045,Migos,group,2015,United States,Migos Veld festival 2017.jpg,39
Q5368793,Miguel Aceves Mejía,person,1945,United States,Miguel Aceves en 1954 (cropped).jpg,8
Q5682,Miguel de Cervantes,person,1569,Crown of Castile,Cervantes Jáuregui.jpg,249
Q1765889,Miguel Faílde,person,1852,Cuba,Miguel Failde.jpg,8
Q4822616,Miguel Frías de Molina,person,1931,Spain,Miguel de Molina.jpg,7
Q954623,Mike Jones,person,2001,United States,,17
Q446572,Mike Paradinas,person,1980,United Kingdom,Mike Paradinas.jpg,20
Q379992,Mikel Laboa,person,1958,Spain,Mikel Laboa abeslaria.jpg,24
Q6849417,Mikel Rouse,person,1957,,,2
Q104772823,MikeQ,person,,,,1
Q1372387,Mikhail Krug,person,1987,Soviet Union,,26
Q541833,Mikhail Shufutinsky,person,1948,Soviet Union,Михаил Шуфутинский (03-09-2021) (cropped).png,19
Q3313730,Miki Matsubara,person,1979,Japan,,30
Q151976,Mikis Theodorakis,person,1943,Greece,Mikis Theodorakis Fabrik 070004.jpg,62
Q1285105,Mile Kitić,person,1974,Bosnia and Herzegovina,Mile Kitic from BISO0675.jpg,14
Q93341,Miles Davis,person,1944,United States,"Miles Davis (Three Deuces, New York, N.Y. 1947).jpg",99
Q10330035,Milionário & José Rico,group,1970,Brazil,Milionario e jose rico.jpg,4
Q604835,Milk Inc.,group,1996,Belgium,"Milk Inc., 2008.jpg",19
Q1338793,Millencolin,group,1992,Sweden,Millencolin-2008.jpg,21
Q447437,Millie Small,person,1962,Jamaica,Millie Small (1964).jpg,20
Q1935572,Millionaires,group,2007,United States,Millionaires @ Warped Tour.jpg,11
Q457379,Milly Quezada,person,1975,Dominican Republic,Milly Quezada.jpg,10
Q139603504,Milo,person,,Dominican Republic,,0
Q10330096,Miltinho,person,1940,Brazil,Miltinho (1969).tif,6
Q318518,Milton Babbitt,person,1916,United States,,32
Q1531285,Milton Brown,person,1930,United States,,5
Q542847,Milton Nascimento,person,1962,Brazil,Milton do Nascimento (1972).tif,32
Q22337570,Min Huifen,person,1945,People's Republic of China,Min Huifen childhood.jpg,4
Q61679307,Mind Against,group,2011,Germany,,0
Q3521879,Minibosses,group,1999,United States,The Minibosses.jpg,5
Q425772,Ministry,group,1981,United States,Ministry - Wacken Open Air 2016-AL2884.jpg,29
Q81509,Minor Threat,group,1980,United States,Minor-threat-malcolm-riviera.jpg,36
Q1803842,Minus the Bear,group,2001,United States,Minus the Bear - 2008 Bonnaroo Music Festival.jpg,11
Q1364766,Minutemen,group,1980,United States,"Minutemen, 1982.jpg",19
Q435487,Miquel Brown,person,1973,United States,,12
Q15053742,Mischief Brew,group,2000,United States,,3
Q1937415,Misery Index,group,2001,United States,MiseryIndex band1.jpg,11
Q311785,Misfits,group,1977,United States,Misfits 2012-11-08 01.JPG,38
Q235770,Miss Kittin,person,1994,France,Miss Kittin on the decks.jpg,24
Q1939097,Mission of Burma,group,1979,United States,Mission of Burma-51.jpg,10
Q382962,Mississippi John Hurt,person,1928,United States,M John Hurt.jpg,29
Q3444819,Mistah F.A.B.,person,1999,United States,Mistah F.A.B. (cropped).jpg,6
Q20630566,Mitch Murder,person,2009,Sweden,,5
Q704963,Mix Master Mike,person,1989,United States,"Michael Schwartz, Mix Master Mike.jpg",10
Q3317284,Mixmaster Morris,person,1987,United Kingdom,,7
Q1323453,Miyuki Nakajima,person,1975,Japan,,18
Q771968,Mob 47,group,1982,Sweden,Mob 47.jpg,7
Q727115,Mobb Deep,group,1992,United States,Out4Fame-Festival 2015 - Mobb Deep.JPG,34
Q14045,Moby,person,1978,United States,Moby 1.jpg,68
Q830379,Modern Jazz Quartet,group,1952,United States,Modern Jazz Quartet.png,23
Q27417,Modern Talking,group,1983,Germany,Moderntalking.jpg,78
Q431355,Modest Mouse,group,1993,United States,Modest Mouse UPT.jpg,32
Q1425262,Modjo,group,1998,France,,27
Q105726987,Moe Shop,person,,Japan,,1
Q1395732,Moein,person,1973,Iran,Moein Live in Toronto 2023.jpg,16
Q645980,Mogwai,group,1995,United Kingdom,"Mogwai live at Castello Visconteo, Pavia - July 11th, 2018.jpg",39
Q571707,Mohamed Mounir,person,1977,Egypt,"Mohamed Mounir, b.jpg",16
Q3318847,Mohamed Tahar Fergani,person,1928,France,Mohamed Tahar Fergani.jpg,9
Q741658,Mohammad Hussain Sarahang,person,1924,Afghanistan,,6
Q433745,Mohammad-Reza Lotfi,person,1964,Iran,محمدرضا لطفی - Mohamdreza Lotfi.jpg,18
Q1238247,Mohammad-Reza Shajarian,person,1959,Iran,Mohamdreza Shajarian 1.jpg,28
Q6894452,Mohsen Yeganeh,person,2004,Iran,Mohsen Yeganeh performing a concert at Ministry of Interior Main Hall.jpg,13
Q2424461,Molella,person,1964,Italy,Maurizio Molella 2014.jpg,7
Q285190,Molly Hatchet,group,1975,United States,Molly Hatchet 2009.jpg,17
Q1198084,Momoe Yamaguchi,person,1973,Japan,,18
Q3319807,Mon Rivera,person,1899,United States,,2
Q472644,Mongo Santamaría,person,1950,Cuba,Mongo Santamaria 1969.JPG,23
Q910170,Mongol800,group,1998,Japan,Mongol800.JPG,9
Q6899840,Moni Bilé,person,1957,Cameroon,,3
Q60824605,Mono Blanco,group,1977,Mexico,Mono blanco en el festival del cristo negro en Otatitlan 01.jpg,2
Q2752431,Monolake,group,1995,Germany,Monolake 2014.jpg,7
Q29421154,Monolord,group,,,,3
Q22121823,Monomono,group,1971,Nigeria,,2
Q1430616,Monster Magnet,group,1989,United States,Monster Magnet live in Hungary in 2008.jpg,19
Q15835576,Monuments,group,2007,United Kingdom,Monuments 2016231125439 2016-08-18 Summer Breeze - Sven - 5DS R - 0022 - 5DSR7793 mod.jpg,8
Q369822,Moodymann,person,1992,United States,Sonar 2010 - Moodymann.jpg,10
Q6907524,Moon Mullican,person,1926,United States,,8
Q954332,Moonsorrow,group,1995,Finland,Moonsorrow MTR 20110617 23.jpg,28
Q914074,Moonspell,group,1992,Portugal,Moonspell Studio Kraków 2007 10.JPG,32
Q1947215,Moravanka,group,1971,,,4
Q309001,Morbid Angel,group,1984,United States,Morbid Angel 01 2008.jpg,40
Q749019,Morcheeba,group,1995,United Kingdom,Morcheeba.jpg,30
Q12370465,Mord Fustang,person,2010,Estonia,,3
Q781972,Mordechai Ben David,person,1973,Israel,מרדכי בן דוד.jpg,13
Q3891609,Moreira da Silva,person,1902,Brazil,"Moreira da Silva, 1957.tif",6
Q29561472,Morgan Wallen,person,2016,United States,Morgan Wallen performing at Bank of America Stadium.png,28
Q4331609,Morten Breum,person,2008,Kingdom of Denmark,,8
Q1123016,Mortification,group,1987,Australia,,16
Q376651,Mortiis,person,1993,Norway,Mortiis2.jpg,18
Q316427,Morton Feldman,person,1926,United States,"Persconferentie componist Morton Feldman in concertgebouw Amsterdam in verband m, Bestanddeelnr 928-6142.jpg",35
Q962366,Morton Subotnick,person,1933,United States,Simultaneous MIDI control and Buchla touch keyboard.jpg,15
Q551576,Mory Kanté,person,1971,Guinea,Mory Kanté.jpg,33
Q2475314,Mosaic.wav,group,2004,Japan,Mosaic.wav 20090702 Japan Expo 08.jpg,7
Q1382570,Mose Allison,person,1956,United States,Mose Allison.jpg,20
Q6915818,Moses Hogan,person,1957,United States,,5
Q2915717,Moshe Koussevitzky,person,1899,Poland,Warsaw Cantor Moshe Koussevitzky at the Warsaw Ghetto 10th Anniversary Memorial Meeting in New York City.jpg,6
Q388861,Moss Icon,group,1986,United States,,7
Q62745180,MoStack,person,2008,,,2
Q1752769,Mother's Finest,group,1972,United States,"2011-05-26 Mothers Finest, Kubana, Siegburg IMG 6830.jpg",10
Q1340444,Motion City Soundtrack,group,1997,United States,Motion City Soundtrack.jpg,15
Q1126287,Mott the Hoople,group,1969,United Kingdom,Mott the Hoople.jpg,31
Q19697,Motörhead,group,1975,United Kingdom,"Motorhead in Indianapolis (September 9, 2015) - Jessica Branstetter 09.jpg",139
Q1359424,Mount Kimbie,group,2008,United Kingdom,Mount Kimbie (2013).jpg,5
Q2278773,Mournful Congregation,group,1993,Australia,,11
Q477644,Moğollar,group,1968,Turkey,Moğollar 3.JPG,11
Q131767793,Mr. Black,person,1979,,,1
Q1147061,Mr. Bungle,group,1985,United States,MrBungle99.JPG,25
Q3327146,Mr. C,person,1968,United Kingdom,Mr C at a Gaza fundraising event in London.jpg,3
Q6928518,Mr. Capone-E,person,2000,United States,MrCapone-E.jpg,7
Q686915,Mr. Children,group,1988,Japan,Misuchiru.gif,19
Q6928394,Mr.B The Gentleman Rhymer,person,,United Kingdom,,1
Q83505290,Ms Nina,person,2015,Argentina,MsNina (32386778097).jpg,6
Q1811235,MSTRKRFT,group,2005,Canada,MSTRKRFT @ Wellington Square (27 9 2009) (3986307737).jpg,12
Q2745611,Mtume,group,1973,United States,,4
Q220707,Muddy Waters,person,1941,United States,Muddy Waters.jpg,60
Q898820,Mudhoney,group,1988,United States,Mudhoney June 2007.jpg,29
Q729293,Muhal Richard Abrams,person,2017,United States,Muhal Richard Abrams 06N4854.jpg,17
Q36107,Muhammad Ali,person,1960,United States,Muhammad Ali NYWTS.jpg,183
Q382901,Mulatu Astatke,person,1963,Ethiopia,Mulatu Astatke Cosmopolite 2017 (221840).jpg,25
Q111071555,Mumdance,person,,United Kingdom,,0
Q953918,Mumford & Sons,group,2007,United Kingdom,"Mumford & Sons, performing at Aviemore, Scotland 2015.jpg",44
Q6935664,Munchi,person,2009,Kingdom of the Netherlands,Munchi in 2011.jpg,2
Q10333178,Mundo Livre S/A,group,1984,Brazil,Fred04 tvbrasil.jpg,5
Q922034,Municipal Waste,group,2001,United States,Municipal Waste Haus Auensee Leipzig 2023 17 (cropped).jpg,21
Q48699884,Murda Mook,person,2002,,,2
Q778278,Murderdolls,group,2002,United States,Murderdolls concert.jpg,19
Q1953954,Musa Eroğlu,person,1969,Turkey,Eroğlu.jpg,9
Q1955333,Musiq Soulchild,person,1995,United States,Musiq-Soulchild 2009-02-27.jpg,12
Q558799,Muslim Magomayev,person,1962,Soviet Union,"Muslim Magomayev, Azerbaijani singer.jpg",50
Q331711,Mustafa Sandal,person,1991,Turkey,,35
Q15941115,Mustard,person,2009,United States,DJ Mustard 2019 by Glenn Francis (cropped).jpg,19
Q706252,Mutabaruka,person,1952,Jamaica,,8
Q193673,Muzio Clementi,person,1752,United Kingdom of Great Britain and Ireland,Muzio Clementi.jpg,49
Q900578,Muzsikás,group,1973,,Muzsikás együttes (2012).jpg,8
Q841042,My Bloody Valentine,group,1983,Ireland,My Bloody Valentine - Manchester 2013.jpg,38
Q483285,My Chemical Romance,group,2001,United States,MCR820 (cropped).jpg,70
Q498460,My Dying Bride,group,1990,United Kingdom,My Dying Bride at Midgardsblot 2023 (53162575800).jpg,35
Q65550251,Myke Towers,person,2016,United States,Myke Towers in interview - Tony Dandrades - 2021.png,15
Q236312,Márta Sebestyén,person,1975,Hungary,Sebestyén Márta.jpg,28
Q486688,Mötley Crüe,group,1981,United States,"Mötley Crüe, Sweden Rock 2012.jpg",51
Q306130,Múm,group,1997,Iceland,Múm.jpg,33
Q1395064,Müslüm Gürses,person,1975,Turkey,,19
Q1993589,Mỹ Tâm,person,1999,Vietnam,MY TAM - LIGHT & SHADOW LIVE - INAX VIETNAM.jpg,16
Q216856,N.W.A.,group,1986,United States,,56
Q484216,Na Hoon-a,person,1966,South Korea,나훈아 콘서트 후기.jpg,5
Q11788639,Nachtmahr,group,1995,Germany,,1
Q452785,Nada Mamula,person,1946,Socialist Federal Republic of Yugoslavia,"Stevan Kragujevic, Nada Mamula, 60tih.jpg",9
Q625917,Nadja,group,2003,Canada,"Nadja live in Toronto, 2009.jpg",9
Q1351126,Naftule Brandwein,person,1889,Austria–Hungary,NBrandwein.jpg,11
Q1122398,Naglfar,group,1992,Sweden,Naglfar Party.San Metal Open Air 2019 13.jpg,14
Q99527593,Nahawa Doumbia,person,1959,Mali,,6
Q2631733,Najat Aatabou,person,1977,Morocco,NajatAatabou1.jpg,16
Q937020,Najee,person,1986,United States,NAJEE.JPG,10
Q6617244,Nam Jin,person,1965,South Korea,Nam Jin.jpg,6
Q11167386,Nameless,person,1999,Kenya,,2
Q266676,Namie Amuro,person,1992,Japan,Namie Amuro MAA (cropped).JPG,42
Q3335478,Namjilyn Norovbanzad,person,1950,Mongolia,,8
Q20088941,Nana Ampadu,person,1963,Ghana,,6
Q447032,Nanci Griffith,person,1978,United States,Nanci Griffith at BBC Radio 2 Folk Awards 2010.jpg,21
Q321762,Napalm Death,group,1981,United Kingdom,HF2022NapalmDeath 3.jpg,43
Q16015304,Napoleon Strickland,person,1919,United States,,4
Q940848,Nara Leão,person,1964,Brazil,NaraLeão.jpg,15
Q425728,Narayan Gopal,person,1960,Nepal,Narayan Gopal.jpg,13
Q4210537,Nasida Ria,group,1975,,,4
Q1500192,Nasum,group,1992,Sweden,,15
Q137042,Nat King Cole,person,1934,United States,Nat King Cole (Gottlieb 01511).jpg,78
Q6968206,Natalie MacMaster,person,1989,Canada,Natalie MacMaster - Seattle - 2010.jpg,5
Q104904549,Natanael Cano,person,2019,Mexico,Cano4.jpg,7
Q47159,Nate Dogg,person,1992,United States,,38
Q532475,Nathan Abshire,person,1981,United States,,6
Q15304958,Nathan Carter,person,2002,Ireland,Nathan Carter. Royal Concert Hall. Glasgow.JPG,6
Q111050304,Nathan Coles,person,1970,United Kingdom,,2
Q1031228,National Health,group,1975,United Kingdom,,15
Q1816236,Native Deen,group,1998,United States,Native Deen 2007.JPG,9
Q2485312,Nausea,group,1985,United States,,8
Q6983583,Nação Zumbi,group,1991,Brazil,Nação Zumbi @ Maquinária Festival 01.jpg,5
Q27062890,Ndom’a Deccah Grace,person,1966,Cameroon,Grace Decca.jpg,5
Q359474,Necro,person,1991,United States,Necro.JPG,28
Q672432,Necrophagist,group,1992,Germany,Necrophagist.png,17
Q948214,Necrophobic,group,1989,Sweden,Necrophobic Saarbrücken 2011.JPG,12
Q1933496,Ned's Atomic Dustbin,group,1987,United Kingdom,NedsWolves07.jpg,11
Q103258,Neelix,person,1995,Germany,Neelix (DJ) - 01 Jun 2007.jpg,4
Q624627,Negativland,group,1979,United States,Negativland performance.jpg,6
Q1974431,Negritude Júnior,group,1986,Brazil,Sambagamboa negritudejr 01.jpg,4
Q10335997,Neguinho da Beija-Flor,person,1974,Brazil,Neguinho da Beija-Flor 2014 (bf55).jpg,7
Q1429330,Negură Bunget,group,1994,Romania,Negura.JPG,18
Q62708,Neidhart von Reuental,person,1180,Duchy of Bavaria,Codex Manesse Neidhart.jpg,23
Q294531,Neil Diamond,person,1962,United States,Neil Diamond 2.jpg,61
Q312743,Neil Sedaka,person,1957,United States,Neil Sedaka - TopPop 1974 3 (cropped).png,41
Q633,Neil Young,person,1961,United States,Neil Young Stavernfestivalen 2016 (220929).jpg,80
Q257712,Nekromantix,group,1989,Denmark,Nekromantix Satanic Stomp 2008.jpg,13
Q31174141,Nella Kharisma,person,2014,Indonesia,Nella Kharisma at Kita Merah Putih in 2019 (cropped).png,2
Q218992,Nelly,person,1993,United States,Iverson Nelly 2 (cropped) (2) (3x4).jpg,51
Q10336072,Nelson Ferreira,person,1902,Brazil,,1
Q10336076,Nelson Freitas,person,1997,,,3
Q5110234,Nelson Gonçalves,person,1941,Brazil,Nelson Gonçalves (1960).tif,12
Q3709714,Nemours Jean Baptiste,person,1918,Haiti,,4
Q153996,Nena,person,1978,Germany,2018 Sternstunden-Gala - Nena - by 2eight - DSC5725.jpg,49
Q2986540,Neon Indian,group,2008,United States,Neon Indian Governors Ball 2011.jpg,15
Q1448889,Neophyte,group,1992,Netherlands,,10
Q1978005,Nerf Herder,group,1994,United States,Nerf Herder Promo Band Photo 2013.jpg,13
Q16961880,Nervous Gender,group,1978,United States,,2
Q44399,Netsky,person,2008,Belgium,Netsky (DJ).jpg,19
Q181874,Neu!,group,1985,Germany,,26
Q334093,Neurosis,group,1985,United States,Neurosis-at-tuska.jpg,20
Q569462,Neuroticfish,group,1998,Germany,Neuroticfish-blackfieldfestival-2013.jpg,9
Q849875,Neutral Milk Hotel,group,1989,United States,Jeff Mangum Boston Jan 16 2014.jpg,39
Q1631159,New Boyz,group,2008,United States,New boyz.jpg,11
Q850645,New Found Glory,group,1997,United States,New Found Glory.jpg,28
Q7007840,New Grass Revival,group,1971,United States,,3
Q212464,New Kids on the Block,group,1984,United States,NKOTB 2008-11-06.jpg,41
Q7009927,New Lost City Ramblers,group,1958,United States,New Lost City Ramblers 1960s LOC.jpg,5
Q214990,New Order,group,1980,United Kingdom,"New Order, Chile 2019 (39751785423).jpg",50
Q1506370,New Orleans Rhythm Kings,group,1921,United States,New Orleans Rhythm Kings.gif,8
Q1420833,New Riders of the Purple Sage,group,1969,United States,New-Riders-of-the-Purple-Sage-01.jpg,14
Q830586,New York Dolls,group,1971,United States,New York Dolls (2006).jpg,34
Q1217509,New Young Pony Club,group,2004,United Kingdom,"Rock en Seine 2007, New Young Pony Club.jpg",10
Q1760152,Newcleus,group,1977,United States,,7
Q1445071,Newsboys,group,1985,Australia,Newsboys 2011 (5725453448) (cropped).jpg,17
Q1653946,Neşet Ertaş,person,1954,Turkey,Neşet Ertaş - panoramio.jpg,18
Q467532,NG La Banda,group,,Cuba,,4
Q7022497,Ngola Ritmos,group,1947,Angola,NgolaRitmos.jpg,5
Q1887441,Nicanor Abelardo,person,1893,Philippines,Nicanor Abelardo Postage Stamp.jpg,11
Q727418,Nicholas Payton,person,1990,United States,NicholasPayton5deMayo07Playing.jpg,11
Q137368542,Nicholas Zakaria,person,1956,Zimbabwe,IMG Madzibaba VIP-Attire.jpg,1
Q211588,Nick Drake,person,1969,United Kingdom,,47
Q1895390,Nickel Creek,group,1989,United States,NickelCreek2005.jpg,13
Q483802,Nickelback,group,1995,Canada,Nickelback AMAs 2011.png,66
Q260214,Nicky Romero,person,2007,Kingdom of the Netherlands,NickyRomero.jpeg,35
Q946505,Nicola Conte,person,1964,Italy,Nicola Conte.jpg,8
Q2606502,Nicolae Guță,person,1996,Romania,Nicolae Guta.png,11
Q3780177,Nicomedes Santa Cruz,person,1925,Peru,Nicomedes Santa Cruz.jpg,10
Q109599010,Night Tempo,person,1986,South Korea,,2
Q928905,Nightmares on Wax,person,1988,United Kingdom,DJ E.A.S.E. (Nightmares on Wax) at Sidarta Lounge.jpg,11
Q43510,Nightwish,group,1996,Finland,Nightwish au Rockhal 2015.JPG,107
Q43718,Nikolai Gogol,person,1827,Russian Empire,"N.Gogol by F.Moller (1840, Tretyakov gallery).jpg",157
Q722484,Nikos Vertis,person,2003,Greece,Nikos Vertis - October 2021.jpg,19
Q660835,Nile,group,1993,United States,Nile at Party.San Open Air 2012.jpg,31
Q1493073,Nils Frahm,person,1982,Germany,Nils Frahm (Traumzeit Festival 2014) IMGP4651 smial wp.jpg,15
Q738139,Nils Petter Molvær,person,1979,Norway,Nils Petter Molvær 2022.jpg,23
Q379684,Nils-Aslak Valkeapää,person,1943,Norway,Nils-Aslak-Valkeapaa.jpg,31
Q437231,Nilüfer,person,1972,Turkey,Nilüfer ile Sezen Aksu 2012.jpg,19
Q11647,Nine Inch Nails,group,1988,United States,NIN Munich 2007.jpg,72
Q22936556,Ninety One,group,2015,Kazakhstan,,16
Q1993035,Ninjaman,person,1978,Jamaica,,5
Q430613,Nino Bravo,person,1969,Spain,Nino Bravo foto HD (cropped).png,16
Q1044154,Nino D'Angelo,person,1957,Italy,Nino D'Angelo '92.jpg,17
Q11649,Nirvana,group,1987,United States,Nirvana around 1992.jpg,114
Q580943,Nitzer Ebb,group,1982,United Kingdom,Nitzer Ebb.JPG,19
Q714526,Niyazi,person,1934,Soviet Union,Niyazi.jpg,17
Q270828,Niña Pastori,person,1995,Spain,Niña Pastori en los actos oficiales del 2 de mayo - Imposición de la Medalla de la Comunidad de Madrid y Condecoraciones de la Orden del 2 de mayo.jpg,16
Q7044051,No Comment,group,1987,United States,,3
Q43259,No Doubt,group,1986,United States,NO DOUBT 327b Brian McCauley.jpg,53
Q375364,No Use for a Name,group,1987,United States,No Use for a Name 2012-01-09 01.jpg,22
Q2468561,Nocturnal Depression,group,2004,France,,12
Q2294741,Noel Nicola,person,1946,Cuba,,10
Q281078,Noel Rosa,person,1929,Brazil,Noel Rosa.jpg,19
Q265222,NOFX,group,1983,United States,2023 Rock im Park - NOFX - by 2eight - 7DS4182.jpg,43
Q516302,Noisecontrollers,group,2005,,,8
Q7047756,Noisex,group,1990,,,2
Q47227,Noisia,group,2002,Netherlands,"Noisia, Ram Brixton Academy, New Year's Eve 2015.png",20
Q161725,Nokturnal Mortum,group,1994,Ukraine,Nokturnal Mortum.jpg,22
Q7049430,Nonini,person,2002,Kenya,,6
Q441730,Nora Bayes,person,1898,United States,NoraBayesHatBain.jpg,21
Q21484134,Nora En Pure,person,2009,South Africa,Nora en Pure.jpg,10
Q7050137,Nora Ney,person,1952,Brazil,Nora Ney (1961).tif,8
Q549981,Norah Jones,person,2000,United States,NorahJones-byPhilipRomano.jpg,77
Q1593542,Nordvargr,person,1988,Sweden,Pouppée Fabrikk etropolis2012 (12).jpg,4
Q3543876,Noriko Awaya,person,1929,Japan,Noriko Awaya.jpg,8
Q406379,Norma Jean,group,1997,United States,NormaJeanbyRachel.jpg,17
Q16666774,Norma Loy,group,,France,,1
Q3297853,Nortec Collective,group,1999,Mexico,Nortec Collective05.jpg,6
Q475935,North Mississippi Allstars,group,1996,United States,N-Miss-Allstars-DBL EX.jpg,8
Q7059558,Northlane,group,2009,Australia,Northlane 2019 gen use lores.jpg,16
Q485167,Northside,group,1989,England,,5
Q55075209,Not3s,person,2016,United Kingdom,Not3s 2018.png,5
Q42336667,"Nothing,Nowhere",person,1992,United States,"Nothing,Nowhere - Rock am Ring 2019-2460.jpg",11
Q719110,Notis Sfakianakis,person,1985,Greece,Notis Sfakianakis.jpg,16
Q16733502,Nozinja,person,2004,South Africa,Noz camera.jpg,2
Q154454,NSYNC,group,1995,United States,NSYNC.jpg,43
Q899032,Nuclear Assault,group,1984,United States,Nuclear Assault Party.San 2016 06.jpg,21
Q462347,Nujabes,person,1996,Japan,,26
Q1168617,Numb,group,1986,Canada,Numb band 1987.jpg,3
Q5359582,Number Girl,group,1995,,,7
Q3879772,Nuova Compagnia di Canto Popolare,group,1967,Italy,Nuova Compagnia di Canto Popolare.JPG,5
Q1930798,Nurse With Wound,group,1979,United Kingdom,Steve Stapleton.jpg,10
Q299073,Nusrat Fateh Ali Khan,person,1965,Pakistan,Nusrat Fateh Ali Khan.jpg,60
Q3879978,Nylon Moon,group,1996,Italy,,1
Q7071588,Nēnēs,group,1990,Japan,,3
Q7073354,O Yuki Conjugate,group,1982,United Kingdom,,1
Q3347472,O. V. Wright,person,1964,United States,,8
Q382890,Oasis,group,1991,United Kingdom,Oasis - Wembley Stadium - Saturday 27th September 2025.jpg,79
Q334537,Obituary,group,1984,United States,Hellfest2017Obituary 02.jpg,38
Q732205,Oblivians,group,1993,United States,Oblivians at Lido (29319334747).jpg,9
Q64211521,Obrafour,person,1999,Ghana,,4
Q686550,Obscura,group,2002,Germany,Obscura Hellfest 2010 (3).jpg,16
Q1332158,Ocean Colour Scene,group,1989,United Kingdom,Simon Fowler live.jpg,24
Q10340215,Odair José,person,1970,Brazil,Odair José.jpg,5
Q237633,Odetta,person,1944,United States,Odetta.jpg,37
Q509702,Of Monsters and Men,group,2010,Iceland,Of Monsters and Men.jpg,36
Q310162,Of the Wand & the Moon,group,1998,Denmark,Of The Wand And The Moon Nocturnal Culture Night 12 2017 04.jpg,10
Q1006517,Off Course,group,1969,Japan,,5
Q111087,Ofra Haza,person,1969,Israel,Ofra Haza 1987.jpg,54
Q15436057,OG Ron C,person,1987,United States,Og ron c 450x300 1 (1).jpg,4
Q1760014,Ohio Express,group,1967,United States,Ohio Express (cropped).jpg,11
Q1291507,Ohio Players,group,1959,United States,Ohio Players band.jpg,17
Q1887278,Oingo Boingo,group,1972,United States,,18
Q576420,Ojos de Brujo,group,1996,Spain,Ojos de brujo 2.jpg,19
Q7082705,Oku Onuora,person,1952,Jamaica,,2
Q18217816,Okyeame Kwame,person,1997,Ghana,Okyeame.jpg,6
Q7082838,Ola Belle Reed,person,1916,United States,,3
Q727187,Olavi Virta,person,1939,Grand Duchy of Finland,Olavivirta.jpg,18
Q3881496,Old 97's,group,1993,United States,Old 97's at The Crocodile.jpg,9
Q1886400,Old Man's Child,group,1993,Norway,Galder from Dimmu Borgir.jpg,16
Q953117,Olga Guillot,person,1945,Cuba,Olga guillot.jpg,20
Q3350611,Olimpo Cárdenas,person,1923,Ecuador,Olimpocardenas.jpg,3
Q16667903,Oliver Heldens,person,2013,Kingdom of the Netherlands,Airbeat One 2015 Oliver Heldens by Denis Apel-1666.jpg,23
Q151593,Olivier Messiaen,person,1908,France,"Lezing Franse compoist Olivier Messiaen in Koninklijk Conservatorium in Den Haa, Bestanddeelnr 933-8262.jpg",65
Q2021108,Olodum,group,1979,Brazil,Olodum-drummers.jpg,12
Q19520573,Om Unit,person,2010,United Kingdom,,2
Q619303,Omar Souleyman,person,1994,Syria,Omar Souleyman @ Becks Music Box (5 3 2011) (5519121452).jpg,22
Q237997,Omara Portuondo,person,1950,Cuba,La cantant cubana Omara Portuondo (3736772084).jpg,29
Q2023278,Omen,group,1983,United States,Omen.jpg,7
Q2918713,Omer Adam,person,2009,Israel,Omer Adam 1.jpg,14
Q1749482,Omnia,group,1996,Netherlands,Omnia musick and poetree wiki.jpg,20
Q7092163,Ondekoza,group,1969,Japan,Ondekoza.odaiko2.png,3
Q3882507,One Last Wish,group,1986,United States,,5
Q286346,Oneohtrix Point Never,person,2006,United States,ONEOHTRIX POINT NEVER (cropped).jpg,18
Q4353626,Onkel Kånkel,group,1979,Sweden,,4
Q572174,Oomph!,group,1989,Germany,Oomph! Wave-Gotik-Treffen 2018 27.jpg,35
Q7072798,oOoOO,group,2008,United States,OOoOO.png,6
Q3354052,Opera Multi Steel,group,1983,France,OMS20.JPG,2
Q165846,Operation Ivy,group,1987,United States,Opivy2.jpg,14
Q18557,Opeth,group,1990,Sweden,Opeth @ Rock Hard Festival 2017 201.jpg,50
Q449323,Ophidian,person,1981,Kingdom of the Netherlands,Ophidian.jpg,4
Q14521452,Oppenheimer Analysis,group,,,,0
Q1781317,Orange Juice,group,1976,United Kingdom,,12
Q467624,Orathai Dabkham,person,1999,Thailand,Thai PM Abhisit Vejjajiva with Tai Orathai (2009).jpg,32
Q515942,Orbital,group,1989,United Kingdom,Orbital at Poland in 2012 (7579011896).jpg,24
Q18960277,Orchestra Marrabenta Star de Moçambique,group,1979,Mozambique,,1
Q956500,Orchestral Manoeuvres in the Dark,group,1978,United Kingdom,O.M.D. Bandpic.jpg,31
Q3885030,Orchidea De Santis,person,1964,Italy,Il vizio di famiglia 03.png,14
Q1382418,Orhan Gencebay,person,1966,Turkey,Orhan Gencebay 2023.jpg,20
Q933710,Original Dixieland Jass Band,group,1916,United States,ODJBcard.JPG,20
Q10864039,Original Love,group,1985,Japan,,4
Q1651693,Original Naabtal Duo,group,,,,2
Q154792,Orlande de Lassus,person,1532,Habsburg Netherlands,Orlande de Lassus.jpg,58
Q10341515,Orlandivo,person,1937,Brazil,,2
Q19886334,Orlando Julius,person,2022,Nigeria,"Orlando Julius, Montreal 2016-07-06 - 081.jpg",9
Q10341548,Orlando Pantera,person,1967,Cape Verde,,5
Q7128978,Orlando Silva,person,1934,Brazil,Orlando Silva cropped.jpg,3
Q208797,Ornette Coleman,person,1930,United States,Ornette Coleman.jpg,54
Q1126314,Orphaned Land,group,1991,Israel,Orphaned Land 1.jpg,27
Q7104019,Orquesta América,group,,,,1
Q2031558,Orquesta Aragón,group,1939,Cuba,,7
Q10341995,Os Incríveis,group,1961,Brazil,,3
Q1325248,Os Mutantes,group,1966,Brazil,Zélia Duncan and Sérgio Dias.jpg,23
Q3522116,Osborne Brothers,group,1953,United States,,4
Q70913044,Oscar Davey-Wraight,person,1984,New Zealand,,0
Q16186057,Oscar Matus,person,1927,Argentina,,2
Q1890473,Osibisa,group,1969,United Kingdom,Osibisa.jpg,18
Q7107123,Osmani García,person,2011,Cuba,Osmani García 4.jpg,7
Q113635146,osquinn,person,2004,United States,,2
Q380673,Osvaldo Pugliese,person,1905,Argentina,Osvaldo pugliese de gala.jpg,23
Q323966,Othar Turner,person,1907,United States,,5
Q3357654,Otis Clay,person,1957,United States,OtisClay LBBF1997 2.jpg,17
Q217839,Otis Redding,person,1958,United States,Otis Redding (2).png,57
Q711197,Otis Rush,person,1956,United States,Otis Rush at Notodden bluesfestival.jpg,28
Q1349079,Otis Spann,person,1930,United States,,20
Q1969558,Otomo Yoshihide,person,1987,Japan,Otomo Yoshihide.jpg,14
Q1573838,Otros Aires,group,2003,Argentina,"Otros-Aires-in-Aram-Khachatryan-Concert-Hall-with-tango-performance-by-Arman-and-Maria,-Yerevan-2023.jpg",6
Q400094,Otto Knows,person,2010,Sweden,Otto playing live at Ushuaia Ibiza.jpeg,15
Q2039834,Otto Luening,person,1900,United States,,13
Q59485,Otto Waalkes,person,1948,Germany,Otto Waalkes 1093 (cropped).jpg,21
Q243837,Ottorino Respighi,person,1893,Kingdom of Italy,"Ottorino Respighi, 1927 (cropped).jpg",43
Q467094,Oumou Sangaré,person,1990,Mali,"(Oumou Sangaré) De la poesía a la música de raíz, sonidos de la segunda noche de San Isidro.jpg",29
Q1463593,Out Hud,group,1996,United States,,8
Q472595,OutKast,group,1992,United States,2014227235242 2014-08-15 Rock'n'Heim - Sven - 5D MK II - 250 - IMG 0063 mod.jpg,43
Q1869710,Outlaws,group,1972,United States,TheOutlawsHughieChris06.jpg,12
Q534454,Oval,group,1991,Germany,"Oval (Berlin, Astra Kulturhaus 2009-11-25).jpg",9
Q2734296,Ovidi Montllor,person,1968,Spain,Ovidi Montllor actuant.jpg,14
Q1277127,Owls,group,2001,United States,,2
Q1428002,Oxide & Neutrino,group,2000,United Kingdom,,7
Q1550383,Ozric Tentacles,group,1983,England,Ozric Tentacles live in Zagreb in 2004.jpg,20
Q28739901,Ozuna,person,2012,United States,Ozuna-2019.jpg,33
Q7117378,P. Kalinga Rao,person,1914,Dominion of India,,3
Q3349799,Paban Das Baul,person,1961,India,"Paban Das Baul, Festival international des cinémas d'Asie de Vesoul 2009 (cropped).jpg",9
Q1809823,Pablo,group,1972,,,10
Q11697214,Pablo Esteve y Grimau,person,1730,Spain,,6
Q560953,Pablo Milanés,person,1956,Cuba,Pablo Milanés (cropped).jpg,24
Q743869,Pablo Ziegler,person,1944,Argentina,Pablo Ziegler Cosmopolite (210311).jpg,10
Q7122056,Pacho Alonso,person,1928,Cuba,Pacho Alonso (cropped).jpg,4
Q3392753,Pacho Galán,person,1934,Colombia,,5
Q12043494,Pacifik,group,1971,Czech Republic,,2
Q153300,Paco de Lucía,person,1963,Spain,Paco de Lucia 1.jpg,67
Q981236,Paco Ibáñez,person,1956,Spain,Paco Ibañez 005.JPG,20
Q7124160,Pagan Altar,group,1978,United Kingdom,Pagan Altar.jpg,11
Q7125397,Pak Tongjin,person,1916,South Korea,,3
Q2069239,Pale Saints,group,1987,United Kingdom,Pale Saints01.jpg,6
Q3891705,Paleface,person,2000,Finland,Paleface Vaasa.jpg,4
Q530413,Palmy,person,2001,Thailand,Palmy.jpg,12
Q1889385,Pan Sonic,group,1993,Finland,Pansonic2.jpg,12
Q1346896,Panjabi MC,person,1993,United Kingdom,"London Mela 2010, Panjabi MC crop.jpg",16
Q2723854,Pankaj Udhas,person,1980,India,Pankaj Udhas still4.jpg,22
Q2253861,Pansy Division,group,1991,United States,Pansy Division-5.jpg,11
Q4503270,Pantelis Pantelidis,person,2012,Greece,Pantelis Pantelidis.JPG,16
Q180880,Pantera,group,1981,United States,Pantera 1987-2003 lineup.jpg,63
Q179516,Paolo Conte,person,1968,Italy,PaoloconteBerlin.jpg,29
Q254371,Papa Roach,group,1993,United States,Papa Roach ZC10-2.JPG,49
Q736274,Papa Wemba,person,1960,Democratic Republic of the Congo,Papa Wemba.jpg,31
Q750593,Paradise Lost,group,1988,United Kingdom,Paradise Lost - Reload Festival 2024 11.jpg,33
Q473466,Paramore,group,2003,United States,Paramore - The O2 - Friday 12th January 2018 DSC03984ParamoreO2Jan18 (25112969047).jpg,143
Q10344640,Parangolé,group,1998,Brazil,Parangolé - Carnaval de 2012 (3).jpg,3
Q2375711,Parisa,person,1950,Iran,Parisa.jpg,9
Q282855,Parkway Drive,group,2003,Australia,Parkway Drive - 2018153232156 2018-06-02 Rock am Ring - 5DS R - 0299 - 5DSR6245.jpg,30
Q2053632,Parlet,group,1978,United States,,3
Q89525,Parov Stelar,person,1998,Austria,Parov Stelar 2024 (c) Tanja Schalling (cropped).jpg,31
Q16740568,Parquet Courts,group,2010,United States,Parquet Courts at ULU.jpg,10
Q1514494,Party Animals,group,1995,Netherlands,Partyanimals2008.jpg,5
Q15929398,PartyNextDoor,person,2006,Canada,PartyNextDoor 2016 press photo.png,23
Q1784022,Passion Pit,group,2007,United States,Passion Pit 2008-12-03.jpg,16
Q3368476,Pastis & Buenri,group,1995,Spain,,4
Q2056297,Pastor Troy,person,1998,United States,Pastor Troy WHTA 2023.png,16
Q10751549,Pastorita Huaracina,person,1930,Peru,PASTORITA HUARACINA.jpg,6
Q7143495,Pat Green,person,1995,United States,Pat-Green-(edited).jpg,11
Q213887,Pat Metheny,person,1974,United States,Pat Metheny Barcelona 2008.jpg,40
Q28043525,Pat Thomas,person,1951,Ghana,PatThomas2.jpg,5
Q2240661,Pata Negra,group,1978,Spain,Pata-Negra Alcazar Jerez-dsc01073.jpg,10
Q3694816,Pathanay Khan,person,1926,British Raj,Pathanay khan.jpg,9
Q583025,Patricio Manns,person,1959,Chile,"Manns, Patricio 20171028 fRF01.jpg",12
Q1395989,Patrick Cowley,person,1976,United States,Patrick Cowley.jpg,15
Q7148160,Patrulla 81,group,1981,,,2
Q273080,Patsy Cline,person,1947,United States,Patsy Cline 1957--Front.jpg,55
Q272845,Patsy Montana,person,1933,United States,Patsy Montana Billboard.jpg,16
Q557,Patti Smith,person,1971,United States,Patti Smith at the 81st Venice International Film Festival in 2024.jpg,77
Q455939,Patty Loveless,person,1973,United States,Loveless02.jpg,16
Q215556,Paul Dukas,person,1865,France,Paul Dukas 01.jpg,53
Q960974,Paul Elstak,person,1987,Kingdom of the Netherlands,Dj-paul-elstak-1305292754.jpg,12
Q57244,Paul Hindemith,person,1895,Germany,Paul Hindemith 1923.jpg,57
Q7155240,Paul Job Kafeero,person,1970,Uganda,Paul kafeero.jpg,3
Q109451283,Paul Johnson,person,,United States,,1
Q136324170,Paul Ndlovu,person,1954,,,2
Q321339,Paul Oakenfold,person,1980,United Kingdom,Paul Oakenfold 2009.jpg,33
Q1026810,Paul Revere and the Raiders,group,1958,United States,Paul Revere and the Raiders 1967.JPG,22
Q273233,Paul Robeson,person,1925,United States,Paul Robeson 1942 crop.jpg,55
Q4028,Paul Simon,person,1957,United States,Paul Simon at the 9-30 Club (b).jpg,71
Q77034,Paul van Dyk,person,1990,Germany,Paul van Dyk NO (cropped).JPG,45
Q709640,Paul Wall,person,1998,United States,Paul Wall.jpg,19
Q470182,Paul Whiteman,person,1890,United States,Paul Whiteman 1939.jpg,28
Q1338162,Paul Winter,person,1961,United States,Paul Winter 6-16-07 Photo by Anthony Pepitone.jpg,18
Q185465,Paula Abdul,person,1978,United States,Paula Abdul 2007.jpg,64
Q3372725,Pauline Julien,person,1951,Canada,,8
Q444857,Pauline Oliveros,person,1932,United States,POliveros2010.JPG,20
Q241801,Paulinho da Viola,person,1965,Brazil,Paulinho da Viola.jpg,13
Q17013873,Paulito FG,person,1962,Cuba,Paulo2.JPG,5
Q2032898,Paulo Flores,person,1972,Angola,Paulo Flores.png,10
Q584391,Pavel Chesnokov,person,1877,Soviet Union,,14
Q922445,Pavement,group,1989,United States,"Pavement, the band, in Tokyo.jpg",29
Q667042,Paysage D'Hiver,group,1997,Switzerland,,9
Q379548,Peabo Bryson,person,1965,United States,Peabo Bryson.jpg,28
Q235095,Peaches,person,1990,Canada,"Peaches, November 16, 2009.jpg",26
Q142701,Pearl Jam,group,1990,United States,PearlJam-Oakland-2013.JPG,76
Q1342505,Pearls Before Swine,group,1965,United States,Tom Rapp 1998 concert.jpg,7
Q3898491,Peatbog Faeries,group,1994,United Kingdom,,2
Q467954,Pedro Infante,person,1939,Mexico,Pedro Infante en 1954 (cropped).jpg,30
Q1860517,Pedro Iturralde,person,1929,Spain,Pedro Iturralde.jpg,15
Q5551605,Pedro Messone,person,1962,Chile,Pedro Messone (7352281704).jpg,5
Q2363489,Peggy Zina,person,1995,Greece,Peggy Zina live 2025.jpg,15
Q2068562,Pen Cayetano,person,1954,Belize,,4
Q1856247,Pendragon,group,1978,United Kingdom,Pendragon 2010 after concert.JPG,15
Q20672,Pendulum,group,2002,Australia,Pendulum Live Electric 2007.jpg,39
Q50505246,Penny Penny,person,1994,South Africa,,5
Q754051,Pennywise,group,1988,United States,PENNYWISE (5238752641).jpg,27
Q1402704,Pentagram,group,1971,United States,Pentagram live 2009.jpg,14
Q1427551,Pentangle,group,1968,United Kingdom,"John Renbourn, Danny Thompson and Jacqui McShee perform together as Pentangle after a thirty year break! (383150127).jpg",23
Q7166241,Pepe Sánchez,person,1856,Cuba,PepeS.jpg,9
Q93343,Percy Bysshe Shelley,person,1792,Kingdom of Great Britain,Percy Bysshe Shelley by Alfred Clint.jpg,143
Q712683,Percy Faith,person,1908,United States,Percy Faith 1949.jpg,22
Q445862,Percy Sledge,person,1960,United States,Percy Sledge 1974 touring.jpg,43
Q1500073,Pere Ubu,group,1975,United States,Pere Ubu Live Vienna 2009.jpg,19
Q1388730,Peret,person,1957,Spain,"Aankomst Spaanse zanger Peret op Schiphol, Peret met gouden plaat, Bestanddeelnr 925-1521.jpg",24
Q154809,Perez Prado,person,1916,Cuba,Perez prado (cropped).jpg,32
Q16966850,Perfect Stranger,group,1986,United States,,2
Q2071101,Periphery,group,2004,United States,Periphery - 01.jpg,19
Q7169164,Perlla,person,2006,Brazil,Perla Fernandes dos Santos (born 1988) in the video 'Boas Novas no Ar - Perlla- 22-02-2017'.png,2
Q7169608,Perrey and Kingsley,group,1965,United States,,2
Q333405,Perry Como,person,1932,United States,Perry Como NYWTS.jpg,52
Q20685120,Perturbator,person,2012,France,Perturbator - Rock am Ring 2017-AL6879.jpg,18
Q7171305,Perú Negro,group,1969,Peru,,2
Q62554723,Peshay,person,1991,United Kingdom,PESHAY028bright.jpg,4
Q117242724,Peso Pluma,person,2020,Mexico,PESO PLUMA - 2024.09.24 (3).jpg,13
Q485625,Pet Shop Boys,group,1981,United Kingdom,Pet Shop Boys live i Tivoli.JPG,59
Q16013757,Peta Teanet,person,1966,South Africa,,4
Q1399599,Pete Johnson,person,1922,United States,"Pete Johnson, New York, N.Y., ca. Aug. 1946 (William P. Gottlieb 04651).jpg",15
Q677600,Pete Namlook,person,1992,Germany,Namlook-FAX-Logo.jpg,14
Q1851859,Pete Rock & CL Smooth,group,1991,United States,Pete Rock @ Sputnik NYC.jpg,14
Q3376398,Pete Rodriguez,person,1932,United States,Pete-Rodriguez DSF0265.jpg,6
Q1369304,Pete Rugolo,person,1940,Italy,"Pete Rugolo, ca. Dec. 1946 (William P. Gottlieb).jpg",14
Q244441,Pete Seeger,person,1939,United States,Pete Seeger sings (cropped).JPG,88
Q44801,Peter Alexander,person,1948,Austria,USIS – Peter Alexander.jpg,27
Q175277,Peter Brötzmann,person,1967,Germany,Peter Broetzmann 05N2754.jpg,23
Q175195,Peter Gabriel,person,1967,United Kingdom,"Peter Gabriel, Denver 2023.jpg",73
Q95343002,Peter Lang,person,1965,,,2
Q106308191,Peter Okoye,person,2003,Nigeria,Peter Okoye.jpg,8
Q87996,Peter Rauhofer,person,1965,Austria,DJ Peter Rauhofer in Sauípe Hell & Heaven.JPG,12
Q273049,Peter Tosh,person,1961,Jamaica,BushDoctor1978.jpg,46
Q654716,"Peter, Paul and Mary",group,1961,United States,"Peter, Paul and Mary 2006.jpg",46
Q368449,Peteris Vasks,person,1946,Soviet Union,Vasks11.jpg,29
Q2079842,Petit-Pays,person,1967,Cameroon,Rabba Rabbi.jpg,7
Q2080180,Petra,person,1985,Finland,Petra provinssi.JPG,4
Q114596815,Petre Inspirescu,person,,Romania,,0
Q6073645,Petrona Martínez,person,1939,Colombia,,4
Q180026,Petrus de Cruce,person,1270,France,,16
Q709143,Pg. 99,group,1998,United States,Live-pg.99.jpg,11
Q470617,Pharoah Sanders,person,1964,United States,Pharoah Sanders photo.jpg,29
Q7180927,Phase II Pan Groove,group,1972,,,1
Q7181551,Phi Nhung,person,1993,Vietnam,Phi Nhung (cropped).png,8
Q1579192,Phil Keaggy,person,1966,United States,Phil Keaggy 2019 (48361192371).jpg,12
Q379802,Phil Ochs,person,1962,United States,20111015 174748 phil-ochs.jpg,36
Q7182272,Phil Phillips,person,1926,United States,,9
Q189729,Philip Glass,person,1964,United States,Philip Glass 018 crop.jpg,64
Q1374217,Philip Rosseter,person,1568,United Kingdom of Great Britain and Ireland,,9
Q311766,Philippe de Vitry,person,1291,Kingdom of France,"Philippe de Vitry - seal, 1349.jpg",34
Q3381062,Phill Niblock,person,1933,United States,Phill Niblock.jpg,8
Q219519,Phillip Phillips,person,2009,United States,"Phillip Phillips at the American Idols Live! Tour 2012 at Seattle Center's Key Arena, July 2012.jpg",25
Q7186118,Philomena Begley,person,1968,United Kingdom,Philomenabegley2.jpg,3
Q921267,Phish,group,1983,United States,Phish 2009-12-30.jpg,22
Q1349876,Photek,person,1992,United Kingdom,Photek photo by Faria Raji.jpg,8
Q286750,Phuture,group,1985,United States,,8
Q460970,Phyllis Dillon,person,1971,Jamaica,,8
Q1870526,Pibes Chorros,group,2000,Argentina,,4
Q7190493,Picaflor de los Andes,person,1928,Peru,,5
Q156193,Pierre Boulez,person,1945,France,Pierre Boulez (1968).jpg,62
Q97122096,Pierre Didy Tchakounté,person,1950,Cameroon,,1
Q524331,Pierre Guédron,person,1570,France,,11
Q544469,Pierre Henry,person,1948,France,Pierre Henry Waiting With His Life Asisstance.jpg,28
Q315744,Pierre Schaeffer,person,1942,France,Psconcer.jpg,34
Q677891,Pig Destroyer,group,1997,United States,ScottHullMDDeathfest.jpg,11
Q1472962,Pinduca,person,1937,Brazil,Pinduca (TV Brasil).jpg,5
Q458229,Pinetop Perkins,person,1913,United States,Pinetop Perkins 1.jpg,26
Q1095520,Pinetop Smith,person,1904,United States,,12
Q2306,Pink Floyd,group,1964,United Kingdom,"Pink Floyd, 1971 (HQ).jpg",126
Q498416,Pink Lady,group,1976,Japan,,11
Q1543576,Pink Martini,group,1994,United States,Pink Martini - Festival du Bout du Monde 2014 - 042.jpg,24
Q187844,Pitbull,person,1998,,"Pitbull, 2012 (2).jpg",62
Q281086,Pixinguinha,person,1911,Brazil,Pixinguinha (2).jpg,20
Q1202626,Pizzicato Five,group,1985,Japan,Pizzicato Five logo.svg,14
Q1427795,Placebo Effect,group,1989,Germany,,3
Q1072372,Plaid,group,1991,United Kingdom,Plaid Optronica.jpg,14
Q763092,Planxty,group,1972,Ireland,,16
Q27671080,Playboi Carti,person,2011,United States,"Playboi Carti, Clout Festival 2024 05 (cropped).jpg",45
Q18158382,Plena Libre,group,1994,United States,,1
Q6317600,Plump DJs,group,,United Kingdom,,6
Q7205578,Plus-Tech Squeeze Box,group,1997,Japan,,4
Q548990,Poco,group,1968,United States,PocoBand07.jpg,21
Q550602,Poison,group,1980,United States,Poison3.JPG,34
Q7208447,Poison Clan,group,1995,United States,,1
Q768132,Poison Girls,group,1976,United Kingdom,Poisongirls.jpg,5
Q939139,Poison the Well,group,1997,United States,Poison The Well 2008 (2329336991).jpg,15
Q12884049,Poly Panou,person,1940,Greece,,2
Q1377199,Poncho Sanchez,person,1975,United States,Poncho Sanchez performing at Jazz Cruise 2014.jpg,11
Q81698554,Pop Smoke,person,2018,United States,Pop Smoke 2020.jpg,34
Q1378050,Pop Will Eat Itself,group,1986,United Kingdom,Pop Will Eat Itself - Thekla May 2015 (18036439280).jpg,14
Q213923,Porcupine Tree,group,1987,United Kingdom,"Porcupine Tree - Live at Auditorium Parco della Musica, Rome (June 24, 2023) - 8979.jpg",41
Q13017264,Pornsak Songsaeng,person,1981,Thailand,,35
Q2105055,Porter Ricks,group,,Germany,,2
Q21084,Porter Robinson,person,2005,United States,Porter Robinson at Forest Hills Stadium 02.jpg,28
Q191352,Portishead,group,1991,United Kingdom,Portishead Wolverhampton 20080413-1.jpg,47
Q830761,Possessed,group,1983,United States,Possessed - Wacken Open Air 2017 01.jpg,26
Q1506813,Prefab Sprout,group,1978,United Kingdom,,15
Q917450,Premiata Forneria Marconi,group,1970,Italy,Premiata Fornería Marconi after a live show (2007-08-25).jpg,23
Q271704,Preslava,person,2004,Bulgaria,Preslava Novfolk Awards 2012.jpg,30
Q729952,Prezioso,person,1971,Italy,Giorgio Prezioso.jpg,3
Q666697,Primal Scream,group,1982,United Kingdom,Primal Scream.jpg,32
Q1345756,Primordial,group,1991,Ireland,Primordial RudE 2024 24.jpg,19
Q741836,Primus,group,1984,United States,Primus 2011 composite.jpg,32
Q7542,Prince,person,1974,United States,Prince Brussels 1986 (retouched).jpg,112
Q441161,Prince Buster,person,1961,Jamaica,Prince Buster.jpg,26
Q2110365,Prince Far I,person,1960,Jamaica,,10
Q1893336,Prince Nico Mbarga,person,1970,Nigeria,,11
Q7245230,Prins Thomas,person,1975,Norway,,2
Q214486,Procol Harum,group,1967,United Kingdom,Procol Harum.jpg,45
Q7248144,Professor Elemental,person,2005,United Kingdom,Professor Elemental.jpg,4
Q519965,Professor Jay,person,1989,Tanzania,Professor-jay-songs465315764..jpg,5
Q918447,Professor Longhair,person,1948,United States,New Orleans Jazz Fest 1975 - Jambalaya - Fess.jpg,20
Q593741,Project Pat,person,1991,United States,ProjectPat.jpg,18
Q1638101,Prong,group,1986,United States,Prong - Wacken Open Air 2017 05.jpg,19
Q1426055,Propellerheads,group,1995,United Kingdom,,13
Q7250165,Proper Dos,group,1992,United States,Frank-V-of-Proper-Dos.jpg,1
Q7252901,Proxyon,group,1987,Netherlands,,3
Q385861,Proyecto Uno,group,1989,United States,Proyecto Uno con su fundador Nelson Zapata con Kid G y Paolo.jpg,5
Q3409991,Psirico,group,2000,Brazil,Bloco Pinel com Psirico no Circuito Osmar em (21.02). Foto- Tatiana Azeviche - Setur (6918538561).jpg,3
Q7256203,Psychedelic Horseshit,group,,United States,,2
Q2115954,Psychic TV,group,1982,United Kingdom,Genesis p orridge 2004.jpg,14
Q1241167,Psycho Realm,group,1989,United States,,7
Q1807574,Psyclon Nine,group,2000,United States,,10
Q209182,Public Enemy,group,1986,United States,Public Enemy-01-mika.jpg,54
Q845265,Public Image Ltd.,group,1978,United Kingdom,Public Image Ltd. live 27 10 2013 photo 1.JPG,27
Q1891766,Puissance,group,1993,Sweden,,7
Q504464,Pulp,group,1978,United Kingdom,Pulp 2012 cropped.jpg,37
Q6583188,Pumpuang Duangjan,person,1975,Thailand,Pumpuang Duangjan singer.jpg,83
Q82179,Punch Brothers,group,2006,United States,2008 Punch Brothers - credit Cassandra Jenkins SMALL for website.jpg,12
Q7261330,Purna Das Baul,person,1933,Dominion of India,PURNA DAS BAUL Debkumar.jpg,6
Q7261732,Push Button Objects,person,,,,1
Q2712704,Pussy Galore,group,1985,United States,,12
Q7315,Pyotr Ilyich Tchaikovsky,person,1859,Russian Empire,Porträt des Komponisten Pjotr I. Tschaikowski (1840-1893).jpg,192
Q1188776,Pyotr Leshchenko,person,1919,Romanian People's Republic,Pyotr Leshchenko.jpg,18
Q20880743,Pyrrhon,group,2008,United States,,4
Q2325467,Pépé Kallé,person,1998,Democratic Republic of the Congo,A posture of Pepe Kalle in 1978.jpg,11
Q206275,Pérotin,person,1155,Kingdom of France,Pérotin photo.jpg,46
Q28402704,Q-Tex,group,,United Kingdom,,2
Q504331,Q65,group,1965,Netherlands,Fanclub - Q65 - Jay Baar 3.png,7
Q702867,Qntal,group,1991,Germany,Qntal 2010.jpg,12
Q7268270,Quad City DJ’s,group,1988,United States,,5
Q2198055,Quadrophonia,group,1991,Netherlands,,3
Q15862,Queen,group,1970,United Kingdom,Queen A Night At The Opera (1975 Elektra publicity photo 02).jpg,190
Q3147762,Queen Ida,person,1975,United States,Queen Ida Guillory 2009.jpg,8
Q1243718,Queens of the Stone Age,group,1996,United States,QOTSA 2007.jpg,49
Q462380,Queensrÿche,group,1982,United States,Queensrÿche - 2019214115613 2019-08-02 Wacken - 0055 - 5DSR3553 (cropped).jpg,33
Q453691,Quentin Dupieux,person,1991,France,Quentin Dupieux.jpg,26
Q728559,Quicksand,group,1990,United States,Quicksand Rock am Ring 2014 (113).JPG,12
Q1382357,Quicksilver Messenger Service,group,1965,United States,Quicksilver Messenger Service 1970.JPG,21
Q221494,Quiet Riot,group,1973,United States,,27
Q1140278,Quilapayún,group,1965,Chile,Quilapayún (cropped).jpg,23
Q1395361,Quim Barreiros,person,1971,Portugal,Festas Pereiro 2008 - Quim Barreiros no Pereiro.jpg,15
Q2201526,Quintino,person,2007,Kingdom of the Netherlands,Quintino - KingsDay Groningen 2014.png,11
Q10810227,Quách Thị Hồ,person,1909,Vietnam,,1
Q198546,R. Carlos Nakai,person,1982,United States,Carlos Nakai no concerto em Moscovo.jpg,11
Q2123849,R. Dean Taylor,person,1961,Canada,,8
Q2123902,R. L. Burnside,person,1960,United States,RL Burnside.jpg,23
Q134969,R.E.M.,group,1980,United States,"R.E.M. at Stadio Euganeo, Padova, Italy, 2003-07-22 04.jpg",69
Q3414998,R3hab,person,2007,Kingdom of the Netherlands,R3hab (Cropped).jpg,28
Q7278635,Rabbit in the Moon,group,1991,United States,Rabbit in the moon live.jpg,2
Q33692845,Radical Redemption,person,1990,Kingdom of the Netherlands,Radical Redemption (11).JPG,7
Q2983671,Radio 4,group,1999,United States,,8
Q1755388,Radio Tarifa,group,,Spain,,9
Q44190,Radiohead,group,1985,United Kingdom,RadioheadO2211125 composite.jpg,90
Q10648474,Radium 226.05,group,1983,,,1
Q877525,Radu Malfatti,person,1975,Austria,20081128 Radu Malfatti.jpg,6
Q320167,Raekwon,person,1991,United States,Raekwon at the Pitchfork Music Festival (cropped).jpg,31
Q7282075,Rafael Cepeda,person,1940,United States,,3
Q984122,Rafael Cortijo,person,1928,United States,,6
Q3112679,Rafael Escalona Martínez,person,1941,Colombia,Mrrafaelescalona.png,14
Q2610362,Raffi,person,1860,Persian Empire,Raffi.jpg,26
Q72092,Rage Against the Machine,group,1991,United States,Rage Against The Machine.jpg,68
Q691490,Rahat Fateh Ali Khan,person,1985,Pakistan,Rahat Fateh Ali Khan.jpg,31
Q7291909,Raheem Jarbo,person,2006,United States,Random musician (cropped).jpeg,4
Q7283409,Rahim Fahimuddin Dagar,person,1927,Dominion of India,,3
Q918592,Rahzel,person,1967,United States,Rahzel 2010 (cropped).jpg,16
Q7284050,Railroad Earth,group,2001,United States,Railroad Earth Richmond Va 05-21-2010-2.jpg,1
Q3051570,Raimon,person,1940,,Raimon.jpg,14
Q452817,Rain Parade,group,1981,United States,Rain Parade at Light Rail Studios SF 2013-09-07.jpg,7
Q3119760,Raison d'être,group,1992,Sweden,,10
Q207947,Ralph Vaughan Williams,person,1872,United Kingdom,Ralph Vaughan Williams 1913.jpeg,50
Q7289323,Ramdew Chaitoe,person,1978,Suriname,,4
Q16968240,Ramleh,group,1982,United Kingdom,,3
Q25177,Rammstein,group,1994,Germany,Rammstein at Wacken Open Air 2013 06.jpg,93
Q483407,Ramones,group,1974,United States,Ramones 30081980 10 800.jpg,74
Q1936300,Ramsey Lewis,person,1956,United States,Ramsey Lewis.jpg,21
Q787191,Ramón Ayala,person,1963,Mexico,Ramón Ayala.jpg,5
Q330830,Ran Blake,person,1935,United States,Ran Blake.jpg,10
Q2760921,Ran-D,person,2002,Kingdom of the Netherlands,2016 Open Beatz - Ran-D - by 2eight - DSC2967.jpg,9
Q7292403,Randy Rogers Band,group,2000,United States,,3
Q2130817,Randy Stonehill,person,1971,United States,Randy Stonehill.jpg,5
Q467519,Randy Travis,person,1978,United States,Randy Travis 2007.jpg,29
Q4048016,Rank and File,group,1981,United States,,2
Q3930163,Raoul Casadei,person,1937,Italy,Raoul Casadei.png,11
Q5597,Raphael,person,1483,Holy Roman Empire,Raffaello Sanzio.jpg,195
Q2670911,Raquel Meller,person,1888,Spain,"1928-11-27, Estampa, Raquel Meller en el cinematógrafo (cropped).jpg",18
Q7294514,Rare Essence,group,1976,United States,,1
Q7294674,Ras Shorty I,person,1963,Trinidad and Tobago,,2
Q7295154,Rasoolan Bai,person,1902,Dominion of India,,11
Q2715339,Raspberries,group,1970,United States,,14
Q2031780,Rasputina,group,1992,United States,Rasputina1.jpg,11
Q10357548,Rastapé,group,1999,Brazil,,1
Q1422764,Ratatat,group,2001,United States,RatatatMembers.jpg,17
Q1969179,Raulín Rodríguez,person,1993,Dominican Republic,Raulín Rodríguez - Imagenes Dominicanas (Cropped).jpg,4
Q103774,Ravi Shankar,person,1930,Dominion of India,Ravi Shankar.jpg,96
Q740099,Ray Barretto,person,1949,United States,Ray Barretto.jpg,18
Q544387,Ray Charles,person,1947,United States,Ray Charles classic piano pose.jpg,106
Q206304,Ray Conniff,person,1916,United States,Ray Conniff (1967).png,28
Q1929135,Ray Price,person,1948,United States,Ray Price.jpg,25
Q1531369,Razor,group,1984,Canada,Razor 14 (29083912276).jpg,20
Q1320685,Raça Negra,group,1983,Brazil,00 racanegra bsb.jpg,5
Q601577,Raúl Barboza,person,1938,Argentina,Raúl Barboza en concierto.jpg,4
Q41108,Real McCoy,group,1989,Germany,,20
Q1337319,Rebel MC,person,1990,United Kingdom,Congo Natty.jpg,12
Q3421778,Rebelution,group,2004,United States,Rebelution.jpg,6
Q18155080,Recondite,person,2000,Germany,Recondite.jpg,5
Q2699736,Red Fang,group,2005,United States,Red Fang - Wacken Open Air - 160805LEOKR004381510000.jpg,18
Q2033431,Red Harvest,group,1989,Norway,Redharvest bykfd.jpg,8
Q10708,Red Hot Chili Peppers,group,1982,United States,RHCP Live in London 26 June 2022.jpg,103
Q1329500,Red House Painters,group,1989,United States,,12
Q2136070,Red Simpson,person,1966,United States,Red Simpson.png,10
Q2136093,Red Sovine,person,1935,United States,,8
Q313138,Redman,person,1990,United States,2016 Redman (cropped).jpg,31
Q2136387,Redshift,group,,United Kingdom,,4
Q665979,Reel Big Fish,group,1992,United States,Reel Big Fish live in Santa Cruz.jpg,18
Q1358175,Refused,group,1991,Sweden,Refused no Optimus Alive.jpg,20
Q737403,Reggie Rockstone,person,1990,Ghana,,7
Q229274,Regina Spektor,person,2001,Soviet Union,Regina Spektor 2012-02-24 001.jpg,46
Q2117780,Reginaldo Rossi,person,1964,Brazil,Reginaldo Rossi na praça Castro Alves.jpg,8
Q446854,Regine Velasquez,person,1986,Philippines,RVA in 2010 (cropped).jpg,35
Q1783268,Regurgitate,group,1990,Sweden,Regurgitate.jpg,7
Q2140182,Reijo Taipale,person,1952,Finland,Reijo Taipale-8.jpg,11
Q164721,Reinhard Mey,person,1965,Germany,Reinhard-Mey-Jahrhunderthalle-Frankfurt-02.jpg,20
Q2142533,Relatives Menschsein,group,1991,Germany,,3
Q65071082,Rema,person,2019,Nigeria,Rema at 2019 LFW (cropped).png,33
Q2575113,Remmy Ongala,person,1947,Democratic Republic of the Congo,,8
Q736099,Renato Carosone,person,1935,Italy,Renato Carosone - fotografia di Augusto De Luca.jpg,22
Q10359400,Renato e Seus Blue Caps,group,1960,Brazil,,4
Q10359386,Renato Teixeira,person,1945,Brazil,2º Festival Nacional da Viola - Último dia 22-10-2022 (52451102008).jpg,5
Q7313342,Rennie Pilgrem,person,1965,United Kingdom,,1
Q7313417,Reno and Smiley,group,1951,United States,"Reno and Smiley, Anderson, IN, 1962.jpg",1
Q845084,REO Speedwagon,group,1967,United States,REO Speedwagon.jpg,28
Q1853330,Repulsion,group,1984,United States,Repulsion.jpg,14
Q1065887,Return to Forever,group,1972,United States,"Return to Forever IV at Neckarsulm, Germany, 20110703 014.jpg",18
Q1627650,Reverend Bizarre,group,1995,Finland,Reverend Bizarre.jpg,16
Q159098,Reverend Gary Davis,person,1896,United States,Reverend Gary Davis1960s LOC.jpg,20
Q1374215,Rex Allen,person,1920,United States,Rex Allen and Koko 1952.jpg,20
Q7319236,Rex Lawson,person,1938,Nigeria,,4
Q46994463,Rex Orange County,person,2016,United Kingdom,Rex Orange County - Photo by Skyler Pradhan.jpg,21
Q7319541,Reynaldo Armas,person,1973,Venezuela,Reynaldo Armas.jpg,5
Q432938,Reynaldo Hahn,person,1874,France,Reynaldo Hahn.jpg,28
Q35487701,Rezz,person,2015,Canada,Rezz @ Bonnaroo 2017 (cropped).jpg,9
Q193174,Rhapsody of Fire,group,1993,Italy,Rhapsody Buenos Aires 2010.JPG,40
Q2735641,Rhoma Irama,person,1958,Indonesia,Rhoma Irama at Adi Soemarmo Airport; July 2010.jpg,20
Q3429882,Rhythm & Sound,group,1997,,Rhythm&sound2.jpg,4
Q7322526,Ricardo Aguirre,person,1958,Venezuela,Statue in honor of Ricardo Aguirre.jpg,5
Q13430856,Ricardo Palmerín,person,1887,,,1
Q132415,Ricardo Villalobos,person,1993,Germany,Ricardo Villalobos - Piknic 2.jpg,14
Q929476,Richard Barrett,person,1959,United Kingdom,Richard Barrett in June 2015.jpg,7
Q1518141,Richard Chartier,person,1998,United States,,5
Q19646960,Richard Dawson,person,1981,United Kingdom,Richard Dawson 2015.jpg,4
Q3430709,Richard Desjardins,person,1981,Canada,Richard Desjardins Arvida03 mod.jpg,7
Q13894,Richard Strauss,person,1864,Germany,Postcard-1910 Strauss Richard.jpg,93
Q539955,Richard Thompson,person,1967,United Kingdom,Richard Thompson - 6-21-07 - Photo by Anthony Pepitone.jpg,25
Q1511,Richard Wagner,person,1832,Switzerland,RichardWagner.jpg,206
Q378876,Richie Hawtin,person,1987,Canada,Richie Hawtin-SMS-2018-4.jpg,23
Q7330563,Richie Ray & Bobby Cruz,group,1963,United States,,2
Q297831,Rick Ross,person,2000,United States,Rick Ross in the trap! (cropped).jpg,45
Q128799,Ricky Martin,person,1984,Spain,Ricky Martin-4262 (cropped).jpg,87
Q1347095,Ricky Skaggs,person,1961,United States,Ricky Skaggs jams with OCMS at the Grand Ole Opry 23 Feb 2013.JPG,19
Q3543976,Rico J. Puno,person,1975,Philippines,,7
Q4371,Ride,group,1988,United Kingdom,Ride 2015 Saint Andrews Hall Detroit MI.jpg,21
Q2151848,Riders in the Sky,group,1977,United States,Riders January 2006 2.jpg,4
Q220050,Righeira,group,1983,Italy,Digi Johnz.jpg,19
Q430216,Rigo Tovar,person,1995,United States,Rigo Tovar (cropped).jpg,7
Q36844,Rihanna,person,2003,Barbados,Rihanna visits U.S. Embassy in Barbados 2024 (cropped).jpg,156
Q7334080,Rikki Jai,person,1988,,,2
Q7335050,Rinken Band,group,1977,Japan,,3
Q125510148,Rio da Yung OG,person,2016,United States,Rio da Yung OG on the Million Dollaz Worth of Game podcast in 2025.png,4
Q1408267,Riot V,group,1975,United States,Riot V - Wacken Open Air 2018 00.jpg,15
Q246352,Rise Against,group,1999,United States,2018 RiP - Rise Against - by 2eight - 8SC7354.jpg,39
Q3458835,Rita Abatzi,person,1914,Ottoman Empire,Rita Abatzi.jpg,7
Q309725,Ritchie Valens,person,1957,United States,Ritchie Valens 1959 press photo.jpg,45
Q943982,Rites of Spring,group,1984,United States,Guy Picciotto.jpg,20
Q10363097,Riva Starr,person,2000,Italy,,3
Q3548093,Rivermaya,group,1994,Manila,Rivermaya090211.jpg,7
Q1933793,RJD2,person,1993,United States,RJD2 at Moogfest 2014 (cropped).jpg,11
Q16234136,RL Grime,person,2011,United States,Spring Awakening Music Festival 6 16 2013 (9155046113) (cropped).jpg,7
Q127303532,RMC Mike,person,1994,United States,,0
Q7339869,Roaring Lion,person,1999,,Roaring Lion 1930s.jpg,3
Q2023435,Rob Haigh,person,1979,United Kingdom,,5
Q599443,Rob Hubbard,person,1980,United Kingdom,Rob Hubbard.jpg,15
Q3938177,Robbie Basho,person,1940,United States,,6
Q7340888,Robbie Dupree,person,1978,United States,Robbie Dupree (cropped).jpg,8
Q2027370,Robbie Jansen,person,1949,South Africa,,5
Q464534,Robert Charlebois,person,1965,Canada,Robert Charlebois 2009.jpg,16
Q455723,Robert Cray,person,1974,United States,RobertCray.jpg,28
Q333014,Robert Earl Keen,person,1984,United States,"Robert Earl Keen at the Redneck Country Club, June 30, 2018 MG 1357 (41334326940) (cropped).jpg",13
Q1370642,Robert Glasper,person,2003,United States,Robert Glasper.jpg,16
Q582813,Robert Hood,person,1990,United States,"Robert Hood Live @ Kennedys, Dublin, Ireland 2009.JPG",9
Q18672192,Robert Johnson,person,,,,0
Q2579425,Robert Michael Ballantyne,person,1825,United Kingdom of Great Britain and Ireland,Robert Michael Ballantyne.jpg,27
Q310985,Robert Miles,person,1969,Italy,Robert Miles by Salim Lamrani (cropped) (377x500).jpg,39
Q112490531,Robert Natus,person,1981,,,0
Q129469,Robert Normandeau,person,1955,Canada,Robert Normandeau au salle Claude-Champagne.jpg,5
Q1550716,Robert Randolph & The Family Band,group,2001,United States,,7
Q1976619,Robert Rich,person,1981,United States,,10
Q7351,Robert Schumann,person,1830,Kingdom of Saxony,Robert-schumann.jpg,131
Q312693,Robert Wyatt,person,1963,United Kingdom,RobertWyatt 2006.jpg,33
Q465191,Roberto Carlos,person,1959,Brazil,Roberto Carlos Credicard Hall (44435767951).jpg,32
Q558709,Roberto Goyeneche,person,1926,Argentina,RobertoGoyeneche.jpg,18
Q737751,Roberto Murolo,person,1936,Italy,Roberto Murolo - fotografia di Augusto De Luca.jpg,15
Q7351847,Roberto Parra Sandoval,person,1921,Chile,,5
Q470066,Robin S.,person,1992,United States,,16
Q16231940,Robin Schulz,person,2007,Germany,Robin Schulz (Veld 2017).jpg,31
Q229445,Robyn,person,1989,Sweden,Robyn face.jpg,43
Q7353659,Roc Marciano,person,1999,United States,Roc Marciano December 9 2022 Garden Grove Amp.jpg,8
Q114562187,Rochy RD,person,2018,Dominican Republic,,0
Q645373,Rockets,group,1972,France,,8
Q3437970,Rockin' Dopsie,person,1970,United States,,6
Q56074,Rocío Dúrcal,person,1959,Spain,Rocio Durcal 1962.jpg,27
Q259152,Rocío Jurado,person,1958,Spain,Rocío Jurado - Antena Edición Argentina 1968 (cropped).jpg,24
Q7356117,Rod Bernard,person,1958,United States,RodBernard781.jpg,6
Q7356279,Rod Lee,person,1901,United States,,2
Q6110449,Rodolfo Aicardi,person,1965,Colombia,,7
Q445934,Rodolfo Mederos,person,1940,Argentina,"Ph Laura Tenenbaum, CCK - Septiembre 2019.jpg",6
Q714423,Roger Sanchez,person,1990,United States,"Roger Sanchez, July 2018.jpg",20
Q7359590,Rogério Duprat,person,1932,Brazil,,4
Q3440096,Roland Hayes,person,1887,United States,Roland Hayes by Van Vechten.jpg,11
Q69263,Roland Kaiser,person,1952,Germany,2016-07-29 Kaisermania 2016 in Dresden by Sandro Halank–2 (cropped).jpg,11
Q3440329,Rolando Alarcón,person,1951,Chile,,12
Q7361393,Rolo Tomassi,group,2005,United Kingdom,Rolo Tomassi 2011.jpg,7
Q74703053,Romain Perrot,person,1996,France,Romain Perrot.jpg,8
Q2570042,Romeo Santos,person,1995,United States,Romeo Santos y Juan Luis Guerra (cropped).jpg,29
Q1934666,Ron Hardy,person,1958,United States,,7
Q1670319,Ron Trent,person,1986,United States,,6
Q331088,Ronald Shannon Jackson,person,1958,United States,Ronald Shannon Jackson 06N5970.jpg,12
Q964002,Roni Size,person,1988,United Kingdom,Roni Size.jpg,17
Q2166019,Ronnie Laws,person,1972,United States,,6
Q4124883,Ronnie Von,person,1965,Brazil,"Ronnie Von, Fundo Correio da Manhã - 2.tiff",8
Q2166038,Ronny & The Daytonas,group,1964,United States,,6
Q322236,Roosevelt Sykes,person,1921,United States,Roosevelt Sykes 1970 JT.jpg,12
Q28843759,Rosalía,person,2013,Spain,"2023-11-16 Gala de los Latin Grammy, 27 (cropped)02.jpg",57
Q251210,Rosario Flores,person,1992,Spain,Rosario Flores en Fuenlabrada.jpg,34
Q3817217,Roscoe Holcomb,person,1958,United States,Roscoe Holcomb 1960s LOC.jpg,8
Q466508,Rosemary Clooney,person,1946,United States,Rosemary Clooney 1954.jpg,51
Q3442540,Rosenberg Trio,group,1989,Netherlands,Trio Rosenberg14.JPG,7
Q119265,Rosetta,group,2003,United States,RosettaBandRichmondVa.jpg,6
Q60763800,Ross from Friends,person,2015,,,1
Q2168041,Rotary Connection,group,1966,United States,Rotary Connection (Cadet publicity photo).jpg,6
Q480043,Rotersand,group,2002,Germany,Rotersand at Infest 2010 (2010-08-28).jpg,8
Q2164548,Rotterdam Terror Corps,group,1993,Netherlands,,8
Q173790,Roxette,group,1986,Sweden,Roxette-Roxette at Bospop festival The Netherlands 2011.jpg,63
Q334648,Roxy Music,group,1971,United Kingdom,Roxy Music band.jpg,42
Q455773,Roy Acuff,person,1903,United States,Roy Acuff 1950.JPG,26
Q588551,Roy Ayers,person,1962,United States,Roy Ayers 2019 Glastonbury Festival 09 crop.jpg,23
Q3445741,Roy Bargy,person,1894,United States,RoyBargyRufenreddyCover.jpg,9
Q45370,Roy Black,person,1963,Germany,Roy Black.jpg,20
Q588392,Roy Brown,person,1945,United States,Roy brown.jpg,19
Q648750,Roy Hargrove,person,1987,United States,Roy Hargrove (Photo Eddy Westveer).jpg,24
Q365670,Roy Harper,person,1964,United Kingdom,Roy Harper.jpg,27
Q327047,Roy Milton,person,1907,United States,Roy Milton.jpg,11
Q367129,Roy Rogers,person,1934,United States,"Roy Rogers, NPG 2000 21 (cropped).jpg",40
Q1131818,Royal Crown Revue,group,1989,United States,Royal Crown Revue.jpg,9
Q41556490,RP Boo,person,1997,,"RP Boo @ Pitchfork, Chicago 7-16-2016 (28135851444).jpg",2
Q974970,Ruben Rada,person,1955,Uruguay,Ruben Rada2.jpg,13
Q474980,Rubén Blades,person,1974,Panama,Ruben Blades by Gage Skidmore.jpg,34
Q2719617,Rudimentary Peni,group,1980,United Kingdom,,10
Q2174541,Rudresh Mahanthappa,person,1971,United States,Rudesh-mahanthappa.jpg,5
Q192402,Rufus Wainwright,person,1988,United States,"Oliver Mark - Rufus Wainwright, Berlin 2010.jpg",50
Q349194,Ruhi Su,person,1942,Turkey,Ruhi Su 1.Gençlik Festivali Almanya.jpg,12
Q7378794,Ruins,group,2000,Australia,Ruins 15 March 08 Sydney TheMetro.jpg,1
Q159351,Run-DMC,group,1981,United States,Run DMC (cropped).png,41
Q3816143,Rune RK,person,1995,Kingdom of Denmark,2015-07-19 6748 Kölsch (Sea You).jpg,9
Q839817,Runrig,group,1973,United Kingdom,Runrig concert.jpg,23
Q203871,Rush,group,1968,Canada,Rush-in-concert.jpg,52
Q974298,Rusko,person,2006,United Kingdom,DJRusko.jpg,15
Q1746210,Russian Circles,group,2004,United States,Russian Circles Band.png,15
Q7382510,Rustie,person,2007,United Kingdom,Rustie.jpg,7
Q144669,Ruth Brown,person,1949,United States,Ruth Brown 1996.jpg,33
Q3453625,Ruth Marlene,person,1978,Portugal,Ruth Marlene.jpg,4
Q7383955,Ryan Cayabyab,person,1971,Philippines,Ryan Cayabyab.jpg,6
Q734326,Ryan Paris,person,1982,Italy,Ryan Paris - 2023141124609 2023-05-21 ZDF-Fernsehgarten - Sven - 1D X MK II - 0235 - AK8I1664.jpg,18
Q1971542,Ryoji Ikeda,person,1995,Japan,CarstenNicolai RyojiIkedaMoscow2007.jpg,15
Q1536711,Ráfaga,group,1996,Argentina,"Ráfaga, integrantes originales.jpg",5
Q193218,Röyksopp,group,1998,Norway,Royksopp 2014-09-29 001 (cropped).jpg,42
Q7387465,S. E. Rogie,person,1994,Sierra Leone,,4
Q108631491,S3fa,person,2017,Ghana,,4
Q2600118,Sabah,person,1943,Egypt,Sabah - 1960s (1).jpg,35
Q740159,Sabaton,group,1999,Sweden,Hellfest2017Sabaton 01.jpg,56
Q729933,Sabicas,person,1912,Spain,PacoPena-Sabicas.png,19
Q7396372,Sabrepulse,person,2005,,Sabrepulse live.jpg,3
Q2210108,Sabri Brothers,group,1956,,TheSabriBrothersFull.jpg,13
Q1070572,Saburō Kitajima,person,1962,Japan,Saburo Kitajima IMG 7790r R 20151025.JPG,9
Q1884181,Sachiko M,person,1994,Japan,,5
Q7888496,Sacramentum,group,1990,Sweden,,5
Q2210985,Sacrilege,group,1984,United Kingdom,,3
Q104771504,Sada Baby,person,2013,United States,,4
Q658182,Sade,group,1982,United Kingdom,Sade Adu Band.jpg,31
Q1412964,Saetia,group,1997,United States,,12
Q83499,Safet Isović,person,1956,Socialist Federal Republic of Yugoslavia,,14
Q7399579,Saheed Osupa,person,1983,Nigeria,,9
Q7399791,Sai Htee Saing,person,1969,Myanmar,,3
Q111417113,Sailors,group,,,,0
Q266271,Sainkho Namtchylak,person,1990,Russia,Sainkho-Namtchylak-2004.jpg,17
Q1430158,Saint Etienne,group,1990,United Kingdom,Saintetienne1.jpg,20
Q514336,Saint Vitus,group,1979,United States,Saint Vitus in Memphis.jpg,17
Q7403497,Salakavala,group,,Finland,,1
Q3294502,Salawa Abeni,person,1975,Nigeria,,12
Q1743088,Salem,group,1985,Israel,,9
Q313318,Salif Keita,person,1984,Mali,Mali Salif Keita2 400.jpg,50
Q183260,Saltatio Mortis,group,2000,Germany,SaltatioMortis2013byAnnBuster (4).jpg,15
Q131560934,Salute,group,,,,0
Q1545232,Sam & Dave,group,1961,United States,Sam & Dave (2).png,21
Q295919,Sam Cooke,person,1950,United States,Sam Cooke 2.jpg,58
Q20972330,Sam Feldt,person,2014,Kingdom of the Netherlands,SamFeldt2020 2 srgb crop.jpg,21
Q736281,Sam Mangwana,person,1963,Democratic Republic of the Congo,,15
Q44841,Sam Rivers,person,1994,United States,13-06-07 RaR LB Sam Rivers 01.jpg,30
Q7756866,Sam the Sham & the Pharaohs,group,1961,United States,Sam the sham 1965.jpg,7
Q2164812,Samhain,group,1983,United States,Danzig Getaway Rock Festival 2011.jpg,10
Q558226,Sami Yusuf,person,2003,United Kingdom,Sami Yusuf 2011 (cropped2).jpg,42
Q965493,Samla Mammas Manna,group,1969,Sweden,,12
Q7409698,Sammy Adams,person,2009,United States,Sam Adams Crowd Surfing.jpg,11
Q2217509,Sammy Kaye,person,1910,United States,Sammy Kaye 1952.JPG,9
Q549233,Samuel Hui,person,1967,Republic of China,Sam Hui 20240331 (cropped).jpg,20
Q21621487,San Holo,person,2013,Kingdom of the Netherlands,San Holo (2018).jpg,13
Q252893,Sander van Doorn,person,2004,Kingdom of the Netherlands,SanderVanDoornOAF (2).JPG,26
Q2745548,Sandi Patty,person,1978,United States,Sandi Patty cropped.jpg,11
Q1529927,Sandy & Papo,group,1995,Dominican Republic,,3
Q3948333,Sandy Bull,person,1950,United States,"Sandy Bull, 1968.jpg",9
Q1833753,Santa Esmeralda,group,1977,France,Jimmy Goings with Santa Esmeralda.jpg,16
Q88296934,Saor,group,2012,Scotland,Saor Dark Troll 2023 02.jpg,5
Q664871,Saosin,group,2003,United States,Saosin5.png,18
Q9074523,Sara González Gómez,person,1970,Cuba,Sara González.jpg,8
Q151814,Sarah Brightman,person,1981,United Kingdom,Sarah Brightman (cropped).jpg,54
Q229513,Sarah Vaughan,person,1942,United States,Sarah Vaughan - William P. Gottlieb - No. 1.jpg,50
Q176546,Sarcófago,group,1985,Brazil,,19
Q466767,Sarit Hadad,person,1994,Israel,Sarit Hadad (cropped1).jpg,34
Q3473629,Sarke,group,2008,Norway,Sarke MDF 2014.jpg,8
Q7424230,Sarkodie,person,2005,Ghana,Sarkodie-1 (cropped).jpg,19
Q159233,SASH!,group,1995,Germany,2015333014000 2015-11-28 Sunshine Live - Die 90er Live on Stage - Sven - 1D X - 1358 - DV3P8783 mod.jpg,29
Q556024,Sasha,person,1989,United Kingdom,Sashaspooky (cropped).jpg,18
Q7425068,Sasha & John Digweed,group,1994,United Kingdom,SashaDiggers 001.jpg,1
Q96187424,Satoshi Ashikawa,person,1974,,,1
Q335352,Satyricon,group,1991,Norway,"Satyricon, Metaltown 2008.jpg",36
Q4354163,Savage,person,1997,New Zealand,Savage Deceptikonz 2007 (cropped).jpg,7
Q1165867,Save Ferris,group,1995,United States,,8
Q1753105,Saves the Day,group,1997,United States,"Saves the Day, Philadelphia, Electric Factory Nov 10, 2010 (5227723812).jpg",13
Q1707816,Savoy Brown,group,1965,United Kingdom,"Savoy Brown (featuring Kim Simmonds), South Street Seaport, Bloomberg Blues Jam series, 2002.jpg",13
Q504090,Saxon,group,1975,United Kingdom,Saxon.jpg,36
Q13022627,Sayan Sanya,person,1971,Thailand,,31
Q1065709,Sayuri Ishikawa,person,1973,Japan,Sayuri Ishikawa 20190530.jpg,11
Q1518508,SBTRKT,person,2009,United Kingdom,"SBTRKT live at Musica festival, Sydney.jpg",11
Q54887666,Scarlxrd,person,2014,United Kingdom,Scardlxrd - Cool Stage - Madrid (41605164110) (cropped).jpg,20
Q708220,Schandmaul,group,1998,Germany,20180816 Dinkelsbühl Summer Breeze Schandmaul 0052.jpg,18
Q1395950,Schoolly D,person,1984,United States,Schooly-d-house-of-blues-2012.jpg,15
Q898207,Scientist,person,1960,Jamaica,,8
Q464109,Scissor Sisters,group,2001,United States,Scissor Sisters 2025.jpg,35
Q156255,Scooter,group,1993,Germany,Scooter - 2018337213019 2018-12-03 Scooter - 25 Years Wild & Wicked - Sven - 1D X MK II - 0432 - B70I4846.jpg,40
Q124147,Scorpions,group,1965,Germany,ScorpionsLiveInKavarna2009.jpg,80
Q67311,Scot Project,person,1990,Germany,,8
Q2260725,Scotch,group,1982,Italy,,15
Q933673,Scott Brown,person,1992,United Kingdom,,13
Q3106145,Scott Herren,person,1997,United States,Prefuse73 by foto di matti.jpg,8
Q191499,Scott Joplin,person,1895,United States,Scott Joplin.jpg,64
Q488603,Scott Walker,person,1958,United Kingdom,Fenklup1968ScottWalker.jpg,31
Q951819,Scratch Acid,group,1982,United States,Scratch Acid Union Transfer 2011 01.jpg,12
Q1411035,Screaming Trees,group,1985,United States,Screaming Trees (1980s SST promo photo).jpg,24
Q570025,Screeching Weasel,group,1986,United States,Ben-weasel2.jpg,12
Q473784,Seabound,group,1995,Germany,Resistanz 2014- Sheffield- 20-Apr 2014 (13974613475).jpg,7
Q763765,Seals and Crofts,group,1969,United States,Seals and Crofts 1975.JPG,17
Q200577,Sean Paul,person,1994,Jamaica,Sean Paul 2024 (cropped).jpg,56
Q693671,Sean Tyas,person,1999,United States,Sean Tyas (3495991089).jpg,9
Q1467927,Sebadoh,group,1986,United States,Sebadoh-18.jpg,12
Q734098,Sebastian,person,2005,France,SebastiAn Low Club.JPG,17
Q3954017,Secondo Casadei,person,1924,Italy,Secondo Casadei.jpg,7
Q3954067,Secret Affair,group,1979,United Kingdom,,3
Q187576,Secret Garden,group,1995,Norway,Secret Garden1.jpg,42
Q65117623,SeeYouSpaceCowboy,group,2016,San Diego,,6
Q284007,Seiko Matsuda,person,1980,Japan,,27
Q284488,Seka Aleksić,person,2002,Bosnia and Herzegovina,Seka Aleksic 2012.jpg,23
Q455536,Selda Bağcan,person,1971,Turkey,Selda Bagcan (cropped).jpg,22
Q23543,Selena,person,1981,United States,Selena in 1988.jpg,124
Q10369763,Selma do Coco,person,1935,Brazil,Selma do Coco no 12º Encontro Pernambucano de Coco (5928971676).jpg,2
Q3525273,Semmangudi Srinivasa Iyer,person,1908,Dominion of India,Semmangudi Srinivasa Iyer.jpg,11
Q1474339,Senses Fail,group,2002,United States,Senses fail islington.jpg,19
Q7451036,Sensient,person,,Australia,,0
Q952468,Sentenced,group,1989,Finland,"Sentenced, Wacken Open Air 2005.jpg",28
Q488973,Seo Taiji and Boys,group,1992,South Korea,,21
Q2448688,Seosamh Ó hÉanaí,person,1919,Ireland,,6
Q7451749,Sepalcure,group,2011,United States,,2
Q2271794,Septeto Nacional,group,,Cuba,,4
Q239074,Sepultura,group,1984,Brazil,Sepultura - Wacken Open Air 2018-1237 (cropped).jpg,61
Q19629991,Serge Beynaud,person,1987,Ivory Coast,Serge Beynaud 02.jpg,7
Q1698,Serge Gainsbourg,person,1957,France,Serge Gainsbourg par Claude Truong-Ngoc 1981.jpg,70
Q117477492,Serge Lebrasse,person,1930,Mauritius,,0
Q49481,Sergei Prokofiev,person,1891,Soviet Union,Sergei Prokofiev circa 1918 over Chair Bain.jpg,95
Q131861,Sergei Rachmaninoff,person,1892,United States,"Sergei Rachmaninoff, pianist (SAYRE 1608) (restored).jpg",92
Q1054527,Sergio Bruni,person,1944,Italy,Sergio Bruni - Augusto De Luca photographer.jpg,11
Q2273190,Sergio Vargas,person,1982,Dominican Republic,Sergio Vargas2.jpg,7
Q193534,Sertab Erener,person,1992,Turkey,Sertab Erener - 15. Radyo Boğaziçi Ödülleri (cropped).jpg,59
Q2274674,Set Your Goals,group,2004,United States,Setyourgoals.jpg,12
Q953450,Seu Jorge,person,1998,Brazil,Seu Jorge.jpg,23
Q3111214,Seun Kuti,person,1983,Nigeria,Seun Kuti & Egypt 80 Rudolstadt (15).jpg,20
Q14949098,Seven Lions,person,2010,United States,Seven Lions Live in Toronto CAN 2015 (cropped).jpg,7
Q23786494,Seven Minutes of Nausea,group,,Germany,,2
Q82545,Sex Pistols,group,1975,United Kingdom,Sex Pistols in Paradiso.jpg,82
Q3479012,Sexteto Habanero,group,1920,,S. Habanero.jpg,5
Q298139,Sezen Aksu,person,1975,Turkey,Sezen Aksu (Minik Serçe) (cropped).jpg,53
Q2920703,Shaaban Abdel Rahim,person,1980,Egypt,,8
Q3346448,Shaan,person,1989,India,Shaan at Music Mania 2013.jpg,20
Q3481131,Shabazz Palaces,group,2009,United States,,3
Q711260,Shabba Ranks,person,1985,Jamaica,Shabba Ranks at Reggae Land Festival 2024.jpg,20
Q3943924,Shadmehr Aghili,person,1994,Iran,Shadmehr live in concert.JPG,16
Q1353720,Shadows Fall,group,1995,United States,2014-08-30 Turock Shadows Fall 23.jpg,21
Q310763,Shaggy,person,1992,Jamaica,Shaggy.jpg,43
Q13059796,Shah Abdul Karim,person,1916,British Raj,Shah Abdul Karim.jpg,7
Q1771734,Shahram Nazeri,person,1958,Iran,Shahram Nazeri.jpg,19
Q34424,Shakira,person,1990,Spain,"2023-11-16 Gala de los Latin Grammy, 03 (cropped)01.jpg",234
Q1565745,Shakti,group,1975,United Kingdom,JohnMcLaughlan-kl.jpg,10
Q1329167,Shalamar,group,1975,United States,Jwbackstage 83.jpg,13
Q959100,Sham 69,group,1975,United Kingdom,Sham 69.jpg,24
Q131433,Shania Twain,person,1983,Canada,Shania Twain Glaston2024 2806 300624 (33 of 173) (53838111535) (cropped).jpg,73
Q2277022,Shanks & Bigfoot,group,1998,United Kingdom,,3
Q15730804,Shannon,person,2011,United Kingdom,(싹튜브) SAC 방송댄스과 졸업발표회 축하메세지 (샤넌).jpg,15
Q1539810,Shape of Despair,group,1995,Finland,Shape of Despair 2023-10-07 From Dusk Till Doom 1.jpg,15
Q135037603,Sharkey,person,,United States,,0
Q3288013,Sharon Jones & The Dap-Kings,group,1996,United States,Sharon Jones and the Dap Kings - Group Shot by Jacob Blickenstaff.jpg,8
Q7489953,"Sharon, Lois & Bram",group,1978,Canada,,3
Q6554860,Shazza,person,1990,Poland,Shazza.jpg,9
Q20088184,She Past Away,group,2006,Turkey,14-07-26 Amphi She past away 08.jpg,13
Q99386320,Sheff G,person,2016,United States,Sheff G.png,5
Q261489,Sheila,person,1962,France,SHEILA FM.jpg,25
Q250905,Sheila E.,person,1976,United States,Sheila E. 2014.jpg,26
Q200586,Sheryl Crow,person,1986,United States,SherlCrowBourbon220918-37 (40902712813) (cropped).jpg,61
Q126415337,Shimza,person,1984,South Africa,Dj Shimza with Black Coffee Dj.jpg,2
Q490146,Shin Seung Hun,person,1990,South Korea,Shin Seung-hun from acrofan.jpg,15
Q3482190,Shinehead,person,1986,Jamaica,Sound System.jpg,7
Q1530667,Shining,group,1996,Sweden,Kvarforth ghoul.jpg,22
Q7498714,Shirley Caesar,person,1951,United States,Shirley Ceasar 1997.jpg,14
Q528937,Shirley Collins,person,1955,United Kingdom,Shirley-Collins-Norwich-78 (cropped).jpg,15
Q2633283,Shitdisco,group,2003,United Kingdom,Shitdisco.png,8
Q3482391,Shitmat,person,2002,United Kingdom,Shitmat hokaben.jpg,2
Q16019173,Shiyani Ngcobo,person,1989,South Africa,,2
Q3137013,Shizuko Kasagi,person,1927,Japan,Shizuko Kasagi.jpg,11
Q539711,Shobha Gurtu,person,2004,Dominion of India,Shobha gurtu.jpg,16
Q588382,Shocking Blue,group,1967,Netherlands,"Popgroep Shocking Blue gaf persconferentie in verband met succes van plaat Ve, Bestanddeelnr 923-1956.jpg",30
Q837482,Shoukichi Kina,person,1967,Japan,,9
Q1067714,Showtek,group,2001,Netherlands,Showtek Perform1.PNG,24
Q1134411,Shpongle,group,1996,United Kingdom,Simon Posford.jpg,21
Q5851484,Shut Up and Dance,group,1988,United Kingdom,,3
Q720649,Shy FX,person,1992,United Kingdom,Shyfx.jpg,8
Q27817063,Sianvar,group,2013,United States,,2
Q7507373,Sic Alps,group,2004,United States,,2
Q23063230,Sid Hemphill,person,1876,,,3
Q3595120,Siddheshwari Devi,person,1908,Dominion of India,,15
Q313519,Sidney Bechet,person,1908,United States,"(Portrait of Sidney Bechet, New York, N.Y.(?), ca. July 1946) (LOC) (4888659740) (cropped).jpg",40
Q715853,Sidney Samson,person,1999,Kingdom of the Netherlands,Sidney Samson 2013.jpg,18
Q459524,Sieges Even,group,2004,Germany,,7
Q1382642,Sigh,group,1989,Japan,Sigh at Jaxx.jpg,14
Q376062,Sigmar Polke,person,1961,Germany,Sigmar Polke.jpg,41
Q483828,Sigur Rós,group,1994,Iceland,"Sigur Rós at the Orpheum Theatre, San Francisco.jpg",60
Q7514167,Silas Hogan,person,1911,United States,,4
Q2733776,Silencer,group,1995,Sweden,,12
Q5117995,Silk Route,group,1997,India,,3
Q116042025,Silvanno Salles,person,1980,Brazil,,1
Q687866,Silver Apples,group,1967,United States,Silver Apples-8.jpg,14
Q116702131,Silver Bullet,group,,Finland,,0
Q125533,Silver Convention,group,1974,Germany,,17
Q157327,Silverchair,group,1992,Australia,Silverchair.jpg,32
Q638286,Silverstein,group,2000,Canada,Silverstein group shot.jpg,22
Q248353,Silvestre Dangond,person,2001,Colombia,SILVESTRE DANGOND.jpg,5
Q377956,Silvio Rodríguez,person,1967,Cuba,Silvio Rodríguez - Plaza de Mayo - Festival Todos Somos Argentinos-25-may-04-presidencia-govar.jpg,33
Q484918,Simon & Garfunkel,group,1957,United States,Simon and Garfunkel 1968.jpg,70
Q373057,Simon Posford,person,1993,United Kingdom,Simon Posford at Soulclipse.jpg,19
Q339430,Simply Red,group,1984,United Kingdom,Mick Hucknall Bremen 2003.jpeg,38
Q2519623,Simón Díaz,person,1948,Venezuela,Simón Díaz en Boston.jpg,20
Q111058603,Sinden,person,,United Kingdom,,0
Q1647843,Sindo Garay,person,1867,Cuba,Sindo.jpg,12
Q323834,Siouxsie and the Banshees,group,1976,United Kingdom,,49
Q371508,Sippie Wallace,person,1898,United States,Blues is a woman Reitz (cropped-Sippie Wallace).jpg,13
Q1431360,Sir Douglas Quintet,group,1964,United States,Sir Douglas Quintet 1965.jpg,6
Q2563698,Sir Lord Baltimore,group,1968,United States,,10
Q3510184,Sir Shina Peters,person,1958,Nigeria,Shina Peters.jpg,8
Q42291385,Sissy Nobby,person,2002,United States,,2
Q438106,Sister Rosetta Tharpe,person,1919,United States,Sister Rosetta Tharpe (1938 publicity photo - headshot).jpg,34
Q1775216,Siti binti Saad,person,1880,Tanzania,SitiBintiSaad (cropped).jpg,11
Q539833,Sivuca,person,1930,Brazil,Sivuca.png,13
Q2456997,Skazi,group,1998,Israel,Mucuripe skazi.jpg,12
Q292412,Skeeter Davis,person,1931,United States,Skeeter Davis.png,27
Q164446,Skepta,person,2000,United Kingdom,Skepta 2 F.I.B. 2016.jpg,25
Q981397,Skepticism,group,1991,Finland,Hammer of Doom X Würzburg Skepticism 14.jpg,15
Q42224353,Ski Mask the Slump God,person,2014,United States,Ski Mask The Slump God (2018).jpg,26
Q374747,Skillet,group,1996,United States,SkilletRTR.png,42
Q1523075,Skillet Lickers,group,1924,United States,TheSkilletLickers.jpg,5
Q966231,Skinless,group,1992,United States,,12
Q371535,Skinny Puppy,group,1982,Canada,"Skinny Puppy @ The Vic, Chicago 2-21-2014.jpg",26
Q380289,Skip James,person,1931,United States,,28
Q1809773,Skitsystem,group,1994,Sweden,Skitsystem.jpg,9
Q734062,Skream,person,2003,United Kingdom,Skream live.jpg,18
Q19004,Skrillex,person,2004,United States,From First To Last - Emo Nite 2 - PH Carl Pocket (cropped).jpg,58
Q1339778,Skyclad,group,1990,United Kingdom,Skyclad Rockharz 2018 15.jpg,22
Q18158295,Skylar Spence,person,2012,United States,,8
Q646170,Skyy,group,1976,United States,,6
Q7390721,SL2,group,1985,United Kingdom,,6
Q156872,Slade,group,1966,United Kingdom,Slade 18041977 01 400.jpg,41
Q131231,Slayer,group,1981,United States,Hellfest2017Slayer 02.jpg,71
Q1891322,Sleater-Kinney,group,1995,United States,Sleater-Kinney - backstage SXSW 2006 - crop.jpg,23
Q98740205,Sleepy Hallow,person,2017,United States,Sleepy Hallow in 2019.png,9
Q2617421,Sleigh Bells,group,2008,United States,"Sleigh Bells @ Metro, Chicago (10841675175).jpg",12
Q3486668,Slightly Stoopid,group,2016,United States,Slightly Stoopid Live!.jpg,5
Q3486681,Slim Cessna's Auto Club,group,1992,United States,Slim Cessna's Auto Club.jpg,4
Q731231,Slim Harpo,person,1950,United States,,25
Q512592,Slim Thug,person,1998,United States,SlimThug (cropped).jpg,20
Q1928449,Slim Whitman,person,1948,United States,Slim Whitman 1968.JPG,19
Q578979,Slint,group,1986,United States,Slint-1.jpg,29
Q254138,Slipknot,group,1994,United States,Slipknot at Roskilde Festival 2013.jpg,74
Q1502037,Slowdive,group,1989,United Kingdom,Slowdive Primavera.jpg,32
Q1133807,Sly and the Family Stone,group,1967,United States,Sly and the Family Stone (1968 publicity photo).jpg,31
Q7542670,Small Black,group,2009,United States,,2
Q222628,Small Faces,group,1965,United Kingdom,Small Faces (1965).png,31
Q140667207,Smart E's,group,,,,0
Q1201400,Smile.dk,group,1998,Sweden,Smile.dk on Sakura-Con 2009.jpg,18
Q708922,Smiley Lewis,person,1947,United States,,7
Q42211709,Smokepurpp,person,2010,United States,Smokepurpp.jpg,22
Q310332,Smokey Robinson,person,1955,United States,Smokey Robinson 2.jpg,43
Q55955701,Snail's House,person,2012,Japan,,4
Q705689,Snap!,group,1989,Germany,Snap! 2017.jpg,26
Q7547407,Snarky Puppy,group,2004,United States,Snarkypuppy-photo-michalgarcia.jpg,20
Q1754009,Sneaker Pimps,group,1994,United Kingdom,,16
Q7547506,Sneaky Feelings,group,1981,New Zealand,,4
Q2468145,Snooks Eaglin,person,1936,United States,SnooksEaglin2006.jpg,11
Q6096,Snoop Dogg,person,1991,United States,Snoop Dogg 2019 by Glenn Francis.jpg,98
Q188407,Snow Patrol,group,1994,Scotland,Snow Patrol Band.jpg,57
Q1668351,So Solid Crew,group,1998,United Kingdom,,6
Q464204,Sofia Jannok,person,1993,Sweden,Sofia Jannok EM1B1384 (35112111676).jpg,24
Q43137,Sofia Rotaru,person,1968,Soviet Union,Софія Ротару (cropped).jpg,78
Q1329303,Soft Cell,group,1980,United Kingdom,Soft Cell (1983 Sire publicity photo) 02.jpg,25
Q729505,Soft Machine,group,1966,United Kingdom,Soft Machine Cosmopolite 2018 (211402).jpg,35
Q257615,Soilwork,group,1996,Sweden,Soilwork Rockharz 2016 11.jpg,37
Q1971254,Sol Invictus,group,1987,United Kingdom,Sol Invictus Live.jpg,11
Q3964188,Solange,person,1952,Italy,,2
Q2658292,Solar Fields,person,2001,Sweden,Solar Fields.jpg,12
Q457652,Solarstone,person,1989,United Kingdom,,10
Q27817130,Solid Space,group,1980,United Kingdom,,1
Q2139942,Solitude Aeturnus,group,1987,United States,,12
Q49888,Solomon Burke,person,1955,United States,Solomon Burke.jpg,41
Q775883,Solomon Linda,person,1931,South Africa,Solomon-linda.jpg,19
Q109312907,Solstice,person,1994,Spain,Solstice Medusa 2019.jpg,1
Q1543137,Something Corporate,group,1998,United States,Socojg.jpg,15
Q7560616,Son de Madera,group,,,,3
Q352999,Son House,person,1930,United States,Son House.jpg,34
Q1424828,Son Volt,group,1994,United States,Son Volt.jpg,7
Q773793,Sona Jobarteh,person,1987,United Kingdom,Aid for Trade Global Review 2017 – Day 1 Sona Jobarteh tuning kora.jpg,24
Q625547,Song Dae Kwan,person,1946,South Korea,Song Dae-Kwan.jpg,7
Q188626,Sonic Youth,group,1981,United States,Sonic Youth 2009.05.30 001.jpg,59
Q7562018,Sonny Chillingworth,person,1932,United States,,2
Q299208,Sonny Rollins,person,1947,Algérien,SonnyRollins.jpg,48
Q59149232,Sonny Terry & Brownie McGhee,group,,United States,,0
Q2414335,Sons of the Pioneers,group,1933,United States,,5
Q18161827,Sophie,person,2008,United Kingdom,Sophie YOLA DÍA 2019 2 (cropped).jpg,36
Q152520,Sophie Tucker,person,1886,United States,SophieTucker1917.jpg,29
Q545686,Sopor Aeternus & the Ensemble of Shadows,group,1988,Germany,,22
Q7563397,Sore Throat,group,1987,United Kingdom,,3
Q2801238,Sorriso Maroto,group,1997,Brazil,Expo 012.jpg,5
Q1395666,Sotiria Bellou,person,1941,Greece,,17
Q977786,Soul II Soul,group,1988,United Kingdom,"Soul II Soul feat MC Chickaboo, Lambeth Country Show 2010, Brockwell Park (4803779361).jpg",14
Q313080,Soulja Boy,person,2004,United States,Soulja Boy Tell 'Em on YouTube Live.jpg,35
Q3491728,Soum Bill,person,1972,Ivory Coast,,5
Q65169266,Sound Rush,group,2014,Netherlands,Sound Rush 04.jpg,4
Q3307281,Sound Tribe Sector Nine,group,1998,United States,STS9.jpg,4
Q174817,Soundgarden,group,1984,United States,Soundgarden Chicago.jpg,65
Q11313608,Sousa Band,group,,,,1
Q3080711,South Park Mexican,person,1994,United States,,8
Q1378545,Southern All Stars,group,1974,Japan,,16
Q4049828,Southern Death Cult,group,1981,United Kingdom,,5
Q11950306,Soweto,group,,Vila de Gràcia,,1
Q2306265,SpaceGhostPurrp,person,2008,United States,Spaceghostpurrp.png,13
Q1191761,Spacemen 3,group,1982,United Kingdom,Spacemen 3.jpg,15
Q366469,Spade Cooley,person,1910,United States,Spade Cooley Billboard alt.jpg,7
Q16011,Spandau Ballet,group,1979,United Kingdom,"Spandau Ballet ""True"" (1983 Chrysalis publicity photo).jpg",39
Q1344131,Sparks,group,1971,United States,SparksRoughTrade080917-10.jpg,28
Q5554341,Spazz,group,1992,United States,,6
Q66054,Special D.,person,2003,Germany,Special d.jpg,8
Q7575024,Specimen,group,1980,United Kingdom,,7
Q705015,Speedy J,person,1969,Kingdom of the Netherlands,Speedy J (Seattle 2006).jpg,6
Q1277055,Spice 1,person,1988,United States,,10
Q622636,Spike Jones,person,1937,Japan,Spike Jones Billboard 2.jpg,21
Q1432107,Spiral Tribe,group,,United Kingdom,,7
Q1144015,Spiritualized,group,1990,United Kingdom,Spiritualized08.jpg,20
Q1788002,SPK,group,1978,Australia,,12
Q538465,Spliff,group,,Germany,,7
Q2311993,Spokes Mashiyane,person,1933,South Africa,,3
Q2312109,Spontaneous Music Ensemble,group,1960,United Kingdom,Sme1.jpg,4
Q3966988,Spoonie Gee,person,1975,United States,,8
Q1892509,Spyro Gyra,group,1974,United States,Spyro Gyra - jazz band.JPG,12
Q18690241,Squaremeat,group,,Finland,,1
Q553861,Squarepusher,person,1992,United Kingdom,2012 Squarepusher @ Royale Bostno (8148077592).jpg,23
Q1817585,Squirrel Nut Zippers,group,1993,United States,Squirrel Nut Zippers 2008 San Francisco.jpg,10
Q612068,St Germain,person,1995,France,,14
Q238795,St. Vincent,person,2004,United States,St. Vincent 10 29 2018 -42 (46003066152) (cropped 2).jpg,36
Q939556,Stabbing Westward,group,1985,United States,Stabbing Westward.jpg,10
Q502142,Stahlmann,group,2008,Germany,Stahlmann Rockharz 2026 15.jpg,10
Q266496,Staind,group,1995,United States,Staind live 2021.jpg,35
Q30587,Stan Getz,person,1943,United States,Getz&BakerSandvika1983a.jpg,50
Q3496491,Stan Hugill,person,1950,United Kingdom,,4
Q315780,Stan Kenton,person,1930,United States,Stan Kenton 2.JPG,29
Q3496799,Stanley Beckford,person,1942,Jamaica,Stanley Beckford.jpg,8
Q7600283,Stanton Warriors,group,,United Kingdom,,3
Q7600720,Star Fucking Hipsters,group,2005,United States,,3
Q104821968,Starlight,group,,,,4
Q912800,Stars of the Lid,group,1993,United States,Stars of the Lid.jpg,7
Q1051417,Starsailor,group,2000,United Kingdom,Starsailor in Rock in Rio 2006.JPG,19
Q491892,Static-X,group,1994,United States,Static X.JPG,35
Q322265,Status Quo,group,1962,United Kingdom,Status quo 2005.jpg,47
Q1347993,Stavros Xarchakos,person,1939,Greece,,11
Q4167927,Steam Powered Giraffe,group,2008,United States,2020SPGRobotsPromo.jpg,8
Q179652,Steel Panther,group,2000,United States,20180804 Wacken Wacken Open air Steel Panther 0073.jpg,20
Q1542680,Steel Pulse,group,1975,United Kingdom,Ruhr Reggae Summer 2017 MH Steel Pulse 05.jpg,18
Q1413921,Steeleye Span,group,1969,United Kingdom,Steeleye Span - Fairport's Cropredy Convention 2006 (1).jpg,17
Q852435,Steely Dan,group,1972,United States,Steely Dan - Donald Fagen - Luzern 2007.jpg,39
Q106395,Stefan Mross,person,1975,Germany,Stefan Mross 2025.jpg,6
Q548168,Stefanie Hertel,person,1979,Germany,Stefanie Hertel - 2025271 123420 2025-09-28 ZDF-Fernsehgarten - Sven - 5DS R - 0028 - 5DSR3833.jpg,11
Q737903,Stelios Kazantzidis,person,1952,Greece,Stelios Kazantzidis.png,16
Q75361,Stephan Bodzin,person,1969,Germany,Stephan Bodzin 2009 by Tim.jpg,7
Q305202,Stephen Foster,person,1844,United States,Stephen Foster.jpg,39
Q334652,Stereolab,group,1990,United Kingdom,Stereolab (1994).jpg,25
Q524953,Steve Coleman,person,1956,United States,Steve Coleman 1611.JPG,16
Q781634,Steve Earle,person,1973,United States,20180705-Rudolstadt-Festival-Steve Earle-and-the-Dukes-4821.jpg,26
Q1388088,Steve Hurley,person,1983,United States,"Steve ""Silk"" Hurley.jpg",7
Q262791,Steve Reich,person,1963,United States,"Steve Reich, composer, cropped.jpg",45
Q3499085,Steve Riley and the Mamou Playboys,group,1988,United States,Steverileyandthemamouplayboys.jpg,4
Q714470,Steve Roach,person,1982,United States,"Steve Roach, Tucson (bright).jpg",18
Q7613783,Steve Roden,person,1985,United States,,3
Q2000598,Steven Curtis Chapman,person,1987,United States,Steven Curtis Chapman.jpg,18
Q3512059,Steven Halpern,person,1945,United States,Steven-Halpern 2012-12-07.jpg,4
Q1333817,Stevie B,person,1987,United States,,13
Q202937,Stevie Ray Vaughan,person,1965,United States,Stevie Ray Vaughan Live 1983.jpg,60
Q714,Stevie Wonder,person,1961,Ghana,Stevie Wonder 1994.jpg,99
Q19881943,Stolas,group,2011,United States,,3
Q3106906,StoneBridge,person,1961,Sweden,,7
Q7619416,Stoney LaRue,person,2002,United States,Stoney LaRue (4).jpg,4
Q519031,Stormtroopers of Death,group,1985,United States,Anthrax-Rock im Park 2014 by 2eight DSC8216.jpg,22
Q20055659,Stormzy,person,2010,United Kingdom,Stormzy - Openair Frauenfeld 2019 03.jpg,28
Q7621157,Straitjacket Fits,group,1986,New Zealand,Straitjacket Fits 1991.jpg,4
Q1345932,Strapping Young Lad,group,1994,Canada,StrappingYoungLad.jpg,24
Q7622239,Stratos Dionysiou,person,1935,Greece,,6
Q201207,Stratovarius,group,1984,Finland,Stratovarius - Wacken Open Air 2022 04.jpg,47
Q1161663,Stray Cats,group,1980,United States,Stray Cats.jpg,23
Q4353806,Streaplers,group,1959,Sweden,"Viking Cinderella, 20221123, Streaplers, Etage, 05.jpg",10
Q1382101,Streetlight Manifesto,group,2002,United States,Streetlight Manifesto 02-17-05.jpg,13
Q951170,Strike Anywhere,group,1999,United States,"Strike Anywhere, Taipei 2-28-07.jpg",11
Q2303544,Strung Out,group,1989,United States,Strung Out (Ruhrpott Rodeo 2013) IMGP4977 nmz.jpg,12
Q1052564,Stryper,group,1983,United States,Stryper 2016.jpg,22
Q1489237,Stuck Mojo,group,1989,United States,Stuck Mojo Band - 2016 Lineup.jpg,8
Q16736403,Sturgill Simpson,person,2004,United States,Sturgill Simpson photo 2016 (cropped).jpg,19
Q206244,Stéphane Grappelli,person,1908,France,Stephane Grappelli Allan Warren.jpg,44
Q1848854,Sub Focus,person,2002,United Kingdom,Sub Focus @ Club Formation (4159729869).jpg,18
Q2141308,Subhumans,group,1980,United Kingdom,Subhumans.jpg,14
Q591691,Sublime,group,1988,United States,,28
Q73882406,Subtronics,person,2013,United States,,4
Q7632349,Suburban Lawns,group,1978,United States,,3
Q655629,Subway to Sally,group,1990,Germany,Subway to Sally Metal Frenzy 2024 28.jpg,10
Q22129264,Suchmos,group,2013,Japan,,4
Q826255,Suede,group,1989,United Kingdom,"Suede, Brighton Centre.jpg",36
Q7634434,Sueño Latino,group,,,,3
Q269450,Suffocation,group,1989,United States,Suffocation Summer Breeze Open Air 2017 27.jpg,22
Q319502,Sufjan Stevens,person,1995,United States,Sufjan Stevens playing banjo edit1 (cropped).jpg,41
Q787391,Sugar Minott,person,1969,Jamaica,Sugarminott.jpg,11
Q899341,Suicidal Tendencies,group,1981,United States,Suicidal Tendencies - Elbriot 2018 02 (cropped).jpg,32
Q1543315,Suicide Commando,group,1986,Belgium,Suicide commando johan van roy.jpg,13
Q431700,Suicide Silence,group,2002,United States,Warped Tour 2010 Maryland.jpg,31
Q700978,Suidakra,group,1994,Germany,Suidakra.JPG,15
Q483558,Sum 41,group,1996,Canada,Sum 41 live 2008.jpg,67
Q247696,Summoning,group,1993,Austria,,22
Q114654731,Summrs,person,2017,United States,Summrs.jpg,8
Q354508,Sun Ra,person,1934,United States,Sun Ra (1973 publicity photo - Impulse ABC Dunhill).jpg,42
Q3503801,Sunburned Hand of the Man,group,1997,United States,,3
Q7639216,Sundar Popo,person,1969,,Sundarpopo.jpg,3
Q391397,Sung Si-kyung,person,2000,South Korea,Sung Si-kyung in March 2011 from acrofan.jpg,13
Q594855,Sunn O))),group,1998,United States,Sunn O))) - Brutal Assault 01.jpg,23
Q1361543,Sunny Day Real Estate,group,1992,United States,Sunny Day Real Estate 2010.jpg,17
Q477783,Sunnyland Slim,person,1906,United States,,12
Q385650,Super Cat,person,1981,Jamaica,Super Cat Oct 2021 (cropped).png,9
Q2367143,Super Diamono,group,1974,Senegal,,4
Q7642402,Super Heroines,group,1981,United States,,2
Q7643057,Superblue,person,1956,Trinidad and Tobago,Superblue performing at a boat cruise.jpg,2
Q1120684,Supergrass,group,1993,United Kingdom,Supergrass in Madrid.jpg,30
Q7643966,Supermerk2,group,2003,Argentina,,1
Q176457,Supertramp,group,1969,United Kingdom,Supertramp0062.jpg,43
Q4922443,Suraphol Sombatcharoen,person,1950,Thailand,สุรพล สมบัติเจริญ.webp,37
Q7645874,Surf Punks,group,1976,United States,,1
Q4392541,Surfer Blood,group,2009,United States,Surfer Blood 2013.jpg,8
Q2368531,Surgeon,person,1991,United Kingdom,Surgeon (Anthony Child).jpg,4
Q1135315,Survivor,group,1978,United States,Survivor sweden.jpg,35
Q19561463,Susan McCann,person,1976,,Susan McCann.jpg,4
Q152266,Susana Baca,person,1944,Peru,Susana baca.jpg,20
Q1785313,Susse Wold,person,1938,Kingdom of Denmark,Susse Wold og Mads Adam Heindorf.jpg,11
Q7649908,Sutcliffe Jügend,group,1982,United Kingdom,,0
Q6640518,Suthep Wongkamhaeng,person,1934,Thailand,Suthepweb.jpg,6
Q509073,Suzanna Lubrano,person,1996,Kingdom of the Netherlands,,8
Q236112,Suzanne Vega,person,1982,United States,"Suzanne Vega presents her Peabody Award, May 2004 (2).jpg",50
Q234750,Suzi Quatro,person,1964,United States,2017 Lieder am See - Suzi Quatro - by 2eight - 8SC8448 (cropped).jpg,50
Q17103153,Svartidauði,group,2002,Iceland,Svartidauði Party.San Metal Open Air 2019 05.jpg,4
Q61011,Sven Väth,person,1982,Germany,Väth 0047.jpg,24
Q45339026,Sven Wittekind,person,1982,,Sven Wittekind (1).JPG,2
Q696274,Sven-Ingvars,group,1956,Sweden,Sven-Ingvars 2016-5.jpg,12
Q237385,Svetlana Ceca Ražnatović,person,1987,Serbia,Ceca koncert ljubljana 2009.jpeg,39
Q1480687,Swallow the Sun,group,2000,Finland,Swallow the Sun Wave-Gotik-Treffen 2016 05.jpg,18
Q573017,Swans,group,1982,United States,Swans warsaw 10 12 2010 poland m kutera.jpg,27
Q20709,Swedish House Mafia,group,2007,Sweden,Swedish House Mafia 2012-06-16 001.jpg,43
Q15808423,Sweet Exorcist,group,1990,United Kingdom,,2
Q1377724,Sweet Female Attitude,group,1996,United Kingdom,Sweet Female Attitude Live at Cardiff University in 2017.jpg,6
Q888972,Sweet Sensation,group,1986,United States,,6
Q1442188,Swell Maps,group,1972,United Kingdom,,4
Q924292,Swervedriver,group,1989,United Kingdom,Swervedriver @ Becks Music Box (20 2 2011) (5477804755).jpg,11
Q955863,Swing Out Sister,group,1985,United Kingdom,Swing Out Sister.JPG,17
Q3101707,Switch,person,2003,United Kingdom,Switchdj.jpg,10
Q1679412,SWV,group,1990,United States,Hi-Res NAACP DSC09523ACR (15317108755) (1).jpg,18
Q689341,Sybreed,group,2003,Switzerland,,12
Q500683,Sylvester,person,1972,United States,,20
Q240885,Sylvie Vartan,person,1961,France,Vartan-Quaisse0847.jpg,42
Q1808794,Symarip,group,1969,United Kingdom,Mr. Symarip Klub-Ost 03.jpg,8
Q648940,Symphony X,group,1994,United States,Symphony X in Carrboro 2022.jpg,35
Q2943135,Synapscape,group,,,Synapscape Nocturnal Culture Night 11 2016 03.jpg,3
Q2718300,System 7,group,1989,United Kingdom,System 7.JPG,9
Q45165,System of a Down,group,1995,United States,SoaD-2013-1.jpg,79
Q7663688,System Tazvida,person,1988,Zimbabwe,,2
Q16210722,SZA,person,2011,United States,KendrickSZASPurs230725-19 - 54683179509 (cropped) (cropped).jpg,50
Q939347,Sérgio Godinho,person,1971,Portugal,Sérgio Godinho Cosmopolite (212359).jpg,14
Q337359,Sérgio Mendes,person,1961,Brazil,Sérgio Mendes e o Grupo 77 (cropped).tif,42
Q7666101,Sérgio Reis,person,1960,Brazil,Sergioreis.jpg,8
Q10376356,Sílvio Caldas,person,1908,Brazil,Silviocaldas.JPG,5
Q1320710,Só Pra Contrariar,group,1989,Brazil,00 sopracontrariar bsb.jpg,6
Q10682,Sœurs Goadec,group,,France,Goadeg.JPG,10
Q17450386,Sơn Tùng M-TP,person,2009,Vietnam,Son Tung M-TP 1 (2017).png,20
Q358538,T-Bone Walker,person,1928,United States,T-Bone Walker 1972.jpg,30
Q12897581,T-Vice,group,1992,Port-au-Prince,,2
Q65972849,T. Buckley,person,,Canada,,1
Q119598303,T. H. Subash Chandran,person,1946,,,1
Q7668495,T. M. Krishna,person,1988,India,TM Krishna.jpg,10
Q211770,T. Rex,group,1967,United Kingdom,Marc Bolan In Concert 1973.jpg,40
Q214227,T.I.,person,1999,United States,T.I. 2022 Interview.png,51
Q2558967,T99,group,1989,Belgium,,6
Q3513534,Tabou Combo,group,1968,Pétion-Ville,Tabou Combo at the 2014 Festival International Nuits d'Afrique in Montréal (1-3).jpg,5
Q2743754,Tabu Ley Rochereau,person,1959,Democratic Republic of the Congo,Rochereau performing at Paris Olympia.jpg,15
Q3513649,Tackhead,group,1987,United States,,4
Q692872,Tactical Sekt,group,2002,,TSLogo.png,3
Q490719,Tae Jin Ah,person,1973,South Korea,Tae Jin-Ah.jpg,13
Q11439213,Taeko Ōnuki,person,1971,Japan,,16
Q353023,Taj Mahal,person,1964,United States,Taj Mahal (musician).jpg,36
Q3290277,Takashi Hosokawa,person,1975,Japan,,7
Q95494604,Takashi Kokubo,person,1956,Japan,,3
Q2389434,Takemoto Gidayū,person,1651,Japan,,5
Q7678153,Takeshi Terauchi,person,1960,Japan,,7
Q11379993,Takio Itō,person,1950,Japan,,1
Q3514381,Taku Sugimoto,person,1965,Japan,Taku Sugimoto.jpg,5
Q18207948,Takun J,person,2005,Liberia,Hipco artist Takun J.jpg,1
Q24950843,Tale Of Us,group,2010,Italy,,9
Q595705,Talk Talk,group,1981,United Kingdom,,38
Q205001,Talking Heads,group,1975,United States,Talking Heads Remain In Light (1980 Sire publicity photo) (5-4 cropped).jpg,56
Q3514534,Tall Dwarfs,group,1981,New Zealand,,6
Q497298,Talulah Gosh,group,1986,United Kingdom,,6
Q9355427,Tamba Trio,group,1960,Brazil,,4
Q9619,Tame Impala,group,2007,Australia,Tame Impala.jpg,43
Q1515351,Tamikrest,group,2006,Mali,Tamikrest - Burg Herzberg Festival 2024 20.jpg,12
Q234017,Tammy Wynette,person,1966,United States,Tammy Wynette.JPG,39
Q1345751,Tampa Red,person,1904,United States,Tampa-in-beret zpsd4275d4e.webp,18
Q153616,Tangerine Dream,group,1967,Germany,Tangerine Dream - Elbphilharmonie Hamburg 2018 02.jpg,38
Q570610,Tanghetto,group,2003,Argentina,Tanghetto Live.jpg,7
Q469894,Tansen,person,1562,,"Tansen of Gwalior. (11.8x6.7cm) Mughal. 1585-90. National Museum, New Delhi..jpg",29
Q2008329,Tante Leen,person,1912,Kingdom of the Netherlands,Tante Leen (1971).jpg,6
Q836609,Tanzwut,group,1998,Germany,TANZWUT 2015 Band3 klein.jpg,15
Q422799,Tara Devi,person,1945,Dominion of India,,15
Q105902791,Tarcísio do Acordeon,person,1993,Brazil,,2
Q485771,Tarkan,person,1991,Turkey,Tarkan (9).jpg,66
Q253607,Tata Young,person,1991,Thailand,Tata young pimf 2007.JPG,27
Q7688054,Tati Quebra Barraco,person,1995,Brazil,Tati-Quebra-Barraco.jpg,7
Q7688132,Tatico Henriquez,person,1943,Dominican Republic,Jesusrodriguezmamajuana.jpg,2
Q1154190,Tatsurō Yamashita,person,1973,Japan,"Tatsuro Yamashita, 2005 (forward crop).jpg",16
Q182537,Taxman,group,,,,27
Q7689943,Taylor Deupree,person,1971,United States,Taylor Deupree (cropped).jpg,4
Q26876,Taylor Swift,person,2003,United States,Taylor Swift at the 2023 MTV Video Music Awards (3).png,177
Q17151338,Tchami,person,2013,France,"Tchami Performing at Rebel, Toronto.png",15
Q510161,Tchavolo Schmitt,person,1954,France,Tchavolo Schmitt brighter.jpg,6
Q2398467,Team Dresch,group,1993,United States,Team Dresch 2009-09-20.jpg,6
Q269091,Tears for Fears,group,1981,United Kingdom,Tears for Fears 2008.jpg,47
Q359303,Tech N9ne,person,1991,United States,Tech N9ne Interview 2025.png,30
Q18162708,Techno Animal,group,1991,United Kingdom,,2
Q528413,Technoboy,person,1992,Italy,Airbeat One 2015 Technoboy by Denis Apel-1683.jpg,13
Q1344793,Technotronic,group,1988,Belgium,"Jo Bogaert, ook bekend als Thomas De Quincey.jpg",24
Q22909295,Teddy Killerz,group,2012,,Teddy Killerz.jpg,3
Q449371,Teddy Pendergrass,person,1970,United States,TEDDY PENDAGRASS.jpg,31
Q28732615,Tee Grizzley,person,2016,United States,Tee Grizzley (cropped).jpg,10
Q106658275,Teejayx6,person,2017,United States,Teejayx6 laced visuals.png,1
Q235931,Teena Marie,person,1964,United States,Teena Marie.jpg,23
Q1404339,Teenage Jesus and the Jerks,group,1976,United States,Teenage Jesus and the Jerks (2584307444).jpg,11
Q4050792,Teengenerate,group,1993,Japan,Teengenerate.jpg,4
Q611466,Tego Calderón,person,1996,United States,TegoCalderon.jpg,35
Q615867,Telex,group,1978,Belgium,Eurovision Song Contest 1980 - Telex.jpg,21
Q72759173,Tems,person,2015,Nigeria,Tems on NdaniTV Sessions -cropped.png,34
Q3517940,Ten City,group,1987,United States,,4
Q630808,Ten Years After,group,1966,United Kingdom,Ten Years After (1970).png,25
Q205780,Tenacious D,group,1994,United States,TenaciousDO2160623 (38 of 62) (cropped).jpg,44
Q1756151,Tenhi,group,1996,Finland,,14
Q963827,Tennessee Ernie Ford,person,1949,United States,Tennessee Ernie Ford 1957.JPG,29
Q17092262,Tenores di Bitti,group,,,,1
Q7701476,Tera Melos,group,2004,United States,Tera Melos.jpg,5
Q3518278,Terakaft,group,2001,Mali,,4
Q967230,Terence Blanchard,person,1980,United States,Terence Blanchard.jpg,19
Q439182,Teresa Parodi,person,1947,Argentina,"Teresa Parodi, Ministra de cultura de la Nación (14653360491).jpg",12
Q463945,Teresa Teng,person,1967,Taiwan,Teresa Teng US.jpg,81
Q965154,Terrorizer,group,1986,United States,,14
Q7704407,Terry Francis,person,1966,United Kingdom,,2
Q365243,Terry Riley,person,1960,United States,"Terry Riley, Tokyo 8 Nov 2017 (cropped).jpg",31
Q1430984,Tesseract,group,2007,United Kingdom,Tuska 20130628 - TesseracT - 29.jpg,18
Q1502233,Test Dept,group,1981,United Kingdom,Test Dept.jpg,10
Q32543,Test Icicles,group,2004,United Kingdom,,8
Q309312,Testament,group,1983,United States,2017 Testament - by 2eight - 8SC1105.jpg,40
Q7706997,Tetuzi Akiyama,person,1964,Japan,Tetuziakiyama.png,1
Q966565,Tex Ritter,person,1905,United States,Tex Ritter 1966.JPG,26
Q321178,Tex Williams,person,1946,United States,Tex Williams 1967.JPG,10
Q2407606,Texas Faggott,group,,Finland,,2
Q2031683,Textures,group,2001,Netherlands,Textures.jpg,13
Q1070141,Tha Dogg Pound,group,1992,United States,Tha Dogg Pound.jpg,20
Q2690281,Tha Playah,person,1982,Kingdom of the Netherlands,20101003-0147 Syndicate 2010 Tha Playah.jpg,5
Q171235,Thalía,person,1981,Mexico,Thalía Primera Fila cropped.jpg,66
Q10824899,Thanh Thúy,person,1957,Vietnam,,2
Q218997,The 101ers,group,1974,England,,12
Q861190,The 13th Floor Elevators,group,1965,United States,The 13th Floor Elevators (1960s Photo).jpg,29
Q1472482,The 4-Skins,group,1979,United Kingdom,The 4-Skins 1980.jpg,20
Q1753111,The 5th Dimension,group,1966,United States,5th Dimension 1969.jpg,19
Q1535896,The Abyssinians,group,1968,Jamaica,The Abyssinians LanzamientoRototomReggaeContestLatino10-11 20101015.jpg,15
Q1760836,The Action,group,1965,United Kingdom,,10
Q7712717,The Advisory Circle,person,2001,United Kingdom,,3
Q533478,The Alan Parsons Project,group,1975,United Kingdom,Alan Parsons live.jpg,36
Q786980,The Albion Band,group,1971,United Kingdom,"The Albion Band, outdoor concert at Holland House, London, summer 1983.jpg",7
Q704757,The Alchemist,person,1993,United States,TheAlchemist2014.jpg,18
Q507327,The Allman Brothers Band,group,1969,United States,Allman Brothers Band 1969.jpg,45
Q131422,The Animals,group,1962,United Kingdom,Eric Burdon & the Animals.jpg,53
Q2118895,The Association,group,1965,United States,The Association 1968.JPG,17
Q2000851,The Avalanches,group,1997,Australia,StrokesRosendal080622-2 (52144817677).jpg,17
Q950309,The B-52's,group,1976,United States,The B-52's (1980 Warner publicity photo).jpg,35
Q3519860,The Balfa Brothers,group,,United States,,4
Q600344,The Band,group,1967,Canada,The Last Waltz.jpg,40
Q214418,The Bangles,group,1981,United States,Bangles at Festival of Friends 2012.jpg,44
Q3519888,The Bats,group,1982,New Zealand,Band Together Concert For Canterbury.jpg,4
Q183048,The Beach Boys,group,1961,United States,"The Beach Boys, May 29, 2012.jpg",81
Q2165980,The Beat,group,1978,United Kingdom,English Beat - Seattle 2010 - 18.jpg,15
Q1299,The Beatles,group,1960,United Kingdom,Beatles Trenter 1963.jpg,245
Q1452973,The Bel-Airs,group,1961,United States,,5
Q11328522,The Birds,group,,Japan,,1
Q378958,The Black Crowes,group,1989,United States,The Black Crowes Live at the Hammerstein Ballroom.jpg,26
Q2667938,The Black Dog,group,1989,United Kingdom,,7
Q606226,The Black Keys,group,2001,United States,Black-keys-sxsw-montage.jpg,43
Q7718487,The Blackbyrds,group,1973,United States,,7
Q1615382,The Blackwood Brothers,group,1934,United States,The Blackwood Brothers.png,3
Q2004533,The Blasters,group,1979,United States,Dave Alvin.jpg,11
Q2092670,The Blind Boys of Alabama,group,1939,United States,The Blind Boys of Alabama Cosmopolite 2018 (202624).jpg,19
Q1605508,The Blood Brothers,group,1997,United States,Blood Brothers 1live.jpg,12
Q1517721,The Bloody Beetroots,person,2006,Italy,Bob Rifo.jpg,14
Q769123,The Blue Hearts,group,1985,Japan,,14
Q1970440,The Blue Nile,group,1981,United Kingdom,,12
Q977373,The Blue Sky Boys,group,,United States,,2
Q3520048,The Bodines,group,1985,United Kingdom,,4
Q646218,The Bodysnatchers,group,1979,United Kingdom,,5
Q2409957,The Books,group,2000,United States,,5
Q1410132,The Bothy Band,group,1974,United Kingdom,,14
Q608233,The Brand New Heavies,group,1985,United Kingdom,Brand New Heavies at the Porgy & Bess in Vienna 2008h.jpg,17
Q913560,The Brides of Funkenstein,group,1978,United States,,2
Q211526,The Byrds,group,1964,United States,The Byrds (1970).jpg,43
Q7720909,The Cadets,group,,,,1
Q7721110,The Campbell Brothers,group,,United States,The Campbell Brothers (All) @ Richmond Folk Festival (21949164579).jpg,2
Q223495,The Carpenters,group,1969,United States,Carpenters 1974.jpg,195
Q858388,The Cars,group,1976,United States,The Cars 1984 (Elektra Press Kit Photo).jpg,35
Q7721684,The Catalinas,group,,United States,,1
Q1961659,The Cats,group,1965,Netherlands,The Cats - TopPop 1974 3.png,5
Q2410177,The Chambers Brothers,group,1954,United States,Chambers Brothers 1970.JPG,10
Q1472126,The Chantays,group,1962,United States,,12
Q961810,The Chariot,group,2003,United States,Scogin Cornerstone06.jpg,9
Q1542958,The Charlatans,group,1989,United Kingdom,The Charlatans no Rock in Way.jpg,19
Q208507,The Chemical Brothers,group,1989,United Kingdom,"The Chemical Brothers performing in Barcelona, Spain (2007).jpg",41
Q3986249,The Chesterfield Kings,group,1979,United States,,3
Q467933,The Chi-Lites,group,1959,United States,,10
Q662577,The Chieftains,group,1963,Ireland,Chieftains-anoriant2008.png,24
Q1386995,The Chiffons,group,1960,United States,The-Chiffons.jpg,17
Q1634063,The Chills,group,1980,New Zealand,Martin Phillipps IMG 4449.jpg,9
Q962528,The Chocolate Watchband,group,1965,United States,Chocolate Watchband c. 1966.jpg,10
Q7722658,The Chords,group,1951,United States,,8
Q1757705,The Church,group,1980,Australia,The Church 2015.jpg,16
Q1087300,The Cinematic Orchestra,group,1999,United Kingdom,The cinematic orchestra.JPG,17
Q1209252,The Clancy Brothers,group,1956,Ireland,,14
Q125603,The Clash,group,1976,United Kingdom,Clash 21051980 12 800.jpg,76
Q2410301,The Clean,group,1978,New Zealand,The Clean 1.jpg,6
Q7726628,The Cold Crush Brothers,group,1979,United States,Weekend Photo Cold Crush Brothers.JPG,4
Q1725152,The Congos,group,1975,Jamaica,The Congos in Chartres 1.JPG,13
Q7727671,The Correspondents,group,,,,3
Q1137218,The Country Gentlemen,group,1957,United States,,2
Q1814766,The Coup,group,1991,United States,,7
Q1658371,The Cowsills,group,1965,United States,TheCowsills.jpg,14
Q1361146,The Cramps,group,1976,United States,Cramps1982-07.jpg,22
Q163138,The Creation,group,1796,,,25
Q50975,The Crystal Method,group,1993,United States,Crystal Method by disavian.jpg,15
Q1475018,The Crystals,group,1961,United States,The crystals sm.JPG,21
Q484427,The Cure,group,1976,United Kingdom,The Cure Live in Singapore 2- 1st August 2007.jpg,73
Q940536,The Damned,group,1976,United Kingdom,The Damned.jpg,32
Q1141454,The Dave Clark Five,group,1957,United Kingdom,Dave Clark Five 1964.JPG,28
Q116936,The dB's,group,1978,United States,The dB's in 2012-Philadelphia.jpg,8
Q930112,The Decemberists,group,2000,United States,Thedecemberists2005.jpg,28
Q2000558,The Delfonics,group,1965,United States,The Delphonics 1995.jpg,15
Q1759086,The Dells,group,1952,United States,The Dells.png,12
Q1184543,The Delmore Brothers,group,1926,United States,Delmore Blue checks border color pic.jpg,4
Q7729893,The Devil's Blood,group,2006,Netherlands,,9
Q1307025,The Dillinger Escape Plan,group,1997,United States,IMG 4170TheDillingerEscapePlan.jpg,24
Q2614717,The Dirtbombs,group,1992,United States,Golden Plains Festival (The Dirt Bombs).jpg,7
Q2410892,The Dirty Heads,group,1996,United States,Dirty Heads 0001.jpg,4
Q1754173,The Disposable Heroes of Hiphoprisy,group,1990,United States,,4
Q1543686,The Divine Comedy,group,1989,United Kingdom,DivineComedy20070810 01.jpg,18
Q1393884,The Dixie Hummingbirds,group,1928,United States,The Dixie Hummingbirds (239252818).jpg,5
Q506670,The Doobie Brothers,group,1970,United States,Doobie brothers.jpg,30
Q45354,The Doors,group,1965,United States,Doors electra publicity photo.JPG,187
Q259381,The Dream Syndicate,group,1981,United States,"The Dream Syndicate, 2014-08-31 A.jpg",12
Q1123938,The Dresden Dolls,group,2000,United States,Dresden Dolls3.jpg,22
Q1060576,The Drifters,group,1953,United States,The Drifters.png,25
Q1419255,The Drums,group,2006,United States,The Drums at the Lexington.jpg,16
Q478629,The Dubliners,group,1962,Ireland,TheDubliners2005.jpg,34
Q1509107,The Electric Prunes,group,1965,United States,The Electric Prunes.png,17
Q7731864,The Embers,group,,Australia,,1
Q690138,The Everly Brothers,group,1957,United States,Everlys Brothers in concert.jpg,48
Q2142713,The Ex,group,1979,Netherlands,TheEx June2004.jpg,15
Q117684,The Exploited,group,1979,United Kingdom,The Exploited onstage 2014.jpg,29
Q7732946,The Eyes of a Traitor,group,2006,United Kingdom,,2
Q511277,The Fabulous Thunderbirds,group,1974,United States,FabulousThunderbirdsFeb06.jpg,12
Q909916,The Fall,group,1976,United Kingdom,The Fall-10.jpg,26
Q178594,The Fall of Troy,group,2002,United States,Fall of Troy Orbit Room 20070614.jpg,13
Q1428876,The Farm,group,1983,United Kingdom,"The Farm (GuilFest, 2011).jpg",12
Q7733724,The Field Mice,group,1987,United Kingdom,,6
Q523184,The Flaming Lips,group,1983,United States,Flaming Lips smog Coyne Scurlock.jpg,32
Q1241507,The Flamingos,group,1953,United States,The Flamingos 1959.jpg,13
Q847191,The Fleshtones,group,1976,United States,Fleshtones-gibus-tickets.jpg,6
Q912990,The Flower Kings,group,1994,Sweden,Flowerkings2004.jpg,19
Q200769,The Flying Burrito Brothers,group,1968,United States,The Flying Burrito Brothers.png,20
Q2113011,The Fourmost,group,1963,United Kingdom,The Fourmost - West Cliff theatre.jpg,8
Q271513,The Fray,group,2002,United States,The Fray - LA Arboretum 2.jpg,34
Q17109370,The Funkees,group,1960,,,2
Q168031,The Future Sound of London,group,1988,United Kingdom,11apr 261 GarryCobain.jpg,19
Q141703,The Futureheads,group,2000,United Kingdom,"The Futureheads, Radio 1.jpg",21
Q992295,The Gap Band,group,1967,United States,Gap Band.jpg,14
Q573067,The Gaslight Anthem,group,2006,United States,GaslightAnthemHammersmith2010.jpg,20
Q687651,The Gathering,group,1989,Netherlands,The Gathering @ Monterrey.jpg,26
Q256319,the GazettE,group,2002,Japan,Gazettetokyo.jpg,32
Q1683782,The Georgia Satellites,group,1980,United States,,10
Q2574419,The Gerogerigegege,group,1985,Japan,,10
Q1757786,The Get Up Kids,group,1995,United States,TheGetUpKids-Italy.jpg,14
Q771912,The Glitch Mob,group,2006,United States,The Glitch Mob 2014.jpg,15
Q1891138,The Go-Betweens,group,1977,Australia,The go betweens.jpg,16
Q7737020,The Golden Cups,group,1966,Yokohama,GoldenCups201311-4207.jpg,4
Q2396318,The Gories,group,1986,United States,,6
Q2377124,The Great Divide,group,1992,United States,,2
Q1398604,The Gun Club,group,1980,United States,Jeffrey Lee Pierce cropped.jpg,14
Q7738577,The Gypsies,group,2000,,,2
Q60339,The Handsome Family,group,1993,United States,Handsome Family 2007.jpg,15
Q2076097,The Head and the Heart,group,2009,United States,THATH sunset.jpg,8
Q1092132,The Heptones,group,1965,Jamaica,,11
Q287690,The Hives,group,1989,Sweden,The Hives - Alexandra Palace - Saturday 29th November 2025.jpg,36
Q282925,The Hollies,group,1962,United Kingdom,The Hollies (1965).png,35
Q730158,The Human League,group,1977,United Kingdom,The Human League 2007.jpg,38
Q580823,The Impressions,group,1958,United States,"The Impressions, 1964.png",22
Q1500510,The Incredible String Band,group,1966,United Kingdom,The Incredible String Band (1970).jpg,25
Q2412135,The Intruders,group,1960,United States,The Intruders 1968.jpg,5
Q178134,The Isley Brothers,group,1954,United States,The Isley Brothers.png,24
Q43267,The Jackson 5,group,1964,United States,Jackson 5 tv special 1972.JPG,57
Q916461,The Jam,group,1972,United Kingdom,Thejam.gif,33
Q1508351,The Jayhawks,group,1985,United States,The Jayhawks - 6013336426.jpg,11
Q1684462,The Jazz Composer's Orchestra,group,1965,United States,,5
Q1126301,The Jesus and Mary Chain,group,1983,United Kingdom,Jesus and Mary Chain 2007.jpg,34
Q475227,The Jesus Lizard,group,1987,United States,Jesus-Lizard Panorama1.jpg,18
Q1407424,The Jimi Hendrix Experience,group,1966,United States,Jimi Hendrix Experience in Fenklup.png,36
Q1141580,The Jolly Boys,group,1955,Jamaica,"The Jolly Boys, Cambridge Festivals 2001-2014 (4854000503).jpg",9
Q12674983,The Kilimanjaro Darkjazz Ensemble,group,2000,Netherlands,Sarah Anderson.jpg,7
Q220730,The Killers,group,2001,United States,KillersBST080717-38 (35742625041) (cropped).jpg,70
Q970502,The Kingsmen,group,1959,United States,The Kingsmen 1966.jpg,16
Q59965,The Kingston Trio,group,1957,United States,Kingston Trio.jpg,24
Q188713,The Kinks,group,1964,United Kingdom,Fanclub - The Kinks 2.png,63
Q1751786,The Klezmatics,group,1986,United States,KlezmaticsBigPhoto1 72dpi.jpg,11
Q741316,The KLF,group,1987,United Kingdom,2K Barbican performance (Fuck the Millennium).jpg,30
Q1427240,The Knack,group,1978,United States,Doug Fieger 2005.jpg,22
Q2406841,The Knitters,group,1982,United States,HSB 2005 - The Knitters.jpg,4
Q1143750,The Kovenant,group,1992,Norway,,22
Q1860769,The La's,group,1984,United Kingdom,The La's.jpg,19
Q3987870,The Lambrettas,group,1979,United Kingdom,,2
Q1811622,The Last Poets,group,1968,United States,,12
Q1424124,The Left Banke,group,1965,United States,The Left Banke 1966.jpg,13
Q863573,The Lonely Island,group,2001,United States,The Lonely Island.jpg,28
Q2252204,The Long Ryders,group,1983,United States,Longryders2023.jpg,7
Q1756844,The Louvin Brothers,group,1940,United States,,10
Q496101,The Lumineers,group,2005,United States,The Lumineers @ Hollywood Bowl 09 15 2023 (53416643595).jpg,25
Q211277,The Mamas & the Papas,group,1965,United States,The Mamas and the Papas Ed Sullivan Show 1968.JPG,46
Q1431787,The Manhattan Transfer,group,1972,United States,Manhattan Transfer.jpg,20
Q1061590,The Marshall Tucker Band,group,1972,United States,Marshall Tucker Band on the 4th.jpg,13
Q385841,The McCoys,group,1962,United States,The McCoys 1966 with Rick Derringer.jpg,13
Q1812589,The Melodians,group,1963,Jamaica,,11
Q484969,The Men They Couldn't Hang,group,1984,United Kingdom,,6
Q738714,The Merseybeats,group,1961,United Kingdom,,7
Q835289,The Merton Parkas,group,,United Kingdom,,5
Q2412878,The Meteors,group,1980,United Kingdom,"The Meteors live in Pordenone, Italy, 2006.jpg",15
Q1887369,The Meters,group,1965,United States,Meters Wikepedia.jpg,14
Q48700546,The Midnight,group,2014,United States,MidnightBrixton070522 (28 of 30) (52061108333).jpg,14
Q3521870,The Mighty Lemon Drops,group,1985,United Kingdom,,6
Q1327973,The Mighty Mighty Bosstones,group,1983,United States,The Mighty Mighty Bosstones in concert.jpg,16
Q17142063,The Millennium,group,,United States,,4
Q1778916,The Mission,group,1986,United Kingdom,The mission wayne hussey.jpg,16
Q58849294,The Mitteler Rebbe's Kapelye,group,,,,1
Q2294322,The Modern Lovers,group,1970,United States,"Jonathan Richman of the Modern Lovers, 2009.jpg",19
Q747512,The Moldy Peaches,group,1994,United States,MOLDY204.JPG,12
Q464036,The Monkees,group,1966,United States,The Monkees March 1967.jpg,46
Q136554184,The Monroe Brothers,group,,United States,,1
Q211965,The Moody Blues,group,1964,United Kingdom,The Moody Blues 923-9509.jpg,48
Q1969478,The Moonglows,group,1953,United States,The Moonglows 1956.jpg,12
Q7752222,The Mops,group,1966,Japan,,2
Q2936649,The Motions,group,1964,Netherlands,"Hartewens Festival in de badmintonhal met the Motions, 1966 (3).jpg",3
Q145515,The Mountain Goats,group,1991,United States,The Mountain Goats.jpg,15
Q3065138,The Mummies,group,1988,United States,,5
Q7753567,The New Deal,group,1998,Canada,The New Deal TATS Buffalo.jpg,1
Q900864,The Nice,group,1967,United Kingdom,Nice 1970.JPG,24
Q179157,The Notorious B.I.G.,person,1992,United States,,71
Q981180,The Number Twelve Looks Like You,group,2002,United States,The-Number-Twelve-Looks-Like-You-2017-08-16 21-40-2.jpg,7
Q1749011,The O'Jays,group,1958,United States,The O'Jays-photo-by-raymond-boyd.jpg,17
Q2008427,The Oak Ridge Boys,group,1947,United States,The Oak Ridge Boys by Gage Skidmore.jpg,8
Q957090,The Obsessed,group,1976,United States,Obsessed 7erClub Mannheim.JPG,9
Q1089581,The Oppressed,group,1981,United Kingdom,The Oppressed.jpg,10
Q924993,The Orb,group,1988,United Kingdom,OrbCopenhagen.jpg,23
Q1431711,The Orioles,group,1948,United States,,6
Q1543041,The Osmonds,group,1959,United States,The-Osmonds.jpg,24
Q7755692,The Outside Agency,group,1991,,,3
Q7755711,The Outsiders,group,,United Kingdom,,2
Q3522161,The Pale Fountains,group,1981,United Kingdom,,6
Q927618,The Paragons,group,1960,Jamaica,,11
Q3988639,The Partisans,group,1978,United Kingdom,,6
Q62278589,The Partridge Family,group,1970,United States,,1
Q30504,The Pastels,group,1982,Scotland,The Pastels.jpg,10
Q1580276,The Peanuts,group,1958,Japan,The Peanuts-crop-colorized.jpg,10
Q1114144,The Penguins,group,1953,United States,,14
Q2413447,The Phantom Surfers,group,1988,United States,,2
Q1856396,The Pharcyde,group,1989,United States,The Pharcyde in Dublin.jpg,16
Q1754873,The Pioneers,group,1962,Jamaica,,7
Q753905,The Platters,group,1952,United States,The Platters First Promo Photo crop.JPG,33
Q125157335,The Poets of Rhythm,group,,,,0
Q48304,The Pogues,group,1982,Ireland,Pogues Munich 2011.jpg,34
Q1779387,The Polecats,group,1977,United Kingdom,,5
Q178095,The Police,group,1977,United Kingdom,"The Police ""Reggatta de Blanc"" (1979 A&M publicity photo).jpg",64
Q1239214,The Postal Service,group,2001,United States,PostalService color300dpi by Brian Tamborello.jpg,23
Q667389,The Pretenders,group,1978,United Kingdom,Pretenders Dubai 200702.jpg,40
Q1364657,The Pretty Things,group,1963,United Kingdom,Pretty Things Photo Ph.BRIZARD.jpg,20
Q7256860,The Prodigy,group,1990,United Kingdom,Prodigy-rock-am-ring-2009.jpg,76
Q1649624,The Promise Ring,group,1995,United States,DaveyVonBohlen.jpg,7
Q1339157,The Prophet,person,1988,Kingdom of the Netherlands,Airbeat One 2015 The Prophet Dov J. Elkabas by Denis Apel-0905.jpg,10
Q7261422,The Purple Hearts,group,,Australia,,1
Q1426495,The Rapture,group,1998,United States,The rapture 2.jpg,17
Q1757318,The Rascals,group,1965,United States,The Rascals 1969.JPG,20
Q1570833,The Real McKenzies,group,1992,Canada,The Real McKenzies-1.jpg,17
Q28405869,The Reatards,group,,United States,,3
Q3110679,The Remains,group,1964,United States,The Remains 1966.jpg,10
Q947955,The Residents,group,1972,United States,Residents 2013.jpg,28
Q1273740,The Reverend Horton Heat,group,1985,United States,Reverend Horton Heat.JPG,10
Q610228,The Righteous Brothers,group,1962,United States,TheRighteousBrothersperformingKBF.jpg,33
Q16955510,The Rip Chords,group,1962,United States,,2
Q913590,The Rippingtons,group,1985,United States,Eric Marienthal & Russ Freeman.jpg,12
Q109678068,The Rita,person,,,,1
Q11036,The Rolling Stones,group,1962,United Kingdom,Rolling Stones bow post-show 22 May 2018 in London (41437870275).jpg,139
Q1052139,The Roots,group,1987,United States,The Roots 2007.jpg,27
Q7762693,The Screamers,group,1975,United States,The Screamers.jpg,5
Q1132434,The Searchers,group,1959,United Kingdom,Searches 1964.jpg,26
Q2142320,The Seeds,group,1965,United States,The Seeds 1966.jpg,11
Q7763250,The Seldom Scene,group,1971,United States,,3
Q1546385,The Selecter,group,1979,United Kingdom,The Selecter Berlin 1980.jpg,16
Q212168,The Shadows,group,1958,United Kingdom,"Cliff Richard aankomst met zijn Shadows, Bestanddeelnr 913-7397.jpg",39
Q587713,The Shamen,group,1985,United Kingdom,The Shamen (1990).jpg,16
Q1353426,The Shirelles,group,1958,United States,The Shirelles 1962.jpg,25
Q3482481,The Shop Assistants,group,1984,Edinburgh,,4
Q56305544,The Sickest Squad,group,,,,1
Q751814,The Sisters of Mercy,group,1980,United Kingdom,Sisters of Mercy - 2019213001206 2019-07-31 Wacken - 0165 - 5DSR2823.jpg,29
Q845449,The Skatalites,group,1964,Jamaica,Skatalites-njoki-horn section.jpg,20
Q184217,The Smashing Pumpkins,group,1988,United States,"Smashing Pumpkins den Atelier,Luxembourg.JPG",61
Q180598,The Smiths,group,1984,United Kingdom,The Smiths (1984 Sire publicity photo) 002.jpg,60
Q1331669,The Smoke,group,1966,United Kingdom,,8
Q2706252,The Soft Boys,group,1976,United Kingdom,"Robyn Hitchcock at Iron Horse in Northampton, MA in 2005.jpg",10
Q904921,The Sonics,group,1960,United States,Sonics.JPG,19
Q116306326,The Soul Brothers,group,1975,,,1
Q466840,The Soul Stirrers,group,1926,United States,,9
Q3066755,The Soup Dragons,group,1985,United Kingdom,,10
Q19057,The Specials,group,1977,United Kingdom,The Specials.JPG,32
Q1049145,The Spencer Davis Group,group,1963,United Kingdom,Spencer Davis Group 08072006 NSU 04.JPG,21
Q7765848,The Spiders,group,1961,Japan,The Spiders.jpg,4
Q2030958,The Spinners,group,1954,United States,The Spinners (1965).png,12
Q765177,The Standells,group,1962,United States,The Standells.png,12
Q656291,The Stanley Brothers,group,1946,United States,IHearMySaviorCalling.jpg,11
Q935884,The Staple Singers,group,1948,United States,Staple Singers on Soul Train.jpg,20
Q1959559,The Starting Line,group,1999,United States,Tslband.jpg,11
Q7766405,The Statesmen Quartet,group,1948,United States,,2
Q29606,The Stone Roses,group,1983,United Kingdom,Stone Roses-17-07-2012 Milan.JPG,42
Q208767,The Stooges,group,1967,United States,Iggy and The Stooges - 4572393187.jpg,47
Q493697,The String Cheese Incident,group,1993,United States,,6
Q211583,The Strokes,group,1998,United States,TheStrokes.jpg,56
Q676522,The Style Council,group,1983,United Kingdom,,16
Q2307426,The Stylistics,group,1968,United States,The Stylistics on Soul Train 1974.jpg,14
Q1413494,The Sugarhill Gang,group,1973,United States,The Sugarhill Gang (52790148289).jpg,25
Q2164974,The Suicide Machines,group,1991,United States,"Suicide Machines live in Fort Collins, 2005.jpg",10
Q2299850,The Sunshine Underground,group,2000,United Kingdom,TSU-Solidays07.jpg,10
Q218837,The Supremes,group,1959,United States,The Supremes 1966.JPG,53
Q2165679,The Surfaris,group,1962,United States,SurfarisByPhilKonstantinPublicDomain.jpg,14
Q487919,The Sweet,group,1968,United Kingdom,2023 Lieder am See - The Sweet - by 2eight - 9SC5529.jpg,32
Q1310839,The Swinging Blue Jeans,group,1962,United Kingdom,The Swinging Blue Jeans.png,23
Q2712705,The Tams,group,1960,United States,,4
Q1971690,The Teardrop Explodes,group,1978,United Kingdom,,15
Q3437104,The Techniques,group,1962,Jamaica,,6
Q1445090,The Teenagers,group,1955,United States,Frankie Lymon and the Teenagers.jpg,13
Q846373,The Temptations,group,1960,United States,The-Temptations (1964 publicity photo by Kriegsmann).jpg,38
Q285187,The Tempters,group,1966,Japan,,3
Q3523007,The Three O'Clock,group,1982,United States,,5
Q724783,The Tiger Lillies,group,1989,United Kingdom,Tigerlillies.jpg,13
Q7769269,The Tigers,group,1966,Japan,,5
Q1571747,The Time,group,1981,United States,Morris Day & The Time 2013.jpg,11
Q7769580,The Tony Williams Lifetime,group,1969,United States,,4
Q765861,The Tornados,group,1962,United Kingdom,,19
Q1263874,The Tossers,group,1993,United States,The Tossers Live.jpg,6
Q1685123,The Trammps,group,1972,United States,The trammps-1554472728.jpg,15
Q1536429,The Trashmen,group,1962,United States,The Trashmen band.jpg,18
Q943253,The Troggs,group,1964,United Kingdom,The Troggs (1966).png,27
Q627470,The Turtles,group,1965,United States,The Turtles.png,22
Q1501348,The Undertones,group,1974,Northern Ireland,Undertonesbarcelona2007.jpg,24
Q118804,The Undisputed Truth,group,,United States,,6
Q286596,The Upsetters,group,1968,Jamaica,,16
Q2253282,The Varukers,group,1979,United Kingdom,Varukers.jpg,9
Q1542725,The Vaselines,group,1986,United Kingdom,The Vaselines no Festival do Norte.jpg,16
Q103550,The Velvet Underground,group,1965,United States,Velvet Underground 1968 by Billy Name.png,74
Q770732,The Ventures,group,1958,United States,The Ventures.png,28
Q2414853,The Verlaines,group,1981,New Zealand,,4
Q488916,The Verve,group,1990,United Kingdom,Verve.JPG,42
Q289405,The Vines,group,1999,Australia,CraigNicholls Chicago04.jpg,23
Q7772770,The Vipers Skiffle Group,group,,United Kingdom,,1
Q933490,The Walkers,group,1976,Mexico,Loscaminantes.jpg,2
Q14159626,The War on Drugs,group,2005,United States,The War on Drugs 2014 Zurich 1.jpg,16
Q1422720,The Waterboys,group,1983,United Kingdom,The Waterboys in Antwerp 2003 5.jpg,23
Q4372,The Wedding Present,group,1985,United Kingdom,The Wedding Present-01.jpg,14
Q2121062,The Weeknd,person,2009,Canada,The Weeknd Portrait by Brian Ziff.jpg,73
Q268160,The White Stripes,group,1997,United States,Whitestripes.jpg,63
Q93346,The Who,group,1964,United Kingdom,Who - 1975.jpg,92
Q1409039,The Wiggles,group,1991,Australia,,23
Q12005972,The Winans,group,1980,United States,,2
Q500101,The Wonder Stuff,group,1986,United Kingdom,MilesHuntOfTheWonderStuff2008.jpg,8
Q335723,The Wurzels,group,1966,United Kingdom,Wurzels Wychwood 2011.jpg,8
Q2268060,The X-Ecutioners,group,1989,United States,Xmen-01.jpg,9
Q192725,The Yardbirds,group,1963,United Kingdom,Yardbirds2006 2.JPG,46
Q1163207,The Zombies,group,1961,United Kingdom,The Zombies.jpg,31
Q240457,Theatre of Tragedy,group,1993,Norway,Theatre of Tragedy.jpg,30
Q600184,Thee Headcoats,group,1989,United Kingdom,,4
Q109612,Thelonious Monk,person,1944,United States,"Thelonious Monk, Minton's Playhouse, New York, N.Y., ca. Sept. 1947 (William P. Gottlieb 06191).jpg",61
Q1338638,Them,group,1964,Northern Ireland,Them (band).png,26
Q3390466,Theoretical Girls,group,1977,United States,,4
Q781042,Thergothon,group,1989,Finland,,16
Q162247,Therion,group,1987,Sweden,Therion in Paris 2007 - full lineup.jpg,39
Q420880,They Might Be Giants,group,1982,United States,"They Might Be Giants in Asheville, 2025.jpg",30
Q546930,Thievery Corporation,group,1995,United States,Thievery Corporation.jpg,24
Q202314,Thin Lizzy,group,1969,Ireland,Thin Lizzy - TopPop 1974 1.png,44
Q2085247,Thinking Plague,group,1982,United States,Mike Johnson-2003.jpg,8
Q3524673,Thione Seck,person,1980,Senegal,Thione Seck 06N4816.jpg,7
Q426827,Third Day,group,1991,United States,Third Day in Concert02.JPG,18
Q1754136,This Mortal Coil,group,1983,United Kingdom,,17
Q3990545,This Town Needs Guns,group,2004,United Kingdom,TTNG.jpg,7
Q562158,Thomas A. Dorsey,person,1899,United States,,16
Q820968,Thomas Brinkmann,person,1959,Germany,Thomas Brinkmann (cropped 2).jpg,5
Q455618,Thomas Campion,person,1601,Kingdom of England,,30
Q27924886,Thomas Jack,person,1993,Australia,,5
Q2270225,Thomas Mapfumo,person,1961,Zimbabwe,ThomasMapfumo2011.jpg,11
Q438141,Thomas Morley,person,1559,Kingdom of England,,28
Q7793491,Thomas Rhett,person,2010,United States,Thomas Rhett 2013.jpg,20
Q207789,Thomas Tallis,person,1554,Kingdom of England,Thomas Tallis.jpg,46
Q553908,Thomas Weelkes,person,1576,United Kingdom,,21
Q1365889,Thongchai McIntyre,person,1985,Thailand,Bird Smile.jpg,39
Q129464,Thorleifs,group,1962,Sweden,,8
Q55635797,Those Poor Bastards,group,,United States,Those Poor Bastards Madison WI 2018.jpg,2
Q1027165,Three 6 Mafia,group,1991,United States,Three 6 Mafia.jpg,29
Q1165655,Throbbing Gristle,group,1975,United Kingdom,Throbbing Gristle-New York.jpg,29
Q1433169,Thursday,group,1997,United States,Thursday.jpg,19
Q2430218,Thy Art Is Murder,group,2006,Australia,Thy Art Is Murder Summerblast 2014 (16).JPG,17
Q3527978,Ti Frère,person,1900,Mauritius,,1
Q761119,Tiamat,group,1987,Sweden,Tiamat Rockharz Open Air 2014 20.JPG,30
Q662416,Tic Tac Toe,group,1995,Germany,Tictactoe-wien2006.jpg,12
Q124813072,Tidy Boys,group,1999,United Kingdom,,2
Q2044704,Tielman Brothers,group,1947,Netherlands,Tielman Brothers Majalah AKTUIL Edisi 11 Tahun 1968 (retouched).png,6
Q233886,Tiffany,person,1981,United States,Tiffany on stage 2003.jpg,31
Q725341,Tiga,person,2001,Canada,Tiga (3).jpg,19
Q2164080,Tiger Army,group,1996,United States,July Stuff 032.jpg,11
Q7801491,Tiger Trap,group,1992,United States,,2
Q563162,Tim Berne,person,1979,United States,Tim Berne Montreuil Les Instants Chavires 1995 03 08.jpg,10
Q356487,Tim McGraw,person,1990,United States,Tim McGraw October 24 2015.jpg,36
Q505384,Timbalada,group,1991,Brazil,"Timbalada, Bahia, 2008 (MG 3118).jpg",8
Q11897643,Times New Viking,group,2005,United States,Times New Viking (2008).jpg,5
Q7806850,Timmy Trumpet,person,2005,Australia,Timmy Trumpet @ Airbeat One 2017.png,20
Q262317,Tinariwen,group,1979,Kidal Region,Tinariwen-Bardentreffen 2010.jpg,32
Q107452045,Tinlicker,group,2012,Netherlands,,3
Q2514348,Titica,person,2011,Angola,Titica por Rachel Teixeira.jpg,11
Q6147534,Tito Francia,person,1926,Argentina,,3
Q1386740,Tito Nieves,person,1977,United States,Titonieves.jpg,10
Q1258044,Tito Paris,person,1982,Cape Verde,Tito Paris 2 (cropped).jpg,11
Q317122,Tito Puente,person,1923,United States,Tito Puentes.jpg,39
Q705847,Tito Rodríguez,person,1936,United States,,8
Q7810465,Tiwa Savage,person,1996,United Kingdom,Tiwa Savage's studio portrait.jpg,33
Q183508,Tiësto,person,1994,Kingdom of the Netherlands,Tiësto @ Airbeat One 2017.jpg,56
Q7670542,TKA,group,1984,United States,,3
Q7670560,TKZee,group,,,,1
Q742804,TLC,group,1991,United States,TLC 2016.jpg,41
Q7670867,TNGHT,group,2011,United Kingdom,TNGHT Mezzanine San Francisco 4-20-2013.jpg,1
Q11890,Tocotronic,group,1993,Germany,RaR 2013 Tocotronic 01.jpg,12
Q7812349,Todd Edwards,person,1992,United States,Toddedwardstogether2012 (cropped).jpg,8
Q364875,Todd Rundgren,person,1966,United States,ToddRundgren.png,27
Q16056085,Todd Terje,person,1999,Norway,,14
Q1253645,Todd Terry,person,1987,United States,"Todd Terry, 2012.png",12
Q108291862,Tokischa,person,2018,Dominican Republic,Tokischa en 2021 - 3.jpg,11
Q369724,Tom Lehrer,person,1945,United States,Portrait of Tom Lehrer in c. 1957.jpg,37
Q2117272,Tom Petty and the Heartbreakers,group,1976,United States,Tompetty indy.jpg,27
Q1345690,Tom Turpin,person,1871,United States,TomTurpin.png,10
Q1375576,Tom Zé,person,1936,Brazil,Tom Zé in São Paulo.jpg,14
Q11278859,Tomas Marin,person,1966,Spain,,2
Q50385238,Tomasa del Real,person,2015,Chile,Premios Pulsar 2019 33.jpg,5
Q729964,Tomatito,person,1958,Spain,Tomatito in 2016.jpg,18
Q2258587,Tommy Collins,person,1930,United States,Tommy Collins.png,5
Q313529,Tommy Dorsey,person,1920,United States,Tommy dorsey playing trombone.jpg,37
Q7819562,Tommy Jarrell,person,1901,United States,,3
Q7819686,Tommy McLain,person,1940,United States,Tommy McLain.png,4
Q3992914,Tommy Riccio,person,1965,Italy,,1
Q1335207,Tommy Roe,person,1959,United States,Tommy Roe.png,21
Q63699444,Tommy Wright III,person,1990,,Tommy Wright III at Broken Neck 2019.png,6
Q11373892,Tomoko Aran,person,1977,Japan,,5
Q24872872,Tomoyuki Hamada,person,2004,Japan,,5
Q2441201,Tompall Glaser,person,1950,United States,Tompall Glaser 1977.JPG,12
Q47502796,Tomppabeats,person,1997,Finland,Tomppabeats.jpg,1
Q215128,Tomás Luis de Victoria,person,1572,Spain,Tomás Luis de Victoria.jpg,61
Q1552233,Tone Lōc,person,1987,United States,"Houston Dash 90s Bash, 2023-10-08 (53256126868) (cropped).jpg",15
Q7821003,Tongai Moyo,person,1988,Zimbabwe,,4
Q1371393,Tony Allen,person,1968,France,Tony Allen mg 6469.jpg,24
Q296729,Tony Bennett,person,1945,United States,Tony Bennett National Italian American Gala.jpg,67
Q481477,Tony Conrad,person,1962,United States,Tony Conrad 3 - DMS35th.jpg,15
Q1322694,Tony De Vit,person,1976,United Kingdom,,3
Q3993250,Tony Humphries,person,1981,United States,Tony Humphries.jpg,5
Q983338,Tony Joe White,person,1968,United States,Tony Joe White with guitar.jpg,25
Q44078,Tony MacAlpine,person,1984,United States,20121021-212108-770 Portnoy-Sheehan-Sherinian-MacAlpine Boerderij Zoetermeer.jpg,21
Q3531839,Tony Muréna,person,1915,France,,5
Q1390373,Tony Rice,person,1970,United States,Tonyrice-fls.jpg,17
Q158223,Too Short,person,1983,United States,Tooshort (300dpi).jpg,24
Q184827,Tool,group,1990,United States,Tool live barcelona 2006.jpg,59
Q845465,Toots and the Maytals,group,1966,Jamaica,TootsMaytals2011.jpg,24
Q9360045,Top One,group,1986,Poland,Top One.JPG,2
Q193744,Tori Amos,person,1979,United States,Tori Amos Adelaide 2007.jpg,64
Q1590013,Toro y Moi,person,2008,United States,Toro y moi.jpg,15
Q1412030,Tortoise,group,1990,United States,TortoiseChicago2008.jpg,19
Q18353558,Tory Lanez,person,2009,Canada,Tory Lanez 2500x1669.jpg,25
Q7827686,Toshiki Kadomatsu,person,1981,Japan,Toshiki Kadomatsu (cropped).jpg,8
Q16733139,Toshimaru Nakamura,person,1966,Japan,Toshimaru Nakamura.jpg,5
Q3995971,Totalitär,group,1984,Sweden,,4
Q207472,Toto,group,1977,United States,TOTO live 2010 in Copenhagen in KB Hallen.JPG,53
Q7828521,Totó la Momposina,person,1964,Colombia,Toto la Momposina.jpg,14
Q380711,Toumani Diabaté,person,1987,Mali,Toumani Diabaté.jpg,31
Q2141857,Tourniquet,group,1989,United States,Ted Kirkpatrick of Tourniquet.jpg,8
Q1193049,Towa Tei,person,1989,South Korea,TeiTowaJI1.jpg,13
Q740729,Townes Van Zandt,person,1965,United States,Townes Van Zandt.jpg,19
Q1786798,Toxik,group,1985,United States,Toxik 20 (22318873528).jpg,10
Q749050,Toy-Box,group,1995,Denmark,Toybox-1575671161.jpg,18
Q749426,Trace,group,1974,Netherlands,Trace1974.jpg,7
Q187814,Tracy Chapman,person,1986,United States,Tracy Chapman 3.jpg,67
Q1360643,Trans-Siberian Orchestra,group,1993,United States,Trans-Siberian Orchestra 4.jpg,19
Q842642,Transglobal Underground,group,1990,United Kingdom,Transglobal Underground Athens 2007.jpg,10
Q160103,Travis,group,1990,United Kingdom,"Travis en la Riviera, Madrid, 2007 (cropped).jpg",43
Q13605596,Travis Scott,person,2008,United States,TravisScott-byPhilipRomano.jpg,58
Q3989691,Treacherous Three,group,1978,United States,,3
Q6978753,Trees,group,1969,United Kingdom,Trees band 1970.jpg,5
Q598585,Triana,group,1974,Spain,Triana - Billboard.jpg,12
Q820664,Triarii,group,2004,Germany,,8
Q7840359,Tribe 8,group,1991,United States,,3
Q2383421,Trichy Sankaran,person,1942,Canada,,5
Q919386,Trick Daddy,person,1993,United States,Trick Daddy.jpg,20
Q313627,Tricky,person,1985,United Kingdom,Tricky @ INmusic festival.jpg,33
Q20019100,Tricot,group,2010,Japan,,9
Q3998800,Trillville,group,1997,United States,Trillville.jpg,4
Q666495,Trilok Gurtu,person,1970,India,Trilok Gurtu WarszawaSep2007.jpg,18
Q1077637,Trio Matamoros,group,1925,Cuba,TrioMat72.jpg,8
Q12339779,Trio Mio,group,2004,Denmark,TRIO-MIO Peter-Rosendal Kristine-Heebøll Jens-Ulvsand 2020 SH.jpg,3
Q3998921,Trio Mocotó,group,1968,Brazil,Trio Mocotó.jpg,5
Q10384826,Trio Nordestino,group,,Brazil,Trio Nordestino.tif,1
Q15452907,Trip Lee,person,2005,United States,Trip Lee (2010).png,5
Q40890697,Trippie Redd,person,2012,United States,Trippie Redd 2023.png,28
Q2300231,Trisomie 21,group,1983,France,Trisomie 21.jpg,9
Q708501,Tristan Murail,person,1947,France,,15
Q390684,Trivium,group,1999,United States,Trivium - Wacken Open Air 2023 03.jpg,38
Q7845381,Trompies,group,,,,1
Q2062170,Trouble,group,1979,United States,Trouble - Jalometalli 2008 - 02.jpg,19
Q281888,Trouble Funk,group,1978,United States,,2
Q7489104,Truckfighters,group,2001,Sweden,Truckfighters - Wacken Open Air 2015 - 2015212151028 2015-07-31 Wacken - Sven - 5DS R - 0088 - 5DSR1540 mod.jpg,7
Q7847550,True West,group,1981,United States,,2
Q7849095,Tránsito Cocomarola,person,1918,Argentina,Tránsito Cocomarola - 1950.jpg,5
Q3171491,Tsvetelina Yaneva,person,2008,Bulgaria,,16
Q3510150,Tunde Nightingale,person,1922,Nigeria,,7
Q1079264,Tunng,group,2003,United Kingdom,Tunng performing at Bestival 2007.jpg,10
Q6107,Tupac Shakur,person,1989,United States,2pac edit cropped further.jpg,135
Q4000594,Turf Talk,person,1979,United States,Turf Talk 2006.jpg,4
Q3542298,Turgun Alimatov,person,1939,Uzbekistan,,5
Q7856100,Turnpike Troubadours,group,2007,United States,Turnpike Troubadours.jpg,4
Q192983,TVXQ,group,2003,South Korea,180320 동방신기 02.jpg,44
Q1781747,Twelfth Night,group,1978,United Kingdom,Twelfth Night at Loreley September 2010.jpg,6
Q7857806,Twenty One Pilots,group,2009,United States,Twentyone Pilots at Press conference of Soundbox in Bangkok.JPG,61
Q20645861,Twice,group,2015,South Korea,260618 TWICE.png,94
Q448638,Twista,person,1991,United States,Twista College of Charleston 2008.04.23.jpg,24
Q272239,Twisted Sister,group,1972,United States,Twisted Sister - Wacken Open Air 2016 01.jpg,39
Q1849210,Twiztid,group,1997,United States,"Twiztid in Chesterfield, MI on April 27th, 2013.JPG",15
Q7859785,Ty Dolla Sign,person,2004,United States,Ty Dolla Sign 2018.jpg,32
Q2044389,Tyagaraja,person,1767,,Tyagaraja (cropped).png,31
Q3608376,Tycho,person,2002,United States,Tycho 2012.jpg,19
Q7859802,Tye Tribbett,person,1976,United States,Tye Tribbett.jpg,5
Q1753013,Tygers of Pan Tang,group,1978,United Kingdom,Tygers of Pan Tang – Headbangers Open Air 2014 04.jpg,17
Q121820034,Tyler ICU,person,1989,South Africa,,2
Q167635,"Tyler, the Creator",person,2007,United States,"Tyler, The Creator (8048745695) (cropped).jpg",56
Q633405,Type O Negative,group,1989,United States,"Type O Negative in performance (Columbiahalle, Berlin - 15 June 2007).jpg",43
Q63067885,Tyrannosaurus Rex,group,1967,England,,0
Q1522392,Tyree Cooper,person,1986,Germany,,6
Q721043,Tyrone Davis,person,1968,United States,Tyrone Davis oct 1970.jpg,11
Q524495,Týr,group,1998,Faroe Islands,Tyr in Hamburg 0224.JPG,28
Q1356920,U-Roy,person,1961,Jamaica,URoy2021.png,13
Q2038634,U. Srinivas,person,1978,India,U. Srinivas 2009.jpg,20
Q396,U2,group,1976,Ireland,U2 on Joshua Tree Tour 2017 Brussels 8-1-17.jpg,115
Q62030625,Uada,group,2014,United States,,3
Q560153,UB40,group,1978,United Kingdom,UB40in2010.jpg,42
Q7876960,Uday Bhawalkar,person,1990,India,,1
Q155236,Udo Jürgens,person,1957,Switzerland,Udo Jürgens - Der Soloabend 2010 (10).jpg,55
Q1153351,UGK,group,1987,United States,"Bun B's show @ The Loft, Atlanta5.jpg",19
Q99674255,Uk Apache,person,,,,0
Q269614,Ulcerate,group,2000,New Zealand,Ulcerate 2014.jpg,11
Q156139,Uli Jon Roth,person,1968,Germany,Uli Jon Roth – Wacken Open Air 2015 02.jpg,28
Q23776017,Ulises Mauro Bueno,person,1985,Argentina,,3
Q1888098,Ultima Thule,group,1984,Sweden,,13
Q444309,Ultra Naté,person,1989,United States,Ultranate.JPG,18
Q22909533,Ultra-Sonic,group,1991,United Kingdom,,1
Q316485,Ultravox,group,1973,United Kingdom,Ultravox Duisburg 2009.jpg,34
Q780588,Ulver,group,1993,Norway,ULVER KRAKÓW.JPG,26
Q7881749,Umphrey's McGee,group,1997,United States,Umphreysmcgee.jpg,4
Q465220,Unanimated,group,1989,Sweden,,8
Q14197609,Uncle Acid & the Deadbeats,group,2009,United Kingdom,2016 RiP Uncle Acid and the Deadbeats - by 2eight - 8SC6811.jpg,13
Q2492614,Uncle Dave Macon,person,1952,United States,Uncle Dave Macon Billboard.jpg,8
Q1473092,Uncle Tupelo,group,1987,United States,Uncle Tupelo star.jpg,19
Q109406884,Uncle Waffles,person,2000,Eswatini,Uncle Waffles 01.jpg,9
Q1753317,Underground Resistance,group,1989,,,6
Q913673,Underoath,group,1997,United States,Underoath.jpg,27
Q849429,Underworld,group,1979,United Kingdom,Underworld (223233).jpg,32
Q1735960,Uneven Structure,group,2008,France,USBAND.jpg,8
Q2733408,Unida,group,1998,United States,Unida at Into The Void 2022.jpg,9
Q2908818,Union Jack,group,1993,United Kingdom,,3
Q10853874,Union Station,group,1987,United States,Alison Krauss 2011.jpg,3
Q104520548,Unique 3,group,1988,,,1
Q7771583,Units,group,1978,United States,Units play Windows 1979.jpg,2
Q2116423,Univers Zéro,group,1999,Belgium,UniversZero.jpg,13
Q782134,Unk,person,1998,United States,,12
Q60194717,Unknown T,person,2017,United Kingdom,,1
Q168290,Unsane,group,1988,United States,Unsane 2005 red.jpg,9
Q24548680,Upchurch,person,2014,United States,,5
Q7899283,Upsilon Acrux,group,1998,United States,,2
Q7899931,Urban Hype,group,1988,United Kingdom,,1
Q1755857,Us3,group,1991,United Kingdom,US3 Bydgoszcz 2011.jpg,14
Q165911,Usher,person,1993,United States,Usher Milan 2026.jpg,81
Q7902265,Usurp Synapse,group,1998,United States,,3
Q2036827,Utah Saints,group,1991,United Kingdom,,11
Q60659,Ute Lemper,person,1987,Germany,Ute Lemper.jpg,33
Q2505257,V. Selvaganesh,person,1966,India,V Selvaganesh Munich 2001.JPG,6
Q4226573,Vadim Kozin,person,1903,Soviet Union,Vadim Kozin.jpg,6
Q935982,Vagif Mustafazadeh,person,1958,Soviet Union,Vaqif Mustafazadə.jpg,23
Q1929085,Valdir Azevedo,person,1923,Brazil,Waldir Azevedo.jpg,11
Q5068769,valentin,person,1987,Mexico,Chalino Sánchez.png,10
Q963396,Valentín Elizalde,person,1998,Mexico,Valentín Elizalde in 2006.jpg,33
Q32927,Valery Leontiev,person,1972,Soviet Union,Valery Leontiev at Laima Rendez Vous Jurmala 2017 (2) (cropped).jpg,129
Q190155,Van Halen,group,1972,United States,VanHalenwithHagar.jpg,61
Q153172,Vangelis,person,1963,Greece,"Vangelis, 26 July 2012.jpg",76
Q313578,Vanilla Ice,person,1985,United States,Vanilla Ice 2010 (cropped).jpg,42
Q2992193,Vanity 6,group,1981,United States,,6
Q7916376,Vasantrao Deshpande,person,1928,Dominion of India,Vasantrao Deshpande.jpg,8
Q297486,Vashti Bunyan,person,1965,United Kingdom,Vashti Bunyan at Summer Sundae 2006.JPG,20
Q1500297,Vasilis Tsitsanis,person,1915,Greece,,14
Q124408930,Veeze,person,1995,United States,Veeze Detroit (2023).jpg,4
Q1573029,Veil of Maya,group,2004,United States,VEIL OF MAYA in concert.JPG,14
Q2512236,Vektor,group,2002,United States,Vektor Moscow 2.jpg,12
Q16235124,Vektroid,person,2005,United States,,8
Q3555368,Veloso Salgado,person,1949,Portugal,Auto-retrato (1931) - Veloso Salgado.png,10
Q375950,Velvet Acid Christ,group,1990,United States,Infest 2016 Bands 27-Aug 2016 Velvet Acid Christ (29246330461).jpg,9
Q60169920,Veneno,group,,,,6
Q120204,Venetian Snares,person,1992,Canada,Aaron Funk.jpg,22
Q936010,Vengaboys,group,1997,Netherlands,Vengaboys Gouden Pijl 2013 02.jpg,35
Q192861,Venom,group,1979,United Kingdom,Venom at Party.San Metal Open Air 2013.jpg,51
Q2372239,Venâncio Mbande,person,1933,Mozambique,,2
Q2813687,Vernian Process,group,2003,United States,,1
Q769325,Versailles,group,2007,Japan,Versailles 001.jpg,21
Q2063684,Vesta Tilley,person,1864,United Kingdom,Vesta Tilley (cropped).jpg,13
Q1692558,Vetiver,group,2002,United States,Andy Cabic.jpg,8
Q19744918,Via Vallen,person,2006,Indonesia,Via Vallen ICA 2018.png,11
Q2905142,Vibe Tribe,group,2002,Israel,,2
Q914209,Vibrasphere,group,1998,Sweden,Vibrasphere.jpg,6
Q2001096,Vice Squad,group,1978,United Kingdom,Vice Squad - 20051002.jpg,13
Q505159,Vicente Amigo,person,1988,Spain,Alimentáis nuestra vida - VICENTE AMIGO.png,20
Q2067516,Vicente Feliú,person,1947,Cuba,Vicente Feliu 2015.jpg,8
Q119069,Vicente Fernández,person,1940,Mexico,Vicente Fernández - Pepsi Center - 06.11.11.jpg,34
Q386747,Vicious Rumors,group,1979,United States,ALIM0963.JPG,11
Q7926207,Victor Olaiya,person,1930,Nigeria,,10
Q6161554,Victoria Santa Cruz,person,1922,Peru,Victoria Santa Cruz (compositora peruana).jpg,14
Q543443,Victoria Spivey,person,1906,United States,VictoriaSpivey1929.png,17
Q2385299,Vidna Obmana,person,1984,Belgium,"Fear Falls Burning, Epiphone Les Paul.jpg",7
Q517506,Vieux Farka Touré,person,2006,Mali,Vieux Farka Touré.jpg,11
Q2916422,Viguen,person,1951,Iran,Vigen.jpg,18
Q644865,Vikingarna,group,1958,Sweden,Christer Sjögren.jpg,10
Q1395417,Vilayat Khan,person,1939,Dominion of India,Vilayat Khan 2014 stampsheet of India cr.jpg,19
Q722960,Vildhjarta,group,2005,Sweden,Vildhjarta Euroblast 2014 10.jpg,10
Q219874,Village People,group,1977,United States,VillagePeople1978.jpg,47
Q6164438,Vina Panduwinata,person,1978,Indonesia,,9
Q34398202,Vini Vici,group,2013,Israel,,9
Q252200,Vinnie Moore,person,1986,United States,"2007-10-23 UFO, Kantine, Koeln, Vinnie Moore, IMG 7511.jpg",22
Q27306126,Vintage Culture,person,2011,Brazil,,8
Q10715833,Vinterland,group,1992,Sweden,,4
Q480084,Vinterriket,group,1996,Germany,,7
Q333856,Vinícius de Moraes,person,1955,Brazil,Vinicius.jpg,46
Q1134615,Violent Femmes,group,1980,United States,Violent Femmes 8221.jpg,25
Q230499,Violeta Parra,person,1939,Chile,Parra01f.PNG,49
Q1569811,Visage,group,1978,United Kingdom,"Steve Strange, lead singer of English New Wave group ""Visage"".jpg",20
Q455732,Vitalic,person,1996,France,Vitalic.jpg,20
Q105467202,Vitor Fernandes,person,1996,Brazil,,1
Q3561554,Vivian Girls,group,2007,United States,The Vivian Girls at the Ruby Lounge.jpg,9
Q16941093,Viviane Batidão,person,1984,Brazil,VivianeBatidão21.png,3
Q1396717,Viviane Chidid,person,1973,Senegal,"Viviane Chidid, 2013 (cropped).jpg",12
Q1322803,Vladimir Ussachevsky,person,1911,United States,,12
Q512,Vladimir Vysotsky,person,1959,Soviet Union,Владимир Высоцкий - портрет (cropped).jpg,117
Q779451,Vladislav Delay,person,1997,Finland,Vladislavdelay.jpg,9
Q727124,VNV Nation,group,1990,United Kingdom,VNV Nation Argentina.jpg,25
Q845926,Voivod,group,1982,Canada,W0937-Hellfest2013 Voivod 70864 (cropped).JPG,26
Q105525534,Voodoo Church,group,,,,1
Q604695,Voodoo Glow Skulls,group,1988,United States,Voodoo Glow Skulls.jpg,13
Q1640550,Vreid,group,2004,Norway,Vreid 2026 01.jpg,14
Q7907572,VST & Co.,group,1976,Philippines,,1
Q1357035,Vybz Kartel,person,2000,Jamaica,Vybz Kartel at Freedom Street concert.jpg,20
Q1891477,W&W,group,2007,Netherlands,W&W @ Airbeat One 2016.jpg,19
Q10838330,Wabi Daněk,person,1947,Czech Republic,Wabi Daněk.JPG,4
Q4115951,Wadie Elsafi,person,1938,Lebanon,Wadih El Safi.jpg,22
Q571125,Waka Flocka Flame,person,2008,United States,Waka Flocka 2016.png,24
Q3565258,Waking the Cadaver,group,2006,United States,,6
Q7129012,Waldick Soriano,person,1959,Brazil,Waldick Soriano (1975-1978).jpg,8
Q2273534,Waldjinah,person,1958,Indonesia,Waldjinah met Orkes Keroncong Bintang Surakarta Tong Tong Fair2.jpg,8
Q53835066,Wally Bastiansz,person,1914,,,1
Q96945267,Wally Seck,person,2009,Senegal,Wallybseck.jpg,1
Q7965248,Walter Jagiello,person,1930,United States,,2
Q2545712,Walter Olmos,person,1982,Argentina,,5
Q44385,Walther von der Vogelweide,person,1170,Holy Roman Empire,Codex Manesse Walther von der Vogelweide.jpg,62
Q235223,Wanda Jackson,person,1954,United States,Wandajackson-facingcamera-march1970.jpg,31
Q7967244,Wanderléa,person,1963,Brazil,By Carlos Barretta stk 001955 (11015803036).jpg,8
Q3486426,Wando,person,1969,Brazil,Wando FUI.JPG,8
Q251068,Wang Leehom,person,1995,Taiwan,Wang Lee Hom MTV Asia Awards 2006.jpg,34
Q2661106,War of Ages,group,2002,United States,War of Ages - Love Letter Kill Shot Tour 2020 (cropped).jpg,8
Q2120164,Wardruna,group,2003,Norway,Wardruna @ Roadburn 2015 03.jpg,34
Q140393557,Warface,person,,,,0
Q21077,Warner Music Group,group,1958,New York City,,49
Q1631685,Warrant,group,1984,United States,,20
Q319585,Warren G,person,1990,United States,Warren G and Kurupt (cropped).jpg,29
Q7970504,Warren Storm,person,1956,United States,,5
Q328968,Washboard Sam,person,1910,United States,,7
Q1627479,Washed Out,person,2009,United States,Washed Out.jpg,18
Q7973034,Watazumi Doso,person,1910,Japan,,4
Q91178,Watchtower,group,1983,United States,,14
Q30132659,Wave Racer,person,2013,Australia,Wave Racer Press Shot 2021.jpg,2
Q1406448,Wavves,group,2008,United States,Wavves.jpg,17
Q1431341,Way Out West,group,1994,United Kingdom,,6
Q1394264,Waylander,group,1993,Northern Ireland,Waylander Dark Troll 2019 26.jpg,11
Q251287,Waylon Jennings,person,1958,United States,Waylon Jennings in 1976.jpg,42
Q317161,Wayne Shorter,person,1958,United States,Weather Report (Wayne Shorter).jpg,45
Q7976922,Wazimbo,person,1948,Mozambique,,4
Q1120697,Weather Report,group,1970,United States,Weather Report 19810611 shinjuku fn23.jpg,29
Q1347695,Webb Pierce,person,1952,United States,Webb Pierce.jpg,14
Q3709624,Webert Sicot,person,1930,Haiti,,5
Q538634,Wednesday 13,person,1992,United States,Wednesday 13 (6406508153).jpg,19
Q7979339,Weedeater,group,1997,United States,Weedeater live at thefunhouse 2008.jpg,6
Q9371848,Weekend,group,2000,Poland,,6
Q2117518,Ween,group,1984,United States,Ween in Edmonton Alberta.jpg,27
Q209956,Weezer,group,1992,United States,Weezer Bethlehem 2019 1.jpg,53
Q110388398,Wegz,person,1998,Egypt,Wegz 2023.jpg,8
Q2555179,Weidorje,group,1976,France,,5
Q279778,Wendo Kolosoy,person,1943,Democratic Republic of the Congo,,8
Q27733794,Westside Gunn,person,2012,United States,Westside Gunn.png,11
Q1131337,While Heaven Wept,group,1989,United States,,6
Q1240650,Whiskeytown,group,1994,United States,RyanAdams06.jpg,7
Q10719888,White Ring,group,2009,United States,,3
Q740623,White Zombie,group,1985,United States,,23
Q1138974,Whitechapel,group,2006,United States,Whitechapel (c)abbilondon.jpg,22
Q734907,Whitehouse,group,1980,United Kingdom,Whitehouse live 2006.jpg,11
Q34389,Whitney Houston,person,1976,United States,Whitney Houston (cropped3).JPEG,136
Q71787,Widespread Panic,group,1986,United States,Widespread Panic Red Rocks Amphitheatre 6-24-2010.jpg,8
Q637771,Wilco,group,1993,United States,Wilco MassMoca AustinNelson.jpg,32
Q1395589,Wildstylez,person,2007,Kingdom of the Netherlands,Airbeat One 2015 Wildstylez Joram Metekohy by Denis Apel-1064.jpg,12
Q936479,Wiley,person,1994,United Kingdom,Rapper Wiley.jpg,18
Q124670,Wilf Carter,person,1904,Canada,,9
Q973166,Wilfrido Vargas,person,1972,Dominican Republic,Wilfrido Vargas3.jpg,11
Q15139979,Wilkinson,person,2010,United Kingdom,,8
Q16325425,Will Sparks,person,2012,Australia,Will Sparks @ Airbeat One 2018.jpg,4
Q4459467,Willi Tokarev,person,1934,Soviet Union,Villi Tokarev 2012.jpg,12
Q505747,William Basinski,person,1978,United States,William Basinski (cropped).jpg,13
Q208375,William Byrd,person,1543,United Kingdom,William Byrd.jpg,48
Q8008040,William Duckworth,person,1943,United States,,4
Q2484851,William L. Dawson,person,1899,United States,,6
Q8016354,William Onyeabor,person,1977,Nigeria,,12
Q16218886,William Tyler,person,1998,United States,WilliamTyler.jpg,3
Q1773956,"Willie ""The Lion"" Smith",person,1897,United States,Willie Smith (Gottlieb 07921).jpg,11
Q1388336,Willie Colón,person,1950,United States,Willie Colon 2017 (cropped).jpg,25
Q204092,Willie Dixon,person,1939,United States,Willie Dixon.jpg,34
Q206112,Willie Nelson,person,1956,United States,Willie UK2K7 2.JPG,66
Q321160,Willy Alberti,person,1945,Kingdom of the Netherlands,Willy Alberti 1.png,10
Q312270,Wilson Pickett,person,1955,United States,Wilson Pickett 1970s press photo.jpg,40
Q1398096,Wimme Saari,person,1959,Finland,Wimme Saari-2.jpg,12
Q928093,Windir,group,1994,Norway,Vreid Paris 21207 03.jpg,25
Q8024793,Windward Caribbean Kulture,group,1988,Dominica,,1
Q522849,Winger,group,1987,United States,Winger 2007.jpg,23
Q622988,Wings,group,1971,United Kingdom,Paul McCartney with Linda McCartney - Wings - 1976.jpg,40
Q8026083,Winston Fitzgerald,person,1914,Canada,,1
Q1527319,Winston Mankunku Ngozi,person,1943,South Africa,,8
Q3569409,Winterkälte,group,,Germany,,3
Q1135620,Wire,group,1976,United Kingdom,Wire sept 2013.jpg,27
Q910354,Wisin & Yandel,group,1998,Puerto Rico,Wisin & Yandel.jpg,28
Q18395212,Witch,group,1973,Zambia,Witch - WOMAD UK 2024 (53896766457).jpg,5
Q1814408,Witchfinder General,group,1979,United Kingdom,,16
Q57138,Within Temptation,group,1996,Netherlands,Bevrijdingsfestival 2008 - Within Tempation 02 cropped.jpg,56
Q156472,Witold Lutosławski,person,1913,Poland,Lutoslawski2.jpg,48
Q715624,Witold Szalonek,person,1927,Poland,Witold Szalonek.jpg,12
Q24928699,Wiwek,person,2011,,Wiwek.jpg,4
Q117139,Wiz Khalifa,person,2005,United States,Wiz Khalifa 2023.jpg,70
Q16233663,Wizkid,person,2001,Nigeria,"Wizkid at Iyanya's album launch concert, 2013 (cropped).jpg",35
Q67025,Woldemar Bargiel,person,1828,German Reich,Woldemar Bargiel als Berliner Professor im Jahr 1885.jpg,15
Q323063,Wolf Biermann,person,1960,Germany,Wolf Biermann Lauter Lyrik.jpg,38
Q1365306,Wolfbrigade,group,1995,Sweden,Wolfbrigade Party.San Metal Open Air 2016 04.jpg,10
Q254,Wolfgang Amadeus Mozart,person,1761,Holy Roman Empire,Wolfgang-amadeus-mozart 1.jpg,274
Q49010,Wolfgang Gartner,person,1982,United States,Spring Awakening Music Festival 6 15 2013 (9120517429) (cropped).jpg,16
Q763887,Wolves in the Throne Room,group,2004,United States,Wolves In The Throne Room With Full Force 2018 27.jpg,15
Q4061,Woody Guthrie,person,1930,United States,Woody Guthrie.jpg,64
Q349357,Woody Herman,person,1913,United States,Woody Herman.jpg,33
Q16199899,Wookie,person,1991,United Kingdom,,6
Q1701447,World Class Wreckin' Cru,group,1984,United States,,15
Q137341773,Worship,group,,,,1
Q665143,Wovenhand,group,2001,United States,David Eugene Edwards live 20040525.jpg,14
Q943592,Wreckx-n-Effect,group,1988,United States,,6
Q436236,Wu Man,person,1963,People's Republic of China,"Wu Man (China) - WOMEX 15, 2015.10.24 (1).JPG",9
Q710402,Wu Yingyin,person,1945,People's Republic of China,Yingyin Wu 1940.jpg,13
Q52463,Wu-Tang Clan,group,1992,United States,Wu Tang Clan on Stage.jpg,54
Q200717,Wynn Stewart,person,1954,United States,Wynn Stewart.png,11
Q326649,Wynonie Harris,person,1935,United States,Wynonie Harris publicity photo.jpg,13
Q273076,Wynton Marsalis,person,1980,United States,Wynton Marsalis free.jpg,47
Q179767,X Japan,group,1982,Japan,X Japan 2014.jpg,51
Q3091084,Xabier Lete,person,1944,Spain,Xabi Lete 1971 txiki.jpg,9
Q327072,Xandria,group,1999,Germany,Xandria Wave-Gotik-Treffen 2017 17.jpg,27
Q1348912,Xasthur,group,1995,United States,,20
Q122731572,Xaviersobased,person,2003,United States,Xaviersobased performing live.jpg,9
Q2236728,Xenomorph,group,1994,Netherlands,,4
Q644458,Xmal Deutschland,group,1980,West Germany,,13
Q12712669,XPDC,group,1987,Malaysia,,2
Q89689870,XS Project,group,,Russia,,2
Q3571048,Xscape,group,1990,United States,,5
Q1413926,XTC,group,1972,United Kingdom,XTC bandphoto.jpg,20
Q28561969,XXXTentacion,person,2013,United States,Xxxtentacion (cropped).jpg,68
Q543604,Xysma,group,1988,Finland,,5
Q2747854,Yaakov Shwekey,person,2001,United States,Shwekey in Lod 2021 - L'Chaim (cropped).jpg,7
Q10678,Yann-Fañch Kemener,person,1957,France,Festival de Cornouaille 2017 - Ossian - 04.jpg,14
Q234716,Yanni,person,1990,Greece,YanniPressPhoto.jpg,50
Q3574246,Yannis Spanos,person,1960,Greece,Yannis Spanos Syra 2017.jpg,7
Q1189731,Yao Lee,person,1922,People's Republic of China,Yao Lee.jpg,16
Q8049252,Yarbrough and Peoples,group,1980,United States,,6
Q137804,Yat-Kha,group,1991,Russia,2005-10-13 Yat-Kha Live in Frankfurt.jpg,14
Q4022598,Yatsuhashi Kengyo,person,1614,Japan,,7
Q60827,Yawning Man,group,1986,United States,Yawning Man 2019.jpg,10
Q641858,Yeah Yeah Yeahs,group,2000,United States,Yeah Yeah Yeahs.jpg,42
Q8050892,Year of No Light,group,2001,France,Droneberg Berlin Year of No Light Apr 16 2015 110.jpg,6
Q108761978,Yeat,person,2015,United States,Yeat.png,38
Q15613707,Yellow Claw,group,2010,Netherlands,Yellow Claw 2015.jpg,17
Q854590,Yellow Magic Orchestra,group,1978,Japan,Yellow Magic Orchestra in 2008.jpg,32
Q711228,Yellowman,person,1974,Jamaica,"Yellowman backed by Sagittarius Band, Bersenbrueck 2007 -1 (cropped).jpg",18
Q265454,yelworC,group,1987,Germany,,3
Q935401,Yerba Brava,group,1997,Argentina,,3
Q184386,Yes,group,1968,United Kingdom,Yes concert.jpg,63
Q3076050,YG,person,2008,United States,Rapper YG 2015.jpg,27
Q942668,Ying Yang Twins,group,1997,United States,Ying Yang Twins Afghanistan 1.jpg,15
Q239030,Yma Sumac,person,1938,Peru,Yma Sumac in Italy.jpg,46
Q1150056,YMCK,group,2003,Japan,YMCK live.jpg,8
Q192260,Yngwie Malmsteen,person,1978,Sweden,Yngwie Malmsteen 1.jpg,48
Q221021,Yo La Tengo,group,1984,United States,Yo La Tengo.jpg,23
Q95688943,Yoasobi,group,2019,Japan,Yoasobi.jpg,28
Q13019128,Yodrak Salakjai,person,1971,Thailand,,34
Q48778115,Yodé & Siro,group,1996,Ivory Coast,Yodé & Siro.jpg,1
Q30937500,Yogee New Waves,group,2013,Japan,,1
Q709234,Yoji,person,1990,Japan,DJ YOJI.jpg,12
Q270869,Yolanda Adams,person,1987,United States,YolandaAdamsHOTSPOTATL.png,28
Q8054914,Yonder Mountain String Band,group,1998,United States,,2
Q30694556,Yoruba Andabo,group,1981,Cuba,,1
Q55525789,Yorushika,group,2017,Japan,,14
Q603171,Yoshida Brothers,group,1999,Japan,"Yoshida Brothers at Webster Hall, in November 2012 (by May S. Young).jpg",18
Q253862,Yoshiko Yamaguchi,person,1938,Japan,Li Xianglan.jpg,30
Q1708769,Yossele Rosenblatt,person,1886,United States,Yossele Rosenblatt in 1918 facing right.jpg,16
Q23664961,Yotto,person,2014,Finland,Yotto-studio-1 (4).jpg,3
Q8058534,Young and in the Way,group,2009,United States,,3
Q109981068,Young Stunna,person,1997,South Africa,,4
Q2630403,YoungBloodZ,group,1997,United States,Youngbloodz-June9 2007.JPEG,11
Q210734,Youssou N’Dour,person,1971,Senegal,YoussouNdour20090913.jpg,58
Q8046034,YTCracker,person,1997,United States,YTCracker Performing Live.jpg,2
Q750943,Yuliy Kim,person,1960,Soviet Union,Yuly Kim.jpg,17
Q267471,Yumi Matsutoya,person,1968,Japan,Yumi Matsutoya and Keiko Nagaoka 20221104.jpg,18
Q64853384,Yung Bae,person,2014,United States,Yung Bae dehors le Belmont.png,6
Q169034,Yung Joc,person,2003,United States,"Yung Joc, 2009.jpg",15
Q15281410,Yung Lean,person,2012,Sweden,"Yung Lean, Clout Festival 2024 03 (cropped).jpg",32
Q3553518,Yuri da Cunha,person,1970,Angola,,4
Q582152,Yuri Vizbor,person,1934,Soviet Union,,20
Q539832,Yusef Lateef,person,1955,United States,Yusef Lateef.jpg,30
Q6899403,Yusuf ʻOmar,person,1918,Iraq,,1
Q456538,Yvette Horner,person,1940,France,"Tour de France , Mette Horner, Bestanddeelnr 911-3760.jpg",15
Q539193,Yvonne Chaka Chaka,person,1965,South Africa,Yvonne Ntombizodwa Chaka Chaka - World Economic Forum Annual Meeting 2012.jpg,25
Q42300439,Yxng Bane,person,2016,United Kingdom,,3
Q3113502,Yūzō Kayama,person,1961,Japan,Naoaki Ikehata cropped 2 Naoaki Ikehata 20211103.jpg,14
Q135794,Z-Ro,person,1994,United States,Z-Ro cropped.jpg,16
Q135815,Z. Z. Hill,person,1984,United States,,8
Q144347,Zaim Imamović,person,1945,Bosnia and Herzegovina,,10
Q144371,Zain Bhikha,person,1990,South Africa,Zain Bhikha.jpg,14
Q144719,Zakir Hussain,person,1963,India,Ustad Zakir Hussain 1.jpg,45
Q2364614,Zangeres Zonder Naam,person,1957,Kingdom of the Netherlands,"Zangeres zonder Naam (Mary Servaes), Bestanddeelnr 934-1074.jpg",8
Q147129,Zao,group,1993,United States,Zao US band.jpg,9
Q644975,Zapp,group,1977,United States,,13
Q1411146,Zaïko Langa Langa,group,1969,Democratic Republic of the Congo,Zaïko Langa Langa live à La Madeleine 2024.jpg,8
Q169565,Zeca Pagodinho,person,1983,Brazil,Zeca Pagodinho.jpg,39
Q21088,Zedd,person,2002,Germany,Zedd at Veld 2017 (cropped).jpg,47
Q6470729,Zehra Deović,person,1960,Bosnia and Herzegovina,,5
Q191319,Zenzile,group,,France,Zenzile.jpg,2
Q2263974,Zez Confrey,person,1895,United States,ZezConfreySeatedWithVictorPhonograph.jpg,14
Q1207860,Zhou Xuan,person,1932,Republic of China,ZhouXun6.jpg,36
Q8071293,Zia Mohiuddin Dagar,person,1929,Dominion of India,,7
Q8072106,Zimbo Trio,group,1964,Brazil,Amilton Godoy - Zimbo Trio (2457862164).jpg,6
Q1267054,Ziryab,person,777,al-Andalus,,35
Q2601978,Ziskakan,group,1979,France,Gilbert-Pounia-1-2512.JPG,3
Q218149,Zodiac Mindwarp and the Love Reaction,group,1986,United Kingdom,Zodiac Lamour.jpg,6
Q258991,Zohar Argov,person,1977,Israel,Zohar Argov.png,13
Q892409,Zola,person,2000,South Africa,,13
Q153008,Zoltán Kodály,person,1882,Hungary,"Zoltán Kodály (1928, Pál M. Vajda).jpg",52
Q14546605,Zomboy,person,2010,United Kingdom,,13
Q227046,Zouk Machine,group,1986,France,,6
Q8074653,Zounds,group,1977,United Kingdom,,3
Q8075741,Zydeco Force,group,1988,United States,,1
Q245494,Zyklon,group,1998,Norway,Metalmania 2007 - Zyklon 10.jpg,18
Q136591,ZZ Top,group,1969,United States,"ZZ Top performing in San Antonio, Texas 2015.jpg",57
Q2756134,Zé Ramalho,person,1975,Brazil,Zé Ramalho (2446166084).jpg,10
Q105461805,Zé Vaqueiro,person,1999,Brazil,Zé Vaqueiro 2020.jpg,4
Q248059,Zülfü Livaneli,person,1946,Turkey,Zülfü Livaneli 2018 (cropped).jpg,30
Q432069,Ángel Parra,person,1943,France,"Parra, Angel -FILSA 2015 11 01 fRF04.jpg",18
Q252734,Âşık Veysel,person,1899,Turkey,Asik Veysel.jpg,24
Q3577322,É o Tchan!,group,1992,Brazil,É o Tchan 2011 (edit).jpg,5
Q1631,Édith Piaf,person,1935,France,Piaf Harcourt 1946 2.jpg,146
Q274082,Éliane Radigue,person,1932,France,Éliane Radigue and Cat.jpg,19
Q3588776,Émile Vacher,person,1883,France,,5
Q286616,Émile Waldteufel,person,1899,France,Waldteufel.jpg,30
Q290167,Étienne de Crécy,person,1992,France,Étienne de Crécy @ Scopitone 2008.jpg,11
Q292853,Ñico Lora,person,1881,Dominican Republic,,4
Q292863,Ñico Saquito,person,1917,Cuba,Ñico Saquito 294A5382 Gedenktafel.jpg,11
Q292972,Ólafur Arnalds,person,2000,Iceland,Olafur Arnalds.jpg,29
Q6174732,Óscar Avilés,person,1924,Peru,,10
Q4052305,Überzone,person,1995,United States,,2
Q5211857,Đàm Vĩnh Hưng,person,1996,Vietnam,Đàm Vĩnh Hưng 2026.png,9
Q1036918,هشام عباس,person,1977,Egypt,Hisham Abbas 2008-07-15 Cairo.jpg,20
Q28843403,２８１４,group,2014,United Kingdom,,5
