wikidata_id,artist,song_title,deezer_track,youtube,match,youtube_channel
Q371,!!!,,,,,
Q8349,"""Weird Al"" Yankovic","Amish Paradise (Parody of ""Gangsta's Paradise"" by Coolio)",7266615,aknI9s01NV0,wikidata,alyankovic
Q30196568,$uicideboy$,"...And to Those I Love, Thanks for Sticking Around",1213765252,dq_SDNtWHDY,wikidata,$uicideboy$
Q67556784,100 gecs,Dumbest Girl Alive,2159623877,oXrbMDww9ss,wikidata,100 gecs
Q169145,10cc,I'm Not In Love,1581601,STugQ0X1NoI,wikidata,10ccVEVO
Q197230,16 Horsepower,For Heaven's Sake,7376377,gSaQ3Zk3HZs,wikidata,thecrowkingdom
Q905073,175R,,,,,
Q51120186,1788-L,Automaton,1287189882,BJTmL3VpWxQ,name,1788-L
Q2810568,187 Lockdown,Kung-Fu,387421961,rkDNjOhfAU0,name,firstprizeblueribbon
Q222856,2 Live Crew,Me So Horny,143736452,,wikidata,
Q222900,2 Unlimited,No Limit,134706074,7kmEEkECFQw,wikidata,2 Unlimited Official
Q25095399,21 Savage,redrum,2614584352,U4mADkt6o-M,wikidata,21 Savage
Q85014708,22Gz,Twirlanta,1272458542,63FjrdZZfp4,name,22Gz
Q924413,24-7 Spyz,Break the Chains,6615705,nbpMqDqBHr0,wikidata,ValiumandCheesecake
Q222021,2Baba,Opo,886916092,3Rtb7_hzRPM,name-ambiguous,Official2Baba
Q222918,2nd Chapter of Acts,Which Way the Wind Blows,134492244,MlsVkuZYYmQ,name,𝐋𝐔𝐌𝐄𝐍 𝐑𝐄𝐆𝐍𝐈 
Q175097,3 Doors Down,Kryptonite,2511224,xPU8OAjjS4k,wikidata,3doorsdown
Q1970451,3 Steps Ahead,Drop It,2113397177,C4DCSEa1kc4,name,Gabber Dolls
Q224565,311,Amber,13176040,SUFSB2plwzM,wikidata,311
Q4636221,3Ball MTY,Inténtalo,4234110272,LRYNWfJzfVE,name,3BallMTY
Q229496,3OH!3,RICHMAN,903266,WWXL-gla_yA,wikidata,3OH!3
Q95694810,42 Dugg,4 Da Gang,1378240212,x6LBEoIF1mk,wikidata,42 dugg Music
Q2262336,45 Grave,Evil,3879339,j8El0YqYUxU,name,Atomic Video Jukebox
Q238051,49ers,Touch Me,973723182,IqMWdIDw36w,wikidata,zyxdance
Q924606,4hero,Conceptions,2133823987,YoVQqkz3rDw,wikidata,dj cubical
Q6060,50 Cent,Ayo Technology,145429556,5RDSkR8_AQ0,wikidata,50 Cent
Q27886640,6lack,All That Matters,4024427971,0RMKRA7tIUI,wikidata,6LACK and 2 more
Q270055,7 Year Bitch,The Scratch,64247512,85sudQeuNTc,wikidata,Brundle Fly
Q271283,808 State,Pacific State,1476820812,tLxDRePUwEY,wikidata,Johnny F
Q1360723,8Ball & MJG,Don't Make,3892606,_RMnvNO_mCI,wikidata,HustlaGirl Karina
Q4646005,95 South,"Whoot, There It Is",132328560,aBwvFBxf_Eg,wikidata,trinideryck
Q596117,:wumpscut:,Soylent Grün,2570175702,Nr5juHiyU_8,wikidata,ChristineHate
Q1887722,? and the Mysterians,96 Tears,2950821,bOCOMYGIfUQ,wikidata,? & The Mysterians
Q300348,A Certain Ratio,Do The Du (The Graveyard),565605062,RP4PQlX2xjQ,wikidata,FunkyServeBotFM
Q300386,A Day to Remember,Miracle,1825672877,9Cb872pCbMs,wikidata,Fueled By Ramen
Q300406,A Filetta,A Muntagnera,14177860,-8VV8X-wTnI,name,E Più Belle Canzone
Q300430,A Guy Called Gerald,28 Gun Bad Boy,3513493611,4FgBN4ddNoc,wikidata,Vicky Martini
Q4657762,A Lighter Shade of Brown,,,,,
Q4657951,A Lot Like Birds,Truly Random Code,71411681,SIn5S8oAi6A,name,Equal Vision Records
Q300558,A Skylit Drive,Half Hearted,4205638162,IOH8SVe-E1Q,wikidata,Vaux Records
Q1873785,A Split-Second,Flesh,1271974102,-FDy-RVeI-A,wikidata,Abstructure
Q300602,A Tribe Called Quest,Electric Relaxation,13159670,WHRnvjCkTsw,wikidata,A Tribe Called Quest
Q4660666,A Winged Victory for the Sullen,The Dead Outnumber The Living,1126623632,,wikidata,
Q129910,A$AP Rocky,I Smoked Away My Brain (I'm God x Demons Mashup),2414409755,AT9JoIv2kss,wikidata,ASAPROCKYUPTOWN
Q713461,A-Mei,I Want To Be Happy,3913972,,wikidata,
Q18763975,A. G. Cook,Britpop,2736929661,kmhvFpsjLi8,wikidata,A. G. Cook
Q4472054,A. L. Lloyd,,,,,
Q3608937,A. Rafiq,,,,,
Q19804505,A. Ramlie,,,,,
Q11617,Aaliyah,Try Again,3380594501,qTA0RuZoIxM,wikidata,Blackground Records 2.0
Q192185,Aaron Copland,Appalachian Spring: Allegro -,71933170,,name,
Q18233,ABBA,Gimme! Gimme! Gimme! (A Man After Midnight),884041,XEjLoHdbVeE,wikidata,ABBA
Q2821003,Abdelaziz Stati,,,,,
Q2821120,Abdelkrim Rais,,,,,
Q317677,Abdullah Ibrahim,Blue Bolero,2448892655,v9--IPJMzqs,wikidata,Gearbox Records
Q2537790,Abida Parveen,Chaap Tilak,92047358,7SDrjwtfKMk,name,Coke Studio Pakistan
Q322569,Abney Park,Steampunk Revolution,82422950,yeEI-hh3MG0,name,abneypark
Q4668280,Abominable Putridity,Remnants of the Tortured,1642663962,uWKLN6boesU,name,Inherited Suffering Records
Q323187,Above & Beyond,When You Believe,4173507542,0kCEYRQL1Rk,wikidata,Above & Beyond
Q323178,Above the Law,Black Superman,910927322,pVw45DubZ1c,wikidata,Above The Law
Q4033175,Abrasive Wheels,The Army Song,1584512172,0hhgJ1bo_EI,name,Wargasm Records
Q331626,Abruptum,Honores Vultus Mutares Ex Aeris Campi,1353986,0nPisE-yMhw,wikidata,Underrated Black Metal
Q108633063,AC Slater,Seismic,2449195025,vjxVMQHIli4,wikidata,Music_Center7
Q27593,AC/DC,Highway to Hell,92719900,l482T0yNkeo,wikidata,AC/DC
Q25507,Accept,Princess Of The Dawn,1099980,K8C-DP18-6g,wikidata,Versus54gr2
Q151634,Ace of Base,All That She Wants,94676692,d73tiBBzvFM,wikidata,Ace of Base
Q135932234,Ace Ventura,Pranava,852192112,QSwg7fxXsd8,wikidata,Ace Ventura
Q639124,Acetone,,,,,
Q341338,Acid Bath,Scream of The Butterfly,11063232,_Rnv5UAbACg,name,Gobbify
Q341374,Acid King,Teen Dusthead,82372018,_Q19pah-w1c,name,twinnedwitherlangen
Q1798554,Adam and the Ants,,,,,
Q261641,Adam Beyer,Simulator,2216276137,SjEh6bgvZGw,wikidata,drumcodeofficial
Q4214,Adam de la Halle,,,,,
Q349406,Adam Freeland,Anything,4269964622,,wikidata,
Q2541836,Adaro,Lost On You,4232846352,U8bq6JByDz8,wikidata,Scantraxx and 2 more
Q293169,Adeva,Respect,1799046417,29HjzVReSds,name-ambiguous,Adeva
Q4682418,Adewale Ayuba,Koloba Koloba,1474760382,R5jdGnD0-wc,name,OfficialAyuba
Q18539717,Adi de la Vâlcea,"Langa cine, langa tine",1008065182,49gpvQcDX8Q,name,Adi de la Valcea
Q189544,Adolphe Adam,,,,,
Q199666,Adoniran Barbosa,Samba do Arnesto,3367387,P2EbpclTED8,name,Adoniran Barbosa
Q3545459,Adrian Minune,Am încredere în tine,3039529261,vOvTI4rCJJw,name,Playone
Q375610,Adriano Correia de Oliveira,,,,,
Q60743679,Adriatique,Closer (Adriatique x GENESI),4158561702,3Bw2WU0NZBQ,name,Progressive Empire
Q4688391,Aeroplane,,,,,
Q126826,Aerosmith,Dream On,2431707315,89dGC8de0CA,wikidata,Aerosmith
Q381883,Aesop Rock,Trouble Trouble,4152047612,wFtK8qsGRaA,wikidata,Aesop Rock and 2 more
Q316872,Afrika Bambaataa,Planet Rock,1587016002,9J3lwZjHenA,wikidata,Tommy Boy
Q325111,Afro Celt Sound System,When You're Falling,99281224,nvJYgkBbCbs,wikidata,Real World Records
Q4690196,Afro-Rican,Kool,143726862,VBwaA_DQoig,wikidata,jemiedub
Q349041,Afrojack,Awake Tonight,3930376831,lpgt1lex3P0,wikidata,Afrojack and 2 more
Q225855,Afroman,Because I Got High,139102115,8qL02peSWwg,wikidata,AfroManMusicHD
Q389008,After Forever,Leaden Legacy,2064557827,Qo5f18v6om0,wikidata,bhaimovich123
Q181684,Against Me!,,,,,
Q390300,Agalloch,Falling Snow,3750829372,qAaq0mpk9TE,wikidata,SadSpectacle
Q5659662,Agarrate Catalina,La Violencia,1222663082,RiW_x7WaYSg,name,AgarrateCatalinaFans
Q391393,Agathocles,Empty Frame,2100449107,77Pli-2lQro,wikidata,Joseph Guzman
Q83814,Agent Orange,Bloodstains,14403530,sbT4pj0mfa8,wikidata,Agent Orange Fan Club
Q392768,Agent Steel,The Day At Guyana,98254136,W8ver6PUfpg,wikidata,anore8imno
Q393463,Aghast,,,,,
Q395013,Agnostic Front,Gotta Go,378262821,j8Ef0ui74JM,wikidata,Agnostic Front
Q395327,Agonoize,Koprolalie,1756031147,p5DE5rwRuOU,wikidata,BadlyHoppelhaeschen
Q397738,Agua Marina,Cómo haré para olvidarte,125480960,B077J6XF58I,name-ambiguous,Agua Marina Oficial
Q399318,Agustín Lara,Veracruz,7552147,f9HNohuiKRU,name,MIRAMUNDOSFILMS
Q329220,Ahab,The Isle,137682331,NZVZs2nm4f4,wikidata,AHAB DOOM
Q401893,Ahmet Kaya,Nereden Bileceksiniz,7613236,gQIH-pgzQSY,wikidata,Ahmet Kaya
Q12605726,Ahn Sook-sun,,,,,
Q318452,Air,Playground Love,3354289351,NAgX1jO3No0,wikidata,AIRfrenchbandofficial
Q407814,Air Supply,Goodbye,5618037,RlbKAcOYFGQ,wikidata,Air Supply
Q237378,Ajda Pekkan,Yakar Geçerim,66133027,Xpp_y2Os5Co,wikidata,Ajda Pekkan
Q4034017,AJJ,Body Terror Song,775546972,1601-CSKyL4,wikidata,AJJ the band
Q9143241,Akcent,That's My Name,131869054,MOzE4MpXzTY,name-ambiguous,AKCENT
Q417451,Akercocke,Verdelet,70981337,,wikidata,
Q843742,Aki Yashiro,Ame No Bojou,2459766475,k9rPgPPpK4Q,name,如水 Jyosui_MUSIC
Q1143664,Akina Nakamori,,,,,
Q4701665,Akron/Family,"Don't Be Afraid, You're Already Dead",79291735,BJhBWkETQ6s,wikidata,pissninjah
Q423707,Akufen,,,,,
Q2260801,Al B. Sure!,Nite and Day,686318642,Fckqglxb49s,wikidata,Al B. Sure!
Q313260,Al Green,Let's Stay Together,97095572,XXx6RDzR6eM,wikidata,Al Green
Q16840946,Al Hurricane,Puño De Tierra,92889360,bv1abFnL2Xo,name,505newmexico1
Q174547,Al Jarreau,Mornin',3870623,hltlIlaPR2g,wikidata,Al Jarreau
Q128532,Al Jolson,,,,,
Q2636138,Al Lirvat,La ri zabymes,84811713,,name,
Q85740447,Alaap,,,,,
Q2004743,Alabama Thunderpussy,,,,,
Q4705459,Alacranes Musical,Suena La Banda,139470309,,name,
Q123434055,Alain Ramanisum,Li tourné (2012),62358458,,wikidata,
Q513964,Alan Braxe,Intro,1702170497,0nS0accElcA,name,VOID - Electronic Music
Q380927,Alan Jackson,Little Bitty,534011,Eo2OIUpWznY,wikidata,Alan Jackson
Q10681,Alan Stivell,Suite Sudarmoricaine,16161006,LvidD__DxYo,wikidata,tehelde87
Q714449,Alan Tam,,,,,
Q16495229,Alash Ensemble,Karachal,74880862,eNMmBeoMxSI,name,Mongolian Tuvan Altai Throat Singing
Q78475,Alban Berg,"Wozzeck: Wozzeck, Er ist ein guter Mensch, aber... (Act One)",63897445,,name,
Q731178,Albert Ammons,Boogie Woogie Stomp,2801013532,tBmVtW5qxGs,name,BlueBlackJazz
Q457125,Albert Ayler,Spirits Rejoice,1463023912,g-0b5Rodwsg,name,Santoszzz
Q4709921,Albert Chevalier,,,,,
Q741119,Albert Collins,Ice Pick,3873976081,BXw0zkKVdpY,wikidata,Bruno Rosa
Q44809,Albert King,Born Under A Bad Sign,5079078,u1MUHFYII9A,wikidata,Albert King
Q313376,Albert Roussel,,,,,
Q267951,Alberta Hunter,The Darktown Strutters' Ball,1080346,OP-0geORbvM,name,1Bluesboy1
Q2831849,Alberto Villalón,,,,,
Q1517060,Alcest,Sapphire,721542112,69fnUZhV8SI,wikidata,Nuclear Blast Records
Q560788,Alceu Valença,Tropicana (Morena Tropicana),44399811,N0WqMtvwf1c,wikidata,Indie Records
Q1992348,Aldemaro Romero,De Repente,645981472,o6Tzw_FJ2xE,name,alfredorugeles
Q2890515,Alejo Durán,El Amor Amor (Paseo),71426101,,name,
Q337143,Aleksandar Vuksanović,Čivas,898922562,,wikidata,
Q3672076,Alesana,Apology,2477936,gTxmCv4vH3M,name,Arturo Salazar
Q183087,Alessandro Scarlatti,,,,,
Q965455,Alesso,Heroes (we could be),100068938,a7SouU3ECpU,wikidata,Alesso
Q4717311,Alex Konadu,,,,,
Q1628891,Alex Reece,Pulp Fiction,4209142812,oGG3_CJ60u8,name,Metalheadz
Q973400,Alexander Bashlachev,,,,,
Q2459284,Alexander Galich,,,,,
Q472895,Alexander O'Neal,,,,,
Q663116,Alexander Rosenbaum,Вальс-бостон,119819264,gPTrHHu9V04,wikidata,Alexander Rosenbaum
Q185647,Alexander Scriabin,,,,,
Q516281,Alexander Vertinsky,,,,,
Q78524,Alexander von Zemlinsky,,,,,
Q158078,Alfred Schnittke,,,,,
Q4723775,Alfredo Fiorito,,,,,
Q730481,Alfredo Marceneiro,O Pagem,1618329,wiKbrluHVO0,name,fraty music
Q203413,Alfredo Zitarrosa,El Violín de Becho,903233832,iuZAf39shbw,name,AlfredoZitarrosaVEVO
Q1349298,"Alger ""Texas"" Alexander",,,,,
Q468356,Ali Akbar Khan,Guru Bandana (Prayer),64067961,,name,
Q12227879,Ali Deek,,,,,
Q334947,Ali Farka Touré,Ruby,3750760622,,name,
Q21285312,Ali Kiba,AJE,127245697,ecywDEswXsI,name-ambiguous,Alikiba
Q238243,Alice Coltrane,Turiya & Ramakrishna,62347588,QUMuDWDVd20,name,Rosa Felix
Q332032,Alice Cooper,School's Out,730866,2Oo8QzDHimQ,wikidata,Official Alice Cooper
Q1543955,Alice DeeJay,Better Off Alone,1802291377,Lgs9QUtWc3M,wikidata,Alice Deejay
Q484255,Alice in Chains,Nutshell,1038552,G23iLGhh9lo,wikidata,Alice In Chains
Q121507,Alicia Keys,If I Ain't Got You,629466,Ju8Hr50Ckwk,wikidata,Alicia Keys
Q4726348,Alick Macheso,Charakupa,1590102682,8ChXnfBw0es,name,Lloyd Miranzi
Q1541561,Alien Sex Fiend,She's A Killer,862210632,,wikidata,
Q936538,Alim Qasimov,Trace of Grace,631371452,sgqdb4_mljA,name,Afshin Khadangi
Q2722967,Alisha Chinai,Touch Me,1203800912,TWcSSDtSz0o,name,YRF
Q4727094,Alison Hinds,King and Queen,129207588,i_r-6K6nEAE,name,Jay Will
Q371782,Alison Krauss,When You Say Nothing At All,93182978,1SCOimBo5tg,wikidata,Alison Krauss
Q4727516,Alix Perez,Desanka,1649662492,qw0mkbvwUCA,wikidata,Drum&BassArena
Q4729606,All Saved Freak Band,,,,,
Q654147,All That Remains,Two Weeks,1758875717,gGtW4AFyLyM,wikidata,All That Remains
Q80510,Alla Pugacheva,Позови меня с собой,129740564,lzqHF2pUKBA,wikidata,Alla Pugacheva
Q14620218,Allah-Las,Raspberry Jam,3059002211,fOCZ-TbZwHc,wikidata,Mexican Summer
Q963044,Allen Toussaint,Night People,10133363,SJZXg3fQkUo,wikidata,malachi349
Q874358,Allerseelen,Riflessioni,116748374,,name,
Q16142152,Almir Sater,Tocando Em Frente (Ao Vivo),17000715,CugYXgJ2SFI,name,AlmirSaterVEVO
Q366711,Alois Hába,,,,,
Q28007321,Alok,Hear Me Now,452769552,bbOw3Q2cRrw,wikidata,Alok
Q28155448,Altai Kai,Uluhan,1437056702,IpgX7_rapqs,name,Altai Kai
Q2422968,Altamiro Carrilho,Assum Preto,1596526882,,name,
Q434372,Altan,Daily Growing,3376051,5pERSn7QK_8,wikidata,FewWords003
Q438344,Altern-8,E-Vapor-8,109665816,BkczzkGrYDQ,name,obscureoldskool
Q443886,Alton Ellis,,,,,
Q683009,Alva Noto,Conversation 8,4150794242,,name,
Q449171,Alvin Lucier,,,,,
Q449985,Aly & Fila,Carry Me Away,4259484781,OyYWnRmCmCg,wikidata,Chris White Wave Homes
Q9609477,Amado Batista,Alucinação (Ao Vivo),3912036641,,name,
Q2841001,Amanaz,Sunday Morning,2322017585,FwGzLLjrc84,name,ThePsychedelicGalaxy
Q454010,Amanda Lear,The Sphinx,13206630,Wim8xJ_lCOo,wikidata,mahir imanov
Q5671685,Amanda Portales,Gatito Miau Miau,101330966,gNIYNPzjSX8,name,RaffOro
Q2841148,Amar Ezzahi,ANA EL KAOUI,4004309681,dwoqI-46N9g,name,JackSerbak
Q460542,Amebix,Largactyl,88647081,4xXhBs1Ho18,wikidata,babyduck1
Q27902902,Amelie Lens,run,4160058162,WqvOWiO20uY,wikidata,House Muse
Q2238317,Amenra,A Solitary Reign,405889962,CD7bxyzFbC4,wikidata,CHURCHOFRA C-O-R
Q126852,America,Lonely People,732851,cDPe742O_G4,wikidata,America
Q1991928,Amesoeurs,Gas in Veins,3083177,UxBKlgjDC4M,wikidata,S0unDOfCha0S
Q207817,Amir Khusrau,,,,,
Q13081230,Amira Medunjanin,Pjevat ćemo šta nam srce zna,989499762,0mnXEUbCXZ0,wikidata,Amira Medunjanin
Q295202,AMM,,,,,
Q48698507,Amnesia Scanner,Giggle,2298161505,,wikidata,
Q192863,Amon Amarth,Twilight Of The Thunder God,70876820,mfcTbK-U1YQ,wikidata,Amon Amarth
Q1319707,Amon Düül II,Sleepwalker's Timeless Bridge,3801783262,GoWdNU6U9oA,name,Jim Newstead - Adventures In Music
Q474283,Amos Milburn,,,,,
Q477461,Amr Diab,Tamally Maak,81102882,EgmXTmj62ic,wikidata,Mazzika - مزيكا
Q464213,Amy Grant,"Baby, Baby",3145500,vMXuuYnoRdI,name,AmyGrantOfficial
Q214813,Amália Rodrigues,Fado português,1296869742,1YriVM8sC7M,wikidata,helio mascarenhas
Q311523,Américo,Te Vas,687861872,YPWEITouQZ8,name-ambiguous,Américo Oficial
Q2844869,An Albatross,"Lysergically Yours, My Psychedelic Bride",30439621,nR5TVGJXyXM,wikidata,hospitaldrugs
Q31838670,An Autumn for Crippled Children,The Woods Are On Fire,72808709,dzpdreZXd0I,name,Misconstrue
Q114279907,Ana Castela,Olha Onde Eu Tô,3358826391,h_aRZwzjYxs,wikidata,Ana Castela
Q463930,Ana Moura,Desfado,62263917,TZurR7xGk4c,name-ambiguous,Ana Moura
Q484595,Anal Cunt,The Great Southern Trendkill,11717724,,name,
Q485416,Anamanaguchi,Miku,1982222107,n8wUkPiKWGg,wikidata,Anamanaguchi
Q4130411,Anastasia Vyaltseva,,,,,
Q487396,Anathema,Fragile Dreams,5832704,oY8bsZuIObk,wikidata,Javier Di Lello
Q66151972,Ancient Methods,Knights & Bishops,486351112,b80DqcFLI-c,name,0AntN
Q489653,Andain,Beautiful Things,62397182,nX16xSRKje4,name,Andain
Q493028,Andraé Crouch,Let The Church Say Amen,13890060,OZxyZ888jfY,wikidata,Boyd Matson
Q2296660,Andrea,Topa Topa,3620027562,qMCPkYeC46s,wikidata,Andrea Production
Q76675,Andrea Berg,Du hast mich tausendmal belogen,1008665,wCON7JlxuEI,wikidata,Andrea Berg
Q42402,Andrea Bocelli,DNA (More Than A Game),4076148901,KyhGH0rgxnw,wikidata,SHRAvity
Q217317,Andrea Gabrieli,,,,,
Q458828,Andreas Vollenweider,The Pyramidians,993470652,yDztJ5Htado,wikidata,Contemporary Jazz
Q503783,Andrew Bird,Sisyphus,649737872,zug1B8DSkWw,wikidata,Andrew Bird
Q505138,Andrew Hill,Ball Square,92239516,cVUaVEAU3WI,name,# Dжаз Эфф
Q180975,Andrew Lloyd Webber,The Phantom of the Opera,3582507891,G2zxzaWgVRA,wikidata,Andrew Lloyd Webber Musicals
Q4759874,André Cymone,The Dance Electric,74412535,RK1VXPqxuAM,name,Aussiebattlervideos2
Q519588,André Hazes,Zeg Maar Niets Meer,3101818,R22urvGcWy4,name,André Hazes
Q523178,André Verchuren,La paloma,95942262,AqWC1yTknUU,name,Chansons  Théâtre  Humour
Q2849005,Andrés Cabas,,,,,
Q30915293,Andrés Huesca,,,,,
Q29416402,Andrés Landero,Cuando Lo Negro Sea Bello,136186700,pKFPszl1cw4,name,EkBalam707
Q387288,Andy C,Heartbeat Loud,87172675,CizqApSwfjQ,wikidata,UKF Drum & Bass
Q16766,Andy Lau,Wu,79963892,93_Ann_616A,wikidata,heuw andre
Q4761048,Andy Mineo,Coming In Hot,529248091,uLS-WE4K8q0,wikidata,Reach Records
Q278024,Andy Palacio,Águyuha Nidúheñu,414591912,,name,
Q3616567,Andy Statman,21st Century Chicken Shack Back Blues,65502668,kBbJclTJJI0,name,Lori Lister
Q214548,Andy Williams,It's the Most Wonderful Time of the Year,571386622,AN_R4pR1hck,wikidata,Andy Williams
Q529340,Anestos Delias,,,,,
Q4762125,Angel Diaz,Bélicos Somos Y Andamos,2634550872,ZK3ullTNzzk,name,Familia Millonaria Díaz
Q531934,Angel Witch,Angel Witch,1393771,bR4gK6tmIvQ,wikidata,Dave Hogg
Q533658,Angelcorpse,Kill Again,74777881,qSfl1IEgpZc,wikidata,6candia6metal6
Q521396,Angelic Upstarts,Solidarity,3321731571,owrVQebWCtc,wikidata,kaoskoherente
Q231276,Angelique Kidjo,C'est drôle la vie,2147487657,DDRzuDFkiPI,wikidata,Paroles Lyrics France
Q357014,Angelo Badalamenti,Heartbreaking,387598631,pwaq75coy1Y,wikidata,Fortuna
Q535815,Angelo Debarre,Swing for You,431467032,8ZSFUJCYKFM,name,pepital deBelin
Q318760,Angerfist,Solid Stigma,810117902,Uls5CnmAdic,wikidata,Angerfist
Q241660,Angie Stone,Wish I Didn't Miss You,966648,9PWz-NubVpM,wikidata,AngieStoneVEVO
Q16140485,Angkanang Kunchai,Kid Hod Chu,1672699957,LF-bYkgmn6Y,name,İz Bırakan Sesler
Q232462,Ani DiFranco,You Had Time,3871340741,xz2tChEEZn8,wikidata,HybridFalcon
Q16490677,Aniceto do Império,,,,,
Q16257941,Aniceto Molina,,,,,
Q547272,Animal Collective,My Girls,4315555,zol2MJf6XNE,wikidata,Domino Recording Co.
Q547666,Animals as Leaders,Kascade,3412821571,kVSQnsuTs-g,wikidata,Guitar Center
Q255697,Anita Baker,Sweet Love,717534,4OWGXPXI__o,wikidata,Anita Baker Timeless
Q232621,Anita Mui,Xi Yang Zhi Ge,79944638,W61QroWLML0,wikidata,karaoke LR
Q13476301,Anitta,Não Me Cutuca,4171205832,1gnsDkf3ZeU,wikidata,Anitta
Q229606,Anna Vissi,Psihedelia,15801017,dV5rO48E1-w,wikidata,AnnaVissiVEVO
Q175509,Anne Marie Nzié,,,,,
Q236543,Anne Murray,You Needed Me,3131385,-X79Jko9bBI,wikidata,ashley max
Q547034,Anne Sylvestre,Les gens qui doutent,13312763,M4fyOY7O0YI,wikidata,EPM MUSIQUE
Q567714,Anorexia Nervosa,Stabat Mater Dolorosa,216752,,wikidata,
Q2761128,Anri,,,,,
Q3609204,Anselmo Ralph,Não Me Toca,2335768215,whH2oDg28-k,name,Klasszik
Q572924,Anthony Braxton,6-77AR-36K (Opus 23B),389944481,E30adQV-mTA,name,Jazz City 500
Q1866673,Anthony Santos,Bellas,2953784051,0w1eAAmOU4k,wikidata,Anthony Santos
Q109871,Anthrax,Madhouse,1176687,uGHsxMqpL0c,wikidata,Anthrax
Q574789,Anti Cimex,Dogfight,2210120957,ch7HeBK90O0,wikidata,lejapeja
Q574728,Anti-Nowhere League,So What,1647751452,AH7pOUm5s9k,wikidata,Frank Knox
Q2853143,Antibalas,Dirty Money,779389392,KMXlEqlnAIg,name,DaptoneRecords
Q2739596,Antipop Consortium,,,,,
Q3618794,Antisect,Tortured And Abused,2780622851,k-TzF-VMBlY,name,DaisyPumpkin23
Q81752,Anton Bruckner,,,,,
Q190933,Anton Webern,,,,,
Q1958523,Antonio Aguilar,Un Puño de Tierra,3225186201,mxplRc6a0aQ,name-ambiguous,Antonio Aguilar
Q356953,Antonio de Cabezahueca,,,,,
Q602802,Antonio Lauro,El Niño,3023816631,HUyQMkWLnwA,name,Guitar Salon International
Q603123,Antonio Mairena,,,,,
Q3619860,Antonio María Romeu,El Cadete Constitucional,66879273,,name,
Q16302216,Antonio Ríos,Nunca me Faltes,65439090,Ra8gt_k-zUk,name-ambiguous,Antonio Rios
Q51088,Antonio Salieri,,,,,
Q5699952,Antonio Tarragó Ros,,,,,
Q1340,Antonio Vivaldi,Été,931207382,,wikidata,
Q606439,Antonis Remos,Ma De Ginete,630085,zY4Gism1VSk,name,Поли Данева
Q7298,Antonín Dvořák,,,,,
Q16492076,António Menano,,,,,
Q200131,Antônio Carlos Jobim,,,,,
Q26690130,Anuel AA,China,714210042,0VR3dfZf9Yg,wikidata,Anuel AA
Q3349252,Anup Jalota,Hey Natrajan Antaryami,1665852052,rDA7M6SmDSo,name,Red Ribbon Musik
Q42018,Anuradha Paudwal,Pyar Kiya To Nibhana,3173772781,jwX2nESI8mA,name,Siratune
Q613022,Anvil,Metal On Metal,68075623,1qSEwYaSlWk,wikidata,Cirus61
Q381843,Aníbal Troilo,Una Carta,69552698,OLWYodvBWO4,name,Anibal Troilo Pichuco Oficial
Q223161,Aphex Twin,Avril 14th,29377601,MBFXJw7n-fU,wikidata,ypeke
Q3545224,APO Hiking Society,Panalangin,2059121347,2KBffqrAAc4,wikidata,Universal Records Philippines
Q619710,Apoptygma Berzerk,In This Together,705170162,dZmWOK-xVxs,wikidata,APOPTYGMA BERZERK
Q213388,Aqua,Doctor Jones,1115046,-1jPUB7gRyg,wikidata,Aqua
Q119590,Aquarium,,,,,
Q261058,Arabesque,,,,,
Q2256420,Arabian Prince,Situation Hot,446037652,vmGMOxuJqx0,wikidata,DJ Jr. Vinil
Q2356261,Aram Asatryan,Hye Es Du,1355313872,Wfr8hm_zdyo,name,armenianmusic818
Q152293,Aram Khachaturian,"""Spartacus"" Adagio",15126220,of5ebCY5__Q,name,n_g k0
Q626440,Arashi,Love so sweet,793847322,EAgACSowE5k,wikidata,ARASHI
Q16149863,Arca,KLK,948075302,NS4RDw65qqk,wikidata,NATALIO
Q58608,Arcade Fire,The Suburbs,377386421,5Euj9f3gdyM,wikidata,Arcade Fire
Q631589,Arcana,Guillotine,3869944481,5yMMZQWYTZA,wikidata,ARCANA and Fables Records
Q164475,Arcangelo Corelli,,,,,
Q56811731,Arcaño y sus Maravillas,,,,,
Q163989,Arch Enemy,Nemesis,108545798,n9AcG0glVu4,wikidata,Century Media Records and Arch Enemy
Q3499560,Archgoat,The Light Behind The Horns,4048216381,,wikidata,
Q200791,Archie Shepp,Goin' Home,128124191,Vd-vGYpI82Q,name,Pedro Nóbrega
Q620454,Architects,Machine,4286401762,z5e-Fud8Nxs,wikidata,Architects and Epitaph Records
Q170599,Arctic Monkeys,Do I Wanna Know?,70322130,bpOSxM0rNPM,wikidata,Official Arctic Monkeys
Q638241,Arcturus,Crashland,1977702717,XxTcdsndj4w,wikidata,Prophecy Productions
Q638331,Arcángel,La Jumpa,2042243747,ubbE6gyBf8k,wikidata,Arcangel
Q639510,Arditi,,,,,
Q125121,Aretha Franklin,I Say a Little Prayer,2133626,TDyiREoBw0o,wikidata,Aretha Franklin
Q653491,Ari Babakhanov,,,,,
Q28155527,Ariel Camacho y Los Plebes del Rancho,Te Metiste,84956865,cSxW59KalkA,name,DEL Records
Q659238,Ariel Pink,Another Weekend,3063905081,2oK7UGErV7I,wikidata,Mexican Summer
Q660599,Arif Sağ,Seher Yıldızı,445348252,dmPRIwAvhF0,name,Güvercin Müzik
Q535188,Aristide Bruant,Nini peau de chien,277676,FOUCWjWu2A8,name,"Chansons, Folklore et Variété"
Q276317,Arja Koriseva,,,,,
Q4412230,Arkady Severny,,,,,
Q673758,Arkona,,,,,
Q12874025,Arleta,Mia Fora Thymamai,104801988,lEykFr3xygg,wikidata,ninoush
Q437559,Armand Van Helden,I Want Your Soul (AVH Rework),2512469051,rqiSXzTL5y4,wikidata,SouthernFriedRecords
Q122751420,"Armandinho, Dodô & Osmar",,,,,
Q678099,Armando,Amiga,654247722,yhqMy36fRMQ,name-ambiguous,ArmandoOficialVEVO
Q1453045,Armando Manzanero,,,,,
Q62617,Armin van Buuren,Blah Blah Blah,757592622,mfJhMfOPWdE,wikidata,Armin van Buuren
Q5704807,Armonía 10,Mi Primer Amor,2303059315,l60bIdMFnn8,name,De ToDo
Q689823,Army of Lovers,Crucified,3826173451,di18hTFTwIw,wikidata,ArmyOfLoversVEVO
Q154770,Arnold Schoenberg,,,,,
Q699534,Arrested Development,Mr. Wendal,3100808,QCDUsMA7O80,name-ambiguous,Arrested Development
Q704705,Arsenio Rodríguez,,,,,
Q705406,Art Bears,Freedom,1493348302,ZHoOIbVROig,name,Astaroth Belial Agraz
Q311715,Art Blakey,Moanin',3105360,Cv9NSR-2DwM,wikidata,60otaku4
Q705530,Art Ensemble of Chicago,,,,,
Q109053,Art Tatum,,,,,
Q705790,Art Zoyd,"Sortie 134, Pt. 2",900466022,,name,
Q664132,Artful Dodger,Moving Too Fast,55131141,DW5eVa-s_uI,wikidata,TurnOver360
Q2864978,Arthur Alexander,You Better Move On,1038304242,5BGnvsunuFU,wikidata,Felix Offenbach
Q4799590,Arthur Lyman,Ringo Oiwake,130642410,reU1GK47L44,name,Hyman Mandell
Q710539,Arthur Mafokate,,,,,
Q320065,Artie Shaw,The Chant,3051283,nvCsmFuzABs,wikidata,Artie Shaw
Q131836798,Artificial Brain,Quantum Malignancies,4235995312,qhu8OANlP74,name,Profound Lore Records
Q4801647,Artur Paredes,,,,,
Q3324949,Arturo Cavero Velásquez,,,,,
Q715890,Arty,Save Me Tonight,617796402,b_Hx5NnfyCg,wikidata,ARTY
Q580736,Aruna Lama,,,,,
Q717408,Arvingarna,Eloise,98754990,a6MCRuE6tx8,wikidata,Eurovision OLD
Q189534,Arvo Pärt,Spiegel im Spiegel,2430837735,TJ6Mzvh3XCc,name,playingmusiconmars
Q717755,Ary Barroso,Brasil Moreno,1543923022,YMzH4GvxRLw,name,Instituto Piano Brasileiro - IPB
Q693583,As I Lay Dying,Polarized,4221804632,aE_bJgctpu8,wikidata,As I Lay Dying and Napalm Records
Q2866267,Asa de Águia,Dança do Vampiro,13266832,VkrZKREptjs,name-ambiguous,AsadeAguiaVEVO
Q112861798,Asake,BADMAN GANGSTA,3434983391,oPSQuCNXkAo,name-ambiguous,ASAKE
Q700817,Ash Ra Tempel,Day-Dream,2651049102,J6IC5zHg6Ck,name,Gomera
Q469756,Asher Roth,I Love College,3060682,UmaTiGf5r6A,wikidata,Tha Rapper
Q725953,Ashley MacIsaac,Sleepy Maggie,3255661931,bz4HtlbS5DI,name,LinusVEVO
Q4805856,Ashra,,,,,
Q512076,Asian Kung-Fu Generation,Haruka Kanata,1100592452,nJ6A6GC_ki4,wikidata,ASIAN KUNG-FU GENERATION Official YouTube Channel
Q731642,Asking Alexandria,Alone In A Room,3389613481,4cHb8AJDR5Y,wikidata,SUMERIAN
Q732733,Asleep at the Wheel,The Letter That Johnny Walker Read,675339562,nPNdcSqI0fo,wikidata,É Arquivo é Canal 8
Q737199,Asphyx,Deathhammer,108559588,IXhyzGc7_pc,wikidata,Century Media Records
Q2866938,Assagai,Wobuya,2512295481,,name,
Q593809,Assemblage 23,Barren,129416626,tva6fxl4Xfs,name,Cory Morrison
Q1826593,Assück,Wartorn,3197391171,,name,
Q172505,Astor Piazzolla,Oblivion,1453410,hLX1-0VFjwE,name-ambiguous,Astor Piazzolla Oficial
Q246677,Astral Projection,Kabalah,8095312,kRCAlKQ4Gd8,wikidata,Astral Projection
Q2292862,Astrix,Deep Jungle Walk,644753342,lIuEuJvKos4,wikidata,Astrix
Q230401,Astrud Gilberto,,,,,
Q2842516,Asylum Party,Together in the Fall,3913849291,tdWApe12PkM,name,Obscuridad Sonora
Q690904,At the Drive-In,Rascuache,133097898,DLRa8lrznWQ,wikidata,Lanesracra
Q540368,At the Gates,In Dark Distortion,3814054122,,wikidata,
Q284017,Atahualpa Yupanqui,Danza de la Paloma Enamorada (Remasterizado),2290717865,,name,
Q301984,Ataraxia,I Ching,743002812,4gdbuO_J0V0,wikidata,The Sanguine Penguin
Q697954,Atari Teenage Riot,Revolution Action,9919148,i8JBUktSxvQ,name,Atari Teenage Riot
Q77002,ATB,Your Love (9PM),1200359872,pk1btLJQjTw,wikidata,ATB
Q755034,Atheist,,,,,
Q756237,Atlantean Kodex,People of the Moon (Dawn of Creation),729930312,WzI3Y9R9TzY,name,vanrecords
Q757508,Atmosphere,,,,,
Q13430882,Atmozfears,In The Cold,4105541261,qCVmu42s57M,wikidata,ATMOZFEARS and Jesse Jax
Q3846033,Atrax Morgue,,,,,
Q240703,Atreyu,Her Portrait In Black,4272365552,tETudFsvrq4,wikidata,Atreyu
Q3629037,Atrium Carceri,Revelation from the Book of the Flesh,2328187625,,name,
Q757859,Attack Attack!,Dance!,3189132081,yepUXS9k6DM,wikidata,Attack Attack!
Q758845,Audio Adrenaline,Sound of the Saints,1182528292,zemjJhquxH8,wikidata,AudioAOfficial
Q4819842,Audio Push,Space Jam,69650818,cpuS8mhu3TM,wikidata,AudioPush
Q537954,August Burns Red,Cerebral Malfunction,4051713251,33lGwGz3heo,wikidata,augustburnsred and makethemsuffer
Q467250,Augustus Pablo,Sunshine Dub,86115235,LGjWxguzEO0,wikidata,DjRodrigoLive
Q775629,Aurelio Martínez,Túmari Tibarimu,516003582,,name,
Q247237,Autechre,Montreal,29370951,oqKZAxvNEfc,wikidata,Errease
Q676620,Autopsy,Possess,3731707472,oSSprFdCGuw,wikidata,Sony Pics at Home Canada
Q114913075,Autumn,No New Friends!,2748946921,IgGPtyH5btY,name-ambiguous,Autumn Little
Q9639349,Ave Sangria,Dois Navegantes,2362256865,rfeli7lyb-8,name,Ave Sangria
Q782889,Aventura,Obsesion,64848628,8_QY5gFQUTg,wikidata,Aventura
Q3751827,Aventuras de Kirlian,,,,,
Q505476,Avicii,Levels,14383880,_ovdm2yX4MA,wikidata,Avicii
Q4828830,Avihu Medina,,,,,
Q3631117,Aviões do Forró,Mulher Doideira,80304930,Mx3a4yskae8,name,Xand Avião
Q2778189,Avraham Fried,אבא,690093682,WhxcSxDgtHI,wikidata,Avraham Fried אברהם פריד
Q15784848,Axegrinder,Life Chain,1914586,RYZMwd_ODUY,name,lyijariuke
Q8195511,Ayinde Barrister,,,,,
Q3510240,Ayinla Kollington,,,,,
Q97483826,Ayinla Omowura,,,,,
Q727362,Ayreon,"The Theory Of Everything, Pt. 1",1590203612,PyjXW5xDxwA,wikidata,Arjen Anthony Lucassen
Q188111,Ayumi Hamasaki,,,,,
Q1990992,Azis,,,,,
Q562440,Aziz Mian,Dard e Dil Mai Kami Nahi Hoti,2387371975,,name,
Q234304,Aziza Mustafa Zadeh,Boomerang,1016419,gYEoot_MO9c,name,Vincent S
Q794148,Aztec Camera,Somewhere in My Heart,1882123117,2w1Q8ZkXZ1Q,wikidata,RHINO
Q123738761,Azteca,Sute Albastre,1299494002,1vSew363_Q8,name,Ocult Records
Q150186,B'z,,,,,
Q112208160,B-Lovee,Don't Change,1640339622,N3Abx7PWg6Q,name-ambiguous,B Lovee
Q188969,B.B. King,The Thrill Is Gone,538698692,xVxCtt3s_1M,wikidata,B.B. King
Q795254,B12,Scriptures,587151932,Ci4j0qWAiK8,wikidata,FireScope Records
Q4671711,Baauer,Harlem Shake,64734097,hQNjcOdHHmA,wikidata,BaauerOfficialTV™
Q3595122,Baba Sehgal,Singaro Singa,2896901461,sPBRqDPPtr4,name,Tips Telugu
Q28039875,Babes Wodumo,Wololo,1376559562,,wikidata,
Q115098502,Babyface Ray,Ron Artest,2140678007,BoB8C6TC6uU,name-ambiguous,Babyface Ray
Q11190781,Babymetal,RATATATA,2798271222,EDnIEWyVIlE,wikidata,BABYMETAL
Q753066,Baccara,"Yes Sir, I Can Boogie",16235816,32wDFCM7iSI,wikidata,Baccara Official
Q17140,Backstreet Boys,I Want It That Way,13141170,4fndeDfaWCg,wikidata,Backstreet Boys
Q98641279,Backyard Band,,,,,
Q798671,Bad Brains,Rise,13245682,Q5WkZ_M1PPQ,wikidata,BadBrainsVEVO
Q44333953,Bad Bunny,DÁKITI,1122450992,30YlLGeUReY,wikidata,Latin City
Q745517,Bad Company,If You Needed Somebody,7571478,_AMKtiS6UEQ,wikidata,RHINO
Q25432114,Bad Gyal,Choque,3829058471,lQjF0m3YSP4,wikidata,Bad Gyal
Q798739,Bad Manners,Lip up Fatty,13651494,F6fQnTyEniM,wikidata,gazsmash
Q201669,Bad Religion,American Jesus,378129111,h0vYMsVu3zA,wikidata,BadReligion1966
Q2745300,Bade Ghulam Ali Khan,,,,,
Q464993,Baden Powell,Canto De Ossanha,70638015,B6445JAN5-M,name,Biscoito Fino
Q798993,Badfinger,Baby Blue,7346242,yfgrIRzvZco,wikidata,NVNCBL
Q489575,Baek Ji-young,candy in my ear.,1813942557,SnG8E2EAvAQ,name,백지영 Baek Z Young
Q2878967,Bagad Lann Bihoue,,,,,
Q1320703,Bai Guang,,,,,
Q934493,Bai Hong,,,,,
Q804177,Bajofondo,Pa' Bailar (Siempre Quiero Mas),1052646392,kRowHwfxbxA,name,Bajofondo Oficial
Q20730471,Bako Dagnon,Titati,408921312,a1EheuGR0tY,name,Syllart Records
Q3629911,Bal Gandharva,Ajuni Khula Ha,3103992321,yCgLMy-eeSs,name,जुनी मराठी गाणी
Q22087924,Balam Acab,See Birds (Moon),2881816202,qCaR8teExu0,name,allblurry
Q805038,Balkan Beat Box,,,,,
Q330419,Ballaké Sissoko,Esperanza,2147509837,,name,
Q2881398,Bally Sagoo,Dil Cheez,15822798,7torjkkGek0,name,BallySagooVEVO
Q353025,Baltimora,Tarzan Boy,3389903,--6CdAypJsQ,wikidata,Baltimora
Q805877,Balzac,,,,,
Q2019573,Bam Bam,Dancing By Myself,3542406771,gl75wh6xLSA,name-ambiguous,BamBam Official
Q4355668,Bambee,Bumble Bee,3057583961,230Z9WC-7nk,name-ambiguous,Bambee
Q2881794,Bamboleo,Ya No Hace Falta,143808668,38IBRx4vySA,name,Lazarito Valdés & Bamboleo
Q806020,Bamses Venner,Jeg elsker kun dig,73021790,KvASdgGNlrU,wikidata,Zole
Q2037019,Banco de Gaia,Last Train To Lhasa,4247881851,BlZZZ9rA4XU,wikidata,bancodegaia
Q1619432,Banco del Mutuo Soccorso,Metamorfosi,1016949,IDcUm3NRE9s,wikidata,Sir Crow
Q2334564,Banda Black Rio,,,,,
Q1131682,Banda Calypso,Principe Encantado,1778586817,3JzAQ0UEt6o,name,Banda Calypso Oficial
Q4170257,Banda Conmoción,Mentira,715192812,G9k-Lb3JV4k,name,Banda Conmoción
Q4854311,Banda El Recodo,Y Llegaste Tú,15482588,hfacL64zIAs,wikidata,Banda El Recodo
Q806246,Banda Eva,Beleza Rara (Ao Vivo),2178732,tfdNO5LpdOw,name,Banda EVA
Q4854297,Banda Machos,La culebra,6615827,IpvVwVCqx_w,name-ambiguous,Banda Machos
Q4854296,Banda Maguey,Popurrí Quebraditas: Tumbando Caña / Como la Luna / Eva María (30 Aniversario),2701187222,rz6vQ9RUA-c,name-ambiguous,Banda Maguey Oficial
Q17274366,Banda MS,,,,,
Q115099788,Bandmanrill,BULLET,1492578382,Fk-dsI5Gj2c,name,DahKid
Q1804,Barbara,Ma plus belle histoire d'amour,61033399,bhKPe0EWF0E,wikidata,Barbara
Q432268,Barbara Tucker,I Get Lifted (The Bar Dub),3783212542,96jCKcZOyrk,wikidata,RJJNY
Q5719338,Barbarito Díez,,,,,
Q807957,Barclay James Harvest,Play To The World,63564798,bGZujKcV3Io,name,BJHFLH
Q1990153,Bardo Pond,Tantric Porno,946689,,wikidata,
Q371997,Barenaked Ladies,One Week,13805977,fC_q9KPczAg,wikidata,Barenaked Ladies (official)
Q808235,Bark Psychosis,The Loom,3393284,aQfZWtUp4FM,wikidata,Rafael Dias
Q808863,Barren Cross,Imaginary Music,3666785,sI_r7-KvvOY,wikidata,metalfranlazar777
Q809077,Barry McGuire,Eve Of Destruction,1137255,qfZVu0alU0I,wikidata,The Best Of - Home Of Classic Music
Q213647,Barry White,"You're The First, The Last, My Everything",537988582,c4HuEP3PuY4,wikidata,Young Pilgrim Music
Q442656,Barış Manço,Alla Beni Pulla Beni,74278769,k88DgF0qwsI,name,Turgut Katkar
Q574739,Basic Channel,Phylyps Trak,486250732,CUD4RaRSSio,name,exiledlarky
Q810016,Basil Coetzee,,,,,
Q810481,Bassekou Kouyate,Miri,614734292,vd1DcuRVUAI,name,outhererec
Q157201,Bathory,A Fine Day to Die,579942632,_ghJQzNDihA,wikidata,Bathory
Q4869273,Batile Alake,,,,,
Q811021,Battles,Atlas,5785866,IpGp-22t0lU,wikidata,Warp Records
Q180582,Bauhaus,She's in Parties,620499372,Qxqq5vahHKk,wikidata,Beggars Banquet Records
Q9353279,Bayer full,Wszyscy Polacy,780389842,SHtsOzkxCDo,name,Bayer Full
Q66817366,Beabadoobe,the perfect pair,1641651592,HwtEBQiuX-c,wikidata,Beabadoobee
Q4875710,Beach Fossils,Sleep Apnea,485152262,yhAXUj-4yek,name,Beach Fossils
Q812842,Beach House,Master of None,373082541,EmRBqX2xbNU,wikidata,BeachHouseVideoZone
Q2573649,Beardyman,Vampire Skank,39878871,KEKjrQI90A4,name,Beardyman
Q214039,Beastie Boys,Sabotage,3119536,z5rRZdiu1UE,wikidata,BeastieBoys
Q813076,Beat Happening,What's Important,102620032,InkVxDNkris,wikidata,dbsyd
Q2409676,Beatmasters,,,,,
Q2893080,Beau Jocque,Breezin',12376372,pJFcYkDX-80,name,RetroJenny
Q2893053,BeauSoleil,L'ouragon (The Hurricane),1222225762,ov4duZxpHmA,wikidata,Jeannie Gretschel
Q276413,Bebe Barron,,,,,
Q16336862,Bebeto,,,,,
Q813553,Bebo Valdés,,,,,
Q4879261,Bedhead,,,,,
Q48173,Bedřich Smetana,Z domoviny,2768658371,PeHvitoLeb0,name,Pepikus Gaunerius
Q133405,Bee Gees,Stayin Alive,139138743,fNFzfwLM72c,wikidata,beegees
Q589846,Beenie Man,Dude,3393740,v3Xuz6u6tYA,wikidata,Beenie Man
Q4880442,Beggar and Co,,,,,
Q3595116,Begum Akhtar,,,,,
Q272260,Behemoth,"I, Scvlptor",4052293231,NzilD6L6P1k,wikidata,Behemoth and Nuclear Blast Records
Q814482,Beherit,The Gate Of Nanna,2077304897,CMoMlo8MgKU,wikidata,Sergio Guzmán
Q692668,Beirut,Nantes,426572052,R781LDKOVJE,wikidata,Blogothèque and Vincent Moon / Petites Planètes
Q4882032,Belbury Poly,Desert Moons,4170246092,,name,
Q815610,Believer,Imagine Dragons,426057802,7wtfhZwyrcc,wikidata,ImagineDragons
Q463818,Belkıs Akkale,Odam Kireç Tutmuyor,802972602,-rG8apuhyok,name,Kemal Aslan Müzik
Q2894589,Bell Biv DeVoe,Poison,765887552,hgnhVcyLy1I,wikidata,Bell Biv Devoe
Q691568,Belle and Sebastian,"Get Me Away from Here, I'm Dying",2639771,wcKsxHURj24,wikidata,Jeepster Recordings
Q589580,Belphegor,Virtus Asinaria - Prayer,1695139627,ZVWuutfWY8M,wikidata,Nuclear Blast Records
Q52160540,Ben Böhmer,Breathing,807621132,xF5PzY4b3eQ,wikidata,Anjunadeep
Q19544251,Ben Decca,Souffrance d'amour,1151222242,NAcE-H4Dh34,name,Ben Decca
Q816495,Ben Folds Five,Brick,582003,Wt5EHAqhR1c,name,benfoldsTV
Q816527,Ben Johnston,,,,,
Q816535,Ben Klock,October,486397952,MFY69h4U82U,name,ilium
Q4886213,Ben Neill,Souvenir,452161042,,name,
Q677304,Ben Sims,Dubs 3,11964371,-y1BCrhYOqY,name,daniplazz
Q9654390,Benito di Paula,Retalhos De Cetim (Ao Vivo),1386481422,Mk4XngicZtY,name,BenitoDiPaulaVEVO
Q3752508,Benito Lertxundi,Loretxoa,1352094,rOPnirl1Lrk,wikidata,Gabi de la Maza
Q150767,Benjamin Britten,,,,,
Q561142,Benjamin Zephaniah,Palestine,937172662,hoQztCV5NQo,name,Palestine Solidarity Campaign (PSC)
Q311842,Benny Benassi,Cinema,69295405,SUgmtvP42Ms,wikidata,Energy TV
Q46755,Benny Goodman,,,,,
Q560505,Benny Moré,,,,,
Q66584231,Benny the Butcher,Johnny P's Caddy,1634585192,klZNvJArVSE,wikidata,Benny the Butcher
Q2657284,Bentley Rhythm Ace,Bentley's Gonna Sort You Out,5151790,K2WD0dW1Dh8,name,bentley rhythm ace
Q4501,Bernard de Ventadour,,,,,
Q296804,Bernard Herrmann,I Still Can't Sleep / The Cannot Touch Her (Betsy's Theme),13179700,,wikidata,
Q291288,Bernard Parmegiani,Electrorythmes (1966),1492823772,,name,
Q4894178,Bernhard Günter,,,,,
Q506360,Bert Kaempfert,Gemma,24938301,bK1aYXzggDs,wikidata,Last Forever
Q2397929,Bert Williams,Everybody Wants A Key To My Cellar,14554700,U7MgaUeKBp4,name,VintageMusicFm
Q2899291,Berthe Sylva,Les roses blanches,74977125,sJXx7jZX39U,name,Ophelide
Q93349,Bessie Smith,,,,,
Q534389,Best Coast,California Nights,95109116,7U5LWokfRHY,wikidata,Best Coast
Q830536,Bestial Warlust,Bestial Warlust,10763137,,name,
Q458663,Beth Carvalho,Água de chuva no mar (Ao vivo),421856322,yI4jQ89w8SU,wikidata,Arquivo Do samba
Q19846501,Bethel Music,O Holy Night/Holy Forever,3602155962,LK_SoLUiyKs,wikidata,Bethel Music and Garett & Kate
Q831480,Beto Barbosa,Adocica,13152379,USdR2uCkGGY,name,Beto Barbosa 
Q465943,Betty Carter,I Can't Help It,2186178,R-2j_m8cGgE,wikidata,ssou02
Q850616,Between the Buried and Me,The Coma Machine,106938186,R40wAZxMsTg,wikidata,Metal Blade Records
Q36153,Beyoncé,Crazy In Love,609244,ViwtNLUqkMY,wikidata,Beyoncé
Q853266,Beyond,,,,,
Q268288,Bezerra da Silva,Malandragem dá um Tempo,13305236,zDB0za2ikZo,name,Bezerra da Silva
Q121077,Bhimsen Joshi,"Ram, Ram, Ram, Bhajo",1975241,IuR5kV5EMfo,wikidata,Kanishk Gala
Q855109,Bhundu Boys,Foolish Harp/Waerera,3653725022,ngNEk3sJgfQ,name,Yara-Ma-Yha-Who
Q1775226,Bi Kidude,Alaminadura,294276,,name,
Q858464,Big Bad Voodoo Daddy,Mr. Pinstripe Suit,2184700,19MMvOPd7Eg,name,Big Bad Voodoo Daddy
Q449239,Big Bill Broonzy,,,,,
Q572821,Big Black,,,,,
Q858688,Big Brother and the Holding Company,Piece of My Heart,15613151,SCngPse1iiI,wikidata,Janis Joplin
Q858738,Big Country,In A Big Country,1581552,657TZDHZqj4,wikidata,Big Country
Q4905738,Big Freedia,Let Me See Ya,4037234901,9RVDGIGEkhg,wikidata,Big Freedia
Q858908,Big Hawk,You Already Know,64962785,aNCi9u_nBJU,wikidata,DJ Noah 225
Q352225,Big Jay McNeely,There Is Something on Your Mind,115449026,LpsM3IkbrfE,name,tony torres
Q358350,Big Joe Turner,,,,,
Q519289,Big Joe Williams,,,,,
Q316588,Big L,Deadly Combination,3782825482,F0fWqTEFVdM,wikidata,Big L
Q859053,Big Moe,Barre Baby,2751734051,PBi2xWtEYII,wikidata,MexhomieXlll
Q859116,Big Mountain,"Baby, I Love Your Way",846215,utXwIqQj7oE,name-ambiguous,BIG MOUNTAIN
Q72608,Big Star,Thirteen,4307728,9tZT_FdAxpY,wikidata,Big Star
Q13156953,Big Tom,TN'2009,3767382142,I8TJcHXA2DM,name-ambiguous,Big Tom
Q794747,Big Youth,Cool Breeze,65783311,wxCyuU1Fo3s,name,MightySoundz
Q860153,Bikini Kill,Rebel Girl,109805290,bOCWma5vOiQ,wikidata,rp61productions
Q208205,Bill Evans,You Must Believe In Spring,1444366372,koSoQRfG3wI,wikidata,Bill Evans
Q862097,Bill Fay,I Hear You Calling (Still Some Light),1512184532,,name,
Q2903211,Bill Fontana,,,,,
Q2914477,Bill Haley & His Comets,,,,,
Q552511,Bill Laswell,Enharmonic,102668274,,name,
Q170042,Bill Monroe,Muleskinner Blues,3996177,tiRu03RgSWw,name,tomphoman
Q29564107,Billie Eilish,WILDFLOWER,2801558062,l08Zw-RY__Q,wikidata,Billie Eilish
Q104358,Billie Holiday,I'm a Fool to Want You,97693846,qA4BXkF8Dfo,wikidata,Billie Holiday
Q508412,Billy Bragg,A New England,3652908842,l0sNQJRWsck,wikidata,Billy Bragg
Q19758833,Billy J. Kramer & The Dakotas,,,,,
Q320775,Billy Joe Shaver,I Been to Georgia On a Fast Train,86453067,,wikidata,
Q194333,Billy Joel,Uptown Girl,1025659,hCuMWrfXG4E,wikidata,Billy Joel
Q369382,Billy Mayerl,Ev'ry Hour Of The Day,11068412,,name,
Q863212,Billy Paul,Me and Mrs. Jones,82321678,NYOQDnWFXYI,wikidata,Billy Paul
Q863227,Billy Stewart,Summertime,455916462,XWxYx9mmr7U,wikidata,Whatzupduck
Q52004084,Billy Strings,Carry Us Home,4098276961,W74Efm4ZBGw,name,Billy Strings
Q16247049,Billy Woods,No Hard Feelings,2934868341,zwzIaa6xrNg,name,billy woods
Q72984,Bing Crosby,I Wish You A Merry Christmas,3399696,L6Bz1vOMxOg,wikidata,Bing Crosby
Q4914497,Binomio de Oro de América,Olvídala,1963948,f1zmyjhY7rs,name-ambiguous,Binomio De Oro De América Oficial 
Q803876,Biohazard,Judgment Night,13254185,ZYfwoWM2uCc,wikidata,cris
Q616371,Biosphere,,,,,
Q438849,Birthe Kjær,Pas På Den Knaldrøde Gummibåd,497158372,VrDseFEOwAo,wikidata,williwildman
Q502307,Biréli Lagrène,Sunny,563318132,sFzZIArP0q8,name,Joscho Stephan
Q379707,Bismillah Khan,,,,,
Q225131,Bix Beiderbecke,Singin' The Blues,1066643,0Ue9igC7flI,name,fskeptical
Q505882,Biz Markie,Just a Friend,6627454,VrYdfGmjUIE,wikidata,Biz Markie
Q115946577,Bizzy Banks,Don't Start,955179202,DtAc6nbDHp0,name,Bizzy Banks
Q42455,Björk,All Is Full Of Love,2680203912,u0cS1FaKPWY,wikidata,björk
Q2337562,Black 47,Livin' In America,3399467,L6ruZPjq3b4,wikidata,Black47nyc
Q880116,Black Box,Ride on Time,70051871,M0quXl_od3g,name-ambiguous,BlackBoxHouse
Q16215736,Black Coffee,Keep Moving,132679052,w6r6bwhDC54,wikidata,DJRAHSEAN CHANNEL
Q880229,Black Dyke Band,The Trombone King,76686302,,wikidata,
Q464476,Black Flag,Rise Above,1602535,QD65dEbDLb4,wikidata,dddyyllaannn
Q47670,Black Sabbath,Paranoid,74062292,0qanF-91aJo,wikidata,Black Sabbath
Q880574,Black Star,,,,,
Q158442,Black Sun Empire,Feed the Machine,553712442,-rULmvm48_o,name,blacksunempire
Q4921986,Black Tambourine,We Can't Be Friends,436032762,-iTgAXtLJMc,name,Machinegunhalligan
Q2290182,Black Tape for a Blue Girl,Jamais Pars,65460153,375i8-bCpX4,name,Antonio Secondo
Q12303765,Black Tongue,Fauxhammer,111885004,zyMNXqn5leA,name,Black Tongue
Q804260,Black Uhuru,Sponji Reggae,3041887,fcEP801Xlow,name,ELGROOVER
Q16176303,Blackmill,Let It Be,22945401,sDI6HTR9arA,wikidata,BlackmillMusic
Q25056945,Blackpink,JUMP,3454677991,CgCVZdcKcqY,wikidata,BLACKPINK
Q222517,Blackstreet,No Diggity,916496,3KL9mRus19o,wikidata,Blackstreet
Q94831,Blake Shelton,God's Country,654789872,ZEWGyyLiqY4,wikidata,Blake Shelton
Q60194398,Blank Banshee,Fund My Death,1156271902,CJ9pEen4n7E,wikidata,BLANK BANSHEE
Q4925240,Blaqstarr,Slide To The Left,74878554,JJZcTmO5ASA,wikidata,Blaqstarr Promo
Q3750957,Blas de Laserna,,,,,
Q881957,Blasphemy,Weltering in Blood,2766783801,r71v7FdO09E,wikidata,BLASPhEMy
Q16319658,Blasterjaxx,Désenchantée 3000,3925239971,GKRtsssnpak,wikidata,Niza
Q28803195,Blawan,Auto Fake,4263571891,dkmvTCBivBI,name,Blawan
Q357476,Blaze Bayley,Born As A Stranger,64874483,pnKLY3OTtPw,name,blaze888883
Q838942,Blessthefall,Cutthroat,3750645812,fAusXZwek-4,wikidata,riserecords
Q742396,Blind Blake,,,,,
Q174478,Blind Boy Fuller,,,,,
Q152540,Blind Guardian,The Bard's Song,679582582,n63UbX5kzAc,wikidata,Blind Guardian
Q45001,Blind Lemon Jefferson,,,,,
Q712586,Blind Willie Johnson,"Dark Was the Night, Cold Was the Ground",70579210,W6V9xGgkl3g,name,Ben Gateno
Q181689,Blind Willie McTell,,,,,
Q482477,Blink-182,All The Small Things,127354207,9Ht5RZpzPqw,wikidata,blink-182
Q884460,Blitz,Você Não Soube Me Amar,3401132,Sd2JTUJ1obY,name-ambiguous,Blitz Oficial
Q884489,Blitzkid,,,,,
Q205838,Bloc Party,Lagoon Blue,3984109231,HQxomS-L2Ss,wikidata,Bloc Party
Q740388,Blockhead,,,,,
Q202741,Blondie,Heart Of Glass,3121608,WGU_4-5RaxU,wikidata,BlondieMusicOfficial
Q885101,Blood Ceremony,,,,,
Q885177,Blood on the Dance Floor,Scream for My Icecream,26014361,xaavsNmPvIo,name,Blood On The Dance Floor
Q885152,Blood Stain Child,Sirius VI,77289927,djLJt_HFfX4,wikidata,mh5916
Q48995,"Blood, Sweat & Tears",,,,,
Q804567,Blue Cheer,Summertime Blues,2114431,as1NcX31szs,wikidata,Beat-Club
Q584835,Blue Diamonds,,,,,
Q886036,Blues Incorporated,,,,,
Q11894,Blumfeld,Anders als glücklich,3832334221,1sUizvj9Tcw,name,farin196
Q485820,Blur,Song 2,3102130,SSbBvKaM6sk,wikidata,Blur
Q632229,Blut Aus Nord,Sybelius,727008742,,wikidata,
Q208881,Bo Diddley,I'm A Man,538672052,_4gTFwxXS4U,wikidata,Mercury Studios
Q722778,Boards of Canada,Prophecy At 1420 MHz,4047670901,74NluS3jzTo,wikidata,Boards of Canada and Warp Records
Q5307900,Bob Childers,A Regular Guy,77285983,,name,
Q4932094,Bob Cobbing,,,,,
Q392,Bob Dylan,Knockin' On Heaven's Door,75768727,rm9coqlk8fY,wikidata,Bob Dylan
Q888012,Bob James,Angela,531413901,kqw3UNXUdbU,wikidata,Bob James
Q2525354,Bob Marley & The Wailers,Could You Be Loved,2542703,1ti2YCFgCoI,wikidata,Bob Marley
Q364131,Bob Seger,The Answer's In The Question,4220682952,Q6zeec9SSxU,wikidata,Bob Seger
Q223167,Bob Sinclar,Rock This Party (Everybody Dance Now),2634178712,540TZqL5lxM,wikidata,Aaron Evans' Music Archive
Q888326,Bob Wills,,,,,
Q272253,Bobbie Gentry,Ode To Billie Joe,3102672,RlPNjWEIrhQ,name,WeAreThe60s
Q541634,Bobby Bland,Lovin' On Borrowed Time,120342108,g4jbN-lZaLc,wikidata,HCR Vinyl 
Q311241,Bobby Brown,My Prerogative,921945582,5cDLZqe735k,wikidata,Bobby Brown
Q2907992,Bobby Orlando,,,,,
Q890064,Body Count,Civil War,145425380,2Rm4lzas-rw,wikidata,Nu Metal World
Q566555,Bohren & der Club of Gore,Constant Fear,134456526,W2zkN74s72M,wikidata,Advice Skeleton
Q223258,Bohuslav Martinů,,,,,
Q16199628,Boldy James,Great Adventures,1589685722,Mqgm5SOu9wA,wikidata,Al Chemist
Q887911,Bomba Estéreo,Soy Yo,100115954,bxWxXncl53U,wikidata,Bomba Estéreo
Q3519929,Bombay Jayashri,Mudher Kanave,1352194792,wocpryYyH5E,name,Kaviyum Isaiyum
Q891919,Bombino,Iyat Ninhay / Jaguar (A Great Desert I Saw),140252069,uZIGvLEH0KU,name,Tommy Perry
Q15623395,Bombs Away,Drunk Arcade,3115649471,V2NgAWLe7x8,wikidata,Central Station Records
Q357340,Bon Iver,"Hey, Ma",711556082,HDAKS18Gv1U,wikidata,Bon Iver
Q259254,Bon Jovi,Livin' On A Prayer,538660022,lDK9QqIzhwk,wikidata,Bon Jovi
Q9661296,Bonde do Tigrão,O Baile Todo,15834159,m2AHbiIX3_0,name-ambiguous,Bonde do Tigrão
Q892294,Bone Crusher,,,,,
Q4444669,Bone Thugs-n-Harmony,Thuggish Ruggish Bone,134648862,2tzSjtuMGOQ,wikidata,Bone Thugs-N-Harmony
Q21857084,Bones,,,,,
Q726018,Boney James,I Belong To You,4192720092,HSv3xM9B6s0,name,Boney James
Q156298,Boney M.,Daddy Cool,364951,FYGTT7YhywA,wikidata,Boney M.
Q2042222,Bong-Ra,,,,,
Q892422,Bongo Maffin,Thathisigubhu,2222668297,xNoO_WCzg0w,name,THE HIGHER TABLE PODCAST TAFULANI
Q2288552,Bongzilla,Stone a Pig,11473470,LT2GcXci_yI,name,Houdini116
Q707967,Bonobo,Uncasually,4075412731,zqLw0MITsmA,wikidata,Bonobo and Ninja Tune
Q205356,Bonzo Dog Doo-Dah Band,,,,,
Q892968,Boogie Down Productions,The Bridge Is Over,125311154,UXhyNMryitk,wikidata,Weedy Weed Smoker
Q893007,Booker T. & the M.G.'s,,,,,
Q4943439,Boom Shaka,,,,,
Q452411,Bootsy Collins,Bubble Pop,3266539681,zHlQovHhwJg,wikidata,Bootsy Collins
Q893231,Boozoo Chavis,Bottle Up And Go,1762357627,,name,
Q1328096,Boredoms,,,,,
Q50674,Borgore,Unicorn Zombie Apocalypse,2531553161,CPXv392pc9k,wikidata,Spinnin' Records
Q893604,Boris,Electric,1455990412,obYFjBkxMZ8,wikidata,neeachan
Q679818,Born of Osiris,Elevate,3316668451,y_epPJr52LA,wikidata,SUMERIAN
Q16502244,Bossa Três,,,,,
Q204289,Boston,More Than a Feeling,84340025,t4QK8RxCAwo,wikidata,BOSTON
Q848428,Botch,,,,,
Q894958,Boubacar Traoré,Hona,92724384,wIGU11nopN0,name,Lusafrica
Q2921492,Boudjemaâ El Ankis,,,,,
Q4949476,Boukan Ginen,Ede M Chante (Help Me To Sing),5588315,Zt7w-RQuBXM,name,Pouki music
Q11182116,Boukman Eksperyans,Ke M Pa Sote,3016059,FBN2z0mgALk,name,Emmanuel V
Q848590,Bounty Killer,Ride (Road Cut),2557508492,,wikidata,
Q96308743,Boy Pablo,,,,,
Q9178266,Boys,Szalona,95437038,c2i4h7Q-8sA,name-ambiguous,BOYS
Q706820,Boys Noize,1+1+1,4264024022,,wikidata,
Q651231,Boyz II Men,End Of The Road,2426056,zDKO6XYXioc,wikidata,Boyz II Men
Q896109,Boz Scaggs,Lowdown,563391,I-hKBmTAADo,wikidata,Boz Scaggs
Q212455,Boøwy,Marionette,433316872,agds1TnPNNE,wikidata,伝説のロックバンドBOØWY
Q356187,Brad Mehldau,,,,,
Q39639,Brad Paisley,Whiskey Lullaby,14404294,IZbN_nmxAGk,wikidata,BRADPAISLEY
Q1042647,Braguinha,,,,,
Q4955640,Braid,Never Will Come For Us,1982303177,a3cAYPItciQ,wikidata,Polyvinyl Records
Q2923594,Brain Damage,Hurtful dub,226376,UEy5-2N6iQg,wikidata,Brain Damage
Q164060,Brandi Carlile,Life On The Run,4022864071,13foRUxhss0,wikidata,Brandi Carlile
Q454819,Branford Marsalis,Deep Moaning Blues,1159048082,75_yC3soUX0,name,POWER THEME
Q30509,Bratmobile,Bitch Theme,2999044121,Qpvh8a3EeY0,name,David Schwarcz
Q4958389,Brave Old World,Chernobyl,740892252,4DkhDpV_1ZU,name,naneo
Q903536,Bread,Everything I Own,675098,hlOwOFJJ-RI,wikidata,Glamour Music
Q903674,Breakbot,Baby I'm Yours,57630641,6okxuiiHx2w,wikidata,Ed Banger Records and Breakbot
Q186840,Brenda Fassie,Vuli Ndlela,3339286561,JB-OGtSEc64,wikidata,Brenda Fassie
Q230925,Brenda Lee,Emotions,508367582,hbWoSuxzLyM,wikidata,John1948TwoB1b
Q4961096,Brendan Shine,Where Did You Meet Her,89365505,o9s5UfXwCnc,name,Go Irish Country
Q909017,Brennan Heart,Imaginary,70559985,h9I-9Sj4sKs,name,I AM HARDSTYLE
Q25189679,Brett Young,In Case You Didn't Know,141820983,7qaHdHpSjX8,wikidata,Brett Young
Q569003,Brian Eno,An Ending (Ascent),674055242,OlaTeXX3uH8,wikidata,Brian Eno
Q462291,Brian Ferneyhough,,,,,
Q453074,Brian Setzer,Summertime Blues (Studio Outtake/24-Bit Mastered 99),3404088,,name,
Q915714,Bright Eyes,First Day of My Life,1357792772,pDm7xWsf3VM,wikidata,Bright Eyes
Q9179347,Brighter Death Now,,,,,
Q917541,Brinsley Schwarz,Happy Doing What We're Doing,3361556,4MJGKACmXM4,wikidata,Bernd Moeller
Q11975,Britney Spears,...Baby One More Time,540175,C-u5WLJ9Yk4,wikidata,Britney Spears
Q925946,Brokencyde,Teach Me How to Scream,7501827,Zbg6lwq5yS4,name,brokeNCYDETV
Q2926060,Bronco,A Qué Le Tiramos,13273558,SkOPyvlZbnQ,name-ambiguous,Bronco El Gigante
Q3507588,Brontosauři,Tulacky rano,6960408,tfi8Xmo8AAY,name,Pavel Habeš
Q942076,Brotha Lynch Hung,Sweeney Todd,63435619,hSiIqMdrL8s,wikidata,Brotha Lynch Hung
Q4975550,Brother Resistance,Dancin Shoes Rapso,1386507892,1rXVDNeP-hw,name,Left Ear Records
Q1225,Bruce Springsteen,Streets of Philadelphia,552942362,4z2DtNW79sQ,wikidata,Bruce Springsteen
Q994671,Brutal Truth,Birth of Ignorance,70981984,r2a8hhm4OPs,name,DeathMetalArchive
Q482907,Bryan Adams,Heaven,88902737,3eT464L1YRA,wikidata,Bryan Adams
Q53567275,Bryant Myers,Triste,531563411,Cs90oZAAsho,wikidata,Bryant Myers
Q21066641,Bryson Tiller,Don't,107744166,d7cVLE4SaN0,wikidata,Bryson Tiller
Q13580495,BTS,SWIM,3907717261,b4iVv91Z6lY,wikidata,HYBE LABELS
Q958708,Bubba Sparxxx,Ms. New Booty,3405985,,wikidata,
Q712353,Buck Owens,Made In Japan,103470976,udHeBbv0RcI,wikidata,dave smith
Q999313,Buck-Tick,Dress,2120716257,cyD4d6EovNw,name,synistere
Q430224,Buckcherry,Say Fuck It,82265338,0D28i_Y40eo,wikidata,Buckcherry
Q999968,Buckwheat Zydeco,Ma Tit Fille,2760157,Sfdc4-LiSNg,wikidata,Dump's Dump - 90's Live TV Performances
Q312692,Bud Powell,Tempus Fugit,2328611,yrO45Tzvhxg,name,CadillacBoneZ
Q314208,Buddy Guy,Blue No More,508752632,Ocs_Xl6q_RA,wikidata,Buddy Guy
Q5977,Buddy Holly,Everyday,13210871,GMezwtB1oCU,wikidata,nocturon
Q4984912,Buddy MacMaster,E Minor Jigs (Mac Morin Piano),69083584,,name,
Q842415,Buena Vista Social Club,Chan Chan,3750650202,fE4Sf7vXgbo,wikidata,Buena Vista Social Club
Q48992,Buffalo Springfield,For What It's Worth,3586842,80_39eAx3z8,wikidata,RHINO
Q897564,Bugge Wesseltoft,Yellow is the Colour,618729972,LydYEu1frR8,wikidata,sayeyem
Q1002589,Bugz in the Attic,Losalamitoslatinfunklovesong (Re-Work),7928271,,wikidata,
Q4723615,Buhurizade Itri Efendi,,,,,
Q1003115,Built to Spill,Goin' Against Your Mind,733903,cH9EJg4o9-s,wikidata,Harper love bland
Q560642,Buju Banton,Hills And Valleys,63429145,0k27suBmV0U,wikidata,Yojimbo VI
Q918497,Bukka White,,,,,
Q239652,Bulat Okudzhava,Belorusskiy vokzal,947415052,,name,
Q65231869,Bulimundo,Djâm Brancu Dja,379789521,Eg5dSwk0QJ4,name,Lusafrica
Q485385,Bullet for My Valentine,Social Apocalypse,4270867292,8Dg6w1d9Klo,wikidata,Bullet For My Valentine
Q4997720,Bunji Garlin,Hard Fete,2030252687,KbIzPGUQUks,name,BadBeagleTube
Q1010243,Buraka Som Sistema,Kalemba (Wegue - Wegue),3173760221,OpYR7ilLbfo,name,BURAKA
Q552245,Burial,Moth,1635226042,TJ_7-n02nEg,wikidata,Four Tet
Q17305712,Burna Boy,On the Low,585584062,Ecl8Aod0Tl0,wikidata,Burna Boy
Q361646,Burning Spear,Hail H.I.M,3406249,2m76FRV92Rg,name,ReggaeRootsChannel
Q212762,Burt Bacharach,What The World Needs Now Is Love,3067897,iX8FH9vO6v4,wikidata,Teatro La Fenice
Q193172,Burzum,Ea. Lord of the Depths,14475864,7-aF0tqXsRs,wikidata,Burzum
Q919961,Busdriver,Imaginary Places,112558254,-Rl4pTl832A,wikidata,The Mad Modder
Q2928714,Bush Tetras,Das Ah Riot,1506008812,4hwHy_e92uQ,name,SoulStylistJukeBox
Q59185,Busta Rhymes,I Know What You Want,13202000,WDaNJW_jEBo,wikidata,Busta Rhymes
Q1017857,Butch Morris,,,,,
Q1018174,Butthole Surfers,Pepper,3643236,KRXty8lDUW0,wikidata,Butthole Surfers
Q1018354,Buzz Fuzz,,,,,
Q939329,Buzzcocks,Ever Fallen in Love?,376015631,,wikidata,
Q3647810,Buzzoven,,,,,
Q16954729,Byron Lee and the Dragonaires,,,,,
Q16090207,Byun Jin-sub,,,,,
Q797247,BZN,Just An Illusion,101295662,9idmedIj5pk,wikidata,Hanss1234
Q83326,Béla Bartók,Contrasts: Verbunkos,16215615,uKYY0vC3H24,name,Yasmina Spiegelberg
Q561390,Béla Fleck,Vertigo,3750640022,k42r0kxmP60,wikidata,Béla Fleck
Q467067,Bülent Ersoy,Yüzünü Göremem,66173593,mImvOvKjxtE,wikidata,MuzikPlay
Q2772878,C-Bo,,,,,
Q2553609,C. Aswath,,,,,
Q2930445,C. J. Chenier,"Au Contraire, Mon Frere",3874197631,,name,
Q1022574,C. W. McCall,,,,,
Q23540938,C4 Pedro,,,,,
Q273079,Cab Calloway,Minnie the Moocher (Theme Song),1068030,,wikidata,
Q1024747,Cabaret Voltaire,Why Kill Time (When You Can Kill Yourself),75373242,,wikidata,
Q562148,Cachao,,,,,
Q309983,Caetano Veloso,Sozinho (Ao Vivo),921568,z7yWWsI5KcQ,name,Caetano Veloso
Q16939621,Caju & Castanha,,,,,
Q491368,Cal Tjader,,,,,
Q495322,Calabrese,He Who Flees the Light,722826242,j_RbPGP3rMc,name-ambiguous,CALABRESE 🦇
Q9674234,Calcinha Preta,Mágica,74455869,t_igZoSUwGc,name-ambiguous,Calcinha Preta
Q1844152,Calibre,Mr Majestic,127031025,Nswe73umPQk,wikidata,DJMishMash1990
Q126201846,Callejero Fino,OA TA TA,4224799832,tZR14maEPNY,name,Moda Argentina
Q4356602,Calypso Rose,Calypso Queen,121487308,l-j-tPbOfYQ,wikidata,Calypso Rose
Q718180,Camané,Sei de um rio,3140082,pJouVU0jlH0,name,Camané
Q312093,Camarón de la Isla,Como El Agua (Tangos),90270231,,name,
Q2934725,Camela,Cuando zarpa el amor,3365352,POePrzXBI9Q,name,Camela
Q922528,Cameo,Word Up,2600934,MZjAantupsA,wikidata,CameoVEVO
Q1028565,Camera Obscura,"Lloyd, I'm Ready To Be Heartbroken",3220341151,vlryei9U3sg,wikidata,Camera Obscura
Q150445,Camille Saint-Saëns,,,,,
Q1029506,Camilo Sesto,¿Quieres Ser Mi Amante?,1045152,-uI3TLSNp6c,name-ambiguous,Camilo Sesto
Q5742219,Camilo Zapata,,,,,
Q701735,Camo & Krooked,Redemption,4128540551,E9bDnKs5QnY,wikidata,UKF Drum & Bass
Q170132,Can,Vitamin C,75457546,YmN9oHa3ZIQ,wikidata,Mute
Q449200,Candi Staton,Young Hearts Run Free,720737,FRAA-EIM4d0,wikidata,The Real Candi Staton
Q1366214,Candies,,,,,
Q840197,Candlemass,Solitude,138788341,woe_4gkS4XU,wikidata,WhoTendsTheFire
Q339088,Canned Heat,Going Up The Country,3151773,nBhpiUFSYWI,wikidata,fritz51320
Q485231,Cannibal Corpse,Hammer Smashed Face,70877831,vlgiWBCbCJk,wikidata,Metal Blade Records
Q110477,Cannonball Adderley,Autumn Leaves,3105353,u37RF5xKNq8,wikidata,jazzhole13
Q1033480,Cannon’s Jug Stompers,,,,,
Q2289503,Canta U Populu Corsu,Viaghji,1870958567,fenOoIalyzs,name,Paghjella
Q3656583,Canzoniere Grecanico Salentino,Bella ci dormi,71116565,jM2pYJfbWCE,wikidata,fioridimenta
Q1035235,Cap'n Jazz,Little League,378410171,qCTpqHiPmxo,name,weezerfordays
Q1034596,Capercaillie,Tighinn Air A'mhuir Am Fear A Phosas Mi,863005862,9Rx0R3g_6Ck,wikidata,isomerled
Q9696192,Capiba,,,,,
Q5035789,Capitalist Casualties,Violence Junkie,16554918,_GDMVa94abA,name,burnashell666
Q536588,Capleton,Who Dem?,63413281,rJWqjO8tggE,wikidata,tade69
Q1034857,Cappella,U Got 2 Let The Music,61405980,y3KihWJRh6U,name,zyxdance
Q306509,Capsule,Start,2020751857,y4QvRFrXPWA,name-ambiguous,Capsule Video
Q312264,Captain Beefheart,"Sure 'Nuff 'N Yes, I Do",437455912,0yRofG_rbV4,wikidata,Terry Jones Printers Music Videos & Other Oddities
Q1035247,Car Bomb,Lights Out,132082552,DqiVp0Nx5I4,name,Car Bomb
Q22080761,Car Seat Headrest,Sober to Death,457150992,Ydv6usKn2rg,wikidata,Matador Records and carseatheadrest
Q1035286,Carabao,Made in Thailand,3865286,sKuA8t9cP-I,name,Carabao Official
Q1035310,Carach Angren,Draw Blood,3464158671,,wikidata,
Q11194338,Caravan,,,,,
Q1035442,Caravan Palace,Lone Digger,102208898,UbQgXeY_zi4,wikidata,CaravanPalace
Q2556934,Carbon Based Lifeforms,Supersede,828530952,XvpqTPYBDKg,wikidata,Carbon Based Lifeforms
Q283835,Carcass,Heartwork,1360796682,ZpbpOgUybBM,wikidata,Earache Records
Q2938788,Carimi,Kidnapping,215007,sDXM_3AtLt0,name,hatianmuzik
Q962197,Carl Craig,The Melody,144858134,ZFHD9QpQDFA,wikidata,verygudveryguud
Q215333,Carl Czerny,,,,,
Q158899,Carl Loewe,,,,,
Q310339,Carl Perkins,Birth Of Rock And Roll,998833072,A0waCX1BfaI,wikidata,Brunceling
Q76428,Carl Philipp Emanuel Bach,,,,,
Q462426,Carla Thomas,B-A-B-Y,82411468,FZu6FMAksrs,name,RHINO and Stax Records
Q269335,Carles Benavent,Sencillito,78308893,9ewk9rSoE6k,name,Nuevos Medios
Q192958,Carlo Gesualdo,,,,,
Q98456012,Carlos Burity,Tona Caxi,102683326,,name,
Q983479,Carlos do Carmo,Lisboa Menina E Moça,4229599,rO-McbaFC10,name,The Voice Portugal
Q229613,Carlos Gardel,Volver,13307838,MCwtzp8b8uk,name-ambiguous,Carlos Gardel
Q567872,Carlos Lyra,Influência Do Jazz,1577530272,-f96W5ta2r0,name,simplyscrummy
Q952965,Carlos Paredes,"Canção Verdes Anos (Do Filme ""Os Verdes Anos"")",2042134,,wikidata,
Q139465,Carlos Varela,Una Palabra,872357952,0GdlcfQhTIU,name,Carlos Varela
Q965888,Carlos Vives,La Bicicleta,420364332,-UV0QGLmYys,wikidata,Carlos Vives
Q5752293,Carlota Jaramillo,La Ingratitud (Albazo Ecuador),575832722,,wikidata,
Q240371,Carmen McRae,,,,,
Q121655,Carmen Miranda,,,,,
Q338693,Carmélia Alves,,,,,
Q1044027,Carnifex,More Than Misery,4194736982,6OYqFMevLY0,wikidata,SUMERIAN and Carnifex
Q217787,Carole King,It's Too Late,119819702,VkKxmnrRVHo,wikidata,Carole King
Q1044384,Carolina Chocolate Drops,,,,,
Q160111,Carpathian Forest,A Forest,1967435,gPXKfFqbArw,wikidata,ImmortalfighterX
Q24666176,Carpenter Brut,Turbo Killer,375302181,wy9r2qeouiQ,wikidata,Carpenter Brut
Q215546,Carrie Underwood,Before He Cheats,90944585,WaSy8yy-mr8,wikidata,Carrie Underwood
Q5046623,Carroll Thompson,Let The Music Play,3588628991,1dO1hbG0chI,name,Pet Shop Boys
Q1412029,Carter Family,Can the Circle Be Unbroken,854279,E0mGl3n9V4o,name-ambiguous,The Carter Family Channel
Q2710419,Cartola,Preciso Me Encontrar,76377926,56mu8KSUYqk,name,Cartola
Q601243,Cartoons,Diddley-Dee,3102119,-CDso8qlX1U,wikidata,dogswithdogs1
Q858880,Cascada,Everytime We Touch,79976878,LjZ2zwXbta4,wikidata,CASCADA
Q125989634,Cash Cobain,Hoes Be Mad,3500155471,vjttylZ5yqM,name,Cash Cobain
Q3930275,Cashmere Cat,Quit,353133811,CKhmCh68Qu0,wikidata,Cashmere Cat
Q2941314,Cassiya,Rev nou ancétres,59559051,,name,
Q1049345,Casting Crowns,Nobody,564061232,1yBzIt_z8oY,wikidata,Casting Crowns
Q108798079,Cat Dealers,Sunshine,426002312,5TvcsKZw_BY,wikidata,Cat Dealers
Q111633626,Cat System Corp.,,,,,
Q2778878,Cathedral Quartet,This Old House/ When The Saints,3471225,,wikidata,
Q502291,Catherine Wheel,Crank,2114446,khPqYH23F-E,wikidata,rothkodog
Q405269,Cattle Decapitation,Bring Back the Plague,728999362,lXGSLKWeVwE,name,Metal Blade Records
Q467129,CeCe Peniston,Finally,1758853257,xk8mm1Qmt-Y,wikidata,CeCePenistonVEVO
Q538696,CeCe Winans,Holy Forever,2477909081,2xcFM9CBiOE,wikidata,CeCe Winans
Q363908,Cecil Taylor,Bemsha Swing,3411359,,name,
Q5759771,Cecilia Barraza,Cuando Llora Mi Guitarra,108658010,V6zrDkt6YH8,name,Willy Alarcón
Q474045,Celia Cruz,La Vida Es Un Carnaval,429989292,7Ho86ggAVrY,wikidata,Celia Cruz
Q2038255,Celina González,Lágrimas Negras,72993874,YemqX1yUnII,name,Tito Sakuraba
Q5058467,Celso Piña,Reina de cumbias,78353565,z2c5xCmLiAE,name-ambiguous,Celso Piña Oficial
Q324645,Celtic Frost,Visions of Mortality,3783336452,kp3wNDReQxY,wikidata,Celtic Frost
Q1053260,Cem Karaca,Ceviz Ağacı,66156215,2i1huxKwEmc,wikidata,Anadolu Rock
Q3514773,Cemil Bey,,,,,
Q106078330,Central Cee,Doja,1824910267,_VuJA-VQRcY,wikidata,Lyrical Lemonade
Q17986331,Cephalotripsy,Metamorphic Congenital Malformation,3340746301,NYMWhZI-k5Q,name,BoneCrushDeathMetal
Q1056163,Cerrone,Supernature,1013210122,cJ5V3OZdIZM,name-ambiguous,Cerrone Official
Q103759,Cesária Évora,Sodade,7696449,ku_WZoTtT8Q,wikidata,Cesária Evora
Q544096,Chaba Fadela,N'sel fik,577654602,5nvfphUNGog,name,Oriental Music
Q2605806,Chabuca Granda,Cardo o Ceniza,1368574502,,name,
Q5068109,Chairmen of the Board,,,,,
Q1060648,Chambao,Ahí Estás Tú,2245621,0R4ZiXlWig8,wikidata,Chambao
Q161805,Champion Jack Dupree,,,,,
Q18627374,Chancha Vía Circuito,,,,,
Q5072093,Chango Spasiuk,Gratitud,2454548965,3JHSxbreNmE,wikidata,Chango Spasiuk
Q1062314,Chano Domínguez,La Tarara,16836702,zRiTj1n5RzY,name,Disco
Q1062320,Chano Pozo,,,,,
Q448508,Chantal Goya,Tu m'as trop menti,989572532,Ea4OviwzPIs,name,chantalgoyaTV
Q1062552,Chaos UK,The Alcoholic,1477627262,uEpfOZr13Os,wikidata,Mofestoman
Q2476387,Chapterhouse,Pearl,7583408,5PsN_DfnHQU,name,Jaytothecore
Q5073885,Charalambides,,,,,
Q587086,Charanga Habanera,Arriba De Lo Mal Hecho,1260586862,,wikidata,
Q369916,Charlemagne Palestine,,,,,
Q1785,Charles Aznavour,Emmenez-moi,89572411,0OrKMaeQUx0,wikidata,Charles Aznavour
Q5075804,Charles Bronson,,,,,
Q477571,Charles Tomlinson Griffes,,,,,
Q212549,Charles Trenet,,,,,
Q215161,Charles-Marie Widor,,,,,
Q354519,Charley Patton,,,,,
Q5084390,Charli XCX,Guess featuring billie eilish,2929354381,huGd4efgdPA,wikidata,Charli xcx
Q95699749,Charlie Monttana,Vaquero Rockanrolero,87430097,aY5vJn2yVu4,name,Charlie Monttana
Q921588,Charlie Palmieri,Either You Have It Or You Don’t,686150052,EW_HYpy1aM0,name,Miguel Salseiro
Q103767,Charlie Parker,April In Paris,541527152,tw0rVXblI6g,wikidata,TheRealTobobias
Q1066976,Charlie Poole,Old and Only In the Way,2207569147,SFF4ANolpAc,name,randomandrare
Q563057,Charlie Rich,The Most Beautiful Girl,849363,qLbGeZSUrhg,name-ambiguous,CharlieRichVEVO
Q231207,Charlotte Church,Crazy Chick,574598,,name,
Q22668666,Charlotte de Witte,The Resistance,4246995011,-_G7pZhLOkA,wikidata,Charlotte de Witte
Q2752365,Charly Lownoise and Mental Theo,,,,,
Q5087038,Chas McDevitt,,,,,
Q1067983,Chase & Status,Baddadan,2376304835,rkjNL4dX-U4,wikidata,Chase & Status
Q5087189,Chase Rice,Ready Set Roll,835596672,2a4jXMD-uDI,wikidata,Chase Rice
Q236024,Chavela Vargas,La llorona,58047481,DCtMfkYyKjM,name-ambiguous,ChavelaVargasVEVO
Q1068713,Cheap Trick,I Want You to Want Me,104760756,-qgpewMCVjs,wikidata,Cheap Trick
Q983496,Cheb Hasni,Sbaart Ou Tal Adabi,2655952272,mIEaGZhan8o,name,Cheb Hasni
Q441266,Cheb Mami,Haoulou,3414289,4Lk6b-1HR1o,wikidata,Cheb Mami
Q2743459,Cheikh Raymond,,,,,
Q452186,Cheikha Rimitti,NOUAR,515862492,pCPB6WD87Yw,wikidata,Cheikha Rimitti
Q597911,Chelsea Grin,Recreant,1761335127,7ca6B2uMCoc,name-ambiguous,ChelseagrinTV
Q5092454,Cherry Poppin' Daddies,Zoot Suit Riot,69256670,JZm1krVKzBY,wikidata,Cherry Poppin Daddies
Q72096,Chet Atkins,,,,,
Q2274,Chet Baker,,,,,
Q2963160,Chez Damier,Can You Feel It (MK New York Dub Extended),767705882,2okuO0D57D4,name,TheOuternationalist
Q516712,Chic,Le Freak,72060062,aXgSHL7efKg,wikidata,RHINO
Q371938,Chicago,If You Leave Me Now,3616306,-9_d-sFhmRM,wikidata,Chicago Band
Q76913,Chicane,Offshore,55073951,nK14Xwg4Tgs,wikidata,ChicaneMusic
Q2963377,Chicho Sánchez Ferlosio,Zumba Que Zumba,78163018,mTrFPs09fAA,name,Nuevos Medios
Q505749,Chick Webb,Lindyhopper's Delight,2184471157,n6j5se4M5jI,name,nash4ald
Q968313,Chicken Shack,I’d Rather Go Blind,2148396857,Ohx9Ve7-GS0,wikidata,RedArmyMostar
Q689306,Chicks on Speed,Kaltes Klares Wasser,473238672,uP7G3X8ZDzE,name,chicksonspeed
Q975016,Chiclete com Banana,100% Você,13304593,nqHcwf3Z3OI,name-ambiguous,Chiclete com Banana
Q333632,Chico Buarque,,,,,
Q177824,Chico O'Farrill,,,,,
Q1072239,Chico Trujillo,Loca,3452316101,IlZFahgCL1s,name,M U S U T R U K
Q127362,Chief Keef,Love Sosa,62892170,YWyHZNBz6FE,wikidata,DGainz
Q7677031,Chikuzan Takahashi,,,,,
Q171718,Children of Bodom,Oops!...I Did It Again,2213667307,WGtXlBbWeB4,wikidata,div0ff
Q5099040,Chilli Willi and the Red Hot Peppers,A Page in History,1698613047,UJ283YIJ9Lo,name,The Last Music Company Ltd.
Q80002798,Chimbala,Se Me Nota (Agarrame) (Prod by B-One),1352072082,,wikidata,
Q55584618,Chino Amobi,GÆNOVA,889002662,,name,
Q302533,Chiodos,TAPDAT,4123977951,y3NjgsrGnI0,wikidata,SharpTone Records and chiodos
Q17305057,Chipzel,Courtesy,76638266,N6atL8AwzKc,wikidata,chipzel
Q465902,Chiquinha Gonzaga,Ô Abre Alas!,558199602,m_vaRKqCDYM,name,MK Nuwtri
Q240841,Chitose Hajime,Kataritsugukoto,976081112,GVKIdOeKgG0,name,Max Jonathan
Q505348,Chitãozinho & Xororó,,,,,
Q1075851,Choking Victim,,,,,
Q5767112,Cholo Valderrama,Soy el Llano,11786943,GB1Y0cYFIlU,name,Cholo Valderrama
Q130407844,Chow Lee,ms.beautiful V,2634136702,EgZ0Nz3uUfs,name,CHOW LEE
Q329610,Chris Ardoin,"1,000 Kisses",74918922,ZVQbw9bk_eo,name,Zydecotakeover
Q491092,Chris Barber,Til the Next Time I'm in Town,1698889447,,name,
Q11299332,Chris Dench,,,,,
Q17916987,Chris Lane,I Don't Know About You,2851531412,8aUzwbp_NfI,wikidata,Chris Lane
Q67372,Chris Liebing,,,,,
Q5107266,Chris Lorenzo,California Dreamin',1509535182,aNggrPAi5dg,wikidata,Chris Lorenzo
Q714033,Chris Tomlin,Good Good Father,108648268,CqybaIesbuA,wikidata,Chris Tomlin
Q1079267,Christian Death,Romeo's Distress (1),16389596,,wikidata,
Q658733,Christian Wolff,,,,,
Q5110740,Christina Aguilar,,,,,
Q41594,Christina Aguilera,Genie In a Bottle,15627386,kIDWgqDBNXA,wikidata,Christina Aguilera
Q1083203,Christina Kubisch,,,,,
Q23021832,Christine Salem,Mi larg'ra pa lo kor,113411924,04HTj2Nbm4U,wikidata,Outre-mer La 1ère
Q5111694,Christoph de Babalon,Expressure,83128270,DZJWqgfIcV8,name,The Amen Connection
Q130759,Christoph Willibald von Gluck,,,,,
Q5111843,Christopher Allen Bouchillon,,,,,
Q445438,Christopher Cross,Sailing,5093865,9PnXcP8ZI7M,wikidata,Christopher Cross
Q732135,Chrisye,Seperti Yang Kau Minta,585433122,bVPtgpp2Ch4,name,Chrisye Musica Official
Q16939761,Chrystian & Ralf,Nova York,9054585,mcKFhbbXV0U,name,Roberto Di Aguiar
Q5921,Chuck Berry,Roll Over Beethoven,540188892,sagmwSY-ZEY,wikidata,the rockabillie
Q2967586,Chuck Brown,Chuck Baby,64919607,xPoNhZx8t8w,name,ProSeXe
Q945778,Chuck Mangione,Feels So Good,548727132,ZOtxTyJmxVI,wikidata,Chuck Mangione
Q1089237,Chuckie,,,,,
Q584447,"Chunk! No, Captain Chunk!",,,,,
Q26370656,Chuquimamani-Condori,,,,,
Q5118436,Chvrches,Roses,4289101562,3x2BXn0cPM8,wikidata,CHVRCHES
Q708582,Chyi Yu,,,,,
Q10748727,Chế Linh,,,,,
Q25349372,Cigarettes After Sex,Apocalypse,144010758,sElE_BfQ67s,wikidata,Cigarettes After Sex
Q286525,Cilla Black,You're My World,71442640,64Aoy91d_SM,wikidata,Cilla Black
Q50398989,Cimarrón,,,,,
Q384023,Cinderella,Don't Know What You Got (Till It's Gone),548729192,i28UEoLXVFQ,wikidata,Cinderella
Q1092459,Cinema Strange,En Hiver,75717506,x05JSXnDTt0,name,DarkVoices1983
Q316074,Cipriano de Rore,,,,,
Q603579,Circa Survive,Act Appalled,16013275,uRuRYqzOaVI,wikidata,Equal Vision Records
Q522463,Circle Jerks,Wild in the Streets,1534202022,sDwcHUeG6Nc,wikidata,Trust Records
Q57444866,City Morgue,DRAINO,827433922,m-BOnqtmMnQ,name,City Morgue
Q867706,City of Caterpillar,And You're Wondering How a Top Floor Could Replace Heaven,94158116,LPZSO4M_-5c,name,SubtleDagger3
Q1094740,Clair Obscur,,,,,
Q69870,Claire Waldoff,,,,,
Q52433533,Clairo,Juna,2759124521,TsxAVFQkXQ8,wikidata,Claire Cottrill
Q23787695,Clams Casino,I'm God,921278352,RiZVjfjgNyY,wikidata,Clams Casino
Q1095015,Clan of Xymox,A Day,948593,x3fsh8JefvM,wikidata,Sound & Vision
Q192609,Clannad,In a Lifetime,3783319702,KsSsb_bxmMk,wikidata,ClannadOfficial
Q447984,Clara Nunes,O Mar Serenou,3419912,drGewMyo00A,name,ClaraNunesVEVO
Q299881,Clara Ward,,,,,
Q1095432,"Clarence ""Gatemouth"" Brown",,,,,
Q1095358,Clarence Ashley,Little Sadie,66159359,uXGAj1e3SdE,name,tennesseestud42
Q4700,Claude Debussy,,,,,
Q365985,Claude François,Alexandrie Alexandra,793796,kt3r3KdGQ90,name,INA Chansons
Q2977736,Claude Léveillée,Un retard,4022342051,cS5B4ojqeLs,name,ClaudeLeveilleeVEVO
Q2980493,Claudia Leitte,agradece,1238068832,OyrddoCbYIw,wikidata,Claudia Leitte
Q380517,Claudio Merulo,,,,,
Q53068,Claudio Monteverdi,Madrigals Book 7 (Symphonia-Tempro La Cetra),499936162,,name,
Q16939861,Claudionor Germano,Elefante de Olinda,84068653,pAUDutHj3LM,name,Alfredo Pessoa
Q833370,Clawfinger,Biggest & the Best,382367691,NDYzZ5fvEm0,wikidata,Clawfinger Official
Q354490,Clifford Brown,Brownie Speaks,3423424,N8u6UvBlVYc,wikidata,Michael C.
Q1101377,Clifton Chenier,I'm Coming Home (To See My Mother),935874172,q8i89uiJGKk,name,Entre2Blues
Q320264,Clint Black,Killin' Time,628956,BAm4nHFOir0,wikidata,Clint Black
Q17299778,Clipping,Nothing is Safe,1137082102,fIrpLBShe1A,wikidata,clipping.
Q744772,Clipse,Chains & Whips,3453936781,,wikidata,
Q1102092,Clock DVA,,,,,
Q2931699,Clouddead,The Velvet Ant,2328467665,vePfqMKdKhI,name,koldo
Q4036325,Club des Belugas,Save a Little Love for Me,17117101,F0zqE82ntTA,name,clippfactory
Q9783121,Clube do Balanço,Paz e Arroz,84470097,cuc2VskwBXE,name,Clube do Balanço
Q705382,Cluster,,,,,
Q578376,Clutch,Wasted Lands,4224621442,Z4kgKBCIGFE,wikidata,OfficialClutch
Q3676067,Coalesce,Measured In Gray,2536339871,mScfJ6_5X8E,wikidata,Sam Stroberg
Q524822,Cobra Starship,You Make Me Feel...,14172440,HpyZEzrDf4c,wikidata,Fueled By Ramen
Q689234,Cock and Ball Torture,,,,,
Q600311,Cock Sparrer,Take 'Em All,1346702342,,wikidata,
Q973104,Cockney Rejects,Bad Man,13459848,EIceLNzqYb8,wikidata,SilesianIntifada
Q1105391,CocoRosie,Lemonade,2940947641,tu3EcAHdHlE,wikidata,Sub Pop
Q588820,Cocteau Twins,Cico Buff,948638,kkxixKRfEnk,wikidata,Cocteau Twins
Q1773603,Codeine,RockStar,3832829391,AxG7zf7rO1E,name-ambiguous,CODEINE BOY'$
Q18244464,Codé di Dona,,,,,
Q1107195,Coil,,,,,
Q698224,Coldcut,True Skool,10237884,PRHCP-Czj0Y,wikidata,Ninja Tune
Q45188,Coldplay,Yellow,3128096,yKNxeF4KMsY,wikidata,Coldplay
Q215120,Cole Porter,,,,,
Q15101510,Cole Swindell,She Had Me At Heads Carolina,1688378527,pW98g-Fb-EU,wikidata,Cole Swindell
Q5148311,Colonial Cousins,Krishna,65373536,CJvK0dox0_M,name,SonyMusicIndiaVEVO
Q1111834,Colosseum,Elegy,3801644292,FUyQZFeiF4c,wikidata,PsychCutioner
Q883407,Colour Haze,Aquamaria,63622707,K7QNffGb86I,name,MasterfulKoT
Q1111988,Colt Ford,Workin' On,95370470,yAfc6i63OY0,name,Colt Ford
Q266782,Combichrist,This S*It Will Fcuk You Up,1758850887,irYabzSh22g,wikidata,LeenyChan
Q2985104,Combustible Edison,Carnival Of Souls,1137197252,OtzhOkhjOg0,name,beatcrazy54
Q1113984,Comeback Kid,Wake The Dead,1286060292,2NTyyCwwDfY,name-ambiguous,Comeback Kid
Q1115087,Commander Cody and His Lost Planet Airmen,,,,,
Q5153131,Commix,How You Gonna Feel,4209148822,4exO0cX20h0,wikidata,VioletLight13
Q286022,Common,The Light,6106509,OjHX7jf-znA,wikidata,Common
Q56281544,Common Kings,Queen Majesty,826224902,UU5AnS0rFDc,name,Common Kings
Q5155511,Company B,Fascinated,14639968,-b-6ksMdkrU,name,Fernando Martinez
Q449083,Company Flow,End to End Burners,3192776041,3m7E0Gk8gLI,name,WhenRapCityWasDope
Q316102,Compay Segundo,Guajira guantanamera,785591,,wikidata,
Q123237633,Con-Dom,,,,,
Q270830,Concha Piquer,Tatuaje,3423860,OkfFRMeKgOc,name,VALENTIMAR
Q2992469,Confetti's,The Sound Of C,90992175,konoGSVj0VM,wikidata,Official Confetti's
Q429952,Conflict,Mighty and Superior,59183201,E3NSA1_bq1c,name,Juan Nunez
Q2273277,Consolidated,You Suck,1634556302,BoyUUu1rPhE,name,NettwerkMusic
Q60297254,Consumer Electronics,,,,,
Q281894,Converge,Love Is Not Enough,3617424102,qxelfxGa2oo,wikidata,Epitaph Records and 2 more
Q32836087,Conway The Machine,Scatter Brain,1331634682,M6qBhi6FBe0,wikidata,Conway the Machine
Q82250,Conway Twitty,"Louisiana Woman, Mississippi Man",120737856,Rm5-sZLBPfs,wikidata,Ben Green
Q5167093,Cookie and the Cupcakes,,,,,
Q922397,Coone,Don't tell your dreams,4266195082,k9LyCx-fJ7w,wikidata,Dirty Workz and Coone
Q16491523,Corazón Serrano,Te Vas Y No Volverás (En Vivo),3252336341,,wikidata,
Q5171205,Cornelio Reyna,Me Caí de la Nube,15390401,w07A3IyV6bw,name-ambiguous,Cornelio Reyna
Q687760,Coroner,Consequence,3484563171,Ooa01reWlEU,wikidata,Coroner and Century Media Records
Q1135391,Corrosion of Conformity,Clean My Wounds,1013395,yvsQsao1F88,wikidata,Corrosion of Conformity
Q1135386,Corrupted,,,,,
Q641531,Corvus Corax,Skál,527252381,FJwY1dZ1ito,wikidata,Delta Mekong Concerts
Q5173544,Cory Band,,,,,
Q5173620,Cory Morrow,Drink One More Round,653761362,GT_NFjg_mII,wikidata,john sandiford
Q2998861,Coumba Gawlo,Dépense,365945581,L27DIEsWrq0,name,coumba gawlo
Q132156971,Coumba Sidibé,Konyan,3331093531,5OwRPi2xSPw,name,Syllart Records
Q107008,Count Basie,Li'l Darlin',3130994,5_Mtgo9WOL0,wikidata,Sno Glider
Q667342,Count Five,Declaration of Independence,86490517,yDXD4uu8cS4,wikidata,Vinyl-45-Obscurities
Q11691580,Count Lasher,Hooligans,3785909092,_7E-2Ud7XiA,name,rico elburrito
Q1137045,Count Raven,Hippies Triumph,470752352,Xr6JiJttyaI,wikidata,mholecek1000
Q1964456,Counterstrike,Million Fucking Pieces,886643532,7TCnNoGupLU,name,Drumad
Q869427,Country Joe and the Fish,Death Sound,3128694,aZG9itgg6gI,name-ambiguous,Country Joe & The Fish
Q2603942,Coupé Cloué,,,,,
Q16390683,Courtney Barnett,One Thing At A Time,3918054761,rPgaP3SJZKU,wikidata,courtneybarnett
Q1138029,Coven,Wicked Woman,2290904125,sN1t-sPxPJM,name-ambiguous,covenmusicvault
Q358619,Cow Cow Davenport,,,,,
Q5179561,Cowboy Troy,I Play Chicken with the Train,3911526,NUPK9z59yUc,name,Warner Records Nashville
Q3520438,Cows,,,,,
Q487479,Cradle of Filth,Nymphetamine Fix,847184,s0H5_gQlClw,wikidata,Cradle Of Filth
Q154222,Craig David,7 Days,143169102,P5lmb5-tnM0,wikidata,Craig David
Q1138865,Cranes,Everywhere,7583439,AovFHWeVYzE,name-ambiguous,Cranes
Q46252,Crashdïet,Sick Enough for Me,3892191391,TimATyHyNjo,name,CRASHDÏET - OFFICIAL
Q842336,Crass,Big a Little A,2629561402,YIdcDL64KCE,wikidata,AnarchoAlan
Q950290,Crazyhead,Have Love Will Travel,3200150,pKBICLPNWDQ,wikidata,CakouGa
Q203736,Cream,Strange Brew,2265588,r0FFTd3bS_8,wikidata,SturmsMusic
Q308816,Creed,One Last Breath,80274648,qnkuBUAwfe0,wikidata,Creed
Q192463,Creedence Clearwater Revival,Have You Ever Seen The Rain,86391911,u1V8YRJnr4Q,wikidata,Creedence Clearwater Revival
Q679287,Crimson Glory,Deep Inside Your Heart,26012161,asnFgCKFqGs,wikidata,Crimson Glory
Q463925,Cristina Branco,Sete Pedaços De Vento,2541411,qTl1EjDxgDU,wikidata,nuestrofado
Q1140657,Cro-Mags,World Peace,718376782,J2jheU9XOwU,wikidata,BLKIIBLK
Q1140997,Crookers,,,,,
Q10461933,"Crosby, Stills, Nash & Young",Our House,3821908,aunVlekXjkE,wikidata,"Crosby, Stills, Nash & Young"
Q5188245,Cross Canadian Ragweed,17,2246711,nR6pkU-_MK4,name,CrossCndnRagweedVEVO
Q5188559,Crossed Out,,,,,
Q1141268,Crossfaith,Omen,976293082,cGJfO3P4s04,wikidata,Tragic Hero Records
Q528912,Crowbar,,,,,
Q1141894,Cruachan,The Harvest,2023395487,uBtCZvo23ic,wikidata,Despotz Records
Q108824597,Cruel Santino,Sparky,674404802,tpc-qsVY-BA,name,Cruel Santino 
Q1142256,Cryptic Slaughter,Sudden Death,95898016,L6nLpc3LElo,name,Lavifer Cesar
Q745915,Cryptopsy,The Nimis Adoration,3244891211,14DRWO79qCI,name,Brian TD Cavenati
Q249141,Crystal Waters,Gypsy Woman (La Da Dee),1926865677,DffZWWeYJn8,name,TheForgottenGiants
Q5192236,Cubic 22,,,,,
Q638889,Cuby + Blizzards,,,,,
Q66551093,Cuco,My 45,3348952691,vEv1qv88W-8,wikidata,Cuco
Q19571978,Culoe De Song,The Bright Forest,4766078,0odxZ3L2hlI,name,Innervisions
Q1143521,Cult of Luna,A Way Back,4165368332,bwfJujvASDU,name,Cult of Luna
Q594748,Culture Beat,Mr. Vain,17347911,ZMtf_ouMTHw,wikidata,Culture Beat
Q50037,Culture Club,Karma Chameleon,3152791,JmcA9LIIXWw,wikidata,Culture Club
Q135275392,Culture Musical Club,Ni Yeye,63115225,hRf-rpBbfnM,name,Africha Entertainment
Q20851250,Curbi,Caliente,4237872242,3EdyUaE_CFk,wikidata,STMPD RCRDS
Q1144846,Curren$y,The Count,505948972,IKvEO9_6WFU,wikidata,Jet Life Recordings
Q739657,Current 93,The Policeman Is Dead,581946812,,wikidata,
Q18967146,Current Value,Changes,2516275381,RBQW5pTswdA,name,Inspector Dubplate
Q310170,Curtis Mayfield,Move on Up,115195420,6Z66wVo7uNw,wikidata,awe
Q2658111,Cut Chemist,The Garden,729281,gHhlaspXVgo,wikidata,maxwolfeee
Q1146597,Cutty Ranks,Limb By Limb,6629032,tPeCHvAJCEQ,wikidata,ladydontekno
Q5197720,Cyber People,Void Vision,108560824,H5Dc8HMbedw,name,ELECTRIFY001
Q939429,Cybotron,Clear,2551269312,YT4qqZHN8no,name,ohral_tv
Q370835,Cynic,Veil of Maya,3876869,hyvAhfwKHxw,name-ambiguous,Cynic
Q322196,Cypress Hill,Insane in the Brain,1015862,RijB8wnJCN0,wikidata,Cypress Hill
Q5202535,César Concepción,,,,,
Q3010495,César Portillo de la Luz,,,,,
Q944365,D'banj,Oliver Twist,496323572,PjVvHFnkXwU,name-ambiguous,Dbanj Records
Q3011042,D. L. Menard,,,,,
Q593139,D. Train,,,,,
Q701692,D.A.F.,Der Mussolini,468609242,eYcUGO-ISXQ,wikidata,DJGOMMY62
Q947198,D4L,Laffy Taffy,3896443,4eVxoIL_Nq0,wikidata,Atlantic Records
Q5207316,Da Tweekaz,Dancefloor Therapy,4090034771,15nnANILqrQ,wikidata,Dirty Workz and 2 more
Q3513698,Dabrye,Take Me Home,1251141602,AOPSgpthezw,name,forecasthinderer
Q272591,Daddy Yankee,Gasolina,3165861441,CCF1_jI8Prk,wikidata,Daddy Yankee
Q185828,Daft Punk,Get Lucky,66609426,5NV6Rdv1a3I,wikidata,Daft Punk
Q747112,Dag Nasty,Can I Say,1717831797,e_HQ06SfK9Y,name,HidVids
Q3011965,Dahmane El Harrachi,,,,,
Q31837635,Dale Cooper Quartet & the Dictaphones,,,,,
Q464185,Daler Mehndi,Tunak Tunak Tun,64927344,92ydUdqWE1g,name,Daler Mehndi Music
Q11855726,Dallapé,,,,,
Q1158232,Damas Gratis,Costumbres (Vivo),1981755497,,name,
Q13081522,Damir Imamović,O bosanske gore snježne,1943463827,xfNw-QKisKw,name,Damir Imamovic
Q16959408,Dan + Shay,"10,000 Hours",767240892,Y2E71oe0aSM,wikidata,Dan + Shay
Q2618270,Dan Leno,,,,,
Q5214189,Dan Penn,The Dark End of the Street,5620091,iGcM_tcJ6Tk,wikidata,Mausl
Q1036131,Dan Snaith,Odessa,371795901,,wikidata,
Q5214626,Dan Zanes,Sloop John B,30822691,,wikidata,
Q3013333,Dance Gavin Dance,We Own the Night,3750836862,Qq_caFxzKqg,wikidata,riserecords
Q57701496,Dance with the Dead,Riot,118768860,W_5unoZTpoQ,wikidata,dancewiththedead
Q433060,Daniel Johnston,True Love Will Find You in the End,1276509492,WA33S3NqAMo,name-ambiguous,Daniel Johnston Official
Q1161999,Daniel O'Donnell,,,,,
Q3014517,Daniel Owino Misiani,,,,,
Q5218703,Daniel Savio,LIKBRÄNNARFÖRENINGEN,3929457691,,name,
Q465927,Daniela Mercury,Rapunzel,11142174,y4STc2Sj0X8,name,Daniela Mercury
Q2337999,Danny Brown,Ain't it Funny,130700444,7L4JnAuW00k,wikidata,dannybrownbruhbruh
Q19873918,Danny L Harle,Two Hearts,3790027382,6s72AHV2cfU,wikidata,Danny L Harle
Q1164771,Danny Tenaglia,Music Is The Answer (Dancin' & Prancin'),608575532,iAuOvLJaQfU,name,Danny Tenaglia
Q3015811,Danyèl Waro,Batarsité,14192528,9rsJCLAsi1E,wikidata,tikafflacourt
Q49277,Daphne Oram,Gosamour,3571290391,,name,
Q5222024,Darach Ó Catháin,,,,,
Q104919331,Dareyes de la Sierra,70 Calaveras,416356082,28IrmkyfYHc,name,JG Music
Q186264,Darius Milhaud,Suite Provencale: VIII. Vif (Studio),64252063,,name,
Q157026,Dark Tranquillity,Atoma,135364960,C_voh9WFbsM,wikidata,Century Media Records
Q748646,Darkspace,,,,,
Q160119,Darkthrone,They Found One Of My Graves,3875873171,yLlDAdenF7o,wikidata,PeacevilleRecords
Q1166670,Darren Styles,Be Somebody,3362751811,hGxJ8uPh8Zk,wikidata,Dirty Workz
Q360591,Darude,Sandstorm,11390027,y6120QOlsfU,wikidata,Darude
Q697508,Das Ich,Destillat,143667644,FjJ5lOSR8Kg,name,Industry Kills
Q976991,Dashboard Confessional,Hands Down,661533112,Jt-U1wcn_QU,wikidata,Dashboard Confessional
Q1998551,Datsik,Firepower,23615121,dXPhxF4xEjk,wikidata,Datsik (Unofficial)
Q3017011,Daughters,,,,,
Q838410,Dave and Ansell Collins,,,,,
Q920288,Dave Bartholomew,,,,,
Q108597,Dave Brubeck,Koto Song (previously unreleased),3571297,m4JtFgcrMPE,wikidata,quchen
Q1173180,Dave Douglas,Poses,968089,,name,
Q1173181,Dave Dudley,Six Days On The Road - Alternate,1202037,,name,
Q1173262,Dave Koz,Christmas (Baby Please Come Home),4281593512,,wikidata,
Q832086,Dave Matthews Band,Crash into Me,7675118,k7in-9E3ImQ,wikidata,Dave Matthews Band
Q97671621,Dave Nada,Blass Is Talking Right Now,454982912,,name,
Q1205935,Dave Rodgers,Deja Vu (2019),1625824432,MIxYVG3nQVE,wikidata,Custom Songs Central
Q5229964,Dave Tarras,Papirossen,857583,,name,
Q711892,David Allan Coe,You Never Even Called Me by My Name,84162357,SCd3jH5CbDw,wikidata,CountryHype
Q708506,David Banner,Like A Pimp,410111602,MKGQ5cIw_ew,wikidata,David Banner
Q5383,David Bowie,Starman,107471926,t365MuktYQs,wikidata,David Bowie
Q560635,David Del Tredici,,,,,
Q1174604,David Grisman,Richochet,14619252,rcdBTHrq0X4,name,ricgrass
Q8298,David Guetta,Titanium,62847142,JRfuAukYTKg,wikidata,David Guetta
Q3018260,David Lang,,,,,
Q1176403,David Rudder,Trini 2 De Bone,83292890,K9OzeJauM0Q,name,Curt Alleyne
Q178112,David Sanborn,Straight to the Heart,5620693,ZIwEm03vrUE,wikidata,ARKAHAS
Q5240437,David Tipper,,,,,
Q16234484,Davido,UNAVAILABLE,2182407327,OSBan_sH_b8,wikidata,Davido
Q5204449,DBridge,Creatures of Habit,3474603301,2yULW-rOCH8,wikidata,Exit Records
Q292960,DC Talk,It's Killing Me,3168641,SOHZJ9lrP9o,wikidata,dc Talk
Q1404441,DDC Mlimani Park Orchestra,,,,,
Q949424,DDT,,,,,
Q1179823,De Dannan,The Rights of Man / The Pride of Petravore,1649505262,,name,
Q328437,De la Ghetto,Sensacion Del Bloque,3200294,YTwT2b7SG6c,wikidata,GerN2K
Q685595,De La Soul,Stakes Is High,2104708217,radJQyaC5kY,wikidata,WeAreDeLaSoul
Q324400,Dead Can Dance,Opium,3502847731,QuMqDF0PFZA,wikidata,Dead Can Dance
Q668808,Dead Infection,Satan's Hole,2749084451,PLzHh-xkC1o,name,Bleach Metal Musick
Q208211,Dead Kennedys,Soup is Good Food,2935203981,JUpidCc7wwY,wikidata,jkyujkgjghf
Q839904,Dead Meadow,Greensky Greenlake,12064489,dsAP8yIlH4Q,name,Nuno
Q368961,Dead or Alive,You Spin Me Round (Like a Record),1248696682,PGNiXGX2nLU,wikidata,deadoralivetv
Q1180841,dead prez,Hip-Hop,15220137,oiusDE0KND8,wikidata,DEAD PREZ
Q49009,Deadmau5,Escape,1899047597,HuM8eQNPTOs,wikidata,Proximity
Q5245804,Deafheaven,Doberman,3215474771,Yt9l0mb4Nt0,wikidata,Deafheaven
Q5246133,Dean Elliott,,,,,
Q215359,Dean Martin,Everybody Loves Somebody,72398167,z-2_OstpR5c,wikidata,Dean Martin
Q773953,Death from Above 1979,Caught Up,388894531,DxWnnCqta0c,wikidata,Death From Above 1979
Q3020722,Death Grips,I've Seen Footage,17880814,sticXkHxZC4,wikidata,Death Grips
Q1181285,Death in June,,,,,
Q903033,Deathspell Omega,Abscission,521005762,IM9PUegDRz8,wikidata,Liqueeee
Q3020812,Debbie Deb,Funky Little Beat,566679422,2g52XYfT4PM,name,Dims Music Library
Q233817,Debbie Gibson,Lost in Your Eyes,675613,Vay7cp1RkZ8,wikidata,Debbie Gibson
Q56248912,Deche-Charge,,,,,
Q5249375,Declan Nerney,Stop the World,2224757217,tvKkpe9FEcU,name,Declan Nerney
Q669042,Deeds of Flesh,Infested Beneath the Earth,746307752,YrHYq4_pcDg,name,moggylemogg
Q5250040,Deenanath Mangeshkar,,,,,
Q101505,Deep Purple,Perfect Strangers,709708312,gZ_kez7WVUU,wikidata,Deep Purple Official
Q5250362,Deep Wound,Video Prick,769750292,O3hAZRt9zU0,name,sillykid721
Q3438097,Deepchord,Pinewood Lodge,116389444,Gv-EYfXccWc,name,OfficialSomaRecords
Q182890,Def Leppard,Pour Some Sugar On Me,447552822,0UIB9Y4OFPs,wikidata,DEF LEPPARD
Q4356183,"Defiance, Ohio",Lambs at the Slaughter,21723521,kCyxahKeAt4,name,RadioRin
Q485039,Deftones,My Own Summer (Shove It),778452,lMBK061bYqI,wikidata,Deftones
Q506314,Deicide,When Satan Rules His World,719805,VLDzrNyP3f8,wikidata,Einsamkeit
Q5252624,Deize Tigrona,Sadomasoquista (Vem de Chicote),3258227821,2nNIg0o7fDc,name,Deize Tigrona
Q5252933,Del McCoury,High On A Mountain,109167752,yeUkgHzTOQo,name,Less Than Face Productions
Q178792,Delain,Dance with the Devil,2923353641,2O4iUv7R3R4,wikidata,Napalm Records and Delain Official
Q112538672,Dele Abiodun,,,,,
Q903496,Delerium,,,,,
Q29544,Delia Derbyshire,Dr. Who,3507673481,,name,
Q1184300,Delirious?,Inside / Outside,2765549921,Mah5tukQyd0,wikidata,Kirkfan90
Q5254556,Delta 5,Mind Your Own Business,30516301,a38HYryTiUA,wikidata,theENID
Q3021911,Delta 9,,,,,
Q70278516,Dem 2,,,,,
Q603402,Dem Franchize Boyz,Turn Heads,66024780,nfFZOItHD4Y,wikidata,MNRK Music Group
Q494215,Demented Are Go,Pervy in the Park,867184462,p7HlIot78mk,wikidata,November Nymphe
Q1186459,Demon Hunter,Sorrow Light The Way,3485009881,rkAdkkDlEeQ,wikidata,Demon Hunter
Q1186767,Den Harrow,Future Brain,137022036,lDrLsNFzBtQ,name-ambiguous,Den Harrow Official
Q111594339,Dengue Dengue Dengue!,Serpiente Dorada,958446962,CxfRmNcBe6M,name,ENCHUFADA
Q1187661,Denis Smalley,,,,,
Q5257702,Denise LaSalle,My Tu-Tu,404667522,yR8Ht8VtHqw,wikidata,malacomg
Q1188945,Dennis Alcapone,,,,,
Q3017545,Dennis Bovell,"Rowing 12"" Version",30819731,p4Kkk6YUX8Y,name,Marcelo Matazz 
Q711294,Dennis Brown,,,,,
Q482964,Depeche Mode,Enjoy the Silence,68515055,aGSKrC7dGcY,wikidata,Depeche Mode
Q668236,Der Blutharsch,,,,,
Q1196229,der Plan,Lass die Katze stehn,493362572,kt8x6CgsU88,name,Professor Tiki's Curiosity Channel
Q563517,Derek Bailey,You Go To My Head,2560666452,,name,
Q904214,Dernière Volonté,L'ombre des Réverbères,1109337182,q53v0WQvgmg,name,Erfan W
Q923104,Derrick May,Strings of Life,3297153791,1w72OtqjRro,wikidata,PARAMAX FILMS
Q1936730,Derrick Morgan,Do the Beng Beng,762959602,Qfe50CeqZQo,name,rico elburrito
Q301142,Descendents,I'm The One,378256881,b03eqfMwoBw,name,Descendents
Q333598,Desmond Dekker,Israelites,71647395,0wSXTN2EfRo,name,Trojan Records Official
Q1200853,Desperadoes Steel Orchestra,,,,,
Q235949,Despina Vandi,Girismata,752920482,XGz4vbJjnkY,wikidata,Spicy Official
Q29636387,Despise You,My West Side Horizon,386507541,VH1UKR-wgmw,name,The Grind Show
Q1198118,Despised Icon,Shadow Work,3422127071,5HDA6HrA7cU,wikidata,Despised Icon and Nuclear Blast Records
Q4949471,Destra Garcia,Piece Ah Dat,97251528,m-pi3rAz_cU,name,Riddimcracker™ Chunes
Q113510276,Destroy Lonely,if looks could kill,2166024007,UfNuombVZb4,name-ambiguous,Destroy Lonely
Q11856039,Detty Kurnia,,,,,
Q1146899,Deutsch Nepal,,,,,
Q223443,Devendra Banhart,Mi Negrita,65089475,Nf-9jLF6mIk,wikidata,Devendra Banhart
Q1206752,Deviated Instinct,Scarecrow,1648705,piKDyvENDuw,wikidata,drinkyeflaggons
Q1133406,DevilDriver,Sail,459202302,torc9P4-k5A,wikidata,Napalm Records
Q1206920,Devin the Dude,What a Job,3380322551,2T1jdreS6ko,name,HtownG33
Q908848,Devo,Whip It,4382923,j_QLzthSkfM,wikidata,Warner Records Vault
Q1156998,Devourment,Pious Impiety,4039116501,jQ26iMGJbW4,name,RelapseRecords
Q118116,Dexter Gordon,Don't Explain,3437575,k2Lx3n10fkc,wikidata,Nephi Wallace
Q1208011,Diablo Swing Orchestra,Voodoo mon amour,2064543347,m2mZVOd0jWY,wikidata,Diablo Swing Orchestra
Q552377,Diamond Head,Am I Evil,665427042,GnupfNwf62M,wikidata,Diamond Head Official
Q15429574,Diamond Platnumz,Shu!,2345717825,e2byDgJ8AyA,name,Diamond Platnumz
Q541940,Diane Cluck,Easy to Be Around,1073363792,6zdNdqyGTPE,name,Go
Q3026211,Diane Dufresne,Les adieux d'un sex-symbol (Remasterisé en 2009),789203112,,name,
Q703936,Diary of Dreams,Butterfly:Dance!,61706315,26x5P5MY9aw,wikidata,diaryofdreamsvideo
Q4161091,Diblo Dibala,Laissez-passer,118307686,GwGEMfXIGkQ,name,Canal souvenirs 
Q2675743,Dick Curless,The Heartline Special,709730562,IlWiJPAIuIU,name,uronthehill
Q346785,Dick Dale,Nitrus,943642,wAQ43PrKwC4,wikidata,CubaLibre
Q1209703,Dick Hyman,Musetta's Waltz,88376563,,name,
Q4885471,Dickie Goodman,Dracula Drag,11436764,gBPsSbIVTVs,name,Dickie Goodman
Q5661029,Didi Kempot,,,,,
Q1213111,Die Goldenen Zitronen,Für immer Punk,675063152,7ZW-DmOmkSk,name,kuemmel8870
Q318322,Die Krupps,To the Hilt,3551517461,QLVpyPCEjxU,wikidata,CONTORA O.P.G.
Q11889,Die Sterne,Was hat dich bloß so ruiniert,1758782807,b4qeYfFSVS8,wikidata,L'Age d'Or
Q3027518,Dieselboy,,,,,
Q153637,Dietrich Buxtehude,,,,,
Q3027728,Digable Planets,Where I'm From,3440371,sl-pjb7y3y0,name,UPROXX
Q104772838,Digga D,Daily Duppy - Part 1,1159996772,8sqNzBAeNqM,name,xFWT
Q1853792,Digital Mystikz,,,,,
Q5276830,Diljit Dosanjh,,,,,
Q1225575,Dillinger,,,,,
Q5276931,Dillon Francis,Bun Up the Dance,104786806,3ArOBAt5Ml0,wikidata,Dillon Francis
Q1225627,Dilon Djindji,,,,,
Q5277249,Dimension Costeña,Tululu,2193124287,qU5LFRhkK4o,name,Dimensión Costeña
Q5807252,Dimitri Vegas & Like Mike,,,,,
Q159933,Dimitrie Cantemir,,,,,
Q58207,Dimmu Borgir,Progenies of the Great Apocalypse,668831822,NiNTrKsQ8TU,wikidata,Dimmu Borgir
Q8559966,Dina Páucar,Mil Años,1239027172,8kiBjdx3mAM,name,DINA PAUCAR
Q229322,Dinah Washington,What A Difference A Day Made,588273522,ga5mV55Wtd8,wikidata,deecharming
Q622944,Dinosaur Jr.,Everything At Once,4059648471,rouiJX5lcjc,wikidata,dinosaurjnr
Q478750,Dio,Holy Diver,14619726,EhGEGIBGLu8,wikidata,Dio: The King of Rock 'n' Roll
Q5256493,Diomedes Díaz,Sin Medir Distancias,431501782,Mnv8CLE5fhI,wikidata,Diomedes Díaz Oficial
Q1226925,Dion and the Belmonts,,,,,
Q234695,Dionne Warwick,Walk on By,723803,8PzToM5Ti_c,wikidata,Cassiopeia
Q729101,Dionysis Savvopoulos,O Fortino Samano,99359796,,name,
Q379852,Dir En Grey,,,,,
Q500350,Dirty Rotten Imbeciles,Beneath the Wheel,70877107,0ocaRX2hU3c,wikidata,juan sebastian abello
Q1228418,Discharge,New World Order,668784742,BlGTzVUmEhE,wikidata,Nuclear Blast Records
Q2321577,Disclose,The Small Garden,1966163907,zNszh7hJct4,name,MrFloydone
Q5281517,Disco Biscuits,Portal to an Empty Head,83087694,-YT6L86rKwM,wikidata,The Disco Biscuits
Q1228447,Disco D,S.O.S.,64825163,n7SQ_DFGL5c,name,Rayo Chapin
Q976851,Disembowelment,The Tree of Life and Death,864956432,Wt3zAcOJrRM,name,deathmetang
Q138818,Disgorge,,,,,
Q1145479,Dissection,Where Dead Angels Lie,1797307477,Q-qAwokf9-Y,wikidata,Dissection
Q48008057,Distruction Boyz,Shut Up and Groove,1363593822,E5vxzZl0KAE,name,West Ink TV Mampintsha
Q131366,Disturbed,Down with the Sickness,663984,09LTT0xwdfw,wikidata,Disturbed
Q357786,Divine,Ale Ale,3553667621,hT1wIo7Aj0o,name-ambiguous,Divine Gift Music Pro _ Official
Q42308794,Dizaster,,,,,
Q366506,Dizzee Rascal,Bonkers,15640851,Ci40ae8BlcE,wikidata,Dizzee Rascal
Q49575,Dizzy Gillespie,,,,,
Q935241,DJ Arafat,Jonathan,236672,acbFuniHo-4,wikidata,Green Elixir
Q323171,DJ Assault,Sex on the Beach,24122271,OFoxh3dhp_Y,name-ambiguous,DJ Assault
Q5205253,DJ Baby Anne,Probe,570527042,3PN-IXgJmhc,name,Breakdance Music
Q16241410,DJ Class,I'm The Ish,2947107,1kbwFhD597Q,name,Unruly Records
Q1154047,DJ Craze,,,,,
Q3011279,DJ Deeon,Shake What Your Momma Gave Ya,2353743285,-7xXaY6p690,name,DaveUnderground
Q5205305,DJ EZ,,,,,
Q543981,DJ Falcon,Reality,799315182,T9ZdO2YKoGA,name-ambiguous,Dj Falcon
Q941738,DJ Fresh,Hot Right Now,144543232,N7OPZOBJZyI,wikidata,DJ Fresh
Q3011294,DJ Funk,Work It,1997199657,nHXU-N0E9IM,name,Housetraxx
Q5205330,DJ Godfather,Blast Off,4206911502,RAvIfPinG4s,name,ballacid
Q1154114,DJ Hype,,,,,
Q5205343,DJ Icey,Low Down Good Girl,969767892,tCC1dCReWfs,name,ABrown212
Q1154136,DJ Jazzy Jeff & the Fresh Prince,The Fresh Prince of Bel-Air,831350,gQmy16CV3ug,wikidata,The Autistic DJ
Q16730475,DJ Jubilee,,,,,
Q458787,DJ Kool Herc,,,,,
Q468162,DJ Korsakoff,,,,,
Q1154159,DJ Krush,,,,,
Q96375829,DJ Lag,WaWaWa,3589010831,fU_dI2uwgTc,name,DJ LAG
Q5205368,DJ Luck & MC Neat,Poision,142683392,,name,
Q1154172,DJ Magic Mike,,,,,
Q61415,DJ Manian,Ravers in the UK,4960818,,wikidata,
Q25706797,DJ Maphorisa,MONEY CONSTANT,3617073562,iqAUNXhyX7g,wikidata,Dj Maphorisa
Q20049460,DJ Marfox,Subliminar,958504702,4qAQvKqvyO8,name,DJMARFOX
Q321256,DJ Marky,LK (Carol Carolina Bela),2338133655,,wikidata,
Q587694,DJ Marlboro,Rap Da Felicidade,2674498862,nZH3byvS0B4,name,DJ Marlboro
Q1154202,DJ Mehdi,Signatune,515837262,bOyU_OzRXnM,wikidata,Ed Banger Records
Q136799193,DJ Moortje,,,,,
Q5205387,DJ Mujava,Township Funk,29396461,_l1bjtjzZFo,name,Indre P.
Q650008,DJ Outblast,,,,,
Q1154211,DJ Patife,Enigma,135016854,g9WoO0L4biw,name,The Dofflin
Q1154222,DJ Pierre,,,,,
Q5205411,DJ Q,Zip Zap,2311814925,hxSSZFd_P2k,wikidata,Night Bass
Q1154246,DJ Quik,Put It On Me,5065375,F7X7C9QLpns,wikidata,gangstabeat4theplaya
Q16724355,DJ Rashad,Freakin Me On The Flo,2373247595,AAH4-aYIi6w,name,pano9000
Q705037,DJ Rush,Look and See,93961178,S2jTAwuDCD4,name,Babes Papes
Q360377,DJ Sammy,Heaven,88911095,ZwY4YPxTufs,wikidata,allthingsian
Q743478,DJ Screw,Sailin' Da South (Screwed),64347210,,wikidata,
Q59241691,DJ Seinfeld,Now U Do,2285452567,VyLbEEwd7FI,name-ambiguous,DJ Seinfeld
Q217716,DJ Shadow,Building Steam With A Grain Of Salt,2075765167,TgbFavd9s5E,wikidata,The Motivationalist
Q1154264,DJ Sharpnel,WE LUV LAMA,2634219512,CQAcrUX5UZE,name,bestofsharpnelsound
Q140247474,DJ Smokey,I Sell (Coke Crack Meth),3120929911,,name,
Q97096739,DJ Spanish Fly,Gangsta Walk (Hip-Hop Evolution/Netflix),2347922125,,name,
Q28039416,DJ Spoko,Extantion 6,138540265,eP1PWGhbsME,name,Thabo N
Q707084,DJ Spooky,,,,,
Q98597125,DJ Tameil,Rude Boy Giddy Up,556114492,8obDZ7YkQpg,name,moveltraxx
Q147062,DJ Zany,,,,,
Q324346,DJ Zinc,Sovereign,4214982952,,wikidata,
Q19734,DJ Ötzi,Sweet Caroline,610853582,uOJ6J__L-fo,wikidata,DJ Ötzi
Q44122,Django Reinhardt,Nuages,1160218,qn_90PKM1xE,name-ambiguous,Django Reinhardt
Q939829,Djavan,Se...,74617711,ZSZyth38-zk,wikidata,DjavanOficial
Q80135,Dmitri Shostakovich,,,,,
Q223769,DMX,Ruff Ryders' Anthem,646327222,ThlhSnRk21E,wikidata,DMX
Q316505,Dmytro Bortnianskyi,,,,,
Q2277734,Dntel,Rock My Boat,1137184842,ixP2mFnwqEw,wikidata,Sub Pop
Q485961,Dobie Gray,Drift Away,620021372,NIuyDWzctgY,wikidata,jeffreychristIsAlive
Q16207033,Doc Scott,4 Da Cause,2373251175,,wikidata,
Q465636,Doc Watson,Nashville Blues,3441453,OryAAdwP6Hc,name,Doc Watson
Q1233734,Dock Boggs,Oh Death,4332806,KIYNoH99Guc,name,RosieKeepinthepromis
Q21061,Doctor P,,,,,
Q61061591,Dodecahedron,Allfather,62665579,ci025yFmGw4,name,Season of Mist
Q1234527,Doe Maar,Smoorverliefd,60874600,RpjAKwrWmLo,wikidata,DoeMaarVEVO
Q4262877,Doel Sumbang,Teteh,1352458552,SualOz_Rq9Y,name,Doel Sumbang Asli
Q180453,Dolly Parton,Jolene,114422238,Ixrje2rXLMA,wikidata,Dolly Parton
Q3034280,Dolores Duran,My Funny Valentine,2617438562,5fEUToYpL98,name,mateusamlr
Q4037498,Dom & Roland,Thunder,2242387957,uucE2ki-Lnk,wikidata,Louis Ray
Q167837,Domenico Scarlatti,,,,,
Q1960658,Domingos Caldas Barbosa,,,,,
Q5290443,Dominguinhos,Eu Só Quero um Xodó,1844734,2kLytB2g2u8,name-ambiguous,Dominguinhos Mais
Q287486,Dominick Fernow,,,,,
Q2463731,Don Caballero,Don Caballero 3,125988849,mTCc9p7bO64,name,Turbo Jamz
Q456180,Don Cherry,Chenrezig,672221192,Y6YC_ncfw4A,wikidata,TheBillser
Q2464558,Don Diablo,9MM,4297136442,3WAN_3H5dh8,wikidata,Don Diablo
Q1239171,Don Gibson,Sea of Heartbreak,970396,A4bo4ByFhLM,name,Jukka Joutsi
Q310539,Don Omar,Dile,15515244,zODmu06pqvg,wikidata,Don Omar
Q16337363,Dona Onete,,,,,
Q5293828,Donae'o,,,,,
Q362764,Donald Byrd,,,,,
Q1240056,Donald Lambert,,,,,
Q908933,Donna Summer,I Feel Love,1560033,yEbaeLv-aOo,wikidata,Donna Summer
Q5296675,Donnie McClurkin,Only You Are Holy,13184624,PCTjyZdIJfk,wikidata,denise896
Q507864,Donny Hathaway,A Song for You,846353,riwePTnk-Zk,wikidata,RHINO
Q317427,Donovan,Sunshine Superman,15191094,YsX2FhBf9nY,wikidata,Donovan
Q2299682,Doof,Mars Needs Women,77243035,TIWm7N1EKw0,wikidata,Abstructure
Q1242531,Doomsword,Eternal Battle,45423921,1nr30MG8p3M,wikidata,Italian Metal Band
Q5297785,Dorian Electra,Hips Don’t Lie,3930398291,LYXDGWhHd9g,wikidata,DORIAN ELECTRA
Q104372,Doris Day,,,,,
Q60740260,Double 99,Ripgroove,1925795617,uR3Vw8J8vUo,name,Skint Records
Q269645,Doug E. Fresh,The Show,2654690452,bDkqz5C62SM,wikidata,92Rare X KINGSTON ON
Q1251780,Doug Kershaw,Diggy Diggy Lo,1469935,ubSCPBkTyWY,name,brotherhamlet
Q5300654,Doug Lazy,Let It Roll,381166461,31wqTibOM4g,wikidata,Shrinechick88
Q327886,Doug Sahm,Nuevo Laredo,4041195,FlElJT39CM0,name,Doug Sahm
Q125216072,Dougie B,Wreck,1973125757,jJNAqaGR5t0,name,Dougie B
Q1252624,Douk Saga,Saga cité,1427904552,QIyFXdzfMbA,name,Grand Pretre
Q126128,Doves,Kingdom Of Rust,3148235,dFM0pUn4dcA,wikidata,Doves
Q313366,Dr. Alban,It's My Life,3801448032,oW0VovnyjPY,wikidata,Dr. Alban
Q6078,Dr. Dre,Still D.R.E.,128743581,_CL6n0FJZpk,wikidata,Dr. Dre
Q1253897,Dr. Feelgood,Pink Fluffy Unicorn (Hardstyle),3372757941,,wikidata,
Q511074,Dr. John,Right Place Wrong Time,724461,W4PjWgiH-LQ,wikidata,RHINO
Q22210692,Dr. Peacock,Trip to Valhalla,1240436152,VAo065vRO4Q,wikidata,Dr. Peacock
Q291970,Dragana Mirković,Pečat na usnama,2799927902,FJ_3cJR_51A,wikidata,DraganaMirkovicDM
Q212715,DragonForce,Through The Fire And Flames,2213095667,0jgrCKhxE1s,wikidata,DragonForce and Herman Li
Q33240,Drake,One Dance,124603270,FOqKN-ouAUE,wikidata,Drake Media
Q162586,Dream Theater,Pull Me Under,2814112,mipc-JxrhRk,wikidata,Dream Theater
Q1195268,Dreams Come True,Eternity,77755068,NizE1Ilj9vw,wikidata,wyst
Q1258824,Drexciya,Black Sea,137955537,2MfRIduLIFc,name,Drexciyans Wavejumpers
Q1089650,Drive Like Jehu,Here Come the Rome Plows,10896252,cs5ovyt4HzY,name,slackerVK
Q607725,Drive-By Truckers,Birmingham,2491218,AApvHDeA-q4,wikidata,maegthomp
Q3039557,Droids,,,,,
Q938630,Dropkick Murphys,I'm Shipping Up To Boston,378350101,x-64CaD8GXw,wikidata,Mark Higgins
Q1261136,Drudkh,Solitude (Самітність),62665992,iib3jtX7O-Y,name,Dmitry 'Motorbreath' Vovnyah
Q5309106,Drumagick,Easy Boom,385661161,o19f362gGbM,name,I-Witness DnB
Q5309380,Drupatee Ramgoonai,Roll up the Tassa,3257379091,,name,
Q106861,Dschinghis Khan,Moskau,470543912,lyuFLU2Zqz0,wikidata,Dschinghis Khan and Mein Herz schlägt Schlager
Q21914464,Dua Lipa,Training Season,2661514912,ZjBZ8MUnB0E,wikidata,Dua Lipa
Q455818,Duane Eddy,Shazam,89011885,lDIMpQHXBsk,wikidata,jenipete
Q109296810,Dubdogz,Infinity,862386172,puOaf7OuYzs,name-ambiguous,Dubdogz
Q4037666,Ducks Deluxe,,,,,
Q15044595,Ducktails,Map to the Stars,423172832,Q7uoX03iep4,name,Ducktails
Q4030,Duke Ellington,In A Sentimental Mood,911085,sCQfTNOC5aE,wikidata,nardewww
Q58381,Duran Duran,Ordinary World,3130430,FqIACCH20JU,wikidata,Duran Duran
Q4037708,Duster,,,,,
Q770687,Dustin O'Halloran,Lion Theme,136804064,jlebdhv7HEs,wikidata,SonySoundtracksVEVO
Q219782,Dusty Springfield,You Don't Own Me,1581746,2bYZkZiNvho,wikidata,Dusty Springfield
Q115750132,Dvrst,Close Eyes,1413655312,ao4RCon11eY,wikidata,DVRST
Q713099,Dwight Yoakam,Fast as You,6631880,A2qo1x9rcCc,wikidata,Dwight Yoakam
Q549768,Dying Fetus,In the Trenches,33698711,Kf4Wt27x9U4,name,Dying Fetus
Q726649,Dynamix II,Just Give The DJ A Break,6158100,C7Okvrwtg6k,name,alex572
Q55006974,Dynoro,In My Mind,505204262,5gga8E43clk,wikidata,Dynoro
Q5320134,Dâm-Funk,Morphing,2999146331,,wikidata,
Q1269638,Dälek,,,,,
Q933598,D’Angelo,Brown Sugar,139103999,H_WzjiTzZBA,wikidata,D'Angelo
Q162634,E-40,U and Dat,679426,m-fL-vdcBWo,wikidata,Warner Records
Q1811495,E. T. Mensah,,,,,
Q189635,Eagles,Hotel California,426703682,dLl4PZtxia8,wikidata,Eagles
Q1276886,Eagles of Death Metal,Save A Prayer,107768534,i3tt2GLr0_I,wikidata,w44k
Q931607,Earl King,Mother's Love,116037686,HxsmlWsXEIs,name, All Good Time Oldies 
Q1277459,Earle Brown,,,,,
Q1277592,Earth and Fire,,,,,
Q636135,Earth Crisis,Forced March,1288073832,JX9QP6VhFf8,name,Victory Records
Q28974,"Earth, Wind & Fire",September,487484142,Gs069dndIYk,wikidata,Earth Wind & Fire
Q1031338,Earthless,Uluru Rock,622601422,pHuoYAYhu10,wikidata,agelospap9
Q704041,Eason Chan,这样很好 (Isha's Song),3984403211,Q6Vd85loaT8,wikidata,Eason Chan
Q120881151,Eat Skull,Beach Brains,12061065,o4jpwt-iVS4,name,Siltbreeze Records
Q2362276,Eat Static,Implant,1302189262,UDi0woJiTRM,wikidata,PlanetMusic11
Q982857,Ebenezer Obey,Iba F'Oluwa/Ajokodabi Ile (Highlife Juju Yoruba),17203629,,name,
Q1279891,Ebi,Shoma,11522790,xpyg85gCYFg,wikidata,TaranehEnterprise
Q14903387,Ebo Taylor,Love and Death,17956922,IuTVjbccVFg,wikidata,accentpresse
Q1279965,Eboa Lotin,Ja' alé (Allons-nous en),97425780,BvKnbRMdLYs,name,Cantos Music
Q1274028,EC8OR,Think About,9850097,HtNAIuHmGRQ,name,Core Till We Die
Q925641,Echo & the Bunnymen,The Killing Moon,751126,,wikidata,
Q5335090,Ed Lincoln,Eu Não Vou Mais,66761280,vc9FoLMKSD0,name,torisdead
Q1282674,Eddie and the Hot Rods,Once bitten twice shy,252682,EqXiFhHxB2U,wikidata,punkrocksal
Q446398,Eddie Blazonczyk,Polka Celebration,660914012,xnMw-pYuxb0,name,FatherNorb
Q350472,Eddie Cantor,Makin' Whoopee,6019840,ANRPmTZRqkg,name,voglesque89
Q5969,Eddie Cochran,C'mon Everybody,112419136,hw8MXhFupno,wikidata,Smurfstools Oldies Music Time Machine
Q327703,Eddie Fowlkes,You Know!,959160532,qP6_4S1Mf1E,name,MINISTERIO DEL TRIPEO
Q326436,Eddie Jefferson,Psychedelic Sally,927442,9C9Bs2mP1uo,name,Alfredo COBO CONLLEDO
Q1282901,Eddie Meduza,Reaktorn läck i Barsebäck,14936628,A2cPeZdvkkQ,wikidata,Rocker Quo
Q1282931,Eddie Palmieri,Vámonos Pa'l Monte,686155332,Rn85kvb4bTk,wikidata,Eddie Palmieri
Q1282956,Eddie Rabbitt,Drivin' My Life Away,4288043,Pu82VMf8enI,wikidata,NVNCBL
Q5336444,Eddie Richards,,,,,
Q977845,Eddie Santiago,Que Locura Enamorarme De Ti,429989492,8npywMdv0Sw,wikidata,Eddie Santiago
Q721943,Eddy Arnold,Make the World Go Away,7625135,lq0Ri9e6SY0,wikidata,LegacyRecordingsVEVO
Q1283083,Eddy Herrera,Tu Eres Ajena,11125329,uzU3x_egiEk,wikidata,JN Music Group
Q57247,Edgard Varèse,,,,,
Q10270314,Edison Machado,Aboio,15421754,37K-dBjN3VE,name,Jazz Note
Q80399,Edita Piekha,,,,,
Q273797,Edith Lefel,Mon ange,228666,OtJyb8Gie9k,name,Le Rêve Antillais
Q570393,Editors,Seriously,4217305652,Lpxqp3ClBnY,wikidata,EDITORS
Q5819161,Eduardo Davidson,,,,,
Q1073943,Eduardo Falú,Zamba de Vargas (Popular),2209017177,,name,
Q704112,Eduardo Mateo,Señora Diana La Ví,103771440,jyCxHzdGzZQ,name,TheFFalero
Q16939983,Eduardo Paím,Essa Muadié,90946989,WjpKY539xPo,name,Adolfo Dias
Q80621,Edvard Grieg,,,,,
Q179631,Edward Elgar,Nimrod,900431812,7iM5dymBBI4,name,Queensland Symphony Orchestra
Q555623,Edward Sharpe and the Magnetic Zeros,,,,,
Q322210,Edwin Franko Goldman,,,,,
Q708136,Edwin Starr,War,646312932,01-2pNCZiNk,wikidata,Stream Crops
Q705532,Egyptian Lover,,,,,
Q3049280,Ehab Tawfik,,,,,
Q60744025,Eidola,Purity Ladder,3772700772,mKI88o1JxdY,name,Eidola
Q240403,Eiffel 65,Blue (Da Ba Dee),89629797,zA52uNzx7Y4,wikidata,malawolf85
Q1307916,Einherjer,Dei Så Ser,3923722431,DNWCd9xRmpA,name,Einherjer
Q5405984,Eino Grön,Suudelmin suljetut kirjeet - Sealed with a Kiss,78366307,A3rPgffzqUA,name,🕊️ Kiti 🕊️
Q11898,Einstürzende Neubauten,Feurio!,565311732,9jdsjX6u5Sg,wikidata,RevCo1966
Q704541,Eisbrecher,Was Ist Hier Los?,391737462,BGthmYzpGv0,wikidata,EISBRECHER official
Q58257004,El Alfa,4K,2309786905,Y_Xm72p6ruY,name-ambiguous,ElAlfaElJefeTV
Q5351010,El Chicano,Viva Tirado,729596102,fai-fjwslDE,name,mleroy
Q351019,El General,,,,,
Q913059,El Gran Combo de Puerto Rico,Un Verano en NY,12700693,,wikidata,
Q3049909,El Hachemi Guerouabi,,,,,
Q5822268,El Kinto,Muy Lejos Te Vas,103625534,hbq3hj15YcE,name,Matonik
Q30905544,El Komander,,,,,
Q3050188,El Pescaílla,,,,,
Q140457467,El Remolon,Atras,3462523881,aqvc4paZk34,name,ZZK Records
Q3050287,El Tri,Las piedras rodantes,12334870,FsdB1krcYNc,wikidata,EL TRI
Q5352290,El Trono de Mexico,Prometiste Volver,95654714,OhrWEW-jJD4,name,EL TRONO DE MEXICO OFICIAL
Q1060797,Elastica,Connection,97089118,ilKcXIFi-Rc,wikidata,ElasticaVEVO
Q465351,Elba Ramalho,,,,,
Q665798,Elbow,One Day Like This,429946002,0NFV8dHrZYM,wikidata,elbow
Q218255,Electric Light Orchestra,Mr. Blue Sky,112662184,aQUlA8Hcv4s,wikidata,ELO
Q1325974,Electric Wizard,Funeralopolis,689145272,ZdlEIlq9nZg,wikidata,Electric Wizard
Q5195487,Elena Burke,La Gloria Eres Tu,387959291,lWpVNaBAfqw,name,Hector Fernandez
Q1327978,Elend,The Newborn Sailor,1055624692,SUFMCLLTp2k,wikidata,Tarzanelly
Q10271783,Elevation Worship,Praise,2215128797,f2oxGYpuLkw,wikidata,Elevation Worship
Q112269673,Elias Dia Kimuezo,,,,,
Q3051024,Elio Revé,Salgado,3580078121,gusO-DxuUY4,name,Dose de Sucesso TV
Q465877,Elis Regina,Águas De Março,565340102,NSYn8blImqQ,wikidata,Elis Regina
Q454320,Elizabeth Cotten,Shake Sugaree,4332601,p66KebI8aZM,name,GtrWorkShp
Q1768,Ella Fitzgerald,I've Got You Under My Skin,350019421,2TG7AqzyQQU,wikidata,Michael C.
Q3051334,Ella Jenkins,Racing With The Sun,4419020,-bFtx4yGAsw,wikidata,Carol Denise
Q318835,Elliott Carter,,,,,
Q12482403,Elly Kasim,,,,,
Q356598,Elmore James,Dust My Broom,63731570,aKo80b-QfK0,name,aardappelneez
Q1228233,Elton Britt,Uranium Fever,1566192042,LW9hwoaJXgw,name,Knights Oldies
Q2808,Elton John,I'm Still Standing,1171163,ZHwVBirqD2s,wikidata,Elton John
Q75788,Eluveitie,The Call of the Mountains,659721152,Eew1P51zceE,wikidata,eluveitieofficial
Q206939,Elvis Costello,She,62471842,O040xuq2FR0,wikidata,crediatv
Q303,Elvis Presley,Suspicious Minds,1055776,WrMGGouem3c,wikidata,Elvis Presley
Q2746631,Elvy Sukaesih,Mandi Madu (Mandi Madu),79558140,,name,
Q435176,Elza Soares,Libertação,744663312,6XrCS1GI2ec,name,Elza Soares
Q316309,Eläkeläiset,Jääkärihumppa,77520121,NQ8ihnwjlb8,wikidata,SLTelevision
Q2012006,Emarosa,Good Enough,3558315911,Jl7CJRNHQGw,wikidata,Emarosa
Q1335095,Embrace,Up In Your Feelings,3789206752,Z3lMxqhp9GY,name-ambiguous,embracemusic
Q273171,"Emerson, Lake & Palmer",Lucky Man,3783090552,yRvljAT4O6Q,wikidata,"Emerson, Lake and Palmer"
Q503037,EMF,Unbelievable,367782641,sfCLt0kTd5E,wikidata,EMF The Band
Q12858184,Emilio Navaira,Cómo Le Haré,3452665,63_EkV6xuSg,name,Emilio Navaira
Q5608,Eminem,Lose Yourself,1109731,xFYQQPAOz7Y,wikidata,EminemMusic
Q668538,Emmanuel Top,Acid Phase,7897971,SfqVKScM490,wikidata,EmmanuelTopOfficial
Q231286,Emmylou Harris,Didn't Leave Nobody But The Baby,529928571,O63hPvIj9jA,wikidata,hyperdiabolical
Q264029,Emperor,I Am The Black Wizards,2141802377,jeMRYH4AvzU,wikidata,Emperor
Q1966962,Enduser,,,,,
Q1343499,Enoch Light,You Showed Me,2148190397,vuMnkoWN3zM,name,Sa$ha
Q170726,Enrico Caruso,,,,,
Q47122,Enrique Iglesias,El Perdón,140421809,1m7TF2nVV1c,wikidata,Enrique4Real (Enrique)
Q3054688,Enrique Jorrín,Nosotros,91238970,7C6oPd4-D3c,name,VintageMusicFm
Q729973,Enrique Morente,Pedro el Morato (Taranto en Tono de Rondeña),1010166,mhV3-Iq7J9w,name,Avelar Luna Luis R
Q218178,Ensiferum,Scars in My Heart,2773826781,2_d5gBjxT7g,wikidata,Da Lyrics
Q916688,Enslaved,Tales of Trees,4184363752,ftGt0SvbhI8,wikidata,Nuclear Blast Records and Enslaved
Q912581,Enter Shikari,{ The Dreamer's Hotel },2073634017,hJOiQo2ulyw,wikidata,Enter Shikari
Q5380516,Entheogenic,Bioluminescence,369295361,VfG1BEnzZyU,name,Laoyiak'ii
Q526132,Entombed,Wolverine Blues,70990387,uNi0tsCU-6g,name,Earache Records
Q1345926,Envy,,,,,
Q38257,Enya,Caribbean Blue,4114329,Jl8iYAo90pE,wikidata,enyatv
Q76244,Epica,"Cry for the Moon (The Embrace That Smothers , Pt. 4)",1597804992,vqjAAtfQ4Qc,wikidata,Mad Lyrics!
Q5384910,Eraserheads,Ang Huling El Bimbo,13237641,lajnSJZpI34,wikidata,Eraserheads Official Channel
Q2085377,Erasmo Carlos,"É Preciso Dar Um Jeito, Meu Amigo",16558838,FuZ0OdtK3P8,wikidata,ERASMO CARLOS
Q484885,Erasure,A Little Respect,85561690,,wikidata,
Q1351122,Eric B. & Rakim,Don't Sweat The Technique,2300863,6Y1Emb7Jyks,wikidata,Eric B. & Rakim
Q367508,Eric Dolphy,Left Alone,1137324,S1JIcn5W_9o,name,Santoszzz
Q155141,Eric Prydz,Opus,118585342,iRA82xLsb_w,wikidata,Eric Prydz
Q111628978,Ericdoa,fantasize,1379131632,N9_hsXleJgs,name,ericdoa
Q313371,Erich Wolfgang Korngold,,,,,
Q130532,Erik Marchand,Milin Turki,982842,,name,
Q259405,Erkin Koray,Cemalim,2403754645,F-k_Fr67bPQ,wikidata,Erkin Koray Official
Q312368,Ernest Chausson,,,,,
Q5393281,Ernest Hogan,,,,,
Q1356404,Ernest John Moeran,,,,,
Q963142,Ernest Tubb,Thanks A Lot,132631090,mx3PIIk8tZk,wikidata,AlanPaladin
Q1356737,Ernesto Djédjé,Ziboté,409057832,pALHs8iMpE8,name,sehanne
Q5836951,Ernesto Montiel,,,,,
Q1356808,Ernesto Nazareth,Brejeiro,2828579332,QP6OLwb9w50,name,Instituto Piano Brasileiro - IPB
Q1356912,Ernie K-Doe,,,,,
Q223875,Erykah Badu,On & On,1123844,gWithg2dIKY,wikidata,erica buddington
Q287061,Esbjörn Svensson Trio,Dodge the Dodo,520456412,FixvcmxIZmg,name,bargest
Q1238828,Esham,,,,,
Q1709944,Eskaton,,,,,
Q112702265,Eslabón Armado,Ella Baila Sola,2193681047,lSrLb_rERdI,name,Eslabon Armado
Q1113168,Esoteric,The Gospel According To...,63888773,zGBbVvfC_Bg,wikidata,Tuckdragon
Q238705,Esperanza Spalding,I Know You Know,4673123,NlGiqDwG20s,wikidata,Helga Askgaard
Q1368192,Espers,Black Is the Color,855489302,t0JhyvJD0vg,name,ConspiracyTheorie
Q3058461,Espoir 2000,,,,,
Q530251,Estampie,Estampie V,792193,zU1cG3HlGAI,wikidata,Albis Hyaenis
Q127643,Estrellita Castro,Mi Jaca,145675626,zowjp6vRjaE,name,Filmoteca Histórica Flamenca
Q137212360,Etelvina Maldonado,Que se Quema el Monte,1480315242,-wPCcbL_dVw,name,Juan Pablo Bedoya Morales
Q242725,Ethel Waters,A Hundred Years from Today,514176082,OpXCEadPEOM,name,The78Prof
Q784381,Etnica,Party Droid,72381971,p2DRqh1G0I4,wikidata,Etnica / Pleiadians
Q292389,Etta Baker,One Dime Blues,4327043,gcD3fOrRPqE,name,anonymoose713
Q182725,Etta James,At Last,2171224,S-cbOl96RFM,wikidata,Jennie Postemus (Preppy52)
Q6668297,Euah Suntornsanan,,,,,
Q919632,Eubie Blake,"Blues, Why Don't You Let Me Alone",837935402,,name,
Q1375090,Euromasters,He scheids (Schop 'm voor z'n kloten),2833203932,,name,
Q185144,Europe,The Final Countdown,858371,9jK-NcRmVcw,wikidata,Europe
Q207706,Eurythmics,Sweet Dreams (Are Made of This),561836,qeMFqkcPYcg,wikidata,Eurythmics
Q3061106,Eusèbe Jaojoby,,,,,
Q3061231,Eva Ayllón,Mal Paso,128487477,NvxQMshAhb4,name,Eva Ayllon
Q706941,Evan Parker,Whispering,4006216481,,name,
Q1379688,Evan Ziporyn,,,,,
Q437129,Evelyn Thomas,High Energy,70847278,c6uVXJ3x2Sk,wikidata,IanLevine
Q313779,Everything but the Girl,Missing,1787742177,U56Ns66Qrb8,wikidata,Everything But The Girl
Q1353806,Evil Activities,Nobody Said It Was Easy,422513752,y-kDHJtz7Ow,name,hard dance world
Q2525009,Evoken,Lauds,3470833631,BnpCxfhhdYw,name,Drac Apocalypse 
Q1192339,Ewan MacColl,,,,,
Q1383367,Exaltasamba,Tá Vendo Aquela Lua,100327064,cDVR_Tf56pE,wikidata,pagodepontocom
Q1383448,Excel,,,,,
Q390963,Excision,A.F.B.1.,3819124251,PW2OZeyaVsg,wikidata,Excision and SUBSIDIA
Q1383552,Exciter,Heavy Metal Maniac,92134374,VMgCpZ1L-bM,wikidata,Aleks Agares
Q5419732,Excuse 17,I'd Rather Eat Glass,30506011,nzmgmYOMiKU,name,Svenivir
Q1383759,Exhorder,The Man That Never Was,847839602,zw5JEnsXGJg,wikidata,Shane Diablo
Q517472,Exhumed,Red Asphalt,3678218312,3JG4GIwWbmw,wikidata,theneedledrop
Q3061959,Exile One,Fraîche,803463012,xYw-DKiE-Xg,name,VIKING DE MUSIQUE
Q728170,Exodus,Blacklist,651502642,IebbyCAU2YA,wikidata,Twiggy119
Q5421047,Experience Unlimited,Hey You,1014498932,dMcql7iaDaA,name,Strut Records
Q578270,Explosions in the Sky,A Song for Our Fathers,62742416,MAmqJjyDH48,wikidata,Explosions In The Sky
Q1384772,Exposé,Seasons Change,71195462,Yqk6y5Hmy9s,name-ambiguous,ExposeOnline
Q1385113,Extol,Disintegrate,4207830982,8oGTMtLnI0s,name,Solid State Records
Q896398,Extrabreit,"Flieger, grüß mir die Sonne",1140787,7e61KF2eH3g,wikidata,Unjetz
Q1385506,Extreme Noise Terror,Raping The Earth,70978053,HHgmVaDX3WY,wikidata,Earache Records
Q5422550,Eyal Barkan,,,,,
Q1382405,Eyal Golan,עם ישראל חי,2750424451,1HgKB4-kQdA,name,EyalGolanOfficial
Q973113,Eyehategod,Blank,108566214,SqSKTUJvFIE,wikidata,Century Media Records
Q25106,Fabrizio De André,Don Raffaè,576654,yp_CvmOvLoQ,wikidata,cisaraunome
Q1145652,Fairport Convention,Who Knows Where The Time Goes?,1582415,n2xODjbfYw8,wikidata,Elfman101
Q3247658,Fairuz,,,,,
Q1393568,Faith and the Muse,Running Up That Hill,8156709,nPwYW9y8_vE,wikidata,srudlak
Q236318,Faith Evans,Love Like This,6917807,w1QzBQKYbag,wikidata,Faith Evans
Q464241,Faith Hill,Breathe,6641040,yCmsZUN4r_s,wikidata,Faith Hill
Q320499,Faith No More,Easy,813837,vPzDTfIb0DU,wikidata,UPROXX Indie Mixtape
Q17379763,Falamansa,,,,,
Q2723980,Falguni Pathak,Maine Payal Hai Chhankai,65441753,0tjVtYtZ384,name,FalguniPathakVEVO
Q698362,Falkenbach,...The Ardent Awaited Land,1978210137,KsXxlQzPPsE,wikidata,KuroiHunter
Q3738658,Fall of Efrafa,Pity the Weak,667980162,AAkXdTs0thk,name,Anesthetise
Q485811,Fall Out Boy,Centuries,92872156,LBr7kECsjcQ,wikidata,Fall Out Boy
Q3064804,Fally Ipupa,Doucement,3930062061,aFRlAAwWgnY,wikidata,Fally Ipupa
Q16493034,Falta y Resto,,,,,
Q5432821,FaltyDL,,,,,
Q769803,Fania All-Stars,El Rey De La Puntualidad,42192641,mlZPzYeMayA,wikidata,Fania All Stars
Q153358,Fanny Brice,My Man,15828632,RKivfzjQxOQ,name,GoldenEraDame
Q938043,Fanny Lu,Celos,743752142,jGTcXOWplL8,name,Fanny Lu
Q1062941,Fantastic Plastic Machine,Steppin' Out (Costes reedit),4300054,,name,
Q10280037,Fany Pfumo,,,,,
Q5434930,Fareed Ayaz,,,,,
Q539567,Farida Khanum,Aaj Jane Ki Zid Na Karo (Coke Studio Season 8),3250535181,NYOhpoA5e6A,name,Prack Section
Q5435275,Farida Mohammad Ali,,,,,
Q4262957,Fariz RM,,,,,
Q2080533,Farley Keith,,,,,
Q5436372,Farruko,YAPAQUE,4001032461,dZzBa7jlXY0,wikidata,Farruko and 2 more
Q557465,Fast Eddie,Can U Dance,3593767682,5GpN1B4a25o,name,balaclavaman69
Q1397782,Faster Pussycat,House of Pain,4085312,eunWuKxfAC8,wikidata,Atlantic Records
Q1397912,Fat Pat,Tops Drop,2782744862,sj9Rk2LTWFY,wikidata,Wreckshop Records
Q272619,Fatboy Slim,Satisfaction Skank,3653300512,_c_V3oPCe-s,wikidata,Fatboy Slim and The Rolling Stones
Q754323,Fates Warning,Seven Stars,127675459,Q87WWwDuB6I,wikidata,Fates Warning
Q209586,Fats Domino,Lady Madonna,3579230,Q1OdbPpvFYg,wikidata,jaydiesel
Q711198,Fats Navarro,,,,,
Q310476,Fats Waller,Until the Real Thing Comes Along,75524116,Q7KG_J0G0WI,wikidata,The78Prof
Q5437960,Fatso Jetson,Pleasure Bent,12053333,_FN2JrmrU6s,wikidata,flowerofdisease
Q741850,Faudel,Mon pays,391533052,Kj3vSLy4Wl4,wikidata,Faudel Official
Q691139,Faun,Federkleid,143174912,zOvsyamoEDg,wikidata,Universal Music Deutschland
Q679697,Faust,,,,,
Q10280322,Fausto Bordalo Dias,,,,,
Q464650,Faye Wong,知己知彼,679477302,iYqhHM19He0,wikidata,Faye Wong Official Channel 王菲 官方頻道
Q128010,Fear Factory,Replica,719948,7RJsRQOneMY,wikidata,Roadrunner Records
Q5441484,Fefita la Grande,Vamos Habla Ingles,11010200,o4tzZunMxSA,name,CotorraMusic&Shorts🦜
Q452100,Fehlfarben,Ein Jahr (Es geht voran),357738071,Kvek60dvq50,name,EleonorePrinz
Q313868,Fela Kuti,Zombie,59693491,Qj5x6pbJMyU,wikidata,Fela Kuti
Q2429939,Felipe Pinglo Alva,,,,,
Q518662,Felix da Housecat,Silver Screen (Shower Scene),2200270597,fJvatGfD9Pg,name-ambiguous,Felix Da Housecat
Q18943660,Felix Jaehn,It's Not Right But It's Okay,3261092671,yiMexsnQ9rE,wikidata,felix jaehn
Q46096,Felix Mendelssohn,,,,,
Q982872,Femi Kuti,,,,,
Q689598,Fennesz,Before I Leave,3257465221,n-hxKtIRY-w,wikidata,Banding
Q709859,Ferdi Tayfur,Bana Sor,3432357271,AYktQlOpWGk,name,Ferdi Tayfur Fans
Q10281447,Fernando Mendes,A Desconhecida,82155122,tddCGPVtgGU,name,Fernando Mendes Oficial
Q504583,Fernando Villalona,Cama Y Mesa,687819922,QFWZvI9AmIg,name,Fernando Villalona
Q3743009,Ferrante & Teicher,,,,,
Q133856137,Ferro Gaita,Mudjer Trabadjadera Ciza,727910432,,name,
Q311157,Ferry Corsten,Bring Me Back To Life (ASOT 1296),4303660032,,wikidata,
Q1411165,Fiddlin' John Carson,,,,,
Q4982393,Field Marshal Montgomery Pipe Band,,,,,
Q378948,Fields of the Nephilim,Moonchild,105291638,rJWsDpA909c,wikidata,Beggars Banquet Records
Q5447495,Fifth Column,,,,,
Q5448015,Figure Four,Day by Day,11493748,,name,
Q936001,Fikret Amirov,,,,,
Q3063992,Fikret Kızılok,Ama Babacığım,2929253101,,name,
Q750954,Filter,Take A Picture,1444388582,h8MAHQhKe7Q,wikidata,FILTER
Q5449777,Finaçon,Fomi 47,113050782,ClwmRKyHEOA,name,Negro Paris
Q498448,Finntroll,Trollhammaren,2602682,CJhi43RntJk,wikidata,SpinefarmUS
Q1419043,Firewater,Life During Wartime,4262178051,,wikidata,
Q3072901,Firmin Viry,,,,,
Q1420144,Fischerspooner,Emerge,971469782,M4uSTdJo4zk,wikidata,Fischerspooner
Q902881,Fishbone,Party at Ground Zero,608798,vrONIb9gQ-k,wikidata,Fishbone
Q1678866,Fisherman's Friends,Cornwall My Home,1863877997,FNCcSJiZR1I,name-ambiguous,FishermansFriendsTV
Q4038788,Fisk Jubilee Singers,I Believe,953492152,,wikidata,
Q95698148,Fivio Foreign,City of Gods,1652438572,0yVdBlGSgRw,wikidata,Fivio Foreign
Q15291033,FKA twigs,killer,1778068787,6Fm4A79TgIw,wikidata,FKA twigs
Q1316590,Flaco Jiménez,Ay Te Dejo en San Antonio,935786922,OppHs_RHISo,name,juan8221
Q860556,Flanders and Swann,Twenty Tons of Tnt,364758841,,wikidata,
Q1427343,Flatfoot 56,Stutter,143122476,XhSCSusS-qg,name,FLATFOOT 56
Q2411413,Flatlinerz,,,,,
Q1040688,Flatt and Scruggs,,,,,
Q852335,Fleet Foxes,"If You Need To, Keep Time on Me",369693771,T6rVJYmQFiY,wikidata,Fleet Foxes
Q106648,Fleetwood Mac,The Chain,63480992,xwTPvcPYaOo,wikidata,Fleetwood Mac
Q505559,Fletcher Henderson,Ain't She Sweet,850200192,cRvEW7aeQwQ,name,Heinz Becker
Q868265,Flight of the Conchords,Foux Du Fafa,1137190232,DzZ3EYzjzuE,wikidata,Flight of the Conchords
Q5367991,Flipper's Guitar,,,,,
Q213538,Flo Rida,Right Round,4162078,CcCw1ggftuQ,wikidata,Flo Rida
Q917861,Flogging Molly,Devil's Dance Floor,3872318871,Q2OC_lDrsRw,wikidata,SideOneDummy
Q28213309,Floorfilla,Anthem 2 (DJ Cerla Floorfiller Radio),648531822,uznX85oTH5E,wikidata,Alessandro Maria Noè De Matti
Q1405092,Flor de Piedra,Cómo Me Excitas,662632092,,name,
Q8961801,Flor Pucarina,Vida Bohemia,3464227001,N3V0jCowCYU,name,FLOR PUCARINA Colección musical vida y obra
Q217360,Florence + the Machine,Dog Days Are Over,7561772,iWOyfLBYtuU,wikidata,florencemachine
Q45430,Florian Silbereisen,Sommernachtsgefühle,2831904392,XVAEYq6VowU,wikidata,ICH FIND SCHLAGER TOLL
Q3644642,Florida Georgia Line,Simple,630830122,TuTDc9d_9yI,wikidata,Florida Georgia Line
Q4116976,Florin Salam,Saint Tropez,1671600792,tXO2QtjixaM,name,Nek Music Tv
Q5461990,Flosstradamus,Soundclash,94555892,dDczhTMla7k,wikidata,Flosstradamus
Q5462201,Flower Travellin' Band,,,,,
Q5462258,Flowered Up,Weekender,1209925252,LMa7iqPaKPk,name,floweredupVEVO
Q969629,Floyd Cramer,,,,,
Q4038837,Flume,Drop The Game,2347015605,6vopR3ys8Kw,wikidata,Future Classic
Q925601,Flux of Pink Indians,Progress,2629671112,HXx1akRY_18,wikidata,Tralfaz666
Q20926,Flux Pavilion,I Can't Stop (Ekali Tribute),123858186,uZ4D2V2xO5U,wikidata,Trap City
Q139121,Flying Lotus,Black Balloons Reprise,682880972,Isn8Qp-H0N4,wikidata,Flying Lotus
Q109106572,Focalistic,Gumba Fire,4244735101,lA6Gpk8f3F8,name,FOCALISTIC MARADONA
Q1435087,Foday Musa Suso,,,,,
Q114651,Foghat,,,,,
Q943904,Fonseca,,,,,
Q65056403,Fontaines D.C.,Marianne,4179203002,lWNxWy012Ro,wikidata,Fontaines DC
Q483718,Foo Fighters,Everlong,4762041,eBG7P-K-r1Y,wikidata,Foo Fighters
Q62098804,Force & Styles,Heart Of Gold '98,140754959,Na2aFr-AYZ0,name,Craig Switchback
Q275059,Foreigner,I Want to Know What Love Is,977948,r3Pr1_v7hsw,wikidata,RHINO
Q566173,Forever the Sickest Kids,Bipolar Baby!,10092029,MUKQ0k0kVXQ,name,GingysRo
Q19654855,Forgemasters,,,,,
Q1437316,Forgotten Tomb,Alone,1581933502,j6MXLPFTAME,wikidata,Metalovore
Q1438192,Forseti,,,,,
Q733863,Fountains of Wayne,Stacy's Mom,3090887,,wikidata,
Q959655,Four Tet,Loved,2576022002,k2DR-ZEPHa4,wikidata,Four Tet
Q653480,Four Tops,"I Can't Help Myself (Sugar Pie, Honey Bunch)",1582310,s3bksUSPB4c,wikidata,drdotfeelgood
Q186318,Four Year Strong,We All Float Down Here,3272715031,esCjADNzOy8,wikidata,Pure Noise Records
Q208258,France Gall,"Ella, elle l'a (Remasterisé en 2004)",46251471,,wikidata,
Q5409276,Francesc Pi de la Serra i Valero,,,,,
Q1377317,Francesco Balilla Pratella,L'aviatore Dro,68616422,-QdIHMrLWQ4,name,TheWelleszCompany
Q114285,Francesco De Gregori,La donna cannone,1082709,PYTJZ2cOxe4,wikidata,Francesco De Gregori
Q311625,Francesco Geminiani,,,,,
Q559529,Francesco Guccini,Don Chisciotte,3462376,pUR2QxLJRE8,wikidata,LeCommedieDellArte
Q311674,Francesco Landini,,,,,
Q1441466,Francis Dhomont,,,,,
Q191408,Francis Poulenc,Gymnopédie No. 1,121927622,jSVSEt6TPZs,name,성수원
Q10284562,Francisco Alves,,,,,
Q526424,Francisco Canaro,,,,,
Q768718,Francisco Correa de Araujo,,,,,
Q5866998,Francisco Palaviccini,,,,,
Q5483929,Francisco Santiago,,,,,
Q10285239,Francisco Xavier da Cruz,,,,,
Q3082337,Francky Vincent,Fruit de la passion,915362462,SPejVzka44E,wikidata,Francky Vincent
Q25147,Franco Battiato,Centro Di Gravità Permanente,1375685872,0XW9XN_vDaA,wikidata,FrancoBattiatoVEVO
Q1383390,Franco of Cologne,,,,,
Q3751549,Franco Ricciardi,Primmavera,353134541,CXkcUB9Mr_s,name,FRANCO RICCIARDI
Q3082582,Frank Domínguez,Refúgiate En Mi,952074552,QoBD8ktcQ9E,name,Rodrigo De La Cadena
Q105440,Frank Kvitta,,,,,
Q1022071,Frank Nagai,SPEAK SOFTLY LOVE [THE GODFATHER],2126083807,,name,
Q357645,Frank Ocean,Nights,717273922,r4l9bFqgMaQ,wikidata,Blonded
Q1648306,Frank Reyes,Tu Eres Ajena (Bachata),10963449,NiN20X7lEzc,name,MusicaRD
Q40912,Frank Sinatra,My Way,70835066,6pcwq2usV7Y,wikidata,extra Music
Q8962695,Frank Wilson,Do I Love You (Indeed I Do),3219655551,1OvaglT9EB4,name,uppyraptor49
Q127330,Frank Zappa,Bobby Brown Goes Down,132630602,SXi_zoW-Wr4,wikidata,Frank Zappa
Q205322,Frankie Knuckles,,,,,
Q711406,Frankie Ruiz,Deseándote,769774502,rrpacD8fjzg,wikidata,Frankie Ruiz
Q150272,Frankie Yankovic,Ei Ei Ei O Polka,75345814,,name,
Q607838,Frans Bauer,Heb Je Even Voor Mij,4275498082,MW7dZmXrXHQ,name,Sterren NL
Q173180,Franz Ferdinand,Take Me Out,4315684,Ijk4j-r7qPA,wikidata,Franz Ferdinand
Q77745,Franz Josef Degenhardt,Sacco und Vanzetti,15914002,PkgXLO5D80Q,wikidata,Monkey D. Sound
Q41309,Franz Liszt,,,,,
Q7312,Franz Schubert,,,,,
Q20235,Franzl Lang,Auf und auf voll lebenslust,1235678602,oZwo-ui37rQ,name,Terrabyte Music
Q1450908,François Bayle,,,,,
Q50186,François Couperin,,,,,
Q53939,Françoise Hardy,Le temps de l'amour,540006,QCHOvg-cJTQ,wikidata,Francoise Hardy
Q64009886,Fred Again,Marea (we’ve lost dancing),1239694902,l4UkYBr1NnA,wikidata,Fred again . .
Q1452334,Fred Hammond,Awesome God,4220058,9HDJGga5n9M,wikidata,Fred Hammond
Q5495583,Fred Jewell,,,,,
Q964219,Fred McDowell,Woke Up This Morning With My Mind On Jesus,13223556,54g1mnHTz-o,name,BluesRockChannel
Q983329,Freddie Aguilar,Anak,1670879092,ibmh64itn1M,name,Viva Records
Q1246237,Freddie Gibbs,Ensalada,3458079391,H8XPg7qqYIg,wikidata,Freddie Gibbs
Q346762,Freddie Hubbard,Philly Mignon,3464524,fNWeb6913T4,wikidata,thecrippledrummer
Q5496741,Freddie Jackson,You Are My Lady,3464346,PyjAOelCPtQ,wikidata,FreddieJacksonVEVO
Q436209,Freddie King,,,,,
Q1452648,Freddy Fender,Wasted Days and Wasted Nights,6634646,TUVgkXVDkBA,wikidata,Reyes Music Group
Q466120,Freddy Quinn,Die Gitarre und das Meer,16476740,wLHFma3M8JY,name-ambiguous,FREDDY QUINN
Q312698,Frederick Delius,,,,,
Q13107451,Fredo Santana,Beef,124102234,TDh0FcJ1atA,name,DJKENN AON
Q45650,Free,All Right Now,929222,5wiF6b4rxno,wikidata,Free Band
Q1429224,Freeez,I.O.U.,936925,y7ab3PSbvvU,name,Videos y Mas GDL
Q2384799,Freestylers,Painkiller,2028152957,oGmVqQ4q1Vo,wikidata,Altra Moda Music
Q213900,Friedrich Hollaender,,,,,
Q5505351,From Ashes Rise,Hell In The Darkness,378416751,YNpPYVQf7fY,name,Jakob
Q527787,Front 242,No Shuffle,137029002,G7krOfbVe9E,wikidata,Gunter
Q1470010,Front Line Assembly,Mindphaser,14609940,8NtQApOjp9w,name,frontlineassemblyTV
Q1395969,Frost,Killshot,2563069812,_wy7uqwGfNU,wikidata,Cyberpunk 2077
Q1268,Frédéric Chopin,Nocturne Op.9 - No.2,79034866,,name,
Q253990,Fréhel,La java bleue,1459726822,N9ftTw3Njxg,wikidata,"Fréhel, Roman graphique"
Q137769,Fu Manchu,Evil Eye,1762495867,AqYeedwEA4E,wikidata,Craig Rees
Q118466501,Fuerza Regida,ME JALO,3149529061,nKX8ZNzuvNs,wikidata,FUERZA REGIDA
Q277865,Fugazi,Waiting Room,1717942497,Og7u3sKuegM,name,DJ Fuggi
Q475963,Fulanito,Guallando,11671201,4d7yQFgHROM,name,Fulanito
Q3090771,Full Intention,It's Set To Groove,381016831,G1kzFcV3CJM,name,nomansname
Q523957,Funkadelic,Maggot Brain,1551922342,JOKn33-q4Ao,wikidata,NickMystic
Q3445057,Future,Mask Off,142337683,xvZqHgFz51I,wikidata,Future
Q5872203,Félix Chappottín,,,,,
Q594644,Félix Leclerc,Le p'tit bonheur,2420982,IOmZ_pF_XFI,name,sadonani59
Q17811716,G Herbo,Went Legit,3456110211,495zc7_vGgA,wikidata,G Herbo
Q665090,G.E.M.,光年之外 (電影 《Passengers》 中國區主題曲),139025897,T4SimnaiktU,wikidata,GEM鄧紫棋
Q1488078,Gabby Pahinui,Hi'ilawe,14489381,OuRETSM_ikU,name,mv808fdm
Q118119939,Gabito Ballesteros,7 DIAS,3205562811,3UIBvSk6gAs,name-ambiguous,Gabito Ballesteros
Q104919,Gabriel Fauré,,,,,
Q4123831,Gaby Amarantos,,,,,
Q2320232,Gaither Vocal Band,Can't Help Falling In Love,2125893147,GTy_JASHI8A,wikidata,saritapulacorda NSF
Q236361,Gal Costa,Azul,4682794,idG1ozQcFxg,wikidata,calulinho
Q176240,Galaxie 500,Blue Thunder,16384100,lc3kxjy2GNk,name,Underrated
Q286110,Galliano,Golden Flower,3759127662,zx0mc5fa15k,wikidata,daisy chain
Q1346345,Galt MacDermot,Coffee Cold,78065739,zsoEhZ0PGLM,name-ambiguous,Galt MacDermot
Q154129,Gamma Ray,,,,,
Q3095041,Gammer,Take It Down,2413642985,,wikidata,
Q15132019,Gana Bala,,,,,
Q18275264,Gang do Eletro,,,,,
Q1130624,Gang of Four,Damaged Goods,873693042,ov5pvjb3Qb8,wikidata,Gang Of Four 77-81
Q844524,Gang Starr,Mass Appeal,3130920,y9lNbNGbo24,wikidata,Gang Starr
Q731422,Gangubai Hangal,,,,,
Q555552,Gareth Emery,Under The Sky (Broken Tides),4122218681,x1YfIoy4lvk,wikidata,Gareth Emery
Q10288367,Garota Safada,Anjo (Ao Vivo),402952962,,name,
Q216288,Garth Brooks,The Dance,356070761,IJyX07YuzDk,wikidata,Garth Brooks Songs
Q1153310,Gary Clark Jr.,Come Together,402043172,r7imYeuAfkg,wikidata,garyclarkjr
Q331731,Gary Numan,Cars,938553,Im3JzxlatUs,name,Beggars Banquet Records
Q3550458,Gary Valenciano,I Will Be Here,4313207,cCVtKyJ55A4,wikidata,Gary Valenciano
Q5526109,Gary War,,,,,
Q3753186,Gato Pérez,Rumba De Barcelona,3624365,b0jenna0FEc,name,Satélite K
Q696898,Gaye Bykers on Acid,Zen Express,735117292,0Wt847v9GIk,wikidata,Gaye Bykers On Acid
Q361329,Gazebo,I Like Chopin (Classic),1709394,Dtrgwqei7ww,wikidata,Gazebo Official
Q601984,GBH,Population Bomb,421782902,ti3PsG3dfEc,wikidata,SpikedgeXXX
Q342723,Gene Autry,Frosty the Snowman,609810,bdEpPXVOmTA,wikidata,Gene Autry
Q711442,Gene Chandler,Duke of Earl (Rerecorded),6061130,,wikidata,
Q82311,Gene Vincent,Lotta Lovin',121135518,Dp-0-xgGzLM,wikidata,Ulises Mavridis
Q321748,General Levy,Jah Jah Bless,8768021,2iAFP785tzg,wikidata,Generallevy Official
Q1501681,General Surgery,,,,,
Q151012,Genesis,,,,,
Q1502454,Genocide Organ,This Is No Lie,11145587,,name,
Q3100841,Gente de Zona,La Gozadera,123345682,VMp55KH_3wo,wikidata,Gente De Zona
Q49388,Georg Friedrich Haas,,,,,
Q45275,Georg Kreisler,Tauben vergiften,15345099,B2PH3hXSA0Y,name,lookout4neno
Q75854,Georg Philipp Telemann,Sonata in A Minor - (1) Andante (siziliano),10018866,mhpjDCqr1AU,name,KuK Music and Art
Q2165220,George Baker Selection,Paloma Blanca,490413392,R36CixkIaIc,wikidata,Rob de Groot
Q348459,George Benson,Give Me the Night,5094396,FIF7wKJb2iU,wikidata,RHINO
Q774863,George Butterworth,English Idyll No. 2,10866677,,name,
Q5538379,George Darko,Medo Menuanom,3265908551,rcEu4tv-gFc,name,Time Capsule Shop
Q536322,George Duke,Reach Out,69096097,DavckVZylkg,wikidata,AuntieSoul34
Q5539359,"George Formby, Sr.",,,,,
Q7302,George Frideric Handel,,,,,
Q123829,George Gershwin,The Man I Love,1655978,OSZXUaPVF0E,wikidata,Classic Mood Experience
Q508202,George Jones,The Race Is On,3470660,dj7ahuCHGbM,wikidata,58'chrysler
Q3101850,George Ramogi,My Best Wishes To Conny,85851075,s0zTzXMrMM0,name,Jojo Records
Q710733,George Rochberg,,,,,
Q535308,George Russell,"Livingstone, I Presume",121587268,nDYYEABxo8U,name,Okmusix
Q366584,George Strait,Amarillo By Morning,7379463,wtVeDaZxAXo,wikidata,George Strait
Q432302,George Winston,Sea,2581266422,dd9baViB574,wikidata,George Winston
Q449,Georges Brassens,Les copains d'abord,2420855,PT7U_GzRIv0,wikidata,Georges Brassens
Q588315,Georgie Fame,Sunny,1561027,,name,
Q713025,Gerald Finzi,,,,,
Q18645820,Geraldo Pino,Heavy Heavy Heavy,10713028,QiQr6Kq9wY4,name,Time Warp  (Distorsion Temporelle)
Q15463707,Gerardo Ortiz,Para Qué Lastimarme,415383652,_Q4SB8rkQfQ,name,Gerardo Ortiz
Q733400,Gerry and the Pacemakers,You'll Never Walk Alone,3164746,OV5_LQArLa0,wikidata,Gerry Pacemakers
Q156535,Gerry Mulligan,Stardust,3127546,djcMuSnvTG8,wikidata,Erlendur Svavarsson
Q2915432,Gershon Sirota,,,,,
Q176412,Gesang Martohartono,,,,,
Q2740796,Getatchew Mekurya,Muziqa heywete,224962,2Dk4pjTbJEw,name,Brandel Mosca
Q1519986,Geto Boys,Mind Playing Tricks on Me,3357435491,IJtHdkyo0hc,wikidata,UPROXX
Q19571788,GFOTY,Tongue,1213625592,qzo2vvUWLoo,wikidata,PC Music
Q5556594,Ghetts,Skengman,1204807332,kuQPdO-ysic,wikidata,Ghetts
Q19840134,Ghost Bath,Rose Thorn Necklace,3191158601,f8Z1WM_ILcU,wikidata,Ghost Bath
Q45898094,GHOSTEMANE,Fed Up,3606526282,p0lbm5J0uUs,wikidata,GHOSTEMANE
Q323463,Ghostface Killah,All That I Got Is You,1523519112,PAvQW_-s_f0,wikidata,Ghostface Killah
Q3595190,Ghulam Ali,Chupke Chupke Raat Din,451416862,MWjaK_nW72E,wikidata,Saregama Ghazal
Q456751,Giacinto Scelsi,,,,,
Q312686,Giacomo Carissimi,,,,,
Q7311,Giacomo Puccini,Tosca: E lucevan le stelle... Ed olezzava la terra (Act Three),71205665,,name,
Q10289428,Gian & Giovani,O Grande Amor Da Minha Vida (Convite de Casamento) (Ao Vivo),2337690,qIw0DR1Pd6w,name,Gian e Giovani Oficial
Q1522573,Gianni Celeste,Ti Vorrei,1091718,_yS5B_i1IjU,name-ambiguous,Gianni Celeste TV / Seamusica
Q311748,Gigi D'Agostino,L'Amour Toujours,2076053797,w15oWDh02K4,wikidata,GIGI D'AGOSTINO
Q585972,Gigi D'Alessio,Un nuovo bacio,538753,FwuIOnGppmY,wikidata,Gigi D'Alessio
Q348477,Gil Evans,El Toreador,609309112,,wikidata,
Q378858,Gil Scott-Heron,Me and the Devil,5107442,OET8SVAGELA,wikidata,XL Recordings
Q327163,Gil Semedo,Gostu sabi,1782176797,tcSgAAuu6VI,name,Klasszik and Soraia Ramos
Q221479,Gilberto Gil,Palco,709002,aCNIW3Cek1o,name,Gilberto Gil
Q361555,Gilberto Santa Rosa,Conteo Regresivo,13204945,Zc13NAc7dvM,wikidata,Gilberto Santa Rosa
Q447621,Gilda,,,,,
Q214964,Gilles Binchois,,,,,
Q1522692,Gilles Vigneault,Les gens de mon pays,1424855052,3-wagBFWEQs,wikidata,Gilles Vigneault
Q442207,Gillian Welch,The Way It Goes,483621772,AiS37_EULj8,wikidata,Anto - Daniele
Q10504997,Ging Nang Boyz,,,,,
Q470554,Gino Paoli,Quando ti rivedrò,4289411722,gw-LUbkNSKk,wikidata,Gino Paoli Official and Paolo Fresu
Q9726,Gioachino Rossini,,,,,
Q512168,Giora Feidman,Dance Me To The End Of Love,3447286291,21yEni5Cag4,wikidata,Giora Feidman Official
Q312674,Giorgio Moroder,Chase,2446608,qQdU8arsuSk,wikidata,Music Jukebox
Q331263,Giorgos Batis,,,,,
Q343627,Giorgos Dalaras,Natane To 21,476455112,,wikidata,
Q1383970,Giorgos Mazonakis,Ores Mikres,673043012,gVTJcWoKIMs,wikidata,My Greece
Q34624,Giovanni Gabrieli,,,,,
Q179277,Giovanni Pierluigi da Palestrina,,,,,
Q40586,Gipsy Kings,,,,,
Q3107617,Girija Devi,Thumri - Babul Mora - Raga Bhairavi,2034541037,,name,
Q62140662,girl in red,we fell in love in october,1861248217,iggmiF7DNoM,wikidata,girl in red
Q2608674,Girl Talk,,,,,
Q20153,Girls' Generation,Gee,728406632,U7mPqycQ0tQ,wikidata,SMTOWN
Q1142870,Girlschool,Race With The Devil,3808823862,Pe_LRasNay0,wikidata,nanaimo68
Q209212,Girolamo Frescobaldi,Toccata For Cello And Piano,4143914802,Rw7b8B1BqPQ,name,JP Cello Studio
Q207532,Giuseppe Torelli,,,,,
Q7317,Giuseppe Verdi,,,,,
Q348652,Giya Kancheli,"Kviteli Fotlebi (Filmidan ""Mimino"")",1101162432,,name,
Q100978614,Glaive,,,,,
Q1529784,Glassjaw,Cosmopolitan Blood Loss,4091615,eghgAnlhPGw,wikidata,Warner Records Vault
Q162667,Glen Campbell,Southern Nights,3476171,jYTfV5o2ZMY,wikidata,Glen Campbell
Q433661,Glenn Branca,Lost Chords,71572213,V93TryFl8Uw,wikidata,jr. machado
Q103651,Glenn Miller,I Know Why (And So Do You),969770,-e2LXzNjYkw,wikidata,1090VIE
Q3108903,Global Communication,,,,,
Q1531745,Globe Unity Orchestra,,,,,
Q184697,Gloria Estefan,Don't Wanna Lose You,565058,J1x1WGtePSE,wikidata,Gloria Estefan
Q228918,Gloria Gaynor,I Will Survive (Rerecorded),975366,KJLazVT0zsU,wikidata,Aquarius Music
Q270546,Gloria Jones,Tainted Love,3475976,EH4yq-goqiA,wikidata,Vitalijs Neudahins
Q5881397,Glorior Belli,,,,,
Q1547848,GMS,Riding The Cosmos,2186621017,JdrG_uUStlI,wikidata,PLUR ॐ GOA
Q22908676,Gnaw Their Tongues,The Doctrine of Paranoid Seraphims,649905492,Z4wRMPTz9YA,name,Dominic F. Marceau (DFM)
Q1355916,Goa Gil,,,,,
Q1317474,Goblin,Suspiria (Originale),6827850,5fCI3d2aFJc,wikidata,Best Soundtracks Ever
Q3109658,God Is My Co-Pilot,Totally Wired,105522346,,name,
Q1533787,Godflesh,Master and Slave,4083652051,,wikidata,
Q181341,Godspeed You! Black Emperor,,,,,
Q558464,Goethes Erben,,,,,
Q46644,Gogol Bordello,Start Wearing Purple,3872103771,SkkIwO_X4i4,name,SideOneDummy
Q11201367,GOING STEADY,BABY BABY,571676692,BUItRCnW5Lw,name,ziziikomatta
Q728049,Golden Earring,Radar Love,60702996,aRlSHG5hRY4,wikidata,Red Bullet
Q652294,Golden Gate Quartet,,,,,
Q1064319,Goldfinger,Superman,7978573,XvziPPpryv0,wikidata,Goldfinger Music
Q606250,Goldfrapp,Ooh La La,1014440232,uco-2V4ytYQ,wikidata,GoldfrappTV
Q507845,Goldie,Inner City Life,541148552,i-P98B2skts,wikidata,London Records and GOLDIE
Q1139517,Gong Qiuxia,,,,,
Q287142,Goodie Mob,Cell Therapy,7410332,OGy4bmG5SJw,name,Goodie Mob
Q255233,Googoosh,Jadeh,12589898,ZkaB3auvOq4,name,persianmusictube
Q954348,Gorefest,Erase,668824872,25Wgpi7JVaY,name,Nuclear Blast Records
Q152761,Gorgoroth,Radix Malorum,581149342,XI83zs68m38,wikidata,Extreme_Metal
Q1538284,Gorguts,"With Their Flesh, He'll Create",661170,Oqxz_6BSnfk,name,lafinedeathmetal
Q3111407,Gorō Yamaguchi,,,,,
Q5587383,Gospel Gangstaz,,,,,
Q746955,Gotan Project,Santa María (del Buen Ayre),825823,bp55S6Wta4M,wikidata,Gotan Project
Q126953,Gov't Mule,Thorazine Shuffle,13270179,8IN91rBmArE,name,LongStrangeTrip710
Q1377134,Graham Parker,No Holding Back,1496276622,akIMReNmdfI,wikidata,Alfredo COBO CONLLEDO
Q438124,Gram Parsons,Return of the Grievous Angel,2812385,1PytxPaU6k4,wikidata,scarecrow3666
Q5016968,Gramacks,,,,,
Q3115369,Gramoun Lélé,,,,,
Q5593993,Gran Coquivacoa,La Negra Cocoa Coa,702465862,2eY7orc8q50,name,Joyas Musicales
Q13026138,Grand Ex',,,,,
Q1542920,Grand Wizzard Theodore,,,,,
Q765409,Grandmaster Flash and the Furious Five,The Message,3824620,gYMkEMCHtJ4,wikidata,UPROXX
Q601427,Grant Green,Idle Moments,3477262,wWaH2PSREWo,name,Spinning Into Valhalla
Q212533,Grateful Dead,Truckin',3600494,h_bwoXuUGho,wikidata,Grateful Dead
Q377387,Gravediggaz,Diary of a Madman,74461013,8SdiF7aNHOA,name-ambiguous,GravediggazVEVO
Q942165,Graveland,,,,,
Q1362139,Graveworm,(N)Utopia,668823012,bzCQAXSBSMY,wikidata,Eric W.
Q1172137,Gray Matter,,,,,
Q783669,Greater Than One,G-Force,3475072181,1C9hvkx9b3Y,wikidata,Héctor Belloc
Q47871,Green Day,Basket Case,678044,NUTGr5t3MoY,wikidata,Green Day
Q466370,Green on Red,Little Things in Life,364030701,ACRDtwFN_4I,wikidata,twylaharp1965
Q1127431,Green River,Swallow My Pride,1137214322,GuK9hBGGyDg,name,GrungePlungeTV
Q1544666,Green Velvet,La La Land,3978073801,uDMVfFgykP8,name,Green Velvet
Q12018456,Greenhorns,,,,,
Q5604524,Greensky Bluegrass,Burn Them,84813669,w4_h452wTrE,name,Greensky Bluegrass
Q440898,Gregory Isaacs,,,,,
Q1545680,Grendel,,,,,
Q557003,Grigoris Bithikotsis,,,,,
Q117970,Grimes,Delicate Weapon,1144909922,-8CHNQxB1fQ,wikidata,k1t1love (AIIIE)
Q3373557,Grimethorpe Colliery Band,,,,,
Q117522,Groove Armada,Hands of Time,539152,KDmtOW8hd54,wikidata,Groove Armada
Q165138,Groove Coverage,God Is a Girl,820882212,rp53irFjzYg,wikidata,suprimerecords
Q463678,Grover Washington Jr.,Just the Two of Us,3085246,v8oqbWrP1QY,wikidata,RHINO
Q5886009,Grupo 5,La Culebritica,673780942,IneMGm3N1Nw,name,GRUPO5
Q1320656,Grupo Fundo de Quintal,O Show Tem Que Continuar,13304900,s52rfHjXML0,name,Fundo de Quintal
Q5612232,Grupo Límite,Te Aprovechas,750118172,JqgRE88HOeo,name,Limite Oficial
Q3118236,Grupo Montez de Durango,Pasito Duranguense,740394712,,name,
Q1550910,Grupo Revelação,Deixa Alagar (Ao Vivo),506285132,YIDr6Sx0TMM,wikidata,Grupo Revelação
Q1398215,Gryphon,Kemp's Jig,3808836172,jNwhblDNYmw,wikidata,sabucatuloco
Q164201,Guaco,Baja,1225631032,elrjzVLmJw8,name,Guaco
Q1552700,Guan Pinghu,,,,,
Q1552705,Guana Batz,,,,,
Q206032,Gucci Mane,Wake Up in the Sky,553901882,U68MJz9DrI4,wikidata,Gucci Mane
Q2382303,Gugum Gumbira Tirasondaja,,,,,
Q200580,Guillaume de Machaut,Douce dame jolie (Machaut),64054136,,wikidata,
Q207717,Guillaume Dufay,,,,,
Q9001292,Guillermina Motta,,,,,
Q919666,Guillermo Portabales,,,,,
Q607448,Guitar Slim,The Things That I Used To Do,892890,fj33EGMbazY,name,catman916
Q1554171,Guitar Wolf,Jet Generation,943336,ZHJLFtTRDH0,wikidata,Guitarwolf Records
Q921937,Gundecha Brothers,,,,,
Q11895,Guns N' Roses,Sweet Child O' Mine,518458172,1w7OgIMMRc4,wikidata,Guns N' Roses
Q28146294,Gunship,Ghost,1961048217,aUJuwNxNUWQ,wikidata,GUNSHIPMUSIC
Q1554854,Gunshot,,,,,
Q704154,Gunther Schuller,Transformation,71018598,TfD18tr508Q,name,Luke Carbon
Q3694931,Gurdas Maan,Challa,2372884825,b_soLl__eHI,name,Rehmat Records
Q51858412,Gus Dapperton,"Prune, You Talk Funny",1856833007,QrVl7mgVSg0,wikidata,Gus Dapperton
Q5620648,Gus Elen,,,,,
Q1555337,Gus Viseur,Le Bal Du P'tit Jardin (1961),530200211,,name,
Q200867,Gustav Holst,"The Planets, Op. 32: Jupiter, the Bringer of Jollity",410625142,,wikidata,
Q7304,Gustav Mahler,,,,,
Q380821,Gusttavo Lima,Bala Alojada,4094705011,l_R3_BwCvqM,wikidata,Music Wheel
Q3393871,Guty Cárdenas,Peregrino de Amor,3370751251,iUBJ_bp8YJI,name,musicaymx
Q1386899,Guy Clark,Dublin Blues,435624742,7SXlSjco8J4,wikidata,Austin City Limits
Q1557521,Guy Konkèt,,,,,
Q467087,Guy Lombardo,A Sailboat in the Moonlight,853902672,ex7k7FgQYWs,name,The78Prof
Q154331,György Ligeti,"Trio for Horn, Violin and Piano (II. Vivacissimo Molto Ritmico)",488993302,,wikidata,
Q548149,Gérard Grisey,,,,,
Q123031036,Gérard Lockel,,,,,
Q1293555,"H ""Two"" O",What's It Gonna Be,144543282,x-UVa1I0kLw,wikidata,HtwoOvideo
Q483135,H.O.T.,,,,,
Q108529670,Habstrakt,Outer Space,1972796917,AhB8AC0WACA,wikidata,Future House Music
Q1567295,Hacı Arif Bey,,,,,
Q156783,Haddaway,What Is Love,3801343542,HEXWRTEbj1I,wikidata,DECADR
Q1522079,Hadouken!,Levitate,2096130867,MYZHUoMCfZ4,wikidata,HADOUKEN!
Q1567719,Haemorrhage,Necrotic Garbage,2192015697,s1KPy-LbR9g,wikidata,Haemorrhage
Q1568235,Hagalaz' Runedance,The Soul of a Hound,10608511,r8xq93_gVRQ,wikidata,Ephesius wicca
Q158304,Haggard,Herr Mannelig,97064476,U_DTDQnhW-8,wikidata,THERION03
Q20684153,Hail the Sun,Human Target Practice,3801784402,6nMpPc3vKOs,name,Blue Swan Records
Q54738460,Hailu Mergia,Yegle Nesh,100357738,FLjOUhBgc_I,wikidata,Andrew Mats74
Q1569294,Haim Moshe,עיישה,78459020,Ch09DE98PlQ,wikidata,חיים משה
Q1814728,Hajji Alejandro,Nakapagtataka,659199932,yZld_4yzyoU,name,KDZ Lyrics
Q6014924,Hakan Taşıyan,Doktor,3370434051,9KLMYzwUCNQ,name,TAŞIYAN MÜZİK
Q3296942,Hakim,,,,,
Q733182,Hall & Oates,Maneater,569561,yRYFKcMa_Ek,wikidata,Daryl Hall & John Oates
Q3126025,Hall Johnson,City Lights,351943861,FonCD8SDrhY,name,i'm cyborg but that's ok
Q107345948,Hamid al-Saadi,,,,,
Q81120980,Hamid El Kasri,Moulay Ahmed,1663174942,K-xymUfJCgw,name,Hamid El Kasri Officiel
Q258541,Hamid El Shaeri,Ouda,81258972,0SSXNhbQMAU,name,Jeel Music
Q5645273,Hamilton de Holanda,Flor de Lis,2439697955,uBZL14tWWoQ,wikidata,Hamilton de Holanda Oficial
Q2073149,Hammamizade İsmail Dede Efendi,,,,,
Q274593,HammerFall,Hearts on Fire,651480792,ezxvLq2oIwI,wikidata,HammerFallMusic
Q112181418,Hamo Bika,Mahragan Wada3 Ya Donia,736145712,,wikidata,
Q713575,Han Bennink,,,,,
Q82199,Hande Yener,Naber?,3289960421,2uDXJU_1S20,name,Hande Yener
Q534842,Hank Mobley,,,,,
Q706422,Hank Thompson,,,,,
Q206181,Hank Williams,Jambalaya (On The Bayou),548865992,xnKOVPXhlnE,wikidata,gduwen
Q18921645,Hannah Diamond,Every Night,1173827092,EPFvbc4onks,wikidata,PC Music
Q65491,Hannes Wader,"Heute hier, morgen dort",6974201,vNbFqgSbG7w,wikidata,gebjgbtl571f
Q1428813,Hanoi Rocks,11th Street Kidzz,3786480052,gpttRXw6nGc,wikidata,SixxQueen91
Q76364,Hans Zimmer,Cornfield Chase,1137370842,JuSsvM8B4Jc,wikidata,WaterTower Music
Q45230,Hansi Hinterseer,Amore Mio,15117461,pD65uNv8jik,wikidata,damianhansi
Q1137427,Happy End,,,,,
Q1141495,Happy Mondays,Step On,428849902,R88KeQnBBI4,wikidata,Happy Mondays
Q23954870,Harakiri for the Sky,Song to Say Goodbye,1083922172,v-C11XVjmdw,wikidata,Anty Krist
Q819299,Hardfloor,Dubdope (Mixed),12266087,,name,
Q923731,Hardwell,Bang On The Drums,4060165521,dp7fXbEFqa8,wikidata,Hardwell
Q5657172,Hari Om Sharan,,,,,
Q212512,Hariprasad Chaurasia,,,,,
Q232752,Haris Alexiou,Gia Ena Tango,3752493072,1czOx6b3208,wikidata,가을나그네
Q85846077,Harlem Spartans,Kennington Bop,369915491,LhDXyyQHW_g,name,The Drop Ent.
Q1585609,Harmonia do Samba,Desafio,14926921,aMrqiZu1cFo,wikidata,DJ Xisto
Q38902387,Harmonize,Kainama,1368387112,teejx562wxg,name-ambiguous,Harmonize
Q728029,Harold Budd,Late October,3121560,y93cXtTjU9o,name,muscarines
Q1585918,Harold Melvin & the Blue Notes,Don't Leave Me This Way,16232223,MnIkcB8GObo,wikidata,Harold Melvin & The Blue Notes
Q1586034,Harpers Bizarre,Witchi Tai To,761794,,wikidata,
Q214959,Harry Belafonte,Jump in the Line,959903,reNWJMZtvU0,wikidata,Harry Belafonte
Q349902,Harry Champion,,,,,
Q3127854,Harry Lauder,,,,,
Q201494,Harry Partch,,,,,
Q1586825,Harry T. Burleigh,,,,,
Q1561874,Harry Von Tilzer,,,,,
Q264989,Haruko Momoi,“らしく”いきましょ,2228427837,,wikidata,
Q181434,Harumi Miyako,"Ai Wa Hana, Kimi Wa Sono Tane",2510375221,ch1k99N3FAk,name,Skadi
Q3511609,Haruna Ishola,,,,,
Q705221,Haruomi Hosono,Figlio Perduto,4091889881,,wikidata,
Q3128141,Hassan Hakmoun,Bania,99281630,,name,
Q268359,Hatebreed,Destroy Everything,660685,DBwgX8yBqsw,wikidata,Martin Kames
Q972623,Hatfield and the North,,,,,
Q1424035,Haujobb,Dead Market,1979295137,KUOeibCly70,name,Haujobbmusic
Q91573,Hauschka,Dew and Spiderwebs,562773222,,wikidata,
Q65053184,Havana D'Primera,,,,,
Q285966,Hawkwind,Hurry on Sundown,3102107,pNnOg34u4WE,wikidata,Hawkwind Fan
Q1324566,Hawthorne Heights,Ohio Is For Lovers,1286084722,JjTj8Riw49k,wikidata,Hawthorne Heights
Q3056796,Hayedeh,Soghati,12591153,5mapaMSPngU,name-ambiguous,Hayedeh
Q231985,Hayley Westenra,Once Upon A Time In The West,11288970,2TgVNFZdDWk,wikidata,Zapper
Q273868,Hazell Dean,Searchin' (I Gotta Find a Man),124992706,QB6hAUyGV6s,wikidata,Hazell Dean
Q223148,Headhunterz,Destiny,965505842,dv2NtTtwVVY,wikidata,Headhunterz
Q60736888,Headie One,Link in the Ends,1992479747,pXx7bT282dk,wikidata,Headie One
Q944058,Heavenly,Lost in Your Eyes,90596083,o70DTcfBV_A,name-ambiguous,HeavenlyOfficial
Q5694936,Heavens to Betsy,Terrorist,30505701,xD8rWjx90-w,name,Kill Rock Stars
Q1151,Hector Berlioz,A Letter Home,1913225507,,name,
Q5698073,Heera Group UK,,,,,
Q50179341,Heilung,Norupo,656051642,64CACoHNBEI,name,Heilung
Q6541,Heino,Radetzky Marsch,1007187,zbHVeWUm5Vk,wikidata,Degend Minh
Q153643,Heinrich Schütz,,,,,
Q236549,Helene Fischer,An meiner Seite,4250536021,VvZY0wiQnrg,wikidata,Helene Fischer (Official)
Q3090295,Hella,,,,,
Q5706948,Hellbastard,Deadlock,70989503,mW9lsMqBv5I,name,Napalm Martini
Q1348695,Hellogoodbye,Bonnie Taylor Shake Down...2K1,1517092082,iLuGNMhzTqo,wikidata,IAmClinton
Q158895,Helloween,I Want Out,3803078882,FjV8SHjHvHk,wikidata,Helloween
Q1412298,Helmet,Unsung,2445710,jBfygUiS50g,wikidata,HelmetVEVO
Q549442,Helmut Lachenmann,,,,,
Q1457636,Helstar,Baptized In Blood,70878479,3T7XhMzEyyU,name,Metal Blade Records
Q2355139,Henri Chopin,,,,,
Q364983,Henri Duparc,,,,,
Q18275695,Henrique & Juliano,Última Saudade (Ao Vivo),3876591901,,wikidata,
Q1474555,Henry Cow,Half Asleep: Half Awake,1118863382,Yl6h9Q6av3g,name,Brol Planet
Q3182445,Henry Fillmore,,,,,
Q185928,Henry Mancini,Moon River / Audrey’s Letter,3813527512,ypvlGJLKv9o,wikidata,Henry Mancini
Q9695,Henry Purcell,Abdelazer Suite: Z. 570: II. Rondeau in D,66669589,,wikidata,
Q506198,Henry Thomas,Bull Doze Blues,353601241,ds3wXLxM6kg,name,Valon Schmitt
Q354158,Henry Threadgill,Trio Piece,4006089501,WANPyaDTTC8,name,Vijay Iyer and 2 more
Q294568,Henryk Mikolaj Górecki,,,,,
Q344822,Herb Alpert,Rise,1064775022,q7O3eYJptTc,name,Herb Alpert
Q963107,Herbert Howells,,,,,
Q105875,Herbie Hancock,Cantaloupe Island,3104591,8B1oIXGX0Io,wikidata,jazzhole13
Q13635889,Herbs,,,,,
Q1609632,Hercules & Love Affair,,,,,
Q14395442,Herencia de Timbiquí,Sabras,502039822,srE7nr4xuGI,wikidata,Herencia De Timbiqui
Q1581736,Heresy,,,,,
Q719447,Herman Brood,My Way,1024581,5V9vRauwj-c,name,hermanbroodart
Q503717,Herman van Veen,Opzij (Ringtone),3622669682,NsSjrwawCk0,wikidata,joost klein
Q693597,Herman's Hermits,There's A Kind Of Hush,6063154,F0RrC_n-OTc,wikidata,Smurfstools Oldies Music Time Machine
Q3089478,Hermanos Yaipén,,,,,
Q247386,Hermínia Silva,,,,,
Q4217170,Hernán Cattáneo,A380,3514926361,Easqg4SUl2Q,wikidata,Cercle
Q112659660,Heroin in Tahiti,II,2298603975,,wikidata,
Q450797,Hervé,Si bien du mal,1116519382,DVIIs4GQO04,name-ambiguous,Hervé
Q5750432,Hi Tension,,,,,
Q147811,Hibari Misora,Kawa No Nagare No Youni,2533902131,Egro5c3q3wY,wikidata,World of Music
Q11103061,Hideki Tōgi,Kimino Hobabade Iiyo,4232608732,,name,
Q846016,Hieroglyphics,Make Your Move,11998185,8ji134Evkbk,name,HipHopLivesToday
Q538289,High Contrast,Around Me,4126361821,luB7w7JBT14,wikidata,High Contrast
Q278406,High on Fire,Snakes For The Divine,66020943,L0VPVawpN8E,name,saturnine31
Q1546885,High Tone,,,,,
Q744723,Higher Intelligence Agency,Midpoint,672402182,DB-DHwnLnq8,wikidata,Scubadevils
Q13027879,Hijack,,,,,
Q380126,Hijokaidan,Noise Jazz,3745358902,,name,
Q234598,Hikaru Utada,Simple And Clean,435815932,hH3pUWuqyAc,wikidata,Isabel Sanchez (Isa)
Q122020,Hilary Duff,What Dreams Are Made Of,1386338302,sZ2HvRtDFGc,wikidata,Hilary Duff
Q70991,Hildegard of Bingen,Kyrie,1077734932,UmvGJxRFUZ0,wikidata,Juno Alyssa Farnsworth
Q104490038,Hildegard von Blingin',Summertime Sadness,3035766601,VSewYsf3uDs,name,Hildegard von Blingin'
Q22121828,Hillsong Worship,What A Beautiful Name,3157120661,nQWFzMvCfLE,wikidata,Hillsong Worship
Q1287224,Himzo Polovina,,,,,
Q1039647,Hiroshi Itsuki,Izakaya,1577205152,LdjyNVFlMoA,name,E
Q11413264,Hiroshi Yoshimura,GREEN,3185163871,Q-k9Xu5O7AY,wikidata,Cosmic Pickle
Q1424928,His Hero Is Gone,Chain of Command,4022347351,6eksslGiPSc,name,DarkHorse030311
Q3130257,Hixxy,More & More,2496581461,,name,
Q1431398,Hocico,Ecos,1755621137,4xIljEIQyj8,name,HocicoDulceRabia
Q624790,Hole,Celebrity Skin,2229884,O3dWBLoU--E,wikidata,Hole
Q16203447,Holly Herndon,Frontier,670647882,rvNqNgHAEys,name,Holly Herndon
Q22907541,Holy Other,Know Where,62717481,Veru8FOv_po,wikidata,MrWippler
Q1627365,Hooded Menace,Pale Masquerade,3454297931,KcIBvJoXPE0,wikidata,Season of Mist
Q39224,Hoodie Allen,Vroom,2245003667,8NnxJgJ-euA,wikidata,Hoodie Allen
Q1627373,Hoods,,,,,
Q952337,Hooverphonic,Mad About You,850423,xVKGXgHDMvQ,wikidata,HooverphonicMusic
Q12020101,Hop Trop,,,,,
Q5899965,Hopeton Lewis,Boom Shaka Laka,3254144811,JPEYVfNjFbQ,name,reggaeukseventies
Q365560,Horace Silver,,,,,
Q1235832,Horațiu Rădulescu,,,,,
Q163597,Horse the Band,Cutsman,11317757,mSnj63ipuzo,wikidata,blazinred13
Q1629031,Horslips,Dearg Doom,62226602,RFP0ymJbbI0,wikidata,Horslips
Q3140890,Horóscopos de Durango,,,,,
Q348907,Hossein Alizadeh,Sari Galin,3826503001,OHtuaIN2EhE,name,KavehAhangarIrani
Q936480,Hot Butter,Slag Solution,108312326,zO-i9a07Ncc,name,ObliviousMoogle
Q877512,Hot Chip,Flutes,34945401,99z1_IMJNl8,wikidata,Domino Recording Co.
Q16733999,Hot Since 82,In The Air,3828891331,E6awGv9KTwE,name,Hot Since 82 and Knee Deep In Sound
Q5911095,Hotdog,Manila,658078812,PE1f6VzVTwE,wikidata,Viva Records
Q3141228,Hou Dejian,,,,,
Q382748,Howard Hanson,,,,,
Q207773,Howard Shore,Evenstar,783579,H_LckEp1MOE,wikidata,The Exorian
Q44780,Howlin' Wolf,Evil,531241971,ETZ2BLTkCoM,wikidata,Victor Rivera
Q45203,Hubert von Goisern,brenna tuats guat,2835574782,l-XYBJOKNMg,name,Hubert von Goisern
Q5928796,Hudson Mohawke,Chimes,86562811,k_MWuP2Qj7U,wikidata,Hudson Mohawke
Q5929728,Huggy Bear,Putting Out,2778322991,,name,
Q246594,Hugh Masekela,Bring Him Back Home (Nelson Mandela),98672912,obFfVd-Lyl4,name,PRUNE AVENUE
Q215747,Hugo Wolf,,,,,
Q1058729,Hugues Dufourt,,,,,
Q113950871,Humanity’s Last Breath,Godhood,3722370242,4QEA3FpqKUE,name,Humanity's Last Breath
Q735407,Humberto Teixeira,,,,,
Q1201007,Hurricane Chris,A Bay Bay,71648150,oe9qb5yPQgA,name,Hurricane Chris
Q304391,Huun-Huur-Tu,,,,,
Q851798,Hybrid,Experiment IV,1126662932,bJfqJspjA7k,wikidata,Stoyan Kasarov
Q555195,Héctor Lavoe,Periódico De Ayer,688751902,LMIrkCL8Zg0,wikidata,Héctor Lavoe
Q862223,Hüsker Dü,Hardly Getting over It,866397,HbTKQIeStFE,wikidata,PumpkinBen
Q10771464,Hương Lan,Lối về đất mẹ,674209232,gXUKsoEJ6uw,name,Huong Lan Music
Q2246954,Hồ Ngọc Hà,Cô Đơn Trên Sofa,1964954427,UXqxTZ67Jio,name,Ho Ngoc Ha's Official Channel
Q953083,I See Stars,Anomaly,3419289651,Ttu1Hzix9fs,wikidata,SUMERIAN
Q1356456,I-Roy,,,,,
Q3155106,I. K. Dairo,,,,,
Q67154301,Ian Van Dahl,Movin On,60831397,tdxktMNRhts,wikidata,Building Records
Q152880,Iannis Xenakis,,,,,
Q3147363,Iarla Ó Lionáird,,,,,
Q309941,Ice-T,I'm Your Pusher / Pusherman,3904912,HlRxdjqWRzg,wikidata,Toni's Music Library
Q728109,Iced Earth,I Died For You,125960281,22eFBfrA6Mc,wikidata,glm27jim
Q115769267,Icewear Vezzo,Up The Scoe,2345084765,hTsucLPqWD8,name,Icewear Vezzo
Q3138085,Ichirō Fujiyama,Who?,2216984167,,name,
Q1656463,Icon of Coil,Dead Enough For Life,34988971,xyo7Sv9XSaA,name,Exit
Q508100,Ida Cox,Wild Women Don't Have The Blues,4110774,NpbdYE4Ujrc,name,Finetunes List
Q5971066,IG Culture,,,,,
Q7314,Igor Stravinsky,,,,,
Q2486120,Igorrr,Daemoni,3293342581,pTsg8xMD9I8,wikidata,Igorrr
Q4273010,Iis Dahlia,,,,,
Q269813,Il Divo,Aleluya,61793713,OEq0Bd-BtsI,wikidata,MIGUEL ANGEL VELAOCHAGA
Q177732,Il Volo,Se,1543189972,FYs_PcRNZmQ,wikidata,Il Volo Fans
Q486879,Ildo Lobo,Jacinta,3867290311,pp4Aqa6CkMw,name,Lusafrica
Q5941036,Ilegales,,,,,
Q41265,Illapu,Sobreviviendo,3931285711,IrMIA1_F5io,name,Illapu Canal Oficial
Q27662462,Illenium,All That Really Matters,1819163237,3gxxW5NqICc,wikidata,ILLENIUM
Q1566042,Ilê Aiyê,Depois que o ilê passar,3879952,5JuLUfshEeM,name,Macaco Gordo
Q6372726,Im Bang-ul,,,,,
Q83688261,Imanbek,Belly Dancer,1650410302,bEacVcAtiKU,wikidata,Spinnin' Records
Q6005201,Imminent,Loud Enough,597937362,,name,
Q208417,Immortal,Tyrants,668829792,UH_S0bZhpAM,wikidata,SLAYERO MUSIC
Q347368,Immortal Technique,Dance with the Devil,1936925727,Ef1fy2k_EYI,name,Immortal Technique
Q96381993,Imperial Triumphant,Gomorrah Nouveaux,3128447251,7Ios6fwqrSU,name,Century Media Records
Q458326,Impetigo,Dis-Organ-Ized,65034113,2g1-lx5bUVs,wikidata,Jim's Music Dungeon
Q326034,In Extremo,Vollmond,64734550,23Nmu80tLW0,wikidata,MrNutellabrot
Q258546,In Flames,Only for the Weak,867422402,qnLunQEcMn0,wikidata,In Flames and Nuclear Blast Records
Q6010844,In Slaughter Natives,,,,,
Q839408,In the Nursery,After Great Pain,1855914797,qLSwV-V89PI,wikidata,psipsoumaya
Q1116390,Incantation,,,,,
Q2748333,Incapacitants,,,,,
Q615207,Incognito,Night,3118135021,FsUvNqMq9-Y,wikidata,Incognito Official (Bluey)
Q258750,India.Arie,Get It Together,1181634,rZH5PdSK0rk,wikidata,PrincezzBFFS
Q75763471,Indian Summer,Shiner,2008409507,3VgGfHX3Fw8,wikidata,Indian Summer
Q267822,Indira Radić,Lopov,1530383982,ADC0rpKUqcY,name,Veče sa
Q6028735,Inezita Barroso,Marvada pinga,1704957897,HeMEMkgnbng,name,Sandra Cristina Peripato (Recanto Caipira)
Q1662265,Infamous Stringdusters,You Can't Handle The Truth,3248551,SnIsp06cgPE,wikidata,washingtonbluegrass
Q548994,Infected Mushroom,The Pretender,929144052,8zH2JP4LgaE,wikidata,igorkiev23
Q1662335,Infectious Grooves,,,,,
Q49405377,Ingested,Cold Sun,3713522272,,name,
Q111703543,Innellea,Downfall,2585493572,ZPlBKOggHrk,name-ambiguous,Innellea
Q613838,Inner Circle,Bad Boys,2557399732,aL1heFR12nA,wikidata,Inner Circle
Q929731,Insane Clown Posse,In My Room,97303354,B4EX-3JoRNQ,wikidata,Twins Lyrics
Q1146675,Insomnium,Arch of the Sky,4237444502,61RjgbXhsLc,wikidata,Century Media Records and InsomniumOfficial
Q500492,Inspiral Carpets,This Is How It Feels,3785266562,J-fX0UbpZls,wikidata,Inspiral Carpets
Q111060278,Instra:mental,,,,,
Q944143,Integrity,,,,,
Q1666276,Internal Bleeding,Anointed in Servitude,1502157,F2PHvanaMqs,name,Internal Bleeding
Q331790,Interpol,Wings On Fire,4017099421,pxHQASNmJZs,wikidata,Interpol
Q1068887,Inti-Illimani,El Pueblo Unido jamás será Vencido,3553721681,Cuzl_QTBlWI,name-ambiguous,INTI-ILLIMANI
Q2033206,Intocable,Fuerte No Soy,3495714,IpdGyN7BcMM,wikidata,Intocable
Q580563,Inul Daratista,Buaya Buntung,1248765182,4DhgJ3dsUxM,name,aprilio 09
Q20191939,Invent Animate,Heavener,2935774631,X-AU0GZCSUI,name,Invent Animate
Q6061091,Invisibl Skratch Piklz,,,,,
Q489801,INXS,Never Tear Us Apart,14636764,AIBv2GEnXlc,wikidata,INXS
Q6065762,Iqbal Bano,Kasrat-E-Jalwa Se,1886936,ySAcKAQeHeY,name,EMI Pakistan
Q1672362,Irakere,Dile a Catalina (Remasterizado),444737162,,name,
Q6068302,Iration,Already Gold,472598642,Qofk1dmnRgU,name,Iration
Q6070186,Iris DeMent,Let the Mystery Be,375076701,nlaoR5m4L80,name,tomtscotland
Q271139,Irma Thomas,Time Is on My Side,62673221,McOmcNwqprA,wikidata,TheGreenScorcher
Q361881,Iron & Wine,"Flightless Bird, American Mouth",1137194402,RGVmhrfQqzg,wikidata,Sub Pop
Q743353,Iron Butterfly,In-A-Gadda-Da-Vida (Re-Recorded),10024145,,wikidata,
Q42482,Iron Maiden,The Number of the Beast,3801711942,WxnN05vOuSM,wikidata,Iron Maiden
Q2469809,Iron Monkey,Fink Dial,2674254872,U2Prj0anBHQ,name,Ironmonkeymusic
Q128746,Irving Berlin,Puttin' On The Ritz,11934110,MuTcqrqdXx8,name,Irving Berlin
Q3154632,Iry LeJeune,Love Bridge Waltz,10361166,iuywTQ3uvnU,name,Savoy209
Q206439,Isaac Hayes,Theme From Shaft,361114341,l2IljsT3udw,wikidata,Isaac Hayes
Q2423005,Isabel Pantoja,Asi Fue,14062749,o5TLALYDkQk,name,Isabel Pantoja OFICIAL
Q6077732,Isabel Parra,Ni Toda la Tierra Entera,3237294991,_u2dO6oZekU,name,Facundo Celis
Q5921010,Isaco Abitbol,,,,,
Q546592,Isao Tomita,"Canon in D Major, P. 37",71937315,MqZXJ5RqVqI,name,Essence Of Things
Q740430,Isis,Low Tide,79736214,y7TUnZXEVxM,wikidata,SystemCommands
Q55640062,Islam Chipsy,Moulid El Gomgoma,1677549967,,name,
Q102616,Isolée,,,,,
Q958875,Israel Vibration,The Same Song,3496865,0B-magM6wNs,name,Bionic Dub
Q983920,Issac Delgado,Necesito Una Amiga,1677920,li5j03lrC6U,wikidata,Issac Delgado
Q5321456,Issah Mmari Wangui,,,,,
Q6088401,Issues,,,,,
Q1380845,Ivan Wyschnegradsky,,,,,
Q235940,Ivete Sangalo,O Verão Bateu Em Minha Porta (Ao Vivo),3280991211,,wikidata,
Q323048,Ivor Gurney,,,,,
Q137590626,Ivy Lab,Orange,2768207691,nzoZgPJ5wMA,name,Twenty Twenty London
Q292135,Ivy Queen,Quiero Bailar,625985922,ykj61GLeVz4,wikidata,parodiamix
Q343394,İbrahim Tatlıses,Mutlu Ol Yeter,66134798,pkIlP54PsX8,wikidata,İbrahim Tatlıses
Q966845,J Balvin,Azul,903698362,bcaLBKH-Yfc,wikidata,J Balvin
Q17386094,J Boog,Let's Do It Again,12534759,q6fgVVlPl08,name-ambiguous,J Boog
Q352218,J Dilla,Dillatronic 01,1915731997,k0qcvG1qt1o,wikidata,Vinyl Music Video
Q28976178,J Hus,Who Told You,2313639475,FlJQudt_OtU,name-ambiguous,J Hus
Q6107195,J. T. Meirelles,,,,,
Q327311,Jaap Blonk,,,,,
Q4216454,Jabbar Garyaghdioglu,,,,,
Q7205605,Jack Beats,Fast Girls,401943522,,wikidata,
Q1677067,Jack Ingram,In His Arms,1358992582,LUrukGC8TQA,name,Miranda Lambert
Q297097,Jack Johnson,Upside Down,539765022,dqUdI4AIDF0,wikidata,jackjohnsonmusic
Q1677192,Jack Rose,,,,,
Q3157402,Jackie Opel,Push Wood,1095945772,0SwDpTt2J3w,name,Studio One
Q329698,Jackson do Pandeiro,Forró em Campina,736737832,qHiDCll3oXA,name,JacksonPandeiroVEVO
Q16781,Jacky Cheung,吻別,2540194,H_RXZDk7mck,wikidata,張學友 Jacky Cheung
Q923012,Jacob do Bandolim,Assanhado,65936099,eadFunvjE04,name,piccinini02
Q125532044,Jacob Forever,Quiéreme,364998601,6yP9peMntG0,name-ambiguous,Jacob Forever
Q510939,Jacopo da Bologna,,,,,
Q316402,Jacques Arcadelt,,,,,
Q1666,Jacques Brel,Vesoul,2266776,tVKWiseNGUU,wikidata,Jacques Brel
Q713477,Jacques Dutronc,"Il est cinq heures, Paris s'éveille",540432,Nz-njDzl4Wc,wikidata,Jacques Dutronc
Q1042234,Jag Panzer,Licensed to Kill (re-recorded),108638750,,name,
Q107067,Jagjit Singh,Ganapati Bappa Morya,11291758,2zOJ9aZR-08,name,Times Music Spiritual
Q4479007,Jai Uttal,Ganesha Sharanam,3876757301,xBCd0GIZPKs,wikidata,Jai Uttal
Q382570,Jaime Roos,Amándote,530990851,T3tv0uqRHvQ,wikidata,Jaime Roos (Oficial)
Q19694577,Jambinai,In The Woods,651691242,ErbdE5niMnE,name,postrock.instrumental
Q3504775,Jamelão,,,,,
Q6128039,James A. Bland,,,,,
Q6129841,James Blackshaw,Cross,32614191,O7C6YKyzjdo,name,russelsheartinacage
Q350362,James Blake,When I’m Home,4152514452,oB7sWyhJSs8,wikidata,Travis Scott and 3 more
Q644768,James Blood Ulmer,,,,,
Q5950,James Brown,"It's A Man's, Man's, Man's World",598055812,H77fRz1rybs,wikidata,James Brown
Q45359,James Chance and the Contortions,,,,,
Q4845705,James Cleveland,God Is,405697362,GauUHGDiTXk,name,JayEm86
Q709092,James Dillon,,,,,
Q4483079,James Ferraro,Cheek Bones,71506047,QDDZCapnAVY,wikidata,peace and love
Q57213,James Last,Einsamer Hirte,885599762,vFDYwlOSGis,name-ambiguous,James Last
Q550541,James P. Johnson,,,,,
Q310300,James Taylor,Fire and Rain,725235,_1nKGVDhQ60,wikidata,James Taylor
Q1057805,James Taylor Quartet,Tough Chicken,3850556391,cZJdSCt5OVI,wikidata,Fran Corao Oficial 
Q13581065,Jamie Jones,Lose My Mind,2164552957,ZhSXf804NAM,wikidata,Helix Records
Q263726,Jamie xx,All You Children,2872519152,dILtgyQEXRA,wikidata,Jamie xx
Q202041,Jamiroquai,Virtual Insanity,1884719637,4JkIs37a2JE,wikidata,Jamiroquai Official
Q1682401,Jan and Dean,Surf City (Rerecorded),5903679,VPEL5Ckc3RM,wikidata,rainbow4121
Q319183,Jan Smit,Van Goes Tot Purmerend,2407144655,wuSXYcCjmZ4,name-ambiguous,Jan Smit (Officieel kanaal)
Q115920342,Jane Remover,Beauty Sleep,4299465052,_Y6pS1yoR2Y,wikidata,Jane Remover
Q622947,Jane's Addiction,Just Because,3090834,sb3FJdRk-tI,wikidata,Jane's Addiction
Q131324,Janet Jackson,That's The Way Love Goes,3501645,2b_KfAGiglc,wikidata,Janet Jackson
Q6153427,Janet Kay,Wishing On a Star,810153032,wk018eAubRs,name,rrn3000
Q496245,Jang Yoon-jeong,,,,,
Q1354827,Jaromír Vejvoda,,,,,
Q617822,Jars of Clay,Dead Man (Carry Me),6096192,eZuA0CxbO1M,wikidata,EquestrienneAli
Q5244658,Jason & the Scorchers,Route 66,3501990,yAetssTE3qY,wikidata,bjorkensusar
Q195439,Jason Aldean,Songs About Us,4029205631,_2iUc9LSGnk,wikidata,Jason Aldean
Q314245,Jason Becker,Altitudes,112579622,0lR1tt24mo4,name,TheBestShred
Q3162896,Jason Boland & the Stragglers,Somewhere Down in Texas,92150560,xHHf9VVNCkQ,name,john sandiford
Q6162757,Jason Isbell,I Follow Rivers,94539432,ZdMav-PA5g4,wikidata,roomoonsafari
Q2426558,Jasraj,,,,,
Q28053503,Jauz,Teardrops,2701372632,ec2cD-AW1Hc,wikidata,JAUZ
Q198939,Javier Solís,En Tu Pelo,13266030,yuQku2CuIhA,name-ambiguous,Javier Solís
Q238819,Jay Chou,Blue and White Porcelain,2602482222,Z8Mqw0b9ADs,wikidata,周杰倫 Jay Chou
Q62766,Jay-Z,Empire State Of Mind,90533119,vk6014HuxcE,wikidata,JAŸ-Z
Q920964,Jayne County,Man Enough To Be A Woman,141111729,QxpKcn5pgGs,name,Jayne County
Q708757,Jazzanova,Wasted Time,67660213,fUgF9kpoi4c,wikidata,K3vLegend
Q3170263,"Jean ""Binta"" Breeze",Mad Woman Radio,881667432,,name,
Q1276420,Jean Barraqué,,,,,
Q26702221,Jean Bikoko,,,,,
Q54885,Jean Ferrat,Ma France,1820871657,9ccbZxhcvsI,name-ambiguous,Jean Ferrat
Q2661396,Jean Ritchie,One I Love,5708823,NTHQ5Klg4oo,wikidata,atra billie
Q45682,Jean Sibelius,"Suite for Violin and Strings, in D Minor, Op. 117: I. Country Scenery",3140921641,,name,
Q1192,Jean-Baptiste Lully,,,,,
Q104326,Jean-Michel Jarre,"Oxygène, Pt. 4",3788146542,kSIMVnPA994,wikidata,Jean Michel Jarre
Q3168137,Jean-Michel Rotin,Adan péyi bondié,5884129,1bmEVo4nIjE,name,Alex Zouk
Q1145,Jean-Philippe Rameau,,,,,
Q3169283,Jean-Pierre Ferland,"Un peu plus haut, un peu plus loin",1589943172,-BlYVTUDELE,wikidata,garfield50064
Q1540106,Jedi Mind Tricks,I Against I,3675265982,P4j3nCcMJfM,wikidata,Babygrande Records
Q342447,Jeezy,Soul Survivor,104011124,gczBgNB-p1w,wikidata,JEEZY
Q506851,Jeff Mills,,,,,
Q488260,Jefferson Airplane,White Rabbit,614593,pnJM_jC7j_4,wikidata,Jefferson Airplane
Q712910,Jeffrey Lewis,,,,,
Q12701605,Jeffrydin,,,,,
Q79191,Jelena Karleuša,Mata Hari,4154581412,nFyDeVxLRn4,wikidata,JELENA KARLEUŠA and Jelena Karleusa
Q6176881,Jelly Roll,I Am Not Okay,3036566481,Qop5XLgwkNc,wikidata,Jelly Roll
Q317128,Jelly Roll Morton,,,,,
Q18529010,Jenni Rivera,De Contrabando,64554363,7YzesoX9DQg,name-ambiguous,Jenni Rivera
Q313270,Jerome Kern,Look For The Silver Lining,1897461,w9Mx490Jtus,name,kaleidoscopicstars
Q1080874,Jeromes Dream,"Conversations: In Time, On Mute",2157211487,2-HrRKfppXA,name,JEROMES DREAM
Q10306713,Jerry Adriani,És Meu Amor (It's For You),15418853,jm_icijk3NU,name,"Arquivos ""DoVinilAoCD"""
Q372820,Jerry Butler,,,,,
Q235077,Jerry Goldsmith,Main Theme,359793201,YMjiwEtwggM,wikidata,Movie Music Club
Q6183761,Jerry Holland,,,,,
Q979411,Jerry Jeff Walker,Mr. Bojangles,670748,98ubPmqjqLk,wikidata,Joanne Cooper Play Along Videos
Q202729,Jerry Lee Lewis,Great Balls Of Fire,2298330,w6VBlQbf-KU,wikidata,Jerry Lee Lewis Archive
Q1360931,Jerry Rivera,Amores Como el Nuestro,1070917,sJqDmVekMWU,wikidata,Jerry Rivera
Q527564,Jesse Saunders,ON & ON,6169146,t3QSW_CuZb0,name,Jesse Saunders
Q243103,Jessi Colter,I'm Not Lisa,3506021,ZOgTVJOdFVU,wikidata,pottsking
Q3177699,Jessie Mae Hemphill,Standing in My Doorway Crying,588820022,wb2LVlr9OWA,name,Bongo Joe Records
Q4387765,Jesus Jones,Right Here Right Now,3109370,MznHdJReoeo,wikidata,Jesus Jones
Q3826503,Jesús Vásquez,Todos Vuelven,107295440,eZ1YpsMc2O4,name,victorruiz46
Q192353,Jethro Tull,Aqualung,3105318,N4zPu3ISCGs,wikidata,Jethro Tull
Q1264108,Jex Thoth,Raven nor the Spirit,3242953621,u3xEw67rsQY,name,I HATE
Q3805230,JFA,,,,,
Q15929781,Jhené Aiko,Stay Ready (What A Life),72089437,QbskDhzKWk8,wikidata,Cassiopeia
Q232592,Jill Scott,To B Honest,3838000541,yAKvF3kwhbQ,wikidata,Jill Scott
Q10306910,Jill Tracy,Evil Night Together,75330925,Olp10zk3h-Q,name,Jill Tracy
Q6193271,Jim & Jesse,,,,,
Q1689135,Jim Kweskin Jug Band,,,,,
Q362435,Jim Reeves,Welcome to My World,2552851,CZQO7bBfmgs,wikidata,The Jim Reeves Archive
Q366358,Jimmie Rodgers,Frankie and Johnny,72434488,kNq532Cyhu0,name-ambiguous,Jimmie Rodgers
Q726071,Jimmy Buffett,Margaritaville,2491667,mrF4nF8VUb4,wikidata,Jimmy Buffett Official
Q6199827,Jimmy Clanton,Venus In Blue Jeans,14026221,_13davmxPb4,name,Time Light Pictures
Q109063,Jimmy Cliff,You Can Get It If You Really Want,1106498962,U7dBMYUyRAQ,wikidata,Rocksteady Freddie
Q642988,Jimmy Eat World,The Middle,623714212,oKsxPW6i3pM,wikidata,Jimmy Eat World
Q528103,Jimmy Giuffre,Crazy She Calls Me,737839,lYzaPql5HgE,name,Jazz Everyday!
Q355915,Jimmy Martin,Run Pete Run,2081696977,LK7dUNSyLt0,name,Budnipper82
Q726100,Jimmy McGriff,The Bird,63634611,OiZV6faZ1cI,name,UnidiscMusic
Q435600,Jimmy Reed,Baby What You Want Me To Do,1467890,tb3PtE-GAJ4,name-ambiguous,Jimmy Reed
Q1689431,Jimmy Rushing,Good Morning Blues,3506349,7fNFyhqwGzI,name,XzandaKing
Q6201257,Jimmy Shand,Gay Gordons,3100790,5TI2SgCIZ0g,name,JimmyShandVEVO
Q318948,Jimmy Smith,OGD (Road Song),780593532,L_92h27g3_8,name,Jazz_klx
Q4442402,Jimmy Sturr,There I'll Be,874813162,,name,
Q1689472,Jimmy Witherspoon,Nobody Knows You When You're Down And Out,1562137,2tShFzSuz9o,name,Blues Berry
Q1346384,Jimmy Yancey,Yancey's Bugle Call (Take 2),1736117,4ANjQGbVhkk,name,Pyramid Music Time Machine
Q383197,Jintara Poonlarp,,,,,
Q6203251,Jitendra Abhisheki,,,,,
Q716022,JJ Lin,Careful with Fate,3860997771,j8yO0LkqA7s,wikidata,JJ Lin林俊傑 and JFJ Productions
Q22905998,Jlin,Borealis,2562124432,hmGX3UgrpOM,name,Björk's Joyous Tunes
Q1385721,Jme,Man Don't Care,134778956,rivFCwwvoh8,wikidata,ManBetterKnow
Q3179415,Jo Privat,La Valse À Mille Temps,3508162,,name,
Q62724,Joachim Witt,Goldener Reiter,700835,4AxBgJ6wOAA,wikidata,Joachim Witt
Q131725,Joan Baez,"Farewell, Angelina",3507573,1fcEd38XQU8,wikidata,Joan Baez - Official
Q312753,Joan Manuel Serrat,Mediterraneo,970057,Cx5ENAFTLZg,name,Joan Manuel Serrat
Q1690790,Joan of Arc,The Hands,378409811,-V3XbnpJ6zg,name,apatheticmoose
Q233061,Joanna Newsom,"Peach, Plum, Pear",477792662,KcHjAUhtSrk,wikidata,echopanda
Q1690855,Joaquim Antonio (Callado) da Silva,,,,,
Q1348291,Job for a Cowboy,Entombment of a Machine,88994089,fWbV-4LEHBU,name,TheRedemptionDied
Q1661305,Jodeci,Freek'n You,2523761,DM593QXk8lA,wikidata,cobbrobin77
Q6208009,Jodle Birge,Rigtige Venner,13569501,fDSbOqdDb3w,name,XU10J4R
Q71915,Joe Bataan,Para Puerto Rico Voy,686080242,gTq2VE44GY8,name,Joe Bataan
Q347717,Joe Bonamassa,Blues Deluxe,7731922,tIs8DDrywvw,wikidata,JoeBonamassaTV
Q935746,Joe Cuba,Tu Lo Sientes? (Do You Feel It?),687105552,_wHKqNLilIw,name,Joe Cuba
Q2324713,Joe Falcon,Lacassine Special,935848962,,name,
Q764514,Joe Harriott,The Song Is You,3789216602,,name,
Q506006,Joe Henderson,Blue Bossa,3148703,U7eOs5lERww,wikidata,themack411
Q974670,Joe Liggins,Louisiana Woman,4124878,_9PAWWRPvTA,name,Sliptrail
Q194287,Joe Satriani,"Always with Me, Always with You",8146936,VI57QHL6ge0,wikidata,Joe Satriani
Q1691598,Joe Smooth,Promised Land,612459642,QtTBMBcuweE,wikidata,Armada Music TV
Q1691619,Joe Tex,,,,,
Q16212084,Joel Fletcher,The Den,3601116282,02zcpAyHGY4,wikidata,TMRW Music
Q3201552,Joey Bada$$,Love Is Only a Feeling,908937382,93ufch_2mfw,wikidata,PRO ERA
Q106641,Johann Christian Bach,,,,,
Q60724,Johann Jakob Froberger,,,,,
Q1339,Johann Sebastian Bach,,,,,
Q184178,Johann Strauss I,,,,,
Q83309,Johann Strauss II,,,,,
Q7294,Johannes Brahms,,,,,
Q143059,Johannes Ockeghem,,,,,
Q84114,John Adams,,,,,
Q180727,John Cage,In a Landscap: (1948),63681324,,name,
Q95008,John Carpenter,Halloween Theme,555263792,gqVyois9mp4,wikidata,The Shape Lurks
Q1699575,John Cephas,The Things I Used To Do,3286570381,,name,
Q7346,John Coltrane,"My Favorite Things, Pt. 1",679548,,wikidata,
Q450620,John Corigliano,,,,,
Q1699751,John Danyel,,,,,
Q118208096,John De'Mathew,Uguo Niguo Kuri,4170692952,lY0VohpKBxU,name,JOHN DE'MATHEW
Q105460,John Denver,"Take Me Home, Country Roads",82697686,1vrEljMfXYo,wikidata,John Denver
Q44570,John Lee Hooker,Boom Boom,12291998,o_6SlT3Yy10,wikidata,John Lee Hooker Official
Q472578,John Martyn,Glory Box,109786328,UkApbBABW9E,name,John Martyn
Q886072,John Mayall & the Bluesbreakers,Hideaway,540810532,msdn5OkU1Dg,wikidata,Universalmusic2012
Q345431,John Mellencamp,Hurts So Good,2512462,4dOsbsuhYGQ,wikidata,John Mellencamp
Q1366223,John O'Callaghan,,,,,
Q278207,John Oswald,Blur,1582181212,07kW_KE25X8,name,Yellow Jelly
Q295935,John Philip Sousa,The Stars and Stripes Forever,67867927,-mRn9chmRAY,name,SemperFiOorah1
Q520296,John Prine,In Spite of Ourselves,2999586641,gA-vD5pyuS4,wikidata,John Prine
Q3809570,John Reuben,Do Not,1089695912,QfM8jI-6Hck,name,Gotee Records
Q505614,John Rutter,"O Waly, Waly",875005132,86G3ZHSx6RA,name,John Rutter & The Cambridge Singers
Q317350,John Tavener,,,,,
Q682089,John Wilbye,,,,,
Q131285,John Williams,Theme From Jurassic Park,2296192,-NqaupGcCpw,wikidata,Deutsche Grammophon - DG and John Williams
Q298726,John Zorn,The Sicilian Clan,2477287091,1sMMGsv1Mmg,name,StickManga
Q1629681,John's Children,Midsummer Night's Scene,79093530,Zn5yzaFUimc,name,igotmobilephone
Q1702271,Johnnie Allan,Promised Land,75165991,7emesKRPGxg,name,sleepsinhisvest828
Q968938,Johnnie Taylor,Good Love,404963522,Ccgb_lGNbc4,name,malacomg
Q711339,Johnny Burnette,"You're Sixteen, You're Beautiful (And You're Mine)",3511202,Wjy-OMIyXbg,name,BRENT962LA
Q42775,Johnny Cash,Hurt,128846783,8AHCfZTRGiI,wikidata,Johnny Cash
Q561596,Johnny Clegg,,,,,
Q6266499,Johnny Colon,Merecumbe,686087352,,name,
Q325273,Johnny Copeland,Blues Ain't Nothin',1147735,wBBfzpi3dVA,wikidata,Blues/Reggae/Country/Bluegrass/Gospel
Q49661565,Johnny Diggson,,,,,
Q1702316,Johnny Duncan,,,,,
Q212015,Johnny Hallyday,Je te promets,2308590,-TkrMyXYbik,wikidata,Johnny Hallyday Officiel
Q1702347,Johnny Jordaan,Geef mij maar Amsterdam,62493329,nsEBq0iGqN8,name,taxi1108
Q3182925,Johnny Kemp,Just Got Paid,102020587,jl1mQASHc48,wikidata,JohnnyKempVEVO
Q1687517,Johnny Lee,Lookin' for Love,7789984,tfq3NDo5VPE,name,Joe Simonetta
Q1364197,Johnny Pacheco,Canto A La Habana,686095712,QjkmPf9eqsA,name,johnny pacheco : En honor al maestro
Q1702424,Johnny Ventura,Dilema,132855876,Zy9WfuUyTfM,wikidata,Cali pachanguero Viejo teca Salsoteca
Q332635,Johnny Winter,Life Is Hard,10245263,vee-b0kYinE,wikidata,Kล†эяเnล Fэяяiઽђyn
Q31193390,Joker,,,,,
Q51101,Jolin Tsai,Shuo Ai Ni,13252177,u8b3J8BAQ8I,wikidata,vodkafizz
Q3183166,Jomanda,Make My Body Rock 1990,1128851,qLX5xYW8x64,name,Ty B. ROLANDO
Q1453940,Jon Gooch,,,,,
Q16945221,Jon Henrik Fjällgren,Mountain Dance,1100920562,QBKIxyQW--4,wikidata,Jon Henrik Fjällgren
Q1417601,Jon Spencer Blues Explosion,Bellbottoms,385191371,XlTqcshkmc8,wikidata,Shove Records
Q611179,Jonathan Coulton,Re: Your Brains,82160172,L4Ghlgn61Pw,wikidata,I C
Q499742,Jonathan Harvey,,,,,
Q449002,Jonathan Larson,One of These Days,1654120792,EozelgPkvuk,name,The Jonathan Larson Project 
Q205721,Joni Mitchell,Both Sides Now,780663,yXr2EFomFkU,wikidata,Joni Mitchell
Q2587969,Jonn Serrie,Evening Shade,2586562612,Nwl0iO9MsfU,wikidata,Jonn Serrie
Q6275943,Jonzun Crew,,,,,
Q490192,Joo Hyun-mi,,,,,
Q10308035,Jorge & Mateus,Xonei,2935875381,a3FDFSMz5JQ,wikidata,Jorge & Mateus Oficial
Q119015,Jorge Ben,País Tropical,529383861,JzByVhWju88,wikidata,Jorge Ben Jor
Q734580,Jorge Negrete,,,,,
Q6278435,Jorge Oñate,No Comprendi Tu Amor,65582457,L6xMZJA3YTE,name,Fiesta Vallenata
Q518103,Jorge Pardo,Sólo Quiero Caminar,78249915,wOAXj0en4LQ,wikidata,Nuevos Medios
Q9012837,Jorge Velosa,Te Digo Adiós,2702724522,R2gkNogK1N4,name,Mateo Supertramp
Q3184006,Joseba Tapia,,,,,
Q16844889,Joseph Capriati,Control,4245814511,C5qkYxp82lc,name,Joseph Capriati Section
Q7349,Joseph Haydn,,,,,
Q1980296,Joseph Kobzon,,,,,
Q1066908,Joseph Lamb,,,,,
Q44927,Joseph Lanner,,,,,
Q57512,Joseph Michel Martelly,,,,,
Q3079985,Joseíto Fernández,Guajira Guantanamera (Remasterizado),141345013,,name,
Q218083,Josh Groban,You Are Loved (Don't Give Up),771745,EGLSk3AVcUU,wikidata,Josh Groban
Q361927,Joshua Redman,Undertow,1014317722,GroSSno0aIs,name,Matilde Lim
Q143100,Josquin des Prez,Qui habitat in adjutorio altissimi,2199700027,9vhtZFDLbcY,wikidata,Bohemian Baroque
Q559269,José Afonso,Os bravos,61107745,mGlm6Q84BAA,name,Filomena Franco
Q1352007,José Alfredo Jiménez,El Rey,13231389,zTdbqlDTMaQ,name-ambiguous,José Alfredo Jiménez
Q470732,José Antonio Labordeta,,,,,
Q23001417,José Antonio Méndez García,,,,,
Q1395857,José Asunción Flores,Buenos Aires salud,2737954821,Hscb7OL7lIs,name,diana mendoza
Q16199202,José Fajardo,No te quedes con las ganas (Son Montuno),484374342,KuX9KnnN6gg,name,VintageMusicFm
Q315107,José González,Stay Alive,72688336,NucJk8TxyRg,wikidata,José González
Q2608238,José José,La Nave del Olvido,373915971,BprZX_bGhhg,name-ambiguous,José José
Q2707438,José Luis Perales,¿Y Cómo Es Él?,65039782,_H9QOeSH9wo,wikidata,Jose Luis Perales Oficial
Q612185,José Manuel Calderón,Borracho De Amor,2414751365,epX9fDiasTw,name,José Manuel Calderón
Q387710,José Mari Chan,Christmas in Our Hearts,2064326267,oVVdNWX_5Go,wikidata,Universal Records Philippines
Q983914,José Mário Branco,Inquietação,61103146,KLxJrkMpDSY,name,trigorina
Q605250,José Padilla,Adios Ayer,493084172,drL4lgId1cQ,name,José Padilla
Q464749,Journey,Don't Stop Believin',625643,1k8craCGpgs,wikidata,journey
Q10310921,Jovelina Pérola Negra,Sorriso Aberto,108205654,,name,
Q172763,Joy Division,Love Will Tear Us Apart,797434,zuuObGsB0No,wikidata,Joy Division
Q14159313,Joy Orbison,"flex fm (freddit) feat. Future, Lil Yachty, Playboi Carti",2907141051,,wikidata,
Q5398138,Joyryde,AGEN WIDA,569429192,LqZpGYhyvr4,wikidata,OWSLA
Q9015071,João Bosco & Vinícius,"Chora, Me Liga (Ao Vivo)",3567685,tqSr19HNPlM,name,João Bosco & Vinícius
Q192359,João Gilberto,,,,,
Q107605286,João Gomes,Lembrei de Nós,3314109411,E90LDzNOjfE,name-ambiguous,João Gomes Cantor and 2 more
Q10311963,João Paulo & Daniel,Minha estrela perdida,3871125,9q0cHoZRZso,name,Recordação Sertaneja 2
Q50415953,JPEGMafia,either on or off the drugs,2923515971,cP7_ZDpcBsQ,wikidata,JPEGMAFIA
Q6298712,Jua Cali,,,,,
Q366714,Juan Atkins,Lightyears,1736358087,65jZ9f7nrIQ,name,HATE
Q540135,Juan Bautista Cabanilles,,,,,
Q512104,Juan d'Arienzo,,,,,
Q738404,Juan Gabriel,Abrázame Muy Fuerte,4272418,_tNVEhSelH0,wikidata,Juan Gabriel
Q722627,Juan García Esquivel,La Bikina,13211280,,name,
Q158753,Juan Luis Guerra,Burbujas de Amor,1857061907,sruVq3ZrmPc,wikidata,Max Tops
Q3087850,Juan Magán,Ayer La Vi (BPA26),3849394771,q4wQ4WGzKTw,wikidata,JuanMagan
Q6300893,Juan Reynoso Portillo,,,,,
Q3534561,Juan Vicente Torrealba,,,,,
Q5103570,Juana Fe,Fuiste un Trozo de Hielo en la Escarcha,3261368871,,wikidata,
Q581966,Juaneco y su Combo,Ya Se Ha Muerto Mi Abuelo,92337882,cBQi8PVq4uI,name,David Tarazona
Q43189,Juanes,La Camisa Negra,2445182,kRt2sRyup6A,wikidata,Juanes
Q457655,Juanita Reina,Francisco Alegre (Pasodoble),3515244,,name,
Q83468,Judas Priest,Breaking the Law,557625,L397TWLwrUU,wikidata,Judas Priest
Q52151598,Juice WRLD,Lucid Dreams,601837422,onbC6N-QGPc,wikidata,Juice WRLD
Q272496,Julee Cruise,The Nightingale,7337263,sKFcACtM_q4,wikidata,Lupin4th
Q1889636,Jules de Corte,Ik Zou Wel Eens Willen Weten,680476562,cFlJ6EvicF0,name,Kindindeknel
Q4499486,Julia Holter,Fantasy,4047709651,,wikidata,
Q6306853,Julia Wolfe,,,,,
Q18155786,Julio Gutiérrez,,,,,
Q122003,Julio Iglesias,Con la Misma Piedra,561329,jkue0dtOTa0,wikidata,Julio Iglesias
Q1395127,Julio Jaramillo,Que Nadie Sepa Mi Sufrir,1315032,EF1Us3J65yw,name-ambiguous,Julio Jaramillo
Q356151,Julius Fucik,,,,,
Q681634,Julián Carrillo,,,,,
Q17635809,Julión Álvarez Hernandez,,,,,
Q2305847,Juma Nature,Hili Game,3464926171,tHSeicy_n_c,name,Makorokocho
Q42023,Jungle Brothers,Straight Out The Jungle,95989006,K0wVNPWWZIw,wikidata,bobbycorridor
Q109569656,Junior H,DEMENCIA,3841280351,kLEckdGx0yA,name,Rancho Humilde and Junior H
Q1713550,Junior Kimbrough,Feels so Good #1,136370994,Kl6ecmvBy4U,name,marseddie
Q6313495,Junior Vasquez,This Joy (Razor-N-Guido Extended),131179274,,name,
Q6313822,Junk Yard Band,,,,,
Q6313983,Junko Yagami,Imagination,4092760811,sSYfYNxtHPU,name,May Kelvin
Q1410018,Juno Reactor,Mona Lisa Overdrive,5472088,fGANxCKSKh4,wikidata,SuperMusic
Q4280436,Junoon,Gharaj Baras,539052222,,name,
Q956870,Just Blaze,Higher,69754854,FcrCiBVbNvo,name,Marin Kashu
Q794815,János Bihari,,,,,
Q428347,Jóhann Jóhannsson,Flight from the City,132193886,OtfmorEK50Y,wikidata,KlassikAkzente
Q3429218,K-Paz De La Sierra,Mi Credo,15495207,nyd7QcGUjQs,name,K-Paz de la Sierra Oficial
Q1718073,K-Tino,,,,,
Q88756847,K-Trap,Warm,3835131871,K_hUaDUjGOU,name-ambiguous,K-TRAP
Q77297835,Kabza De Small,,,,,
Q2567233,Kahimi Karie,About The Girls,2123516437,46Gl94CqfRY,wikidata,VAN J-MUSIC (HQ Sound)
Q62945,Kai Tracid,,,,,
Q241432,Kaija Saariaho,,,,,
Q3192280,Kaly Live Dub,Smoke Up,57845121,,wikidata,
Q16221677,Kamasi Washington,The Garden Path,2746842531,Xzrkerz1SW8,wikidata,Kamasi Washington
Q1394971,Kanda Bongo Man,Tokei,570977222,1YQKf3zf6Og,name,kanda bongo
Q546235,Kandia Kouyaté,Kandali,369651571,gIWrjT5FnpA,name,Syllart Records
Q2615105,Kandis,,,,,
Q21620939,Kane Brown,Woman,3884901601,AuifemOMjGU,wikidata,Kane Brown
Q118220059,Kankan,,,,,
Q444224,Kano,3 Wheel-ups,115868048,79ZP946eNVQ,wikidata,kano
Q204328,Kansas,Dust in the Wind,855863,tH2w6Oxx0kQ,wikidata,KANSAS
Q882464,Kante,Zombi,557468742,H_ZrNXBGu6Q,name-ambiguous,Kante Pinrélico
Q15935,Kanye West,Flashing Lights,630827302,ila-hAUXR5U,wikidata,Kanye West
Q500613,Kaoma,Dançando Lambada,309175,jvZOAnz0KZw,wikidata,KAOMA
Q1153170,Karel Goeyvaerts,,,,,
Q357036,Karel Vacek,,,,,
Q6371986,Karl King,,,,,
Q154556,Karlheinz Stockhausen,,,,,
Q1457648,Karma to Burn,Fifty Seven,365956731,G3YRQq0G3y0,wikidata,Trebonis
Q1933273,KaS Product,Man of Time,1981605447,pTAeW_WOGaQ,name,oderf18
Q127038400,Kasher Quon,No Hook,2055585577,,name,
Q3193690,Kashif,I Just Gotta Have You (Lover Turn Me On),88210357,zSOUNeiTkiE,name,Dr. SuperFunk
Q1318954,Kassav',Zouk-la Sé Sel Médikaman Nou Ni,135944332,Dd3hjxxcTzw,wikidata,KASSAV'
Q265793,Kastelruther Spatzen,Fliege mit mir in die Heimat,107520142,PHVGkLXKl6o,name,Sandra W
Q6375048,Katalepsy,Cold Flesh Citadel,3642212842,rxSmsfFCNxA,name,Visceration
Q1846819,Katchafire,Get Away,2511884341,PDsb8sEXQDg,name,Katchafire Official
Q636,Kate Bush,Running Up That Hill,2173954687,wp43OdtAAkM,wikidata,KateBushMusic
Q6375866,Kate Wolf,Across the Great Divide,1232246752,fOs29m0IRqw,name,Secret Pop
Q42336699,Katey Red,Melpomene Block Party,77334204,gX647up2PqU,name,djeverfresh
Q272581,Katherine Jenkins,Delibes: The Flower Duet,2652147,,wikidata,
Q10314010,Katinguelê,Inaraí,112580142,9ldMVypqA_8,wikidata,Katinguelê
Q1736902,Katzenjammer Kabarett,Gemini girly song,79521298,0G4vZKlIlf0,name,Kevok Novem
Q982784,Kavinsky,Nightcall,2992806421,MV_3Dpw-BRY,wikidata,Record Makers and KAVINSKY
Q109584832,Kay Flock,Is Ya Ready,1503358532,gGJS8W9emac,name-ambiguous,Kay Flock
Q1284551,Kay Kyser,(I Got Spurs) Jingle Jangle Jingle,1379456572,2r4t5s1I_PQ,name,Fatih Cengiz
Q1365130,Kaya,Memento mori,1585656212,OTm5rCaG-SM,name-ambiguous,Kaya Official Channel
Q83717,Kayhan Kalhor,Wayfarers of the Legends,2207055897,ldjnPoPmkFs,name,Joshua Shelan
Q1420629,Kayo Dot,The Antique,2474179351,rXqRWOqsKIg,name,Antonio Roberts
Q740711,Kaysha,,,,,
Q1720016,Kazimierz Serocki,,,,,
Q1130581,KC and the Sunshine Band,,,,,
Q40422,Keak da Sneak,Superhyphy,3042464621,KrH-VKYY3nw,wikidata,MusicVideosCentral00
Q484311,Keane,Everybody's Changing,71967076,RSNmgE6L8AU,wikidata,Keane
Q1347072,Keb' Mo',Am I Wrong,610026,RfhYXrE0feg,wikidata,Keb' Mo'
Q3194737,Keith Frank,Haterz,74638941,XGJZv7MtJbw,name,Shalo Corvalán
Q1706272,Keith Green,Create In Me A Clean Heart,3356543,V_4b_9l3GpE,name,Jesus Babe
Q348449,Keith Rowe,Groovy Situation,1282729742,wzkOv-bPwFo,name,Bionic Dub
Q946728,Keith Sweat,Twisted,3616531,cP4yAnbtDZE,wikidata,Keith Sweat
Q346036,Keith Whitley,Don't Close Your Eyes,531883,5rF_jr4RGe0,name,Keith Whitley
Q17306137,Kelela,the bridge,3925894421,PVGVoT339-c,wikidata,Kelela and Warp Records
Q127378817,Kelvin Momo,Amalobolo,2635726032,EK8EctJQ5B4,name,Kelvin Momo
Q768410,Ken Boothe,,,,,
Q114050700,Ken Carson,ss,2868707392,TMzs6GvsZXU,name,Ken Carson
Q1738588,Ken Colyer,La Harpe Street Blues,4720374,WITH6XTBb60,name,Andy LeMaitre
Q179262,Ken Laszlo,Hey Hey Guy,121664392,WGr7w8ak4IE,name,zyxdance
Q446945,Kenan Doğulu,Doktor,1544462462,BtYDfOoVm3A,name,Kenan Doğulu
Q130798,Kendrick Lamar,Not Like Us,2783963122,H58vbez_m4E,wikidata,Kendrick Lamar
Q1290316,Kenneth J. Alford,,,,,
Q467526,Kenny Chesney,Carry On,3961427991,3im-HOZNMIM,wikidata,Kenny Chesney
Q346779,Kenny Clarke,,,,,
Q295777,Kenny G,Songbird,1046709,QN2RnjFHmNY,wikidata,Kenny G
Q711059,Kenny Garrett,Sing a Song of Song,5620913,pn8Cs-PZfX8,wikidata,Camus Clarinet
Q435965,Kenny Loggins,Footloose,134012978,ltrMfT4Qz5Y,wikidata,Kenny Loggins
Q6391192,Kenny Roberts,Choc'late Ice Cream Cone,2231832057,LpWwEgGnMwI,name,mrblindfreddy9999
Q217160,Kenny Rogers,The Gambler,3108438,7hx4gdlfamo,wikidata,Kenny Rogers
Q708721,Kenny Wayne Shepherd,Blue on Black,4094731,t6VKce4KspQ,wikidata,Kenny Wayne Shepherd
Q6393036,Keola Beamer,Pua Līlīlehua,2581263602,,name,
Q966088,Kepa Junkera,Bok-Espok,3521626,r-qF1yezXPc,name,Kepa Junkera
Q549373,Kerri Chandler,Atmosphere (The Lost Dubs),3427612591,asoyyAS5RlM,name,Miguel Sanchez
Q637380,Ketama,,,,,
Q6395755,Kevin Aviance,Cunty,12097058,hYTuzFNZftY,name,RalphTV
Q3195701,Kevin Fowler,That Girl,124861038,mA_tcrGLsg4,wikidata,KevinFowlerBand
Q85875015,Kevin O Chris,,,,,
Q923090,Kevin Saunderson,Good Life (Pig & Dan Less Is More Extended Dub),140698893,,name,
Q28678297,Kevinho,Olha a Explosão,909701872,3yd_eoMOvqk,wikidata,Canal KondZilla
Q312609,Khaled,Aïcha,921886,gzlHucbD76U,wikidata,Khaled
Q2427251,Khan Shushinski,,,,,
Q2740154,Khanate,Pieces of Quiet,2226718217,KwPyqcaHhJY,wikidata,Blues for the Solar Anus
Q23498586,Khesari Lal Yadav,Panwadi,3549624511,N3_ty3VD38w,name,Raju Yadav Awadhi 
Q1740665,Khold,Vanviddfaren,2610612842,9arrK2MfxZ8,wikidata,Soulseller Records
Q299138,Kid Cudi,Mr. Rager,7521065,06r35x1nvo0,wikidata,Kid Cudi
Q1347250,Kid Koala,2 bit Blues,55834931,t4lKaAE-xfk,wikidata,Dr.Koxx
Q441399,Kid Ory,St Louis Blues,1447109972,odL_9tQIGUk,wikidata,Don Quixote
Q158175,Kid Rock,All Summer Long,4087608,aSkFygPCTwE,wikidata,Kid Rock
Q6404409,Kid606,,,,,
Q1652399,Kilburn and the High Roads,,,,,
Q1336827,Killdozer,Space: 1999,125964967,MKoOIeltxRA,wikidata,theplungerboy1
Q250421,Killing Joke,Love Like Blood,2217199357,TnpwuRlXbhk,wikidata,Killing Joke
Q462709,Killswitch Engage,My Curse,660710,iPW9AbRMwFU,wikidata,Roadrunner Records
Q54350,Kim Bum-soo,,,,,
Q1741466,Kim Cascone,,,,,
Q6408607,Kim English,Missing You,63397607,UFVgfRwrIFM,name,rsjdubstep
Q26260697,Kim So-hee,,,,,
Q4352950,Kindzadza,,,,,
Q189382,King Crimson,Matte Kudasai,691923122,eoAupjcnm1c,wikidata,King Crimson
Q329809,King Jammy,Sleng Teng Version,4195445582,,name,
Q6411833,King Louie,B.o.n.,94692614,NHZDQ10WzCc,name,LVTRRAW
Q313368,King Oliver,St. James Infirmary,21009051,91PBQ-ppaNU,name,Resurgam1901
Q1742068,King Pleasure,I'm In The Mood For Love,3126153,0BAeHpSu24Y,name,The78Prof
Q982678,King Sunny Adé,Sunny Ti De,1506173732,Col5h0_3dfw,name,"Olatokunbo Daramola, Jr."
Q451858,King Tubby,,,,,
Q94579368,King Von,,,,,
Q124695247,Kingpin Skinny Pimp,,,,,
Q1349627,Kirk Franklin,Love Theory,607724832,3aD8OK07iIY,wikidata,Kirk Franklin
Q2117321,Kishori Amonkar,Raga - Kausi Kanada - Raga - Tala (Kausi Kanada - Teentaal),3347323181,,name,
Q124179,Kiss,I Was Made For Lovin' You,2267042,ZhIsAZO5gl0,wikidata,KISS
Q273652,Kitarō,Aqua,10710169,nLv74c-0mFI,wikidata,Kitaro
Q272913,Kitty Wells,It Wasn't God Who Made Honky Tonk Angels (Rerecorded),6077152,,name,
Q1141827,Kiyoshi Hikawa,,,,,
Q16114625,Klapa Cambi,Za Tebe Učinija Bi Sve,723134622,,wikidata,
Q15405752,Klapa Intrade,Ostajem tu,1784301757,t3IctMigeZs,wikidata,KLAPA INTRADE
Q168015,Klaus Schulze,Seth - Pt. 3,1695608617,mAHUAWzVH8A,wikidata,SIC — Sons Images Chaos
Q840882,Klaxons,It's Not Over Yet,1157385,dGm1B9784nk,wikidata,klaxons
Q11687266,Klezmer Conservatory Band,,,,,
Q15041224,Klingande,,,,,
Q1351424,KMFDM,Megalomaniac,34994621,fvZqWq0ZNjk,wikidata,TheFourthSurvivor
Q20615,Knife Party,Bonfire,33993921,e-IWRmpefzE,wikidata,Knife Party
Q2282994,Knifehandchop,Girlfriend,2831088162,aLi8-O9bSnE,name,I FD
Q6334752,KOAN Sound,Lost In Thought,96255028,0lCH4gGillI,wikidata,KOAN Sound
Q1394828,Kode9,,,,,
Q1518965,Kodō,Tomorrow,1656234302,KjfDALK5rKA,name-ambiguous,太鼓芸能集団 鼓童 Kodo
Q735736,Koffi Olomide,Gabriel,4311756402,4obDsfkvLqA,wikidata,KOFFI OLOMIDIEUX GOAT
Q56461128,Kojo Funds,Check,452884922,ncu3eYkmTxk,name-ambiguous,Kojo Funds
Q96386222,Kolohe Kai,Cool Down,9169360,TNw6pjk-RxU,name,Kolohe Kai
Q4042301,Kommunity FK,Saga ov Thee Illuminaztiez,75229826,,name,
Q4042308,Konflict,Messiah,408034802,8UAUDbWrVhA,wikidata,Elusive 323
Q3816355,Kongar-ol Ondar,,,,,
Q45373,Konstantin Wecker,Die Gedanken sind frei,98508436,cvcTOxXz3gU,name,Lerche48 al. Werner S.
Q6430491,Koo Nimo,Odo Akosomo,14466347,6iG9fy5HtiE,name,Monkey D. Sound
Q850290,Kool & The Gang,Fresh,541622012,sTJ1XwGDcA4,wikidata,KoolandthegangShow
Q554168,Kool G Rap,ILL Street Blues,38087751,wkzIcWycU1g,wikidata,Kool G. Rap
Q1783772,Kool Rock Steady,,,,,
Q2801602,Koos Alberts,Tulpen Uit Amsterdam (9:09),25580551,,name,
Q6432349,Korla Pandit,Estrellita,12414986,Ownr1fGsoQk,name,American Patriot
Q80304,Korn,Freak On a Leash,134523750,jRGrNDV2mKc,wikidata,KoRn
Q111337,Korpiklaani,Vodka,651506832,g4LofIXbvrM,wikidata,Korpiklaani
Q44892,Kraftwerk,The Model,4262789,GEnx9xS79Lc,wikidata,Oxygene 80
Q1264149,Krafty Kuts,Hands High,693913322,7LnHFNXckaM,wikidata,Krafty Kuts
Q1786394,Krallice,Agonal Shining,4171621472,,name,
Q151890,Kreator,Satan Is Real,660107132,2ylc3iUmuDU,wikidata,Kreator
Q208681,Kris Kristofferson,Me and Bobby McGee,531935,ahpIirW0svY,wikidata,biggestkkfan
Q1641056,Krishna Das,Baba Hanuman,94046360,sDW8cPiBe3U,wikidata,wildsidewalk
Q456964,Kristine W,,,,,
Q6303872,Krizz Kaliko,Way Out,61823317,KYQG-q6_ra8,wikidata,Strange Music Inc
Q164718,Kroda,,,,,
Q1126131,Kronos Quartet,The Water Rises,457843682,MlVXBxAuDGw,wikidata,Nonesuch Records
Q432552,KRS-One,Step into a World (Rapture's Delight),75785672,xbJxcFyaCpI,wikidata,KRSOneVEVO
Q1121411,Kruder & Dorfmeister,High Noon (Mixed),12266089,,wikidata,
Q153469,Krzysztof Penderecki,Greenwood: 48 Responses to Polymorphia: Pacay Tree,16916510,,name,
Q19816655,KSHMR,Pretender,3574945091,0ivj1158HYY,wikidata,KSHMR and 2 more
Q611878,Kula Shaker,Hush,4074540741,gsdjZi0CIjU,wikidata,Kula Shaker
Q1362482,Kultur Shock,Sarajevo,129645902,ufLtq-0Ue1g,name,Kvaran Pas
Q121122,Kumar Gandharva,,,,,
Q6139361,Kurosawa Kinko,,,,,
Q948868,Kurt Elling,Blue Gardenia,126024869,uTN4zeVw23A,name,Jazz Best Music Ilija Capko
Q155158,Kurt Schwitters,,,,,
Q984331,Kurt Vile,Pretty Pimpin,107741676,659pppwniXA,wikidata,Matador Records
Q55004,Kurt Weill,,,,,
Q961447,Kurtis Blow,The Breaks,1580525,5ZDUEilS5M4,wikidata,rekoj1376
Q1794838,Kvelertak,Rogaland,3783320582,BpEEfHNXKY8,wikidata,riserecords
Q18815170,Kwaw Kese,Swedru Agona,1861959897,8VGgDzBNfvE,name,KwawKeseVEVO
Q16845512,Kygo,Stole the Show,96818170,BgfcToAjfdc,wikidata,Kygo
Q1795042,Kyle Gann,Andromeda Memories,1258640862,gbT9oRbu3h8,name,Keane Southard
Q1795082,Kylesa,,,,,
Q11998,Kylie Minogue,Padam Padam,3788156152,p6Cnazi_Fi0,wikidata,Kylie Minogue
Q927538,Kyoto Jazz Massive,Impulsive Procession,2813511132,8kxJ7O9ng60,name,mickey mouse
Q4991503,Kyuss,Demon Cleaner,3660485,B7Ske2eKX2g,wikidata,Atlantic Records
Q1197212,Kyōko Koizumi,,,,,
Q313081,Kyū Sakamoto,,,,,
Q1844695,Kōenji Hyakkei,Tziidall Raszhisst,714470362,g08yuEBQIZs,name,tauwilltriumph
Q218866,L'Arc-en-Ciel,Driver's High,976294042,bzuuxp7dsxQ,wikidata,L'Arc-en-Ciel
Q6455846,L'Trimm,Cars That Go Boom,12377528,y3VFwvaw2Ys,wikidata,Blissful Mind
Q106036729,L-Gante,Antes Que Me Vaya,2930682331,op5OtEaJr8Y,name-ambiguous,L-Gante
Q542073,L.A. Guns,Let You Down,947613552,QB6CENzIsdw,wikidata,Frontiers Music srl
Q3373508,La Arrolladora Banda El Limón,Secretos De Mi Memoria,2641500,pbDuEBrMD34,name,La Arrolladora Banda El Limón
Q572077,La Bouche,Be My Lover,4096754,ViP87WipSm0,name,La Bouche
Q3756625,La Buena Vida,Un actor mejicano,2941253171,gysfMbTD6Ok,name,Agustín Fuentes
Q21485176,La Luz,,,,,
Q6463596,La Mafia,Me Estoy Enamorando,7812533,YO-JGE1c8hE,wikidata,lamafia
Q3210516,La Mano Ajena,Briu Oltanesc,2646192902,11EN7_V9-d8,name,Rodrigo Latorre
Q320998,La Mona Jiménez,Ramito de Violetas,468091522,dXYplp2kfhk,name,La Mona Jiménez
Q432822,La Monte Young,,,,,
Q46573,Lacuna Coil,Heaven's a Lie,108573814,4wfRHPsRGkk,wikidata,Century Media Records
Q52345352,Lady Donli,Classic,602049402,Q3BTt6Ha4b8,wikidata,Sample Chief
Q20667368,Ladybaby,,,,,
Q1506665,Lalo Rodríguez,Ven Devórame Otra Vez,429987972,e494zPaEc6A,name-ambiguous,Lalo Rodriguez
Q247293,Lalo Schifrin,Mission: Impossible,876476,H5SYHcD_CYA,wikidata,martyprod2
Q3347988,Lalon,,,,,
Q10316110,Lamartine Babo,,,,,
Q207731,Lamb of God,Redneck,75172229,oqdZpxkzNvc,wikidata,Lamb of God
Q1801348,"Lambert, Hendricks & Ross",,,,,
Q37150,Lana Del Rey,Cinnamon Girl,739421502,UMMZWMbdv2w,wikidata,7clouds
Q6483624,Lancelot Layne,Funky Calypso,485446942,2jzB8KBLd60,name,Akla Tha First
Q20311234,Lane 8,You,3005166561,GOvOj7meAfg,wikidata,This Never Happened
Q253559,Lantlôs,Daisies,3722393332,GYUnIF7bHZI,name,Prophecy Productions
Q1375814,Larry Heard,Mystery of Love,395875132,qxPPR8eXm78,wikidata,Red Bull Music Academy
Q1341804,Larry Levan,I'll Take You On,355206921,Kb2mbbfa28M,name,Dance Classic
Q6490966,Larry Polansky,,,,,
Q3323178,Las Grecas,Te Estoy Amando Locamente,110953136,7n0-N9qnXXQ,name,Las Grecas
Q776170,Laserdance,Shotgun (Into The Night),59661631,mLbLz-XcM4k,name-ambiguous,Laserdance Generation
Q1756181,Lasgo,Something,61172237,BF5bV6oWXJg,wikidata,lasgoofficial
Q742028,Lasse Stefanz,Semesteräventyret,3899880,knOFWFmc7TU,wikidata,Jan B kvalheim
Q1806706,Last Days of Humanity,Hematopoietic System Tissue and Lymphoid Fail,1274128532,I7lOSWibPLw,name,Legoshi2026 Channel
Q2465058,Late of the Pier,Heartbeat,13475187,hJC7Kl4dMLs,name-ambiguous,LateOfThePierMusic
Q6496167,Latimore,Out to Get'cha,1412042342,KZMbwSJYAdg,name,FIVE
Q6498768,Laura Canales,Avísame,487037922,5_6S10gXpbk,name,Sheldon Trevin
Q236735,Laura Marling,What He Wrote,5522774,Er1zE1ZCsXk,wikidata,CKaylah
Q536566,Laurel Aitken,,,,,
Q235066,Laurie Anderson,O Superman (For Massenet),672189,w54tedjwaWE,wikidata,mymusicfootage
Q3827948,Laurie Berkner,,,,,
Q1809563,Lazy Lester,The Sun Is Shinning,561665512,,name,
Q45752,LCD Soundsystem,"New York, I Love You but You're Bringing Me Down",3110856,-eohHwsplvY,wikidata,PlayStarRocker
Q3113632,Le Grand Kallé,,,,,
Q3756611,Le Mans,Un Rayo De Sol,3239819771,5law__AoEOw,name,Elefant Records
Q1431678,Le Tigre,Deceptacon,1399430472,-SyBR-M2YvU,wikidata,twae23
Q314310,Lead Belly,,,,,
Q1787165,Leandro & Leonardo,Pense em mim,3902616,2cFJ_5Knyks,name,Angel mix Lyrics
Q15110870,Lebanon Hanover,Gallowdance,143594698,WPw7nlluRdc,name,Lebanon Hanover
Q1041034,Lecrae,Your Power,2185864017,JJhacXgWBJ0,wikidata,Lecrae and Tasha Cobbs Leonard
Q2331,Led Zeppelin,Stairway to Heaven,88003859,QkF3oxziUI4,wikidata,Led Zeppelin
Q9021150,Leda Valladares,Ya Se Murió el Burro,101025908,,name,
Q3228823,Ledward Kaapana,,,,,
Q315417,"Lee ""Scratch"" Perry",Chase the Devil,398609752,CfK5mpClOoI,wikidata,Trojan Records Official
Q453393,Lee Konitz,,,,,
Q12611433,Lee Mi-ja,,,,,
Q16090860,Lee Moon-sae,,,,,
Q362564,Lee Morgan,The Sidewinder,3105342,qJi03NqXfk8,wikidata,JazzTuna
Q108208363,Leenalchi,,,,,
Q277479,Leftfield,Release the Pressure,870302,zBfs0mPiO3M,wikidata,Leftfield
Q12695781,Lefthanded,Ku Di Halaman Rindu,3898062,fIe8MoThFsA,name,Dunia Muzik Warner Malaysia
Q12858787,Leftover Salmon,Lovin' In My Baby's Eyes,1762881657,4tXLilOxvas,name,Mark's Memories
Q1347215,Lefty Frizzell,The Long Black Veil,1026109,50k18gL76AU,name,AlanPaladin
Q1753290,Leftöver Crack,Crack City Rockers,378312271,LrtwFdXuAi0,name,lgwgn88
Q2074465,Leib Glantz,,,,,
Q586994,Lennie Tristano,Turkish Mambo,670842,G6dQHdBfkmg,name,Giuseppe Aversano
Q563386,Lenny Dee,Forgotten Moments,4844862,l1StqlzzfYQ,name,wickedchoons
Q705040,Leo Kottke,Vaseline Machine Gun,13198913,u2OmGV7-TPM,wikidata,Bockwinkle
Q1548086,Leo Mattioli,Llorarás Más De Diez Veces,65413894,YNHIthCEBCk,name,Leo Mattioli (Oficial) and 2 more
Q1276,Leonard Cohen,You Want It Darker,134523602,v0nmHymgM7Y,wikidata,Leonard Cohen
Q6525230,Leonard Dembo,Mutadzi Ngaaregererwe,1412244482,3we3821CAiA,wikidata,Sir Emmanuel
Q6525874,Leonard Zhakata,,,,,
Q2711953,Leonel Power,,,,,
Q541493,Leonid Utyosov,,,,,
Q236943,Lepa Brena,Boliš I Ne Prolaziš,468628862,FPKP6NJ_Ck4,name-ambiguous,Lepa Brena
Q729444,Leroy Carr,"How Long, How Long Blues",73821662,PXtvuz5S9PM,name,LEROY CARR SCRAPPER BLACKWELL
Q1820469,Les Baxter,Taboo,3532448,Y1C9yAawjbc,name,SirBasildeBrush
Q2482652,Les Discrets,Les feuilles de l'olivier,1977411827,xHHMr7q95Oc,wikidata,Prophecy Productions
Q562912,Les McCann,Burnin' Coal,730380,xKEDpEjveFM,wikidata,Petros Gkazonis
Q3235960,Les Têtes Brulées,Des Hauts Et Des Bas,1348770632,,name,
Q313596,Leslie Cheung,Monica,131764142,w3N5tisg20I,wikidata,華星唱片 Capital Artists Official Channel
Q6530807,Leslie Fish,,,,,
Q927112,Less Than Jake,All My Best Friends Are Metalheads,3136977,UZmneQDCx60,wikidata,pop-punk historian
Q6532216,Let's Active,Every Word Means No,3533601,AvuetnVoxIs,name,LetsActiveVEVO
Q2622339,Lev Leshchenko,,,,,
Q123025,Level 42,Lessons In Love,1174675,9x1RcVrGjGM,wikidata,Level 42
Q3161226,Leyland Kirby,Polaroid,722206592,c5x0iDrY1Rs,name,Frobbz
Q1478944,Leæther Strip,,,,,
Q1798055,LFO,LFO,29389171,WGuV31RQ9Uk,wikidata,LFOVIDEOS
Q3373883,Li Jinhui,,,,,
Q10317842,Lia de Itamaracá,Eu Sou Lia Minha Ciranda Preta Cirandeira,6910193,v8x5xvPq0C0,name,Fios de Choro
Q454479,Liaisons Dangereuses,,,,,
Q3832108,Liege Lord,Master Control,70878194,hGPfiQeSnik,name,FlemClone
Q3929644,Lieve Hugo,Mi Swieti Booi,823731752,UNBFD7HSuXM,name,Univations Music Collection
Q1824505,Lifelover,M/s salmonella,3933929,3GQVtgb1XGQ,name,LurkingShadow
Q6545995,Light Crust Doughboys,,,,,
Q6546214,Light of the World,Pete's Crusade,1787622867,3Odu0K1fHh8,name,JazzFunkSoulFusion
Q435552,Lightnin' Hopkins,Woke up This Morning,508754652,Hav71zrRr6M,name-ambiguous,Lightnin' Hopkins
Q322502,Lightnin' Slim,,,,,
Q683478,Lightning Bolt,,,,,
Q5951242,Lil B,B.O.R. (Birth of Rap),4286436052,OeLQOfb6IBU,wikidata,lilbpack1
Q16236029,Lil Bibby,You Ain't Gang,128588187,JMmGojsa_SU,name-ambiguous,Lil Bibby Official
Q16876006,Lil Dicky,Professional Rapper,1053800742,LlU4FuIJT2k,wikidata,Lil Dicky
Q2899818,Lil Durk,All My Life,2267766057,Z4N8lzKNfy4,wikidata,Lil Durk
Q294449,Lil Jon & the East Side Boyz,Snap Yo Fingers,2594366,,wikidata,
Q62591281,Lil Nas X,INDUSTRY BABY,1439691952,UTHLKHL_whs,wikidata,Lil Nas X
Q29388200,Lil Peep,Falling Down,581751632,-jRKsiAOAA8,wikidata,Lil Peep
Q38002101,Lil Pump,Gucci Gang,399023232,4LfJnj66HVQ,wikidata,Lil Pump
Q2110116,Lil Reese,Traffic,61167043,y34iXfB3L9s,name,Tre P
Q45898064,Lil Tracy,Heart,913697682,TJL1B-AXlFo,wikidata,Lil Tracy
Q23771950,Lil Uzi Vert,What You Saying,3734606262,s_TUESTU7_4,wikidata,LIL UZI VERT
Q15615,Lil Wayne,Lollipop,884266,2IH8tNQAzSs,wikidata,Lil Wayne
Q1824899,Lil' Keke,Knockin' Doors Down,16120675,ReWtz9VwiUM,wikidata,decker132
Q230412,Lili Boulanger,Bravour - Hora,66798411,,name,
Q90872620,Lim Young-woong,Love Always Run Away,1515577462,yY73MpQoCGE,name,SUPER SOUND Bugs!
Q124720,Limbonic Art,In Abhorrence Dementia,2247536857,5wPCxMVcWEk,wikidata,Extreme Albums
Q2444651,Limewax,,,,,
Q240767,Limp Bizkit,Behind Blue Eyes,1143499,-0RQU0LyJqg,wikidata,Limp Bizkit Brasil
Q6549903,Limp Wrist,Fake Fags,119172826,EciVjiuXKM0,name,tama1266
Q10318415,Limão com Mel,Toma Conta De Mim (Ao Vivo),3712839,qZ4mD_kWGR8,name,Atração Divulga
Q538395,Linda Perhacs,"Hey, Who Really Cares",79778772,-6iRuav9DtE,name,karakand
Q229375,Linda Ronstadt,Blue Bayou,3919443,Kp9G0zkorio,wikidata,Linda Ronstadt
Q2409682,Lindigo,L'Afrikindmada,2669534,,name,
Q1454359,Lindisfarne,Meet Me On The Corner,3090447,Ch_5dB1FkqY,name,Sam Spade
Q1363881,Lindstrøm,,,,,
Q690543,Link 80,Verbal Kint,2834357242,jiVWHOEnQI4,wikidata,BlankTV
Q252248,Link Wray,,,,,
Q261,Linkin Park,In the End,676183,eVTXPUF4Oz4,wikidata,Linkin Park
Q557775,Linton Kwesi Johnson,Inglan Is A Bitch,530300571,isMjvRpAckU,name,RastaChaka
Q26695,Lionel Richie,Hello,918048,mHONNcZbwDY,wikidata,lionelrichie
Q1628382,Lionrock,Rude Boy Rock,15774669,5dF0RldDSn0,name,MaTiZ
Q2909630,Lipa Schmeltzer,The Language of Music,1110265562,,name,
Q3242293,Liquid Liquid,Cavern,4315718,ll5PYutdBek,name,jimmy tudeski
Q3242296,Liquid Soul,Anjuna,1964227097,tWE2bbn6AcU,name-ambiguous,Liquid Soul Official
Q5976888,Liran' Roll,Quiero Cambiar,78337844,SuBeZFR92xs,name-ambiguous,LIRAN ROLL OFICIAL
Q6558178,Lisa Lashes,Looking Good,6145354,g3eoz_NZDvs,name,Shaun George
Q1165645,Lisa Lisa and Cult Jam,Can You Feel the Beat,1030092,HEWdlp29s2k,wikidata,LisaLisaCultJamVEVO
Q178943,Little Boots,Remedy,3605071,,wikidata,
Q450080,Little Eva,The Locomotion,120080938,eKpVQm41f8Y,wikidata,Sironaca
Q6650524,Little Joe,Acábame de Matar,88877177,ww4Fpq97MTo,name,TejanoShowTime
Q153802,Little Milton,Grits Ain't Groceries (All Around the World),62673214,W6dVk4c0IjM,wikidata,brico
Q82222,Little Richard,Lucille,2203637,hCPTLd3ZPX8,wikidata,Little Richard
Q380261,Little Walter,,,,,
Q6653482,Liu Dehai,,,,,
Q715384,Liu Tianhua,,,,,
Q165714,Live,The Dolphin's Cry,2510413,ovr1uC-K1Gc,wikidata,livefan75
Q1478077,Living Colour,Love Rears Its Ugly Head,1056544,MQcPB1WkISI,wikidata,Living Colour
Q730248,Living Sacrifice,,,,,
Q958578,Lloyd Price,Personality,1560215,MvPU-cvaKCM,name,far444444
Q7999,Lluís Llach,L'Estaca,3220192771,aX4eZ1fpYwA,name,Azukan24
Q112939308,Loaded Lux,Prints on a Handgun,748672622,_HI5pq1_D-s,name,IamLoadedLux
Q1966715,Loefah,Disco Rekah,88016787,FQ-ZGyjdkMg,name,Howlinmoon Sylvanas
Q2446878,Logistics,Wanderlust,2260117207,W77cCOreg_0,wikidata,Hospital Records
Q141266051,Logos,,,,,
Q6668481,Lojze Slak,Polka,62051745,4BPtgrBEzK0,name,Lojze Slak
Q90811030,Loketo,Malou,69490223,ENlEcnWo2mk,name,JIMMY'S PRODUCTION
Q297703,Lola Beltrán,Cucurrucucú Paloma,3344249381,mRbARIgjgss,name,Lola Beltrán
Q242084,Lola Flores,Díme,3540702091,vZug-RoMaME,name,Candi Cadiz
Q236497,Loleatta Holloway,Love Sensation,3785439422,1h6Su3t5Lqs,name,Shigeharu Tanaka
Q1858715,London Elektricity,Always Golden,2953879321,G5M7Rycl3nM,wikidata,Liquicity
Q120835122,London Jazz Composers Orchestra,,,,,
Q2011936,Lonesome Sundown,Dealin' From The Bottom Of The Deck,846489752,isTFyBxNXF8,name,BluesUrbano
Q27743,Lonnie Donegan,Does Your Chewing Gum Lose It's Flavor (On The Bedpost Over Night) (Rerecorded),12653751,,name,
Q1242553,Lonnie Liston Smith,Expansions,1733771197,T5R3_SbE7XQ,name,Ace Records
Q16866644,Look Blue Go Purple,Cactus Cat,92400898,XtmlfuEukMs,name,Flying Nun Records
Q6675941,Loose Ends,,,,,
Q11762576,Lord Flea,,,,,
Q6679405,Lord Huron,The Night We Met,499988832,KtlgYxa6BMU,wikidata,Lord Huron
Q375888,Lord Invader,,,,,
Q938082,Lord Kitchener,Love in the Cemetery,13846039,B_aSemA6Mks,wikidata,cvbagva
Q6679777,Lord Melody,Yours Sincerely,3806511312,PVye52ZYat0,name,Patrice Yursik
Q13476175,Lorde,Royals,70403437,nlcIKh6sBtc,wikidata,Lorde
Q1786810,Lords of Acid,Mister Machoman,388757821,ODj5ZwSH9sw,wikidata,mitua604
Q274562,Loreena McKennitt,The Mummers' Dance,1761780037,qxTpvA-pUG0,wikidata,Loreena McKennitt
Q1418687,Lorenzo Palacios Quispe,,,,,
Q272931,Loretta Lynn,Coal Miner's Daughter,2153341,uEeR576KyjU,wikidata,Loretta Lynn
Q17125981,Lorna Shore,Pain Remains I: Dancing Like Flames,1809835467,JglOS8TRFp4,wikidata,Century Media Records
Q5980597,Los Alegres de Terán,Prenda Del Alma,2970407661,IKdHZG0b6M4,name,josan2010able
Q9023870,Los Amaya,Vete,132197940,9MbKgsbFtrE,name,LosAmayaVEVO
Q6682540,Los Bukis,Acepto Mi Derrota,519119412,HiYyP_7S0OE,name,Los Bukis Oficial
Q5979474,Los Carabajal,La Pucha Con el Hombre,14840447,id2_VUaBfE8,name,"Mario ""Musha"" Carabajal"
Q111174445,Los Carrangueros de Ráquira,La Cucharita,2683358402,Te_BxVlmBMw,name,FM Entretenimiento Col
Q1041947,Los Chalchaleros,Zamba de Mi Esperanza,1377755942,UmBUqwxUvWM,name,CMTV.com.ar
Q5979530,Los Chileneros,,,,,
Q51557893,Los Cojolites,El Conejo,120302584,ugfaMtVu_Ec,name,loscojolites
Q5979601,Los Corraleros de Majagual,No Tengo Culpa,115049298,cE4eeXleW68,name,Discos Fuentes Edimusica
Q5979618,Los Cuatro Huasos,,,,,
Q109522010,Los de Las Condes,El Corralero,1505781762,cV8qHBDOzK4,name,𝙇𝙞𝙚𝙣𝙙𝙪𝙨𝙝𝙚
Q6683393,Los de Ramón,El Curanto,3247176741,kVEmsfNxsJE,name,rdrs62
Q5979655,Los Destellos,Guajira Sicodélica,133131422,2SsolOTSxo8,name,Heduardo
Q6553529,Los Fronterizos,Zamba Del Negro Alegre,4853727,w4y50ybXa3w,name,Los Fronterizos.Oficial
Q3259789,Los Gaiteros de San Jacinto,Fuego de Cumbia (Cumbia Fire),4410913,pb6p-guBOu4,name,Smithsonian Folkways
Q1582170,Los Hermanos Rosario,La Dueña del Swing,1857103157,QCcBiAwp9nc,wikidata,Karen Records
Q9024019,Los Hermanos Ábalos,,,,,
Q6270848,Los Huasos Quincheros,El Corralero,13268294,KAojlz8YNYg,name,FESTIVALDEVINACHILE
Q16866646,Los Invasores de Nuevo León,Playa Sola,15699575,ECcWStA0Yko,name,Los Invasores de Nuevo León Oficial
Q1870545,Los Jaivas,La Poderosa Muerte,3261017971,8AO8pY09h_Y,name,chayito55
Q370400,Los Lobos,La Bamba,4736112,YicJPLT1dWU,wikidata,Los Lobos
Q11689555,Los Manolos,Amigos para Siempre,1060160,U_VcW5XAedE,name,LosManolosVEVO
Q1744189,Los Mirlos,Cumbia de los Pajaritos,92337854,kAap4MCq6WY,wikidata,INFOPESAvideos
Q9024079,Los Morochucos,Cuando Llora Mi Guitarra,105193400,QiE2RFyv35I,name,Lacra
Q3259792,Los Muñequitos de Matanzas,De Palo Pa' Rumba,3222304061,,name,
Q5980126,Los Palmeras,El Bombón,127928125,JglmXFx0Pz4,name-ambiguous,Los Palmeras
Q1361546,Los Panchos,,,,,
Q3259757,Los Papines,Mi Quinto,3223839441,KRx0ykYz8Bs,name,Tito Alvarez
Q1870547,Los Shapis,Corazón Andino,665889022,JrM2y3L_C28,name,ALBERTO MENDIETA OTERO
Q3244395,Los Temerarios,Sé Que Te Amo,104724412,5c5uRS8hczo,name,Los Temerarios
Q1467310,Los Tigres del Norte,La Mesa Del Rincón,716520402,GVcK6k_w2_w,wikidata,Los Tigres del Norte Oficial
Q6683325,Los Tucanes de Tijuana,La Chona,421649542,4gA5iaZ11lU,name,LosTucanesTV
Q1870602,Los Van Van,,,,,
Q5980563,Los Wawancó,Atlantico,3317007331,NYtHSZ8Fagg,name,Brayan Reina (salsa)
Q5980565,Los Wembler's de Iquitos,,,,,
Q6683362,Los Yonic's,Pero Te Vas A Arrepentir,54788161,6D4N-6S_Ypg,name-ambiguous,Los Yonic's Zamacona
Q5981294,Los Ángeles Azules,Ella Se Olvidó De Mí,487028402,FpslVgJrty8,wikidata,Los Ángeles Azules
Q111083794,Loski,Money And Beef,2968910441,kM8y5wxX_Ig,name-ambiguous,Loski Official
Q18857432,Lost Frequencies,Where Are You Now,1432930542,PoP2Sa7wYNQ,wikidata,Lost Frequencies
Q104839629,Lotic,Distribution of Care,509614652,,name,
Q93604,Lotte Lenya,The Threepenny Opera: Moritat von Mackie Messer (Mack the Knife),71890232,,name,
Q723821,Lou Donaldson,Autumn Nocturne,3148681,Otzyz_9RSKk,name,60otaku4
Q590911,Lou Harrison,Four Pieces for Harp: Avalokiteshvara (Produced),64161195,,name,
Q129273842,Louie Ray,Grab My Nuts,4233769992,,name,
Q504743,Louis Andriessen,"M is for Man, Music, Mozart: The Eisenstein Song",2271592,,name,
Q1779,Louis Armstrong,That Old Feeling,483551472,IzBXUpGJOqU,wikidata,A Trip Down Memory Lane
Q461011,Louis Jordan,Something For Fred,305708,1rA7iFpVRTo,name,RelentlessBlues
Q25345325,Louis the Child,Better Not,1529442582,u5kP_nfFVt4,wikidata,Louis The Child
Q1872126,Louisa Mark,Caught You in a Lie,3272100591,jEaP0e7_INM,name,PAKUZOW
Q4890261,Lourdes Iriondo Mujika,,,,,
Q6691331,Love Spirals Downwards,City Moon,9046480,5AYvyk2PLI0,name,MorTunia
Q941559,Low,,,,,
Q921236,LTJ Bukem,Atlantis (I Need You),71701361,-oqjCtUJ11c,wikidata,RetroRaver
Q1378892,Luambo Makiadi,,,,,
Q131573800,Luan Pereira,,,,,
Q353853,Luan Santana,OLHO MARROM - Ao Vivo em Lisboa,3562391171,4w5pMlz8qK0,name-ambiguous,Luan Santana
Q1279889,Luc Ferrari,,,,,
Q316532,Luca Marenzio,,,,,
Q431554,Lucha Reyes,,,,,
Q363265,Lucho Bermúdez,Colombia Tierra Querida,470412952,5ep8WshB7eA,name,FM Entretenimiento Col
Q954681,Lucho Gatica,,,,,
Q221450,Luciano Berio,,,,,
Q256813,Lucinda Williams,Are You Alright?,1182379,IAV1JWnBErQ,wikidata,Beatriz
Q167546,Lucio Dalla,Cosa sarà,1132347,rICKI4Ss0wQ,wikidata,Lucio Dalla
Q725945,Luckey Roberts,,,,,
Q3595213,Lucky Ali,Aahista Aahista,1198283312,-m9IGI5EgyM,name,YRF
Q193676,Ludacris,Area Codes,2534219,DwGKDF9Y1r4,wikidata,Ludacris
Q16337938,Ludmilla,Insônia (Ao Vivo),1870125867,bUKQbqwH8KE,wikidata,marilia mendonça memórias
Q83182,Ludovico Einaudi,Fly,1386411742,,wikidata,
Q434821,Ludwig Minkus,,,,,
Q255,Ludwig van Beethoven,Moonlight Sonata,923175682,,wikidata,
Q189766,Luigi Boccherini,Minuet,973568852,2AZOknKotVc,name,The Wicked North
Q160451,Luigi Nono,,,,,
Q434916,Luigi Russolo,,,,,
Q469068,Luigi Tenco,,,,,
Q2410356,Luis Alberto del Paraná,Recuerdos de Ypacarai,117963614,NrJbFpxpMvg,name,Luis Alberto Del Paraná
Q1398571,Luis Eduardo Aute,Sin Tu Latido,2311533,dOGkMPRZpS0,name,Luis Eduardo Aute
Q322350,Luis Enrique,Yo No Sé Mañana,3107750411,,wikidata,
Q1069140,Luis Miguel,La Mentira,3860299,opouPucpREg,wikidata,Luis Miguel Fan Madrid España 
Q10320631,Luiz Ayrão,Os Amantes,82154926,flHQAU4-wZk,name,Luiz Ayrão
Q1597249,Luiz Caldas,Selva Branca,1635204442,Wy-vZ7CxHxA,name,LuizCaldasVEVO
Q982314,Luiz Gonzaga,Asa Branca,13290609,zsFSHg2hxbc,name,Luiz Gonzaga
Q166197,Luke Bryan,Country And She Knows It,3911920921,zHlzvcv3oyk,wikidata,Luke Bryan
Q1352724,Luke Vibert,Shadows,10239426,SM7BppuatS0,name,the akaimaniac
Q6702758,Lula Côrtes,Trilha de Sumé / Culto à Terra / Bailado das Muscarias (Terra),728684742,,name,
Q24760,Luna Sea,Dejavu,2122843267,NktuP0ZMqdE,wikidata,toufu1028
Q310116,Lupe Fiasco,Superstar,663451,hVkBlsgthLg,wikidata,Atlantic Records
Q1791454,Lupicínio Rodrigues,Loucura,16093531,44YslpUXeC8,name,Clementina Produções Artísticas
Q1668512,Lush,Desire Lines,951158,1ccElDZUTpQ,wikidata,4AD
Q913245,Lustmord,,,,,
Q311306,Luther Vandross,Never Too Much,608507,pNj9bXKGOiI,wikidata,Luther Vandross
Q114213152,Luxury Elite,S.W.A.K.,104859776,tX6YxnnXtMg,wikidata,marcos
Q555770,Luís Goes,,,,,
Q1778165,Lycia,A Failure,548793342,_OgEASy9iM4,name,Brooks Wyrick
Q864524,Lydia Mendoza,Palida Luna,5956257,OJR9-m6ISDU,name,Frontera Collection
Q163593,Lynn Anderson,Rose Garden,531859,KXHsWBKKNbI,name-ambiguous,LynnAndersonVEVO
Q158462,Lynyrd Skynyrd,Sweet Home Alabama,24949681,-p8GXZcdrIk,wikidata,Lynyrd Skynyrd
Q4477966,Lyubov Uspenskaya,Плакала надежда,3895845791,,wikidata,
Q207951,Léo Delibes,,,,,
Q320146,Léo Ferré,Avec le temps,2172214,ZH7dG0qyzyg,wikidata,Léo Ferré
Q297501,Léonin,,,,,
Q3272154,Lü Wencheng,,,,,
Q71107071,M-Beat,Incredible,4481741,7Fm2V20gZhM,wikidata,Generallevy Official
Q2880506,M. Balamuralikrishna,,,,,
Q708129,M. J. Cole,Waking Up,631353162,SHKxRwrYFaw,wikidata,MJ Cole
Q20453682,M. Osman,,,,,
Q6713084,M. S. Fernando,,,,,
Q465067,M. S. Subbulakshmi,,,,,
Q1052019,M.O.P.,Ante Up (Robbin Hoodz Theory),582212,eEzIwNB8ZGI,wikidata,MyMusicPower
Q2162641,M1dy,Hotel Hellfornia,123939496,ObtI9ICekgs,wikidata,Furryz Fornicate (Official)
Q239533,Ma Rainey,Southern Blues,387026031,zkpJFSsR1a0,name,Juan Fecit
Q14517,Mac DeMarco,Chamber Of Reflection,4157689612,kz9jhG963no,wikidata,Mac DeMarco
Q1368449,Mac Dre,Feelin' Myself,1494162112,6vE6oUc0t4o,name,VitiareVideos
Q3841925,Mac Mall,My Opinion,11159911,g8Bfxiq5Cos,name,Jo316Hn
Q324726,Mac Miller,Cinderella,131391760,0fcsGS1dEro,wikidata,Mac Miller
Q1882498,Mac Wiseman,These Hands,12055598,v7gW0SLDV8k,name,Pat Halsted
Q16661959,Maceo Plex,Insomnia 2021,1384283342,CDcwarBvvcw,wikidata,Faithless
Q111337749,Mach-Hommy,,,,,
Q3274295,Machel Montano,One Wine,106815892,Lxl1oqSNzG4,name,Machel Montano
Q319458,Machine Head,Davidian,720295,Qf0yWQzz0gM,wikidata,Roadrunner Records
Q594166,Machinedrum,ZOOM,2662623502,JlV8zVUgdLM,wikidata,machinedrum
Q462983,Machito,Congo Mulence,3103698,sV3E4oURRTE,name,RevollineumRadio
Q16853301,Macklemore & Ryan Lewis,Thrift Shop,61424045,QK8mJJJvaes,wikidata,Macklemore
Q110128013,Macross 82-99,Fun Tonight,109287994,m9Hkj2YeOTQ,name,RanLoad
Q6725992,Mad Lion,Take It Easy,63394939,VSpNJrppImg,name,NervousRecordsNYC
Q918458,Mad Professor,,,,,
Q836686,Mad Sin,,,,,
Q764671,Madball,Don't MisStep,3962063121,Blu3GYwIDo0,wikidata,Nuclear Blast Records and Madball NYHC
Q1355154,Madeon,Super Platinum,4098687161,pA3GE-rXAqs,wikidata,Madeon
Q503031,Madlib,Hopprock,1121351142,iOmgkVF5Anw,wikidata,Madlib Invazion
Q745741,Madness,One Step Beyond,3069857841,SOJSM46nWwo,wikidata,Madness
Q1744,Madonna,La Isla Bonita,678372,zpzdgmqIHOQ,wikidata,Madonna
Q1133218,Mael Mórdha,Tá Mael Mórdha Ag Teacht,110919334,,name,
Q3843061,Mafikizolo,Ngeke Balunge,780611472,3JZCFXZSitQ,name,Mafikizolo
Q549960,Magic Sam,All Your Love,5635345,7S5DGqCfk8o,name,pizzamonsterdude
Q1663028,Magic System,Magic in the Air,77698470,BAkqJT_sMKQ,wikidata,Magic System Officiel
Q914489,Magma,Hakëhn deïs,2088604167,UmgJkEajQUo,wikidata,MagmaOfficialTV
Q6731948,Magnolia Shorty,Smoking Gun,2022375747,uhn3T9rA4K4,name,DJ Ray 504
Q206466,Mahalia Jackson,Summertime / Sometimes I Feel Like a Motherless Child,106249326,Gx00XwzJp0c,wikidata,MahaliaJacksonVEVO
Q841778,Mahavishnu Orchestra,Jazz,466181182,,wikidata,
Q2750368,Maher Zain,Dima Maghreb,2070421997,4Ky30uTtmcQ,wikidata,Awakening Music
Q3277803,Mahmoud Guinia,Mimoun Marhaba,105517531,JLGPV3KNU6M,name,Sound Sunsets
Q1760208,Mahotella Queens,,,,,
Q326819,Mahzuni Şerif,,,,,
Q28677153,Maiara & Maraisa,A Culpa É Nossa (Ao Vivo),2056078567,,wikidata,
Q15052763,Main Attrakionz,Dip,102242760,vcdfaMKQNhQ,name,Pitchfork
Q1756790,Majida El Roumi,Kalimat,1059498802,3GB0X82IiEM,wikidata,Magida El Roumi
Q12858987,Major Lance,The Monkey Time,13201291,V9jdPrME7Mw,name,BLUES AND SOUL 
Q1886342,Makgona Tsohle Band,,,,,
Q5990377,Mal que Fuma!,,,,,
Q48976227,Malaa,Deep,1915473387,lXJT9gWUvhc,wikidata,Malaa
Q3281598,Malavoi,Caressé moin,237198,ovE80oMNkxI,name,Wakajawaka
Q853545,Malice Mizer,,,,,
Q3695398,Malkit Singh,Kali Ainak,1728271667,DHMZ-8sjdSM,name,Music Waves
Q87800198,Mall Grab,Liverpool Street In The Rain,4051773751,9gDnGxcB0TU,name,Mall Grab
Q3181884,Mallikarjun Mansur,,,,,
Q110826804,MALO,Meilleurs qu'hier,3175825761,Qas0pZiBqtY,name-ambiguous,Malo'
Q274181,Mamie Smith,Miss Jenny's Ball (aka There'll Be No Freebies At Miss Jenny's Ball),13257998,,name,
Q3844211,Man Is the Bastard,Starvation Cage,72123454,,name,
Q715345,Mance Lipscomb,"When Death Come Creeping in Your Room (Run, Sinner, Run)",720593,,name,
Q3644372,Mandoza,Nkalakatha,15661733,b28vJvntyUM,name,Mandoza
Q1282844,Mandrill,Fencewalk,552374902,Tv1_Vqnjs-0,wikidata,GStrongRAW
Q319265,Manfred Mann,Do Wah Diddy Diddy,1930318867,T0EDCAVsEDM,wikidata,Hans Worst
Q1529102,Mannheim Steamroller,Carol of the Bells,71138714,8405nEFJXpk,wikidata,mannheimsteamroller
Q976090,Mannie Fresh,Real Big,1761333797,dp9ch-dAKk0,name,Mannie Fresh
Q6751197,Manoj Tiwari,,,,,
Q6751214,Manolis Angelopoulos,Kali Tihi,90265341,,wikidata,
Q1890975,Manolito y su Trabuco,Se Rompieron los Termómetros,11932727,A33d1UQv4-g,name,Dj NaSh
Q447433,Manos Hatzidakis,,,,,
Q1891055,Manos Loïzos,To Zeibekiko Tis Evdokias,1593935261,,name,
Q9027531,Mansyur S.,,,,,
Q13094926,Manthous,,,,,
Q505683,Mantovani,,,,,
Q1569035,Mantronix,Got To Have Your Love,2345225285,7z_dNHwlBzM,name,CentralSouthMusic
Q445829,Manu Dibango,Soul Makossa,564564462,PblSmVR7hCk,wikidata,Manu DIBANGO Officiel
Q3286792,Manuel Corona,,,,,
Q6754546,Maracaibo 15,Amparito,563623942,mJaLxTf6vrk,name,Styflex
Q26625,Marc Anthony,Vivir Mi Vida,68771815,YXnjy5YlDwk,wikidata,Marc Anthony
Q10359176,Marc Forrester,,,,,
Q65829,Marc Trauner,,,,,
Q55524,Marc-Antoine Charpentier,Te Deum (Prélude),4143914952,uQof69ujtgs,wikidata,infectionsman
Q1892935,Marcel Azzola,Indifférence,896685,cMdvp2ZmZWE,name,"Par si, par la"
Q1275017,Marcelo D2,Qual é?,2904315561,DxNKJSxub1o,wikidata,Marcelo D2
Q3290053,Marco Bailey,Scorpia,124226146,bcg6ae-1mP4,wikidata,Francis Morón
Q1498245,Marco Carola,Play It Loud!,904595292,3SdvDZS9MIQ,name,Marco Carola
Q711454,Marco V,Simulated,61682328,m0z7MkHIR0c,name-ambiguous,Marco V
Q10325378,Marconi Notaro,Nao Tenho Imaginacao Pra Mudar De Mulher,73517417,I0GyG4m8xUg,name,rapha eumon
Q60694463,Marcus Intalex,Virgo,2755087711,u7MSFNQHxDk,wikidata,Anar Vanazi
Q1406177,Marcus Roberts,The Man I Love,1014097,VgvJrWwbW-k,name,yoichiro tani
Q2910639,Margalit Tzan'ani,נערי שובה אלי,79105125,_GZjeVTSA0w,name,Margalit Tzan'ani | Margol
Q3290634,Margot Loyola,Erisa Peta,578258402,,name,
Q464191,Mari Boine,Vuoi Vuoi Mu,2344200245,NyB90aNkURU,wikidata,Lila Merik
Q235980,Maria Bethânia,Cheiro De Amor,4701917,C055WCooSoE,wikidata,MariaBethaniaVEVO
Q237042,Maria del Mar Bonet,Alenar,2483806,KmMb7N8xb7M,name,Canalet
Q234918,Maria Farantouri,Commandante Che Guevara,661514672,-b6CYRzXkp4,wikidata,7thalassa7
Q255725,Maria Tănase,"Lume, lume",70680567,VPzFEFwyxS0,wikidata,MariaTanaseHD
Q1184884,Mariachi Vargas de Tecalitlán,El son de la negra,3879027,9J9YxWNXS4c,wikidata,Mariachi Vargas Oficial
Q41076,Mariah Carey,Fantasy,1013792,qq09UkPRdFY,wikidata,Mariah Carey
Q231923,Marian Anderson,Nobody Knows the Trouble I See,958598,Sl7YvG3tqME,name,uchukyoku1
Q1896942,Marianne und Michael,I wui nur z'ruck zu dir (Hallo Maus),80782780,PC8OYVFRke8,wikidata,Kuntay Erkol
Q2601735,Marie Dubas,Mon légionnaire,5869463,7SwoafZ_MkU,name,"Chansons, Folklore et Variété"
Q6762922,Marie Lloyd,,,,,
Q521949,Marifé de Triana,Torre de Arena,1005138,gMoznGd_BlI,name,milena16011
Q678410,Marillion,Kayleigh,3346318,FiM0JiE0h5I,wikidata,marilliononline
Q186327,Marilyn Manson,The Beautiful People,87938845,Ypkv0HeUvTc,wikidata,Marilyn Manson
Q452094,Marina Rossell,El Metec,68042305,AsMoC4x2bPw,name,Marina Rossell
Q434106,Marinella,Matia Vourkomena,3752621832,-dKt5qwz5lk,wikidata,O Peiraiotis
Q722618,Mario Bauzá Cárdenas,,,,,
Q299331,Mario Lanza,,,,,
Q695653,Mario Merola,Cient' anne,16210785,_mTRH4ck7D8,name,Mea Sound
Q1143704,Mariya Takeuchi,Plastic Love,1169627962,T_lC2O1oIew,wikidata,Mariya Takeuchi
Q463918,Mariza,,,,,
Q4050782,Mark Caro,,,,,
Q933550,Mark Murphy,My Favorite Things,2150403,yieBzubE-fM,name,alpha bill
Q510704,Markos Vamvakaris,Fragosyriani,1226571,vHHQdE56PS0,name,Andreas Pantoulis
Q57784,Markus Schulz,Loops & Tings,53868871,fQ6-lVpsKk0,wikidata,Markus Schulz
Q4612,Marlene Dietrich,,,,,
Q182223,Maroon 5,Animals,83124206,qpgTC9MDx1o,wikidata,Maroon 5
Q6772701,Marquis de Sade,,,,,
Q1351604,Marshall Jefferson,,,,,
Q1902939,Marta Valdés,,,,,
Q1326522,Martha and the Vandellas,Nowhere To Run,2288113,EexqF4tz-8U,wikidata,VANDELLAS4U
Q465302,Martha Wash,Carry On,521151322,vr04x-rWFMU,wikidata,Martha Wash
Q557535,Martin Denny,The Enchanted Sea,4011680,ZOBQMPtH_Qo,name,Batch Music Library
Q3295408,Martin Dupont,Inside Out,643499992,znlWpf7RvTI,name,Bohdan Korinetskiy
Q1748644,Martin Freeland,,,,,
Q14544318,Martin Garrix,Repeat It,3989395981,Sf9NZF5qBak,wikidata,Martin Garrix and Ed Sheeran
Q385498,Martinho da Vila,Mulheres,15378500,2WoLyh_Q1Xk,name-ambiguous,Martinho Da Vila
Q919565,Marty Robbins,Big Iron,850955,-NuX79Ud8zI,wikidata,MartyRobbinsVEVO
Q3997302,Martyn Bennett,Blackbird,99279214,jSRHpA2giUk,wikidata,Real World Records
Q189758,Marvin Gaye,What's Going On,1133408852,o5TmORitlKk,wikidata,Marvin Gaye
Q85199678,Marwan Pablo,Shoft Kalam,4170855672,CCRxEbi75iE,name-ambiguous,MARWAN PABLO and 2 more
Q228909,Mary J. Blige,Family Affair,1161679,znlFu_lemsU,wikidata,Mary J Blige
Q1906374,Mary Mary,Shackles (Praise You),626167,i1L2lToMlB4,name,Giuseppe Carbonara
Q467031,Mary Youngblood,Caress The Smile,78242621,,name,
Q3296479,María Teresa Vera,Veinte Años,688222322,Ja0HBp2hL-Q,name,lucho0412
Q24040310,Marília Mendonça,Foi por Conveniência,1183661482,Dt13Wv6Opeo,wikidata,Marília Mendonça
Q121746347,Mas Musiq,Uzozisola,1496841242,5BI8itAXHZg,name-ambiguous,Mas Musiq
Q1420932,Masonna,,,,,
Q467069,Massimo Ranieri,Perdere l'amore,661313,9Ih9nL81jW8,wikidata,MASSIMO RANIERI OFFICIAL
Q357418,Massive Attack,Angel,3129746,hbe3CQamF8k,wikidata,Massive Attack
Q722042,Master P,Make Em' Say Uhh,5400347,bQSHAfzU5ks,wikidata,masterp
Q1758822,Masters at Work,I Can't Get No Sleep,11671484,YZOFHnSilek,name,tonton4o
Q548844,Mastodon,Barbarians Blood,4236617692,GeaWavfBcVY,wikidata,Mastodon
Q10327219,Mastruz com Leite,Saga de um Vaqueiro (Ao Vivo),1750913417,qo_Zrt0b8zY,name,Mastruz com Leite
Q942311,Matching Mole,God Song,92407944,sMUx_9_trGw,wikidata,sbritt
Q646546,Math the Band,Didn't Have Time to Think,949803652,E1ZmhylH27A,name,Math the Band
Q1256138,Matmos,Rainbow Flag,945827,8sKdGANu2K4,wikidata,Little Pad
Q19845354,Matoma,Old Thing Back,94901972,FvbxDz6DClg,wikidata,Matoma
Q284872,Matt Redman,The Heart Of Worship,61365146,OD4tB1o6YLw,name,Matt Redman
Q290270,Matthew Herbert,,,,,
Q3100060,Matthew Sweet,Girlfriend,548586,n12OBlcHx9E,name,MatthewSweetVEVO
Q183256,Maurice Duruflé,,,,,
Q1178,Maurice Ravel,,,,,
Q1911474,Maurice Williams and the Zodiacs,,,,,
Q6793578,Mauricio & Palodeagua,,,,,
Q723546,Maurizio De Jorio,,,,,
Q279368,Mauro Picotto,Komodo,1614843262,suZiCdFfWyQ,name,zyxdance
Q100276699,Maverick City Music,Promises,1401975392,bhFwh_59H2c,wikidata,West Concord Church
Q2182711,Max Neuhaus,,,,,
Q15943533,Max Nijman,Katibo,448426252,o1loPZ3JYLU,name,Univations Music Collection
Q714325,Max Richter,While The Flood Rages,4293672712,DCefss6aEGk,wikidata,Max Richter
Q175899,Max Roach,,,,,
Q705413,Maxi Priest,Close To You,3125893,MbcPSXkRVgQ,wikidata,Maxi Priest
Q24008618,Maxwell,Safari,138225605,2RD7vaAnOR4,wikidata,8897KVK
Q273716,May Irwin,,,,,
Q51731,Mayday,,,,,
Q485116,Mayhem,Freezing Moon,627302522,y84gW_5ZFKE,wikidata,TheTrueMaverick
Q690775,Maylene and the Sons of Disaster,,,,,
Q445463,Mayra Andrade,Les mots d'amour,72121362,4dmix6kZvfE,name,Aleix Pegenaute Ferri
Q2635164,Maysa Matarazzo,,,,,
Q6798087,Mayumi Miyata,,,,,
Q4043845,Mazarati,Players' Ball,3286234341,7Alc8gqQyfc,name,mazarati mz
Q1132765,Mazzy Star,Into Dust,3360829,,wikidata,
Q1914898,Mbaraka Mwinshehe,Masika Mtindo Mpya (Masika - Le nouveau Style / Masika - The New Style),116412652,,name,
Q294037,MC Chris,I Lost on Jeopardy,3130900991,GpZAScrfot8,wikidata,parkrex
Q13796375,MC Daleste,Angra dos Reis,80605150,vdW7UWOdQ7s,name,Funk Millennium
Q1158503,MC Frontalot,Final Boss,8971893,SVUgue_Ad4o,wikidata,Mr. Bray Labs
Q16337935,MC Gui,Sonhar,78933872,ccPaO2-2pQI,name,MCGUIVEVO
Q10322333,MC Guimê,País do Futebol,99256012,bWnS2dIDgQA,name-ambiguous,MC Guimê
Q295923,MC Hammer,U Can't Touch This,3136389,otCpCn0l4Wo,wikidata,MC HAMMER
Q1799314,MC Lars,Never Afraid,108796086,rK4lgbPdmdw,wikidata,MC Lars
Q10322332,MC Leozinho,,,,,
Q20045968,MC Livinho,Se Saudade Sentir (Se Prepara 3),3945487271,tkWviUWPI2E,name,Amanecer
Q115367878,MC Loma e As Gêmeas Lacração,Envolvimento,1568082352,pOpyq-T4fnQ,wikidata,MC Loma e as Gêmeas Lacração
Q16337937,Mc Lon,Mundo M,99187696,YigzUlc2DNg,name-ambiguous,MC Lon
Q10322334,MC Marcinho,Garota Nota 100,2832162832,RZXJkbhKXQQ,name-ambiguous,Mc Marcinho
Q830316,MC5,,,,,
Q3036182,McCarthy,The International Narcotics Traffic,1650063142,JTouJXXHg4c,name,C86-PUNK
Q318619,McCoy Tyner,When Sunny Gets Blue,4108809,7toKjKtbeeI,name,60otaku4
Q16732408,Mdou Moctar,Takoba,2746842601,fp449jBMTIE,wikidata,Mdou Moctar
Q1399605,Meade Lux Lewis,,,,,
Q1915490,Meat Katie,Highly Unlikely,125035946,T0D9mpsjaK4,name,Peli Kan
Q1132613,Meat Puppets,Lake Of Fire,1758549737,VzYOq8WGUxQ,wikidata,PearlJamBlowsGoats
Q501467,Medina Azahara,Hay un Lugar,86789963,vZeHvQ1Gwk8,name,AvispaMusic
Q21033832,Mefjus,Sientelo,1733617787,gOpAr0UiT6Q,wikidata,UKF Drum & Bass
Q83431,Megadeth,Symphony Of Destruction,61382107,vfpgpf6QVnI,wikidata,Megadeth
Q619332,Megaherz,Himmelsstürmer,137706895,Zm5IDVv-WtE,wikidata,Napalm Records
Q395249,Mehdi Hassan,Bheegi Bheegi Raaton Mein,3596865742,bJFeyco3sA8,name,Ghazals Of Legends
Q466741,Meiway,DJ Tassouman,61453517,cYQ6b85nzBE,wikidata,MEIWAY OFFICIEL
Q106570642,Mejja,Siaka,3879191461,hcAV2lxaT2E,name,Mejja Genge
Q15982936,Mekaal Hasan Band,,,,,
Q655652,Mekong Delta,True Lies,1001591142,AXYYh4wbhK4,name,ShinyHitmonleeReborn
Q270669,Melissa Etheridge,Like The Way I Do,623716262,,wikidata,
Q385618,Melvins,A History of Bad Men,3947564591,ank_2cZvdYU,wikidata,Johnny Chopper
Q6815694,Memory Tapes,Bicycle,1383422742,SxdawMWBtmo,wikidata,booyakasha092
Q1421242,Memphis Jug Band,,,,,
Q464728,Memphis Minnie,Me And My Chauffeur Blues,1547765,KiRoNuw5x4M,name,anthax1202
Q1068404,Memphis Slim,Angel Child,668035072,usAqWhW5yqc,wikidata,Edith de Ronde
Q962524,Mentallo & the Fixer,,,,,
Q1921113,Merauder,Master Killer,108637056,gknNYog0vfE,wikidata,Merauder 
Q216450,Mercedes Sosa,Gracias A La Vida,971488512,lDFuHhflHsw,wikidata,Mercedes Sosa
Q583344,Mercury Rev,Goddess on a Hiway,1021507952,Nj39W-AoThs,wikidata,9090Hopp
Q132187857,Mercy Pakela,,,,,
Q267170,Meredith Monk,Dawn,65802265,zq-_ys2G_RI,name,vox_ritualis
Q183092,Merle Haggard,Mama Tried,3229491,,wikidata,
Q1922029,Merrill Moore,,,,,
Q452011,Merzbow,Minotauros,2019767227,dnfbDAHNYeI,wikidata,UltimateNoise
Q569408,Meshuggah,Bleed,3065403241,qc98u-eGzlc,wikidata,Reigning Phoenix Music
Q3307040,Messi Martin,Zoa Mballa,2226086567,PtSwFNsbDDA,name,La Voix du Cénacle du Pr Gervais Mendo Ze 🎶
Q10329004,Mestre Ambrósio,Pé de Calçada,1002669812,ngC_fMiEPkk,name,chicooceano
Q10329038,Mestre Verequete,Pescador,1778992127,VQK1SjmO-K0,name,Carimbó do Jonny
Q10329042,Mestre Vieira,,,,,
Q15920,Metallica,Enter Sandman,136408134,CD-E-LDc384,wikidata,Metallica
Q864991,Metro Station,Shake It,1277448,_wjFahULCK8,name,Metro Station
Q151783,Metronomy,The Look,10240179,sFrNsSnk8GM,wikidata,Metronomy
Q304675,MF DOOM,Rapp Snitch Knishes,980535602,dERcdvcXuE0,wikidata,MF DOOM
Q1670579,MFSB,T.S.O.P. (The Sound of Philadelphia),13232091,LS2PQs_IRNk,wikidata,MFSB
Q391969,MGMT,Kids,536485,fe4EK4HSPkI,wikidata,MGMT
Q23820256,MHD,Afro Trap Pt. 3 (Champions League),122927588,Zd16mB1hE0w,wikidata,MHD Officiel
Q6827833,Mica Paris,I Want To Know What Love Is,1161009642,wcKdQjbnT_8,name,Mica Paris
Q140388844,"Michael ""5000"" Watts",,,,,
Q2813877,Michael Finnissy,,,,,
Q3308199,Michael Fortunati,Give Me Up,2834782182,P-xfy-0RPMw,name,Alejandro Fuvald (Wilson Fuentealba V.)
Q1383840,Michael Franks,Popsicle Toes,5621085,OUghAJZ07nM,wikidata,Walid Khalaf
Q3308220,Michael Gordon,Turn Out the Lights,56322861,,name,
Q879793,Michael Hoenig,Hanging Garden Transfer,1645199412,9LJdy_RLK2c,name,Whatzupduck
Q2831,Michael Jackson,Smooth Criminal,4603400,h_D3VFfhvs4,wikidata,Michael Jackson
Q1928543,Michael Martin Murphey,Wildfire,3337376,ufMmhL3sFL0,name,Michael Martin Murphey
Q282002,Michael McDonald,I Keep Forgettin' (Every Time You're Near),5617796,9gbQVj4MR3M,wikidata,RHINO
Q954997,Michael Nesmith,Rio,345467281,yciLq5kYFnU,name,Patty 
Q313639,Michael Nyman,The Heart Asks Pleasure First / The Promise,3358382,1_CG92r3OxE,name,Trebonis
Q717239,Michael Stearns,Organics,118995928,RazLASamtXY,name,Shunytaafield
Q724998,Michael Torke,"Being, Pt. 4",1042631772,,name,
Q357515,Michael W. Smith,Awesome God,15099136,sEZDuMGp3WY,wikidata,Michael W. Smith
Q709977,Michał Kleofas Ogiński,,,,,
Q1147958,Michel Chion,,,,,
Q488387,Michel Teló,Fugidinha (Ao Vivo),2048432817,E0d04PnQGYI,wikidata,Saquavip
Q1940929,Michio Miyagi,Haru No Umi,371855861,29WgFkhv62w,name,宮城道雄の世界
Q3236273,Michiya Mihashi,Osayo Kawaiya,4263043581,,name,
Q2322270,Mick Kenney,,,,,
Q324757,Mickey Gilley,Stand By Me,65990747,pQ4MKeTv-7Q,name,fritz51305
Q96047,Mickie Krause,Baila Baila,3466713041,mqqoJZTm8Ps,wikidata,Xtreme Sound
Q647279,Midnight Star,,,,,
Q22341183,Midori Takada,Falling and Fragmentation,4151151162,,wikidata,
Q111472061,Midwxst,223’s,1893352187,kqDD_pGgQyo,wikidata,midwxst
Q6844110,Mighty Clouds of Joy,,,,,
Q205876,Mighty Sparrow,Short Little Shorts,4492341,QSbCGGl8aAU,name-ambiguous,mightysparrowaz
Q15777045,Migos,Walk It Talk It,453844292,fGqdIPer-ms,wikidata,Migos ATL
Q5368793,Miguel Aceves Mejía,La Malagueña,13332983,pKE4z1Yk0zI,name-ambiguous,Miguel Aceves Mejía
Q1765889,Miguel Faílde,,,,,
Q4822616,Miguel Frías de Molina,,,,,
Q954623,Mike Jones,Still Tippin',790424,7ZAYzLjQAd4,name-ambiguous,Mike Jones - Money Train LLC
Q446572,Mike Paradinas,Brace Yourself Jason,3133948,,wikidata,
Q379992,Mikel Laboa,Martxa Baten Lehen Notak,1355318,Q63nxh1aVZ4,wikidata,iluusa
Q6849417,Mikel Rouse,,,,,
Q104772823,MikeQ,Legendary,975265992,4U9mPs9Fbmo,name,MikeQ
Q1372387,Mikhail Krug,Фраер,145569674,,name,
Q541833,Mikhail Shufutinsky,Марджанджа,485116022,ihj0P-ea6wk,wikidata,Михаил Шуфутинский
Q3313730,Miki Matsubara,Mayonaka no Door~stay with me,3697978582,nRmlLrI0OVk,name-ambiguous,"Miki Matsubara Official ""stay with me"""
Q151976,Mikis Theodorakis,Zorba the Greek: Zorba's Dance,15935606,n_BHJNAJk8Q,wikidata,LM R
Q1285105,Mile Kitić,Vuk samotnjak,3054000661,iaOZoVFLMGw,wikidata,Mile Kitic
Q93341,Miles Davis,So What,2711778,ylXk1LBvIqU,wikidata,Miles Davis
Q10330035,Milionário & José Rico,Vontade Dividida (Ao Vivo),98361832,,name,
Q604835,Milk Inc.,La Vache 2013,123247824,_H5fGKoPdQo,wikidata,Regi Penxten
Q1338793,Millencolin,No Cigar,378254041,OChjVLHlkVE,wikidata,Blinkettaro182
Q447437,Millie Small,My Boy Lollipop,5193461,RSNdPlSKfV0,name,Don Denton
Q1935572,Millionaires,Take Your Shirt Off,68445555,dPlW7rt8VZA,wikidata,Mandy Chung
Q457379,Milly Quezada,Lo Que Más,845471402,E_cMD65zKMY,name-ambiguous,MillyQuezada
Q139603504,Milo,,,,,
Q10330096,Miltinho,En un Rincon del Alma,109430598,86929qp3zGk,name,ROCAS
Q318518,Milton Babbitt,Occasional Variations,2474178991,,name,
Q1531285,Milton Brown,Keep a-Knockin',4433132,dxKtC2-s7Rg,name,Aurelia's Swing
Q542847,Milton Nascimento,Quem sabe isso quer dizer amor,65732514,oX2tbUm5Iig,wikidata,rossibeto
Q22337570,Min Huifen,,,,,
Q61679307,Mind Against,Overture,4014362741,QPqHbMJe3sk,wikidata,HABITAT
Q3521879,Minibosses,Megaman II,378622641,,wikidata,
Q425772,Ministry,Singularity,4262687931,ZczRl9va6CU,wikidata,Cleopatra Records
Q81509,Minor Threat,Filler,1717941057,kLD-2o5fkSo,name,Kaio Ramone
Q1803842,Minus the Bear,Pachuca Sunrise,62721730,hM_-L4tOQkg,wikidata,jamiejamiejamiejamie
Q1364766,Minutemen,Corona,1601890,jlxmKsTvcLg,wikidata,jenny_jenny_nc
Q435487,Miquel Brown,"So Many Men, So Little Time",15927402,kqZkNA0jgzc,name,Gapulero de Gapul
Q15053742,Mischief Brew,Olde Tyme Mem'ry,118100424,mDuoORH8bdM,wikidata,RadioRin
Q1937415,Misery Index,Feral Future,4053950841,ZTJ6ZiktiM8,name,Season of Mist
Q311785,Misfits,The Cockroach That Ate Cincinnati,1508231572,CRuEm20n5j4,wikidata,Sounds From Hell
Q235770,Miss Kittin,Frank Sinatra,2226960,8e0BxwYGHYM,wikidata,Kittin
Q1939097,Mission of Burma,That's When I Reach for My Revolver,949204,n818AE4H-E8,name,Kill yr Idols
Q382962,Mississippi John Hurt,"Boys, You're Welcome",10113183,ll8NIjLCggk,name,Peter Keane
Q3444819,Mistah F.A.B.,Still Feelin' It,124225532,ZIPRVFCmi-k,wikidata,MistahFabVEVO
Q20630566,Mitch Murder,Sniper Rouge,140245689,AW2dxRr05gk,name,NewRetroWave
Q3317284,Mixmaster Morris,Waraitake,2713506552,xLuUtyYrE5I,name,akira buriburi
Q1323453,Miyuki Nakajima,,,,,
Q771968,Mob 47,Religiös Farsot,3051582211,,name,
Q727115,Mobb Deep,"Shook Ones, Pt. II",1044157,yoYZf-lBF_U,wikidata,Mobb Deep
Q14045,Moby,Natural Blues (TECIE),4182285242,UiP5UOJ_rN8,wikidata,Moby and 4 more
Q830379,Modern Jazz Quartet,,,,,
Q27417,Modern Talking,Cheri Cheri Lady,74249000,eNvUS-6PTbs,wikidata,Modern Talking Offiziell
Q431355,Modest Mouse,Float On,581923,CTAud5O7Qqk,wikidata,Modest Mouse
Q1425262,Modjo,Lady (Hear Me Tonight),70179720,mMfxI3r_LyA,wikidata,ModjoOfficial
Q105726987,Moe Shop,Notice,470666812,F9Ay74LfKd4,wikidata,Moe Shop
Q1395732,Moein,Bigharar,3014974541,ZPwqhJ8BFNM,wikidata,Caltex Records
Q645980,Mogwai,Take Me Somewhere Nice,3839407,Mgq_EhrWvGw,wikidata,Steph Skylar
Q571707,Mohamed Mounir,Madad Ya Rasoul Allah,138355577,wHSvTLaUvd0,wikidata,Mohamed Mounir - محمد منير
Q3318847,Mohamed Tahar Fergani,,,,,
Q741658,Mohammad Hussain Sarahang,,,,,
Q433745,Mohammad-Reza Lotfi,,,,,
Q1238247,Mohammad-Reza Shajarian,,,,,
Q6894452,Mohsen Yeganeh,Behet Ghol Midam,904930192,cDNDVtoJhik,name,Mohsen Yeganeh
Q2424461,Molella,Let's Dance (Volare),2780298211,DepjsOEVE3E,name,Gamuel Sori
Q285190,Molly Hatchet,Fall of The Peacemakers,849342,OzKBu66ceOc,wikidata,apollywn
Q1198084,Momoe Yamaguchi,,,,,
Q3319807,Mon Rivera,Lluvia con Nieve,686072402,detmcrYdD64,wikidata,Luckylouie522
Q472644,Mongo Santamaría,,,,,
Q910170,Mongol800,,,,,
Q6899840,Moni Bilé,Osi tapa lambo lam,99420644,ouo1d-TKas4,name,Cantos Music
Q60824605,Mono Blanco,,,,,
Q2752431,Monolake,,,,,
Q29421154,Monolord,Empress Rising,76251761,rCc901E02eY,name,RidingEasy Records and Monolord
Q22121823,Monomono,,,,,
Q1430616,Monster Magnet,Gods and Punks,137704685,347M0hcgjcw,wikidata,Napalm Records
Q15835576,Monuments,Makeshift Harmony,1621027552,cceNE-RlRS0,name-ambiguous,MONUMENTS
Q369822,Moodymann,Lyk U Use 2,75411198,iX8X9RIO_cI,name,IndiciousSoul
Q6907524,Moon Mullican,Jambalaya,123456578,gAyl2FApdew,name,Hankfan Hankfan
Q954332,Moonsorrow,Pakanajuhla,2141984797,eO4oyiEKHzs,wikidata,Bilge Tonyukuk
Q914074,Moonspell,Alma Mater,108599102,JYNhdLSnJ8k,wikidata,valmont1602
Q1947215,Moravanka,,,,,
Q309001,Morbid Angel,Chapel Of Ghouls,40581951,HsKP30C4D7s,wikidata,Earache Catalog
Q749019,Morcheeba,Otherwise,685405,2YEQIAk5ECI,wikidata,Wishmaster1985PL
Q12370465,Mord Fustang,Flower With No Name,681976482,zQe5XKbOp20,wikidata,vibinfinity
Q781972,Mordechai Ben David,Maaminim - מאמינים,3682518832,bMTqm-kNbY0,wikidata,Nafshi - נפשי
Q3891609,Moreira da Silva,Jogando com o Capeta,3455757811,86MoD1cnb70,name,Fabiano Vasconcelos
Q29561472,Morgan Wallen,What I Want,3366676861,Y6jyPJ8QJK8,wikidata,Morgan Wallen
Q4331609,Morten Breum,,,,,
Q1123016,Mortification,Nocturnal,17406759,tAlmA4ekkSI,wikidata,Brutal Abyss
Q376651,Mortiis,The Faith That Fades Away,3891986601,,wikidata,
Q316427,Morton Feldman,,,,,
Q962366,Morton Subotnick,,,,,
Q551576,Mory Kanté,Yeke Yeke,1696118167,bJNiMNUSrw8,wikidata,Max Producciones
Q2475314,Mosaic.wav,,,,,
Q1382570,Mose Allison,Your Mind Is on Vacation,731545,,name,
Q6915818,Moses Hogan,,,,,
Q2915717,Moshe Koussevitzky,,,,,
Q388861,Moss Icon,I'm Back Sleeping Or Fucking Or Something,2028337277,MPeP09FV3tk,name,R4ym0nd101
Q62745180,MoStack,Body Tea,4006985551,L0orTUPl31Y,name-ambiguous,MoStack and J Hus
Q1752769,Mother's Finest,Baby Love,13230207,aC7_LAklaHo,wikidata,pstholm
Q1340444,Motion City Soundtrack,Everything Is Alright,378298901,_xfG36Un2U8,wikidata,Motion City Soundtrack
Q1126287,Mott the Hoople,All the Young Dudes,13149413,yNHdPPJGowY,wikidata,MOTTTHEHOOPLEVEVO
Q19697,Motörhead,Ace of Spades,3803071362,3mbvWn1EY6g,wikidata,Motörhead Official
Q1359424,Mount Kimbie,Made To Stray,67416831,7SfFInoSotg,wikidata,Mount Kimbie
Q2278773,Mournful Congregation,The Epitome of Gods and Men Alike,14233758,UIaHlkCc1yY,name,Lore naaa
Q477644,Moğollar,Dinleyiverin Gari,434198132,6Ur-OVaH1RY,wikidata,Moğollar
Q131767793,Mr. Black,,,,,
Q1147061,Mr. Bungle,Carousel,724540,RIMN5ILCb1I,wikidata,MrBungleChannel
Q3327146,Mr. C,,,,,
Q6928518,Mr. Capone-E,Sumertime Anthem,385711871,,wikidata,
Q686915,Mr. Children,,,,,
Q6928394,Mr.B The Gentleman Rhymer,Nicknackatory,400084282,-eRD-uVgvEo,name,Mr.B The Gentleman Rhymer
Q83505290,Ms Nina,,,,,
Q1811235,MSTRKRFT,Heartbreaker,2458909455,i6gHLHbYVeA,wikidata,Polydor
Q2745611,Mtume,Juicy Fruit,13197416,EYE5QEBOMA8,wikidata,MtumeVEVO
Q220707,Muddy Waters,I'm Your Hoochie Coochie Man,595056,,wikidata,
Q898820,Mudhoney,Touch Me I'm Sick,1137174412,_nGsT_qFMBs,wikidata,Sub Pop
Q729293,Muhal Richard Abrams,Charlie In The Parker,1586810952,,name,
Q382901,Mulatu Astatke,Tezeta (Nostalgia),224805,Wy-v-FgiUD8,name,El Cancionero
Q111071555,Mumdance,Chaos Engine,407216622,,name,
Q953918,Mumford & Sons,Little Lion Man,3026049971,X7bHe--mp1g,wikidata,Mumford & Sons
Q6935664,Munchi,,,,,
Q10333178,Mundo Livre S/A,,,,,
Q922034,Municipal Waste,The Art of Partying,40582521,89rvBQwWUOc,wikidata,Earache Catalog
Q48699884,Murda Mook,You're A Dead Man,927900342,,name,
Q778278,Murderdolls,White Wedding,2693282,a8d-Kx4S9OE,wikidata,Roadrunner Records
Q1953954,Musa Eroğlu,Candan İleri,66158137,zNmHbY55pHg,name,NİLAY ASLAN
Q1955333,Musiq Soulchild,Halfcrazy,2294575,IP4V3TTC3fw,name-ambiguous,Musiqsoulchild
Q558799,Muslim Magomayev,Синяя вечность,1867820487,Hge_pupTHMg,wikidata,БМчик - Персональный сайт Муслима Магомаева
Q331711,Mustafa Sandal,İsyankar,120663052,My-VssMH2hc,wikidata,Mustafa SandalTv
Q15941115,Mustard,Pure Water,703231522,9hJ8lLNWrM4,wikidata,Mustard
Q706252,Mutabaruka,,,,,
Q193673,Muzio Clementi,"Sonatina No. 2 in G Major, Op. 36; I. Allegretto",1709251477,,name,
Q900578,Muzsikás,"Szerelem, Szerelem",1382881552,4uoGpCacsog,name,Pablo Frai
Q16954370,MV & EE,No $ (Shit Space - It's All About the Coin ¢ /Corn),131416680,iSMqAcqfNno,name,Lollo Simeoni Lollo
Q841042,My Bloody Valentine,new you,1265941812,VpoOjoiYcWY,wikidata,my bloody valentine
Q483285,My Chemical Romance,Welcome to the Black Parade,676573,RRKJiM9Njr8,wikidata,My Chemical Romance
Q498460,My Dying Bride,L'Amour Detruit,1962283,zqvSeLQvW4w,wikidata,Gothic Drinker
Q65550251,Myke Towers,LALA,2159990627,BVdngsy95mY,wikidata,Myke Towers
Q6948700,Mysore Ananthaswamy,,,,,
Q236312,Márta Sebestyén,Hajnali Nóta (Kalotaszeg),1192221182,,name,
Q486688,Mötley Crüe,Kickstart My Heart,3788403482,k0WHSYFY21w,wikidata,Mötley Crüe
Q306130,Múm,Green Green Grass Of Tunnel,3751262,,wikidata,
Q1395064,Müslüm Gürses,Hangimiz Sevmedik,144311834,dJGTK0C7S8w,name,Esen Müzik
Q1993589,Mỹ Tâm,Nơi Mình Dừng Chân (Nhạc Phim Chị Trợ Lý Của Anh),866681342,,name,
Q216856,N.W.A.,Fuck Tha Police,105364502,IW77yUDNfNY,wikidata,Good Lev
Q484216,Na Hoon-a,,,,,
Q11788639,Nachtmahr,,,,,
Q452785,Nada Mamula,A Sto Cemo Ljubav Kriti,121481288,A8LZHDaA7EU,name,devovanje
Q625917,Nadja,Пусть зажгутся звезды,3952950361,CYz0npqr0Bo,name-ambiguous,NADJA
Q1351126,Naftule Brandwein,Der Terk in America,2820196662,LcuBgzTUdK4,name,Milos Nikolic
Q1122398,Naglfar,The Mirrors of My Soul,108596618,qqZskKDk19E,wikidata,ValaMetal
Q99527593,Nahawa Doumbia,Kungo Sogoni,62717114,oaDxiuikx70,wikidata,Awesome Tapes From Africa
Q2631733,Najat Aatabou,,,,,
Q937020,Najee,Betcha Don't Know,3328179,n2GDVG4T5so,wikidata,GoodMusicBox
Q6617244,Nam Jin,,,,,
Q11167386,Nameless,,,,,
Q266676,Namie Amuro,,,,,
Q3335478,Namjilyn Norovbanzad,,,,,
Q20088941,Nana Ampadu,,,,,
Q447032,Nanci Griffith,Speed of the Sound of Loneliness,6161609,x6mhaTiSOOY,wikidata,Nanci Griffith Memorial 
Q321762,Napalm Death,Scum,40581651,rIV3czRMEpI,wikidata,Silentt29
Q16015304,Napoleon Strickland,,,,,
Q940848,Nara Leão,O Barquinho,17467113,1v-NeQrmm3E,name,BossaNovaVEVO
Q425728,Narayan Gopal,Maya Ta Maya-Timro Maan Ma,2343910345,,wikidata,
Q4210537,Nasida Ria,,,,,
Q1500192,Nasum,When Science Fails,11473348,VVy7w_pxjNc,name,The Grind Show
Q137042,Nat King Cole,L-O-V-E,3158377,f_HmF84G7ZY,wikidata,Nat King Cole
Q6968206,Natalie MacMaster,David's Jig,3257134571,RnmjO8QHzhk,name,Less Than Face Productions
Q104904549,Natanael Cano,OLIVIA LA FLAKA,4295468912,MYFFA242azM,wikidata,Natanael Cano and 5 more
Q47159,Nate Dogg,I Got Love,671270,MRwHd3PWgyo,wikidata,UPROXX
Q532475,Nathan Abshire,Chere Te Mon,935854042,,name,
Q15304958,Nathan Carter,The Morning After,2017411797,9JG3kbZmOJw,name-ambiguous,Nathan Carter
Q111050304,Nathan Coles,,,,,
Q1031228,National Health,Dreams Wide Awake,680467852,vcmFGrUK6ZE,name,Proper Time
Q1816236,Native Deen,Tala'al Badru,8875613,XaqMIf2d7HM,name,nativedeen
Q2485312,Nausea,,,,,
Q6983583,Nação Zumbi,Novas Auroras,1418854562,wJsJK1fLHos,name,Nação Zumbi (Oficial)
Q27062890,Ndom’a Deccah Grace,,,,,
Q359474,Necro,Robbery '95,7614677,oMHfbJg72N4,wikidata,NECRO VIDEO
Q672432,Necrophagist,Stabwound,10970492,rEEkKWXAAII,wikidata,WhoreToAChainsawTAIM
Q948214,Necrophobic,Tsar Bomba,439184162,CzLFHRCNwmk,wikidata,necrophobic.official
Q1933496,Ned's Atomic Dustbin,Kill Your Television,15193462,ZA2371iADS0,name,Unremastered
Q103258,Neelix,Next By Me,2577564932,JFRsnhg2ZxI,name,Neelix
Q624627,Negativland,Pip Digs Pep,829087652,,wikidata,
Q1974431,Negritude Júnior,Beijo Geladinho,3324833,v93U9umJOKE,wikidata,Natty Music
Q10335997,Neguinho da Beija-Flor,,,,,
Q1429330,Negură Bunget,Tesarul de Lumini,2147163,46GhUrtrklM,name,Shizzlmadizzl
Q62708,Neidhart von Reuental,,,,,
Q294531,Neil Diamond,"Girl, You'll Be A Woman Soon",80142286,R-TE0Jk1ZeY,wikidata,Neil Diamond
Q312743,Neil Sedaka,"Laughter In The Rain (The Val Doonican Music Show, 1977)",4156739052,y5H6G58hBUo,wikidata,Neil Sedaka
Q633,Neil Young,Heart of Gold,3826694,c7eB7Wns1-M,wikidata,neilyoungchannel
Q257712,Nekromantix,,,,,
Q31174141,Nella Kharisma,Jaran Goyang,403603882,9auwc5vDhX8,name,Nella Kharisma Official
Q218992,Nelly,Dilemma,2447443,8WYHDfJDPDc,wikidata,Nelly
Q10336072,Nelson Ferreira,São João da meninice,1458445372,oO_5KNSc9SY,name,Sonocom Gravações e Edições Musicais
Q10336076,Nelson Freitas,Miúda Linda,2557400112,cordADXcng0,name-ambiguous,Nelson Freitas
Q5110234,Nelson Gonçalves,Naquela Mesa,71509278,ePW8z08IfdQ,name,Nelson Gonçalves
Q3709714,Nemours Jean Baptiste,,,,,
Q153996,Nena,99 Red Balloons,3786206012,hiwgOWo7mDc,wikidata,NENA
Q2986540,Neon Indian,Polish Girl,3876616931,GuPGZZgNFsU,wikidata,Arts & Crafts México
Q1448889,Neophyte,Music For the 90's,2979336051,ynPrLHeC0yk,wikidata,Neophyte Records
Q1978005,Nerf Herder,Golfshirt,1043485,,name,
Q16961880,Nervous Gender,Green Tile Floor,2441164725,B3zS_AjslAE,name,Music Vegan Society
Q44399,Netsky,Everybody Loves The Sunshine,2255536597,4kN1xkQ4lcI,wikidata,Hospital Records
Q181874,Neu!,Seeland,2693567982,VfLsCvLfFiI,wikidata,groenlandrecords
Q334093,Neurosis,,,,,
Q569462,Neuroticfish,They're Coming To Take Me Away,751511482,4A1A97sFF9Q,wikidata,ShadowBB-01
Q849875,Neutral Milk Hotel,Oh Sister (1995),3552503051,,wikidata,
Q1631159,New Boyz,FM$,17827287,oL2wQ8q3pvo,wikidata,NewBoyzTV
Q850645,New Found Glory,My Friends Over You,980198,QfcLcDBII78,wikidata,New Found Glory
Q7007840,New Grass Revival,Callin' Baton Rouge,3324215,00AFX_2aDJ4,wikidata,AManOfManyFaces
Q212464,New Kids on the Block,Step by Step,1065849,Chdjnro06MI,wikidata,newkidsontheblockvid
Q7009927,New Lost City Ramblers,,,,,
Q214990,New Order,Blue Monday '88,706051,9GMjH1nR0ds,wikidata,New Order
Q1506370,New Orleans Rhythm Kings,,,,,
Q1420833,New Riders of the Purple Sage,Dirty Business,608573,YJdq0OcRK3o,wikidata,Josh R.
Q830586,New York Dolls,Personality Crisis,2598226,2aQTGqqXHw4,wikidata,TheNewYorkDollsVEVO
Q1217509,New Young Pony Club,Lost a Girl,1674206067,e5-tzh7k0BY,wikidata,New Young Pony Club
Q1760152,Newcleus,Jam On It,51614881,uAEw_sX7CFA,name,UPROXX
Q1445071,Newsboys,We Believe,78399891,WjZ01FcK0yk,name-ambiguous,Newsboys
Q1653946,Neşet Ertaş,Yolcu,1794795017,SF1pofGUc5Y,name,Neşet Ertaş
Q467532,NG La Banda,,,,,
Q7022497,Ngola Ritmos,,,,,
Q1887441,Nicanor Abelardo,,,,,
Q727418,Nicholas Payton,So What,4159337282,9DQZpQ5cl9o,name,Butcher Brown
Q137368542,Nicholas Zakaria,Mufananidzo,1410215952,fIfZpLfOUdg,name,Music City SA
Q211588,Nick Drake,Pink Moon,1379123002,xqe6TF2y8i4,name,Nick Drake
Q1895390,Nickel Creek,Destination,76187542,sIt8aN01NlY,wikidata,Nickel Creek
Q483802,Nickelback,How You Remind Me,71828723,1cQh1ccqu8M,wikidata,Nickelback
Q260214,Nicky Romero,Freak,4031618071,EiZiOuc-ucY,wikidata,Nicky Romero
Q946505,Nicola Conte,Bossa Per Due,211277,YHPFXEooQOc,name,Schema Records
Q2606502,Nicolae Guță,,,,,
Q3780177,Nicomedes Santa Cruz,Manuel Antonio,3245715851,KRHKMv4AWmE,wikidata,Heidy Guiliana Buleje Gives
Q109599010,Night Tempo,Usagi Funk,988497382,fSU92keEMAc,wikidata,Artzie Music
Q928905,Nightmares on Wax,You Wish,4230955232,TwDOa-lvizM,wikidata,Nightmares On Wax
Q43510,Nightwish,Nemo,1388825212,rNg2Dh6gPkw,wikidata,Nightwish
Q1990612,Nikola Karović i Slavko Perović,,,,,
Q722484,Nikos Vertis,An Eisai Ena Asteri,3752533362,6Ye0NOn7nrI,wikidata,Nikos Vertis Official
Q660835,Nile,Sacrifice Unto Sebek,10970039,FRM1zw_v-NM,wikidata,Nile Fanpage
Q1493073,Nils Frahm,Ambre,625628382,h2I49P19vTY,wikidata,DC Channel
Q738139,Nils Petter Molvær,Khmer,1114106,xFGHhmxCU_k,name,jazzaudio
Q379684,Nils-Aslak Valkeapää,,,,,
Q437231,Nilüfer,Son Arzum,66192010,M5X6OLn7REo,name,Nilüfer
Q11647,Nine Inch Nails,Closer,1173960,PTFwQP86BRs,wikidata,Nine Inch Nails
Q22936556,Ninety One,Bari Biled,736068332,pq87sJXlBu0,wikidata,NINETY ONE
Q1993035,Ninjaman,Ninja Mi Ninja,67957391,7ZkZxgi6pqc,wikidata,inspectorwilly
Q430613,Nino Bravo,,,,,
Q1044154,Nino D'Angelo,Stupida Avventura,1022235,ZqvrldJQQ3Y,name-ambiguous,NinoDAngeloVEVO
Q11649,Nirvana,Heart-Shaped Box,70466227,n6P0SitRwy8,wikidata,Nirvana
Q580943,Nitzer Ebb,Join In The Chant,1763124757,AGHMS_zh0zM,wikidata,A.M.V.
Q714526,Niyazi,,,,,
Q270828,Niña Pastori,El Incomprendido,4005694011,LlPps2KPU7k,name,Niña Pastori Oficial
Q7044051,No Comment,Control Machine,860275942,5YKWhFEixyc,name-ambiguous,no comment
Q43259,No Doubt,Don't Speak,24246391,TR3Vdo5etCQ,wikidata,No Doubt
Q375364,No Use for a Name,Dumb Reminders,3471540811,9ID5iwSQ4wU,name,FAT WRECK CHORDS
Q2468561,Nocturnal Depression,Spleen Black Metal,1102276462,X8evvYYN6-M,name,CaroVantaLux
Q2294741,Noel Nicola,"Es Más, Te Perdono",559036972,KONK7jSFw6U,name,Lonely Stranger
Q281078,Noel Rosa,Conversa de Botequim,609828752,ghOfAxJ0qnU,name,Noel Rosa
Q265222,NOFX,Linoleum,378243751,tqvDhl-e1xw,wikidata,NOFXbyElchinoek
Q516302,Noisecontrollers,,,,,
Q7047756,Noisex,,,,,
Q47227,Noisia,Supersonic (VIP),1749460827,7PZj74JVtrg,wikidata,Noisia
Q161725,Nokturnal Mortum,,,,,
Q7049430,Nonini,,,,,
Q441730,Nora Bayes,,,,,
Q21484134,Nora En Pure,Burning Up,4265676562,BmiBi2gS9Og,wikidata,Nora En Pure
Q7050137,Nora Ney,Regra Três,139856419,7818_nh8f2o,name,NoraNeyVEVO
Q549981,Norah Jones,Sunrise,3130150,fd02pGJx0s0,wikidata,Norah Jones
Q3543876,Noriko Awaya,,,,,
Q406379,Norma Jean,"1,000,000 Watts",1125241102,WPs0R-gZbZM,wikidata,Norma Jean
Q16666774,Norma Loy,,,,,
Q3297853,Nortec Collective,Olvidela Compa,16380617,mTOKhSpe9Cs,name,plasmalabtv
Q475935,North Mississippi Allstars,Up and Rolling,698951202,LHt29ZnW5lA,wikidata,New West Records and North Mississippi Allstars
Q7059558,Northlane,Crucified,4277610922,6WPQFIiBqqw,wikidata,Northlane
Q485167,Northside,,,,,
Q55075209,Not3s,Addison Lee (Peng Ting Called Maddison),345224621,6yVxR0QqtWQ,wikidata,Cheffed Driller 
Q42336667,"Nothing,Nowhere",Pieces of You,1512084792,YErEZo38-VQ,wikidata,"nothing,nowhere."
Q719110,Notis Sfakianakis,Giftissa Mera,476454602,,name,
Q16733502,Nozinja,Xihukwani,98080202,rk87TzGGIfc,name,Nozinja
Q154454,NSYNC,I Want You Back,1022536,is6gtilerPk,wikidata,*NSYNC
Q899032,Nuclear Assault,Brainwashed,74392996,sZfeB_RGY6A,name,Nuclear Assault 
Q462347,Nujabes,Luv (sic.) pt3,2791873062,Fwv2gnCFDOc,wikidata,Nujabes
Q1168617,Numb,,,,,
Q5359582,Number Girl,Teppuu Surudoku Natte,671365402,zGcAZ9z4PPw,wikidata,Chrira235
Q3879772,Nuova Compagnia di Canto Popolare,Tammurriata Nera,2298718095,_mHLGb4jOXo,wikidata,fritz51334
Q1930798,Nurse With Wound,Spiral Theme,9880638,-GBuA25ZZMw,wikidata,ChakatAssassin2
Q299073,Nusrat Fateh Ali Khan,Mustt Mustt,99268858,4RlvDlI0EXo,name,Real World Records
Q3879978,Nylon Moon,Sky Plus,1618094022,yNGOMU-K1Eo,name,Trance-M
Q7071588,Nēnēs,,,,,
Q7073354,O Yuki Conjugate,Ba-Makala,9843179,v4PBm8Ah_gM,name,Aleksa Alaska
Q3347472,O. V. Wright,,,,,
Q382890,Oasis,Wonderwall,985745702,6hzrDeceEKc,wikidata,Oasis
Q334537,Obituary,Visions in My Head,83493452,WvxHqUrikhE,wikidata,RelapseRecords and ObituaryTheBand
Q732205,Oblivians,Call the Police,67408634,3xX703OzESo,name,Matzohball77
Q64211521,Obrafour,Heavy,3532654591,GP8aJl_b7Vk,name,Obrafour
Q686550,Obscura,The Anticosmic Overload,11015019,CJrNQiMbSFA,wikidata,Obscura
Q1332158,Ocean Colour Scene,The Riverboat Song,9914534,brzzM31G4x8,wikidata,OceanColourSceneVEVO
Q10340215,Odair José,,,,,
Q237633,Odetta,Hit Or Miss,141821821,gVNeozIH2SQ,name,Ben Childs
Q509702,Of Monsters and Men,Dirty Paws,17615563,mCHUw7ACS8o,wikidata,Of Monsters and Men
Q310162,Of the Wand & the Moon,Let's Take a Ride (My Love),1478244162,NYkshSqB8d4,wikidata,Of The Wand And The Moon
Q1006517,Off Course,Kanashii Kurai,3111285,,wikidata,
Q111087,Ofra Haza,אם ננעלו,736722832,sm1Ua6JENMY,wikidata,Ofra Haza Mix
Q15436057,OG Ron C,,,,,
Q1760014,Ohio Express,,,,,
Q1291507,Ohio Players,Love Rollercoaster,549262732,I7lLwXSqf_M,wikidata,VideoXL
Q1887278,Oingo Boingo,Stay,549279842,DwRnW89EsxI,wikidata,Boingo Vision
Q576420,Ojos de Brujo,Ventilaor R-80,5413531,37bp_rO4tas,name,Σείριος Official
Q7082705,Oku Onuora,Sun Dub (Solar Dub),30866871,6xgqDQa792s,wikidata,cooperdread
Q18217816,Okyeame Kwame,Yeeko,1182092432,OSbi2Jvls7A,wikidata,Okyeame Kwame
Q7082838,Ola Belle Reed,Ola Belle's Blues,6687661,6ewNmgW5zBA,name,Mette Wide
Q727187,Olavi Virta,Tango Desiree,104154964,62xMN7ziVbM,name,Robert Lohtander
Q3881496,Old 97's,Dance With Me,561664112,DDDyD0Hj5n0,wikidata,New West Records
Q1886400,Old Man's Child,Black Seeds On Virgin Soil,108604538,q3MJnpC59Kc,wikidata,Century Media Records
Q953117,Olga Guillot,Lágrimas Negras,861315072,US5sOnrMwME,name,Olga Guillot
Q3350611,Olimpo Cárdenas,Fatalidad,754658562,S6Zsuzo5W4g,name,OLIMPO CARDENAS - Colección Xavier Acosta F.
Q16667903,Oliver Heldens,Mozart's Final Rave (Lacrimosa),2761481841,JwrXc8ghhT8,wikidata,RAVE IN A LOOP
Q151593,Olivier Messiaen,Liturgie de cristal,3779469532,FPNkg6CNKI4,name,Playground Ensemble
Q2021108,Olodum,,,,,
Q19520573,Om Unit,The Silence,466218012,Z1UhMdu53Ak,wikidata,CivilMusic
Q2023132,Omar Pene,Saï saï,366039171,nGziw_YhStg,name,Syllart Records
Q619303,Omar Souleyman,Warni Warni,71631727,lVlgMEFu1PI,name,Ribbon Music
Q237997,Omara Portuondo,No Me Llores Más,3783363012,YRprWw6tK5g,name,World Circuit Records
Q2023278,Omen,,,,,
Q2918713,Omer Adam,,,,,
Q1749482,Omnia,CYBERPUNK,519495192,BQ7ayVDxCO0,wikidata,Omnia
Q7092163,Ondekoza,Yumigahama,2126054897,k71N_pxPtk8,name,SoundJulia
Q3882507,One Last Wish,My Better Half,1717822457,yji00e9ZqBg,name,ritesofspr
Q286346,Oneohtrix Point Never,Same,506124002,ET11LLlY1R4,wikidata,__
Q4353626,Onkel Kånkel,,,,,
Q572174,Oomph!,Augen auf!,567164,fuLPJg2gwjQ,wikidata,OOMPH!
Q7072798,oOoOO,Burnout Eyess,366060871,GXx5Qk1iP1M,name,ruairi dunne
Q3354052,Opera Multi Steel,,,,,
Q165846,Operation Ivy,Sound System,378300041,svGbgxbpsjs,wikidata,7eonardo2
Q18557,Opeth,Ghost of Perdition,847130,MDBykpSXsSE,wikidata,Opeth
Q449323,Ophidian,Back To The Oldschool,2382155325,1NsB7nismpI,wikidata,Thunderdome and Ophidian
Q14521452,Oppenheimer Analysis,The Devil's Dancers,63815906,caP3tAmMEbc,name,Why not both?
Q1781317,Orange Juice,Rip It Up,1861023807,xcRAWA4nN3U,name-ambiguous,Orange Juice
Q467624,Orathai Dabkham,,,,,
Q515942,Orbital,HALCYON + ON + ON,428937302,,wikidata,
Q18960277,Orchestra Marrabenta Star de Moçambique,,,,,
Q956500,Orchestral Manoeuvres in the Dark,Electricity,3156220,Y43XLVqjytQ,wikidata,Orchestral Manoeuvres in the Dark
Q1382418,Orhan Gencebay,Kaderimin Oyunu,64208408,_zLzSlmZm4c,name,Orhan Gencebay Official
Q933710,Original Dixieland Jass Band,,,,,
Q10864039,Original Love,Seppun -Kiss-,433253652,udJ1DGWzMUI,wikidata,PATO SAMA
Q1651693,Original Naabtal Duo,Patrona Bavariae,3318525,xdbPdGqjZGM,name,gussie5555
Q154792,Orlande de Lassus,,,,,
Q10341515,Orlandivo,Onde Anda o Meu Amor,66527670,O9eUlDNCu2A,name,Orlandivo Oficial
Q19886334,Orlando Julius,Disco Hi-Life,477618292,6VNu2MLdE0c,name,RedBegbie
Q10341548,Orlando Pantera,,,,,
Q7128978,Orlando Silva,Carinhoso,13310427,dRIcjihfq3I,name,OrlandoSilvaVEVO
Q208797,Ornette Coleman,,,,,
Q1126314,Orphaned Land,The Cave,426976882,duUTbyDVsoo,wikidata,Jubran
Q7104019,Orquesta América,Rico Vacilón,861290072,W6moGBPTYWA,name,Yo nací en esta ribera - Música
Q2031558,Orquesta Aragón,Quiéreme Sempre,688222492,,wikidata,
Q10341995,Os Incríveis,O Milionário (The Millionaire),15425942,IUIsGeiw86Q,name,OsIncriveisVEVO
Q1325248,Os Mutantes,Balada Do Louco,1559615,lkqcWKuzlQw,name,OsMutantesVEVO
Q3522116,Osborne Brothers,,,,,
Q70913044,Oscar Davey-Wraight,La Fong,124463840,IuMGdMKL0YE,wikidata,SkyAudiophile
Q16186057,Oscar Matus,,,,,
Q1890473,Osibisa,Dance the Body Music,596602842,keSn0GhKqfc,wikidata,lovinthe80s1
Q7107123,Osmani García,El Taxi,76295709,hECrIvrALkI,name,Osmani Garcia “La Voz”
Q113635146,osquinn,i dont want that many friends in the first place,2320019525,O_8Nu996xbk,name,you are safe here
Q380673,Osvaldo Pugliese,Don Agustín Bardi,71474468,r8Em-uahrtg,name,OsvaldoPuglieseVEVO
Q323966,Othar Turner,Shimmy She Wobble,646306262,RDar1ymGbjg,name,The Soul of Sam Collins
Q3357654,Otis Clay,The Only Way Is Up,74403862,0zf0rMfTeaI,name,ModernSoulful
Q217839,Otis Redding,(Sittin' On) the Dock of the Bay,495824392,AN5RyeUzsso,wikidata,Otis Redding
Q711197,Otis Rush,I Can't Quit You Baby,3705932,Uy2tEP3I3DM,name,Eirek Sandnes
Q1349079,Otis Spann,Riverside Blues,1693611,gI58l7nva_0,name,Grammercy Records
Q1969558,Otomo Yoshihide,Ending Theme,1750470137,oQfoIY4du5w,name,zero focus
Q1573838,Otros Aires,Sin Rumbo,772299642,npmuZcbrhoo,name,Otros Aires Tango
Q400094,Otto Knows,My Lover,4273439152,xzPNzzpDApo,wikidata,Lilly Era
Q2039834,Otto Luening,Invention In Twelve Tones,64260874,r-2CWG-oIF8,name,New World Records / CRi
Q59485,Otto Waalkes,,,,,
Q243837,Ottorino Respighi,,,,,
Q467094,Oumou Sangaré,Wassulu Don,3794175542,tulfimCd6JE,name,Oumou Sangaré
Q1463593,Out Hud,It's for You,62305057,acBo_4izpIc,name,TheWilderness
Q472595,OutKast,Hey Ya!,628266,PWgvGjAhvIw,wikidata,Outkast
Q1869710,Outlaws,Green Grass & High Tides,1043323,r2UEqMxcspw,wikidata,Exciterxtc
Q534454,Oval,Do While ⌘X,491676112,xdT-cd2pWHQ,name,roland
Q2734296,Ovidi Montllor,,,,,
Q1277127,Owls,,,,,
Q1428002,Oxide & Neutrino,,,,,
Q1550383,Ozric Tentacles,Guardstones,4140477141,fq4LD0uoSCw,wikidata,Alien HiFi
Q28739901,Ozuna,Baila Baila Baila,820200292,32F2d-wj4Xw,wikidata,Ozuna
Q7117378,P. Kalinga Rao,,,,,
Q3349799,Paban Das Baul,Dil Ki Doya,99280530,Y79biK0Wna0,name,salish george
Q11697214,Pablo Esteve y Grimau,,,,,
Q560953,Pablo Milanés,Yolanda,1555691412,qCwLbI1IMog,name,Pablo Milanés
Q743869,Pablo Ziegler,Por Amor A Buenos Aires,4181201982,,name,
Q7122056,Pacho Alonso,El Manisero (Pregón),93232988,AhLAZvgB9uI,name,Vintfy
Q3392753,Pacho Galán,Boquita Salá,2654094812,ba_G2C5EotY,name,Billo's Caracas Boys 
Q12043494,Pacifik,,,,,
Q153300,Paco de Lucía,Entre Dos Aguas,90270219,DpRb_0IYFV8,name,Paco de Lucía
Q981236,Paco Ibáñez,La mala reputación,3259647041,9j1jumnQeSw,name,KPONKESI
Q7124160,Pagan Altar,Pagan Altar,3515718131,YTHS9qcwR_8,name,Zickleinmorder
Q7125397,Pak Tongjin,,,,,
Q2069239,Pale Saints,Kinky Love,951875,,name,
Q3891705,Paleface,Helsinki - Shangri-La,52837301,ZGTLu8q8ydg,wikidata,Exogenic
Q530413,Palmy,,,,,
Q1889385,Pan Sonic,Rahina i,75571691,UwOcE4UeS4o,name,Kranial
Q1346896,Panjabi MC,Mundian To Bach Ke,2139840647,wifZ3HuqAf4,name-ambiguous,Panjabi MC
Q2723854,Pankaj Udhas,Ahista,66609712,,name,
Q2253861,Pansy Division,That's So Gay,116751598,wsc1Ww3lU1U,wikidata,PansyDivisionvideo
Q4503270,Pantelis Pantelidis,Ginete,1287245742,,name,
Q180880,Pantera,Walk,662879,AkFqg5wAuFk,wikidata,Pantera
Q179516,Paolo Conte,Via Con Me,3803083842,4LrAmIahNLs,wikidata,paoloconteofficial
Q254371,Papa Roach,Last Resort,6435662,j0lSpNtjPM8,wikidata,Papa Roach
Q736274,Papa Wemba,Yolele,99268666,QemzwQ839tE,name,Papa Wemba Officiel
Q750593,Paradise Lost,Small Town Boy,456930682,f9XiD_2K7-Q,wikidata,Ilias Tumbarov
Q473466,Paramore,Misery Business,3829140,aCyGvGEtOwc,wikidata,Paramore
Q10344640,Parangolé,Perna Bamba,2575186332,qoKJs0Lf7-o,wikidata,Banda Parangolé
Q2375711,Parisa,Let Me Go,586565402,CknV8wZ6lmM,name-ambiguous,Parisa
Q282855,Parkway Drive,The Void,491204922,Huag2s7UPXg,wikidata,Parkway Drive and Epitaph Records
Q2053632,Parlet,You're Leaving,1762501287,Np3vmq-3l7Y,name,MotherFunkin1
Q89525,Parov Stelar,Booty Swing,13851424,,wikidata,
Q16740568,Parquet Courts,Sympathy for Life,1508757782,-gfifGVFoO8,name,Parquet Courts
Q1514494,Party Animals,Hava Naquila,2830941172,DLUhDz5jceE,name-ambiguous,PartyAnimalsTube
Q15929398,PartyNextDoor,TBH,2349425935,NTGo7H6OcMI,wikidata,Minimal Sounds
Q1784022,Passion Pit,Sleepyhead,5816228,T0RvPYRRRbE,wikidata,Passion Pit
Q3368476,Pastis & Buenri,Dreaming Of the Better World,1922831667,,name,
Q2056297,Pastor Troy,No Mo Play In GA,1758526127,O-s0ZBIg6kE,wikidata,Pastor Troy
Q10751549,Pastorita Huaracina,A los Filos de un Cuchillo,96260346,-dPIUame26A,name,CULTURA PERUANA
Q7143495,Pat Green,Wave on Wave,2544181,fJWnIFlYKjs,wikidata,patgreen
Q213887,Pat Metheny,Same River,3716706402,peWsiiqiI7s,wikidata,Pat Metheny
Q28043525,Pat Thomas,,,,,
Q2240661,Pata Negra,,,,,
Q3694816,Pathanay Khan,,,,,
Q583025,Patricio Manns,Llego Volando,3240677151,Ettbs4A5LL8,name,KikeGames
Q1395989,Patrick Cowley,Do You Wanna Funk?,68515594,PeYUTbU_iTw,name,UnidiscMusic
Q1537039,Patrick Jumpen,The Secret,18205346,WHEyUDt0U1g,name,Lower East Side Records
Q7148160,Patrulla 81,Cómo Pude Enamorarme De Ti,63319990,5miH9o2J7kk,name,Patrulla81commx
Q273080,Patsy Cline,Crazy,542814742,YWKeuYcDAoo,wikidata,Patsy Cline
Q272845,Patsy Montana,I Want to Be a Cowboy's Sweetheart,67492854,Bic7HEF5zE4,name,Gene Autry
Q557,Patti Smith,Because the Night,13438425,c_BcivBprM0,wikidata,Patti Smith
Q455939,Patty Loveless,You'll Never Leave Harlan Alive,624963,n34H7tiBNik,wikidata,PattyLovelessVEVO
Q215556,Paul Dukas,,,,,
Q960974,Paul Elstak,,,,,
Q57244,Paul Hindemith,,,,,
Q7155240,Paul Job Kafeero,,,,,
Q109451283,Paul Johnson,,,,,
Q136324170,Paul Ndlovu,Hita Famba Moyeni,1884563087,WMF9U8lcDqo,name,Gallo Music
Q321339,Paul Oakenfold,1998,4126220641,,wikidata,
Q1026810,Paul Revere and the Raiders,Good Thing,73137676,U3PGfqU6qvg,wikidata,RaidersVEVO
Q273233,Paul Robeson,Traditional: Shenandoah,3140272,,name,
Q4028,Paul Simon,You Can Call Me Al,6599483,uq-gYOrU8bA,wikidata,Paul Simon
Q77034,Paul van Dyk,For An Angel,1626487942,--3eIRSg2RY,wikidata,Paul van Dyk
Q709640,Paul Wall,Sittin' Sidewayz,3869540,-zDQFFpSgfg,wikidata,Paul Wall
Q470182,Paul Whiteman,,,,,
Q1338162,Paul Winter,Vocé e Eu (You and I),82827670,AOUlxs4M3jc,name,* jack333 DREAMERMIXES
Q185465,Paula Abdul,Straight Up,3109328,El1kgCqD7Xk,wikidata,Paula Abdul
Q3372725,Pauline Julien,,,,,
Q444857,Pauline Oliveros,The Last Time,106541712,MoHuHBkT4es,name,VG
Q241801,Paulinho da Viola,Timoneiro,13290050,gb4qFApELWM,name-ambiguous,Paulinho da Viola
Q17013873,Paulito FG,De Amores,1634996162,aze30KBXSY0,name-ambiguous,Paulito FG
Q2032898,Paulo Flores,Njila ia Dikanga,1320311012,iA3ZbARcVtA,name-ambiguous,Paulo Flores
Q584391,Pavel Chesnokov,,,,,
Q922445,Pavement,Harness Your Hopes (B-side),2539362,ofOh-BSsV2M,wikidata,Music Fella
Q667042,Paysage D'Hiver,König Winter,1976969957,_hCgGqqtaTk,wikidata,Into Eternity
Q379548,Peabo Bryson,Tonight I Celebrate My Love,3310548,4t0Xo3-Ga_4,wikidata,RHINO
Q235095,Peaches,Boys Wanna Be Her,937449,QzdefT9nNOM,wikidata,PeachesTV
Q142701,Pearl Jam,Black,7675132,qgaRVvAKoqQ,wikidata,Pearl Jam
Q1342505,Pearls Before Swine,Drop Out!,2233567477,JDUP3GFHix4,name,A Garr
Q3898491,Peatbog Faeries,,,,,
Q467954,Pedro Infante,Cien años,421271942,l4GbKakSeDY,name-ambiguous,Pedro Infante
Q1860517,Pedro Iturralde,"Te amaré, te amo y te querré",882282052,,name,
Q5551605,Pedro Messone,El Solitario,3246774731,cZX1h2X6-5I,name,Pedro Messone
Q2363489,Peggy Zina,Ime Kala,476433092,3UD3S4EUdLk,wikidata,Peggy Zina
Q2068562,Pen Cayetano,Devil Galfriend,3693916182,,name,
Q10348267,Pena Branca & Xavantinho,,,,,
Q1856247,Pendragon,,,,,
Q20672,Pendulum,Witchcraft,6113114,ogMNV33AhCY,wikidata,pendulumlive
Q50505246,Penny Penny,Shaka Bundu,71898811,FyVEUtvf2_Q,name,Awesome Tapes From Africa
Q754051,Pennywise,Bro Hymn,378296181,_n8TuSVmOrw,wikidata,kivennn
Q1402704,Pentagram,,,,,
Q1427551,Pentangle,Willy O' Winsbury,1699252577,nwqP_yoszCE,wikidata,Pentangle
Q7166241,Pepe Sánchez,Sentimiento,1177157002,vI2Q5Llf3J4,name,Mr Bongo
Q712683,Percy Faith,Crunchy Granola Suite,366402511,pvB8_f2bb4A,wikidata,offshore pirate radio stations
Q445862,Percy Sledge,When a Man Loves a Woman (Rerecorded),90572599,_GXjTF3jpew,wikidata,travis7310
Q1500073,Pere Ubu,Street Waves,2124799897,mk1sqOpPn3E,wikidata,cookingvinylarchive
Q1388730,Peret,Borriquito,13248749,5nchCNteFm0,name,PeretVEVO
Q154809,Perez Prado,,,,,
Q16966850,Perfect Stranger,,,,,
Q2071101,Periphery,Its Only Smiles,1972591957,LQ8KvLQIdMc,wikidata,Periphery
Q7169164,Perlla,Tremendo Vacilão,95946500,e8kFA1_ocwI,wikidata,Perlla
Q7169608,Perrey and Kingsley,,,,,
Q333405,Perry Como,And I Love You So,2242656,XSYbKk83VTc,wikidata,Perry Como Magic
Q20685120,Perturbator,Future Club,77796216,RY66fdMt4vc,wikidata,BlooodMusic
Q7171305,Perú Negro,Toro Mata,12004195,4NY0FqpZ1jQ,name,Eduardo Campos Yataco (lalitocy)
Q62554723,Peshay,On The Nile,4208812682,4fUQa66aDFM,wikidata,Metalheadz
Q117242724,Peso Pluma,LA PATRULLA,2855869452,Fr9rMmMp3mY,wikidata,Peso Pluma
Q485625,Pet Shop Boys,West End Girls,462775272,p3j2NYZ8FKs,wikidata,Pet Shop Boys
Q16013757,Peta Teanet,Matswele,70407651,GWrW3895d5c,wikidata,Golden Era
Q1399599,Pete Johnson,627 Stomp,541955052,wJ2QsLKIrao,name,Swing Blues Jazz 78 RPM
Q677600,Pete Namlook,The Space Driver,1279948172,3P_v6vx-urI,name,mmaro85
Q1851859,Pete Rock & CL Smooth,They Reminisce Over You (T.R.O.Y.),719754,PdmMxfTpfxM,wikidata,Pete Rock & C.L. Smooth Spotlight
Q3376398,Pete Rodriguez,El Hueso,686070062,kt8LWXihBi0,name-ambiguous,Pete Rodriguez
Q1369304,Pete Rugolo,,,,,
Q244441,Pete Seeger,Which Side Are You On,66789733,5iAIM02kv0g,wikidata,commarx
Q44801,Peter Alexander,Rosamunde,1131926,GVuDiP2zUVw,wikidata,Inky261
Q175277,Peter Brötzmann,Summer Rain,546525572,,name,
Q175195,Peter Gabriel,Solsbury Hill,538699662,_OO2PuGz-H8,wikidata,Peter Gabriel
Q1507752,Peter Lang,Turnpike Terror,1062744152,mbU2Sg2pv3Q,name,Andrew Lardner
Q106308191,Peter Okoye,,,,,
Q87996,Peter Rauhofer,Do It Properly (Victor & Peter's NY Club Anthem),11115989,,wikidata,
Q273049,Peter Tosh,Legalize It,12269971,6cIePqdz03A,wikidata,Peter Tosh
Q654716,"Peter, Paul and Mary",500 Miles,3906902,YrDLI57ubU0,wikidata,"Peter, Paul and Mary"
Q368449,Peteris Vasks,,,,,
Q2079842,Petit-Pays,Eboki,549542392,,name,
Q2080180,Petra,,,,,
Q114596815,Petre Inspirescu,Delir 4,144295718,kmzkOBiNBZQ,name,psychomathematiker
Q6073645,Petrona Martínez,Las Penas Alegres (bullerengue Chalupiao),7115408,,name,
Q180026,Petrus de Cruce,,,,,
Q709143,Pg. 99,,,,,
Q470617,Pharoah Sanders,Astral Traveling,62347613,T4nAGtdkU88,name,MonkeyIslandBlues
Q7180927,Phase II Pan Groove,Misbehave (Reprise),488715442,,name,
Q7181551,Phi Nhung,Trách Ai Vô Tình,2907049731,gTg7MDrIcUs,name,Phi Nhung
Q1579192,Phil Keaggy,Symphonic Dance (A Variation On Allegretto Grazioso),134496086,,name,
Q379802,Phil Ochs,When I'm Gone,2627633,yB-BBVQLnxI,wikidata,SirSomebody
Q7182272,Phil Phillips,Darling,83942655,38A-yxiyF7s,name,All Time Music
Q189729,Philip Glass,Tales from the Loop,916250262,DFS_93qK1qE,wikidata,Philip Glass
Q1374217,Philip Rosseter,,,,,
Q311766,Philippe de Vitry,,,,,
Q3381062,Phill Niblock,,,,,
Q219519,Phillip Phillips,"Gone, Gone, Gone",67592080,oozQ4yV__Vw,wikidata,Phillip Phillips
Q7186118,Philomena Begley,,,,,
Q921267,Phish,Everything's Right,916714122,unFQogrCsrs,wikidata,Phish
Q1349876,Photek,Trans 7,3133997,Q_u8-Pu-_8o,name,Original Energy
Q286750,Phuture,Acid Tracks,1600909272,igNBeo3QSqc,name,Igor Karevski
Q460970,Phyllis Dillon,Picture On The Wall - Original,1901297,,name,
Q1870526,Pibes Chorros,Que calor,81698968,r_g80kvA4cE,name,Los Pibes Chorros
Q7190493,Picaflor de los Andes,Mi Chiquitin,1135925392,yY6Sr1wjRNs,name,Picaflor de los Andes Sitio Oficial
Q156193,Pierre Boulez,"Pétrouchka: Tableau 1, The Shrovetide Fair",70154290,,name,
Q97122096,Pierre Didy Tchakounté,Meguela,97332084,7Iy5EdH7RSQ,name,Cantos Music
Q524331,Pierre Guédron,,,,,
Q544469,Pierre Henry,Messe pour le temps présent : Messe pour le temps présent: II. Psyché rock,7293537,,wikidata,
Q315744,Pierre Schaeffer,,,,,
Q677891,Pig Destroyer,Army of Cops,506232462,OezdOxCq3mk,wikidata,Radial by The Orchard
Q1472962,Pinduca,Mistura de Carimbo Com Ciranda,691591912,wxy2VoC1ZAM,name,Heavenly Sweetness
Q458229,Pinetop Perkins,Pinetop is just on top,305324,LPBm5sQhMoU,name,Jazz and Blues Experience
Q1095520,Pinetop Smith,,,,,
Q2306,Pink Floyd,"Another Brick in the Wall, Pt. 2",116914094,s47NEW6uQr8,wikidata,Meteora Bell
Q498416,Pink Lady,I only want to be with you,2124000247,,wikidata,
Q1543576,Pink Martini,Amado Mio,489615852,sCbzWiJLVhk,wikidata,Pink Martini
Q187844,Pitbull,Timber,71403230,hHUbLv4ThOo,wikidata,Pitbull
Q281086,Pixinguinha,Vou Vivendo,45850771,bIeAi9_fmuk,name,piccinini02
Q1202626,Pizzicato Five,Such a Beautiful Girl Like You,2539826841,ruWqKCmUaJU,name,ziperrevera
Q1427795,Placebo Effect,,,,,
Q1072372,Plaid,Ladyburst,29373491,b20iSetxpF4,wikidata,Justina Liubinaite
Q763092,Planxty,Raggle Taggle Gypsy - Tabhair Dom Do Lamh,1357034602,my-ldnHKxhQ,name,Albion Official
Q27671080,Playboi Carti,Sky,1189531242,KnumAWWWgUE,wikidata,Playboi Carti
Q18158382,Plena Libre,Carnaval,3648608482,1VK1F3G2xfw,name,Plena Libre and Elvis Crespo
Q6317600,Plump DJs,,,,,
Q7205578,Plus-Tech Squeeze Box,rocket coaster,1009068222,E83w1XXoW1U,name,Kaerumi
Q548990,Poco,Call It Love,559010,cGEBXL11THc,wikidata,PocoVEVO
Q550602,Poison,Nothin' But A Good Time,3119140,_88L-CU7PD4,wikidata,Poison
Q7208447,Poison Clan,Dance All Nite,143988152,JDAuRLjHCVw,name,Bino & Hip-Hop
Q768132,Poison Girls,Ideologically Unsound,3656875512,l1dSQ0q5hUg,wikidata,itsacorporatething
Q939139,Poison the Well,Soma (Poison The Well),11118951,,name,
Q12884049,Poly Panou,Ti Sou 'Kana Kai Pineis,400615482,,name,
Q1377199,Poncho Sanchez,El Shing-A-Ling,11686990,fvqwJt4kbd4,name,Poncho Sanchez music
Q81698554,Pop Smoke,What You Know Bout Love,3823782821,uuodbSVO3z0,wikidata,POP SMOKE
Q1378050,Pop Will Eat Itself,Def Con One,1441575192,Xef60FAN6Vk,wikidata,PopWillEatItselfVEVO
Q213923,Porcupine Tree,Trains,3012281621,0UHwkfhwjsk,wikidata,Olivier Robichaud
Q13017264,Pornsak Songsaeng,,,,,
Q2105055,Porter Ricks,Nautical Zone,17193194,ae0_mj4-pfQ,name,ンー i
Q21084,Porter Robinson,Shelter,4217903592,fzQ6gRAEoy0,wikidata,Porter Robinson
Q191352,Portishead,Glory Box,982678,4qQyUi4zfDs,wikidata,Portishead
Q830761,Possessed,,,,,
Q710574,Praga Khan,Injected with a Poison,568624902,gZTT_OeA0fw,name,Praga Khan
Q1506813,Prefab Sprout,Cars and Girls,733350962,jEJdfDD4dVg,wikidata,Prefab Sprout
Q917450,Premiata Forneria Marconi,Impressioni di settembre,1016960,X2-F9UuQFyQ,wikidata,JoeMartini47
Q271704,Preslava,,,,,
Q729952,Prezioso,Halo,1906352887,iv9PP1QZAOc,name,Giorgio Prezioso
Q666697,Primal Scream,Miss Lucifer,14882002,A3_YBPdKw2I,wikidata,Primal Scream
Q1345756,Primordial,,,,,
Q741836,Primus,My Name Is Mud,2125079,953PkxFNiko,wikidata,officialprimus
Q7542,Prince,Purple Rain,374283061,uW1UIDYmYyI,wikidata,Prince
Q441161,Prince Buster,All My Loving,121805942,L_I1N-infPw,name-ambiguous,Prince Buster Music Inc.®
Q2110365,Prince Far I,,,,,
Q1893336,Prince Nico Mbarga,Sweet Mother,136214586,uLxfpw5KePs,wikidata,PRINCE NICO MBARGA Official
Q7245230,Prins Thomas,Feel The Love (Diskomiks),878438492,5o-voKHIqkA,name,Electronic Love Collective
Q214486,Procol Harum,A Whiter Shade of Pale,109300764,z0vCwGUZe1I,wikidata,FLY Records
Q7248144,Professor Elemental,Fighting Trousers,2738662271,0iRTB-FTMdk,name,Rapscallion And Chums
Q519965,Professor Jay,Njoo,3229019111,ymFYlQijBl4,name,ProfessorJay
Q918447,Professor Longhair,Big Chief,11564726,voB6WiP83NU,wikidata,AMPISOUND
Q593741,Project Pat,Take Da Charge,70546076,y5POWTgILk0,name,Trending Songs
Q1638101,Prong,Fear The Sun,4131059101,0T5Wd6od0Z8,wikidata,Napalm Records
Q1426055,Propellerheads,Spybreak! (Short One),510698742,IqjF5eUXJ8o,wikidata,UploaderOfGoodMusic
Q7250165,Proper Dos,Sexy Thing (Like You),15898822,,name,
Q7252901,Proxyon,Space Hopper,61692531,mmjjs6LrDxg,name,ELECTRIFY001
Q385861,Proyecto Uno,Tiburon,11126567,BqO9a_tPzUI,name,PROYECTO UNO
Q3409991,Psirico,Lepo Lepo,3586976221,x8rRsokR8ug,wikidata,Psirico Oficial
Q7256203,Psychedelic Horseshit,Rather Dull,64138631,jswTL6THsSk,name,torchofthemystics
Q2115954,Psychic TV,The Orchids,412180602,fKBuKcDPjzM,name,Ashley Grasmick
Q1241167,Psycho Realm,,,,,
Q1807574,Psyclon Nine,Parasitic,34972431,A7fvUQi9huE,name,valkoinenbat
Q209182,Public Enemy,Bring the Noise,69170898,l_Jeyif7bB4,wikidata,TheOriginal808beats
Q845265,Public Image Ltd.,One Drop,27139321,tHYUGBq5JsQ,wikidata,PiL Official | Public Image Ltd
Q1891766,Puissance,,,,,
Q504464,Pulp,Common People,910074,yuTMWgOduFM,wikidata,Pulp
Q6583188,Pumpuang Duangjan,,,,,
Q82179,Punch Brothers,Passepied (Debussy),93477358,q_y_l4c5knE,wikidata,Apollón
Q7261330,Purna Das Baul,,,,,
Q111750814,Puseletso Seema,,,,,
Q7261732,Push Button Objects,,,,,
Q2712704,Pussy Galore,Dick Johnson,30835861,-IK9pBpOFpk,name,BVMTValternative
Q7315,Pyotr Ilyich Tchaikovsky,,,,,
Q1188776,Pyotr Leshchenko,,,,,
Q20880743,Pyrrhon,Viral Content,104726026,,name,
Q2325467,Pépé Kallé,Gérant,365946871,8Rv27RMHoKw,wikidata,Syllart Records
Q206275,Pérotin,,,,,
Q28402704,Q-Tex,,,,,
Q504331,Q65,,,,,
Q702867,Qntal,Entre moi et mon ami,97068370,D_Yc5SQ-ROk,wikidata,Uhusdorf
Q7268270,Quad City DJ’s,Space Jam,135872772,m_SzzgmxeYc,wikidata,All Music
Q2198055,Quadrophonia,Quadrophonia,381997051,0PkD--DD0TM,name,dutchvibe
Q15862,Queen,Bohemian Rhapsody,4091937401,fJ9rUzIMcZQ,wikidata,Queen Official
Q3147762,Queen Ida,Creole De Lake Charles,7695666,,name,
Q1243718,Queens of the Stone Age,Where The Goth Girls At?,4261126181,eAOIpDUDGX4,wikidata,Queens Of The Stone Age
Q462380,Queensrÿche,Silent Lucidity,7459741,jhat-xUQ6dw,wikidata,Queensrÿche
Q453691,Quentin Dupieux,Flat Beat,3748159,,wikidata,
Q728559,Quicksand,Fazer,5884375,HGPzJs1WK88,name-ambiguous,Quicksand
Q1382357,Quicksilver Messenger Service,Who Do You Love (Pt. 1),3124303,xVgvVguw9i8,wikidata,BT_Sabes
Q221494,Quiet Riot,Cum on Feel the Noize,626119,,wikidata,
Q1140278,Quilapayún,El pueblo unido jamás será vencido,130742952,-_qQj25KaUE,name,Archivo Quilapayún
Q1395361,Quim Barreiros,Bacalhau À Portuguesa,1393299162,as8QjVjUS4k,wikidata,Espacial Música
Q2201526,Quintino,Quechua,1349902032,ryzDl5RXBWM,wikidata,Spinnin' Records
Q10810227,Quách Thị Hồ,,,,,
Q198546,R. Carlos Nakai,Convergence,71989655,jlwl_kZjZXk,name,RedAkumaSan
Q2123849,R. Dean Taylor,,,,,
Q2123902,R. L. Burnside,Someday Baby,140300503,kQxl8ljD560,wikidata,Fat Possum Records
Q134969,R.E.M.,Losing My Religion,136334560,xwtdhWltSIg,wikidata,remhq
Q3414998,R3hab,Believe (Shooting Stars),3050727361,iGAqNgQEA0A,wikidata,R3HAB
Q7278635,Rabbit in the Moon,Out Of Body Experience,4247881791,fcNvj12W5Gw,name,toddlerson
Q33692845,Radical Redemption,Burn,3270815941,TjicDr3omv8,wikidata,Angerfist
Q2983671,Radio 4,Enemies Like This,3301485,rftaDLGUzYU,wikidata,Hernán RuFi
Q1755388,Radio Tarifa,Oye China,64784037,J_cTw2REW8U,name,Radio Tarifa
Q44190,Radiohead,Creep,138547415,XFkzRNyygfk,wikidata,Radiohead
Q877525,Radu Malfatti,,,,,
Q320167,Raekwon,Ice Cream,13163034,jgh10of6DKA,wikidata,Raekwon
Q7282075,Rafael Cepeda,,,,,
Q984122,Rafael Cortijo,Un Minuto De Silencio (Bolero),33472211,,name,
Q3112679,Rafael Escalona Martínez,,,,,
Q2610362,Raffi,Down By The Bay,141823425,DWKVKfk6e40,name-ambiguous,Raffi
Q72092,Rage Against the Machine,Killing In The Name,62082829,bWXazVhlyxQ,wikidata,Rage Against the Machine
Q691490,Rahat Fateh Ali Khan,O Re Piya,1203803042,iv7lcUkFVSc,wikidata,YRF
Q7291909,Raheem Jarbo,Wily,544574712,,wikidata,
Q7283409,Rahim Fahimuddin Dagar,,,,,
Q918592,Rahzel,Suga Sista,1763068267,BNiqZk4uVt0,wikidata,EVC RECORDS
Q7284050,Railroad Earth,Good Bones,4113356571,F1w_2V2wq28,wikidata,Railroad Earth
Q3051570,Raimon,Al Vent,3238712461,v1hKV1xFXyc,name-ambiguous,raimonVEVO
Q452817,Rain Parade,,,,,
Q3119760,Raison d'être,Dreams Essence (Re-Recorded),3519518141,,wikidata,
Q207947,Ralph Vaughan Williams,,,,,
Q7289323,Ramdew Chaitoe,,,,,
Q16968240,Ramleh,Nothing Here But Fire,3617362812,,name,
Q25177,Rammstein,Sonne,14381638,StZcUAPRRac,wikidata,Rammstein Official
Q483407,Ramones,Blitzkrieg Bop,131744724,268C3N2dDYk,wikidata,Ramones
Q1936300,Ramsey Lewis,Look-A-Here,1999242487,YP_Q8EtAeQ4,name,BLUES AND SOUL 
Q787191,Ramón Ayala,El Disgusto,74632847,4fURZieTORE,name,freddierecordstv
Q330830,Ran Blake,Tea For Two,1586890692,Q2NAHJYdaTk,wikidata,Bruce Brownlee
Q2760921,Ran-D,Zombie,508292342,8ga_tSyiRvQ,wikidata,Ran-D
Q7292403,Randy Rogers Band,In My Arms Instead,2296741,_5t7Cl6W-Ag,name,Randy Rogers Band
Q2130817,Randy Stonehill,Shut de Do,134234074,igeCS6J6Sxw,name,UK Christian Music Rarities
Q467519,Randy Travis,"Forever and Ever, Amen",7172209,KtKXc_v2iLE,wikidata,Randy Travis
Q4048016,Rank and File,,,,,
Q3930163,Raoul Casadei,,,,,
Q561205,Raphael,Caravane,3129431,0M1WB_7elG8,name-ambiguous,Raphael Haroche - Non Officiel
Q2670911,Raquel Meller,,,,,
Q7294514,Rare Essence,Still Gettin' Buzy,1172138572,,name,
Q7294674,Ras Shorty I,,,,,
Q7295154,Rasoolan Bai,,,,,
Q2715339,Raspberries,Go All The Way,3246490,6kY3ITqAAm8,wikidata,RaspberriesOnline
Q2031780,Rasputina,Hunter's Kiss,30897841,OFEabq_SNz0,name,enc0m511
Q10357548,Rastapé,Colo de Menina,96003530,tQSxabyAiZo,name,RastapeVEVO
Q1422764,Ratatat,Loud Pipes,948137,AB_4Q4_St2U,wikidata,Bonnaroo
Q1969179,Raulín Rodríguez,Medicina De Amor,7878992,5xkhZw0NP7A,name-ambiguous,RaulinRodriguezVEVO
Q103774,Ravi Shankar,Vandanaa Trayee,3785928452,ru_FPMkDRlc,wikidata,George Harrison
Q740099,Ray Barretto,Margie,687821002,JlYnaVPICss,wikidata,Ray Barretto
Q544387,Ray Charles,I've Got a Woman,670897,rTz12bOprB4,wikidata,Sofien Nahdi
Q206304,Ray Conniff,El Amor Es Algo Maravilloso,101271180,f1inL31YN0M,wikidata,Pablo Canteiro
Q1929135,Ray Price,,,,,
Q1531369,Razor,,,,,
Q1320685,Raça Negra,Cheia de Manias,705328182,cOchidcyv9Q,wikidata,Raça Negra
Q601577,Raúl Barboza,,,,,
Q41108,Real McCoy,Another Night,1042543,Pav2f4b-1ZE,name-ambiguous,Real McCoy
Q1337319,Rebel MC,,,,,
Q3421778,Rebelution,Feeling Alright,3852161191,V6cMkhhqn6k,wikidata,SkankinLozer
Q18155080,Recondite,Baro,86397577,-VwjMf14JaU,name,ourTunes
Q2699736,Red Fang,Wires,73725116,-q8DppYVEL8,wikidata,Red Fang
Q2033431,Red Harvest,Anatomy of the Unknown,10609131,Ra66C-vMs34,name,The Bizarre Files
Q10708,Red Hot Chili Peppers,Californication,725274,YlUKcNNmywk,wikidata,Red Hot Chili Peppers
Q1329500,Red House Painters,Medicine Bottle,620487372,4BMZ7wfLyno,name,Phil Bebbington
Q2136070,Red Simpson,"Diesel Smoke, Dangerous Curves",135875308,pjXFoAIN2F8,name,Wicker Bill
Q2136093,Red Sovine,Phantom 309,732464192,Mye3aikHBjc,name,AubreyDoory
Q313138,Redman,Let's Get Dirty (I Can't Get In Da Club),79423641,_b_zT6mdN3c,wikidata,Redman
Q2136387,Redshift,,,,,
Q665979,Reel Big Fish,Take On Me,2971047511,QHpU0ZfXZ_g,wikidata,ReelBigFishVIDEOS
Q7306953,Reeps One,,,,,
Q1358175,Refused,New Noise,378236081,NkAe30aEG5c,wikidata,Epitaph Records
Q737403,Reggie Rockstone,Plan Ben (What Plan?),3231380251,z7kEeG1KUAQ,name,Reggie Rockstone
Q229274,Regina Spektor,Two Birds,3820941,CSPT37V6RFI,wikidata,Cassiopeia
Q2117780,Reginaldo Rossi,Garçon,85539286,6aLEhHgFWYU,name,Reginaldo Rossi
Q446854,Regine Velasquez,I'll Never Love This Way Again,659565172,NLjAXIZcjpo,wikidata,RegineVelasquezTV
Q1783268,Regurgitate,The Pulsating Feast,11473156,44vK-w6gxbw,name,DISJONIGRIND
Q2140182,Reijo Taipale,Satumaa,67749371,FTUR_FCl2ag,name,Reijo Taipale Klassikoita
Q164721,Reinhard Mey,Wunderarzenei,4293664552,,wikidata,
Q2142533,Relatives Menschsein,,,,,
Q65071082,Rema,Calm Down,1873297197,CQLsdm1ZYAw,wikidata,Rema
Q2575113,Remmy Ongala,Kipenda Roho,99268736,xVhd-Ayvf8M,name,Lulu M
Q736099,Renato Carosone,Tu vuo' fa l'americano,1945268597,BqlJwMFtMCs,wikidata,TarAntXon
Q10359400,Renato e Seus Blue Caps,Memórias,15410593,-7o9tqI-qj0,name,Renato E Seus Blue Caps
Q10359386,Renato Teixeira,Deus e Eu No Sertão,96540390,Ldu66lecwVM,name,Renato Teixeira & Sérgio Reis - Amizade Sincera
Q7313342,Rennie Pilgrem,2 Freaks,39186121,b3Q8TBbXH20,wikidata,brokenmeuk
Q7313417,Reno and Smiley,,,,,
Q845084,REO Speedwagon,How The Story Goes,5749036,IDc5eqXMPgo,wikidata,reospeedwagon0910
Q1853330,Repulsion,,,,,
Q1065887,Return to Forever,The Shadow Of Lo,2531920,yNsZ9x5i_-U,wikidata,whatuseeker
Q1627650,Reverend Bizarre,The Devil Rides Out,2131821517,-Vt-Z0u2Tug,name,korpsarr
Q159098,Reverend Gary Davis,Death Don't Have No Mercy,4122135,AiQfhwWcDkk,name,CubeableGame
Q1374215,Rex Allen,,,,,
Q7319236,Rex Lawson,Okina,5698926,,name,
Q46994463,Rex Orange County,Television / So Far So Good,1893468457,NZc__Hhi4L8,wikidata,Rex Orange County
Q7319541,Reynaldo Armas,,,,,
Q432938,Reynaldo Hahn,,,,,
Q35487701,Rezz,Someone Else,919010402,Ox7tI77X4Eg,wikidata,REZZ
Q193174,Rhapsody of Fire,Emerald Sword,486339292,FjpSm1wRuYM,wikidata,sypmetal
Q2735641,Rhoma Irama,Lagu Kenangan,3738244142,cSA3ViGhIR0,name,PT Media Cipta Persada
Q3429882,Rhythm & Sound,King in My Empire,486271442,Damfih85wW8,name,Critical Ears
Q7322526,Ricardo Aguirre,La Grey Zuliana,3778530852,tE0DaYX5ikI,name,Gaita Zuliana
Q13430856,Ricardo Palmerín,,,,,
Q132415,Ricardo Villalobos,,,,,
Q929476,Richard Barrett,,,,,
Q1518141,Richard Chartier,,,,,
Q19646960,Richard Dawson,Lily,1482386882,iO_FzRjmXiY,name,Richard Dawson
Q3430709,Richard Desjardins,Tu m'aimes-tu,3487751331,cnGDs0UHyGc,wikidata,Richard Desjardins and 117 Records
Q13894,Richard Strauss,Thus Spoke Zarathustra,2873313652,,wikidata,
Q539955,Richard Thompson,1952 Vincent Black Lightning,3101855,j0kJdrfzjAg,name,Laurie Girling
Q1511,Richard Wagner,,,,,
Q378876,Richie Hawtin,,,,,
Q7330563,Richie Ray & Bobby Cruz,Sonido Bestial,686084222,BfRkhhODkKA,wikidata,Salsa Power
Q297831,Rick Ross,Stay Schemin,17886974,JWT_wzIG4gY,wikidata,OfficialRickRossTV
Q128799,Ricky Martin,Vente Pa' Ca,132634800,iOe6dI2JhgU,wikidata,Ricky Martin
Q1347095,Ricky Skaggs,Uncle Pen,79876220,CpH8Wu9DbjM,wikidata,TronconesAmigo
Q3543976,Rico J. Puno,Magkasuyo Buong Gabi,667279822,tJ2IOvgKfDE,wikidata,RicoJPunoTV
Q4371,Ride,Leave Them All Behind,63651895,gIsnb1TKYjE,wikidata,RideOfficial
Q2151848,Riders in the Sky,Woody's Roundup,1762533327,VO0fcarweaE,wikidata,Country Road TV
Q220050,Righeira,Vamos a la Playa,383445301,sTsVJ1PsnMs,wikidata,marcos roberto
Q430216,Rigo Tovar,Lamento De Amor,61730890,D94a6tWactE,name,Rigo Tovar
Q36844,Rihanna,Don't Stop The Music,925108,yd8jh9QYfEs,wikidata,Rihanna
Q7334080,Rikki Jai,CSM 20,102526074,u4kr7fdWfhU,name,FIREPOWER FIREWORKS
Q7335050,Rinken Band,Kariyushi Doh,976743762,,name,
Q125510148,Rio da Yung OG,Crooked Elbow,4220455402,1IhiHRFIW1Q,name,Rio Da Yung OG
Q1408267,Riot V,Victory,660711042,pZkUCklg5Bs,wikidata,Nuclear Blast Records
Q246352,Rise Against,Savior,7419123,e8X3ACToii0,wikidata,RiseAgainst
Q3458835,Rita Abatzi,,,,,
Q309725,Ritchie Valens,We Belong Together,682214,SeCpQ6n5YwU,wikidata,DaniGates86
Q943982,Rites of Spring,For Want Of,1717956527,Ra5y1SwQIb8,name,Subscribe84
Q10363097,Riva Starr,Push Your Luck,4200990162,,wikidata,
Q3548093,Rivermaya,Hinahanap-Hanap Kita,13287436,cv54q0tGmaA,wikidata,RivermayaTV
Q1933793,RJD2,Ghostwriter,4563487,rVqAdIMQZlk,wikidata,Kelly Price
Q16234136,RL Grime,come aliv3,3088569911,zQEbq2Lxm14,wikidata,Knock2
Q127303532,RMC Mike,Cross Cuttin (A.T. mixxx),3765915312,,name,
Q7339869,Roaring Lion,,,,,
Q2023435,Rob Haigh,,,,,
Q599443,Rob Hubbard,The Chicken Song,974533122,VKqjrPTblxA,wikidata,EverythingSid
Q3938177,Robbie Basho,Night Way,3978832401,QPe8gLe8OXk,name,russelsheartinacage
Q7340888,Robbie Dupree,Steal Away,671871032,qvvhCzDobRE,wikidata,RHINO
Q2027370,Robbie Jansen,,,,,
Q464534,Robert Charlebois,Ordinaire,63237784,-aqALErFMd4,wikidata,Adam Switzerland
Q455723,Robert Cray,Right Next Door (Because Of Me),877025,jP2EvSNHqh0,wikidata,RobertCrayVEVO
Q333014,Robert Earl Keen,I Gotta Go,13112953,iTINY5haeLo,wikidata,Robert Earl Keen
Q1370642,Robert Glasper,Waiting on Arrival (Flipped by Taylor McFerrin),3509403581,i8e-tHt1-vg,name,Robert Glasper
Q582813,Robert Hood,,,,,
Q18672192,Robert Johnson,,,,,
Q310985,Robert Miles,Children,13190016,DvyCbevQbtI,wikidata,Robert Miles
Q112490531,Robert Natus,French Kiss,1724557297,_Jj0HMrRS98,name,GhostFace
Q129469,Robert Normandeau,,,,,
Q1550716,Robert Randolph & The Family Band,Ain't Nothing Wrong with That,3664402,WrmLialpjG0,wikidata,BluesyGibby
Q1976619,Robert Rich,Bija,2580933472,lgOWsdcWSVc,wikidata,Dohna Queen
Q7351,Robert Schumann,Scenes from Childhood No. 1 Op. 15: Of Foreign Lands and Peoples,512352152,,name,
Q312693,Robert Wyatt,Sea Song,4644840,KgE8qoH_x7s,name,Domino Recording Co.
Q465191,Roberto Carlos,Cama y Mesa,15087678,U644P4v2GF0,wikidata,Roberto Carlos
Q558709,Roberto Goyeneche,Balada para un Loco,13249399,IrG5ernfF88,name,TangoCollection
Q737751,Roberto Murolo,Casa sulitaria,236308,o6ix3JUIjxw,wikidata,Salvatore pirrone
Q7351847,Roberto Parra Sandoval,,,,,
Q470066,Robin S.,Show Me Love,6628158,DMg8LwfXdyc,wikidata,Robin Schulz
Q16231940,Robin Schulz,Sugar,107471416,bvC_0foemLY,wikidata,Robin Schulz and Francesco Yates
Q229445,Robyn,"Talk To Me, Zara",4152098462,Gs3fLt7cUic,wikidata,Robyn and Zara Larsson
Q7353659,Roc Marciano,Quantum Leap,1862208827,87Z2Kds4KPo,wikidata,Al Chemist
Q114562187,Rochy RD,Uva Bombom,1472067322,lsEqmtE9UA0,name,Rochy RD
Q645373,Rockets,,,,,
Q3437970,Rockin' Dopsie,,,,,
Q56074,Rocío Dúrcal,La Gata Bajo la Lluvia,13186750,CSEuKZua1U4,wikidata,Rocío Dúrcal Videos HD SD
Q259152,Rocío Jurado,Como Yo Te Amo,1005242,vpmQQybPiuA,name,Rocio Jurado
Q7356117,Rod Bernard,This Should Go on Forever,65135386,NYc79R4vnrY,name,jthyme
Q7356279,Rod Lee,Dance My Pain Away,736751,uVNASfeQwWo,name,unknownuserXXXXX
Q6110449,Rodolfo Aicardi,Que No Quede Huella,113029396,UrtmrbE0cck,name,Discos Fuentes Edimusica
Q445934,Rodolfo Mederos,Rodriguez Peña,1614848002,-qD9IHOkM6w,name,Tangotrazo
Q714423,Roger Sanchez,Go Again,2959689411,lIbrOnhmb4M,wikidata,Epiphany
Q7359590,Rogério Duprat,Cinderella-Rockefella,80871446,,name,
Q3440096,Roland Hayes,Were You There,15356969,TFOsVxQ_SmY,name,Abandoned Maine
Q69263,Roland Kaiser,Ich werde da sein,3017842021,FlNBc0aPv-s,wikidata,Mein Herz schlägt Schlager
Q3440329,Rolando Alarcón,Si Me Quieres Escribir,68730932,Cb-0IF64qMA,name,sirbon83
Q913194,Roll Deep,Green Light,13464191,1k2D90QtZeE,name,RollDeepVEVO
Q7361393,Rolo Tomassi,Tempest,3606254682,ByTR5OKmVCY,wikidata,Rolo Tomassi
Q74703053,Romain Perrot,,,,,
Q2570042,Romeo Santos,Dardos,3677908682,D6XR9GfBfwY,wikidata,Romeo Santos and Prince Royce
Q1934666,Ron Hardy,Sensation,1600909202,WSpNvS5fa_E,name,Chicagowax
Q1670319,Ron Trent,Altered States,12517146,X0CgkC1PVbw,name,IlustratiiMuzicale
Q331088,Ronald Shannon Jackson,No One Knows Anything,64058231,,name,
Q964002,Roni Size,Brown Paper Bag,2133889207,cwI0gbGEyuI,wikidata,RoniSizeReprazenVEVO
Q2166019,Ronnie Laws,Always There,3286955,ANhb-svKimY,wikidata,SMOTH1PRODUCTIONS
Q4124883,Ronnie Von,O Carpinteiro,910208792,jXepQd3GHRw,name,Nagiba Sandra
Q2166038,Ronny & The Daytonas,,,,,
Q322236,Roosevelt Sykes,Pocketful Of Money,1470208712,RLK_HTXDttI,name,DutchBluesfan
Q28843759,Rosalía,LA FAMA,1685337397,e-CEd6xrRQc,wikidata,ROSALÍA
Q251210,Rosario Flores,,,,,
Q3817217,Roscoe Holcomb,Motherless Children,4408783,,name,
Q466508,Rosemary Clooney,,,,,
Q3442540,Rosenberg Trio,,,,,
Q119265,Rosetta,,,,,
Q60763800,Ross from Friends,Talk To Me You'll Understand,466214272,l2r04_x31Qk,wikidata,Ross From Friends
Q2168041,Rotary Connection,I Am The Black Gold Of The Sun,1408771882,SsY_rRFncGU,wikidata,maxitaxiphone
Q480043,Rotersand,Truth Is Fanatic Again,93010022,,name,
Q2164548,Rotterdam Terror Corps,God Is A Gabber,1044477592,90gV5L9j7GQ,name,Norbert Wende
Q173790,Roxette,It Must Have Been Love,3098301,k2C5TjS2sh4,wikidata,Roxette
Q334648,Roxy Music,More Than This,3088609,kOnde5c7OG8,wikidata,Roxy Music
Q455773,Roy Acuff,Wabash Cannonball,586191,i435ovKX9aE,name,David Mccluskey
Q588551,Roy Ayers,Everybody Loves The Sunshine,549279042,nC9dQOnUyao,wikidata,1mistaGROOVE
Q3445741,Roy Bargy,Justin-Tyme,23311541,7JNp0TA4IXU,name,QB's Music
Q45370,Roy Black,California Blue,6470052,YEGxXcIwZNk,wikidata,BlueSilverstar
Q588392,Roy Brown,Good Rockin Tonight,8017359,cgdzS4OSQ1M,name,TheBluesfan12
Q648750,Roy Hargrove,Strasbourg / St. Denis,885737,1w3FVfkBVTE,wikidata,Tiny Salami
Q365670,Roy Harper,How Does It Feel,461697082,2arCRtfReIo,name,Roy Harper
Q327047,Roy Milton,Big Fat Mama,4490922,yQ4J_2pvj4c,name,Mark Lee Allen
Q367129,Roy Rogers,Tumbling Tumbleweeds,14845220,JQc5gDXQGIs,name,dentedilupo81
Q1131818,Royal Crown Revue,Hey Pachuco,1635456332,ZFzZNidZGEY,name,royalcrownrevue1
Q41556490,RP Boo,Party Motion,96191432,,name,
Q974970,Ruben Rada,Sera Posible,117380890,6pQNuuGxCKo,name,Andres Lorenzon
Q474980,Rubén Blades,Amor y Control,70331590,3U9SAaP9aeg,wikidata,Rubén Blades
Q2719617,Rudimentary Peni,The Cloud Song,1572294822,33Gboad2Hzs,name,OUST49
Q2174541,Rudresh Mahanthappa,Apti,2805776782,75rNPqMTBE0,name,hr-Bigband – Frankfurt Radio Big Band
Q192402,Rufus Wainwright,Hallelujah,1565012,xR0DKOGco_o,wikidata,Clément L
Q349194,Ruhi Su,Gözleyi Gözleyi,82051852,hQS3Kmf6qh8,name,Ada Müzik
Q7378794,Ruins,,,,,
Q159351,Run-DMC,Walk This Way,994702,4B_UYYPb-Gk,wikidata,Run DMC
Q3816143,Rune RK,Grey,132972756,,wikidata,
Q839817,Runrig,Loch Lomond,116812096,RJ7f0HUk8OU,wikidata,AlbinoCola
Q203871,Rush,Tom Sawyer,10303625,auLBLk4ibAk,wikidata,Rush
Q974298,Rusko,Rubix Cube,3170630481,mLg4Uk4mzpg,wikidata,Monstercat Uncaged
Q1746210,Russian Circles,Borehole,4022346971,,name,
Q7382510,Rustie,Attak,81811816,_mO2VcJAkOw,name-ambiguous,RUSTIE
Q144669,Ruth Brown,I Don't Know,672050,toKYrvxHWOY,wikidata,il tetra ignorante
Q3453625,Ruth Marlene,Coisinha Sexy (Coisinha Sexy),70416026,,wikidata,
Q7383955,Ryan Cayabyab,Tsismis,659613262,KlIMir4BKd0,name,Jerieka Nicole Isabella Fernandez
Q734326,Ryan Paris,Dolce Vita,914062362,EXmABxvHTG4,wikidata,ZYXItalo
Q1971542,Ryoji Ikeda,data.microhelix,2283076157,kMlUs86fktA,name,goslowluv
Q1536711,Ráfaga,Mentirosa,654257552,ihrUZRxgef4,name,CumbiaTube
Q193218,Röyksopp,Sordid Affair,89760543,f8JhkiWR114,wikidata,Röyksopp
Q7387465,S. E. Rogie,,,,,
Q108631491,S3fa,,,,,
Q2600118,Sabah,,,,,
Q740159,Sabaton,The Last Stand,679862562,i9BupglHdtM,wikidata,Sabaton and Nuclear Blast Records
Q729933,Sabicas,Milonga Flamenca,682608,1Z68pq46S2k,name,Raul Soares Carneiro
Q7396372,Sabrepulse,Termination Shock,91294716,xS9S9G1SPoY,wikidata,The Comments.
Q2210108,Sabri Brothers,,,,,
Q1070572,Saburō Kitajima,,,,,
Q1884181,Sachiko M,,,,,
Q7888496,Sacramentum,Fog's Kiss,879926572,0GcZS2jI4Rs,wikidata,Century Media Records
Q2210985,Sacrilege,,,,,
Q104771504,Sada Baby,Whole Lotta Choppas,1048020602,tRWpY3TV-j4,wikidata,Sada Baby
Q658182,Sade,Smooth Operator,10686127,4TYv2PhG89A,wikidata,Sade
Q1412964,Saetia,The Sweetness and the Light,126647849,EGIV93s_Wb8,name,Filip Stojiljkovic
Q83499,Safet Isović,Moj dilbere,472625012,UTG7pBsbsTo,wikidata,Safet Isović
Q7399579,Saheed Osupa,,,,,
Q7399791,Sai Htee Saing,,,,,
Q266271,Sainkho Namtchylak,Tuva Blues,16444969,gwRbjGKzNL8,name,Michalis Ziakoulis
Q1430158,Saint Etienne,Spring,4094997,xo4lRv51Hf0,wikidata,Izael de Moura Pereira
Q514336,Saint Vitus,Dying Inside,5066289,ERezo62ftQs,wikidata,The Voidchaser
Q7403497,Salakavala,,,,,
Q3294502,Salawa Abeni,,,,,
Q1743088,Salem,Fall Out Of Love,1622199412,ZJtw7Aec21A,name-ambiguous,Salem
Q313318,Salif Keita,Yamore,956264472,03gGSEd_mbg,wikidata,The Real Salif Keita
Q183260,Saltatio Mortis,Staub & Schatten,4247426211,,wikidata,
Q123982943,salute,Peach,2185659677,28QtOdrgNGM,name-ambiguous,salute
Q1545232,Sam & Dave,"Hold On, I'm Comin'",687923,Go6wGFKBh9k,wikidata,The Midnight Special
Q295919,Sam Cooke,A Change Is Gonna Come,9938661,wEBlaMOmKV4,wikidata,Sam Cooke
Q20972330,Sam Feldt,Need That Love,4242036762,,wikidata,
Q736281,Sam Mangwana,Fati Mata,16300042,JC3EOZjTeYc,wikidata,Duke 254 tv
Q44841,Sam Rivers,Say Peace,3501941,,name,
Q7756866,Sam the Sham & the Pharaohs,,,,,
Q2164812,Samhain,,,,,
Q558226,Sami Yusuf,Hasbi Rabbi,64209465,cMmcuGO0uCM,wikidata,Sami Yusuf - Spiritique
Q965493,Samla Mammas Manna,Dundrets fröjder,2863261802,gwouLphkxiA,name,psychedeloo
Q7409698,Sammy Adams,L.A. Story,67466453,tV4Q5dpq8ww,name,SammyAdams
Q2217509,Sammy Kaye,Harbor Lights,1179260902,yt5O5NlLehA,name,The78Prof
Q549233,Samuel Hui,,,,,
Q21621487,San Holo,Light,141822553,uOFTqVi-qp4,wikidata,SAN HOLO
Q252893,Sander van Doorn,Gold Skies,465809482,UwsY_foobEw,wikidata,Spinnin' Records
Q2745548,Sandi Patty,Via Dolorosa,134353864,TO3tH2EcBEY,wikidata,Sandi Patty
Q1529927,Sandy & Papo,La Hora De Bailar,7878496,FuxgQu6fR2Y,name,DJ ESCARCHE
Q3948333,Sandy Bull,Last Date,3282297,,name,
Q1833753,Santa Esmeralda,Don't Let Me Be Misunderstood,11567131,uvXeeus94GY,name,TopPop
Q88296934,Saor,Amidst the Ruins,3049024201,uVIFEwa9JZg,name,Season of Mist
Q664871,Saosin,Just Be Honest,4229783272,46MYLbjKmGI,wikidata,SUMERIAN and SAOSIN
Q9074523,Sara González Gómez,,,,,
Q151814,Sarah Brightman,Harem (Cancao Do Mar),3282528,g736k_Q7kCI,wikidata,In The Zone Con Eduardo
Q229513,Sarah Vaughan,Tenderly,5599736,qhs99XoPmLA,wikidata,vladimirsmartins
Q176546,Sarcófago,"Crush, Kill, Destroy",85497776,sAgde9WWrVI,wikidata,Marc Lee
Q466767,Sarit Hadad,כשהלב בוכה,560496332,bBCIefOfUKY,wikidata,SaritHadadOfficial
Q3473629,Sarke,Phantom Recluse,2737825821,P25y6rmbdao,wikidata,Soulseller Records
Q7424230,Sarkodie,Chingam,3425724681,B61AXd72R1k,wikidata,Sarkodie
Q159233,SASH!,Ecuador,133204794,9cQlVww0zKo,wikidata,Altra Moda Music
Q556024,Sasha,Xpander,995732,2qXqaZGrP2g,wikidata,gapi27
Q7425068,Sasha & John Digweed,,,,,
Q96187424,Satoshi Ashikawa,Landscape Of Wheels,752855532,IMn1qGBc_co,name,yaoiboi92
Q335352,Satyricon,K.I.N.G,585531472,xKuLSL1bZw4,wikidata,Satyricon
Q4354163,Savage,,,,,
Q1165867,Save Ferris,Come on Eileen,1014820,QvnReMC5_9o,wikidata,Henry Villanueva
Q1753105,Saves the Day,Shoulder to the Wheel,16002304,BahGq5TJ0qc,wikidata,Saves The Day
Q1707816,Savoy Brown,Hellbound Train,2306030,qlqqeobOJvg,name,Davebritbrat
Q504090,Saxon,,,,,
Q13022627,Sayan Sanya,,,,,
Q1065709,Sayuri Ishikawa,,,,,
Q1518508,SBTRKT,Wildfire,12292186,ZdUINbi4wSY,wikidata,Young
Q54887666,Scarlxrd,SI SOLTA,4294881402,7XAL20RJq8Q,wikidata,LXXRD1
Q708220,Schandmaul,Der Teufel...,98643804,Lka-2-5BVzM,wikidata,Schandmaul
Q1395950,Schoolly D,P.S.K. 'What Does It Mean'?,13198610,m1mn9m_1h5U,wikidata,SchoollyDVEVO
Q898207,Scientist,,,,,
Q464109,Scissor Sisters,I Don't Feel Like Dancin',3168145421,4H5I6y1Qvz0,wikidata,Scissor Sisters
Q156255,Scooter,Nessaja,2168791207,OGv1ZaUe-wQ,wikidata,Scooter
Q124147,Scorpions,Still Loving You,14299463,7pOr3dBFAeY,wikidata,Scorpions
Q67311,Scot Project,H2 (Steal Your Heart),3882585271,XmUFfTXQtWk,name,Scot Project
Q2260725,Scotch,,,,,
Q933673,Scott Brown,Taking Drugs?,16232945,72WxCSwBjl0,name,SlavicStudios
Q3106145,Scott Herren,,,,,
Q191499,Scott Joplin,The Entertainer,143889612,7cFkae0j_Ns,name,chocotiger
Q488603,Scott Walker,If You Go Away,67814817,13zUxbg3w4U,wikidata,Melodia
Q951819,Scratch Acid,Greatest Gift,3223021191,eFUykAcj5j8,name,E.Z. Music
Q1411035,Screaming Trees,Nearly Lost You,13177932,PE5f561Y1x4,wikidata,ScreamingTreesVEVO
Q570025,Screeching Weasel,I Can See Clearly,145634250,Pyh_V8L40TU,wikidata,MyOnlyMine
Q473784,Seabound,Hooked,1978801497,hVMdpMqZNyI,wikidata,Lakanman
Q763765,Seals and Crofts,Diamond Girl,760295,U8unmD6tmgk,wikidata,Chris' Lyrics
Q200577,Sean Paul,(When You Gonna) Give It Up to Me,3957322,f84PvI_xe8k,wikidata,Chroma Lyrics
Q693671,Sean Tyas,Momentum,1350829832,08Cf1yN6bGY,name,VII
Q1467927,Sebadoh,License to Confuse,1137158862,mTJp1o_RRDc,name,seixipeht
Q734098,Sebastian,Embody,11272924,awtiZEiiAE8,wikidata,Ed Banger Records
Q3954017,Secondo Casadei,Romagna mia,4078014411,ljoS4Bjdnx4,name,Casadei Sonora Official
Q3954067,Secret Affair,Time for Action,1056387,oZCOwnMEVvE,name,Secret Affair Official
Q187576,Secret Garden,Nocturne,504219992,y5beWOIecS4,name-ambiguous,Secret Garden - Official
Q65117623,SeeYouSpaceCowboy,,,,,
Q284007,Seiko Matsuda,Aoi Sangosho,976075122,z9cEDAh2L6Q,name,𝔸𝕪𝕦Kb0om!!
Q284488,Seka Aleksić,Umri do zore,3006845671,DrnbXvk0ZQk,wikidata,Seka Aleksić
Q455536,Selda Bağcan,Öyle Bir Yerdeyim ki,6141622,q2pAZpRLhJk,wikidata,Selda Bağcan
Q23543,Selena,Amor Prohibido,5422287,dvfZ95ueOcQ,wikidata,Selena
Q10369763,Selma do Coco,,,,,
Q3525273,Semmangudi Srinivasa Iyer,,,,,
Q1474339,Senses Fail,Buried a Lie,3785290312,dUXZfybUbCM,wikidata,Senses Fail
Q7451036,Sensient,Tropicana,14432723,7eBA26h787U,name,MazeBass1
Q952468,Sentenced,Nepenthe,680599312,j55oEnYKhVM,wikidata,Century Media Records
Q488973,Seo Taiji and Boys,,,,,
Q2448688,Seosamh Ó hÉanaí,,,,,
Q7451749,Sepalcure,Hold On,78143983,ruMifYOkSec,name,Hotflush Recordings
Q2271794,Septeto Nacional,Mueve la Cintura,63114639,8HNFQJ-8sHo,name,Cultura Sonora
Q239074,Sepultura,Roots Bloody Roots,717542,F_6IjeprfEs,wikidata,Roadrunner Records
Q19629991,Serge Beynaud,C'est dosé,1706371417,lvCCqkkweyw,name-ambiguous,Serge Beynaud
Q1698,Serge Gainsbourg,Je suis venu te dire que je m'en vais,89077407,6RAJdafk1Y8,wikidata,SANDRINE SUNSET
Q117477492,Serge Lebrasse,,,,,
Q49481,Sergei Prokofiev,,,,,
Q131861,Sergei Rachmaninoff,,,,,
Q1054527,Sergio Bruni,Scetate,2076176437,d-4boicT3vU,name,chioveazeffunno Sergio Bruni
Q2273190,Sergio Vargas,La Ventanita,13271089,95Wcl9ucitM,wikidata,Sergio Vargas
Q193534,Sertab Erener,Olsun,124448368,_v98All94pc,wikidata,Sertab Erener
Q2274674,Set Your Goals,summer jam,378319151,zcvHZBTiG5k,name,Epitaph Records
Q953450,Seu Jorge,Amiga da Minha Mulher,3261211561,NSB8CxJif5M,wikidata,RW7 Production & Entertainment
Q3111214,Seun Kuti,DJB,4236376042,_7YYmHfrWx8,wikidata,Seun Anikulapo-Kuti
Q14949098,Seven Lions,Not Even Love,2704435852,Tjpi4eG1Lg0,wikidata,Seven Lions
Q23786494,Seven Minutes of Nausea,,,,,
Q82545,Sex Pistols,Lonely Boy,33256951,VRHCNU9M3uI,wikidata,Carlos Carlos
Q3479012,Sexteto Habanero,"Rosa, Que Linda Eres",11459928,9w8allDkIlQ,name,bohemia y montuno
Q298139,Sezen Aksu,Ey Aşk,3427050791,rYJjgfCfBOU,wikidata,Sezen Aksu
Q2920703,Shaaban Abdel Rahim,,,,,
Q3346448,Shaan,,,,,
Q3481131,Shabazz Palaces,Jheri Curl Jump,4202404712,Pd9TGn7c8AE,wikidata,Shabazz Palaces and Sub Pop
Q711260,Shabba Ranks,Mr. Loverman,623627,AcyGovsbQNI,wikidata,Enhanced Music Videos
Q3943924,Shadmehr Aghili,Bi Ehsas,933672722,mun0xn7pIN4,name,Real Shadmehr - Official
Q1353720,Shadows Fall,The Light That Blinds,108628768,Qusz5TmXWQQ,wikidata,Century Media Records
Q310763,Shaggy,Hey Sexy Lady,502768092,Gcg__eDktgY,wikidata,shaggymedia
Q13059796,Shah Abdul Karim,,,,,
Q1771734,Shahram Nazeri,Andak Andak,1866735987,6YRl4dX5JkA,name,mirani3gs
Q34424,Shakira,Dai Dai,4015341011,fcnDmrtj6Sk,wikidata,Shakira and 2 more
Q1565745,Shakti,,,,,
Q1329167,Shalamar,,,,,
Q959100,Sham 69,If The Kids Are United,1495951572,2GQMIXGRjaw,wikidata,tes74
Q131433,Shania Twain,You're Still The One,731732292,KNZH-emehxA,wikidata,Shania Twain
Q2277022,Shanks & Bigfoot,,,,,
Q15730804,Shannon,BOUGE,4052853541,b908TrbUBaM,name-ambiguous,Shannon fwi
Q1539810,Shape of Despair,Quiet These Paintings Are,2137168787,ckYaFdZ61BE,wikidata,Eternal Woods
Q135037603,Sharkey,Sessions,698378922,8kA8rcKGSFc,name,Wicked Chill
Q3288013,Sharon Jones & The Dap-Kings,This Land Is Your Land,1080171172,XQ78uDio_ao,wikidata,DaptoneRecords
Q7489953,"Sharon, Lois & Bram",Susannah's A Funny Old Man,2049138307,9hU0_Y0zLxs,wikidata,"Sharon, Lois & Bram"
Q6554860,Shazza,,,,,
Q20088184,She Past Away,Mizantrop,3782458092,tL_EIneMByU,wikidata,ShePastAway
Q99386320,Sheff G,Weight On Me,941616562,z9a3pXKvNTE,name-ambiguous,Sheff G
Q261489,Sheila,Spacer,740773,xeRfywfkd8o,wikidata,Sheila Officiel
Q250905,Sheila E.,A Love Bizarre,678356,56gpwl6cohc,wikidata,FrancoisForceFunk
Q200586,Sheryl Crow,All I Wanna Do,922014,ClbmWkbocoY,wikidata,Sheryl Crow
Q126415337,Shimza,Fire Fire,3387508571,UqbF1-hbjzs,name,Helix Records and SHIMZA
Q490146,Shin Seung Hun,Reunion,2594717482,x3YvcZ-DJq4,name,ElyDha Subs
Q3482190,Shinehead,Jamaican in New York,760630,0d1bbYhoyLg,wikidata,VIDEO HITS
Q1530667,Shining,Längtar Bort Från Mitt Hjärta,205707,RzpU_D-AVD0,wikidata,AesopTwin
Q7498714,Shirley Caesar,Strong Man,134498438,YJ6UaT0i61k,wikidata,allen freeman
Q528937,Shirley Collins,,,,,
Q2633283,Shitdisco,Dream Of Infinity,2458912765,az7UWlV_egM,name,Tagir V
Q3482391,Shitmat,More Fire,71544299,_u1hv3JagJs,name,BREAKCORE FM
Q16019173,Shiyani Ngcobo,,,,,
Q3137013,Shizuko Kasagi,,,,,
Q539711,Shobha Gurtu,,,,,
Q588382,Shocking Blue,Venus,60703394,dBjWwGYxcnU,wikidata,Shocking Blue
Q7502608,Shotts and Dykehead Pipe Band,,,,,
Q837482,Shoukichi Kina,Subete No Hito No Kokoro Ni Hanna O,12516465,,name,
Q1067714,Showtek,Booyah,1451459162,QCyIY10KBnk,wikidata,Spinnin' Records
Q1134411,Shpongle,How the Jellyfish Jumped up the Mountain,69141646,8oL6u9eujSU,wikidata,Psybrations
Q5851484,Shut Up and Dance,,,,,
Q720649,Shy FX,Soon Come,444534312,rW-AHPZ5YEM,wikidata,SHY FX
Q27817063,Sianvar,Anticoagulant,3725504372,xu1CHih1vw4,name,Blue Swan Records
Q7507373,Sic Alps,Cement Surfboard,480918812,rH4Pf9M9o4o,name,David Harris
Q23063230,Sid Hemphill,Arkansas Traveler,64712711,,name,
Q3595120,Siddheshwari Devi,,,,,
Q313519,Sidney Bechet,,,,,
Q715853,Sidney Samson,The Officer,461634182,or3tw1jbefM,wikidata,Spinnin' Records
Q459524,Sieges Even,Sequence V: Blue Wide Open,2123822697,ZWAq5RYUhF0,name,bassman675
Q1382642,Sigh,,,,,
Q483828,Sigur Rós,Untitled #9 (Smáskífa 1),621238582,_FFT4JYJB9E,wikidata,Sigur Rós
Q7514167,Silas Hogan,Dark Clouds Rollin',111405934,CFjzjwQ7eC8,name,Midnight Rambler
Q2733776,Silencer,,,,,
Q5117995,Silk Route,Dooba Dooba,124184442,ecPMVO7JuTo,name,SonyMusicIndiaVEVO
Q116042025,Silvanno Salles,Quebrou a Cara,1777326007,GhH7CIVW1zs,wikidata,Silvanno Salles Oficial
Q687866,Silver Apples,Lovefingers,130412274,Vp_0-9wJyeM,name,The Vocoder
Q116702131,Silver Bullet,20 Seconds to Comply,3111297,0InSlbNakOs,wikidata,Glam King
Q125533,Silver Convention,Fly Robin Fly,11787290,wC_kCnm3GYQ,wikidata,TopPop
Q157327,Silverchair,Ana's Song (Open Fire),858629,zNK_r2QAXAo,wikidata,Silverchair
Q638286,Silverstein,Smile In Your Sleep,1286105002,mgtaRbx4pPQ,wikidata,Silverstein
Q248353,Silvestre Dangond,Las Locuras Mías,1111735572,LqKscPDW8Y0,wikidata,Silvestre Dangond
Q377956,Silvio Rodríguez,Ojalá,3282079551,A35fVmGaf4g,wikidata,Silvio Rodríguez
Q484918,Simon & Garfunkel,El Condor Pasa (If I Could),13174765,i6d3yVq1Xtw,wikidata,Simon & Garfunkel
Q7518805,Simon Fraser University Pipe Band,,,,,
Q373057,Simon Posford,The New Normal,994443832,,name,
Q339430,Simply Red,Holding Back the Years,2477001,yG07WSu7Q9w,wikidata,Simply Red
Q2519623,Simón Díaz,Despedida,842061522,NTJQnzZwHwA,name,Frank Perez
Q111058603,Sinden,,,,,
Q1647843,Sindo Garay,La Tarde,853593712,DSlc6WC3lPE,name,Reinaldo Adrian
Q323834,Siouxsie and the Banshees,Cities In Dust,624844682,wsOHvP1XnRg,wikidata,Siouxsie And The Banshees
Q371508,Sippie Wallace,Devil Dance Blues,2079770,wRASFx-klto,name,Traveler Into The Blue
Q1431360,Sir Douglas Quintet,She's About a Mover,3790447742,XboE3_7KZ3Y,wikidata,King Vidiot
Q2563698,Sir Lord Baltimore,Master Heartache,390611431,wQSz64rU9mM,name,Headknot
Q3510184,Sir Shina Peters,,,,,
Q42291385,Sissy Nobby,Gitty Up,77210764,nKt2G6OVU54,name,sissy nobby
Q438106,Sister Rosetta Tharpe,Rock Me,805075132,p9JezItjWIU,wikidata,Manos proposes
Q1775216,Siti binti Saad,Baba Pakistani,1365564882,,name,
Q539833,Sivuca,,,,,
Q642730,Six Organs of Admittance,Elk River,12010202,yuYbzlC8ihE,name,SoulAuctioneer
Q2456997,Skazi,Hit 'N' Run,388247251,dY9s5sqgIno,wikidata,SKAZI ASHER SWISSA
Q292412,Skeeter Davis,The End of the World,956496,sonLd-32ns4,name,TheOldrecordclub
Q164446,Skepta,That's Not Me,134774926,_xQKWnvtg6c,wikidata,3 Beat
Q981397,Skepticism,The Swan and the Raven,1391201912,05rjYI8hom8,wikidata,The Svart Records Channel
Q42224353,Ski Mask the Slump God,Save The Day,602456622,NC7KkLAVLFk,wikidata,VIBE
Q374747,Skillet,Monster,4116951,1mjlM_RnsVE,wikidata,Atlantic Records
Q1523075,Skillet Lickers,,,,,
Q966231,Skinless,,,,,
Q371535,Skinny Puppy,Assimilate,1725209217,GTtzB17SKwQ,wikidata,Sanctuary
Q380289,Skip James,,,,,
Q1809773,Skitsystem,Stigmata,1351188,MyuqjtBPocY,wikidata,serigrapunk
Q734062,Skream,Otto's Chant,688488242,ONyYUadRZTM,wikidata,Solid Grooves Records
Q19004,Skrillex,Make It Bun Dem,25746431,BGpzGu9Yp6Y,wikidata,Skrillex
Q1339778,Skyclad,Anotherdrinkingsong,10110904,g6wCH-VFh68,wikidata,Skyclad [Official Channel]
Q18158295,Skylar Spence,Private Caller,69764667,,wikidata,
Q646170,Skyy,Here's to You,488518032,Ea1TFx3HIL8,wikidata,Simon Ambler
Q7390721,SL2,On A Ragga Tip,104366936,gXCN1DhHTZA,name,Slipmatt
Q156872,Slade,Far Far Away,4095661531,G76pMAgNZNI,name-ambiguous,Slade
Q683397,Slavko Avsenik,,,,,
Q131231,Slayer,Raining Blood,65690449,,wikidata,
Q1891322,Sleater-Kinney,Dig Me Out,1137094992,c620wBEOqLE,wikidata,NPR Music
Q98740205,Sleepy Hallow,ANXIETY,2444401025,AkUeD0kzWaI,wikidata,Sleepy Hallow
Q2617421,Sleigh Bells,Rill Rill,1563313672,FMZJE7Hsdx4,wikidata,Mom+Pop Music
Q3486668,Slightly Stoopid,Closer to the Sun,102947646,b-ZfcqUczXc,name,ryan madison
Q3486681,Slim Cessna's Auto Club,This Is How We Do Things In The Country,92260448,DJm2yEQo4aU,wikidata,TheUndead87
Q731231,Slim Harpo,I'm Your Bread Maker Baby,613093022,12UeZR4tR8w,name,Mr Kleeg
Q512592,Slim Thug,Thug,66026012,txBW-s7DBno,wikidata,Slim Thug
Q1928449,Slim Whitman,A Fool Such As I,638507492,W42fEyMFGiI,name,wim pas
Q578979,Slint,"Good Morning, Captain",125953479,XBE2EUT34aY,wikidata,matt00092
Q254138,Slipknot,Duality,3819908,6fVE8kSM43I,wikidata,Slipknot
Q1502037,Slowdive,When the Sun Hits,2246294,MKYY0IlTMw4,wikidata,Slowdive Official
Q1133807,Sly and the Family Stone,Everyday People,534508,YUUhDoCx8zc,wikidata,Sly & The Family Stone
Q7542670,Small Black,Boys Life,107827652,p8bswaJma_M,wikidata,Small Black
Q222628,Small Faces,,,,,
Q140667207,Smart E's,,,,,
Q1201400,Smile.dk,Butterfly,3267608,vjzch7b5Z4s,name,Smile Dk
Q708922,Smiley Lewis,"She's Got Me Hook, Line and Sinker",1563730742,O8Inh9WI77k,name,The45Prof
Q42211709,Smokepurpp,Prom Queen,1477825842,QdECMdg63Fk,wikidata,smokepurpp
Q310332,Smokey Robinson,Cruisin',80276746,Gx77P0VH6FA,wikidata,Smokey Robinson
Q55955701,Snail's House,Hot Milk,373959721,N8nGig78lNs,wikidata,Ujico*/Snail's House
Q705689,Snap!,Rhythm Is a Dancer,3785942552,JYIaWeVL1JM,wikidata,SNAP!
Q7547407,Snarky Puppy,While We're Young,610847502,YMdckRq9SPg,wikidata,First Row Dude
Q1754009,Sneaker Pimps,Bloodsport,134113164,-YHiYaBqgZc,wikidata,HanselMar5
Q7547506,Sneaky Feelings,Husband House,97952792,okYMUMEYQVo,name,Flying Nun Records
Q2468145,Snooks Eaglin,Saint James Infirmary,4408835,F38mvuUYhK0,name,spiros kakos
Q6096,Snoop Dogg,"Young, Wild & Free",14954267,Wa5B22KAkEk,wikidata,Wiz Khalifa
Q188407,Snow Patrol,Open Your Eyes,2277698,fk1Q9y6VVy0,wikidata,Snow Patrol
Q1668351,So Solid Crew,21 Seconds,657188952,g7VhofoV3qs,wikidata,So Solid Crew
Q464204,Sofia Jannok,THIS IS MY LAND (sápmi),864588302,,wikidata,
Q43137,Sofia Rotaru,Одна калина,3891486831,,wikidata,
Q1329303,Soft Cell,Tainted Love,4255662,XZVpR3Pk-r8,wikidata,Soft Cell
Q729505,Soft Machine,The Floating World,1686936177,bjhdbwYvgPk,wikidata,DESI9NERS
Q257615,Soilwork,Distortion Sleep,668831792,m4kF43L1gFc,wikidata,Kamil B
Q1971254,Sol Invictus,,,,,
Q3964188,Solange,Losing You,1947524347,Hy9W_mrY_Vk,name-ambiguous,solangeknowlesmusic
Q2658292,Solar Fields,Introduction,677332002,CI3SCOCBi_w,name,RETETS
Q457652,Solarstone,,,,,
Q27817130,Solid Space,Tenth Planet,440358682,ywBuioCiSds,name,DoguraMaguraTunes
Q2139942,Solitude Aeturnus,Dream Of Immortality,553010632,73jgk8_XiWY,name,Heavyspheres
Q49888,Solomon Burke,,,,,
Q775883,Solomon Linda,,,,,
Q109312907,Solstice,,,,,
Q1543137,Something Corporate,Punk Rock Princess,2420662,GX0uEs3I6TA,wikidata,Something Corporate
Q7560616,Son de Madera,Los chiles verdes,2782067692,75QPFSAPMOY,name,Oscar Quintana
Q352999,Son House,,,,,
Q1424828,Son Volt,New Born Soul,4105983681,vcSWxf9_CE4,wikidata,lumaz71
Q773793,Sona Jobarteh,Gambia,1929650677,PtmmlOQnTXM,name,Sona Jobarteh
Q625547,Song Dae Kwan,,,,,
Q188626,Sonic Youth,Kool Thing,912072,SDTSUwIZdMk,wikidata,Sonic Youth
Q7562018,Sonny Chillingworth,Moe 'Uhane (Dream Slack Key),2581024342,I7xWXFWymOc,name,Hawaiian Slack Key
Q299208,Sonny Rollins,,,,,
Q59149232,Sonny Terry & Brownie McGhee,,,,,
Q2414335,Sons of the Pioneers,,,,,
Q18161827,Sophie,VYZEE,1054951702,KXdRl6Ml37I,wikidata,Numbers.
Q152520,Sophie Tucker,The Man I Love,485036272,Uh8SlsRbkVc,name,The Portable Gramophone Emporium
Q545686,Sopor Aeternus & the Ensemble of Shadows,Death Transmission - Opening Titles,3579825481,,wikidata,
Q7563397,Sore Throat,A Bow To Capital,70990600,MbkIbHb7rDE,name,barcodellllllllllll
Q2801238,Sorriso Maroto,Perdas e Danos,4057672971,S8gr1n5Vr3s,wikidata,Sorriso Maroto
Q1395666,Sotiria Bellou,De Les Kouventa,104852350,,name,
Q977786,Soul II Soul,Back To Life,3125988,TB54dZkzZOY,wikidata,SoulIISoulVEVO
Q313080,Soulja Boy,Crank That (Soulja Boy),909969,8UFIYGkROII,wikidata,Soulja Boy
Q3491728,Soum Bill,L'un pour l'autre,3736731,YRUFLJSlgos,wikidata,DJADJA 2 FOULE
Q65169266,Sound Rush,Stay With Me,3440552151,3o9zmq8M9W4,wikidata,Q-dance Music
Q3307281,Sound Tribe Sector Nine,World Go Round,2343862295,j31Ki4t8Yu4,wikidata,STS9
Q174817,Soundgarden,Black Hole Sun,78631539,3mbBbFH9fAg,wikidata,Soundgarden
Q3080711,South Park Mexican,Dope House Family,64070192,7uX_OdDrqWs,name,Dope House Records
Q1378545,Southern All Stars,,,,,
Q4049828,Southern Death Cult,Fatman,620486552,5owM5EitjhQ,wikidata,defidepetri
Q11950306,Soweto,,,,,
Q2306265,SpaceGhostPurrp,,,,,
Q1191761,Spacemen 3,Lord Can You Hear Me?,487950942,KLVjB7SI9KA,wikidata,Space Age Recordings
Q366469,Spade Cooley,Oklahoma Stomp,3874709861,D14M9uW5sF0,name,Will Adams
Q16011,Spandau Ballet,True,3130319,AR8D2yqgQ1U,wikidata,Spandau Ballet (Official)
Q1344131,Sparks,When I'm With You,433796642,TVTH7OsNbhs,wikidata,S P A R K S
Q5554341,Spazz,,,,,
Q66054,Special D.,,,,,
Q7575024,Specimen,,,,,
Q705015,Speedy J,,,,,
Q1277055,Spice 1,The Murda Show,13251043,h5Bdmle6CS8,wikidata,Spice 1
Q622636,Spike Jones,Monster Movie Ball,79657506,WulY3A2ngPA,name,DJtheFooligan
Q1432107,Spiral Tribe,Forward The Revolution,2234739977,c9FG-WrT8co,wikidata,El Gato Marino
Q1144015,Spiritualized,Soul On Fire,2471349541,s9hunPhi768,wikidata,Spiritualized
Q1788002,SPK,Metal Dance,43791661,cWOvVuZ6HuQ,name,pinkstrumpet
Q538465,Spliff,Carbonara,582479,A1cMbolFc-A,wikidata,Schlagermusikgirl2
Q2311993,Spokes Mashiyane,Kalla's Special,3340202281,,name,
Q2312109,Spontaneous Music Ensemble,,,,,
Q3966988,Spoonie Gee,Spoonin' Rap,1883524237,bxN1xrLRvGU,wikidata,OfficialEastCoastRap
Q1892509,Spyro Gyra,Morning Dance,1586982012,bVDZ5UY_oDw,wikidata,Spyro Gyra Official Channel
Q18690241,Squaremeat,,,,,
Q553861,Squarepusher,Midi Sans Frontieres (Avec Batterie),895093822,X_k2lih0T6U,wikidata,Squarepusher
Q1817585,Squirrel Nut Zippers,Hell,129634398,yS2IBMQIjDo,wikidata,gradycooper
Q612068,St Germain,Sure Thing,35946871,zMM044eL56c,wikidata,StGermain
Q238795,St. Vincent,Los Ageless,416171072,h9TlaYxoOO8,wikidata,St. Vincent
Q939556,Stabbing Westward,Save Yourself,624910,5NZsCYOM4j0,name,StabbingWestwardVEVO
Q502142,Stahlmann,Der Schmied,90598839,FyzjVuxlPME,wikidata,Christian Nocke
Q266496,Staind,It's Been Awhile,3611374,araU0fZj6oQ,wikidata,Staind
Q30587,Stan Getz,,,,,
Q3496491,Stan Hugill,,,,,
Q315780,Stan Kenton,The Thrill Is Gone,10427289,QI3_L3ZUFGA,wikidata,Classic Mood Experience
Q3496799,Stanley Beckford,Israelites,605631822,jxACGtSmPbY,name,lexmendi
Q7600283,Stanton Warriors,Get Up,96498546,B44aEUawQM0,wikidata,Stanton Warriors
Q7600720,Star Fucking Hipsters,Two Cups of Tea,1645604492,h-KoReUJyeY,name,TaSunkaZappa
Q912800,Stars of the Lid,"Articulate Silences, Pt. 1",62319141,RkUa7cZwIew,name,𝘣𝘢𝘪𝘯 𝘥𝘦 𝘴𝘰𝘭𝘦𝘪𝘭
Q1051417,Starsailor,Four to the Floor,3097497,d0votplOm8E,wikidata,Starsailor Official
Q491892,Static-X,The Only,3885775,sAsF37XB_kA,wikidata,staticx1122
Q322265,Status Quo,Rockin' All Over The World,2718504,Yw_sJifUYgM,wikidata,OfficialStatusQuo
Q1347993,Stavros Xarchakos,,,,,
Q4167927,Steam Powered Giraffe,Honeybee,34174221,ojYK6CW8gdw,wikidata,Steam Powered Giraffe
Q179652,Steel Panther,Gloryhole,1412670722,diYS8jyOcFc,wikidata,Steel Panther
Q1542680,Steel Pulse,Your House,672793,LRxYg_20oPg,name,Vivian Vintage Melodies 
Q1413921,Steeleye Span,Gaudete,1787553367,bTbq2pPLW6I,wikidata,Chrysalis Records
Q852435,Steely Dan,Do It Again,1987726127,aQnW-MxAU6U,wikidata,Dixie Blue
Q106395,Stefan Mross,,,,,
Q548168,Stefanie Hertel,So a Stückerl heile Welt,3802985772,oh0jS18ztmw,wikidata,VHS-Goldie
Q737903,Stelios Kazantzidis,Den Tha Xanagapiso,409476402,,name,
Q75361,Stephan Bodzin,Singularity,99272940,AaxFuXpcQmE,wikidata,STEPHAN BODZIN
Q305202,Stephen Foster,,,,,
Q334652,Stereolab,Cybele's Reverie,355425561,0JgxATTtROs,wikidata,Stereolab
Q524953,Steve Coleman,Cerebellum Lean,1378690912,0Uk82CycTaE,wikidata,Stefano Leonardi
Q781634,Steve Earle,The Galway Girl,371707621,mee5eb8eyJ4,wikidata,AJs Lyrics
Q1388088,Steve Hurley,,,,,
Q262791,Steve Reich,,,,,
Q3499085,Steve Riley and the Mamou Playboys,,,,,
Q714470,Steve Roach,Mica,2582427912,T5fwh_ekdis,name,moraLess
Q7613783,Steve Roden,,,,,
Q2000598,Steven Curtis Chapman,Cinderella,3139752,nrWMBC6yoME,wikidata,Steven Curtis Chapman
Q3512059,Steven Halpern,,,,,
Q1333817,Stevie B,Spring Love,12412221,DsQtMK4P9Rg,name-ambiguous,Stevie B Oficial
Q202937,Stevie Ray Vaughan,,,,,
Q714,Stevie Wonder,Part-Time Lover,24967291,74mL5f7tr5w,wikidata,Video hits
Q19881943,Stolas,,,,,
Q3106906,StoneBridge,,,,,
Q7619416,Stoney LaRue,Oklahoma Breakdown,106834126,Qs0xJq5GK4M,wikidata,Eric Raines
Q519031,Stormtroopers of Death,,,,,
Q20055659,Stormzy,Own It,812034302,eYwbGaSurCQ,wikidata,Stormzy
Q7621157,Straitjacket Fits,She Speeds,103845750,OMIddxUAAQw,name,Flying Nun Records
Q1345932,Strapping Young Lad,Love?,108637570,LeG-6bpeUkA,wikidata,Century Media Records
Q7622239,Stratos Dionysiou,,,,,
Q201207,Stratovarius,Hunting High And Low,3794159792,kG4uQ6Tk7fY,wikidata,Stratovarius Official
Q1161663,Stray Cats,Stray Cat Strut,15717205,mbAyj1h9vI0,wikidata,Stray Cats
Q4353806,Streaplers,Havets melodi,679624362,QEpDXiPTyZU,wikidata,schlagerstudion
Q1382101,Streetlight Manifesto,The Three of Us,357693741,CnqATD8iU28,wikidata,9musics.com
Q951170,Strike Anywhere,Refusal,378424721,NOe_jh6nGCs,name,StrikeAnywhere4Life
Q2303544,Strung Out,Analog,3471929651,Kx0FchKW4Zc,name,Strung Out
Q1052564,Stryper,Throne of Thorns,4064567241,vYVVLGiWdO4,wikidata,The Official Stryper Channel
Q1489237,Stuck Mojo,Mental Meltdown,108599992,paajMRwvslc,name,Century Media Records
Q16736403,Sturgill Simpson,Breakers Roar,122387860,sg209CadVQM,wikidata,Johnny Blue Skies
Q206244,Stéphane Grappelli,You'd Be So Nice To Come Home To,1163826,,wikidata,
Q1848854,Sub Focus,Solar System,716493872,TUebWv_QXCM,wikidata,Sub Focus
Q2141308,Subhumans,,,,,
Q591691,Sublime,Santeria,127245051,AEYN5w4T_aM,wikidata,Sublime
Q73882406,Subtronics,Black Ice,2605115242,uA05p1Z7Z1U,wikidata,Subtronics
Q7632349,Suburban Lawns,Janitor,130850862,UYLb4Zxl3Yc,name,Dead Chaotic
Q655629,Subway to Sally,Räuber und Narren,3623572362,5u53rhLONFA,wikidata,Napalm Records
Q22129264,Suchmos,STAY TUNE,1575730852,PLgYflfgq0M,wikidata,SPACE SHOWER
Q826255,Suede,Trash,1758521567,tUjXqpwf1r0,wikidata,Suede HQ and DemonMusicGroup
Q7634434,Sueño Latino,Sueño Latino,2952779821,ZpvTsTl0z1I,name,DreamingWanderer
Q269450,Suffocation,Liege of Inveracity,723158,72BkII5Z9Cg,name,TransylvanianWinter
Q319502,Sufjan Stevens,Should Have Known Better,96861532,lJJT00wqlOo,wikidata,Asthmatic Kitty Records
Q787391,Sugar Minott,Strictly Sensi - Sensi Dub (Album),5195892,,wikidata,
Q899341,Suicidal Tendencies,You Can't Bring Me Down,1056760,e-DjQMveKnU,wikidata,Another Rundown and Jay Weinberg
Q1543315,Suicide Commando,See You in Hell,11945204,5By1SANlB4w,wikidata,Gothic  -  Culture  -  Magazin
Q431700,Suicide Silence,Make Your Exit,4249129841,hWD6f343ukU,wikidata,Suicide Silence and Century Media Records
Q700978,Suidakra,Stone of the Seven Suns,90598821,0ADzplwOKe0,wikidata,RetardWarrior
Q483558,Sum 41,In Too Deep,1125083,emGri7i8Y2Y,wikidata,Sum 41
Q247696,Summoning,Old Mornings Dawn,137704549,-Y9TsxeWGt0,wikidata,Nerdo Dad
Q114654731,Summrs,,,,,
Q354508,Sun Ra,When There Is No Sun feat. John Gilmore (mixed),109577656,,wikidata,
Q3503801,Sunburned Hand of the Man,Prism Mirrors Lens,797090092,,wikidata,
Q7639216,Sundar Popo,Don't Fall in Love,3257636741,k2OfK-wN9As,name,Caribbean Vibez
Q391397,Sung Si-kyung,,,,,
Q594855,Sunn O))),Ampliphædies (E),727118922,,wikidata,
Q1361543,Sunny Day Real Estate,Song About An Angel,1137158422,WLdm8oVELuE,name,ALX E.R.
Q477783,Sunnyland Slim,,,,,
Q385650,Super Cat,Ghetto Red Hot,1054856,KS6bVTYRh-w,name-ambiguous,SuperCatVEVO
Q7642402,Super Heroines,Take a Trip,91867126,,name,
Q7643057,Superblue,,,,,
Q1120684,Supergrass,Alright,3786223702,qUE4oDunYkc,wikidata,Supergrass
Q7643966,Supermerk2,La Resaka,5827393,htc-knWf018,name,SUPERMERK2 
Q176457,Supertramp,The Logical Song,2503274,kln_bIndDJg,wikidata,Supertramp 
Q4922443,Suraphol Sombatcharoen,,,,,
Q7645874,Surf Punks,My Wave,1064658,CdFj1oDNAQs,name,Cuttooth's Room
Q4392541,Surfer Blood,Floating Vibes,766423762,eXhJ2bKy8BE,wikidata,Surfer Blood
Q2368531,Surgeon,,,,,
Q1135315,Survivor,Eye of the Tiger,576431,btPJPFnesV4,wikidata,Survivor Band
Q19561463,Susan McCann,Dublin In My Tears,63784913,,name,
Q152266,Susana Baca,Summertime,3261444021,nsuYyZKoJmo,name,Heduardo
Q7649908,Sutcliffe Jügend,,,,,
Q6640518,Suthep Wongkamhaeng,,,,,
Q509073,Suzanna Lubrano,Tudo Pa Bo,6866157,yMFTa0xbbBM,name,SuzannaLubranoVEVO
Q236112,Suzanne Vega,Luka,549263612,VZt7J0iaUD0,wikidata,Suzanne Vega
Q234750,Suzi Quatro,Can the Can,1787688267,xXk-SDViNtc,wikidata,Suzi Quatro
Q17103153,Svartidauði,,,,,
Q61011,Sven Väth,Dein Schweiss,1704265787,6PTbcWUSBnU,wikidata,Cocoon Official
Q45339026,Sven Wittekind,Bleepy Disto Beeps,21861161,,name,
Q696274,Sven-Ingvars,Torparrock,15666599,Lm7RMyX14-M,wikidata,Sara Rexed
Q237385,Svetlana Ceca Ražnatović,,,,,
Q1480687,Swallow the Sun,Stone Wings,604922252,f2W7S5AhJq0,wikidata,Melodie Triste
Q573017,Swans,Love Will Save You,110185696,HXbcErP-Xok,name-ambiguous,SWANS
Q20709,Swedish House Mafia,Moth To A Flame,1713175757,goi92D59kIg,wikidata,Swedish House Mafia
Q15808423,Sweet Exorcist,Testone,29386961,ooD4plDsO60,wikidata,Renegade Sound
Q1377724,Sweet Female Attitude,Flowers,106807216,iR2tIyj8_y8,name,Sweet Female Attitude
Q888972,Sweet Sensation,If Wishes Came True,2813404,pbb_6e6W-rU,name,Enhanced Music Videos
Q1442188,Swell Maps,,,,,
Q924292,Swervedriver,Flawed,4217348992,MFZ_Jt5HIFo,wikidata,Arc Lateralus
Q955863,Swing Out Sister,Am I The Same Girl?,1566910032,3zYiON0HB7o,wikidata,Swing Out Sister - Official
Q3101707,Switch,,,,,
Q1679412,SWV,Use Your Heart (Interlude),1046770,aAgAHOuJR4o,wikidata,iPickedThisUsername
Q689341,Sybreed,Doomsday Party,4377387,wf7DptGBw2o,wikidata,ColdIceGTAS
Q500683,Sylvester,You Make Me Feel (Mighty Real),891619,gD6cPE2BHic,name-ambiguous,Sylvester
Q240885,Sylvie Vartan,L'amour c'est comme une cigarette,3786102682,MvzeJnlXTCA,wikidata,Sylvie Vartan - Officiel
Q1808794,Symarip,These Boots Are Made For Walking,3803566622,Aosx_Oiq-Ts,name,Blue Beat & Ska
Q648940,Symphony X,Without You,659721942,IhhMCRvdsqA,wikidata,Symphony X
Q2943135,Synapscape,Move,4273512982,,name,
Q2718300,System 7,PositiveNoise,695577352,TUFz5b-cCPs,name,steveh77
Q45165,System of a Down,Lonely Day,546578,DnGdoEa1tPg,wikidata,System Of A Down
Q7663688,System Tazvida,,,,,
Q16210722,SZA,Snooze,2055292087,LDY_XyxBu8A,wikidata,SZA
Q939347,Sérgio Godinho,Liberdade,4109878,HVCt3RGcjRQ,name,Sérgio Godinho TV
Q337359,Sérgio Mendes,Magalenha,1444380712,ijnujobdJ4c,wikidata,The Sergio Mendes Band
Q7666101,Sérgio Reis,Cavalo Preto,14838354,9By6Lpi11pA,name-ambiguous,SergioReisVEVO
Q10376356,Sílvio Caldas,Nos Braços De Isabel (Ao Vivo),3302562721,,name,
Q1320710,Só Pra Contrariar,Que Se Chama Amor,65440045,f9girRFeLUg,wikidata,SPC Oficial
Q10682,Sœurs Goadec,Ar verjelenn,72739570,,wikidata,
Q17450386,Sơn Tùng M-TP,,,,,
Q358538,T-Bone Walker,How Long Blues,671840,Kt_9zjt56GE,wikidata,Fede Corchero
Q12897581,T-Vice,,,,,
Q65972849,T. Buckley,Holding My Place,1492789152,MGs7hWS-9qY,name,T Buckley
Q119598303,T. H. Subash Chandran,,,,,
Q7668495,T. M. Krishna,,,,,
Q211770,T. Rex,Bang A Gong (Get It On),6878097,kME6uBZxWe4,wikidata,T. Rex
Q214227,T.I.,Whatever You Like,383742081,nQJACVmankY,wikidata,T.I.
Q2558967,T99,,,,,
Q3513534,Tabou Combo,Tu as volé,96841954,LC3MoJzTxzU,name,Deejay Zack
Q2743754,Tabu Ley Rochereau,Mokolo Nako Kufa,1853637277,x7abyOQcK1Y,name,Syllart Records
Q3513649,Tackhead,Reality,101608103,Umaquov53a8,name,Tackhead
Q692872,Tactical Sekt,Bring Me Violence,118179866,gzQuUV-2b_8,name,VileWhispers
Q490719,Tae Jin Ah,,,,,
Q11439213,Taeko Ōnuki,4:00 A.M.,1567106462,d76F_B8wxZ4,name,Reidhaha
Q353023,Taj Mahal,,,,,
Q3290277,Takashi Hosokawa,Kita-Sakaba,2455218035,bDzQQy7A10A,name,Nui Rujjapan Chariyajinda
Q95494604,Takashi Kokubo,Yakushima-Forest Full of Life,1055635132,,name,
Q2389434,Takemoto Gidayū,,,,,
Q7678153,Takeshi Terauchi,Ai No Kizuna,1728847577,,wikidata,
Q11379993,Takio Itō,,,,,
Q3514381,Taku Sugimoto,,,,,
Q18207948,Takun J,,,,,
Q24950843,Tale Of Us,Time,1503884562,6dE0a8nHHNA,wikidata,Pete Tong
Q595705,Talk Talk,It's My Life,3257507,cFH5JgyZK1I,wikidata,Talk Talk band
Q205001,Talking Heads,Psycho Killer,747527,CJ54eImz88w,wikidata,Talking Heads
Q3514534,Tall Dwarfs,The Brain That Wouldn't Die,3552461861,IlZmx8U7lf0,name,Flying Nun Records
Q497298,Talulah Gosh,Beatnik Boy,70524918,3DZ-NmJdl5U,wikidata,EcstasyWine
Q9355427,Tamba Trio,Nós E O Mar,564952702,o6ctWK3N4XI,wikidata,Davi Miranda
Q9619,Tame Impala,Dracula,3818963601,xnP7qKxwzjg,wikidata,Tame Impala
Q1515351,Tamikrest,Tisnant an Chatma,70339167,19hbkw0Xdps,name,GlitterbeatTV
Q234017,Tammy Wynette,D-I-V-O-R-C-E,95292356,7kVgb5aPhDQ,wikidata,TammyWynettemusic
Q1345751,Tampa Red,Seminole Blues,1375477122,-NslSffd26s,name,Andy Walker
Q153616,Tangerine Dream,Cloudburst Flight,693397352,2qXYLLXXhvg,wikidata,J B
Q570610,Tanghetto,Bahia Blanca,64694743,OWbQqV0CXQc,name,TanghettoPolska2013
Q469894,Tansen,,,,,
Q2008329,Tante Leen,Mijn Ouwe Amstelstad,1976803517,G4FjQVWgjUw,name,Peter Cool
Q836609,Tanzwut,Brüder im Geiste,92060314,vXhhCVAwHhw,wikidata,AFM Records
Q2802775,Tape Five,Dixie Biscuits,21857501,Wpgtu5ShzQk,name,Gridas1
Q422799,Tara Devi,,,,,
Q105902791,Tarcísio do Acordeon,ABC da Vaquejada,3591190452,7U9quZOOBVc,name-ambiguous,Tarcisio do Acordeon and 3 more
Q485771,Tarkan,Şımarık,16412330,cpp69ghR1IM,wikidata,Tarkan
Q253607,Tata Young,Dhoom Dhoom,1203805082,9uu8xLCIq0c,name,Tata Young
Q7688054,Tati Quebra Barraco,Boladona,2417087725,USO_Dfu-6Yg,name,Junior Lopes
Q7688132,Tatico Henriquez,La corrida de santa ana,3819054071,t1D7ixyLAeE,name,Tatico Henriquez
Q1154190,Tatsurō Yamashita,Kiska,1125498062,r-zJuzMXyu4,wikidata,tanner
Q7689943,Taylor Deupree,Sundown,2182570337,,name,
Q26876,Taylor Swift,Patient Zero,4304169612,mw3kSNIxjqo,wikidata,Taylor Swift
Q17151338,Tchami,Move Your Body (Future House),94555888,ATZtWAL2T-w,wikidata,TheMusicSolution.
Q510161,Tchavolo Schmitt,Seul ce soir,63124117,sYkDTwtGotI,name,Mari sinti
Q2398467,Team Dresch,Growing Underground,4118787181,YDfQpmlhahw,name,Team Dresch and Jealous Butcher Records
Q269091,Tears for Fears,Shout,88845907,Ye7FKc1JQe4,wikidata,Tears For Fears
Q359303,Tech N9ne,Face Off,1499176472,E9T78bT26sk,wikidata,Strange Music Inc
Q18162708,Techno Animal,Robosapien,2528192621,HjQIU9gzqdA,name,acid memories
Q528413,Technoboy,,,,,
Q1344793,Technotronic,Pump Up The Jam,2961498,9EcjWd-O4jI,wikidata,Technotronic
Q22909295,Teddy Killerz,Could I Be,3771329782,mNmUfUmulRQ,wikidata,CRUCAST
Q449371,Teddy Pendergrass,Close the Door,16222628,0DJk7h6uLZw,wikidata,Teddy Pendergrass
Q28732615,Tee Grizzley,Rain,4251614571,ooDph9QKtNk,wikidata,Tee Grizzley and Skilla Baby
Q106658275,Teejayx6,Dark Web,800131722,ubs9b-ssuuM,name-ambiguous,Teejayx6 - Music
Q235931,Teena Marie,Ooo La La La,1026214,nhw5yGvdA2o,wikidata,life + lyrics
Q1404339,Teenage Jesus and the Jerks,Empty Eyes,1235168,,name,
Q4050792,Teengenerate,Dressed in Black,11762302,hxbgPIjrsJY,wikidata,In Viscera Veritas
Q611466,Tego Calderón,Pa' Que Retozen,38217121,YIyiT96Ojqg,wikidata,Dj Vj Eduardo
Q615867,Telex,Raised By Snakes,2200642887,HbyqnpcmPXI,wikidata,June Grant
Q72759173,Tems,Me & U,2481308251,1JltlSJH5bY,name-ambiguous,Tems
Q3517940,Ten City,I Love Me,2082526647,7AV1XpuKD74,wikidata,Wh0
Q630808,Ten Years After,I Can't Keep From Crying Sometimes,2505249,B5ID88XigO4,wikidata,Gun Clinger
Q205780,Tenacious D,Wicked Game,2263251207,Sfz9jQ3KI5k,wikidata,Tenacious D
Q1756151,Tenhi,Saivon Kimallus,1977439837,N9kczust5XI,name,Prophecy Productions
Q963827,Tennessee Ernie Ford,Peace Like A River,1483898372,tRCXzWIJiBI,wikidata,Hankfan Hankfan
Q17092262,Tenores di Bitti,Ballate a ballu tundu,33160381,,name,
Q7701476,Tera Melos,Melody 3,3325328041,vLxabFvpGaQ,wikidata,AliListensTo
Q3518278,Terakaft,Ténéré Wer Tat Zinchegh,572200722,gikraRhWuDw,name,TorianKel
Q967230,Terence Blanchard,Blut Und Boden (Blood and Soil),913731552,JmIVNXYRn3M,wikidata,Back Lot Music
Q439182,Teresa Parodi,Pedro Canoero,13342582,7b5VIA7Ya5E,name,Teresa Parodi
Q463945,Teresa Teng,Toki No Nagare Ni Mi O Makase,128097937,,wikidata,
Q965154,Terrorizer,Fear Of Napalm,70977920,AG-menlRlAg,name,Earache Catalog
Q7704407,Terry Francis,Change,881266112,jas2Zz4oG74,name,Luka Labura
Q365243,Terry Riley,Francesco en Paraiso,63803989,-gLis17y9QA,name,Alan Rigoletto
Q1430984,Tesseract,Legion,2333167195,pHZXTmPnMso,wikidata,TesseracT
Q1502233,Test Dept,,,,,
Q32543,Test Icicles,Circle. Square. Triangle.,4645243,RWU1B6Gwb1w,name,TestIciclesVEVO
Q309312,Testament,Return to Serenity,846026,gJKi8LQgixc,wikidata,Testament
Q7706997,Tetuzi Akiyama,,,,,
Q966565,Tex Ritter,Blood On The Saddle,12345493,k7Wf6_baka4,name,EyeShotFirst
Q321178,Tex Williams,The Ballad Of Thunder Road,1692868767,fSIub2rSTGk,name,BenBop1965
Q2407606,Texas Faggott,We Will Not Return,62199662,fp1FfuTHHfg,name,Sininen Apina
Q2031683,Textures,Awake,589619,oSYNhfkNGco,name-ambiguous,Textures 
Q1070141,Tha Dogg Pound,Big Pimpin',1874496217,,wikidata,
Q2690281,Tha Playah,Hardcore Door Je Donder,937053592,K1JcL-rQLiI,wikidata,State of Anarchy
Q171235,Thalía,No Me Acuerdo,569883622,iQEVguV71sI,wikidata,Thalia
Q10824899,Thanh Thúy,Trăng Mờ Bên Suối,3056865311,Rp6wHhU-pQE,name,Nhut Tan Huynh
Q218997,The 101ers,,,,,
Q861190,The 13th Floor Elevators,,,,,
Q1472482,The 4-Skins,,,,,
Q1753111,The 5th Dimension,Aquarius/Let The Sunshine In (The Flesh Failures),13186207,VlrQ-bOzpkQ,wikidata,The 5th Dimension
Q1535896,The Abyssinians,,,,,
Q1760836,The Action,,,,,
Q7712717,The Advisory Circle,"Farmland, Freeland",9889053,,name,
Q533478,The Alan Parsons Project,Eye In The Sky,328213571,56hqrlQxMMI,wikidata,The Alan Parsons Project
Q786980,The Albion Band,Ragged Heroes,3851606,WW_Lm8MHPtU,wikidata,Drewbott1
Q704757,The Alchemist,E. Coli,587862632,cMaIjdfsRrs,wikidata,Al Chemist
Q507327,The Allman Brothers Band,Midnight Rider,549286792,nn6mBLbqIdc,wikidata,Ramunas Bruzas
Q131422,The Animals,,,,,
Q512836,The Archies,Sugar Sugar,1382508,j3plj_Xplus,name-ambiguous,The Archies
Q2118895,The Association,When Love Comes to Me,733068,ks6iTSTaeaY,wikidata,Ted Fischer
Q2000851,The Avalanches,The Divine Chord,1165067842,TvZpn322LxE,wikidata,The Avalanches
Q950309,The B-52's,Love Shack,3819055,9SOryJvTAGs,wikidata,RHINO
Q3519860,The Balfa Brothers,,,,,
Q600344,The Band,The Weight,3360965,FFqb1I-hiHE,wikidata,Chris Awad
Q214418,The Bangles,Eternal Flame,608748,PSoOFn3wQV4,wikidata,The Bangles
Q3519888,The Bats,Made up in Blue,92400994,yCpH8m1epBM,name-ambiguous,The Bats
Q183048,The Beach Boys,Good Vibrations,3091992,apBWI6xrbLY,wikidata,The Beach Boys
Q2165980,The Beat,Side To Side,611480112,nkC-vEQRN8w,wikidata,The Beat
Q1299,The Beatles,Let It Be,116348656,CGj85pVzRJs,wikidata,The Beatles
Q1452973,The Bel-Airs,,,,,
Q11328522,The Birds,Say Those Magic Words,115711308,vqkntjOkksU,name,Michalis Matthaiou
Q378958,The Black Crowes,She Talks To Angels,65707240,H58gMiQQRm0,wikidata,The Black Crowes
Q2667938,The Black Dog,They Came For My Head,3610861532,HJ3CQiyMYRY,wikidata,Sleep Deprivation
Q606226,The Black Keys,Lonely Boy,14932098,a_426RiwST8,wikidata,The Black Keys
Q7718487,The Blackbyrds,Mysterious Vibes,122882318,yaZ2ftgZVCM,name-ambiguous,The Blackbyrds
Q1615382,The Blackwood Brothers,I'll Fly Away,1656568242,sqNtxIDBhjM,name-ambiguous,Blackwood Brothers Quartet
Q2004533,The Blasters,,,,,
Q2092670,The Blind Boys of Alabama,Way Down in the Hole,736732,mzIuUW9VUr0,wikidata,sonicscape
Q1605508,The Blood Brothers,Love Rhymes With Hideous Car Wreck,378301571,6f9xOHXHT2Q,wikidata,fleshtreesbloom
Q1517721,The Bloody Beetroots,Chronicles of a Fallen Love,70247105,eW0AuyCTBkU,wikidata,Ultra Records
Q769123,The Blue Hearts,,,,,
Q1970440,The Blue Nile,Over the Hillside,1698858397,jO2YdtdTiYw,wikidata,The Blue Nile Official
Q977373,The Blue Sky Boys,,,,,
Q3520048,The Bodines,,,,,
Q646218,The Bodysnatchers,Too Experienced,1787682687,hjxuX9JgbL8,wikidata,OxBlood66
Q2409957,The Books,Cello Song Feat. Jose Gonzales,77697449,,wikidata,
Q1410132,The Bothy Band,The Kesh Jig/Give Us a Drink of Water/The Flower of the Flock/Famous Ballymote,628949662,,name,
Q608233,The Brand New Heavies,Never Stop,131764858,iyRPfK-U0Oc,wikidata,DVi (Delicious Vinyl + Delicious Vinyl Island)
Q913560,The Brides of Funkenstein,,,,,
Q1751483,The Business,,,,,
Q211526,The Byrds,Turn! Turn! Turn! (To Everything There Is a Season),1013046,xVOJla2vYx8,wikidata,TheByrdsVEVO
Q7720909,The Cadets,I Got Loaded,9986140,avDWgSKUrh4,wikidata, All Good Time Oldies 
Q7721110,The Campbell Brothers,,,,,
Q223495,The Carpenters,Top Of The World,529915831,Tt1MqAZ9XHw,wikidata,TopPop
Q858388,The Cars,Heartbeat City,5094181,d5ZnXMUXr3w,wikidata,80's 90's Music Video's Remastered @Videos80s
Q1422960,The Casualties,,,,,
Q7721684,The Catalinas,,,,,
Q1961659,The Cats,Let's Dance,490422382,6jbaVQVfCr4,wikidata,ufleku
Q2410177,The Chambers Brothers,,,,,
Q1472126,The Chantays,Beyond,1758526497,8A1y2MtuIKY,wikidata, In Dan's Garage
Q961810,The Chariot,,,,,
Q1542958,The Charlatans,The Only One I Know,5867013,0RJwW77Lsj8,wikidata,Beggars Banquet Records and The Charlatans
Q208507,The Chemical Brothers,Go,103480110,LO2RPDZkY88,wikidata,The Chemical Brothers
Q3986249,The Chesterfield Kings,Up and Down,124096366,qjmAy8Mn6PU,name,Wicked Cool Records
Q467933,The Chi-Lites,,,,,
Q662577,The Chieftains,The Foggy Dew,548797,keWnPZOd2cw,wikidata,CR's Video Vaults
Q1386995,The Chiffons,He's So Fine,3252093,rinz9Avvq6A,wikidata,OldiesUploadz
Q1634063,The Chills,,,,,
Q962528,The Chocolate Watchband,,,,,
Q7722658,The Chords,,,,,
Q1757705,The Church,Under the Milky Way,2455621,pWxJEIz7sSA,name,The Church
Q1087300,The Cinematic Orchestra,The Awakening Of A Woman (Burnout),2327236735,wnGdllCU7EY,wikidata,DonkeyChins
Q1209252,The Clancy Brothers,,,,,
Q125603,The Clash,Should I Stay or Should I Go,69962764,xMaE6toi4mk,wikidata,The Clash
Q2410301,The Clean,,,,,
Q7726628,The Cold Crush Brothers,,,,,
Q1725152,The Congos,,,,,
Q7727671,The Correspondents,Puppet Loosely Strung,4014189271,HPRJDamCotE,wikidata,The Correspondents
Q1137218,The Country Gentlemen,,,,,
Q1814766,The Coup,,,,,
Q1658371,The Cowsills,Indian Lake,126870249,LS0z-UuP6JY,wikidata,1hit1ders
Q1361146,The Cramps,Goo Goo Muck,3105075,RVhdHAqoE_c,wikidata,The Cramps
Q1456447,The Creation,,,,,
Q50975,The Crystal Method,Roll It Up,67344574,ZVoCe8U3Oh0,wikidata,Dowmatic
Q1475018,The Crystals,Da Do Ron Ron (Re-Recorded),1999995,,wikidata,
Q484427,The Cure,Boys Don't Cry,409670252,9GkVhgIeGJQ,wikidata,The Cure
Q940536,The Damned,Life Goes On,3803554062,TaDbMZlN2Pg,wikidata,JonTheDandy
Q1141454,The Dave Clark Five,Glad All Over,3768837212,NHtNFaa2ne0,wikidata,jarichards99utube
Q116936,The dB's,Happenstance,2892855841,M_h8qEGO8E8,wikidata,Cynicor
Q930112,The Decemberists,Severed,470730282,ksTFj6L0mao,wikidata,TheDecemberists
Q2000558,The Delfonics,Didn't I (Blow Your Mind This Time),95988012,gM6kZabHf4w,name-ambiguous,The Delfonics
Q1759086,The Dells,Stay In My Corner,131741070,lyjOPzIGbKA,wikidata,tony torres
Q1184543,The Delmore Brothers,,,,,
Q7729893,The Devil's Blood,,,,,
Q1307025,The Dillinger Escape Plan,Milk Lizard,10973564,xMEYLlDThZU,wikidata,RelapseRecords
Q2614717,The Dirtbombs,Chains of Love,12735761,a0tSiJet9TM,wikidata,kissingrude07
Q2410892,The Dirty Heads,Stand Tall,2350070415,pAoao9FkHwE,wikidata,Dirty Heads
Q1754173,The Disposable Heroes of Hiphoprisy,,,,,
Q1543686,The Divine Comedy,The Heart is a Lonely Hunter,3438162031,WWG7K9V9Eh0,wikidata,JCPinto
Q1393884,The Dixie Hummingbirds,,,,,
Q506670,The Doobie Brothers,Long Train Runnin',3616544,TnGzgenHpvU,wikidata,The Doobie Brothers
Q45354,The Doors,Roadhouse Blues,670804,BgQg3J7xU1k,wikidata,The Doors
Q259381,The Dream Syndicate,Damian,2125238517,59ZvUcvkn_I,wikidata,firerecords
Q1123938,The Dresden Dolls,My Alcoholic Friends,660803,vnCmtfAoEsw,wikidata,dresdendolls
Q1060576,The Drifters,,,,,
Q1419255,The Drums,Money,13215735,IqYgNiZdfh4,name,The Drums
Q478629,The Dubliners,Whiskey in the Jar,583801,41GtRF4aPAE,wikidata,The Dubliners
Q1509107,The Electric Prunes,,,,,
Q7731864,The Embers,,,,,
Q690138,The Everly Brothers,Wake up Little Susie,691215,YFxeZErpNjU,wikidata,Everly Brothers International
Q2142713,The Ex,State of Shock,2614646722,yfskVxCn_qo,wikidata,John Doe
Q117684,The Exploited,,,,,
Q511277,The Fabulous Thunderbirds,Don't Burn Me,127206053,DwLiAuFWVd0,wikidata,BluesIsFeeling
Q909916,The Fall,Totally Wired,3785991062,trXegBAZ8_g,wikidata,Lost Concert Films
Q178594,The Fall of Troy,F.C.P.R.E.M.I.X.,16002476,2iijmj5nB6I,wikidata,Equal Vision Records
Q1428876,The Farm,Altogether Now,67559414,,wikidata,
Q7733724,The Field Mice,Letting Go,30837471,Run47hZ0_xM,name,martin venator
Q523184,The Flaming Lips,Do You Realize??,2657834,lPXWt2ESxVY,wikidata,flaminglips
Q1241507,The Flamingos,Goodnight Sweetheart,140044677,yGZvovawUBo,wikidata,The Flamingos
Q847191,The Fleshtones,Float Your Showboat,4015339941,,wikidata,
Q912990,The Flower Kings,"The Gods of Rome, Pt. 2",4263928052,QLHf26U42go,wikidata,InsideOutMusicTV
Q200769,The Flying Burrito Brothers,,,,,
Q7734637,The Focus Group,,,,,
Q2113011,The Fourmost,,,,,
Q271513,The Fray,How to Save a Life,7674865,cjVQ36NhbMk,wikidata,The Fray
Q17109370,The Funkees,,,,,
Q168031,The Future Sound of London,We Have Explosive,3468082,bUC4K3DsXug,wikidata,waves
Q141703,The Futureheads,Meantime,727003,0mAarURCdxg,wikidata,The Futureheads
Q992295,The Gap Band,Early In The Morning,539098422,,wikidata,
Q573067,The Gaslight Anthem,Autumn,2343496405,lYx9o-GVPF0,name,The Gaslight Anthem
Q687651,The Gathering,Returning to Center (528 Hz),3855181631,,wikidata,
Q256319,the GazettE,CHIZURU,390921951,QdYQwp7RQbc,wikidata,Tengri Archive
Q1683782,The Georgia Satellites,,,,,
Q2574419,The Gerogerigegege,,,,,
Q1757786,The Get Up Kids,Action & Action,3802993752,xa5p2uMz3bs,wikidata,The Get Up Kids
Q771912,The Glitch Mob,We Can Make The World Stop,12630133,H-k_Eg7zXuc,wikidata,The Glitch Mob
Q1891138,The Go-Betweens,Streets of Your Town,879800802,8M_P_xX9Cmw,name,Beggars Banquet Records
Q7737020,The Golden Cups,Got My Mojo Working,74005312,UuDrdz86bVQ,name,louiselouismar
Q2396318,The Gories,There But for the Grace of God Go I,11928373,0Z7H0tFtENY,name,Nelenzada
Q2377124,The Great Divide,,,,,
Q1398604,The Gun Club,,,,,
Q7738577,The Gypsies,Ojaye,836616262,oTvzS2TrITo,name-ambiguous,Gypsies
Q60339,The Handsome Family,Far From Any Road,105572014,Pl6MCWMU8aE,name-ambiguous,Handsome Family
Q2076097,The Head and the Heart,Library Magic,130972744,Pg4VCNyzI2I,wikidata,The Head And The Heart
Q7739259,The Heatmakerz,,,,,
Q1092132,The Heptones,,,,,
Q287690,The Hives,Tick Tick Boom,1112816,1M02bAWDFkI,wikidata,thehivestv
Q282925,The Hollies,The Air That I Breathe,3358791,S27uehI9FBo,wikidata,The Hollies
Q730158,The Human League,Don't You Want Me,3092940,uPudE8nDog0,wikidata,The Human League
Q580823,The Impressions,It's All Right,810701932,Y1LLwC7N1h8,wikidata,catman916
Q1500510,The Incredible String Band,The Hedgehog's Song,7446729,Bogz2xZy-bo,wikidata,passer59
Q2412135,The Intruders,(We'll Be) United,1031003,Noa7TpGnqmE,name-ambiguous,The Intruders
Q178134,The Isley Brothers,"Footsteps in the Dark, Pts. 1 & 2",106026900,WRWtvbyprgo,wikidata,The Isley Brothers
Q43267,The Jackson 5,I Want You Back,4188287,y2bVIBwpCTA,wikidata,The Ed Sullivan Show
Q916461,The Jam,That's Entertainment,984214,m-H0uIH5HHQ,wikidata,The Jam
Q1508351,The Jayhawks,Keeping Our Heads Above Water,4034709551,sPJUGRmQR2A,wikidata,The Jayhawks
Q1684462,The Jazz Composer's Orchestra,,,,,
Q1126301,The Jesus and Mary Chain,Sometimes Always,3918332,rfEvgf2DdTQ,wikidata,The Jesus and Mary Chain Official
Q475227,The Jesus Lizard,Nub,125988123,UJm8KHBZEbU,wikidata,JesusLizardOfficial
Q1407424,The Jimi Hendrix Experience,,,,,
Q1141580,The Jolly Boys,,,,,
Q12674983,The Kilimanjaro Darkjazz Ensemble,Pearls for Swine,1087372132,sX0LMv5Pu58,name,linkinbrad21
Q220730,The Killers,Human,71955252,RIZdjT1472Y,wikidata,TheKillersMusic
Q970502,The Kingsmen,,,,,
Q59965,The Kingston Trio,Greenback Dollar (Rerecorded),54828271,,wikidata,
Q188713,The Kinks,Sunny Afternoon,3786491532,TYIl6n_SRCI,wikidata,The Kinks
Q1751786,The Klezmatics,Der yokh,133343672,tHfEnGpNT6Q,name-ambiguous,The Klezmatics 
Q741316,The KLF,Justified & Ancient,1181472142,XP5oHL3zBDg,wikidata,KLF
Q1427240,The Knack,My Sharona,3248376,bbr60I0u2Ng,wikidata,TheKnackVEVO
Q2406841,The Knitters,Burning House of Love,6977508,pcheX9Yj3o4,name,Johnny Miller
Q1143750,The Kovenant,The Sulphur Feast,668830912,LC2Zb8QtxOY,wikidata,J.S.ASTENNU
Q1860769,The La's,There She Goes,2518361,CZXLLMbJdZ4,wikidata,TheLasVEVO
Q3987870,The Lambrettas,,,,,
Q1811622,The Last Poets,,,,,
Q1424124,The Left Banke,Pretty Ballerina,755382072,m-Ep5x-DETc,wikidata,60s70sVintageRock
Q863573,The Lonely Island,I Just Had Sex,731535952,lQlIhraqL7o,wikidata,thelonelyisland
Q2252204,The Long Ryders,World Without Fear,3724712282,,name,
Q1756844,The Louvin Brothers,,,,,
Q496101,The Lumineers,Ophelia,757235122,pTOC_q0NLTk,wikidata,The Lumineers
Q211277,The Mamas & the Papas,California Dreamin',2321278,N-aK6JnyFmk,wikidata,Folk Experience
Q1431787,The Manhattan Transfer,Route 66,2551903,8xro0lpukfs,wikidata,TbirdsOf1965
Q1061590,The Marshall Tucker Band,Can't You See,3217360611,5KaAOrjKVJI,wikidata,The Marshall Tucker Band
Q385841,The McCoys,Hang On Sloopy,1027618,iBxtqo05ovI,name,moondoggy
Q1812589,The Melodians,,,,,
Q484969,The Men They Couldn't Hang,The Colours,3893011641,QZskq-EM8Jo,wikidata,jay4louise2
Q738714,The Merseybeats,Don’t Turn Around,1255666,RvEB7-vP4zg,wikidata,dneilmusic14
Q835289,The Merton Parkas,Put Me in the Picture,942014,kgU96Fo1JFI,wikidata,SkataliticGirl
Q2412878,The Meteors,,,,,
Q1887369,The Meters,,,,,
Q48700546,The Midnight,Memories,2904326011,QR--yREuQQk,wikidata,ZilchNilton
Q3521870,The Mighty Lemon Drops,,,,,
Q1327973,The Mighty Mighty Bosstones,The Impression That I Get,2485997701,NIGMUAMevH0,wikidata,TheMightyMightyBossToneS
Q17142063,The Millennium,,,,,
Q1761222,The Miracles,,,,,
Q1778916,The Mission,Butterfly On A Wheel,2504229,OKRACt6PpYY,wikidata,DAS BUNKER LATINAMERICA
Q2294322,The Modern Lovers,,,,,
Q747512,The Moldy Peaches,Lazy Confessions,140740493,17qAJnwavAU,name,SleeplessNights7365
Q464036,The Monkees,I'm a Believer,764920,5tpxXDILZHs,wikidata,Classics in HD
Q136554184,The Monroe Brothers,,,,,
Q211965,The Moody Blues,Nights In White Satin,366450991,qbqxbGm9hBI,wikidata,The Moody Blues
Q1969478,The Moonglows,,,,,
Q7752222,The Mops,,,,,
Q2936649,The Motions,,,,,
Q145515,The Mountain Goats,No Children,66538690,s2DCdI-XXQ4,wikidata,the Mountain Goats
Q3065138,The Mummies,Little Miss Tee-N-T,2434305565,tovjzxAvtdc,name,Reny Sailor
Q7753567,The New Deal,,,,,
Q900864,The Nice,,,,,
Q179157,The Notorious B.I.G.,Hypnotize,3616651,glEiPXAYE-U,wikidata,The Notorious B.I.G.
Q981180,The Number Twelve Looks Like You,Don't Get Blood on My Prada Shoes,3954932801,JBwVKuZYhxY,name,The Number Twelve Looks Like You
Q1749011,The O'Jays,,,,,
Q2008427,The Oak Ridge Boys,Elvira,66335628,hKEpqTPfV7s,wikidata,The Oak Ridge Boys
Q957090,The Obsessed,Colombia,3573248021,NdAr0EaWPmE,wikidata,Reinier Zonneveld
Q1089581,The Oppressed,Drunken Skinhead,631109182,,wikidata,
Q924993,The Orb,Doughnuts Forever,3652881492,QbpA3Jgu03o,wikidata,The Orb
Q1431711,The Orioles,Tell Me So,745856,FaSeRKphKas,wikidata,The78Prof
Q1543041,The Osmonds,Having A Party,465642812,Wa8mLH_BQF0,wikidata,MrLazarovfan
Q7755692,The Outside Agency,,,,,
Q7755711,The Outsiders,,,,,
Q3522161,The Pale Fountains,Something On My Mind,3125051,yVw4uvi5OtM,name,juvan baldeo
Q927618,The Paragons,,,,,
Q3988639,The Partisans,,,,,
Q62278589,The Partridge Family,"Baby I Love, Love, I Love You",13188362,BtHwuaVfb2g,name,HeliosHelleborine
Q30504,The Pastels,,,,,
Q1580276,The Peanuts,,,,,
Q1114144,The Penguins,,,,,
Q2413447,The Phantom Surfers,,,,,
Q1856396,The Pharcyde,Runnin',83971991,jQ-RrGCSa2M,wikidata,PHARCYDE TV
Q1754873,The Pioneers,,,,,
Q753905,The Platters,Only You (And You Alone),108306082,rAUJSc6unAg,wikidata,Classic Hits Studio
Q125157335,The Poets of Rhythm,,,,,
Q48304,The Pogues,Dirty Old Town,4094365,s11BuatTuXk,wikidata,ThePoguesOfficial
Q1779387,The Polecats,,,,,
Q178095,The Police,Every Breath You Take,2525864,OMOGaugKpzs,wikidata,The Police
Q1239214,The Postal Service,Such Great Heights,1137149682,0wrsZog8qXg,wikidata,Sub Pop
Q667389,The Pretenders,I'll Stand by You,3590282,ABGPMw_ir08,wikidata,19631104
Q1364657,The Pretty Things,The Devil Had a Hold of Me,968049212,ScQpByEEt2U,wikidata,Madfish
Q7256860,The Prodigy,Breathe,62126185,6_PAHbqq-o4,wikidata,The Prodigy
Q1649624,The Promise Ring,,,,,
Q1339157,The Prophet,Uptempo Mashup (By Partyraiser & S-Kill),3287492011,RuKtrW4zHcA,wikidata,Scantraxx
Q7261422,The Purple Hearts,,,,,
Q1426495,The Rapture,Echoes,2622365332,bibXZUZVonw,wikidata,ŠP
Q1757318,The Rascals,Groovin',81769154,4JIq8Zn0AJE,wikidata,NVNCBL
Q1570833,The Real McKenzies,Chip,3471687791,1eu0PtSdSNo,name,Hammer_charge
Q28405869,The Reatards,Memphis Blues,12367955,CKUz5rmhfd4,name,Sagess
Q3110679,The Remains,Don't Look Back,7398683,t-ne_H5HL88,name,nwgama
Q947955,The Residents,,,,,
Q1273740,The Reverend Horton Heat,,,,,
Q610228,The Righteous Brothers,Unchained Melody,468253402,pm2Z9yAp_CE,wikidata,Young Pilgrim Music
Q16955510,The Rip Chords,,,,,
Q913590,The Rippingtons,,,,,
Q109678068,The Rita,מחכה,686345822,hAX2ku9ifEs,name-ambiguous,ריטה הערוץ הרשמי Rita Official
Q11036,The Rolling Stones,Start Me Up,4125592,SGyOaCXr8Lw,wikidata,The Rolling Stones
Q1052139,The Roots,You Got Me,88476275,MJCHeEQV454,wikidata,Do You Want More?!!!??!
Q7762693,The Screamers,kill me Now,4140368621,,wikidata,
Q1132434,The Searchers,Needles & Pins,3785978932,dojmsGEhGHU,wikidata,The Searchers (Official)
Q2142320,The Seeds,,,,,
Q7763250,The Seldom Scene,,,,,
Q1546385,The Selecter,Too Much Pressure,1787628137,Rf7v1iWc4tk,wikidata,MadFranko008
Q212168,The Shadows,Apache,3093507,7TwULx_wDiI,wikidata,Classic Hits Studio
Q587713,The Shamen,Ebeneezer Goode,2629683362,_OGS5sStP50,wikidata,ShamenTV
Q1353426,The Shirelles,Mama Said (Rerecorded),6061331,qQFAjBBHEd4,wikidata,DAFT FM
Q3482481,The Shop Assistants,All Day Long,2665612132,abhiA4XOXA8,name,shortrax
Q56305544,The Sickest Squad,Coeur Du Frenchcore,2867045062,aqDBlCsUmMU,name,Crazy Tower
Q751814,The Sisters of Mercy,Temple of Love (1992),397107082,xK7QM5C7pBU,wikidata,sisterstekland aka pascal
Q845449,The Skatalites,Swing Easy,1123876,8aURXtmM2QQ,wikidata,JABLESPANOL
Q180598,The Smiths,There Is a Light That Never Goes Out,5093617,siO6dkqidc4,wikidata,The Smiths
Q1331669,The Smoke,My Friend Jack,67559023,t1-rmH-bvSA,name,Beat-Club
Q2706252,The Soft Boys,I Wanna Destroy You,2422566735,su_fep2iARQ,name,robynhitchcock
Q904921,The Sonics,,,,,
Q116306326,The Soul Brothers,Asithandazeni,2562307632,,wikidata,
Q466840,The Soul Stirrers,Wade In The Water,855103782,XwSugJQDgRo,wikidata,steve howard
Q3066755,The Soup Dragons,I'm Free,95854720,EVw7fzIP6cQ,wikidata,TheSoupDragonsVEVO
Q19057,The Specials,A Message to You Rudy,1787605117,cntvEDbagAw,wikidata,The Specials
Q1049145,The Spencer Davis Group,I'm A Man,963646332,POCUgBSVENQ,wikidata,Regrettab2
Q7765848,The Spiders,,,,,
Q2030958,The Spinners,I'll Be Around,682789,DTNZylLm4Hk,wikidata,MLC Media Archives 
Q765177,The Standells,,,,,
Q656291,The Stanley Brothers,Angel Band,529928661,WIHFxIQfSxc,wikidata,rathat
Q935884,The Staple Singers,,,,,
Q1959559,The Starting Line,The Best Of Me,4709605,cvYVmxHzQmw,name-ambiguous,The Starting Line
Q7766405,The Statesmen Quartet,,,,,
Q29606,The Stone Roses,I Wanna Be Adored,3960791,4D2qcbu26gs,wikidata,The Stone Roses
Q208767,The Stooges,I Wanna Be Your Dog,7230321,vwmU343eBu0,wikidata,Soraj Music
Q493697,The String Cheese Incident,Fête-Tama,4259682021,B8W3xzoomjE,wikidata,The String Cheese Incident
Q211583,The Strokes,The Adults Are Talking,921027292,ewOPQZZn4SY,wikidata,The Strokes
Q676522,The Style Council,You're The Best Thing,2230225,0HMAVU1k7kg,wikidata,The Style Council
Q2307426,The Stylistics,You're A Big Girl Now,1635041962,LUkiC6_Xtds,name-ambiguous,The Stylistics
Q1413494,The Sugarhill Gang,Rapper's Delight,3783071992,mcCK99wHrk0,wikidata,Sugarhill Records
Q2164974,The Suicide Machines,New Girl,4243746,F80HFvJD63w,name,Bad Wolf
Q2299850,The Sunshine Underground,Commercial Breakdown,11974588,qZ4uJGgycLg,name,The Sunshine Underground
Q218837,The Supremes,Baby Love,1182497,D6QF4sB40gU,wikidata,The Supremes
Q2165679,The Surfaris,Wipe Out,22610061,m4IfxAQ4TqQ,wikidata,Smurfstools Oldies Music Time Machine
Q487919,The Sweet,,,,,
Q1310839,The Swinging Blue Jeans,Good Golly Miss Molly,1798564817,jHk1081Unmk,wikidata,45RPMbyJME 
Q2712705,The Tams,"Be Young, Be Foolish, Be Happy",123339068,CAfaR6IuO-4,name,jameycruz2
Q1971690,The Teardrop Explodes,,,,,
Q3437104,The Techniques,,,,,
Q1445090,The Teenagers,,,,,
Q846373,The Temptations,My Girl,538643262,y3KJ7d2qBoA,wikidata,The Temptations
Q285187,The Tempters,Kamisama Onegai!,2668215782,uFWJ_1DbRX4,name,TheTemptersVEVO
Q3523007,The Three O'Clock,,,,,
Q724783,The Tiger Lillies,Heroin,141615213,r_XhlZrL64Q,wikidata,The Tiger Lillies
Q7769269,The Tigers,,,,,
Q1571747,The Time,Get It Up,1422531652,wAEtfP7W6eI,wikidata,The Time
Q7769580,The Tony Williams Lifetime,,,,,
Q765861,The Tornados,Telstar,10395798,,wikidata,
Q1263874,The Tossers,The Rocky Road To Dublin,1286027002,fAsTHMsHnYg,name,Elmarto1814
Q1685123,The Trammps,Disco Inferno,721611,u5lSeYd_riw,wikidata,Tony Mendes
Q1536429,The Trashmen,,,,,
Q943253,The Troggs,Wild Thing,729595152,gSWInYFVksg,wikidata,TheTroggsVEVO
Q627470,The Turtles,Elenore,1467044,f09itrlXcic,wikidata,Turtleshappytogether
Q1501348,The Undertones,,,,,
Q118804,The Undisputed Truth,Smiling Faces Sometimes,2277229,g0WPPAN9JyM,wikidata,1hit1ders
Q286596,The Upsetters,,,,,
Q2253282,The Varukers,,,,,
Q1542725,The Vaselines,Jesus Wants Me For A Sunbeam,1137177912,2yP28UeEBqo,wikidata,agriokuparissi
Q103550,The Velvet Underground,Sunday Morning,61292499,Xhbyj8pqUao,wikidata,The Velvet Underground
Q770732,The Ventures,,,,,
Q2414853,The Verlaines,Heavy 33,92401374,F2GuZTth7cM,name,Red Hot
Q488916,The Verve,Bitter Sweet Symphony,398570642,1lyu1KKwC74,wikidata,The Verve
Q289405,The Vines,Get Free,3099711,asOvnGHwtDU,wikidata,TheVinesVEVO
Q7772770,The Vipers Skiffle Group,,,,,
Q933490,The Walkers,Unity,2522606691,9DSMgVG0--8,name,AirwaveMusicTV
Q14159626,The War on Drugs,Who's That,4248011881,1fMvp6GCyZI,wikidata,The War On Drugs
Q1422720,The Waterboys,We Will Not Be Lovers,1798545747,s4bl2mFBwAQ,wikidata,The Waterboys
Q4372,The Wedding Present,Interstate 5,13830727,zdvvtg2pgBI,wikidata,WeddingPresentTV
Q2121062,The Weeknd,Blinding Lights,908604612,4NRXx6U8ABQ,wikidata,The Weeknd
Q268160,The White Stripes,Seven Nation Army,1153182282,0J2QdDbelmY,wikidata,The White Stripes
Q93346,The Who,Baba O'Riley,2121805,QRTNm6GLJYI,wikidata,TheWho
Q1409039,The Wiggles,Apples And Bananas,3792428572,vVQaKegYJjY,wikidata,The Wiggles
Q12005972,The Winans,,,,,
Q500101,The Wonder Stuff,A Wish Away,1174906,L0P1eNlCQIU,wikidata,TheWonderStuff UK
Q335723,The Wurzels,The Combine Harvester (Brand New Key),3241656,tb63PdPweDc,wikidata,WiggyVideos4
Q2268060,The X-Ecutioners,,,,,
Q192725,The Yardbirds,Heart Full of Soul,93354976,3byqON1lHo4,wikidata,Yardbirdsfan
Q1163207,The Zombies,She's Not There,1983886097,T6cLHNF5N8E,wikidata,The Zombies Music
Q240457,Theatre of Tragedy,Venus,145564734,Vq6AleJIN1o,wikidata,Native
Q600184,Thee Headcoats,Pocahontas Was Her Name,2532835061,,wikidata,
Q109612,Thelonious Monk,Dinah (Take 1),2556443,7qqqSDU1F90,wikidata,Marco Renzini
Q1338638,Them,,,,,
Q3390466,Theoretical Girls,U.S. Millie,1475685142,C3Wbs7-hjZQ,name,SeagreenSerenade
Q781042,Thergothon,Yet The Watchers Guard,3706935,GcmLjvTkjC0,wikidata,DeathUnlimited9
Q162247,Therion,O Fortuna,836867292,Hem0JeHtCjA,wikidata,krmnpocket
Q420880,They Might Be Giants,Istanbul (Not Constantinople),2794831,xo0X77OBJUg,wikidata,ParticleMen
Q546930,Thievery Corporation,All That We Perceive,3826798501,eSRNzNF9rgM,wikidata,Thievery Corporation
Q202314,Thin Lizzy,The Boys Are Back In Town,1101200,wIE5wwvicew,wikidata,Thin Lizzy Official
Q2085247,Thinking Plague,,,,,
Q3524673,Thione Seck,Mathiou,368059961,KRtZtkcNLYQ,name,MoSoW
Q426827,Third Day,Your Words,93236990,KqaA8XBI15o,wikidata,Third Day
Q1754136,This Mortal Coil,Song To The Siren,46042131,HFWKJ2FUiAQ,wikidata,4AD
Q3990545,This Town Needs Guns,"Whatever, Whenever",3325234541,-hu1JWcsYHI,wikidata,françoise bertin
Q562158,Thomas A. Dorsey,,,,,
Q820968,Thomas Brinkmann,Tina,485041622,vdwUog4yCU4,name,Babes Papes
Q455618,Thomas Campion,,,,,
Q27924886,Thomas Jack,Rivers,103270748,g7ZsJ2vWR1Y,wikidata,Song des Tages
Q2270225,Thomas Mapfumo,Jairosi,9014618,z5RI13-I2Mo,name,JCPLU
Q438141,Thomas Morley,,,,,
Q7793491,Thomas Rhett,Somethin' 'Bout A Woman,3080915821,65aNPjAwGnw,wikidata,Thomas Rhett
Q207789,Thomas Tallis,,,,,
Q553908,Thomas Weelkes,,,,,
Q1365889,Thongchai McIntyre,,,,,
Q129464,Thorleifs,Raka rör (Och ös till bäng),61725588,pYvZk7FggtU,wikidata,Jan B kvalheim
Q55635797,Those Poor Bastards,Glory Amen,77094941,Qlq07_8nRGc,name,The Hellbilly Honky-Tonk
Q1027165,Three 6 Mafia,Sippin On Some Syrup & Project Pat),82315628,,wikidata,
Q1165655,Throbbing Gristle,Hamburger Lady,421744762,IZAIrbonUcA,wikidata,SaveMeKaizer
Q1433169,Thursday,Understanding In A Car Crash,1377625542,8-cepZ6K7mY,name-ambiguous,THURSDAYNJHC
Q2430218,Thy Art Is Murder,Holy War,660083012,hf04EYSifjE,wikidata,Thy Art Is Murder
Q3527978,Ti Frère,,,,,
Q761119,Tiamat,Brighter Than the Sun,108671636,ISG4pqTWw48,wikidata,TIAMAT fan - Lyrics
Q124813072,Tidy Boys,,,,,
Q2044704,Tielman Brothers,,,,,
Q233886,Tiffany,I Think We're Alone Now,65121042,w6Q3mHyzn78,wikidata,Tiffany
Q725341,Tiga,Party Time,4105791281,S4VK6_w0zMI,wikidata,Chris Lake and Tiga
Q2164080,Tiger Army,Rose Of The Devil's Garden,378348871,dgu53pXahww,wikidata,Hellcat Records
Q7801491,Tiger Trap,Super Crush,102620288,mD3CN6VQMI0,name,L33n
Q2063678,Tiktak,,,,,
Q563162,Tim Berne,,,,,
Q356487,Tim McGraw,Humble And Kind,1140854232,awzNHuGqoMc,wikidata,Tim McGraw
Q505384,Timbalada,Beija-Flor,4680606,7qbKTSuGTuQ,name,Timbalada
Q11897643,Times New Viking,Fuck Her Tears,3551054631,,wikidata,
Q7806850,Timmy Trumpet,All My Life,3949761081,axlkYsorFMs,wikidata,Timmy Trumpet and 2 more
Q262317,Tinariwen,Erghad Afewo,3608215772,Snu2cGohYC4,wikidata,Tinariwen
Q107452045,Tinlicker,Because You Move Me,378940811,s3O8-vodvKI,wikidata,Armada Music TV
Q2514348,Titica,Atrevido,3265696821,1lCD_gvZjYs,wikidata,Titica Music Oficial
Q6147534,Tito Francia,,,,,
Q1386740,Tito Nieves,De Mí Enamórate,16670365,pQXol38PU00,name,Tito Nieves Oficial
Q1258044,Tito Paris,Dança Ma Mi Criola,11176752,XCeLjMjZSHo,name,Negro Paris
Q317122,Tito Puente,Ran Kan Kan,686146192,NZG5S6ahzKY,wikidata,Tito Puente
Q705847,Tito Rodríguez,,,,,
Q7810465,Tiwa Savage,Koroba,1040540382,5goMslKxEWs,wikidata,Tiwa Savage
Q7810556,Tião Carreiro & Pardinho,Rei do gado,3902622,2gjlZ4cTEUg,name,Tião Carreiro
Q183508,Tiësto,The Motto,1522607422,1_4ELAxKrDc,wikidata,Tiësto
Q7670542,TKA,,,,,
Q7670560,TKZee,,,,,
Q742804,TLC,No Scrubs,1075781,FrLequ6dUdM,wikidata,TLC
Q7670867,TNGHT,,,,,
Q11890,Tocotronic,Im Zweifel für den Zweifel,5137212,kfXiYbfo5Uc,wikidata,Tocotronic
Q7812349,Todd Edwards,The Chant,1269822192,fU3tXW5Nt1c,wikidata,Todd Edwards Fan Crew
Q364875,Todd Rundgren,Hello It's Me,672394,lLeCB7Kn-VE,wikidata,jmms429
Q16056085,Todd Terje,Inspector Norse,1855675487,md2fPTglLSI,name,Todd Terje
Q1253645,Todd Terry,Keep On Jumpin,62927007,Q09XN93Xo98,wikidata,muzikman
Q108291862,Tokischa,Linda,1480970322,CmmTz3W-JO0,name-ambiguous,Tokischa
Q369724,Tom Lehrer,Who's Next?,2926497931,oRLON3ddZIw,name,The Tom Lehrer Wisdom Channel
Q2117272,Tom Petty and the Heartbreakers,Learning To Fly,2293281,s5BJXwNeKsQ,wikidata,Tom Petty & The Heartbreakers
Q1345690,Tom Turpin,,,,,
Q1375576,Tom Zé,"Jimmy, Renda-Se",123219666,OxEWzWe3IsA,name,bonbonfabrik
Q11278859,Tomas Marin,,,,,
Q50385238,Tomasa del Real,Perra del Futuro,502477282,zgb5uyqwSCI,name,Nacional Records
Q729964,Tomatito,Al Tío Juan Habichuela,78161617,wJarELMRIxo,name,Nuevos Medios
Q2258587,Tommy Collins,"Poor, Broke, Mixed up Mess of a Heart",130851574,nAN7QIKwQ28,name,misterhonkytonk
Q313529,Tommy Dorsey,You're My Everything,8106432,3tSu0OkX9aI,name,VintageMusicFm
Q7819562,Tommy Jarrell,Little Maggie,103833286,,name,
Q7819686,Tommy McLain,I Need You So,65133116,5W3SDajoNxc,name,tony torres
Q3992914,Tommy Riccio,L' amica di mia moglie,16459440,geEQl7x6oPw,name,FRANCESCO O' CINES
Q1335207,Tommy Roe,Dizzy,855963032,arpidGq8SlA,name,The Dancing Troll
Q63699444,Tommy Wright III,Street Sh*t,2977668371,,wikidata,
Q11373892,Tomoko Aran,Midnight Pretenders,6642148,KZyS-ms6-RA,wikidata,Mazori
Q24872872,Tomoyuki Hamada,,,,,
Q2441201,Tompall Glaser,I Ain't Looking for the Answers Anymore,489527272,,name,
Q47502796,Tomppabeats,,,,,
Q215128,Tomás Luis de Victoria,,,,,
Q1552233,Tone Lōc,Hit the Coast,75071227,l2phbDa9FKE,wikidata,capadociabrother
Q7821003,Tongai Moyo,,,,,
Q7821391,Tonico & Tinoco,,,,,
Q1371393,Tony Allen,Go Back,423535352,8-hMkHkoFrU,wikidata,Tony Allen Afrobeat
Q296729,Tony Bennett,When Do the Bells Ring for Me,13784696,W9k1WTuZOMc,wikidata,Tony Bennett
Q481477,Tony Conrad,,,,,
Q1322694,Tony De Vit,The Dawn,3763389072,dfzkHmCQySQ,name,magoo4president
Q3993250,Tony Humphries,Work Is Work (Her Wet Shoes TV),1230214362,,name,
Q983338,Tony Joe White,Polk Salad Annie,67515798,MCSsVvlj6YA,wikidata,luckyjim1000
Q44078,Tony MacAlpine,Tears Of Sahara,1761519947,OBgaksTijkQ,name,EMGtv
Q3531839,Tony Muréna,,,,,
Q1390373,Tony Rice,Church Street Blues,4761023,LAoogGig-Fw,name,Tony Rice
Q158223,Too Short,Blow the Whistle,15053341,CBJtzEKetBM,wikidata,Too $hort
Q184827,Tool,Pneuma,740969222,5ClCaPmAA7s,wikidata,TOOL
Q845465,Toots and the Maytals,54-46 Was My Number,3856488771,jEfrbtN_HLA,wikidata,SoundLab.𝟜𝕂
Q9360045,Top One,Miła moja,912624942,svTTFfBM6fM,name,TOP-ONE OFFICIAL
Q193744,Tori Amos,Cornflake Girl,675582,w_HA5Czhtx4,wikidata,UPROXX Indie Mixtape
Q1590013,Toro y Moi,Millennium,1600447722,w9eROFavzdI,wikidata,Toro y Moi
Q7826218,Toroidh,,,,,
Q1412030,Tortoise,,,,,
Q18353558,Tory Lanez,The Color Violet,1579438382,GfAPEko4rbU,wikidata,Tory Lanez
Q7827686,Toshiki Kadomatsu,,,,,
Q16733139,Toshimaru Nakamura,Nimb#59,2333152415,xOGMpNS6CYc,name,Late Night Tales
Q3995971,Totalitär,Älskade USA,4248310501,1tse2JWTNeo,name,DeNihilRecords
Q207472,Toto,Africa,1079668,FTQbiNvZqaY,wikidata,TOTO
Q7828521,Totó la Momposina,,,,,
Q380711,Toumani Diabaté,Salaman,1787739397,LKifX2qwRCY,wikidata,Chrysalis Records
Q2141857,Tourniquet,Onward to Freedom,89943821,en0BQEp3Ufo,wikidata,Tourniquet Official
Q1193049,Towa Tei,GBI (GERMAN BOLD ITALIC),935853992,HHpGq_1lTi0,name,Boushh Organa
Q740729,Townes Van Zandt,Waiting Around to Die,596577332,LGMOX8NpuR0,wikidata,Townes Van Zandt
Q1786798,Toxik,Heart Attack,2903300,GNGUblgCjMs,name,TOXIK Metal
Q749050,Toy-Box,The Sailor Song,60734859,qlti8Q-gU-Q,wikidata,Toy-Box
Q749426,Trace,Run It Up,637354472,S7L3kBoBero,name-ambiguous,Trace.
Q187814,Tracy Chapman,Fast Car,2271563,AIOAlaACuv4,wikidata,Tracy Chapman
Q1360643,Trans-Siberian Orchestra,Christmas Canon Rock,14615502,b8WVlk-iRTo,wikidata,Trans-Siberian Orchestra
Q842642,Transglobal Underground,Delta Disco,620501342,GCIszXujhYw,wikidata,whammo64
Q160103,Travis,Sing,657204992,eYO1-gGWJyo,wikidata,Travis
Q13605596,Travis Scott,goosebumps,132201196,Dst9gZkq1a8,wikidata,Travis Scott
Q3989691,Treacherous Three,Feel The Heartbeat,4082877691,Hk_DBrjtH0s,wikidata,HOUSEWARMING
Q6978753,Trees,,,,,
Q598585,Triana,,,,,
Q820664,Triarii,,,,,
Q7840359,Tribe 8,Lezbophobia,8338874,EscvnsDCYOk,name,MikeyRemembers
Q2383421,Trichy Sankaran,,,,,
Q919386,Trick Daddy,Let's Go,662061,-YnO8vCDCHU,name-ambiguous,Trick Daddy
Q313627,Tricky,I'm Yours,3960279701,Api8tCZu5rs,wikidata,Trickyofficial
Q20019100,Tricot,混ぜるな危険,2056229137,WC3VuXS_4xA,name,tricot Official Channel
Q3998800,Trillville,Some Cut,1416125702,WZd2MEOvdQ4,name,UPROXX
Q666495,Trilok Gurtu,Maya,2507032,xhYAy-zBYoY,name,Cannabass
Q2453750,Trio,Da Da Da ich lieb dich nicht du liebst mich nicht aha aha aha,2531310,RCdNmkjd6qg,name-ambiguous,TRIO
Q1077637,Trio Matamoros,Lágrimas Negras,3325971591,SA0Rkdfkh0Y,name,78rps
Q12339779,Trio Mio,Cheza Kama Wewe,1168740232,SV8vqXwTff4,name,Trio Mio Official
Q3998921,Trio Mocotó,Não Adianta,601854732,7fb4l0cUe20,name,The Sound Of Brazil
Q10384826,Trio Nordestino,,,,,
Q15452907,Trip Lee,Sweet Victory,1089567442,982PKhPsIHk,wikidata,Reach Records
Q40890697,Trippie Redd,Forever Ever,2495396741,PO1nPENPTKs,wikidata,Vxery
Q2300231,Trisomie 21,The Last Song,1130751332,Hm6arfxmPzc,name,trisomie21official
Q708501,Tristan Murail,,,,,
Q390684,Trivium,Dead Inside Of Me,4266628122,I5qZI_v8eGs,wikidata,Trivium
Q7845381,Trompies,Sweety Lavo,2147870257,UHKBXAgmo1g,name,Trompies
Q2062170,Trouble,The Tempter,1608891062,M0RXSkh2JI0,wikidata,WhiteTrumpetSound
Q281888,Trouble Funk,Pump Me Up,1858876007,xg5IRsPs5E8,name,veewee
Q7489104,Truckfighters,Calm Before the Storm,133094942,cIFw48eV61Y,name,Century Media Records
Q7847550,True West,Hollywood Holiday,654586672,wSQARW4_aq0,name,sa-wa-ro
Q7849095,Tránsito Cocomarola,,,,,
Q3171491,Tsvetelina Yaneva,Филм за нас,1620933412,JrcLeo7t0_g,name-ambiguous,Tsvetelina Yaneva
Q3510150,Tunde Nightingale,,,,,
Q1079264,Tunng,Abop,3077482301,ovVOUeKjaNU,wikidata,Full Time Hobby
Q6107,Tupac Shakur,Changes,910693,eXvBjCO19QY,wikidata,2Pac
Q4000594,Turf Talk,Money On Ya' Head,3641357352,268QCGwWSOc,wikidata,lyricalslonglost
Q3542298,Turgun Alimatov,,,,,
Q7856100,Turnpike Troubadours,Good Lord Lorrie,18164467,Y6keCiy4TPw,name,Red Dirt Snake
Q192983,TVXQ,주문-MIROTIC,728457722,HtJS32n6LNQ,wikidata,SMTOWN
Q1781747,Twelfth Night,We Are Sane,655126052,yp68nZLGcLE,name,Background Magazine
Q7857806,Twenty One Pilots,Stressed Out,99976952,pXRviuL6vMY,wikidata,Fueled By Ramen and twenty one pilots
Q20645861,Twice,"TAKEDOWN (JEONGYEON, JIHYO, CHAEYOUNG)",3412534541,_cpn7cDJsD4,wikidata,onlymaruu
Q448638,Twista,Slow Jamz,528869541,jI-w4gvkCkQ,wikidata,TWISTA
Q272239,Twisted Sister,We're Not Gonna Take It,3803466302,4xmckWVPRaI,wikidata,Twisted Sister
Q1849210,Twiztid,We Don't Die,2310387,hSVSNx4nNe4,wikidata,Twiztid Official
Q7859785,Ty Dolla Sign,DON'T KILL THE PARTY,3606605812,M2HctpHfaQU,wikidata,Ty Dolla $ign
Q2044389,Tyagaraja,,,,,
Q3608376,Tycho,,,,,
Q7859802,Tye Tribbett,New,1761437267,uxmguZS_KZo,name,Tye Tribbett
Q1753013,Tygers of Pan Tang,Forevermore,3923727641,OgDQaMYffZg,wikidata,ROCK KING
Q121820034,Tyler ICU,Mnike,2233096607,,wikidata,
Q167635,"Tyler, the Creator",See You Again,384157591,TGgcC5xg9YI,wikidata,"Tyler, The Creator"
Q633405,Type O Negative,I Don't Wanna Be Me,3583465,LXIWRan3XGY,wikidata,Roadrunner Records
Q63067885,Tyrannosaurus Rex,,,,,
Q1522392,Tyree Cooper,Video Crash,526866,DEf6D1lIePc,wikidata,DJ FLIK
Q721043,Tyrone Davis,In the Mood,831125,p2N7WFKwiaQ,name,R&B .Music (R&B Music)
Q524495,Týr,Hold the Heathen Hammer High,137811665,fu2bgwcv43o,wikidata,Napalm Records and Týr
Q1356920,U-Roy,,,,,
Q2038634,U. Srinivas,,,,,
Q396,U2,Silencio,4295970472,1mCN-RDh0-0,wikidata,U2
Q62030625,Uada,Djinn,2135637977,29pekV40PO4,name,Eisenwald Official
Q560153,UB40,Kingston Town,3167612,9c4KAnQpdGw,wikidata,UB40
Q7876960,Uday Bhawalkar,,,,,
Q155236,Udo Jürgens,Griechischer Wein,584325,D8hAhqDcVRA,wikidata,Udo Jürgens
Q1153351,UGK,Quit Hatin' the South,465678842,zgpWs_uPPOI,name,Clean That Ish!
Q99674255,Uk Apache,Original Nuttah 25,735965072,GclYmrvWyuY,name,SHY FX
Q269614,Ulcerate,The Dawn is Hollow,2659630742,l31Xj44vJEA,wikidata,Debemur Morti Productions
Q156139,Uli Jon Roth,Air De Aranjuez,106129594,,wikidata,
Q23776017,Ulises Mauro Bueno,,,,,
Q1888098,Ultima Thule,,,,,
Q444309,Ultra Naté,Free,3803003322,JgRBkjgXHro,wikidata,Strictly Rhythm and DECADR
Q22909533,Ultra-Sonic,,,,,
Q316485,Ultravox,Dancing with Tears in My Eyes,1787621717,PSQWUZ8a2Ho,wikidata,Ultravox
Q780588,Ulver,I Troldskog Faren Vild,627306662,M3Ubctz2ywA,wikidata,FranzBCocq
Q7881749,Umphrey's McGee,Come as Your Kids,131107730,2YYOXSIy0RY,wikidata,Umphrey's McGee
Q465220,Unanimated,Life Demise,856591012,1ohO-i73bzc,name,HassDeathMetal
Q14197609,Uncle Acid & the Deadbeats,,,,,
Q2492614,Uncle Dave Macon,Comin' Round the Mountain,712594812,-T3pX-pJe9s,name,Tim Gracyk
Q1473092,Uncle Tupelo,Sandusky,13200463,kHqMNBCW2sY,wikidata,MrAlstec
Q109406884,Uncle Waffles,ZENZELE,3279587931,MHcp9rRPIWQ,wikidata,Uncle Waffles
Q110808631,Underground Resistance,,,,,
Q913673,Underoath,Reinventing Your Exit,3091798,ENLw_1TK6Ms,wikidata,Underoath
Q849429,Underworld,,,,,
Q1735960,Uneven Structure,Awaken,65349205,bbLz5lNcHi0,name,BASICK RECORDS
Q2733408,Unida,Left Us To Mold,2070396,I2tmmRRRLu0,name,Eduardo Beltrocco
Q2908818,Union Jack,,,,,
Q104520548,Unique 3,,,,,
Q7771583,Units,,,,,
Q2116423,Univers Zéro,Dense,86016651,USICNT7QNUQ,name,ISSEHN
Q782134,Unk,,,,,
Q60194717,Unknown T,NO GOOD,4273848372,byW76OYuZ3U,wikidata,Unknown T
Q168290,Unsane,,,,,
Q24548680,Upchurch,Holler Boys,3941069481,7K8Wynzt7tc,wikidata,Ryan Upchurch
Q7899283,Upsilon Acrux,Bicycle Race,67225747,55VY_xkUWK8,name,fleshtreesbloom
Q7899931,Urban Hype,Ruve,1201473752,qOc9Pz-45Rc,name,Urban Hype
Q1755857,Us3,Cantaloop (Flip Fantasia),3361453,JwBjhBL9G6U,name-ambiguous,Us3videos
Q165911,Usher,Yeah!,13783449,GxBSyx85Kp8,wikidata,Usher
Q7902265,Usurp Synapse,Modulator/Demodulator,11151368,LirANAGblmM,name,Zegema Beach Records
Q2036827,Utah Saints,Something Good,436140182,f7hlMR-Xn9I,wikidata,Utah Saints
Q60659,Ute Lemper,Parler d'amour,2276649,uY_XkZWtElc,name,platine 45
Q2505257,V. Selvaganesh,,,,,
Q4226573,Vadim Kozin,,,,,
Q935982,Vagif Mustafazadeh,,,,,
Q1929085,Valdir Azevedo,Brasileirinho,1501108782,,wikidata,
Q5068769,valentin,,,,,
Q963396,Valentín Elizalde,Te Quiero Así,125542144,sT_WvWbdHvw,name-ambiguous,Valentin Elizalde
Q32927,Valery Leontiev,,,,,
Q190155,Van Halen,Jump,97098410,SwYN7mTi6HM,wikidata,Van Halen
Q153172,Vangelis,Light and Shadow,726824,Uj0i_H3lzEU,wikidata,julia8203
Q313578,Vanilla Ice,Ice Ice Baby,2397026,rog8ou-ZepE,wikidata,Vanilla Ice
Q2992193,Vanity 6,,,,,
Q7916376,Vasantrao Deshpande,Ya Bhavanatil Geet,2066613897,eTRMBTez_yU,name,Alurkar Music House
Q297486,Vashti Bunyan,How Could You Let Me Go,2517306391,7ZX-2XGzzxQ,name,Light in the Attic
Q1500297,Vasilis Tsitsanis,,,,,
Q124408930,Veeze,,,,,
Q1573029,Veil of Maya,Red Fur,3388576251,_KEdxh2FdwI,wikidata,SUMERIAN
Q2512236,Vektor,Tetrastructural Minds,62455853,T04QFKnBIiM,name,Earache Catalog
Q16235124,Vektroid,VISIONSTATE LOGISTICS 1 partial recovery,2624781022,DxxbIoPPU3c,name,Beer Video
Q375950,Velvet Acid Christ,Caustic Disco,34998691,bkIuZ51hGMU,name,Dependent
Q6160277,Veneno,,,,,
Q120204,Venetian Snares,Hajnal,71542450,FbJ63spk48s,name,Marginales
Q936010,Vengaboys,We Like To Party! (The Vengabus),1802244617,6Zbi0XmGtMw,wikidata,Vengaboys
Q192861,Venom,Don't Burn the Witch,3786484682,E96Gw1Upi48,wikidata,venom
Q2372239,Venâncio Mbande,,,,,
Q2813687,Vernian Process,Something Wicked (That Way Went),77298676,qsRh83BXvOE,name,mirtasmiddlefinger
Q769325,Versailles,Vampire,12441093,v5HJYPF9cDE,wikidata,Versailles official
Q2063684,Vesta Tilley,,,,,
Q1692558,Vetiver,Time Flies By,102331072,I5B8D00pngs,name,Easy Sound Recording Co.
Q19744918,Via Vallen,Sayang,3711887712,UtjFu8c_goE,name,ascadamusik
Q2905142,Vibe Tribe,,,,,
Q914209,Vibrasphere,Ensueno,6403270,CEmMuUzotCU,name,theskyscatcher
Q2001096,Vice Squad,Last Rockers,1663358432,,name,
Q505159,Vicente Amigo,Roma,63461890,7oM3a_9_qZQ,name,Vicente Amigo Oficial
Q2067516,Vicente Feliú,Créeme,11189234,BcnArkaNQLY,name,La Página de Silvio Rodríguez
Q119069,Vicente Fernández,Mujeres Divinas,13378494,xa2GLqL12Zk,wikidata,vicentefernandez®
Q386747,Vicious Rumors,Don't Wait for Me,3663794,dK20cINf7Z4,wikidata,Damn it Chloe!
Q7926207,Victor Olaiya,,,,,
Q6161554,Victoria Santa Cruz,,,,,
Q543443,Victoria Spivey,Dope Head Blues,1537854,wSX-oidnLQE,name,warholsoup100
Q2385299,Vidna Obmana,,,,,
Q517506,Vieux Farka Touré,Diarabi,1810213337,NnE73tTRPmg,name,Khruangbin
Q2916422,Viguen,Shaneh,12591758,G05AxImGJZ8,name,TaranehEnterprise
Q644865,Vikingarna,Leende guldbruna ögon,130890804,8Vm8i-2a3is,wikidata,Vikingarna1000
Q1395417,Vilayat Khan,Ragmala in Khammaj and Bhatiyalli Dhun,715285102,,name,
Q722960,Vildhjarta,"+ röda läppar, söta äpplen +",3243282661,-wWD0IoBchU,name,Knnt
Q219874,Village People,Y.M.C.A.,436646702,CS9OO0S5w2k,wikidata,Village People
Q6164438,Vina Panduwinata,Surat Cinta,84139695,Kpd5F8Mxg7o,name,wave music
Q34398202,Vini Vici,Adhana,852463422,UQXiei9Cv10,wikidata,Vini Vici
Q252200,Vinnie Moore,Lifeforce,112601762,IE2Jx2TCzCE,name,Warleyson Almeida
Q27306126,Vintage Culture,Toxic,4043532201,6RMRN45EBOM,wikidata,Vintage Culture and 2 more
Q10715833,Vinterland,Vinterskogen,1593336061,EapeGGH4ew4,name,Kongh
Q480084,Vinterriket,‚Ä¶Endlos Und Karg‚Ä¶,63222922,,name,
Q333856,Vinícius de Moraes,Carta Ao Tom 74,4675916,kxpB-az8zuM,name,BossaNovaVEVO
Q1134615,Violent Femmes,Blister In The Sun,1444381022,G89chAA4l8s,wikidata,Violent Femmes
Q230499,Violeta Parra,,,,,
Q1569811,Visage,Fade To Grey,2285082,UMPC8QJF6sI,name-ambiguous,VisageVEVO
Q455732,Vitalic,Poison Lips,3625529952,I2dfGC1oziE,name-ambiguous,vitalicofficial
Q105467202,Vitor Fernandes,Acaso,1043122742,1v_-9n-QDyY,wikidata,Vitor Fernandes
Q3561554,Vivian Girls,Something To Do,1982234127,,wikidata,
Q16941093,Viviane Batidão,,,,,
Q1396717,Viviane Chidid,Nous 2,4136418071,mPME3hyBMlU,name,Viviane Chidid Officiel and Wally Seck Officiel
Q133687181,Vjuan Allure,Majik Dustt,726696312,,name,
Q1322803,Vladimir Ussachevsky,,,,,
Q512,Vladimir Vysotsky,Кони привередливые,949873462,4hQQ4i7bf4U,name-ambiguous,Владимир Высоцкий
Q779451,Vladislav Delay,Raamat,1299540,UNSlqa7pJKo,name,Vladislav Delay Fans
Q727124,VNV Nation,Beloved,2367304295,Kfc3zcnrWMQ,wikidata,Gamer2k4
Q845926,Voivod,Angel Rat,392027082,,name,
Q105525534,Voodoo Church,Rest in Peace,854188222,HugT9oEWhvc,name,ruinedcities2
Q604695,Voodoo Glow Skulls,Shoot the Moon,378275271,TPI1XEO0c64,name,Música por Inclusión - MxI
Q1640550,Vreid,Echoes of Life,3642717952,,wikidata,
Q7907572,VST & Co.,Ikaw Ang Aking Mahal,659625532,rHYZsbM7Dp8,wikidata,Viva Records
Q1357035,Vybz Kartel,Xrated,3594819332,,wikidata,
Q1891477,W&W,Impacto (Makina),4271036522,VuIkd-NfG4M,wikidata,W&W and Nanna Makina
Q10838330,Wabi Daněk,"Píseň, Co Mě Učil Listopad",505874772,cwGQUYtumek,name,HomoHumanus
Q4115951,Wadie Elsafi,,,,,
Q571125,Waka Flocka Flame,No Hands,7303329,skhxizRYxps,wikidata,Waka Flocka
Q3565258,Waking the Cadaver,Chased Through the Woods by a Rapist,143933030,bJCz4sQYSRI,name,SatanicBrutalStudios
Q7129012,Waldick Soriano,Tortura de Amor (Ao Vivo),571251052,,name,
Q2273534,Waldjinah,,,,,
Q53835066,Wally Bastiansz,Bubby Achchi,3912254221,3uBDSqXa0l0,name,RohMal
Q96945267,Wally Seck,,,,,
Q7965248,Walter Jagiello,,,,,
Q2545712,Walter Olmos,Por lo que yo te quiero,7537431,u2Vvxngbn9U,name,Walter Olmos
Q44385,Walther von der Vogelweide,,,,,
Q235223,Wanda Jackson,Funnel Of Love,1110604392,BXV19NfP3hA,wikidata,papillionization
Q7967244,Wanderléa,Prova de Fogo,104549916,2vvuHpP9Hjw,wikidata,Marcelo Lopes
Q3486426,Wando,,,,,
Q251068,Wang Leehom,Another Heaven,2312146515,MiuRQ3YiU6Q,name,nuyumi
Q2661106,War of Ages,From Ashes,80200290,OtTtk85Xl74,name,FacedownRecords
Q2120164,Wardruna,Helvegen,2829260192,IUcYnaC3INs,wikidata,TheHobbitOfBagEnd17
Q140393557,Warface,Rave From The Grave,2612291102,,wikidata,
Q1631685,Warrant,Cherry Pie,594917,OjyZKfdwlng,wikidata,Warrant Official YouTube Channel
Q319585,Warren G,Regulate,953902,1plPyJdXKIY,wikidata,Warren G
Q7970504,Warren Storm,Jambalaya,75648543,NK4ueSVWsRw,name,ega kali
Q328968,Washboard Sam,Diggin' My Potatoes,1758184027,XnxeyOV0u38,name,hyperdiabolical
Q1627479,Washed Out,Feel It All Around,641606502,X-ebZt_plw0,wikidata,Ovidio Calvo
Q7973034,Watazumi Doso,,,,,
Q91178,Watchtower,Hidden Instincts,3785943992,xM26wMIr1LA,wikidata,TheZombieXecutioner2
Q30132659,Wave Racer,Bubble Wrap,2471962431,IxmM9OlO5Ow,wikidata,haku
Q1406448,Wavves,Pinesol,4276757042,,wikidata,
Q1431341,Way Out West,Tuesday Maybe,369171801,vIHgpRpu2CA,wikidata,Way Out West
Q1394264,Waylander,Born to the Fight,113386250,hpPMmhmmMdk,name,dusadusa222
Q251287,Waylon Jennings,I'm a Ramblin' Man,597506,BoXq7Hc6KDU,wikidata,Waylon Jennings
Q317161,Wayne Shorter,Infant Eyes (Remastered1998/Rudy Van Gelder Edition),3104571,,name,
Q7976922,Wazimbo,Nwahulwana,130126103,FOskk0xlUG0,name,Piranha Records
Q1120697,Weather Report,Birdland,30685421,rI87xvv-OJE,name-ambiguous,Weather Report Music
Q1347695,Webb Pierce,You're Not Mine Anymore,2234634777,wjQV2QFhxDQ,name,Wayne “BigNobody” Harvey
Q3709624,Webert Sicot,"Sur Ton Visage, Une Large",8252373,xoIpQFN3z8s,name,Prodromos Michailidis
Q538634,Wednesday 13,Bad Things,3588424,odmJfoi_RQA,name,Solcis
Q7979339,Weedeater,,,,,
Q9371848,Weekend,,,,,
Q2117518,Ween,Ocean Man,6615049,tkzY_VwNIek,wikidata,ElectromaMV
Q209956,Weezer,Island In The Sun,2544628,erG5rgNYSdk,wikidata,weezer
Q110388398,Wegz,Msh Khalsa,1595966671,E0FOgrBe4DY,wikidata,Wegz ويجز
Q2555179,Weidorje,Vilna,4960214,,name,
Q279778,Wendo Kolosoy,Marie-Louise,69422927,e6yOvOzdNAU,name,DOMINIQUE KYELE (DODO)
Q27733794,Westside Gunn,,,,,
Q1131337,While Heaven Wept,To Wander the Void,7365381,HfUmhX7I4Xg,wikidata,Metalmalm
Q1240650,Whiskeytown,Finally Me,4291159312,,wikidata,
Q10719888,White Ring,IxC999,13842500,_7XJHiLSKKk,wikidata,Ganshat
Q740623,White Zombie,Thunder Kiss '65,2294415,yPNFVj-pISU,wikidata,WhiteZombieVEVO
Q1138974,Whitechapel,Prisoner 666,3122684111,YJ0bofXlfyw,wikidata,Metal Blade Records and Whitechapel
Q734907,Whitehouse,,,,,
Q34389,Whitney Houston,I Will Always Love You,7675403,3JWTaaS7LdU,wikidata,Whitney Houston
Q71787,Widespread Panic,Ain't Life Grand,76189787,5_qKSMitgNE,wikidata,Widespread Panic
Q637771,Wilco,Via Chicago,779193,x4PQmH1dE0A,wikidata,wilcoclubvideos
Q1395589,Wildstylez,Hollow,3122334581,1kERLyFevxg,wikidata,Art of Creation
Q936479,Wiley,Boasty,3783076252,Vo6XYUJ7Eys,wikidata,Wiley
Q124670,Wilf Carter,The Calgary Roundup,1326270482,_TElQQfZfX4,name,vinyhilist
Q973166,Wilfrido Vargas,Abusadora,13270385,WmBTS0niDbM,name,Wilfrido Vargas
Q15139979,Wilkinson,Afterglow,88449443,I9QGpHScGug,wikidata,WilkinsonMusic
Q16325425,Will Sparks,Ah Yeah So What,2405945225,P-aTU6X5yW8,wikidata,Will Sparks
Q4459467,Willi Tokarev,,,,,
Q505747,William Basinski,dlp 3.1,2252768137,,name,
Q208375,William Byrd,,,,,
Q8008040,William Duckworth,,,,,
Q2484851,William L. Dawson,,,,,
Q8016354,William Onyeabor,Fantastic Man,70769616,xyL4c_LDCl0,name,Luaka Bop
Q16218886,William Tyler,Arrival,3552044621,,wikidata,
Q1773956,"Willie ""The Lion"" Smith",,,,,
Q1388336,Willie Colón,Oh Qué Será?,686077142,2jXtJxtoRd8,wikidata,Fania Records
Q204092,Willie Dixon,Spoonful,848549,6HMafOfhAus,wikidata,labmusicgo
Q206112,Willie Nelson,On the Road Again,17479920,dBN86y30Ufc,wikidata,Willie Nelson
Q321160,Willy Alberti,Una Furtiva Lagrima (uit L'Élisir D'Amore),123239336,,name,
Q312270,Wilson Pickett,Land of 1000 Dances,688927,HVs6X_ouQF8,wikidata,King of the House Media
Q1398096,Wimme Saari,Rock (Bákti / Kallio),584515302,,name,
Q928093,Windir,1184,627314532,QqvE9uoBeHw,name,Anno Domini1991
Q8024793,Windward Caribbean Kulture,,,,,
Q522849,Winger,Seventeen,3785439242,GlN3oEjMpUQ,wikidata,Winger
Q622988,Wings,Goodnight Tonight,126367789,tbKjMVcB7No,wikidata,Kitsu Beatles
Q8026083,Winston Fitzgerald,,,,,
Q1527319,Winston Mankunku Ngozi,Give Peace a Chance (Een Liedjie Vir Saldanha Bay),2476585841,,name,
Q3569409,Winterkälte,Stop Ecocide,3141840621,a3vABN8kjeg,name,Dominic F. Marceau (DFM)
Q1135620,Wire,I Am the Fly,444231552,LngKY5LvKtI,wikidata,wirewehear
Q910354,Wisin & Yandel,Rakata,2960711,ZaPSdDBnpZ4,wikidata,Tropical Party!
Q18395212,Witch,,,,,
Q1814408,Witchfinder General,Death Penalty,1279655372,V2ZUTN8SgFo,wikidata,Dan Burton
Q57138,Within Temptation,Faster,1222202262,iQVei5C2N4E,wikidata,Within Temptation
Q156472,Witold Lutosławski,,,,,
Q715624,Witold Szalonek,,,,,
Q24928699,Wiwek,Killa,119556322,ph9OpHxkjI4,wikidata,Skrillex
Q117139,Wiz Khalifa,See You Again,95813354,RgKAFK5djSk,wikidata,Wiz Khalifa
Q644876,Wizex,Tomten kommer snart,3885120,MsOdaFyU9SA,wikidata,Hektor3650
Q16233663,Wizkid,Joro,705337482,FCUk7rIBBAE,wikidata,StarBoy TV
Q323063,Wolf Biermann,Ermutigung,1984285937,khwvWwZy5qY,name,Wolf Biermann
Q1365306,Wolfbrigade,Doomrunner,4180591462,P8dd_gvm0sw,wikidata,Metal Blade Records
Q254,Wolfgang Amadeus Mozart,"Turkish March, Piano Sonata No. 11 in A Major, K 331 (Mozart)",5212655,,name,
Q49010,Wolfgang Gartner,Illmerica,68771625,G_rQ6Av0gMY,wikidata,Ultra Records
Q763887,Wolves in the Throne Room,Vastness And Sorrow,16367238,GkJamcKXNrw,wikidata,Southern Lord Records
Q4061,Woody Guthrie,Tear The Fascists Down,111776914,jKVnur5DkdI,wikidata,Mshrms
Q349357,Woody Herman,La Fiesta,927419,OTxRfLpB3AE,wikidata,lorenzo laudicina
Q16199899,Wookie,,,,,
Q1701447,World Class Wreckin' Cru,Turn off the lights,8256626,8tXHQNWNZjk,name-ambiguous,World Class Wreckin' Cru
Q665143,Wovenhand,Ain't No Sunshine,3741346622,XzesfqXqMhk,wikidata,Άγγελος Σιδέρης
Q943592,Wreckx-n-Effect,Rump Shaker,1762377537,vJXwFc7OqXs,wikidata,Lyrics 90's
Q436236,Wu Man,,,,,
Q710402,Wu Yingyin,,,,,
Q52463,Wu-Tang Clan,C.R.E.A.M. (Cash Rules Everything Around Me),541322,8SHgUHw4KA0,wikidata,RTHLSS Ent.
Q200717,Wynn Stewart,"Another Day, Another Dollar",1164755352,ZeG1e7nsNIg,name,ClassicCountry1978
Q326649,Wynonie Harris,Quiet Whiskey,930159712,F_lJMRb12Is,name,Jarski J.
Q273076,Wynton Marsalis,Timelessness,639247492,yiLu1jPhUXg,wikidata,Wynton Marsalis
Q179767,X Japan,Endless Rain,46244161,QhOFg_3RV5Q,wikidata,X Japan Official
Q3091084,Xabier Lete,,,,,
Q327072,Xandria,Northstar,4033784141,1rL7_c_yn90,wikidata,Napalm Records and Xandria_Official
Q1348912,Xasthur,Screaming at Forgotten Tears,414539912,HOHRnekTBN4,name,Zecacavaludo#𝖘𝖊𝖎𝖙𝖆
Q122731572,Xaviersobased,Party At My Place,3821494271,qnLZzAL6x60,name,xaviersobased and Skrillex
Q2236728,Xenomorph,Subspecies,63185690,Zhv2b701FrI,name,evil chuck
Q644458,Xmal Deutschland,Incubus Succubus II,946021,,name,
Q12712669,XPDC,Ct Cinta Kenangan Silam,623919102,AkkV062Q0NM,name,Life Records Malaysia
Q89689870,XS Project,"Bochka, Bass, Kolbaser",129107338,mM14xW7edWM,name,XS Project
Q3571048,Xscape,Just Kickin' It,15176288,w_BTEFAVwjU,wikidata,Xscape
Q1413926,XTC,Making Plans For Nigel,3135763,n-X3Wy-svIY,wikidata,XTCVEVO
Q28561969,XXXTentacion,Moonlight,472992592,GX8Hg6kWQYI,wikidata,XXXTENTACION
Q543604,Xysma,Final Episode,2117554767,,name,
Q2747854,Yaakov Shwekey,Am Yisrael,3749390182,V_Yp6fvRp6s,wikidata,Zeneca
Q10678,Yann-Fañch Kemener,,,,,
Q234716,Yanni,Prelude,570784862,_jaGPxHMX1I,name-ambiguous,Yanni
Q3574246,Yannis Spanos,,,,,
Q1189731,Yao Lee,,,,,
Q8049252,Yarbrough and Peoples,,,,,
Q137804,Yat-Kha,Karangailyg Kara Hovaa (Dyngyldai),435540242,tXgzc--MgvA,name,Евгений Ефимов
Q4022598,Yatsuhashi Kengyo,,,,,
Q60827,Yawning Man,Perpetual Oyster,78182463,ib0E5OkQXbg,wikidata,LSR
Q641858,Yeah Yeah Yeahs,Spitting Off the Edge of the World,1745402797,ckM_TklU_AQ,wikidata,yeahyeahyeahsmusic
Q8050892,Year of No Light,"Interdit aux Vivants, aux Morts et aux Chiens",1340992412,QHp9jL22dpE,wikidata,ARCHIVES-LIVE Ben Lx
Q108761978,Yeat,Back Home,3924125091,HIg0HJeLdJ8,wikidata,Yeat
Q15613707,Yellow Claw,CRUSH,2655932922,bwl6njgJ34Q,wikidata,Yellow Claw
Q854590,Yellow Magic Orchestra,Technopolis,413315002,zFADf3CW8zI,wikidata,YMO Unofficial
Q711228,Yellowman,,,,,
Q265454,yelworC,,,,,
Q935401,Yerba Brava,La Cumbia De Los Trapos,1708236627,mzpIMywe648,name,Yerba Brava
Q184386,Yes,Owner of a Lonely Heart,3613215,SVOuYquXuuc,wikidata,yesofficial
Q3076050,YG,My Nigga,1051746312,MSrTnWDTdwI,wikidata,YG
Q942668,Ying Yang Twins,Wait (The Whisper Song),2375108,HAnXIIv5He8,wikidata,Radial by The Orchard
Q239030,Yma Sumac,Goomba Boomba,3225373,Y4uQYzV8Izc,name,"Chansons, Folklore et Variété"
Q1150056,YMCK,Sasetsushite Usetsushite,106990950,,name,
Q192260,Yngwie Malmsteen,Rising Force,1159257,n27v6p93Yxo,wikidata,Roberto Molina G.
Q221021,Yo La Tengo,Leaving Home,3050208391,GcuXOtwZSiw,wikidata,obama420
Q95688943,Yoasobi,アイドル,2210493097,ZRtdQ81jPUQ,wikidata,YOASOBI and Echoes
Q13019128,Yodrak Salakjai,,,,,
Q48778115,Yodé & Siro,Signe Zo,3622898692,,name,
Q30937500,Yogee New Waves,PRISM HEART,2127547487,K9F5pZ8BE1M,name,Kitty Vitta
Q709234,Yoji,,,,,
Q270869,Yolanda Adams,I Believe,13526198,YRSo80zPdLk,wikidata,InTuneLyrics
Q8054914,Yonder Mountain String Band,Didn't Go Wrong,2935986121,C43037835Pw,wikidata,Kidd
Q30694556,Yoruba Andabo,La Gozadera,96757044,jr9ysreMvqo,name,yoruba
Q55525789,Yorushika,Sunny,2595471032,-VKIqrvVOpo,wikidata,ヨルシカ / n-buna Official
Q603171,Yoshida Brothers,Ikazuchi,846537772,9fz2wjPszYo,name,Marcelo de Castro
Q253862,Yoshiko Yamaguchi,,,,,
Q1708769,Yossele Rosenblatt,,,,,
Q23664961,Yotto,Deep Dive,4160548372,OFxSQuxiFKE,wikidata,MADMINDS and YOTTO & Odd One Out
Q8058534,Young and in the Way,Fuck This Life,802116402,,name,
Q109981068,Young Stunna,,,,,
Q2630403,YoungBloodZ,,,,,
Q210734,Youssou N’Dour,7 Seconds,1015065,wqCpjFMvz-k,wikidata,Youssou Ndour
Q8046034,YTCracker,Bitcoin Baron,620529472,ebmRWd9Oqh0,name-ambiguous,ytcracker
Q750943,Yuliy Kim,,,,,
Q267471,Yumi Matsutoya,Vapor Trail / Hikouki Gumo,556739672,,wikidata,
Q64853384,Yung Bae,FACE2FACE,4257160991,ZgckKIyjD7U,name,YUNG BAE and Ultra Records
Q169034,Yung Joc,It's Goin' Down,3658177,rFz59Jmgewk,wikidata,Bad Boy Entertainment
Q15281410,Yung Lean,Ginseng Strip 2002,1692471257,vrQWhFysPKY,wikidata,Yung Lean
Q3553518,Yuri da Cunha,De Alma na Paixão,3247313151,soSfXmqnAgA,name,Yuri Da Cunha
Q582152,Yuri Vizbor,,,,,
Q539832,Yusef Lateef,Love Theme From Spartacus,2636119182,BhqQFs7huwU,wikidata,born2beblue
Q6899403,Yusuf ʻOmar,,,,,
Q456538,Yvette Horner,La Plus bath des javas,3225882,,wikidata,
Q539193,Yvonne Chaka Chaka,Umqombothi,7441901,LUrPy6wG-i4,name,Yvonne Chaka Chaka
Q42300439,Yxng Bane,Rihanna,393218252,1ruitsqQ34c,wikidata,Yxng Bane
Q3113502,Yūzō Kayama,,,,,
Q135794,Z-Ro,,,,,
Q135815,Z. Z. Hill,,,,,
Q144347,Zaim Imamović,,,,,
Q144371,Zain Bhikha,Mount Hira / Praise to the Prophet,84026989,,wikidata,
Q144719,Zakir Hussain,Water Girl,1153810,c1FsfYjU-mo,name,Nima M
Q2364614,Zangeres Zonder Naam,Mandolinen in Nicosia,74687391,t8NoBQB05e0,name,Mary Servaes
Q147129,Zao,Autopsy,3226307,K11IyQCCj0w,wikidata,ZAOFTW
Q644975,Zapp,Be Alright,4132687,UvZAt7VnJls,wikidata,alovelytime
Q1411146,Zaïko Langa Langa,77 x 7,102181500,WqCJXAfwN5c,wikidata,ZAÏKO LANGA LANGA
Q169565,Zeca Pagodinho,Mais Feliz,753236502,JE0JfXTQkBs,name,Zeca Pagodinho
Q21088,Zedd,Clarity,60904700,IxxstCcJlsc,wikidata,Zedd
Q6470729,Zehra Deović,"Snijeg Pade Na Behar,Na Voće",2998397461,T1VCDFqDxpU,name,Jugoton Music
Q191319,Zenzile,,,,,
Q191915,Zero 7,In The Waiting Line,3366891221,V1zrEGsj234,wikidata,Zero 7
Q2263974,Zez Confrey,Kitten on the Keys (1),4426512,TBxRRUj1bcA,name,n78de
Q8069993,Zezé Di Camargo & Luciano,"Irmão da Lua, Amigo das Estrelas",70581197,,wikidata,
Q1207860,Zhou Xuan,Age of Bloom (Hua Yang De Nianhua),11863035,mj4QpP3t43I,name,Eclectic Waves
Q8071293,Zia Mohiuddin Dagar,,,,,
Q8072106,Zimbo Trio,,,,,
Q1267054,Ziryab,,,,,
Q2601978,Ziskakan,4 ti mo,6599871,PtqNUwXUOJE,name,Mascareignes Muzik
Q218149,Zodiac Mindwarp and the Love Reaction,White Trash,3689733642,,wikidata,
Q258991,Zohar Argov,כבר עברו השנים,96614818,7jVmpIaLru8,name,Zoharargovofficial
Q892409,Zola,NETFLIX CHILL,4047900401,MMrukVegwz0,name-ambiguous,Zola and Kalash972
Q153008,Zoltán Kodály,,,,,
Q14546605,Zomboy,Lone Wolf,586118812,tdzWUEjffQ4,wikidata,Zomboy Official
Q227046,Zouk Machine,Maldòn,62605724,oAl64bUEZ8E,wikidata,Club Music 80
Q8074653,Zounds,Dirty Squatters,64163151,,name,
Q60989925,Zutomayo,TAIDADA,3017892051,IeyCdm9WwXM,wikidata,ずっと真夜中でいいのに。 ZUTOMAYO
Q8075741,Zydeco Force,Hoochie Coochie,75356600,FXCdyk3K7EU,name,Global Music Fan
Q245494,Zyklon,Generation of disorder,135817922,gLM6sbrwTcg,wikidata,NMGN0487
Q136591,ZZ Top,La Grange,694980152,fnwZeLdLPdQ,wikidata,ZZ Top
Q2756134,Zé Ramalho,Chão de Giz,13304674,FBMMNBOXins,name,Zé Ramalho
Q105461805,Zé Vaqueiro,DNA do Mato,3410150991,-WloA4ia7aI,name,Zé Vaqueiro
Q248059,Zülfü Livaneli,,,,,
Q432069,Ángel Parra,,,,,
Q252734,Âşık Veysel,Uzun İnce Bir Yoldayım,121386270,_ykio03RSRc,wikidata,TRT Dinle
Q3577322,É o Tchan!,Na Boquinha Da Garrafa (Ao Vivo),1516413102,vo1oHGUNfyU,name,É o Tchan
Q1631,Édith Piaf,La Foule,3129949,iMi-Va_DDVc,wikidata,Edith Piaf Officiel
Q274082,Éliane Radigue,,,,,
Q3588776,Émile Vacher,,,,,
Q286616,Émile Waldteufel,,,,,
Q290167,Étienne de Crécy,You,1465854542,rhqQNEnSpkc,wikidata,Etienne de Crécy
Q292853,Ñico Lora,,,,,
Q292863,Ñico Saquito,María Cristina,2301117325,61AgRr8SSK0,name,Luis A. Gomez
Q292972,Ólafur Arnalds,saman,543154902,jzcWhWrDnAY,wikidata,Ólafur Arnalds
Q6174732,Óscar Avilés,Mueve Tu Cu Cu,104809454,6_u7VmzEKls,name,My ibon
Q4052305,Überzone,4 Bit,62362996,o1Tzic_mXmM,name,Stanislav Bolshakov
Q5211857,Đàm Vĩnh Hưng,Thành Phố Buồn,1653767522,rzBWq1ICasM,name,Đàm Vĩnh Hưng
Q1036918,هشام عباس,Habiby Da,129348958,,wikidata,
Q28843403,２８１４,Eyes of the Temple,128056317,FdpD1CScm8s,wikidata,ＩｍｐｅｎｄｉｎｇＲｉｏｔ８３
