wikidata_id,name,kind,start,country,genres,photo_file,photo_author,photo_license,photo_license_url,song_title,song_deezer,song_youtube
Q1002589,Bugz in the Attic,group,,United Kingdom,Q2406633,,,,,Losalamitoslatinfunklovesong (Re-Work),7928271,
Q100276699,Maverick City Music,group,2018,United States,Q1339121,Maverick City music.jpg,Artistrelationstribl,CC BY-SA 4.0,https://creativecommons.org/licenses/by-sa/4.0,Promises,1401975392,bhFwh_59H2c
Q1003115,Built to Spill,group,1992,United States,Q183504,Vegoose06 builttospill2 lg.jpg,Joshrhinehart,CC BY-SA 3.0,https://creativecommons.org/licenses/by-sa/3.0,Goin' Against Your Mind,733903,cH9EJg4o9-s
Q1006517,Off Course,group,1969,Japan,Q11324951,,,,,Kanashii Kurai,3111285,
Q100978614,Glaive,person,2005,United States,Q107515261|Q104695865,Glaiveiwillfollowyouintothedark.jpg,Ryannwiki,CC BY-SA 4.0,https://creativecommons.org/licenses/by-sa/4.0,,,
Q1010243,Buraka Som Sistema,group,2006,Portugal,Q1191544,Buraka Som Sistema.jpg,Libertinus,CC BY-SA 2.0,https://creativecommons.org/licenses/by-sa/2.0,Kalemba (Wegue - Wegue),3173760221,OpYR7ilLbfo
Q101505,Deep Purple,group,1968,United Kingdom,Q83270,,,,,Perfect Strangers,709708312,gZ_kez7WVUU
Q1017857,Butch Morris,person,1947,United States,Q108297220,Butch Morris and Conduction.jpg,"Jon Hurd from Boulder, Colorado, USA",CC BY 2.0,https://creativecommons.org/licenses/by/2.0,,,
Q1018174,Butthole Surfers,group,1981,United States,Q181861|Q131535243,Butthole Surfers.jpg,Viva Nola,CC BY 2.0,https://creativecommons.org/licenses/by/2.0,Pepper,3643236,KRXty8lDUW0
Q1018354,Buzz Fuzz,person,1969,Kingdom of the Netherlands,Q820049,,,,,,,
Q1022071,Frank Nagai,person,1955,Empire of Japan,Q10296747,Frank Nagai.jpg,Heibonsha Publishing company (平凡社) © 1957,Public domain,,SPEAK SOFTLY LOVE [THE GODFATHER],2126083807,
Q1022574,C. W. McCall,person,1974,United States,Q7847156,,,,,,,
Q1024747,Cabaret Voltaire,group,1973,United Kingdom,Q487965,Richard H Kirk DJ at Music For Real Airports Project 2010-04-24.jpg,Flickr user http://underclassrising.net/,CC BY-SA 2.0,https://creativecommons.org/licenses/by-sa/2.0,Why Kill Time (When You Can Kill Yourself),75373242,
Q102616,Isolée,person,1998,Germany,Q1931555,,,,,,,
Q1026810,Paul Revere and the Raiders,group,1958,United States,Q3752342,Paul Revere and the Raiders 1967.JPG,"Perenchio Artists, Inc. Los Angeles. (management)",Public domain,,Good Thing,73137676,U3PGfqU6qvg
Q10270314,Edison Machado,person,1949,Brazil,Q13634037,,,,,Aboio,15421754,37K-dBjN3VE
Q1027165,Three 6 Mafia,group,1991,United States,Q6010117|Q1253172|Q936573,Three 6 Mafia.jpg,Jay West (Flickr profile and Jay West photography.com),CC BY-SA 3.0,http://creativecommons.org/licenses/by-sa/3.0/,Sippin On Some Syrup & Project Pat),82315628,
Q10271783,Elevation Worship,group,2007,United States,Q1339121,Elevation Worship.jpg,Minnie Bannister,CC BY-SA 4.0,https://creativecommons.org/licenses/by-sa/4.0,Praise,2215128797,f2oxGYpuLkw
Q10280037,Fany Pfumo,person,1928,Mozambique,Q1786724,,,,,,,
Q10280322,Fausto Bordalo Dias,person,1969,Portugal,Q109350090,FaustoChapito.jpg,"Filipe Saraiva from Lisboa, Portugal",CC BY 2.0,https://creativecommons.org/licenses/by/2.0,,,
Q10281447,Fernando Mendes,person,1950,Brazil,Q2464314,,,,,A Desconhecida,82155122,tddCGPVtgGU
Q10284562,Francisco Alves,person,1918,Brazil,Q10367220,"Francisco Alves, sem data.tif",Unknown,Public domain,,,,
Q10285239,Francisco Xavier da Cruz,person,1895,,Q502535,,,,,,,
Q1028565,Camera Obscura,group,1996,United Kingdom,Q370778|Q842324,,,,,"Lloyd, I'm Ready To Be Heartbroken",3220341151,vlryei9U3sg
Q10288367,Garota Safada,group,2003,Brazil,Q10283582,,,,,Anjo (Ao Vivo),402952962,
Q10289428,Gian & Giovani,group,1988,Brazil,Q106594830,Gian e Giovani.jpg,"*Savaman* from Sao Paulo City / Ipiranga, Brasil",CC BY-SA 2.0,https://creativecommons.org/licenses/by-sa/2.0,O Grande Amor Da Minha Vida (Convite de Casamento) (Ao Vivo),2337690,qIw0DR1Pd6w
Q1029506,Camilo Sesto,person,1964,Spain,Q5747258|Q6496560,"20170512, Camilo Sesto.jpg",Ministerio Secretaría General de Gobierno,CC BY-SA 2.0,https://creativecommons.org/licenses/by-sa/2.0,¿Quieres Ser Mi Amante?,1045152,-uI3TLSNp6c
Q10306713,Jerry Adriani,person,1964,Brazil,Q6296743,Jerry Adriani.jpg,Mauriciobotti,CC BY-SA 3.0,https://creativecommons.org/licenses/by-sa/3.0,És Meu Amor (It's For You),15418853,jm_icijk3NU
Q10306910,Jill Tracy,person,1995,United States,Q1166158,Jill Tracy backstage2.jpg,Jill Tracy,CC BY-SA 3.0,https://creativecommons.org/licenses/by-sa/3.0,Evil Night Together,75330925,Olp10zk3h-Q
Q10308035,Jorge & Mateus,group,2005,Brazil,Q1958273|Q10370558,JeMperfil.jpg,Fellipe Erick,Public domain,,Xonei,2935875381,a3FDFSMz5JQ
Q10310921,Jovelina Pérola Negra,person,1944,Brazil,Q3360459,,,,,Sorriso Aberto,108205654,
Q10311963,João Paulo & Daniel,group,1980,Brazil,Q106594830,José Daniel Camillo.jpg,Sérgio (Savaman) Savarese,CC BY 2.0,https://creativecommons.org/licenses/by/2.0,Minha estrela perdida,3871125,9q0cHoZRZso
Q1031228,National Health,group,1975,United Kingdom,Q727803,,,,,Dreams Wide Awake,680467852,vcmFGrUK6ZE
Q1031338,Earthless,group,2001,United States,Q98528291,Earthless.jpg,Greg Neate,CC BY 2.0,https://creativecommons.org/licenses/by/2.0,Uluru Rock,622601422,pHuoYAYhu10
Q10314010,Katinguelê,group,1992,Brazil,Q10343541,,,,,Inaraí,112580142,9ldMVypqA_8
Q10316110,Lamartine Babo,person,1904,Brazil,Q3889661,"Lamartine Babo, 1956.tif",Unknown,Public domain,,,,
Q10317842,Lia de Itamaracá,person,1944,Brazil,Q504476,Liadeitamaraca minc flickr.jpg,"Janine Moraes, Ministério da Cultura (Brasil)",CC BY 2.0,https://creativecommons.org/licenses/by/2.0,Eu Sou Lia Minha Ciranda Preta Cirandeira,6910193,v8x5xvPq0C0
Q10318415,Limão com Mel,group,,Brazil,Q10283582,,,,,Toma Conta De Mim (Ao Vivo),3712839,qZ4mD_kWGR8
Q10320631,Luiz Ayrão,person,1942,Brazil,Q10367222,Luiz ayrao remix tvbrasil.jpg,"Mídia promocional do programa Samba na Gamboa (TV Brasil), remix de Praxides",CC BY 3.0 br,https://creativecommons.org/licenses/by/3.0/br/deed.en,Os Amantes,82154926,flHQAU4-wZk
Q10322332,MC Leozinho,person,1977,Brazil,Q10286515,,,,,,,
Q10322333,MC Guimê,person,2010,Brazil,Q15893013,MC Guime Performing Live in Sao Paulo.JPG,Tico Fernandes,CC BY-SA 4.0,https://creativecommons.org/licenses/by-sa/4.0,País do Futebol,99256012,bWnS2dIDgQA
Q10322334,MC Marcinho,person,1993,Brazil,Q117745223|Q1931130|Q10286515,MC Marcinho at Os Suburbanos in 2019.jpg,Humor Multishow,CC BY 3.0,https://creativecommons.org/licenses/by/3.0,Garota Nota 100,2832162832,RZXJkbhKXQQ
Q10325378,Marconi Notaro,person,,Brazil,Q10387147,,,,,Nao Tenho Imaginacao Pra Mudar De Mulher,73517417,I0GyG4m8xUg
Q103258,Neelix,person,1995,Germany,Q2385862,Neelix (DJ) - 01 Jun 2007.jpg,Wiska Bodo,CC BY 2.5,https://creativecommons.org/licenses/by/2.5,Next By Me,2577564932,JFRsnhg2ZxI
Q10327219,Mastruz com Leite,group,1990,Brazil,Q10283582,Mastruz com Leite em Caetité Bahia 2001.jpg,André Koehne,CC BY 3.0,https://creativecommons.org/licenses/by/3.0,Saga de um Vaqueiro (Ao Vivo),1750913417,qo_Zrt0b8zY
Q10329004,Mestre Ambrósio,group,,Brazil,Q1759189,,,,,Pé de Calçada,1002669812,ngC_fMiEPkk
Q10329038,Mestre Verequete,person,1916,Brazil,Q1036183,Mestre Verequete.jpg,Unknown author,CC BY-SA 3.0,https://creativecommons.org/licenses/by-sa/3.0,Pescador,1778992127,VQK1SjmO-K0
Q10329042,Mestre Vieira,person,1934,Brazil,Q10292943,Mestre vieira 2011.jpg,Gustavo Dreher,CC BY-SA 4.0,https://creativecommons.org/licenses/by-sa/4.0,,,
Q10330035,Milionário & José Rico,group,1970,Brazil,Q1958273,Milionario e jose rico.jpg,Zubreski,CC BY-SA 4.0,https://creativecommons.org/licenses/by-sa/4.0,Vontade Dividida (Ao Vivo),98361832,
Q10330096,Miltinho,person,1940,Brazil,Q10367259,Miltinho (1969).tif,Unknown,Public domain,,En un Rincon del Alma,109430598,86929qp3zGk
Q10333178,Mundo Livre S/A,group,1984,Brazil,Q1759189,Fred04 tvbrasil.jpg,"Mídia promocional do programa Diverso, da TV Brasil.",CC BY 3.0 br,https://creativecommons.org/licenses/by/3.0/br/deed.en,,,
Q1033480,Cannon’s Jug Stompers,group,,United States,Q1075338,,,,,,,
Q10335997,Neguinho da Beija-Flor,person,1974,Brazil,Q3470692,Neguinho da Beija-Flor 2014 (bf55).jpg,"Sebástian Freire from Rio de Janeiro, Brasil",CC BY-SA 2.0,https://creativecommons.org/licenses/by-sa/2.0,,,
Q10336072,Nelson Ferreira,person,1902,Brazil,Q1455932|Q10285947,,,,,São João da meninice,1458445372,oO_5KNSc9SY
Q10336076,Nelson Freitas,person,1997,,Q1597549,,,,,Miúda Linda,2557400112,cordADXcng0
Q10340215,Odair José,person,1970,Brazil,Q2464314,Odair José.jpg,TV Brasil,CC BY 3.0 br,https://creativecommons.org/licenses/by/3.0/br/deed.en,,,
Q10341515,Orlandivo,person,1937,Brazil,Q10367259,,,,,Onde Anda o Meu Amor,66527670,O9eUlDNCu2A
Q10341548,Orlando Pantera,person,1967,Cape Verde,Q2891921,,,,,,,
Q10341995,Os Incríveis,group,1961,Brazil,Q6296743,,,,,O Milionário (The Millionaire),15425942,IUIsGeiw86Q
Q10344640,Parangolé,group,1998,Brazil,Q25448883,Parangolé - Carnaval de 2012 (3).jpg,"Bahia Notícias from Salvador, Brasil",CC BY 2.0,https://creativecommons.org/licenses/by/2.0,Perna Bamba,2575186332,qoKJs0Lf7-o
Q1034596,Capercaillie,group,1984,United Kingdom,Q854451,Nuernberg 2005 017.jpg,"Ralf Schulze from Koblenz, Germany",CC BY 2.0,https://creativecommons.org/licenses/by/2.0,Tighinn Air A'mhuir Am Fear A Phosas Mi,863005862,9Rx0R3g_6Ck
Q10348267,Pena Branca & Xavantinho,group,1962,Brazil,Q106594814|Q10331354,,,,,,,
Q1034857,Cappella,group,1987,Italy,Q30917612,,,,,U Got 2 Let The Music,61405980,y3KihWJRh6U
Q1035235,Cap'n Jazz,group,1989,United States,Q10926|Q39052425,Capn-jazz.jpg,Nicole Kibert (elawgrrl),CC BY-SA 2.0,https://creativecommons.org/licenses/by-sa/2.0,Little League,378410171,qCTpqHiPmxo
Q1035247,Car Bomb,group,2000,United States,Q616679,Car Bomb @ Euroblast Festival 2017 110.jpg,Grywnn,CC BY-SA 4.0,https://creativecommons.org/licenses/by-sa/4.0,Lights Out,132082552,DqiVp0Nx5I4
Q1035286,Carabao,group,1976,Thailand,Q6665252,Carabao March 2014.jpg,Pierre Theze,CC BY-SA 3.0,https://creativecommons.org/licenses/by-sa/3.0,Made in Thailand,3865286,sKuA8t9cP-I
Q1035310,Carach Angren,group,2003,Kingdom of the Netherlands,Q1621467,Seregor (Carach Angren) playing guitar (desaturated).jpg,Original image photographed by Clownhouse III *derivative work: – Kerαunoςcopia◁galaxies,CC BY 2.0,https://creativecommons.org/licenses/by/2.0,Draw Blood,3464158671,
Q1035442,Caravan Palace,group,2008,France,Q602561,Caravan Palace Ottawa Bluesfest 2010.jpg,"Mike Gifford from Ottawa, Canada",CC BY-SA 2.0,https://creativecommons.org/licenses/by-sa/2.0,Lone Digger,102208898,UbQgXeY_zi4
Q103550,The Velvet Underground,group,1965,United States,Q1641839|Q217467|Q27190,Velvet Underground 1968 by Billy Name.png,"Name, Billy",Public domain,,Sunday Morning,61292499,Xhbyj8pqUao
Q10357548,Rastapé,group,1999,Brazil,Q10283584,,,,,Colo de Menina,96003530,tQSxabyAiZo
Q10359176,Marc Forrester,person,,,Q1102161|Q2710523,,,,,,,
Q10359386,Renato Teixeira,person,1945,Brazil,Q106594814,2º Festival Nacional da Viola - Último dia 22-10-2022 (52451102008).jpg,"Prefeitura São José do Rio Preto from São José do Rio Preto SP, Brasil",CC BY 2.0,https://creativecommons.org/licenses/by/2.0,Deus e Eu No Sertão,96540390,Ldu66lecwVM
Q10359400,Renato e Seus Blue Caps,group,1960,Brazil,Q6296743,,,,,Memórias,15410593,-7o9tqI-qj0
Q1036131,Dan Snaith,person,2001,Canada,Q1435509,Daniel Victor Snaith 2005.jpg,AlexReynolds at English Wikipedia,CC BY 2.5,https://creativecommons.org/licenses/by/2.5,Odessa,371795901,
Q10363097,Riva Starr,person,2000,Italy,Q2365784,,,,,Push Your Luck,4200990162,
Q103651,Glenn Miller,person,1923,United States,Q203775|Q105756581,Glenn Miller Billboard.jpg,Unknown author,Public domain,,I Know Why (And So Do You),969770,-e2LXzNjYkw
Q1036918,هشام عباس,person,1977,Egypt,Q2610186,Hisham Abbas 2008-07-15 Cairo.jpg,Mohamed Al-Tantawi,CC BY-SA 3.0,https://creativecommons.org/licenses/by-sa/3.0,Habiby Da,129348958,
Q10369763,Selma do Coco,person,1935,Brazil,Q502448,Selma do Coco no 12º Encontro Pernambucano de Coco (5928971676).jpg,Prefeitura de Olinda,CC BY 2.0,https://creativecommons.org/licenses/by/2.0,,,
Q103759,Cesária Évora,person,1957,Cape Verde,Q2982341|Q502535,Cesária Évora (2457851527).jpg,As fotos da Virada!,CC BY-SA 2.0,https://creativecommons.org/licenses/by-sa/2.0,Sodade,7696449,ku_WZoTtT8Q
Q10376356,Sílvio Caldas,person,1908,Brazil,Q10370216,Silviocaldas.JPG,Sperandelli,Public domain,,Nos Braços De Isabel (Ao Vivo),3302562721,
Q103767,Charlie Parker,person,1937,United States,Q8341|Q105513,Portrait of Charlie Parker in 1947.jpg,William P. Gottlieb,Public domain,,April In Paris,541527152,tw0rVXblI6g
Q103774,Ravi Shankar,person,1930,Dominion of India,Q1323698|Q1770695,Ravi Shankar.jpg,Markgoff2972,CC BY-SA 4.0,https://creativecommons.org/licenses/by-sa/4.0,Vandanaa Trayee,3785928452,ru_FPMkDRlc
Q10384826,Trio Nordestino,group,,Brazil,Q586110,Trio Nordestino.tif,Unknown,Public domain,,,,
Q1039647,Hiroshi Itsuki,person,1965,Japan,Q873478,Hiroshi Itsuki 20220621 - Appointed Peninsula Ambassador.jpg,国土交通省,CC BY 4.0,https://creativecommons.org/licenses/by/4.0,Izakaya,1577205152,LdjyNVFlMoA
Q1040688,Flatt and Scruggs,group,1948,United States,Q213714|Q7832321,Earl Scruggs and Lester Flatt.jpg,Unknown author,Public domain,,,,
Q1041034,Lecrae,person,2004,United States,Q2238236,"Lecrae at Marine Corps Air Station Iwakuni, Japan, Jan. 9, 2018 (cropped).jpg",Lance Cpl. Muriah King,Public domain,,Your Power,2185864017,JJhacXgWBJ0
Q1041947,Los Chalchaleros,group,1948,Argentina,Q597493|Q3106448,Los Chalchaleros - 1965.jpg,Los Chalchaleros y RCA Víctor,Public domain,,Zamba de Mi Esperanza,1377755942,UmBUqwxUvWM
Q1042234,Jag Panzer,group,1981,United States,Q108665742,Jag Panzer 21 (28177004121).jpg,Jeffrey Pollack,CC BY 2.0,https://creativecommons.org/licenses/by/2.0,Licensed to Kill (re-recorded),108638750,
Q1042647,Braguinha,person,1929,Brazil,Q3889661,João de Barro (Braguinha) 1945.png,Unknown author,Public domain,,,,
Q104326,Jean-Michel Jarre,person,1969,France,Q9778|Q79784514,Jean Michel Jarre B10-2016.jpg,A.Savin,FAL,http://artlibre.org/licence/lal/en,"Oxygène, Pt. 4",3788146542,kSIMVnPA994
Q104358,Billie Holiday,person,1933,United States,Q8341|Q1530455,Billie Holiday Billboard.jpg,Unknown author,Public domain,,I'm a Fool to Want You,97693846,qA4BXkF8Dfo
Q104372,Doris Day,person,1939,United States,Q1196752,Doris Day 1958 crop.jpg,Los Angeles Times,CC BY 4.0,https://creativecommons.org/licenses/by/4.0,,,
Q1044027,Carnifex,group,2005,United States,Q475221,Carnifex With Full Force 2014 08.JPG,S. Bollmann,CC BY-SA 3.0,https://creativecommons.org/licenses/by-sa/3.0,More Than Misery,4194736982,6OYqFMevLY0
Q1044154,Nino D'Angelo,person,1957,Italy,Q1195630|Q6993291,Nino D'Angelo '92.jpg,ARCHIsavio at Italian Wikipedia,Public domain,,Stupida Avventura,1022235,ZqvrldJQQ3Y
Q1044384,Carolina Chocolate Drops,group,2005,United States,Q972424,Carolinachocolatedrops.jpg,John Krupsky,CC BY 2.0,https://creativecommons.org/licenses/by/2.0,,,
Q104490038,Hildegard von Blingin',person,,Canada,Q96647680,,,,,Summertime Sadness,3035766601,VSewYsf3uDs
Q104520548,Unique 3,group,1988,,Q106522080,,,,,,,
Q10461933,"Crosby, Stills, Nash & Young",group,1968,United States,Q186472,CSNY 8-1974 (1).jpg,Tony Morelli,CC BY 2.0,https://creativecommons.org/licenses/by/2.0,Our House,3821908,aunVlekXjkE
Q104771504,Sada Baby,person,2013,United States,Q106839650,,,,,Whole Lotta Choppas,1048020602,tRWpY3TV-j4
Q104772823,MikeQ,person,,,Q106522098,,,,,Legendary,975265992,4U9mPs9Fbmo
Q104772838,Digga D,person,2015,United Kingdom,Q15697534|Q65943851,,,,,Daily Duppy - Part 1,1159996772,8sqNzBAeNqM
Q104839629,Lotic,person,1989,United States,Q96376113,,,,,Distribution of Care,509614652,
Q104904549,Natanael Cano,person,2019,Mexico,Q108665706,Cano4.jpg,https://www.youtube.com/channel/UCoHq_YXYcZGObsCqvymQpEA (EL BARBAS PRODUCTION),CC BY 3.0,https://creativecommons.org/licenses/by/3.0,OLIVIA LA FLAKA,4295468912,MYFFA242azM
Q1049145,The Spencer Davis Group,group,1963,United Kingdom,Q4971442,Spencer Davis Group 08072006 NSU 04.JPG,Joachim Köhler,CC BY-SA 3.0,http://creativecommons.org/licenses/by-sa/3.0/,I'm A Man,963646332,POCUgBSVENQ
Q104919,Gabriel Fauré,person,1861,France,Q4797274|Q2737175|Q194172|Q852027|Q6941842,FauréPirou1905.jpg,Eugène Pirou,Public domain,,,,
Q104919331,Dareyes de la Sierra,group,,Mexico,Q101440473,,,,,70 Calaveras,416356082,28IrmkyfYHc
Q1049345,Casting Crowns,group,1999,United States,Q1379958,Casting Crowns Come to the Well Tour.jpg,Own work,CC BY-SA 3.0,https://creativecommons.org/licenses/by-sa/3.0,Nobody,564061232,1yBzIt_z8oY
Q10504997,Ging Nang Boyz,group,2003,Japan,Q11661531,,,,,,,
Q1051417,Starsailor,group,2000,United Kingdom,Q3231749,Starsailor in Rock in Rio 2006.JPG,No machine-readable author provided. Juntas assumed (based on copyright claims).,Public domain,,Four to the Floor,3097497,d0votplOm8E
Q1052019,M.O.P.,group,1993,United States,Q966564,Mop-04-mika.jpg,Mikamote,CC BY-SA 3.0,https://creativecommons.org/licenses/by-sa/3.0,Ante Up (Robbin Hoodz Theory),582212,eEzIwNB8ZGI
Q1052139,The Roots,group,1987,United States,Q141459|Q255406|Q438503,The Roots 2007.jpg,"Aaron Matthews from Thornhill, Canada.",CC BY 2.0,https://creativecommons.org/licenses/by/2.0,You Got Me,88476275,MJCHeEQV454
Q1052564,Stryper,group,1983,United States,Q822914,Stryper 2016.jpg,Justin Higuchi,CC BY 2.0,https://creativecommons.org/licenses/by/2.0,Throne of Thorns,4064567241,vYVVLGiWdO4
Q1053260,Cem Karaca,person,1961,Turkey,Q483740,2021 09 15 Moda Cem Karaca Heykeli.jpg,HalitBaris,CC BY-SA 4.0,https://creativecommons.org/licenses/by-sa/4.0,Ceviz Ağacı,66156215,2i1huxKwEmc
Q105440,Frank Kvitta,person,1981,Germany,Q307054,Frank18.jpg,Schubfaktor Records,CC BY-SA 3.0,https://creativecommons.org/licenses/by-sa/3.0,,,
Q1054527,Sergio Bruni,person,1944,Italy,Q1195630,Sergio Bruni - Augusto De Luca photographer.jpg,Augusto De Luca,CC BY-SA 2.0,https://creativecommons.org/licenses/by-sa/2.0,Scetate,2076176437,d-4boicT3vU
Q105460,John Denver,person,1962,United States,Q2280497,John Denver 1975.JPG,ABC Television,Public domain,,"Take Me Home, Country Roads",82697686,1vrEljMfXYo
Q105461805,Zé Vaqueiro,person,1999,Brazil,Q108857881,Zé Vaqueiro 2020.jpg,Danzin,CC BY 3.0,https://creativecommons.org/licenses/by/3.0,DNA do Mato,3410150991,-WloA4ia7aI
Q105467202,Vitor Fernandes,person,1996,Brazil,Q108857881,,,,,Acaso,1043122742,1v_-9n-QDyY
Q105525534,Voodoo Church,group,,,Q1164252,,,,,Rest in Peace,854188222,HugT9oEWhvc
Q1056163,Cerrone,person,1972,France,Q98528149|Q2608506,CERRONE Marc 02-24x30-2009.jpg,Studio Harcourt,CC BY 3.0,https://creativecommons.org/licenses/by/3.0,Supernature,1013210122,cJ5V3OZdIZM
Q105726987,Moe Shop,person,,Japan,Q80725127,,,,,Notice,470666812,F9Ay74LfKd4
Q1057805,James Taylor Quartet,group,1985,United Kingdom,Q221772,JTQ3.jpg,No machine-readable author provided. Biopresto assumed (based on copyright claims).,CC BY-SA 3.0,http://creativecommons.org/licenses/by-sa/3.0/,Tough Chicken,3850556391,cZJdSCt5OVI
Q1058729,Hugues Dufourt,person,1943,France,Q1245902,Dufourt.jpg,Hugues Dufourt,Public domain,,,,
Q105875,Herbie Hancock,person,1961,United States,Q1092837|Q105527|Q1127530|Q38656,Herbie Hancock.jpg,pixgremlin: http://www.aworan.com c/o Pix Gremlin,CC BY 2.0,https://creativecommons.org/licenses/by/2.0,Cantaloupe Island,3104591,8B1oIXGX0Io
Q105902791,Tarcísio do Acordeon,person,1993,Brazil,Q108857881,,,,,ABC da Vaquejada,3591190452,7U9quZOOBVc
Q106036729,L-Gante,person,2017,Argentina,Q111357005,L-Gante Conferencia de prensa (51861017602).jpg,Ministerio de Cultura de la Nación,CC BY-SA 2.0,https://creativecommons.org/licenses/by-sa/2.0,Antes Que Me Vaya,2930682331,op5OtEaJr8Y
Q1060576,The Drifters,group,1953,United States,Q28206879|Q546359|Q4875789,The Drifters.png,Atlantic Records,Public domain,,,,
Q1060648,Chambao,group,2002,Spain,Q108297241,Chambao.jpg,No machine-readable author provided. Malagaes~commonswiki assumed (based on copyright claims).,CC BY-SA 3.0,http://creativecommons.org/licenses/by-sa/3.0/,Ahí Estás Tú,2245621,0R4ZiXlWig8
Q106078330,Central Cee,person,2014,English people,Q65943851,Central cee-5.jpg,200izo,CC BY-SA 4.0,https://creativecommons.org/licenses/by-sa/4.0,Doja,1824910267,_VuJA-VQRcY
Q1060797,Elastica,group,1992,United Kingdom,Q189045,,,,,Connection,97089118,ilKcXIFi-Rc
Q1061590,The Marshall Tucker Band,group,1972,United States,Q852767,Marshall Tucker Band on the 4th.jpg,Kyle James,CC BY-SA 2.0,https://creativecommons.org/licenses/by-sa/2.0,Can't You See,3217360611,5KaAOrjKVJI
Q1062314,Chano Domínguez,person,1960,Spain,Q1426909,Chano Domínguez.jpg,"Antonio Mijas, España",CC BY-SA 2.0,https://creativecommons.org/licenses/by-sa/2.0,La Tarara,16836702,zRiTj1n5RzY
Q1062320,Chano Pozo,person,1915,Cuba,Q3163340,Chano Pozo.jpg,Unknown author,Public domain,,,,
Q1062552,Chaos UK,group,1979,United Kingdom,Q383615|Q1750088,CHAOS UK 25 feb 1995 Arnhem.jpg,Kees van der Stolk,CC BY-SA 4.0,https://creativecommons.org/licenses/by-sa/4.0,The Alcoholic,1477627262,uEpfOZr13Os
Q1062941,Fantastic Plastic Machine,person,1988,Japan,Q1207347,,,,,Steppin' Out (Costes reedit),4300054,
Q106308191,Peter Okoye,person,2003,Nigeria,Q25099840,Peter Okoye.jpg,globacomlimited,CC BY 3.0,https://creativecommons.org/licenses/by/3.0,,,
Q106395,Stefan Mross,person,1975,Germany,Q2532274,Stefan Mross 2025.jpg,Sven Mandel,CC BY-SA 4.0,https://creativecommons.org/licenses/by-sa/4.0,,,
Q1064319,Goldfinger,group,1994,United States,Q460674,Goldfinger live (cropped).jpg,thisisbossi,CC BY-SA 2.0,https://creativecommons.org/licenses/by-sa/2.0,Superman,7978573,XvziPPpryv0
Q106570642,Mejja,person,2008,Kenya,Q122034475,,,,,Siaka,3879191461,hcAV2lxaT2E
Q1065709,Sayuri Ishikawa,person,1973,Japan,Q873478,Sayuri Ishikawa 20190530.jpg,文部科学省,CC BY 4.0,https://creativecommons.org/licenses/by/4.0,,,
Q1065887,Return to Forever,group,1972,United States,Q105527,"Return to Forever IV at Neckarsulm, Germany, 20110703 014.jpg",Wikipedia-ce,CC0,http://creativecommons.org/publicdomain/zero/1.0/deed.en,The Shadow Of Lo,2531920,yNsZ9x5i_-U
Q106641,Johann Christian Bach,person,1760,Electorate of Saxony,Q1136846,Johann Christian Bach by Thomas Gainsborough.jpg,Thomas Gainsborough,Public domain,,,,
Q106648,Fleetwood Mac,group,1967,United Kingdom,Q484641|Q217191|Q918542,Fleetwood Mac Billboard 1977.jpg,Warner Bros. Records,Public domain,,The Chain,63480992,xwTPvcPYaOo
Q106658275,Teejayx6,person,2017,United States,Q122143484,Teejayx6 laced visuals.png,Laced Visuals,CC BY 3.0,https://creativecommons.org/licenses/by/3.0,Dark Web,800131722,ubs9b-ssuuM
Q1066908,Joseph Lamb,person,1887,United States,Q2976236|Q185652,Joseph Lamb (musician) ca. 1915.jpg,Unknown author,Public domain,,,,
Q1066976,Charlie Poole,person,1918,United States,Q972424,Charlie Poole (cropped).jpg,Unknown author,Public domain,,Old and Only In the Way,2207569147,SFF4ANolpAc
Q1067714,Showtek,group,2001,Netherlands,Q15300817|Q223840|Q2611143,Showtek Perform1.PNG,showtek,CC BY 3.0,https://creativecommons.org/licenses/by/3.0,Booyah,1451459162,QCyIY10KBnk
Q10678,Yann-Fañch Kemener,person,1957,France,Q3083000,Festival de Cornouaille 2017 - Ossian - 04.jpg,Jérémy Kergourlay,CC BY-SA 4.0,https://creativecommons.org/licenses/by-sa/4.0,,,
Q1067983,Chase & Status,group,2003,United Kingdom,Q188994|Q107332291,Chase and Status-SMS-2018-8.jpg,Sven Volkens,CC BY-SA 4.0,https://creativecommons.org/licenses/by-sa/4.0,Baddadan,2376304835,rkjNL4dX-U4
Q10681,Alan Stivell,person,1953,France,Q2662148|Q854451,Alan Stivell - FIL 2021.jpg,Jérémy Kergourlay,CC BY-SA 4.0,https://creativecommons.org/licenses/by-sa/4.0,Suite Sudarmoricaine,16161006,LvidD__DxYo
Q10682,Sœurs Goadec,group,,France,Q3083000,Goadeg.JPG,Pipi,CC0,http://creativecommons.org/publicdomain/zero/1.0/deed.en,Ar verjelenn,72739570,
Q1068404,Memphis Slim,person,1915,United States,Q2603965,Memphis Slim.jpg,Lionel decoster,CC BY-SA 3.0,https://creativecommons.org/licenses/by-sa/3.0,Angel Child,668035072,usAqWhW5yqc
Q106861,Dschinghis Khan,group,1979,West Germany,Q1374731,Dk Moskau live42.jpg,Monimex,CC BY-SA 4.0,https://creativecommons.org/licenses/by-sa/4.0,Moskau,470543912,lyuFLU2Zqz0
Q1068713,Cheap Trick,group,1974,United States,Q837837,Cheap Trick live 2007.jpg,Rob Kennedy,CC BY 2.0,https://creativecommons.org/licenses/by/2.0,I Want You to Want Me,104760756,-qgpewMCVjs
Q1068887,Inti-Illimani,group,1967,Chile,Q1151259|Q3879286,Inti-Illimani2(cut).jpg,La petite étoile,CC BY 2.0,https://creativecommons.org/licenses/by/2.0,El Pueblo Unido jamás será Vencido,3553721681,Cuzl_QTBlWI
Q1069140,Luis Miguel,person,1981,Mexico,Q489913|Q547137|Q6496560,Luis miguel 328 (cropped) (2).jpg,camposart,CC BY 2.0,https://creativecommons.org/licenses/by/2.0,La Mentira,3860299,opouPucpREg
Q107008,Count Basie,person,1924,United States,Q203775|Q105756581,Count Basie in Rhythm and Blues Revue.jpg,https://archive.org/details/rhythm_blues_review,Public domain,,Li'l Darlin',3130994,5_Mtgo9WOL0
Q1070141,Tha Dogg Pound,group,1992,United States,Q1045541,Tha Dogg Pound.jpg,Connie Lodge,CC BY-SA 2.0,https://creativecommons.org/licenses/by-sa/2.0,Big Pimpin',1874496217,
Q1070572,Saburō Kitajima,person,1962,Japan,Q873478,Saburo Kitajima IMG 7790r R 20151025.JPG,Ogiyoshisan,CC BY-SA 4.0,https://creativecommons.org/licenses/by-sa/4.0,,,
Q107067,Jagjit Singh,person,1960,Dominion of India,Q281111|Q110230816,Jagjit Singh (Ghazal Maestro).jpg,Krupasindhu Muduli,CC BY-SA 3.0,https://creativecommons.org/licenses/by-sa/3.0,Ganapati Bappa Morya,11291758,2zOJ9aZR-08
Q10708,Red Hot Chili Peppers,group,1982,United States,Q835891|Q667659|Q11366,RHCP Live in London 26 June 2022.jpg,Kreepin Deth,CC BY-SA 4.0,https://creativecommons.org/licenses/by-sa/4.0,Californication,725274,YlUKcNNmywk
Q10715833,Vinterland,group,1992,Sweden,Q2997058,,,,,Vinterskogen,1593336061,EapeGGH4ew4
Q10719888,White Ring,group,2009,United States,Q1840167,,,,,IxC999,13842500,_7XJHiLSKKk
Q1072239,Chico Trujillo,group,1999,Chile,Q9051042,Chico Trujillo Rudolstadt 08.jpg,Schorle,CC BY-SA 4.0,https://creativecommons.org/licenses/by-sa/4.0,Loca,3452316101,IlZFahgCL1s
Q1072372,Plaid,group,1991,United Kingdom,Q660984,Plaid Optronica.jpg,Kowarisuki,CC BY-SA 3.0,https://creativecommons.org/licenses/by-sa/3.0,Ladyburst,29373491,b20iSetxpF4
Q107345948,Hamid al-Saadi,person,1958,,Q12193614,,,,,,,
Q1073943,Eduardo Falú,person,1945,Argentina,Q3106448,Eduardo falu en canal13.jpg,Unknown author,Public domain,,Zamba de Vargas (Popular),2209017177,
Q107452045,Tinlicker,group,2012,Netherlands,Q116296482,,,,,Because You Move Me,378940811,s3O8-vodvKI
Q10748727,Chế Linh,person,1962,Vietnam,Q61127902,Che Linh at liveshow Khả Tú.jpg,Kha Tu,CC BY 2.0,https://creativecommons.org/licenses/by/2.0,,,
Q10751549,Pastorita Huaracina,person,1930,Peru,Q2307786|Q5903971,PASTORITA HUARACINA.jpg,Luz Elena Romero,CC BY-SA 3.0,https://creativecommons.org/licenses/by-sa/3.0,A los Filos de un Cuchillo,96260346,-dPIUame26A
Q1075851,Choking Victim,group,1992,United States,Q2657409|Q116148184,,,,,,,
Q107605286,João Gomes,person,2021,Brazil,Q108857881,João Gomes.jpg,Lucas Silva Mariano,CC BY 3.0,https://creativecommons.org/licenses/by/3.0,Lembrei de Nós,3314109411,E90LDzNOjfE
Q10771464,Hương Lan,person,1956,Vietnam,Q61127902,HƯƠNG LAN - 2023.11.10 - P1.jpg,VIET VOICE ENTERTAINMENT,CC BY 3.0,https://creativecommons.org/licenses/by/3.0,Lối về đất mẹ,674209232,gXUKsoEJ6uw
Q1077637,Trio Matamoros,group,1925,Cuba,Q15830404|Q6397421|Q4428744,TrioMat72.jpg,"scanned by self, photographer unknown",Public domain,,Lágrimas Negras,3325971591,SA0Rkdfkh0Y
Q1079264,Tunng,group,2003,United Kingdom,Q1435509,Tunng performing at Bestival 2007.jpg,Edward Simpson,CC BY-SA 2.0,https://creativecommons.org/licenses/by-sa/2.0,Abop,3077482301,ovVOUeKjaNU
Q1079267,Christian Death,group,1979,United States,Q1164252,2014 WGT 14 Christian Death.jpg,Ralf Lotys (Sicherlich),CC BY 4.0,https://creativecommons.org/licenses/by/4.0,Romeo's Distress (1),16389596,
Q1080874,Jeromes Dream,group,1997,United States,Q11363|Q9253748,,,,,"Conversations: In Time, On Mute",2157211487,2-HrRKfppXA
Q10810227,Quách Thị Hồ,person,1909,Vietnam,Q81105,,,,,,,
Q108208363,Leenalchi,group,2019,South Korea,Q121437389,Leenalchi - WOMAD 2023 (53093069725).jpg,Stephen and Helen Jones from England,CC BY-SA 2.0,https://creativecommons.org/licenses/by-sa/2.0,,,
Q10824899,Thanh Thúy,person,1957,Vietnam,Q61127902,,,,,Trăng Mờ Bên Suối,3056865311,Rp6wHhU-pQE
Q108291862,Tokischa,person,2018,Dominican Republic,Q16491869,Tokischa en 2021 - 3.jpg,Tony Dandrades,CC BY 3.0,https://creativecommons.org/licenses/by/3.0,Linda,1480970322,CmmTz3W-JO0
Q1083203,Christina Kubisch,person,1948,Germany,Q1744327,"Christina Kubisch - kompozytorka, flecistka.jpg",Kamil Teremeski,CC BY-SA 4.0,https://creativecommons.org/licenses/by-sa/4.0,,,
Q10838330,Wabi Daněk,person,1947,Czech Republic,Q5201841,Wabi Daněk.JPG,Palickap,CC BY-SA 4.0,https://creativecommons.org/licenses/by-sa/4.0,"Píseň, Co Mě Učil Listopad",505874772,cwGQUYtumek
Q108529670,Habstrakt,person,1990,France,Q27345019,,,,,Outer Space,1972796917,AhB8AC0WACA
Q108597,Dave Brubeck,person,1940,United States,Q327547,Dave Brubeck (1964).jpg,Jack de Nijs for Anefo / Anefo,CC BY-SA 3.0,https://creativecommons.org/licenses/by-sa/3.0,Koto Song (previously unreleased),3571297,m4JtFgcrMPE
Q108631491,S3fa,person,2017,Ghana,Q1455487,,,,,,,
Q108633063,AC Slater,person,1979,United States,Q27345019,,,,,Seismic,2449195025,vjxVMQHIli4
Q10864039,Original Love,group,1985,Japan,Q1207347,,,,,Seppun -Kiss-,433253652,udJ1DGWzMUI
Q1087300,The Cinematic Orchestra,group,1999,United Kingdom,Q1136331,The cinematic orchestra.JPG,Malanovsky,CC BY-SA 3.0,https://creativecommons.org/licenses/by-sa/3.0,The Awakening Of A Woman (Burnout),2327236735,wnGdllCU7EY
Q108761978,Yeat,person,2015,United States,Q111133884,Yeat.png,16.Osc,CC BY-SA 4.0,https://creativecommons.org/licenses/by-sa/4.0,Back Home,3924125091,HIg0HJeLdJ8
Q108798079,Cat Dealers,group,,Brazil,Q85748774,,,,,Sunshine,426002312,5TvcsKZw_BY
Q108824597,Cruel Santino,person,2016,Nigeria,Q110592306,,,,,Sparky,674404802,tpc-qsVY-BA
Q1089237,Chuckie,person,1993,Suriname,Q1228230,Imagine di dj chuckie.png,soeperbaby,CC BY 2.0,https://creativecommons.org/licenses/by/2.0,,,
Q1089581,The Oppressed,group,1981,United Kingdom,Q274401,The Oppressed.jpg,AlbertRA,CC BY-SA 4.0,https://creativecommons.org/licenses/by-sa/4.0,Drunken Skinhead,631109182,
Q1089650,Drive Like Jehu,group,1990,United States,Q377910,Drive Like Jehu 2014-08-31.JPG,IllaZilla,CC BY-SA 4.0,https://creativecommons.org/licenses/by-sa/4.0,Here Come the Rome Plows,10896252,cs5ovyt4HzY
Q109053,Art Tatum,person,1926,United States,Q181897,"Art Tatum, Vogue Room 1948 (Gottlieb).jpg",William P. Gottlieb,Public domain,,,,
Q109063,Jimmy Cliff,person,1962,Jamaica,Q9794|Q1277532,Jimmy Cliff - Festival du Bout du Monde 2012 - 022 (cropped).jpg,Thesupermat,CC BY-SA 3.0,https://creativecommons.org/licenses/by-sa/3.0,You Can Get It If You Really Want,1106498962,U7dBMYUyRAQ
Q109106572,Focalistic,person,2016,South Africa,Q85741139,Focalistic (2020).png,Michael's World,CC BY 3.0,https://creativecommons.org/licenses/by/3.0,Gumba Fire,4244735101,lA6Gpk8f3F8
Q1092132,The Heptones,group,1965,Jamaica,Q573484,,,,,,,
Q1092459,Cinema Strange,group,1994,United States,Q1164252,Drop Dead 031.jpg,The original uploader was Adrift* at English Wikipedia.,CC BY-SA 2.5,https://creativecommons.org/licenses/by-sa/2.5,En Hiver,75717506,x05JSXnDTt0
Q109296810,Dubdogz,group,,Brazil,Q85748774,,,,,Infinity,862386172,puOaf7OuYzs
Q109312907,Solstice,person,1994,Spain,Q5834708,Solstice Medusa 2019.jpg,Cclgnd,CC BY-SA 4.0,https://creativecommons.org/licenses/by-sa/4.0,,,
Q109406884,Uncle Waffles,person,2000,Eswatini,Q85741139,Uncle Waffles 01.jpg,Musiclaborotry,CC BY-SA 4.0,https://creativecommons.org/licenses/by-sa/4.0,ZENZELE,3279587931,MHcp9rRPIWQ
Q109451283,Paul Johnson,person,,United States,Q2748817,,,,,,,
Q1094740,Clair Obscur,group,,France,Q2343562,,,,,,,
Q1095015,Clan of Xymox,group,1981,Netherlands,Q3840596,2014-07-26 Clan of Xymox (Amphi festival 2014) 009.JPG,Atamari,CC BY-SA 4.0,https://creativecommons.org/licenses/by-sa/4.0,A Day,948593,x3fsh8JefvM
Q109522010,Los de Las Condes,group,1964,Chile,Q6040713,,,,,El Corralero,1505781762,cV8qHBDOzK4
Q1095358,Clarence Ashley,person,1928,United States,Q108616106,ClarenceAshley.png,Johnson Brown,Public domain,,Little Sadie,66159359,uXGAj1e3SdE
Q1095432,"Clarence ""Gatemouth"" Brown",person,1947,United States,Q98528142,"Clarence "" Gatemouth "" Brown.jpg","Kingkongphoto &amp; www.celebrity-photos.com from Laurel Maryland, USA",CC BY-SA 2.0,https://creativecommons.org/licenses/by-sa/2.0,,,
Q1095520,Pinetop Smith,person,1904,United States,Q212952,,,,,,,
Q109569656,Junior H,person,2000,Mexico,Q108665706,"Junior H @ El Domo Care - Monterrey, 2022.png",SessionLive,CC BY 3.0,https://creativecommons.org/licenses/by/3.0,DEMENCIA,3841280351,kLEckdGx0yA
Q109584832,Kay Flock,person,2020,United States,Q110643230|Q126281100,Kay Flock in 2021.png,Talk of the Town,CC BY 3.0,https://creativecommons.org/licenses/by/3.0,Is Ya Ready,1503358532,gGJS8W9emac
Q109599010,Night Tempo,person,1986,South Korea,Q80725127,,,,,Usagi Funk,988497382,fSU92keEMAc
Q109612,Thelonious Monk,person,1944,United States,Q8341|Q105513,"Thelonious Monk, Minton's Playhouse, New York, N.Y., ca. Sept. 1947 (William P. Gottlieb 06191).jpg",William P. Gottlieb / Adam Cuerden,Public domain,,Dinah (Take 1),2556443,7qqqSDU1F90
Q109678068,The Rita,person,,,Q39046859,,,,,מחכה,686345822,hAX2ku9ifEs
Q109871,Anthrax,group,1981,United States,Q483352,Anthrax Rockavaria 2016 (12 von 12).jpg,pitpony.photography,CC BY-SA 3.0,https://creativecommons.org/licenses/by-sa/3.0,Madhouse,1176687,uGHsxMqpL0c
Q109981068,Young Stunna,person,1997,South Africa,Q85741139,,,,,,,
Q110128013,Macross 82-99,person,2013,,Q80725127,Macross pinchando en Atomic Pixel Party en BCN.jpg,Carlos LR LR,CC BY-SA 4.0,https://creativecommons.org/licenses/by-sa/4.0,Fun Tonight,109287994,m9Hkj2YeOTQ
Q1101377,Clifton Chenier,person,1954,United States,Q245296,Clifton Chenier 1977 32.jpg,Lionel Decoster,CC BY-SA 4.0,https://creativecommons.org/licenses/by-sa/4.0,I'm Coming Home (To See My Mother),935874172,q8i89uiJGKk
Q1102092,Clock DVA,group,1978,England,Q487965,Clockdvamoscow.jpg,Timothy Misir,CC BY-SA 4.0,https://creativecommons.org/licenses/by-sa/4.0,,,
Q11036,The Rolling Stones,group,1962,United Kingdom,Q11399|Q56351111|Q4971442,Rolling Stones bow post-show 22 May 2018 in London (41437870275).jpg,Raph_PH,CC BY 2.0,https://creativecommons.org/licenses/by/2.0,Start Me Up,4125592,SGyOaCXr8Lw
Q110388398,Wegz,person,1998,Egypt,Q115063525,Wegz 2023.jpg,Benchmark ksa,CC BY 3.0,https://creativecommons.org/licenses/by/3.0,Msh Khalsa,1595966671,E0FOgrBe4DY
Q110477,Cannonball Adderley,person,1955,United States,Q181010|Q1615483,Cannonball Adderley press photo 1966.jpg,Unknown photographer,Public domain,,Autumn Leaves,3105353,u37RF5xKNq8
Q1105391,CocoRosie,group,2003,United States,Q2404568,CocoRosie-Casady sisters-cropped.jpg,CocoRosie_-Casady_sisters.jpg: odreiuqzide,CC BY 2.0,https://creativecommons.org/licenses/by/2.0,Lemonade,2940947641,tu3EcAHdHlE
Q1107195,Coil,group,1982,United Kingdom,Q756956|Q487965|Q936942,Coil band Portraited.png,Danial Ahmadi Manqutai,CC BY-SA 4.0,https://creativecommons.org/licenses/by-sa/4.0,,,
Q110808631,Underground Resistance,group,1989,United States,Q526463,,,,,,,
Q110826804,MALO,person,1996,France,Q185162|Q109048162,,,,,Meilleurs qu'hier,3175825761,Qas0pZiBqtY
Q11103061,Hideki Tōgi,person,1996,Japan,Q718540,,,,,Kimino Hobabade Iiyo,4232608732,
Q111050304,Nathan Coles,person,1970,United Kingdom,Q598593,,,,,,,
Q111058603,Sinden,person,,United Kingdom,Q2365784,,,,,,,
Q111060278,Instra:mental,group,,,Q106404300|Q135553474,,,,,,,
Q111071555,Mumdance,person,,United Kingdom,Q106654239,,,,,Chaos Engine,407216622,
Q111083794,Loski,person,2012,United Kingdom,Q65943851,,,,,Money And Beef,2968910441,kM8y5wxX_Ig
Q111087,Ofra Haza,person,1969,Israel,Q2738544,Ofra Haza 1987.jpg,Shaul Rachamim,CC BY 4.0,https://creativecommons.org/licenses/by/4.0,אם ננעלו,736722832,sm1Ua6JENMY
Q111174445,Los Carrangueros de Ráquira,group,,Colombia,Q5753407,,,,,La Cucharita,2683358402,Te_BxVlmBMw
Q1111834,Colosseum,group,1968,United Kingdom,Q944465,Colosseum2010.jpg,Lea-B,CC BY-SA 3.0,https://creativecommons.org/licenses/by-sa/3.0,Elegy,3801644292,FUyQZFeiF4c
Q1111988,Colt Ford,person,2008,United States,Q2706919,Colt Ford Live @ Outlawz Ardmore Ok. 3 20 10.JPG,Dj virt,CC BY-SA 3.0,https://creativecommons.org/licenses/by-sa/3.0,Workin' On,95370470,yAfc6i63OY0
Q1113168,Esoteric,group,1992,United Kingdom,Q2738113,Esoteric - Brutal Assault.jpg,Dominik Matus,CC BY-SA 4.0,https://creativecommons.org/licenses/by-sa/4.0,The Gospel According To...,63888773,zGBbVvfC_Bg
Q111337,Korpiklaani,group,1993,Finland,Q484179,Korpiklaani - Rakuunarock 2013.jpg,Tuomas Vitikainen,CC BY-SA 3.0,https://creativecommons.org/licenses/by-sa/3.0,Vodka,651506832,g4LofIXbvrM
Q111337749,Mach-Hommy,person,,United States,Q109303336,,,,,,,
Q1113984,Comeback Kid,group,2001,Canada,Q542703,Comeback Kid – Reload Festival 2016 04.jpg,Frank Schwichtenberg,CC BY-SA 3.0,https://creativecommons.org/licenses/by-sa/3.0,Wake The Dead,1286060292,2NTyyCwwDfY
Q1114144,The Penguins,group,1953,United States,Q546359,,,,,,,
Q111472061,Midwxst,person,2003,United States,Q107515261,Midwxst 11 12 22.png,Ryannwiki,CC BY-SA 4.0,https://creativecommons.org/licenses/by-sa/4.0,223’s,1893352187,kqDD_pGgQyo
Q1115087,Commander Cody and His Lost Planet Airmen,group,1967,United States,Q4490991,Commander Cody & His Lost Planet Airmen.jpg,David Gans,CC BY-SA 2.0,https://creativecommons.org/licenses/by-sa/2.0,,,
Q111594339,Dengue Dengue Dengue!,group,2010,Peru,Q1143744,MX DD DENGUE DENGUE DENGUE - 51960980158.jpg,Secretaría de Cultura CDMX,CC BY 2.0,https://creativecommons.org/licenses/by/2.0,Serpiente Dorada,958446962,CxfRmNcBe6M
Q111628978,Ericdoa,person,2019,United States,Q107515261,"Ericdoa performing in Philadelphia, PA in November 2022.jpg",Ryannwiki,CC BY-SA 4.0,https://creativecommons.org/licenses/by-sa/4.0,fantasize,1379131632,N9_hsXleJgs
Q111633626,Cat System Corp.,person,2013,Kingdom of the Netherlands,Q80725067,,,,,,,
Q1116390,Incantation,group,1989,United States,Q65943557,Incantation Party.San Metal Open Air 2019 02.jpg,S. Bollmann,Attribution,,,,
Q11167386,Nameless,person,1999,Kenya,Q4943457,,,,,,,
Q111703543,Innellea,person,,,Q110185782,,,,,Downfall,2585493572,ZPlBKOggHrk
Q111750814,Puseletso Seema,person,,,Q5433431,,,,,,,
Q11182116,Boukman Eksperyans,group,1978,Haiti,Q7295057,"Theodore Lolo Beabrun, Lead Singer.JPG",Vkpascal,CC BY-SA 3.0,https://creativecommons.org/licenses/by-sa/3.0,Ke M Pa Sote,3016059,FBN2z0mgALk
Q11190781,Babymetal,group,2010,Japan,Q16096634,"Babymetal performing at Ancienne Belgique December 4, 2023.jpg",DragonFury,CC BY-SA 4.0,https://creativecommons.org/licenses/by-sa/4.0,RATATATA,2798271222,EDnIEWyVIlE
Q11194338,Caravan,person,2004,Japan,Q6665252|Q727803,,,,,,,
Q11201367,GOING STEADY,group,1996,,Q11661531,,,,,BABY BABY,571676692,BUItRCnW5Lw
Q1120684,Supergrass,group,1993,United Kingdom,Q189045,Supergrass in Madrid.jpg,Alberto Racatumba from Spain / España,CC BY 2.0,https://creativecommons.org/licenses/by/2.0,Alright,3786223702,qUE4oDunYkc
Q1120697,Weather Report,group,1970,United States,Q105527,Weather Report 19810611 shinjuku fn23.jpg,Jun Tendo,Public domain,,Birdland,30685421,rI87xvv-OJE
Q1121411,Kruder & Dorfmeister,group,1993,Austria,Q757143|Q251192,,,,,High Noon (Mixed),12266089,
Q112181418,Hamo Bika,person,2014,Egypt,Q25230739,,,,,Mahragan Wada3 Ya Donia,736145712,
Q112208160,B-Lovee,person,2015,United States,Q110643230,B-Lovee.jpg,Talk of the Town,CC BY 3.0,https://creativecommons.org/licenses/by/3.0,Don't Change,1640339622,N3Abx7PWg6Q
Q1122398,Naglfar,group,1992,Sweden,Q2997058,Naglfar Party.San Metal Open Air 2019 13.jpg,S. Bollmann,Attribution,,The Mirrors of My Soul,108596618,qqZskKDk19E
Q112269673,Elias Dia Kimuezo,person,1936,Angola,Q1470503,,,,,,,
Q1123016,Mortification,group,1987,Australia,Q822914,,,,,Nocturnal,17406759,tAlmA4ekkSI
Q1123938,The Dresden Dolls,group,2000,United States,Q1166158,Dresden Dolls3.jpg,Kyle Cassidy (identity confirmed),CC BY 2.5,https://creativecommons.org/licenses/by/2.5,My Alcoholic Friends,660803,vnCmtfAoEsw
Q112490531,Robert Natus,person,1981,,Q307054,,,,,French Kiss,1724557297,_Jj0HMrRS98
Q112538672,Dele Abiodun,person,,,Q1715700,,,,,,,
Q1126131,Kronos Quartet,group,1973,United States,Q11487510,Kronos Quartet with Paul Wiancko.jpg,Musical Instrument Museum,CC BY-SA 4.0,https://creativecommons.org/licenses/by-sa/4.0,The Water Rises,457843682,MlVXBxAuDGw
Q1126287,Mott the Hoople,group,1969,United Kingdom,Q76092,Mott the Hoople.jpg,Wonker,CC BY 2.0,https://creativecommons.org/licenses/by/2.0,All the Young Dudes,13149413,yNHdPPJGowY
Q1126301,The Jesus and Mary Chain,group,1983,United Kingdom,Q2545135,Jesus and Mary Chain 2007.jpg,"Liane Chan from Buena Park, United States",CC BY 2.0,https://creativecommons.org/licenses/by/2.0,Sometimes Always,3918332,rfEvgf2DdTQ
Q1126314,Orphaned Land,group,1991,Israel,Q484179,Orphaned Land 1.jpg,Leonard Tulipan,CC BY 2.0,https://creativecommons.org/licenses/by/2.0,The Cave,426976882,duUTbyDVsoo
Q112659660,Heroin in Tahiti,group,,Italy,Q16254929,,,,,II,2298603975,
Q112702265,Eslabón Armado,group,2017,United States,Q101440473,"Eslabon Armado - interview with Tony Dandrades, 2023.png",Tony Dandrades,CC BY 3.0,https://creativecommons.org/licenses/by/3.0,Ella Baila Sola,2193681047,lSrLb_rERdI
Q1127431,Green River,group,1984,United States,Q11365,Green River (1980s Sub Pop promo photo).jpg,Photograph by Charles Peterson. Distributed by Sub Pop.,Public domain,,Swallow My Pride,1137214322,GuK9hBGGyDg
Q11278859,Tomas Marin,person,1966,Spain,Q848852,,,,,,,
Q112861798,Asake,person,2018,Nigeria,Q116745991,Asake performing in a Toronto concert (2024) (cropped).png,Mensah Memories,CC BY 3.0,https://creativecommons.org/licenses/by/3.0,BADMAN GANGSTA,3434983391,oPSQuCNXkAo
Q112939308,Loaded Lux,person,1983,United States,Q12302979,,,,,Prints on a Handgun,748672622,_HI5pq1_D-s
Q11299332,Chris Dench,person,1953,,Q3736603,,,,,,,
Q1130581,KC and the Sunshine Band,group,1973,United States,Q58339,KC & The Sunshine Band2.jpg,BradP,CC BY-SA 3.0,https://creativecommons.org/licenses/by-sa/3.0,,,
Q1130624,Gang of Four,group,1977,United Kingdom,Q598929|Q1643549,Gang of Four in Chicago.jpg,Robman94,CC BY-SA 3.0,https://creativecommons.org/licenses/by-sa/3.0,Damaged Goods,873693042,ov5pvjb3Qb8
Q1131337,While Heaven Wept,group,1989,United States,Q5834708,,,,,To Wander the Void,7365381,HfUmhX7I4Xg
Q1131682,Banda Calypso,group,1999,Brazil,Q8251828,Calypsojoelmaechimbinha.jpg,Murilodias10,CC BY-SA 4.0,https://creativecommons.org/licenses/by-sa/4.0,Principe Encantado,1778586817,3JzAQ0UEt6o
Q1131818,Royal Crown Revue,group,1989,United States,Q447962,Royal Crown Revue.jpg,Robman94,CC BY-SA 3.0,https://creativecommons.org/licenses/by-sa/3.0,Hey Pachuco,1635456332,ZFzZNidZGEY
Q1132434,The Searchers,group,1959,United Kingdom,Q546264|Q2344635,Searches 1964.jpg,Unknown author,Public domain,,Needles & Pins,3785978932,dojmsGEhGHU
Q1132613,Meat Puppets,group,1980,United States,Q2268922,MeatPuppetsHi-ToneMemphis.jpg,Ian Goodell. Original uploader was Igoodell at en.wikipedia,Public domain,,Lake Of Fire,1758549737,VzYOq8WGUxQ
Q1132765,Mazzy Star,group,1989,United States,Q592330,Mazzy Star.jpg,Paul Hudson from United Kingdom,CC BY 2.0,https://creativecommons.org/licenses/by/2.0,Into Dust,3360829,
Q11328522,The Birds,group,,Japan,Q2607836|Q98528293,,,,,Say Those Magic Words,115711308,vqkntjOkksU
Q1133218,Mael Mórdha,group,1998,Ireland,Q2525544,Mael Mordha Cernunnos Pagan Fest 2008 03.jpg,Vassil,CC BY 3.0,https://creativecommons.org/licenses/by/3.0,Tá Mael Mórdha Ag Teacht,110919334,
Q1133406,DevilDriver,group,2002,United States,Q241662,DevilDriver Paard van Troje 3.JPG,Steven Lek,Public domain,,Sail,459202302,torc9P4-k5A
Q1133807,Sly and the Family Stone,group,1967,United States,Q835891|Q105334717|Q2743435|Q164444,Sly and the Family Stone (1968 publicity photo).jpg,"Distributed by Epic Records, Daedalus Management, and William Morris Agency, Inc. Photographer uncredited and unknown.",Public domain,,Everyday People,534508,YUUhDoCx8zc
Q1134411,Shpongle,group,1996,United Kingdom,Q622871|Q749475,Simon Posford.jpg,AKX_,CC BY 2.0,https://creativecommons.org/licenses/by/2.0,How the Jellyfish Jumped up the Mountain,69141646,8oL6u9eujSU
Q1134615,Violent Femmes,group,1980,United States,Q1425661,Violent Femmes 8221.jpg,GothEric,CC BY-SA 2.0,https://creativecommons.org/licenses/by-sa/2.0,Blister In The Sun,1444381022,G89chAA4l8s
Q113510276,Destroy Lonely,person,2015,United States,Q111133884,"Destroy Lonely, Clout Festival 2024 06 (cropped).jpg",Wojciech Pędzich,CC BY 4.0,https://creativecommons.org/licenses/by/4.0,if looks could kill,2166024007,UfNuombVZb4
Q1135315,Survivor,group,1978,United States,Q16527140,Survivor sweden.jpg,Staffan Vilcans,CC BY-SA 2.0,https://creativecommons.org/licenses/by-sa/2.0,Eye of the Tiger,576431,btPJPFnesV4
Q1135386,Corrupted,group,1994,Japan,Q1433387,,,,,,,
Q1135391,Corrosion of Conformity,group,1982,United States,Q932977|Q56353998,Hellfest2018CorrosionOfConformity 01.jpg,Selbymay,CC BY-SA 4.0,https://creativecommons.org/licenses/by-sa/4.0,Clean My Wounds,1013395,yvsQsao1F88
Q1135620,Wire,group,1976,United Kingdom,Q3071|Q598929|Q659599,Wire sept 2013.jpg,Fergus Kelly,CC BY-SA 2.0,https://creativecommons.org/licenses/by-sa/2.0,I Am the Fly,444231552,LngKY5LvKtI
Q113635146,osquinn,person,2004,United States,Q107515261,,,,,i dont want that many friends in the first place,2320019525,O_8Nu996xbk
Q1137045,Count Raven,group,1989,Sweden,Q108979517,Count Raven live @ Wacken 2005 I (cropped).jpg,David Tyler,CC BY 2.0,https://creativecommons.org/licenses/by/2.0,Hippies Triumph,470752352,Xr6JiJttyaI
Q1137218,The Country Gentlemen,group,1957,United States,Q213714|Q3307225,,,,,,,
Q11373892,Tomoko Aran,person,1977,Japan,Q11307326,,,,,Midnight Pretenders,6642148,KZyS-ms6-RA
Q1137427,Happy End,group,1969,Japan,Q1055871,,,,,,,
Q11379993,Takio Itō,person,1950,Japan,Q901610,,,,,,,
Q1138029,Coven,group,1969,United States,Q55296418,Coven Roadburn 2017.jpg,"deepskyobject from Saint Petersburg, Russia",CC BY 2.0,https://creativecommons.org/licenses/by/2.0,Wicked Woman,2290904125,sN1t-sPxPJM
Q1138865,Cranes,group,1986,United Kingdom,Q284543,Cranes hd.JPG,©noisytoy.net,CC BY-SA 3.0,https://creativecommons.org/licenses/by-sa/3.0,Everywhere,7583439,AovFHWeVYzE
Q1138974,Whitechapel,group,2006,United States,Q475221,Whitechapel (c)abbilondon.jpg,Abbi london,CC BY 3.0,https://creativecommons.org/licenses/by/3.0,Prisoner 666,3122684111,YJ0bofXlfyw
Q113950871,Humanity’s Last Breath,group,,Sweden,Q133601921,Humanity's Last Breath @ Complexity Fest 03.jpg,Grywnn,CC BY-SA 4.0,https://creativecommons.org/licenses/by-sa/4.0,Godhood,3722370242,4QEA3FpqKUE
Q1139517,Gong Qiuxia,person,1918,People's Republic of China,Q7496127|Q1499262,Qiuxia gong 1947.jpg,Unknown author,Public domain,,,,
Q1140278,Quilapayún,group,1965,Chile,Q1151259|Q3879286,Quilapayún (cropped).jpg,Ministerio Secretaría General de Gobierno,CC BY-SA 2.0,https://creativecommons.org/licenses/by-sa/2.0,El pueblo unido jamás será vencido,130742952,-_qQj25KaUE
Q114050700,Ken Carson,person,2015,United States,Q111133884,Ken Carson live on Chaos Tour at Milwaukee 2024 (cropped).jpg,dylanisswagger,CC BY 3.0,https://creativecommons.org/licenses/by/3.0,ss,2868707392,TMzs6GvsZXU
Q1140657,Cro-Mags,group,1981,United States,Q10922,Cro-Mags - Reload Festival 2024 10.jpg,Frank Schwichtenberg,CC BY-SA 4.0,https://creativecommons.org/licenses/by-sa/4.0,World Peace,718376782,J2jheU9XOwU
Q1140997,Crookers,group,2003,Italy,Q2365784,Crookers 2008.jpg,bine bardi,CC BY 2.0,https://creativecommons.org/licenses/by/2.0,,,
Q1141268,Crossfaith,group,2006,Japan,Q2084353,13-04-27 Groezrock Crossfaith Kenta Koie 03.jpg,Achim Raschka (talk),CC BY-SA 4.0,https://creativecommons.org/licenses/by-sa/4.0,Omen,976293082,cGJfO3P4s04
Q11413264,Hiroshi Yoshimura,person,1972,Empire of Japan,Q193207|Q112159506,,,,,GREEN,3185163871,Q-k9Xu5O7AY
Q1141454,The Dave Clark Five,group,1957,United Kingdom,Q546264,Dave Clark Five 1964.JPG,MGM,Public domain,,Glad All Over,3768837212,NHtNFaa2ne0
Q1141495,Happy Mondays,group,1980,United Kingdom,Q4841596|Q2187392,HappyMondays.jpg,Stig Nygaard from England,CC BY 2.0,https://creativecommons.org/licenses/by/2.0,Step On,428849902,R88KeQnBBI4
Q1141580,The Jolly Boys,group,1955,Jamaica,Q1262697,"The Jolly Boys, Cambridge Festivals 2001-2014 (4854000503).jpg",Bryan Ledgard,CC BY 2.0,https://creativecommons.org/licenses/by/2.0,,,
Q1141827,Kiyoshi Hikawa,person,2000,Japan,Q873478,Hikawakiyoshi-shimbashi-march6-2017.jpg,Nesnad,CC BY-SA 4.0,https://creativecommons.org/licenses/by-sa/4.0,,,
Q1141894,Cruachan,group,1992,Ireland,Q2525544,Cruachanguitarists.jpg,Cruachankeith,CC BY-SA 4.0,https://creativecommons.org/licenses/by-sa/4.0,The Harvest,2023395487,uBtCZvo23ic
Q114213152,Luxury Elite,person,,,Q15733887,,,,,S.W.A.K.,104859776,tX6YxnnXtMg
Q1142256,Cryptic Slaughter,group,1984,United States,Q932977|Q1995569,,,,,Sudden Death,95898016,L6nLpc3LElo
Q114279907,Ana Castela,person,2003,Brazil,Q138617267,2024-01-01 Réveillon Beira Rio às margens do Rio Amazonas 16 (cropped).jpg,Felix Alencar e Maksuel Martins/GEA,CC BY 3.0,https://creativecommons.org/licenses/by/3.0,Olha Onde Eu Tô,3358826391,h_aRZwzjYxs
Q114285,Francesco De Gregori,person,1972,Italy,Q108297209,Francesco De Gregori.jpg,Iaconianni family,CC BY-SA 3.0,https://creativecommons.org/licenses/by-sa/3.0,La donna cannone,1082709,PYTJZ2cOxe4
Q1142870,Girlschool,group,1978,United Kingdom,Q370515,Girlschool at Metal Magic 2015 - 19379861854.jpg,Septikphoto,CC BY 2.0,https://creativecommons.org/licenses/by/2.0,Race With The Devil,3808823862,Pe_LRasNay0
Q1143521,Cult of Luna,group,1999,Sweden,Q98528292|Q41343,"Cult of Luna, Peace and Love 2009.jpg",Calle Eklund/V-wolf,CC BY-SA 3.0,https://creativecommons.org/licenses/by-sa/3.0,A Way Back,4165368332,bwfJujvASDU
Q1143664,Akina Nakamori,person,1982,Japan,Q1418683|Q107985650,,,,,,,
Q1143704,Mariya Takeuchi,person,1978,Japan,Q11307326,Mariya Takeuchi (cropped).jpg,Kamasami Kong,CC0,http://creativecommons.org/publicdomain/zero/1.0/deed.en,Plastic Love,1169627962,T_lC2O1oIew
Q1143750,The Kovenant,group,1992,Norway,Q828243|Q3008122,,,,,The Sulphur Feast,668830912,LC2Zb8QtxOY
Q11439213,Taeko Ōnuki,person,1971,Japan,Q11307326,,,,,4:00 A.M.,1567106462,d76F_B8wxZ4
Q1144015,Spiritualized,group,1990,United Kingdom,Q236913|Q109077288,Spiritualized08.jpg,Mathias Nielsen,Public domain,,Soul On Fire,2471349541,s9hunPhi768
Q1144846,Curren$y,person,2002,United States,Q137441526,Currensy.jpg,thecomeupshow,CC BY 2.0,https://creativecommons.org/licenses/by/2.0,The Count,505948972,IKvEO9_6WFU
Q1145,Jean-Philippe Rameau,person,1683,Kingdom of France,Q8361|Q116875252,"Attribué à Joseph Aved, Portrait de Jean-Philippe Rameau (vers 1728) - 001.jpg",Attributed to Joseph Aved / Formerly attributed to Jean-Baptiste-Siméon Chardin,Public domain,,,,
Q1145479,Dissection,group,1989,Sweden,Q2997058|Q2599472,Dissection live1 (cropped).jpg,Shadowgate,CC BY 2.0,https://creativecommons.org/licenses/by/2.0,Where Dead Angels Lie,1797307477,Q-qAwokf9-Y
Q114562187,Rochy RD,person,2018,Dominican Republic,Q16491869,,,,,Uva Bombom,1472067322,lsEqmtE9UA0
Q1145652,Fairport Convention,group,1967,United Kingdom,Q186472|Q2614533|Q649634,Fairport 40th.jpg,Brian Marks,CC BY 2.0,https://creativecommons.org/licenses/by/2.0,Who Knows Where The Time Goes?,1582415,n2xODjbfYw8
Q114596815,Petre Inspirescu,person,,Romania,Q122474257,,,,,Delir 4,144295718,kmzkOBiNBZQ
Q114651,Foghat,group,1971,United Kingdom,Q2266376,Foghat on Stage (20710187958).jpg,"Kirt Edblom from Kihei, Hi, United States",CC BY-SA 2.0,https://creativecommons.org/licenses/by-sa/2.0,,,
Q114654731,Summrs,person,2017,United States,Q116679787|Q111133885,Summrs.jpg,Célestin Denis,CC BY-SA 4.0,https://creativecommons.org/licenses/by-sa/4.0,,,
Q1146597,Cutty Ranks,person,1980,Jamaica,Q740911,Cutty Ranks 2025 no sunglasses.jpg,comechatwidmi,CC BY 3.0,https://creativecommons.org/licenses/by/3.0,Limb By Limb,6629032,tPeCHvAJCEQ
Q1146675,Insomnium,group,1997,Finland,Q253918,Insomnium John Smith 2019 (5).jpg,WanderingTrad,CC BY-SA 4.0,https://creativecommons.org/licenses/by-sa/4.0,Arch of the Sky,4237444502,61RjgbXhsLc
Q1146899,Deutsch Nepal,person,1991,Sweden,Q756956,Deutsch Nepal Nocturnal Culture Night 10 2015 01.jpg,S. Bollmann,CC BY-SA 4.0,https://creativecommons.org/licenses/by-sa/4.0,,,
Q1147061,Mr. Bungle,group,1985,United States,Q641357,MrBungle99.JPG,The original uploader was Mr Bungle at English Wikipedia.,CC BY-SA 3.0,http://creativecommons.org/licenses/by-sa/3.0/,Carousel,724540,RIMN5ILCb1I
Q1147958,Michel Chion,person,1947,France,Q823560,,,,,,,
Q114913075,Autumn,person,2017,United States,Q116679787|Q111133885,,,,,No New Friends!,2748946921,IgGPtyH5btY
Q1150056,YMCK,group,2003,Japan,Q135637|Q773880,YMCK live.jpg,aon,CC BY 2.0,https://creativecommons.org/licenses/by/2.0,Sasetsushite Usetsushite,106990950,
Q115098502,Babyface Ray,person,2014,United States,Q106839650,Babyface Ray 2022.png,SUPPARAY,CC BY 3.0,https://creativecommons.org/licenses/by/3.0,Ron Artest,2140678007,BoB8C6TC6uU
Q115099788,Bandmanrill,person,2020,United States,Q115483855|Q124399713,Bandmanrill.png,Talk of the Town,CC BY 3.0,https://creativecommons.org/licenses/by/3.0,BULLET,1492578382,Fk-dsI5Gj2c
Q1151,Hector Berlioz,person,1815,France,Q2737175|Q2028627|Q207591|Q2142754|Q6941842,Berlioz Petit BNF Gallica-crop.jpg,Pierre Petit,Public domain,,A Letter Home,1913225507,
Q1153170,Karel Goeyvaerts,person,1923,Belgium,Q3391334,,,,,,,
Q1153310,Gary Clark Jr.,person,1996,United States,Q65937937,"Gary Clark, Jr. 2013.jpg",Alize Tran,CC BY 2.0,https://creativecommons.org/licenses/by/2.0,Come Together,402043172,r7imYeuAfkg
Q1153351,UGK,group,1987,United States,Q1253172|Q8560269|Q136908587,"Bun B's show @ The Loft, Atlanta5.jpg","Dom Brady from Atlanta, Georgia, United States",CC BY 2.0,https://creativecommons.org/licenses/by/2.0,Quit Hatin' the South,465678842,zgpWs_uPPOI
Q115367878,MC Loma e As Gêmeas Lacração,group,2018,Brazil,Q97278139,,,,,Envolvimento,1568082352,pOpyq-T4fnQ
Q1154047,DJ Craze,person,1995,United States,Q1046801,DJ Craze.jpg,Alkivar,CC BY-SA 2.5,https://creativecommons.org/licenses/by-sa/2.5,,,
Q1154114,DJ Hype,person,1982,United Kingdom,Q1102161|Q46649,"DJ Hype, Matrix, and Futurebound at Egg.jpg",Adam J Roberts,CC BY-SA 4.0,https://creativecommons.org/licenses/by-sa/4.0,,,
Q1154136,DJ Jazzy Jeff & the Fresh Prince,group,1985,United States,Q2572585,Thejazzyjeff.jpg,"Neil Rickards from Cambridge, England",CC BY 2.0,https://creativecommons.org/licenses/by/2.0,The Fresh Prince of Bel-Air,831350,gQmy16CV3ug
Q1154159,DJ Krush,person,1985,Japan,Q1077172,DJ Krush.jpg,Jhayne,CC BY 2.0,https://creativecommons.org/licenses/by/2.0,,,
Q1154172,DJ Magic Mike,person,1986,United States,Q546206,,,,,,,
Q1154190,Tatsurō Yamashita,person,1973,Japan,Q11307326,"Tatsuro Yamashita, 2005 (forward crop).jpg",Kamasami Kong,CC BY-SA 2.0,https://creativecommons.org/licenses/by-sa/2.0,Kiska,1125498062,r-zJuzMXyu4
Q1154202,DJ Mehdi,person,1995,France,Q113493820,DJ Mehdi.jpg,GrechPhoto / Michael Grech,CC BY 2.0,https://creativecommons.org/licenses/by/2.0,Signatune,515837262,bOyU_OzRXnM
Q1154211,DJ Patife,person,1977,Brazil,Q3179786,Djpatife df.jpg,Olimor,CC BY-SA 3.0,https://creativecommons.org/licenses/by-sa/3.0,Enigma,135016854,g9WoO0L4biw
Q1154222,DJ Pierre,person,1987,United States,Q1071961,Dj-pierre-cropped.jpg,TheArches,CC BY 2.0,https://creativecommons.org/licenses/by/2.0,,,
Q1154246,DJ Quik,person,1987,United States,Q1045541,Dj-quik-2015.jpg,Judchuks,CC BY-SA 3.0,https://creativecommons.org/licenses/by-sa/3.0,Put It On Me,5065375,F7X7C9QLpns
Q1154264,DJ Sharpnel,group,2000,Japan,Q3098078,,,,,WE LUV LAMA,2634219512,CQAcrUX5UZE
Q1156998,Devourment,group,1995,United States,Q2265866|Q6130346,"Devourment in SPb, 2016 (2).jpg",Pilot Dave,CC BY-SA 4.0,https://creativecommons.org/licenses/by-sa/4.0,Pious Impiety,4039116501,jQ26iMGJbW4
Q115750132,Dvrst,person,2018,Russia,Q112997482,Dvrst в 2022 году.jpg,Валерий Зайцев (фото получено путём автосъёмки с использованием таймера),CC BY-SA 4.0,https://creativecommons.org/licenses/by-sa/4.0,Close Eyes,1413655312,ao4RCon11eY
Q115769267,Icewear Vezzo,person,2012,United States,Q106839650,Icewear Vezzo detroit mi.jpg,Cdm508313,CC BY-SA 4.0,https://creativecommons.org/licenses/by-sa/4.0,Up The Scoe,2345084765,hTsucLPqWD8
Q1158232,Damas Gratis,group,2000,Argentina,Q4789437|Q1143752,Damas gratis 003.jpg,Original uploader was TIP-XL,CC BY-SA 4.0,https://creativecommons.org/licenses/by-sa/4.0,Costumbres (Vivo),1981755497,
Q1158503,MC Frontalot,person,1999,United States,Q1754592,Frontalot.jpg,Crapbot3000 at English Wikipedia,Public domain,,Final Boss,8971893,SVUgue_Ad4o
Q115920342,Jane Remover,person,2017,United States,Q120484427,Jane Remover April 2025 2 (cropped).png,Angel,CC0,http://creativecommons.org/publicdomain/zero/1.0/deed.en,Beauty Sleep,4299465052,_Y6pS1yoR2Y
Q115946577,Bizzy Banks,person,2018,United States,Q126281100,,,,,Don't Start,955179202,DtAc6nbDHp0
Q116042025,Silvanno Salles,person,1980,Brazil,Q2863648,,,,,Quebrou a Cara,1777326007,GhH7CIVW1zs
Q1161663,Stray Cats,group,1980,United States,Q65943390,Stray Cats.jpg,Masao Nakagami,CC BY-SA 2.0,https://creativecommons.org/licenses/by-sa/2.0,Stray Cat Strut,15717205,mbAyj1h9vI0
Q11617,Aaliyah,person,1989,United States,Q2256407,Aaliyah-02.jpg,mika-photography.com,CC BY-SA 3.0,https://creativecommons.org/licenses/by-sa/3.0,Try Again,3380594501,qTA0RuZoIxM
Q1161999,Daniel O'Donnell,person,1980,Ireland,Q5177472,Danielodonnellindublin2.jpg,IrelandHall,CC BY-SA 3.0,https://creativecommons.org/licenses/by-sa/3.0,,,
Q116306326,The Soul Brothers,group,1975,,Q1914924,,,,,Asithandazeni,2562307632,
Q1163207,The Zombies,group,1961,United Kingdom,Q46046|Q383982,The Zombies.jpg,Peter Grad,CC BY-SA 1.0,https://creativecommons.org/licenses/by-sa/1.0,She's Not There,1983886097,T6cLHNF5N8E
Q11647,Nine Inch Nails,group,1988,United States,Q325504|Q11366|Q936942|Q968730|Q208494,NIN Munich 2007.jpg,"Luca De Santis from Orzignano (PI), Italy (Author's website)",CC BY 2.0,https://creativecommons.org/licenses/by/2.0,Closer,1173960,PTFwQP86BRs
Q1164771,Danny Tenaglia,person,1961,United States,Q202925,Danny Tenaglia cropped.jpg,Kevin3141 (https://www.flickr.com/people/kevint3141),CC BY 2.0,https://creativecommons.org/licenses/by/2.0,Music Is The Answer (Dancin' & Prancin'),608575532,iAuOvLJaQfU
Q11649,Nirvana,group,1987,United States,Q11399|Q11366|Q11365,Nirvana around 1992.jpg,P.B. Rage from USA,CC BY-SA 2.0,https://creativecommons.org/licenses/by-sa/2.0,Heart-Shaped Box,70466227,n6P0SitRwy8
Q1165645,Lisa Lisa and Cult Jam,group,1985,United States,Q655514,"Lisa Lisa, American singer.jpg",Kenneth C. Zirkel,CC BY-SA 4.0,https://creativecommons.org/licenses/by-sa/4.0,Can You Feel the Beat,1030092,HEWdlp29s2k
Q1165655,Throbbing Gristle,group,1975,United Kingdom,Q487965,Throbbing Gristle-New York.jpg,Seth Tisue,CC BY-SA 2.0,https://creativecommons.org/licenses/by-sa/2.0,Hamburger Lady,421744762,IZAIrbonUcA
Q1165867,Save Ferris,group,1995,United States,Q3990466,,,,,Come on Eileen,1014820,QvnReMC5_9o
Q1166670,Darren Styles,person,1993,United Kingdom,Q2374619,,,,,Be Somebody,3362751811,hGxJ8uPh8Zk
Q116702131,Silver Bullet,group,,Finland,Q918095,,,,,20 Seconds to Comply,3111297,0InSlbNakOs
Q1168617,Numb,group,1986,Canada,Q1403744,Numb band 1987.jpg,Stubbsonic,CC BY-SA 4.0,https://creativecommons.org/licenses/by-sa/4.0,,,
Q11687266,Klezmer Conservatory Band,group,,United States,Q212944,,,,,,,
Q11689555,Los Manolos,group,1989,Spain,Q2707994,Los Manolos 3.jpg,Ajuntament de Sabadell,CC BY 2.0,https://creativecommons.org/licenses/by/2.0,Amigos para Siempre,1060160,U_VcW5XAedE
Q11691580,Count Lasher,person,1950,Jamaica,Q1262697,,,,,Hooligans,3785909092,_7E-2Ud7XiA
Q116936,The dB's,group,1978,United States,Q1190565,The dB's in 2012-Philadelphia.jpg,Chris Sikich,CC BY 2.0,https://creativecommons.org/licenses/by/2.0,Happenstance,2892855841,M_h8qEGO8E8
Q11697214,Pablo Esteve y Grimau,person,1730,Spain,Q3622181,,,,,,,
Q117139,Wiz Khalifa,person,2005,United States,Q137441526,Wiz Khalifa 2023.jpg,Rickmunroe01,CC BY-SA 4.0,https://creativecommons.org/licenses/by-sa/4.0,See You Again,95813354,RgKAFK5djSk
Q1172137,Gray Matter,group,1983,United States,Q3724778,,,,,,,
Q117242724,Peso Pluma,person,2020,Mexico,Q7309098|Q108665706,PESO PLUMA - 2024.09.24 (3).jpg,Villa Records México,CC BY 3.0,https://creativecommons.org/licenses/by/3.0,LA PATRULLA,2855869452,Fr9rMmMp3mY
Q1173180,Dave Douglas,person,1984,United States,Q742341,Dave Douglas (trumpet).jpg,"Siebe van Ineveld Rotterdam, The Netherlands",CC BY-SA 2.0,https://creativecommons.org/licenses/by-sa/2.0,Poses,968089,
Q1173181,Dave Dudley,person,1956,United States,Q7847156,Dave Dudley.png,Mercury Records,Public domain,,Six Days On The Road - Alternate,1202037,
Q1173262,Dave Koz,person,1987,United States,Q831354,Dave Koz in Concert (42490844815).jpg,slgckgc,CC BY 2.0,https://creativecommons.org/licenses/by/2.0,Christmas (Baby Please Come Home),4281593512,
Q1174604,David Grisman,person,1960,United States,Q3307225,,,,,Richochet,14619252,rcdBTHrq0X4
Q117477492,Serge Lebrasse,person,1930,Mauritius,Q1781796,,,,,,,
Q117522,Groove Armada,group,1996,United Kingdom,Q757143,Groove Armada at Chi Dubai.JPG,Hamish2k,CC BY-SA 3.0,https://creativecommons.org/licenses/by-sa/3.0,Hands of Time,539152,KDmtOW8hd54
Q11762576,Lord Flea,person,1949,Jamaica,Q1262697,,,,,,,
Q1176403,David Rudder,person,1977,Trinidad and Tobago,Q752785|Q1051735,,,,,Trini 2 De Bone,83292890,K9OzeJauM0Q
Q117684,The Exploited,group,1979,United Kingdom,Q383615|Q1750088,The Exploited onstage 2014.jpg,Gaudencio Garcinuño,CC BY-SA 2.0,https://creativecommons.org/licenses/by-sa/2.0,,,
Q1178,Maurice Ravel,person,1875,France,Q105697765|Q2737175,Maurice Ravel 1925.jpg,"Unknown authorUnknown author The image holder, the Bibliothèque nationale de France has not identified a photographer. (",Public domain,,,,
Q11788639,Nachtmahr,group,1995,Germany,Q1091450,,,,,,,
Q117970,Grimes,person,2007,Canada,Q95469495,Grimes Governors Ball 2014 03 (cropped).png,Jordan Uhl,CC BY 2.0,https://creativecommons.org/licenses/by/2.0,Delicate Weapon,1144909922,-8CHNQxB1fQ
Q1179823,De Dannan,group,1974,Ireland,Q7482056,De Dannan (4353948644).jpg,"Candy Schwartz from Boston, USA",CC BY 2.0,https://creativecommons.org/licenses/by/2.0,The Rights of Man / The Pride of Petravore,1649505262,
Q1180841,dead prez,group,1996,United States,Q969663,NLN M1 Dead Prez.jpg,Thomas Good,CC BY-SA 3.0,https://creativecommons.org/licenses/by-sa/3.0,Hip-Hop,15220137,oiusDE0KND8
Q118116,Dexter Gordon,person,1940,United States,Q105513,Dexter Gordon2.jpg,Albert Kok at English Wikipedia Note User since renamed their en:Wikipedia account to User:Albert_Kok~enwiki,Public domain,,Don't Explain,3437575,k2Lx3n10fkc
Q118119939,Gabito Ballesteros,person,1999,Mexico,Q108665706,,,,,7 DIAS,3205562811,3UIBvSk6gAs
Q1181285,Death in June,group,1981,United Kingdom,Q775614|Q106621114|Q936942,Death In June (15322996113).jpg,Allan Wan,CC BY 2.0,https://creativecommons.org/licenses/by/2.0,,,
Q118208096,John De'Mathew,person,,Kenya,Q17115009,,,,,Uguo Niguo Kuri,4170692952,lY0VohpKBxU
Q118220059,Kankan,person,2016,United States,Q116679787,Kankan mugshot.jpg,TPD,Public domain,,,,
Q1184300,Delirious?,group,1992,United Kingdom,Q1339121,Martin Smith.jpg,"Tim Lings from Romford, England",CC BY 2.0,https://creativecommons.org/licenses/by/2.0,Inside / Outside,2765549921,Mah5tukQyd0
Q1184543,The Delmore Brothers,group,1926,United States,Q135687210|Q106562392,Delmore Blue checks border color pic.jpg,Deborah Delmore,CC0,http://creativecommons.org/publicdomain/zero/1.0/deed.en,,,
Q118466501,Fuerza Regida,group,2015,United States,Q108665706,Fuerza Regida - Capital One Arena - Washington D.C..jpeg,Floppykart,CC BY 2.0,https://creativecommons.org/licenses/by/2.0,ME JALO,3149529061,nKX8ZNzuvNs
Q1184884,Mariachi Vargas de Tecalitlán,group,1897,Mexico,Q464129,Mariachi Vargas Simbolo.png,Iván Lenovy,CC BY-SA 2.5 mx,https://creativecommons.org/licenses/by-sa/2.5/mx/deed.en,El son de la negra,3879027,9J9YxWNXS4c
Q11855726,Dallapé,group,1925,Finland,Q1051575,Dallapeorkesteri2.jpg,Unknown author,Public domain,,,,
Q11856039,Detty Kurnia,person,1960,Indonesia,Q4372158,,,,,,,
Q1186459,Demon Hunter,group,2000,United States,Q822914,Demon Hunter Band Lineup Collage.jpg,"Jax 0677 (Judge, Scott, Clark, and Dunn photos) &amp; jack on Vimeo (Watts photo)",CC BY 3.0,https://creativecommons.org/licenses/by/3.0,Sorrow Light The Way,3485009881,rkAdkkDlEeQ
Q1186767,Den Harrow,person,1983,Italy,Q744417,DEN HARROW (8389639284).jpg,giorgioerriquez,CC BY 2.0,https://creativecommons.org/licenses/by/2.0,Future Brain,137022036,lDrLsNFzBtQ
Q1187661,Denis Smalley,person,1946,New Zealand,Q423918,,,,,,,
Q118804,The Undisputed Truth,group,,United States,Q2743435,,,,,Smiling Faces Sometimes,2277229,g0WPPAN9JyM
Q1188776,Pyotr Leshchenko,person,1919,Romanian People's Republic,Q4400837,,,,,,,
Q11889,Die Sterne,group,1987,Germany,Q896513,Die sterne.jpg,Zeitfixierer (Flickr User),CC BY-SA 2.0 de,https://creativecommons.org/licenses/by-sa/2.0/de/deed.en,Was hat dich bloß so ruiniert,1758782807,b4qeYfFSVS8
Q1188945,Dennis Alcapone,person,1969,Jamaica,Q98528252,DennisAlcapone3.JPG,Ton1~commonswiki,CC BY-SA 3.0,http://creativecommons.org/licenses/by-sa/3.0/,,,
Q11890,Tocotronic,group,1993,Germany,Q896513,RaR 2013 Tocotronic 01.jpg,Alice Wiegand,CC BY-SA 3.0,https://creativecommons.org/licenses/by-sa/3.0,Im Zweifel für den Zweifel,5137212,kfXiYbfo5Uc
Q11894,Blumfeld,group,1990,Germany,Q896513,BlumfeldVerboteneFrüchte.jpg,Maria Sibylla Merian,Public domain,,Anders als glücklich,3832334221,1sUizvj9Tcw
Q11895,Guns N' Roses,group,1985,United States,Q83270|Q1785028,GNR London Stadium 2017 3 (cropped).jpg,Raph_PH,CC BY 2.0,https://creativecommons.org/licenses/by/2.0,Sweet Child O' Mine,518458172,1w7OgIMMRc4
Q1189731,Yao Lee,person,1922,People's Republic of China,Q7496127|Q1499262,,,,,,,
Q11897643,Times New Viking,group,2005,United States,Q2545135|Q120867282,Times New Viking (2008).jpg,Rhinowing (talk),Public domain,,Fuck Her Tears,3551054631,
Q11898,Einstürzende Neubauten,group,1980,Germany,Q487965|Q936942,EN 2000-05-19 Karlsruhe 1.jpg,No machine-readable author provided. Alex Ex assumed (based on copyright claims).,CC BY-SA 3.0,http://creativecommons.org/licenses/by-sa/3.0/,Feurio!,565311732,9jdsjX6u5Sg
Q119015,Jorge Ben,person,1963,Brazil,Q834959|Q10367259,Jorge Ben Jor at Live Earth.jpg,Luan Torreira,CC BY 2.0,https://creativecommons.org/licenses/by/2.0,País Tropical,529383861,JzByVhWju88
Q119069,Vicente Fernández,person,1940,Mexico,Q7309098|Q464129|Q727634,Vicente Fernández - Pepsi Center - 06.11.11.jpg,"Julio Enriquez from Denver,CO, USA",CC BY 2.0,https://creativecommons.org/licenses/by/2.0,Mujeres Divinas,13378494,xa2GLqL12Zk
Q1191761,Spacemen 3,group,1982,United Kingdom,Q236913|Q109077288,Spacemen 3.jpg,Greg Neate,CC BY 2.0,https://creativecommons.org/licenses/by/2.0,Lord Can You Hear Me?,487950942,KLVjB7SI9KA
Q1192,Jean-Baptiste Lully,person,1647,Grand Duchy of Tuscany,Q122034643|Q1123381,Jean-Baptiste Lully.jpeg,Ducarme,Public domain,,,,
Q1192339,Ewan MacColl,person,1930,United Kingdom of Great Britain and Ireland,Q43343|Q627181,Ewan MacColl 1981-1982 (cropped).jpg,Seattle Folklore Society,Public domain,,,,
Q119265,Rosetta,group,2003,United States,Q98528292|Q41343,RosettaBandRichmondVa.jpg,Jamesmafyew,CC BY 3.0,https://creativecommons.org/licenses/by/3.0,,,
Q1193049,Towa Tei,person,1989,South Korea,Q1207347,TeiTowaJI1.jpg,Joi,CC BY 3.0,https://creativecommons.org/licenses/by/3.0,GBI (GERMAN BOLD ITALIC),935853992,HHpGq_1lTi0
Q11950306,Soweto,group,,Vila de Gràcia,Q10343541,,,,,,,
Q1195268,Dreams Come True,group,1988,Japan,Q131578,,,,,Eternity,77755068,NizE1Ilj9vw
Q119590,Aquarium,group,1972,Soviet Union,Q4078107,Aquarium TA 2008.JPG,Levg,CC BY-SA 4.0,https://creativecommons.org/licenses/by-sa/4.0,,,
Q119598303,T. H. Subash Chandran,person,1946,,Q3521984,,,,,,,
Q1196229,der Plan,group,1979,Germany,Q646679,Der Plan.jpg,Dirk Haun,CC BY 2.0,https://creativecommons.org/licenses/by/2.0,Lass die Katze stehn,493362572,kt8x6CgsU88
Q1197212,Kyōko Koizumi,person,1982,Japan,Q107985650,Kyōko Koizumi International Drama Festival in Tokyo 2013 1.jpg,総務省,CC BY 4.0,https://creativecommons.org/licenses/by/4.0,,,
Q11975,Britney Spears,person,1992,United States,Q211756|Q739138,Britney Spears-FFT-Toronto (cropped).jpg,Jen from USA.,CC BY 2.0,https://creativecommons.org/licenses/by/2.0,...Baby One More Time,540175,C-u5WLJ9Yk4
Q1198084,Momoe Yamaguchi,person,1973,Japan,Q1418683|Q107985650,,,,,,,
Q1198118,Despised Icon,group,2002,Canada,Q475221,Despised icon.jpg,Abbi london,CC BY-SA 3.0,https://creativecommons.org/licenses/by-sa/3.0,Shadow Work,3422127071,5HDA6HrA7cU
Q11998,Kylie Minogue,person,1979,Australia,Q211756,KylieMinogue-byPhilipRomano (cropped).jpg,PhilipRomanoPhoto,CC BY 4.0,https://creativecommons.org/licenses/by/4.0,Padam Padam,3788156152,p6Cnazi_Fi0
Q12005972,The Winans,group,1980,United States,Q5967604,,,,,,,
Q1200853,Desperadoes Steel Orchestra,group,1950,Trinidad and Tobago,Q100330555,Despers 2016 Panorama.jpg,Sandi claus,CC BY-SA 4.0,https://creativecommons.org/licenses/by-sa/4.0,,,
Q1201007,Hurricane Chris,person,2006,United States,Q2991840,Hurricanec.jpg,Lerikal at en.wikipedia Later version(s) were uploaded by Andrewlp1991 at en.wikipedia.,CC BY-SA 3.0,http://creativecommons.org/licenses/by-sa/3.0/,A Bay Bay,71648150,oe9qb5yPQgA
Q1201400,Smile.dk,group,1998,Sweden,Q2076779,Smile.dk on Sakura-Con 2009.jpg,Heath_Bar,CC BY-SA 3.0,http://creativecommons.org/licenses/by-sa/3.0/,Butterfly,3267608,vjzch7b5Z4s
Q12018456,Greenhorns,group,1965,Czech Republic,Q5201841,Greenhorns music band in Pisek in 2011 (1).JPG,Chmee2,CC BY 3.0,https://creativecommons.org/licenses/by/3.0,,,
Q12020101,Hop Trop,group,1979,Czech Republic,Q5201841,Hop Trop (2).jpg,Palickap,CC BY-SA 4.0,https://creativecommons.org/licenses/by-sa/4.0,,,
Q120204,Venetian Snares,person,1992,Canada,Q903735|Q660984,Aaron Funk.jpg,Chunkipsy,CC BY-SA 3.0,http://creativecommons.org/licenses/by-sa/3.0/,Hajnal,71542450,FbJ63spk48s
Q1202626,Pizzicato Five,group,1985,Japan,Q1207347,Pizzicato Five logo.svg,™ Pizzicato Five,Public domain,,Such a Beautiful Girl Like You,2539826841,ruWqKCmUaJU
Q12043494,Pacifik,group,1971,Czech Republic,Q5201841,,,,,,,
Q1205935,Dave Rodgers,person,1981,Italy,Q848852,Dave Rodgers.jpg,Soppakanuuna,CC BY-SA 4.0,https://creativecommons.org/licenses/by-sa/4.0,Deja Vu (2019),1625824432,MIxYVG3nQVE
Q1206752,Deviated Instinct,group,1984,United Kingdom,Q112593597,Deviated Instinct 1.jpg,jan_anek,CC BY 2.0,https://creativecommons.org/licenses/by/2.0,Scarecrow,1648705,piKDyvENDuw
Q1206920,Devin the Dude,person,1992,United States,Q137441526,"Devin the Dude in Pearland, TX July 2010 001.jpg",Zach Garner &lt;zachgarner at gmail dot com&gt;,CC BY-SA 3.0,https://creativecommons.org/licenses/by-sa/3.0,What a Job,3380322551,2T1jdreS6ko
Q1207860,Zhou Xuan,person,1932,Republic of China,Q7496127|Q1499262,ZhouXun6.jpg,Unknown author,Public domain,,Age of Bloom (Hua Yang De Nianhua),11863035,mj4QpP3t43I
Q1208011,Diablo Swing Orchestra,group,2003,Sweden,Q641357,Diablo Swing Orchestra at Global East Rock Festival 2010 (1).jpg,Fevermind,Public domain,,Voodoo mon amour,2064543347,m2mZVOd0jWY
Q120835122,London Jazz Composers Orchestra,group,1970,United Kingdom,Q98528203,,,,,,,
Q120881151,Eat Skull,group,,,Q120867282,,,,,Beach Brains,12061065,o4jpwt-iVS4
Q1209252,The Clancy Brothers,group,1956,Ireland,Q7482056,,,,,,,
Q1209703,Dick Hyman,person,1927,United States,Q111387914,HymanDick2005.jpg,JQRalph,CC BY 3.0,https://creativecommons.org/licenses/by/3.0,Musetta's Waltz,88376563,
Q121077,Bhimsen Joshi,person,1941,Dominion of India,Q1323698|Q1770695|Q2641862|Q62128,Pandit Bhimsen Joshi (cropped).jpg,Bhaskar Bhatt Joshi,CC BY-SA 3.0,https://creativecommons.org/licenses/by-sa/3.0,"Ram, Ram, Ram, Bhajo",1975241,IuR5kV5EMfo
Q121122,Kumar Gandharva,person,1934,Dominion of India,Q62128,Kumar Gandharva 2014 stampsheet of India cr.jpg,"India Post, Government of India",GODL-India,https://data.gov.in/sites/default/files/Gazette_Notification_OGDL.pdf,,,
Q1213111,Die Goldenen Zitronen,group,1984,Germany,Q896513,Die Goldenen Zitronen (Haldern Pop 2013) IMGP3643 smial wp.jpg,Smial (talk),FAL,http://artlibre.org/licence/lal/en,Für immer Punk,675063152,7ZW-DmOmkSk
Q121507,Alicia Keys,person,1985,United States,Q850412,AliciaKeys-byPhilipRomano2.jpg,PhilipRomanoPhoto,CC BY 4.0,https://creativecommons.org/licenses/by/4.0,If I Ain't Got You,629466,Ju8Hr50Ckwk
Q121655,Carmen Miranda,person,1928,Brazil,Q3889661,Carmen Miranda 1941.JPG,New York Sunday News,Public domain,,,,
Q121746347,Mas Musiq,person,,South Africa,Q85741139,,,,,Uzozisola,1496841242,5BI8itAXHZg
Q1217509,New Young Pony Club,group,2004,United Kingdom,Q1995980,"Rock en Seine 2007, New Young Pony Club.jpg","Bertrand from Paris, France",CC BY 2.0,https://creativecommons.org/licenses/by/2.0,Lost a Girl,1674206067,e5-tzh7k0BY
Q121820034,Tyler ICU,person,1989,South Africa,Q85741139,,,,,Mnike,2233096607,
Q122003,Julio Iglesias,person,1968,Spain,Q18345375|Q5747258|Q6496560,Julio Iglesias09.jpg,Alejandro Vilar,CC0,http://creativecommons.org/publicdomain/zero/1.0/deed.en,Con la Misma Piedra,561329,jkue0dtOTa0
Q122020,Hilary Duff,person,1993,United States,Q739138,Hilary Duff (35661671285) (cropped) (3).jpg,Greg2600,CC BY-SA 2.0,https://creativecommons.org/licenses/by-sa/2.0,What Dreams Are Made Of,1386338302,sZ2HvRtDFGc
Q12227879,Ali Deek,person,1971,,Q1156570,,,,,,,
Q1225,Bruce Springsteen,person,1969,United States,Q747717,Bruce Springsteen 2025.jpg,Raph_PH,CC BY 4.0,https://creativecommons.org/licenses/by/4.0,Streets of Philadelphia,552942362,4z2DtNW79sQ
Q1225575,Dillinger,person,1953,Jamaica,Q98528252,,,,,,,
Q1225627,Dilon Djindji,person,1927,Mozambique,Q1786724,,,,,,,
Q1226925,Dion and the Belmonts,group,1957,United States,Q546359,Dion and The Belmonts 1960.jpg,Charlton Publications,Public domain,,,,
Q122731572,Xaviersobased,person,2003,United States,Q124692508,Xaviersobased performing live.jpg,Ninecalling,CC BY-SA 4.0,https://creativecommons.org/licenses/by-sa/4.0,Party At My Place,3821494271,qnLZzAL6x60
Q122751420,"Armandinho, Dodô & Osmar",group,1974,Brazil,Q134589282,,,,,,,
Q1228233,Elton Britt,person,1942,United States,Q3696098,Elton Britt 1950.JPG,"Jolly Joyce Agency-management/photographer-James J. Kriegsmann, New York.",Public domain,,Uranium Fever,1566192042,LW9hwoaJXgw
Q1228418,Discharge,group,1977,United Kingdom,Q10922|Q1151260|Q1750088,"Discharge, Rockeklubben i Porsgrunn 2024 (53717139675).jpg","Birgit Fostervold from Arendal, Norge",CC BY-SA 2.0,https://creativecommons.org/licenses/by-sa/2.0,New World Order,668784742,BlGTzVUmEhE
Q1228447,Disco D,person,1995,United States,Q1521688,"Disco D at Burning Man Decompression, 2002.jpg",chadn Edited by czar,CC BY-SA 2.0,https://creativecommons.org/licenses/by-sa/2.0,S.O.S.,64825163,n7SQ_DFGL5c
Q123025,Level 42,group,1980,England,Q4969182,Level42 indigoO2 2009 02.jpg,natz (talk),CC BY 3.0,https://creativecommons.org/licenses/by/3.0,Lessons In Love,1174675,9x1RcVrGjGM
Q123031036,Gérard Lockel,person,1928,France,Q2915789,,,,,,,
Q12303765,Black Tongue,group,,Denmark,Q110121422,,,,,Fauxhammer,111885004,zyMNXqn5leA
Q123237633,Con-Dom,group,1983,,Q2687544,,,,,,,
Q1233734,Dock Boggs,person,1927,United States,Q108616106,Dock Boggs (8550790067).jpg,Virginia State Parks staff,CC BY 2.0,https://creativecommons.org/licenses/by/2.0,Oh Death,4332806,KIYNoH99Guc
Q12339779,Trio Mio,group,2004,Denmark,Q122034475,TRIO-MIO Peter-Rosendal Kristine-Heebøll Jens-Ulvsand 2020 SH.jpg,Hreinn Gudlaugsson,CC BY-SA 4.0,https://creativecommons.org/licenses/by-sa/4.0,Cheza Kama Wewe,1168740232,SV8vqXwTff4
Q123434055,Alain Ramanisum,person,,,Q1781796,,,,,Li tourné (2012),62358458,
Q1234527,Doe Maar,group,1978,Netherlands,Q1936659,"Doe Maar in Donkey Shot, Heemskerk 1982 - 26.jpg",Fotopersbureau De Boer,CC0,http://creativecommons.org/publicdomain/zero/1.0/deed.en,Smoorverliefd,60874600,RpjAKwrWmLo
Q1235832,Horațiu Rădulescu,person,1942,Romania,Q1245902,,,,,,,
Q12370465,Mord Fustang,person,2010,Estonia,Q11691380,,,,,Flower With No Name,681976482,zQe5XKbOp20
Q123738761,Azteca,person,2017,Romania,Q185162|Q109048162,Azteca logo.png,TV Azteca,Public domain,,Sute Albastre,1299494002,1vSew363_Q8
Q1238247,Mohammad-Reza Shajarian,person,1959,Iran,Q11223087,Mohamdreza Shajarian 1.jpg,عکاس: حامد ملک‌پور hamed malekpor,CC BY 4.0,https://creativecommons.org/licenses/by/4.0,,,
Q123829,George Gershwin,person,1914,United States,Q1121111,George Gershwin 1937.jpg,Carl Van Vechten,Public domain,,The Man I Love,1655978,OSZXUaPVF0E
Q1238828,Esham,person,1988,United States,Q1139136,,,,,,,
Q1239171,Don Gibson,person,1948,United States,Q1751782,Don Gibson.png,Hickory Records / Acuff Rose,Public domain,,Sea of Heartbreak,970396,A4bo4ByFhLM
Q1239214,The Postal Service,group,2001,United States,Q325397|Q106528422,PostalService color300dpi by Brian Tamborello.jpg,Brian Tamborello,CC BY-SA 2.5,https://creativecommons.org/licenses/by-sa/2.5,Such Great Heights,1137149682,0wrsZog8qXg
Q123982943,salute,person,,Austria,Q126175574,,,,,Peach,2185659677,28QtOdrgNGM
Q1240056,Donald Lambert,person,1904,United States,Q181897,,,,,,,
Q1240650,Whiskeytown,group,1994,United States,Q438476,RyanAdams06.jpg,6tee-zeven,CC BY 2.0,https://creativecommons.org/licenses/by/2.0,Finally Me,4291159312,
Q1241167,Psycho Realm,group,1989,United States,Q1399695,,,,,,,
Q124147,Scorpions,group,1965,Germany,Q38848,ScorpionsLiveInKavarna2009.jpg,Stolz,CC BY-SA 4.0,https://creativecommons.org/licenses/by-sa/4.0,Still Loving You,14299463,7pOr3dBFAeY
Q1241507,The Flamingos,group,1953,United States,Q546359,The Flamingos 1959.jpg,"Nu-Cards,New York",Public domain,,Goodnight Sweetheart,140044677,yGZvovawUBo
Q124179,Kiss,group,1973,United States,Q83270|Q379033,Kiss original lineup (1976).jpg,Casablanca Records,Public domain,,I Was Made For Lovin' You,2267042,ZhIsAZO5gl0
Q1242531,Doomsword,group,1997,Italy,Q5834708,,,,,Eternal Battle,45423921,1nr30MG8p3M
Q1242553,Lonnie Liston Smith,person,1963,United States,Q38656|Q98528204,Lonnie Liston Smith Glastonbury 2009-1.jpg,Cavie78,CC BY-SA 3.0,https://creativecommons.org/licenses/by-sa/3.0,Expansions,1733771197,T5R3_SbE7XQ
Q1243718,Queens of the Stone Age,group,1996,United States,Q617240|Q3322869,QOTSA 2007.jpg,"Fabio Venni from London, UK",CC BY-SA 2.0,https://creativecommons.org/licenses/by-sa/2.0,Where The Goth Girls At?,4261126181,eAOIpDUDGX4
Q124408930,Veeze,person,1995,United States,Q106839650,Veeze Detroit (2023).jpg,Abcicero,CC BY-SA 4.0,https://creativecommons.org/licenses/by-sa/4.0,,,
Q1246237,Freddie Gibbs,person,2003,United States,Q137541541,MadGibbs2014 (cropped).jpg,Carl Pocket,CC BY-SA 2.0,https://creativecommons.org/licenses/by-sa/2.0,Ensalada,3458079391,H8XPg7qqYIg
Q124670,Wilf Carter,person,1904,Canada,Q3696098,,,,,The Calgary Roundup,1326270482,_TElQQfZfX4
Q124695247,Kingpin Skinny Pimp,person,,,Q6010117,,,,,,,
Q124720,Limbonic Art,group,1993,Norway,Q1621467,,,,,In Abhorrence Dementia,2247536857,5wPCxMVcWEk
Q124813072,Tidy Boys,group,1999,United Kingdom,Q1585015,,,,,,,
Q12482403,Elly Kasim,person,1961,Indonesia,Q117745444,Elly Kasim 2023 stamp of Indonesia.jpg,Post of Indonesia,Public domain,,,,
Q125121,Aretha Franklin,person,1956,United States,Q131272,Aretha Franklin 1968.jpg,Atlantic Records (Life time: Published before 1978 without a copyright notice),Public domain,,I Say a Little Prayer,2133626,TDyiREoBw0o
Q125157335,The Poets of Rhythm,group,,,Q1182371,,,,,,,
Q1251780,Doug Kershaw,person,1948,United States,Q1026089,Dougkershaw.jpg,David Simpson (cajunzydecophotos),CC BY-SA 2.0,https://creativecommons.org/licenses/by-sa/2.0,Diggy Diggy Lo,1469935,ubSCPBkTyWY
Q125216072,Dougie B,person,2001,United States,Q110643230,,,,,Wreck,1973125757,jJNAqaGR5t0
Q1252624,Douk Saga,person,1974,Ivory Coast,Q513357,,,,,Saga cité,1427904552,QIyFXdzfMbA
Q1253645,Todd Terry,person,1987,United States,Q20502,"Todd Terry, 2012.png",TheRSSShow,CC BY 3.0,https://creativecommons.org/licenses/by/3.0,Keep On Jumpin,62927007,Q09XN93Xo98
Q1253897,Dr. Feelgood,group,1971,United Kingdom,Q1431327,"2009-03-26 Dr Feelgood, Spirit of 66, Verviers, Belgium IMG 7730.jpg",Eckhard Henkel,CC BY-SA 3.0 de,https://creativecommons.org/licenses/by-sa/3.0/de/deed.en,Pink Fluffy Unicorn (Hardstyle),3372757941,
Q125510148,Rio da Yung OG,person,2016,United States,Q104847619,Rio da Yung OG on the Million Dollaz Worth of Game podcast in 2025.png,Million Dollaz Worth of Game,CC BY 3.0,https://creativecommons.org/licenses/by/3.0,Crooked Elbow,4220455402,1IhiHRFIW1Q
Q125532044,Jacob Forever,person,1981,Cuba,Q108297222,,,,,Quiéreme,364998601,6yP9peMntG0
Q125533,Silver Convention,group,1974,Germany,Q1374731,,,,,Fly Robin Fly,11787290,wC_kCnm3GYQ
Q125603,The Clash,group,1976,United Kingdom,Q25554481|Q3071,Clash 21051980 12 800.jpg,Helge Øverås,CC BY-SA 4.0,https://creativecommons.org/licenses/by-sa/4.0,Should I Stay or Should I Go,69962764,xMaE6toi4mk
Q1256138,Matmos,group,1995,United States,Q1100989,Matmos.jpg,basic_sounds,CC BY 2.0,https://creativecommons.org/licenses/by/2.0,Rainbow Flag,945827,8sKdGANu2K4
Q1258044,Tito Paris,person,1982,Cape Verde,Q502535,Tito Paris 2 (cropped).jpg,Ministério da Cultura,CC BY 2.0,https://creativecommons.org/licenses/by/2.0,Dança Ma Mi Criola,11176752,XCeLjMjZSHo
Q1258824,Drexciya,group,1992,United States,Q217597|Q526463,,,,,Black Sea,137955537,2MfRIduLIFc
Q125989634,Cash Cobain,person,1998,United States,Q110643230|Q127129068,Cash Cobain.jpg,HOTSPOTATL,CC BY 3.0,https://creativecommons.org/licenses/by/3.0,Hoes Be Mad,3500155471,vjttylZ5yqM
Q12605726,Ahn Sook-sun,person,1949,South Korea,Q482981,Ahn Sook-sun.jpg,Korea.net / Korean Culture and Information Service (Jeon Han),CC BY-SA 2.0,https://creativecommons.org/licenses/by-sa/2.0,,,
Q1261136,Drudkh,group,2003,Ukraine,Q65937017|Q12882577,Drudkh logo.jpg,Drudkh,Public domain,,Solitude (Самітність),62665992,iib3jtX7O-Y
Q12611433,Lee Mi-ja,person,1959,South Korea,Q485915,Lee Mi-Ja.jpg,여니수니,CC BY 2.0 kr,https://creativecommons.org/licenses/by/2.0/kr/deed.en,,,
Q126128,Doves,group,1998,United Kingdom,Q3231749,Doves 2009.jpg,Bradii,CC BY 2.0,https://creativecommons.org/licenses/by/2.0,Kingdom Of Rust,3148235,dFM0pUn4dcA
Q126201846,Callejero Fino,person,2015,Argentina,Q111357005,,,,,OA TA TA,4224799832,tZR14maEPNY
Q1263874,The Tossers,group,1993,United States,Q1990122,The Tossers Live.jpg,Mygoditsboring,CC BY-SA 3.0,https://creativecommons.org/licenses/by-sa/3.0,The Rocky Road To Dublin,1286027002,fAsTHMsHnYg
Q1264108,Jex Thoth,group,,United States,Q55296418,Jex Thoth - Tuska 2011 - 03.JPG,Cecil,CC BY-SA 3.0,https://creativecommons.org/licenses/by-sa/3.0,Raven nor the Spirit,3242953621,u3xEw67rsQY
Q1264149,Krafty Kuts,person,2000,United Kingdom,Q106521759|Q65937774,,,,,Hands High,693913322,7LnHFNXckaM
Q126415337,Shimza,person,1984,South Africa,Q388100,Dj Shimza with Black Coffee Dj.jpg,Andy Vuyo,CC BY-SA 4.0,https://creativecommons.org/licenses/by-sa/4.0,Fire Fire,3387508571,UqbF1-hbjzs
Q1267054,Ziryab,person,777,al-Andalus,Q623904,,,,,,,
Q12674983,The Kilimanjaro Darkjazz Ensemble,group,2000,Netherlands,Q31837446,Sarah Anderson.jpg,Zooh,CC BY-SA 3.0,https://creativecommons.org/licenses/by-sa/3.0,Pearls for Swine,1087372132,sX0LMv5Pu58
Q1268,Frédéric Chopin,person,1817,Poland,Q9730|Q1063010|Q194172|Q852027|Q11821942|Q212148|Q207591|Q8701407|Q207841,"Chopin, by Wodzinska.JPG",Maria Wodzińska,Public domain,,Nocturne Op.9 - No.2,79034866,
Q126826,Aerosmith,group,1969,United States,Q83270,Aerosmith B.jpg,Photographer's Mate 2nd Class Rob Rubio,Public domain,,Dream On,2431707315,89dGC8de0CA
Q126852,America,group,1970,United Kingdom,Q217191,America - TopPop 1972 8.png,AVRO,CC BY-SA 3.0 nl,https://creativecommons.org/licenses/by-sa/3.0/nl/deed.en,Lonely People,732851,cDPe742O_G4
Q126953,Gov't Mule,group,1994,United States,Q106581777,Govt. Mule - Peaches Records.jpg,Carl Lender,CC BY 2.0,https://creativecommons.org/licenses/by/2.0,Thorazine Shuffle,13270179,8IN91rBmArE
Q12695781,Lefthanded,group,1979,Malaysia,Q12702016,,,,,Ku Di Halaman Rindu,3898062,fIe8MoThFsA
Q1269638,Dälek,group,1998,United States,Q5421158|Q2004156,Dälek @ Leoncavallo.jpg,sargassi / cg v,CC BY 2.0,https://creativecommons.org/licenses/by/2.0,,,
Q12701605,Jeffrydin,person,1947,Singapore,Q12701217,,,,,,,
Q127038400,Kasher Quon,person,1997,United States,Q122143484,,,,,No Hook,2055585577,
Q12712669,XPDC,group,1987,Malaysia,Q12702016|Q825769|Q112628069,,,,,Ct Cinta Kenangan Silam,623919102,AkkV062Q0NM
Q127303532,RMC Mike,person,1994,United States,Q104847619,,,,,Cross Cuttin (A.T. mixxx),3765915312,
Q127330,Frank Zappa,person,1955,United States,Q1641839,Zappa.jpg,Mark Estabrook,Attribution,,Bobby Brown Goes Down,132630602,SXi_zoW-Wr4
Q127362,Chief Keef,person,2008,United States,Q15697534|Q115691081,Chief Keef 2019 performance.jpg,glenjamn3,CC BY 3.0,https://creativecommons.org/licenses/by/3.0,Love Sosa,62892170,YWyHZNBz6FE
Q1273740,The Reverend Horton Heat,group,1985,United States,Q65943390|Q13627677,Reverend Horton Heat.JPG,Gripweed,CC BY 3.0,https://creativecommons.org/licenses/by/3.0,,,
Q127378817,Kelvin Momo,person,1994,,Q85741139,,,,,Amalobolo,2635726032,EK8EctJQ5B4
Q1274028,EC8OR,group,1995,Germany,Q56580,,,,,Think About,9850097,HtNAIuHmGRQ
Q1275017,Marcelo D2,person,1998,Brazil,Q10367225,Marcelo D2.jpg,As fotos da Virada!,CC BY-SA 2.0,https://creativecommons.org/licenses/by-sa/2.0,Qual é?,2904315561,DxNKJSxub1o
Q1276,Leonard Cohen,person,1956,Canada,Q89363113,Leonard Cohen concert of the 2008 tour.jpg,Rama,CC BY-SA 2.0 fr,https://creativecommons.org/licenses/by-sa/2.0/fr/deed.en,You Want It Darker,134523602,v0nmHymgM7Y
Q1276420,Jean Barraqué,person,1928,France,Q3391334,,,,,,,
Q127643,Estrellita Castro,person,1925,Spain,Q15042720,Estrellita Castro.JPG,Unknown author,Public domain,,Mi Jaca,145675626,zowjp6vRjaE
Q1276886,Eagles of Death Metal,group,1998,United States,Q3322869,Eaglesofdeathmetal.jpg,F13nd at English Wikipedia,CC BY 2.5,https://creativecommons.org/licenses/by/2.5,Save A Prayer,107768534,i3tt2GLr0_I
Q1277055,Spice 1,person,1988,United States,Q17995961,,,,,The Murda Show,13251043,h5Bdmle6CS8
Q1277127,Owls,group,2001,United States,Q39052425,,,,,,,
Q1277459,Earle Brown,person,1926,United States,Q4993367,David Arden (left) with Earle Brown in recording session in 1995.jpg,Johngosselin,CC BY-SA 4.0,https://creativecommons.org/licenses/by-sa/4.0,,,
Q1277592,Earth and Fire,group,1968,Netherlands,Q1936659,Earth & Fire.png,AVRO,CC BY-SA 3.0 nl,https://creativecommons.org/licenses/by-sa/3.0/nl/deed.en,,,
Q1279889,Luc Ferrari,person,1950,France,Q823560,Luc Ferrari Composer of France.jpg,Bmf0217,CC BY-SA 3.0,https://creativecommons.org/licenses/by-sa/3.0,,,
Q1279891,Ebi,person,1967,Iran,Q7170257,Ebi Live In Montreal 03.jpg,Arad Mojtahedi,CC BY-SA 3.0,http://creativecommons.org/licenses/by-sa/3.0/,Shoma,11522790,xpyg85gCYFg
Q1279965,Eboa Lotin,person,1942,Cameroon,Q1815364,,,,,Ja' alé (Allons-nous en),97425780,BvKnbRMdLYs
Q128010,Fear Factory,group,1989,United States,Q208494,Fear Factory - Elbriot 2016 02 (cropped).jpg,Frank Schwichtenberg,CC BY-SA 3.0,https://creativecommons.org/licenses/by-sa/3.0,Replica,719948,7RJsRQOneMY
Q1282674,Eddie and the Hot Rods,group,1975,United Kingdom,Q1431327,20090425 17 Eddie and the Hot Rods at Blank Club.jpg,"Miles Gehm Camera location37° 20′ 01.8″ N, 121° 53′ 35.4″ W View this and other nearby images on: OpenStreetMap 37.33383",CC BY 2.0,https://creativecommons.org/licenses/by/2.0,Once bitten twice shy,252682,EqXiFhHxB2U
Q1282844,Mandrill,group,1968,United States,Q109048162,,,,,Fencewalk,552374902,Tv1_Vqnjs-0
Q1282901,Eddie Meduza,person,1973,Sweden,Q6453929,,,,,Reaktorn läck i Barsebäck,14936628,A2cPeZdvkkQ
Q1282931,Eddie Palmieri,person,1955,United States,Q208239|Q7405759|Q837389,Eddie Palmieri mit Bassist Luques Curtis (cropped) (2).jpg,Jens Vajen,CC BY-SA 4.0,https://creativecommons.org/licenses/by-sa/4.0,Vámonos Pa'l Monte,686155332,Rn85kvb4bTk
Q1282956,Eddie Rabbitt,person,1964,United States,Q16295131,Eddie Rabbitt & Crystal Gayle 1981-11-13 ticket.jpg,H. Michael Karshis,CC BY 2.0,https://creativecommons.org/licenses/by/2.0,Drivin' My Life Away,4288043,Pu82VMf8enI
Q1283083,Eddy Herrera,person,1984,Dominican Republic,Q282131,Eddy Herrera1.jpg,Alex Cancino,CC BY-SA 3.0,https://creativecommons.org/licenses/by-sa/3.0,Tu Eres Ajena,11125329,uzU3x_egiEk
Q1284551,Kay Kyser,person,1926,United States,Q137799958,KayKeyserStageDoorCanteen.jpg,Film screenshot,Public domain,,(I Got Spurs) Jingle Jangle Jingle,1379456572,2r4t5s1I_PQ
Q1285105,Mile Kitić,person,1974,Bosnia and Herzegovina,Q786815,Mile Kitic from BISO0675.jpg,Biser Todorov,CC BY 4.0,https://creativecommons.org/licenses/by/4.0,Vuk samotnjak,3054000661,iaOZoVFLMGw
Q128532,Al Jolson,person,1897,United States,Q109719462,Al Jolson - publicity.JPG,Film studio,Public domain,,,,
Q12858184,Emilio Navaira,person,1983,United States,Q431415,,,,,Cómo Le Haré,3452665,63_EkV6xuSg
Q12858787,Leftover Salmon,group,2007,United States,Q107982599,Leftover Salmon at Red Rocks 2016.jpg,Newbysdead,CC BY-SA 4.0,https://creativecommons.org/licenses/by-sa/4.0,Lovin' In My Baby's Eyes,1762881657,4tXLilOxvas
Q12858987,Major Lance,person,1939,United States,Q1269729|Q1928583,Major Lance 1965.jpg,Okeh Records,Public domain,,The Monkey Time,13201291,V9jdPrME7Mw
Q1287224,Himzo Polovina,person,1953,Socialist Federal Republic of Yugoslavia,Q674684,,,,,,,
Q12874025,Arleta,person,1960,Greece,Q3559240,,,,,Mia Fora Thymamai,104801988,lEykFr3xygg
Q128746,Irving Berlin,person,1907,United States,Q1121111,"Irving Berlin (1907 portrait, NPG.93.388.3 - crop).jpg",Pach Brothers,Public domain,,Puttin' On The Ritz,11934110,MuTcqrqdXx8
Q128799,Ricky Martin,person,1984,Spain,Q547137,Ricky Martin-4262 (cropped).jpg,Harald Krichel,CC BY-SA 4.0,https://creativecommons.org/licenses/by-sa/4.0,Vente Pa' Ca,132634800,iOe6dI2JhgU
Q12884049,Poly Panou,person,1940,Greece,Q2087267,,,,,Ti Sou 'Kana Kai Pineis,400615482,
Q12897581,T-Vice,group,1992,Port-au-Prince,Q2726026,,,,,,,
Q1290316,Kenneth J. Alford,person,1881,United Kingdom,Q211025,RICKETTS Frederick J.jpg,AnonymousUnknown author,Public domain,,,,
Q1291507,Ohio Players,group,1959,United States,Q164444,Ohio Players band.jpg,Mercury Records,Public domain,,Love Rollercoaster,549262732,I7lLwXSqf_M
Q129273842,Louie Ray,person,,United States,Q104847619,,,,,Grab My Nuts,4233769992,
Q1293555,"H ""Two"" O",group,2008,United Kingdom,Q4846346,,,,,What's It Gonna Be,144543282,x-UVa1I0kLw
Q129464,Thorleifs,group,1962,Sweden,Q105757139,,,,,Raka rör (Och ös till bäng),61725588,pYvZk7FggtU
Q129469,Robert Normandeau,person,1955,Canada,Q423918,Robert Normandeau au salle Claude-Champagne.jpg,Bull-Doser,Public domain,,,,
Q1299,The Beatles,group,1960,United Kingdom,Q11399|Q484641|Q546264|Q2344635|Q1702909|Q56351111|Q37073|Q3397882|Q383982,Beatles Trenter 1963.jpg,Bo Trenter,Public domain,,Let It Be,116348656,CGj85pVzRJs
Q129910,A$AP Rocky,person,2007,United States,Q16829781,A$AP Rocky at the 2025 Cannes Film Festival (cropped).jpg,Gabriel Hutchinson,CC BY-SA 4.0,https://creativecommons.org/licenses/by-sa/4.0,I Smoked Away My Brain (I'm God x Demons Mashup),2414409755,AT9JoIv2kss
Q13017264,Pornsak Songsaeng,person,1981,Thailand,Q1753803,,,,,,,
Q13019128,Yodrak Salakjai,person,1971,Thailand,Q665286,,,,,,,
Q13022627,Sayan Sanya,person,1971,Thailand,Q665286,,,,,,,
Q13026138,Grand Ex',group,1970,Thailand,Q3328764,,,,,,,
Q13027879,Hijack,group,1992,Thailand,Q918095,,,,,,,
Q130407844,Chow Lee,person,,,Q127129068,,,,,ms.beautiful V,2634136702,EgZ0Nz3uUfs
Q130532,Erik Marchand,person,1955,France,Q3083000,Erik Marchand Celtic-procession.jpg,"Claude Joannis from Nantes, France",CC BY-SA 2.0,https://creativecommons.org/licenses/by-sa/2.0,Milin Turki,982842,
Q13059796,Shah Abdul Karim,person,1916,British Raj,Q13058900,Shah Abdul Karim.jpg,Ujjal Das,CC BY-SA 4.0,https://creativecommons.org/licenses/by-sa/4.0,,,
Q1307025,The Dillinger Escape Plan,group,1997,United States,Q616679,IMG 4170TheDillingerEscapePlan.jpg,Gergely Csatari,CC BY-SA 2.0,https://creativecommons.org/licenses/by-sa/2.0,Milk Lizard,10973564,xMEYLlDThZU
Q130759,Christoph Willibald von Gluck,person,1741,Archduchy of Austria,Q17723,Joseph Siffred Duplessis - Christoph Willibald Gluck - Google Art Project.jpg,Joseph-Siffred Duplessis,Public domain,,,,
Q1307916,Einherjer,group,1993,Norway,Q213149,Einherjer ToR 2024.jpg,Birgit Fostervold,CC BY-SA 4.0,https://creativecommons.org/licenses/by-sa/4.0,Dei Så Ser,3923722431,DNWCd9xRmpA
Q130798,Kendrick Lamar,person,2003,United States,Q11401|Q141459|Q429264,Pulitzer2018-portraits-kendrick-lamar.jpg,Fuzheado,CC BY-SA 4.0,https://creativecommons.org/licenses/by-sa/4.0,Not Like Us,2783963122,H58vbez_m4E
Q13081230,Amira Medunjanin,person,2003,Bosnia and Herzegovina,Q674684,Amira Medunjanin.png,EFEKTPRODUKCIJA,CC BY 3.0,https://creativecommons.org/licenses/by/3.0,Pjevat ćemo šta nam srce zna,989499762,0mnXEUbCXZ0
Q13081522,Damir Imamović,person,2004,,Q674684,"Damir Imamović - WOMEX 15, 2015.10.24.JPG",Elekes Andor,CC BY-SA 4.0,https://creativecommons.org/licenses/by-sa/4.0,O bosanske gore snježne,1943463827,xfNw-QKisKw
Q13094926,Manthous,person,1969,Indonesia,Q3274667,,,,,,,
Q13107451,Fredo Santana,person,2011,United States,Q115691081,,,,,Beef,124102234,TDh0FcJ1atA
Q1310839,The Swinging Blue Jeans,group,1962,United Kingdom,Q2344635,The Swinging Blue Jeans.png,Imperial Records,Public domain,,Good Golly Miss Molly,1798564817,jHk1081Unmk
Q131231,Slayer,group,1981,United States,Q12326776|Q483352,Hellfest2017Slayer 02.jpg,Selbymay,CC BY-SA 4.0,https://creativecommons.org/licenses/by-sa/4.0,Raining Blood,65690449,
Q131285,John Williams,person,1952,United States,Q106594706,John Williams 2024.jpg,Lindseysharpe,CC BY-SA 4.0,https://creativecommons.org/licenses/by-sa/4.0,Theme From Jurassic Park,2296192,-NqaupGcCpw
Q131324,Janet Jackson,person,1974,United States,Q850412|Q211756,JanetJacksonUnbreakableTourSanFran2015 (cropped).jpg,Rich Esteban,CC BY-SA 4.0,https://creativecommons.org/licenses/by-sa/4.0,That's The Way Love Goes,3501645,2b_KfAGiglc
Q131366,Disturbed,group,1994,United States,Q263734,2016 RiP Disturbed - by 2eight - DSC7890.jpg,Stefan Brending (2eight),CC BY-SA 3.0,https://creativecommons.org/licenses/by-sa/3.0,Down with the Sickness,663984,09LTT0xwdfw
Q131422,The Animals,group,1962,United Kingdom,Q546264|Q4971442,Eric Burdon & the Animals.jpg,Richard William Laws,CC BY-SA 3.0,https://creativecommons.org/licenses/by-sa/3.0,,,
Q131433,Shania Twain,person,1983,Canada,Q2280497|Q65937954,Shania Twain Glaston2024 2806 300624 (33 of 173) (53838111535) (cropped).jpg,Raph_PH,CC BY 2.0,https://creativecommons.org/licenses/by/2.0,You're Still The One,731732292,KNZH-emehxA
Q13156953,Big Tom,person,1966,Ireland,Q5177472,Portrait of Singer Big Tom (Nov 2004).jpg,Curran1980,Public domain,,TN'2009,3767382142,I8TJcHXA2DM
Q131573800,Luan Pereira,person,2003,,Q138617267,Luan Pereira - TVZ 2024.png,Multishow,CC BY 3.0,https://creativecommons.org/licenses/by/3.0,,,
Q1316590,Flaco Jiménez,person,1946,United States,Q107197766|Q431415,Flaco always Rocko! (7992652467).jpg,"H. Michael Karshis from San Antonio, USA",CC BY 2.0,https://creativecommons.org/licenses/by/2.0,Ay Te Dejo en San Antonio,935786922,OppHs_RHISo
Q131725,Joan Baez,person,1958,United States,Q43343|Q106298881,Joan Baez 1963 crop.jpg,Joan_Baez_1963.jpg: U.S. Information Agency. Press and Publications Service. (ca. 1953 - ca. 1978) derivative work: — Ma,Public domain,,"Farewell, Angelina",3507573,1fcEd38XQU8
Q1317474,Goblin,group,1972,Italy,Q107985638,Goblin (band).jpg,Greg Neate,CC BY 2.0,https://creativecommons.org/licenses/by/2.0,Suspiria (Originale),6827850,5fCI3d2aFJc
Q131767793,Mr. Black,person,1979,,Q1061165,,,,,,,
Q131836798,Artificial Brain,group,,,Q112144256,,,,,Quantum Malignancies,4235995312,qhu8OANlP74
Q131861,Sergei Rachmaninoff,person,1892,United States,Q212148|Q9748|Q214981|Q207841|Q7382074,"Sergei Rachmaninoff, pianist (SAYRE 1608) (restored).jpg",Kubey-Rembrandt Studios,Public domain,,,,
Q1318954,Kassav',group,1979,France,Q227045,,,,,Zouk-la Sé Sel Médikaman Nou Ni,135944332,Dd3hjxxcTzw
Q1319707,Amon Düül II,group,1969,Germany,Q320592,Amon duul july 22 1972 billboard.png,Author unknown,Public domain,,Sleepwalker's Timeless Bridge,3801783262,GoWdNU6U9oA
Q1320656,Grupo Fundo de Quintal,group,1978,Brazil,Q3360459,Fundo de quintal 2015.png,Leob2,CC BY-SA 4.0,https://creativecommons.org/licenses/by-sa/4.0,O Show Tem Que Continuar,13304900,s52rfHjXML0
Q1320685,Raça Negra,group,1983,Brazil,Q10343541,00 racanegra bsb.jpg,Olimor,CC BY-SA 3.0,https://creativecommons.org/licenses/by-sa/3.0,Cheia de Manias,705328182,cOchidcyv9Q
Q1320703,Bai Guang,person,1938,People's Republic of China,Q7496127|Q1499262,Baiguang 1949.jpg,Unknown author,Public domain,,,,
Q1320710,Só Pra Contrariar,group,1989,Brazil,Q10343541,00 sopracontrariar bsb.jpg,Olimor,CC BY-SA 3.0,https://creativecommons.org/licenses/by-sa/3.0,Que Se Chama Amor,65440045,f9girRFeLUg
Q132156971,Coumba Sidibé,person,1950,Mali,Q7972788,,,,,Konyan,3331093531,5OwRPi2xSPw
Q132187857,Mercy Pakela,person,,South Africa,Q110230812,,,,,,,
Q1322694,Tony De Vit,person,1976,United Kingdom,Q1585015,,,,,The Dawn,3763389072,dfzkHmCQySQ
Q1322803,Vladimir Ussachevsky,person,1911,United States,Q5969884,,,,,,,
Q1323453,Miyuki Nakajima,person,1975,Japan,Q11324951,,,,,,,
Q132415,Ricardo Villalobos,person,1993,Chile,Q1931555|Q1430587,Ricardo Villalobos - Piknic 2.jpg,basic_sounds,CC BY-SA 2.0,https://creativecommons.org/licenses/by-sa/2.0,,,
Q1324566,Hawthorne Heights,group,2001,United States,Q131481683,Hawthorneheights.jpg,The original uploader was Russoc4 at English Wikipedia.,CC BY-SA 3.0,http://creativecommons.org/licenses/by-sa/3.0/,Ohio Is For Lovers,1286084722,JjTj8Riw49k
Q1325248,Os Mutantes,group,1966,Brazil,Q1413061,Zélia Duncan and Sérgio Dias.jpg,"Daigo Oliva from São Paulo, Brasil",CC BY-SA 2.0,https://creativecommons.org/licenses/by-sa/2.0,Balada Do Louco,1559615,lkqcWKuzlQw
Q1325974,Electric Wizard,group,1993,United Kingdom,Q186170|Q1772422,Electric Wizard at Nalen -4.jpg,victor olausson,CC BY-SA 2.0,https://creativecommons.org/licenses/by-sa/2.0,Funeralopolis,689145272,ZdlEIlq9nZg
Q1326522,Martha and the Vandellas,group,1962,United States,Q9078960,"Martha & The Vandellas, Gordy Recording Artists (cropped).jpg","Photo by James J. Kriegsmann, New York",Public domain,,Nowhere To Run,2288113,EexqF4tz-8U
Q1327973,The Mighty Mighty Bosstones,group,1983,United States,Q460674|Q2657409|Q54365|Q3990466,The Mighty Mighty Bosstones in concert.jpg,thisisbossi,CC BY-SA 2.0,https://creativecommons.org/licenses/by-sa/2.0,The Impression That I Get,2485997701,NIGMUAMevH0
Q1327978,Elend,group,1993,France,Q899116,,,,,The Newborn Sailor,1055624692,SUFMCLLTp2k
Q1328096,Boredoms,group,1986,Japan,Q181861,Boredoms1.jpg,John Bracken,CC BY 2.0,https://creativecommons.org/licenses/by/2.0,,,
Q1329167,Shalamar,group,1975,United States,Q4942839,Jwbackstage 83.jpg,AvidMusicInc,CC BY 3.0,https://creativecommons.org/licenses/by/3.0,,,
Q1329303,Soft Cell,group,1980,United Kingdom,Q1298934,Soft Cell (1983 Sire publicity photo) 02.jpg,Distributed by Sire Records,Public domain,,Tainted Love,4255662,XZVpR3Pk-r8
Q1329500,Red House Painters,group,1989,United States,Q1490170,,,,,Medicine Bottle,620487372,4BMZ7wfLyno
Q1331669,The Smoke,group,1966,United Kingdom,Q2607836,,,,,My Friend Jack,67559023,t1-rmH-bvSA
Q1332158,Ocean Colour Scene,group,1989,United Kingdom,Q189045,Simon Fowler live.jpg,Flickr user Brocco Lee,CC BY-SA 2.0,https://creativecommons.org/licenses/by-sa/2.0,The Riverboat Song,9914534,brzzM31G4x8
Q1333817,Stevie B,person,1987,United States,Q655514,,,,,Spring Love,12412221,DsQtMK4P9Rg
Q133405,Bee Gees,group,1958,Australia,Q58339,Bee Gees 1977.JPG,NBC Television,Public domain,,Stayin Alive,139138743,fNFzfwLM72c
Q1335095,Embrace,group,1985,United States,Q3231749|Q3724778,,,,,Up In Your Feelings,3789206752,Z3lMxqhp9GY
Q1335207,Tommy Roe,person,1959,United States,Q997481,Tommy Roe.png,ABC / Dunhill Records,Public domain,,Dizzy,855963032,arpidGq8SlA
Q1336827,Killdozer,group,1983,United States,Q131535243,Hobson brothers.JPG,Joel Mills,CC BY-SA 3.0,http://creativecommons.org/licenses/by-sa/3.0/,Space: 1999,125964967,MKoOIeltxRA
Q133687181,Vjuan Allure,person,1965,,Q106522098,Vjuan Tribute.jpg,Demetrius Williams,CC BY-SA 4.0,https://creativecommons.org/licenses/by-sa/4.0,Majik Dustt,726696312,
Q1337319,Rebel MC,person,1990,United Kingdom,Q1102161|Q2710523,Congo Natty.jpg,Saverios1,CC BY-SA 3.0,https://creativecommons.org/licenses/by-sa/3.0,,,
Q1338162,Paul Winter,person,1961,United States,Q213121,Paul Winter 6-16-07 Photo by Anthony Pepitone.jpg,Dxede5x,CC BY-SA 3.0,https://creativecommons.org/licenses/by-sa/3.0,Vocé e Eu (You and I),82827670,AOUlxs4M3jc
Q133856137,Ferro Gaita,group,1996,Cape Verde,Q3090876,Iduino 01.JPG,Schorle,CC BY-SA 4.0,https://creativecommons.org/licenses/by-sa/4.0,Mudjer Trabadjadera Ciza,727910432,
Q1338638,Them,group,1964,Northern Ireland,Q4971442,Them (band).png,London Records,Public domain,,,,
Q1338793,Millencolin,group,1992,Sweden,Q828305,Millencolin-2008.jpg,Håkan Henriksson (Narking),CC BY 3.0,https://creativecommons.org/licenses/by/3.0,No Cigar,378254041,OChjVLHlkVE
Q1339,Johann Sebastian Bach,person,1710,Holy Roman Empire,Q1583807|Q9730|Q188285|Q8361|Q174873|Q85477|Q116875252|Q181014|Q781815|Q212148|Q9748|Q210216|Q214981|Q140544|Q8812109|Q217295,Johann Sebastian Bach.png,Elias Gottlob Haussmann,Public domain,,,,
Q1339157,The Prophet,person,1988,Kingdom of the Netherlands,Q223840|Q2611143,Airbeat One 2015 The Prophet Dov J. Elkabas by Denis Apel-0905.jpg,Denis Apel,CC BY-SA 4.0,https://creativecommons.org/licenses/by-sa/4.0,Uptempo Mashup (By Partyraiser & S-Kill),3287492011,RuKtrW4zHcA
Q1339778,Skyclad,group,1990,United Kingdom,Q484179,Skyclad Rockharz 2018 15.jpg,S. Bollmann,Attribution,,Anotherdrinkingsong,10110904,g6wCH-VFh68
Q1340,Antonio Vivaldi,person,1685,Republic of Venice,Q8361|Q9748|Q210216,Onbekend - Antonio Vivaldi - Bologna Museo Internationale e biblioteca della musica di bologna 28-04-2012 9-21-050.jpg,Unknown author,Public domain,,Été,931207382,
Q1340444,Motion City Soundtrack,group,1997,United States,Q3724735,Motion City Soundtrack.jpg,Lola's Big Adventure! / Laura,CC BY 2.0,https://creativecommons.org/licenses/by/2.0,Everything Is Alright,378298901,_xfG36Un2U8
Q1341804,Larry Levan,person,1954,United States,Q928825,,,,,I'll Take You On,355206921,Kb2mbbfa28M
Q1342505,Pearls Before Swine,group,1965,United States,Q1500364,Tom Rapp 1998 concert.jpg,Photo taken by Ned Raggett,CC BY-SA 2.0,https://creativecommons.org/licenses/by-sa/2.0,Drop Out!,2233567477,JDUP3GFHix4
Q13430856,Ricardo Palmerín,person,1887,,Q5643998,,,,,,,
Q13430882,Atmozfears,group,2009,Kingdom of the Netherlands,Q108297238,Atmozfears @ Airbeat One 2017.png,Q1q2q3qwertz,CC BY-SA 4.0,https://creativecommons.org/licenses/by-sa/4.0,In The Cold,4105541261,qCVmu42s57M
Q1343499,Enoch Light,person,1905,United States,Q1779294,,,,,You Showed Me,2148190397,vuMnkoWN3zM
Q1344131,Sparks,group,1971,United States,Q217467,SparksRoughTrade080917-10.jpg,Raph_PH,CC BY 2.0,https://creativecommons.org/licenses/by/2.0,When I'm With You,433796642,TVTH7OsNbhs
Q1344793,Technotronic,group,1988,Belgium,Q30917612,"Jo Bogaert, ook bekend als Thomas De Quincey.jpg",Illarraga,Public domain,,Pump Up The Jam,2961498,9EcjWd-O4jI
Q1345690,Tom Turpin,person,1871,United States,Q2976236|Q185652,,,,,,,
Q1345751,Tampa Red,person,1904,United States,Q106641530,Tampa-in-beret zpsd4275d4e.webp,"Photographer unknown, was taken sometime around the early 1930s.",Public domain,,Seminole Blues,1375477122,-NslSffd26s
Q1345756,Primordial,group,1991,Ireland,Q2525544,Primordial RudE 2024 24.jpg,S. Bollmann,Attribution,,,,
Q1345926,Envy,person,2006,United Kingdom,Q11363,,,,,,,
Q1345932,Strapping Young Lad,group,1994,Canada,Q208494,StrappingYoungLad.jpg,Tribute to Flame Fest 2006,CC BY 2.0,https://creativecommons.org/licenses/by/2.0,Love?,108637570,LeG-6bpeUkA
Q1346345,Galt MacDermot,person,1957,United States,Q7354827,Galt MacDermot 1972.jpg,AP,Public domain,,Coffee Cold,78065739,zsoEhZ0PGLM
Q1346384,Jimmy Yancey,person,1894,United States,Q212952,,,,,Yancey's Bugle Call (Take 2),1736117,4ANjQGbVhkk
Q1346896,Panjabi MC,person,1993,United Kingdom,Q854844,"London Mela 2010, Panjabi MC crop.jpg",Loz Pycock,CC BY-SA 2.0,https://creativecommons.org/licenses/by-sa/2.0,Mundian To Bach Ke,2139840647,wifZ3HuqAf4
Q1347072,Keb' Mo',person,1980,United States,Q65936357,Keb' Mo'.PNG,KellyK,CC BY-SA 2.0,https://creativecommons.org/licenses/by-sa/2.0,Am I Wrong,610026,RfhYXrE0feg
Q1347095,Ricky Skaggs,person,1961,United States,Q458480,Ricky Skaggs jams with OCMS at the Grand Ole Opry 23 Feb 2013.JPG,Mark Cattell,CC BY-SA 3.0,https://creativecommons.org/licenses/by-sa/3.0,Uncle Pen,79876220,CpH8Wu9DbjM
Q1347215,Lefty Frizzell,person,1942,United States,Q3140141,Lefty Frizzell Columbia publicity - cropped.jpg,Columbia Records,Public domain,,The Long Black Veil,1026109,50k18gL76AU
Q1347250,Kid Koala,person,1974,Canada,Q1046801,Kid Koala 2008 Vancouver.jpg,Ryanhray (talk),Public domain,,2 bit Blues,55834931,t4lKaAE-xfk
Q13476175,Lorde,person,2009,New Zealand,Q95469495,Lorde Glasto2025-9 (cropped).jpg,Raph_PH,CC BY 4.0,https://creativecommons.org/licenses/by/4.0,Royals,70403437,nlcIKh6sBtc
Q13476301,Anitta,person,2010,Brazil,Q117745223|Q1931130,Anitta for Attractive Mindset podcast 02.jpg,Attractive Mindset,CC BY 3.0,https://creativecommons.org/licenses/by/3.0,Não Me Cutuca,4171205832,1gnsDkf3ZeU
Q1347695,Webb Pierce,person,1952,United States,Q3140141,Webb Pierce.jpg,Decca Records.,Public domain,,You're Not Mine Anymore,2234634777,wjQV2QFhxDQ
Q1347993,Stavros Xarchakos,person,1939,Greece,Q53806314,,,,,,,
Q1348291,Job for a Cowboy,group,2003,United States,Q475221,"Job For A Cowboy Mayhem Fest Hartford, CT (2).jpg",Victoria Morse,CC BY-SA 2.0,https://creativecommons.org/licenses/by-sa/2.0,Entombment of a Machine,88994089,fWbV-4LEHBU
Q1348695,Hellogoodbye,group,2001,United States,Q25099691,HelloGoodbye at 2007 MyCoke Fest in Atlanta3.JPG,Daniel Mayer,CC BY-SA 3.0,http://creativecommons.org/licenses/by-sa/3.0/,Bonnie Taylor Shake Down...2K1,1517092082,iLuGNMhzTqo
Q1348912,Xasthur,group,1995,United States,Q28949059,,,,,Screaming at Forgotten Tears,414539912,HOHRnekTBN4
Q1349079,Otis Spann,person,1930,United States,Q2603965,,,,,Riverside Blues,1693611,gI58l7nva_0
Q1349298,"Alger ""Texas"" Alexander",person,1900,United States,Q98528141,"Alger ""Texas"" Alexander.png",Unknown author,Public domain,,,,
Q1349627,Kirk Franklin,person,1992,United States,Q180268|Q5967604,Kirk Franklin at JoyFest '17 (cropped).jpg,CL Holly,CC BY 2.0,https://creativecommons.org/licenses/by/2.0,Love Theory,607724832,3aD8OK07iIY
Q134969,R.E.M.,group,1980,United States,Q1190565,"R.E.M. at Stadio Euganeo, Padova, Italy, 2003-07-22 04.jpg",Stefano,CC BY-SA 2.0,https://creativecommons.org/licenses/by-sa/2.0,Losing My Religion,136334560,xwtdhWltSIg
Q1349876,Photek,person,1992,United Kingdom,Q188994|Q2842043|Q9011351,Photek photo by Faria Raji.jpg,Faria Raji,CC BY-SA 3.0,https://creativecommons.org/licenses/by-sa/3.0,Trans 7,3133997,Q_u8-Pu-_8o
Q135037603,Sharkey,person,,United States,Q2181965,,,,,Sessions,698378922,8kA8rcKGSFc
Q1351122,Eric B. & Rakim,group,1985,United States,Q876171,Eric B & Rakim press photo 1987.jpg,Waring Abbott; distributed by Island Records,Public domain,,Don't Sweat The Technique,2300863,6Y1Emb7Jyks
Q1351126,Naftule Brandwein,person,1889,Austria–Hungary,Q212944,NBrandwein.jpg,Unknown author,Public domain,,Der Terk in America,2820196662,LcuBgzTUdK4
Q1351424,KMFDM,group,1984,Germany,Q968730,Kmfdm live in 2011.jpg,Whalen647,CC BY-SA 3.0,https://creativecommons.org/licenses/by-sa/3.0,Megalomaniac,34994621,fvZqWq0ZNjk
Q1351604,Marshall Jefferson,person,1986,United States,Q20502|Q1071961,Marshall-jefferson-cropped-2013.jpg,TheArches,CC BY 2.0,https://creativecommons.org/licenses/by/2.0,,,
Q1352007,José Alfredo Jiménez,person,1947,Mexico,Q727634,"José Alfredo Jiménez (exposición compositores, CDMX) (cropped).jpg",Juan Carlos Fonseca Mata,CC BY-SA 4.0,https://creativecommons.org/licenses/by-sa/4.0,El Rey,13231389,zTdbqlDTMaQ
Q1352724,Luke Vibert,person,1990,United Kingdom,Q1259016,LukeVibert.jpg,"shootingsawk from Paris, France",CC BY 2.0,https://creativecommons.org/licenses/by/2.0,Shadows,10239426,SM7BppuatS0
Q135275392,Culture Musical Club,group,,Tanzania,Q1564596,,,,,Ni Yeye,63115225,hRf-rpBbfnM
Q1353426,The Shirelles,group,1958,United States,Q28206879,The Shirelles 1962.jpg,Scepter Records-from Scepter Records' Billboard ad which has no copyright marks.,Public domain,,Mama Said (Rerecorded),6061331,qQFAjBBHEd4
Q1353720,Shadows Fall,group,1995,United States,Q4490718,2014-08-30 Turock Shadows Fall 23.jpg,Achim Raschka (talk),CC BY-SA 4.0,https://creativecommons.org/licenses/by-sa/4.0,The Light That Blinds,108628768,Qusz5TmXWQQ
Q1353806,Evil Activities,group,1997,Netherlands,Q1983750,Kelly van Soest1.jpg,MissBeertje,CC BY 3.0,https://creativecommons.org/licenses/by/3.0,Nobody Said It Was Easy,422513752,y-kDHJtz7Ow
Q1354827,Jaromír Vejvoda,person,1902,Czechoslovakia,Q127270988,Praha Zbraslav - Jaromir Vejvoda.jpg,Matěj Baťha,CC BY-SA 2.5,https://creativecommons.org/licenses/by-sa/2.5,,,
Q1355154,Madeon,person,2009,France,Q11691380,Madeon (color corrected).png,Guillaume Highwire (photo); User:Di (they-them) (color correction),CC BY-SA 2.0,https://creativecommons.org/licenses/by-sa/2.0,Super Platinum,4098687161,pA3GE-rXAqs
Q1355916,Goa Gil,person,1964,United States,Q835131,GOA-GIL-5.jpg,Crocodile2020,CC0,http://creativecommons.org/publicdomain/zero/1.0/deed.en,,,
Q1356404,Ernest John Moeran,person,1894,United Kingdom,Q48810672,"Ernest John Moeran, 1937.png","File:Arnold_Bax,_E.J._Moeran,_Tilly_Fleischmann,_Kinsale,_Cork_1937.jpg",CC0,http://creativecommons.org/publicdomain/zero/1.0/deed.en,,,
Q1356456,I-Roy,person,1968,Jamaica,Q98528252,,,,,,,
Q1356737,Ernesto Djédjé,person,1948,Ivory Coast,Q199415,Ernesto Djédjé dansant.jpg,Manouka,CC BY 4.0,https://creativecommons.org/licenses/by/4.0,Ziboté,409057832,pALHs8iMpE8
Q1356808,Ernesto Nazareth,person,1863,Brazil,Q1076539|Q430075,,,,,Brejeiro,2828579332,QP6OLwb9w50
Q1356912,Ernie K-Doe,person,1955,United States,Q3658336,ErnieK-doe1996.jpg,Masahiro Sumori,CC BY-SA 3.0,http://creativecommons.org/licenses/by-sa/3.0/,,,
Q1356920,U-Roy,person,1961,Jamaica,Q98528252,URoy2021.png,Incalum,CC0,http://creativecommons.org/publicdomain/zero/1.0/deed.en,,,
Q1357035,Vybz Kartel,person,2000,Jamaica,Q474027,Vybz Kartel at Freedom Street concert.jpg,Pelpa Time Production,CC BY 3.0,https://creativecommons.org/licenses/by/3.0,Xrated,3594819332,
Q135794,Z-Ro,person,1994,United States,Q136908587,Z-Ro cropped.jpg,Arthur Smart,CC BY-SA 3.0,https://creativecommons.org/licenses/by-sa/3.0,,,
Q13580495,BTS,group,2013,South Korea,Q213665,"BTS during a White House press conference May 31, 2022 (cropped).jpg",The White House,Public domain,,SWIM,3907717261,b4iVv91Z6lY
Q13581065,Jamie Jones,person,2003,United Kingdom,Q598593,,,,,Lose My Mind,2164552957,ZhSXf804NAM
Q135815,Z. Z. Hill,person,1984,United States,Q2521569,,,,,,,
Q1358175,Refused,group,1991,Sweden,Q377910,Refused no Optimus Alive.jpg,Bene Riobó,CC BY-SA 4.0,https://creativecommons.org/licenses/by-sa/4.0,New Noise,378236081,NkAe30aEG5c
Q135932234,Ace Ventura,person,1977,,Q622871|Q2385862,Ace Ventura (Musician).jpg,Ekaterina is a cat,CC0,http://creativecommons.org/publicdomain/zero/1.0/deed.en,Pranava,852192112,QSwg7fxXsd8
Q1359424,Mount Kimbie,group,2008,United Kingdom,Q5510816|Q106130091,Mount Kimbie (2013).jpg,Das Kraftfuttermischwerk,CC BY 2.0,https://creativecommons.org/licenses/by/2.0,Made To Stray,67416831,7SfFInoSotg
Q13605596,Travis Scott,person,2008,United States,Q2913982|Q136908587,TravisScott-byPhilipRomano.jpg,PhilipRomano,CC BY-SA 4.0,https://creativecommons.org/licenses/by-sa/4.0,goosebumps,132201196,Dst9gZkq1a8
Q1360643,Trans-Siberian Orchestra,group,1993,United States,Q719927|Q1443316,Trans-Siberian Orchestra 4.jpg,informant,CC BY 2.0,https://creativecommons.org/licenses/by/2.0,Christmas Canon Rock,14615502,b8WVlk-iRTo
Q1360723,8Ball & MJG,group,1991,United States,Q6010117|Q8560269,,,,,Don't Make,3892606,_RMnvNO_mCI
Q1360931,Jerry Rivera,person,1988,United States,Q7405765,Jerry Rivera en Acceso Total (cropped).jpg,Lunchbox LP,CC BY 2.0,https://creativecommons.org/licenses/by/2.0,Amores Como el Nuestro,1070917,sJqDmVekMWU
Q1361146,The Cramps,group,1976,United States,Q13627677,Cramps1982-07.jpg,Canada Jack aka Jeremy Gilbert,CC BY-SA 3.0,https://creativecommons.org/licenses/by-sa/3.0,Goo Goo Muck,3105075,RVhdHAqoE_c
Q1361543,Sunny Day Real Estate,group,1992,United States,Q10926,Sunny Day Real Estate 2010.jpg,total13,CC BY 2.0,https://creativecommons.org/licenses/by/2.0,Song About An Angel,1137158422,WLdm8oVELuE
Q1361546,Los Panchos,group,1944,Mexico,Q489913,Los Panchos en 1954 (cropped).jpg,Asociación Nacional de Actores,Public domain,,,,
Q1362139,Graveworm,group,1992,Italy,Q1621467,Graveworm RockTheLake2007 01.jpg,Cecil,CC BY-SA 3.0,http://creativecommons.org/licenses/by-sa/3.0/,(N)Utopia,668823012,bzCQAXSBSMY
Q1362482,Kultur Shock,group,1996,United States,Q2715283,Kultur Shock at Bumbershoot 2007 07.jpg,Joe Mabel,CC BY-SA 3.0,http://creativecommons.org/licenses/by-sa/3.0/,Sarajevo,129645902,ufLtq-0Ue1g
Q136324170,Paul Ndlovu,person,1954,,Q108667604,,,,,Hita Famba Moyeni,1884563087,WMF9U8lcDqo
Q13635889,Herbs,group,1979,New Zealand,Q7122786,,,,,,,
Q1363881,Lindstrøm,person,2003,Norway,Q2608506|Q4045538,Hans-Peter Lindstrom live 2011.jpg,Harald Grönstrand,CC BY 2.0,https://creativecommons.org/licenses/by/2.0,,,
Q1364197,Johnny Pacheco,person,1960,Dominican Republic,Q7405759|Q367751,Compositor Jhonny Pacheco.jpg,Hykso623,CC BY-SA 4.0,https://creativecommons.org/licenses/by-sa/4.0,Canto A La Habana,686095712,QjkmPf9eqsA
Q1364657,The Pretty Things,group,1963,United Kingdom,Q253137|Q4971442,Pretty Things Photo Ph.BRIZARD.jpg,Philippe BRIZARD,CC BY 3.0,https://creativecommons.org/licenses/by/3.0,The Devil Had a Hold of Me,968049212,ScQpByEEt2U
Q1364766,Minutemen,group,1980,United States,Q659599,"Minutemen, 1982.jpg",UCLA Library Special Collections,CC BY 2.0,https://creativecommons.org/licenses/by/2.0,Corona,1601890,jlxmKsTvcLg
Q1365130,Kaya,person,1997,Japan,Q3477737,Kaya Salome.JPG,VisualKeiFan,CC BY-SA 3.0,https://creativecommons.org/licenses/by-sa/3.0,Memento mori,1585656212,OTm5rCaG-SM
Q1365306,Wolfbrigade,group,1995,Sweden,Q1151260|Q825769,Wolfbrigade Party.San Metal Open Air 2016 04.jpg,S. Bollmann,CC BY-SA 4.0,https://creativecommons.org/licenses/by-sa/4.0,Doomrunner,4180591462,P8dd_gvm0sw
Q136554184,The Monroe Brothers,group,,United States,Q135687210,,,,,,,
Q1365889,Thongchai McIntyre,person,1985,Thailand,Q3328764,Bird Smile.jpg,KanavaroT,CC BY-SA 4.0,https://creativecommons.org/licenses/by-sa/4.0,,,
Q136591,ZZ Top,group,1969,United States,Q2266376|Q852767|Q2526653,"ZZ Top performing in San Antonio, Texas 2015.jpg",Ralph Arvesen,CC BY 2.0,https://creativecommons.org/licenses/by/2.0,La Grange,694980152,fnwZeLdLPdQ
Q1366214,Candies,group,1973,Japan,Q1418683|Q107985650,,,,,,,
Q1366223,John O'Callaghan,person,2003,Ireland,Q1136765,John O'Callaghan (musician).jpg,Alexander Reshnya,CC BY-SA 2.0,https://creativecommons.org/licenses/by-sa/2.0,,,
Q136799193,DJ Moortje,person,1963,,Q108297203,,,,,,,
Q1368192,Espers,group,2002,United States,Q1500364|Q2404568,Espers1.jpg,Hendrik Dacquin,CC BY 2.0,https://creativecommons.org/licenses/by/2.0,Black Is the Color,855489302,t0JhyvJD0vg
Q1368449,Mac Dre,person,1984,United States,Q2043175,,,,,Feelin' Myself,1494162112,6vE6oUc0t4o
Q1369304,Pete Rugolo,person,1940,Italy,Q113493826,"Pete Rugolo, ca. Dec. 1946 (William P. Gottlieb).jpg",William P. Gottlieb,Public domain,,,,
Q137042,Nat King Cole,person,1934,United States,Q1443316|Q1196752|Q1530455,Nat King Cole (Gottlieb 01511).jpg,William P. Gottlieb,Public domain,,L-O-V-E,3158377,f_HmF84G7ZY
Q1370642,Robert Glasper,person,2003,United States,Q5928480,Robert Glasper.jpg,Ed Newman,CC BY 2.0,https://creativecommons.org/licenses/by/2.0,Waiting on Arrival (Flipped by Taylor McFerrin),3509403581,i8e-tHt1-vg
Q1371393,Tony Allen,person,1968,Nigeria,Q388296,Tony Allen mg 6469.jpg,Rama,CC BY-SA 2.0 fr,https://creativecommons.org/licenses/by-sa/2.0/fr/deed.en,Go Back,423535352,8-hMkHkoFrU
Q137212360,Etelvina Maldonado,person,1932,,Q4996773,,,,,Que se Quema el Monte,1480315242,-wPCcbL_dVw
Q1372387,Mikhail Krug,person,1987,Soviet Union,Q1891685,,,,,Фраер,145569674,
Q137368542,Nicholas Zakaria,person,1956,Zimbabwe,Q109538468,IMG Madzibaba VIP-Attire.jpg,TimesonexJiggaJ,CC0,http://creativecommons.org/publicdomain/zero/1.0/deed.en,Mufananidzo,1410215952,fIfZpLfOUdg
Q1374215,Rex Allen,person,1920,United States,Q1425111,Rex Allen and Koko 1952.jpg,"Mother's Cookies, San Diego, CA.",Public domain,,,,
Q1374217,Philip Rosseter,person,1568,United Kingdom of Great Britain and Ireland,Q6705418,,,,,,,
Q1375090,Euromasters,group,1992,Netherlands,Q820049,,,,,He scheids (Schop 'm voor z'n kloten),2833203932,
Q1375576,Tom Zé,person,1936,Brazil,Q1413061,Tom Zé in São Paulo.jpg,"Sérgio Savarese from Sao Paulo City / Ipiranga, Brasil",CC BY 2.0,https://creativecommons.org/licenses/by/2.0,"Jimmy, Renda-Se",123219666,OxEWzWe3IsA
Q1375814,Larry Heard,person,1983,United States,Q20502|Q1071961|Q874038,,,,,Mystery of Love,395875132,qxPPR8eXm78
Q137590626,Ivy Lab,group,,,Q107010574,,,,,Orange,2768207691,nzoZgPJ5wMA
Q1377134,Graham Parker,person,1968,United Kingdom,Q1431327,Graham Parker-07182010.jpg,SusanLesch,CC BY-SA 3.0,https://creativecommons.org/licenses/by-sa/3.0,No Holding Back,1496276622,akIMReNmdfI
Q1377199,Poncho Sanchez,person,1975,United States,Q837389,Poncho Sanchez performing at Jazz Cruise 2014.jpg,"Jeff Dunn from St. Clair Shores, MI, USA",CC BY 2.0,https://creativecommons.org/licenses/by/2.0,El Shing-A-Ling,11686990,fvqwJt4kbd4
Q1377317,Francesco Balilla Pratella,person,1880,Italy,Q2195355,Francesco Balilla Pratella.jpg,AnonymousUnknown author,Public domain,,L'aviatore Dro,68616422,-QdIHMrLWQ4
Q137769,Fu Manchu,group,1987,United States,Q617240,Hellfest2019FuManchu 02.jpg,Selbymay,CC BY-SA 4.0,https://creativecommons.org/licenses/by-sa/4.0,Evil Eye,1762495867,AqYeedwEA4E
Q1377724,Sweet Female Attitude,group,1996,United Kingdom,Q1751409,Sweet Female Attitude Live at Cardiff University in 2017.jpg,Lee Bailey,CC BY-SA 3.0,https://creativecommons.org/licenses/by-sa/3.0,Flowers,106807216,iR2tIyj8_y8
Q137804,Yat-Kha,group,1991,Russia,Q110606359,2005-10-13 Yat-Kha Live in Frankfurt.jpg,No machine-readable author provided. Alex Ex assumed (based on copyright claims).,CC BY-SA 3.0,http://creativecommons.org/licenses/by-sa/3.0/,Karangailyg Kara Hovaa (Dyngyldai),435540242,tXgzc--MgvA
Q1378050,Pop Will Eat Itself,group,1986,United Kingdom,Q1987105,Pop Will Eat Itself - Thekla May 2015 (18036439280).jpg,"Steve Watkins from Bromsgrove, United Kingdom",CC BY 2.0,https://creativecommons.org/licenses/by/2.0,Def Con One,1441575192,Xef60FAN6Vk
Q1378545,Southern All Stars,group,1974,Japan,Q131578,,,,,,,
Q1378892,Luambo Makiadi,person,1938,Democratic Republic of the Congo,Q3453150,Franco Luambo Makiadi.jpg,"unknown, Ngoma",Public domain,,,,
Q13796375,MC Daleste,person,2009,Brazil,Q15893013,,,,,Angra dos Reis,80605150,vdW7UWOdQ7s
Q1379688,Evan Ziporyn,person,1959,United States,Q4745477,Evan Ziporyn (5912102613).jpg,"Jon Hurd from Boulder, Colorado, USA",CC BY 2.0,https://creativecommons.org/licenses/by/2.0,,,
Q1380845,Ivan Wyschnegradsky,person,1893,Soviet Union,Q109678435,И.А.Вышнеградский в Париже.jpg,Unknown author,Public domain,,,,
Q1382101,Streetlight Manifesto,group,2002,United States,Q460674|Q3990466,Streetlight Manifesto 02-17-05.jpg,The original uploader was MPerdomo at English Wikipedia.,CC BY-SA 2.5,https://creativecommons.org/licenses/by-sa/2.5,The Three of Us,357693741,CnqATD8iU28
Q1382357,Quicksilver Messenger Service,group,1965,United States,Q236932,Quicksilver Messenger Service 1970.JPG,Capitol Records,Public domain,,Who Do You Love (Pt. 1),3124303,xVgvVguw9i8
Q1382405,Eyal Golan,person,1978,Israel,Q2738544,Eyal Golan 1 (cropped).jpg,Tal Abudi,CC BY-SA 3.0,https://creativecommons.org/licenses/by-sa/3.0,עם ישראל חי,2750424451,1HgKB4-kQdA
Q1382418,Orhan Gencebay,person,1966,Turkey,Q623824,Orhan Gencebay 2023.jpg,Satirdan kahraman,CC BY-SA 4.0,https://creativecommons.org/licenses/by-sa/4.0,Kaderimin Oyunu,64208408,_zLzSlmZm4c
Q1382570,Mose Allison,person,1956,United States,Q1684520,Mose Allison.jpg,Mattb4310 (en.wp user),CC BY-SA 3.0,http://creativecommons.org/licenses/by-sa/3.0/,Your Mind Is on Vacation,731545,
Q1382642,Sigh,group,1989,Japan,Q641357,Sigh at Jaxx.jpg,Chris,CC BY 2.0,https://creativecommons.org/licenses/by/2.0,,,
Q1383367,Exaltasamba,group,1982,Brazil,Q3360459|Q10343541,Exaltasamba 2010.jpg,"Sergio Savarese from Sao Paulo City / Ipiranga, Brasil",CC BY-SA 2.0,https://creativecommons.org/licenses/by-sa/2.0,Tá Vendo Aquela Lua,100327064,cDVR_Tf56pE
Q1383390,Franco of Cologne,person,1300,Germany,Q163491,,,,,,,
Q1383448,Excel,group,1983,United States,Q932977,Excel Classic Formation.jpg,Lord Ozzy,CC BY-SA 2.0,https://creativecommons.org/licenses/by-sa/2.0,,,
Q1383552,Exciter,group,1978,Canada,Q211723,Exciter Party.San Metal Open Air 2018 29.jpg,S. Bollmann,Attribution,,Heavy Metal Maniac,92134374,VMgCpZ1L-bM
Q1383759,Exhorder,group,1985,United States,Q241662,Exhorder Rockharz 2023 12 (cropped).jpg,S. Bollmann,Attribution,,The Man That Never Was,847839602,zw5JEnsXGJg
Q1383840,Michael Franks,person,1973,United States,Q2104067,"Michael Franks, 2019.jpg",J. Milton® LIVE 'The Concert Whisperer' 🎼,CC BY 3.0,https://creativecommons.org/licenses/by/3.0,Popsicle Toes,5621085,OUghAJZ07nM
Q1383970,Giorgos Mazonakis,person,1993,Greece,Q109713745,"Giorgos Mazonakis, Live at Fantasia Live Stage Summer 2014.jpg",Fwtistilk,CC BY-SA 3.0,https://creativecommons.org/licenses/by-sa/3.0,Ores Mikres,673043012,gVTJcWoKIMs
Q1384772,Exposé,group,1984,United States,Q655514,Expose 1990 Grammys.jpg,Alan Light,CC BY 2.0,https://creativecommons.org/licenses/by/2.0,Seasons Change,71195462,Yqk6y5Hmy9s
Q1385113,Extol,group,1993,Norway,Q822914,,,,,Disintegrate,4207830982,8oGTMtLnI0s
Q1385506,Extreme Noise Terror,group,1985,United Kingdom,Q188534,,,,,Raping The Earth,70978053,HHgmVaDX3WY
Q1385721,Jme,person,2003,United Kingdom,Q1166726,"Jme, UK MC .jpg",Hendrix Nash,CC BY-SA 4.0,https://creativecommons.org/licenses/by-sa/4.0,Man Don't Care,134778956,rivFCwwvoh8
Q1386740,Tito Nieves,person,1977,United States,Q7405765,Titonieves.jpg,chispy2,CC BY 2.0,https://creativecommons.org/licenses/by/2.0,De Mí Enamórate,16670365,pQXol38PU00
Q1386899,Guy Clark,person,1971,United States,Q1773654|Q4490991,Guy Clark at the 2009 Newport Folk Festival.jpg,"William Wallace from Austin, TX, USA",CC BY 2.0,https://creativecommons.org/licenses/by/2.0,Dublin Blues,435624742,7SXlSjco8J4
Q1386995,The Chiffons,group,1960,United States,Q28206879,The-Chiffons.jpg,Christian Carrasco,CC BY-SA 4.0,https://creativecommons.org/licenses/by-sa/4.0,He's So Fine,3252093,rinz9Avvq6A
Q1388088,Steve Hurley,person,1983,United States,Q1071961,"Steve ""Silk"" Hurley.jpg",Uzerakount (talk),CC BY-SA 3.0,https://creativecommons.org/licenses/by-sa/3.0,,,
Q138818,Disgorge,group,1992,United States,Q2265866,,,,,,,
Q1388336,Willie Colón,person,1950,United States,Q208239|Q7405759,Willie Colon 2017 (cropped).jpg,latinustv,CC BY 3.0,https://creativecommons.org/licenses/by/3.0,Oh Qué Será?,686077142,2jXtJxtoRd8
Q1388730,Peret,person,1957,Spain,Q2707994,"Aankomst Spaanse zanger Peret op Schiphol, Peret met gouden plaat, Bestanddeelnr 925-1521.jpg",Bert Verhoeff for Anefo,CC0,http://creativecommons.org/publicdomain/zero/1.0/deed.en,Borriquito,13248749,5nchCNteFm0
Q13894,Richard Strauss,person,1864,Germany,Q1344|Q4797274|Q216860|Q2028627|Q271802,Postcard-1910 Strauss Richard.jpg,unidentified photograph,Public domain,,Thus Spoke Zarathustra,2873313652,
Q1390373,Tony Rice,person,1970,United States,Q3307225,Tonyrice-fls.jpg,Filberthockey at en.wikipedia,CC BY-SA 3.0,http://creativecommons.org/licenses/by-sa/3.0/,Church Street Blues,4761023,LAoogGig-Fw
Q139121,Flying Lotus,person,2005,United States,Q1136045|Q1077172,Flying-Lotus.jpg,Simon Fernandez,CC BY 2.0,https://creativecommons.org/licenses/by/2.0,Black Balloons Reprise,682880972,Isn8Qp-H0N4
Q1393568,Faith and the Muse,group,1994,United States,Q284543,Faith Muse.jpg,Flickr usr Gotheric,CC BY-SA 2.0,https://creativecommons.org/licenses/by-sa/2.0,Running Up That Hill,8156709,nPwYW9y8_vE
Q1393884,The Dixie Hummingbirds,group,1928,United States,Q123909197,The Dixie Hummingbirds (239252818).jpg,Bryan Ledgard,CC BY 2.0,https://creativecommons.org/licenses/by/2.0,,,
Q1394264,Waylander,group,1993,Northern Ireland,Q2525544,Waylander Dark Troll 2019 26.jpg,S. Bollmann,Attribution,,Born to the Fight,113386250,hpPMmhmmMdk
Q139465,Carlos Varela,person,1963,Cuba,Q497957,Carlos Varela at MIFF (cropped).jpg,MiamiFilmFestival,CC BY-SA 2.0,https://creativecommons.org/licenses/by-sa/2.0,Una Palabra,872357952,0GdlcfQhTIU
Q1394828,Kode9,person,1991,United Kingdom,Q20474,Kode9.jpg,The original uploader was P4k at English Wikipedia.,CC BY 2.0,https://creativecommons.org/licenses/by/2.0,,,
Q1394971,Kanda Bongo Man,person,1980,Democratic Republic of the Congo,Q1752683|Q2362669,Malanga and Kanda Bongo Man.jpg,Christian Malanga,CC BY-SA 2.0,https://creativecommons.org/licenses/by-sa/2.0,Tokei,570977222,1YQKf3zf6Og
Q1395064,Müslüm Gürses,person,1975,Turkey,Q623824,,,,,Hangimiz Sevmedik,144311834,dJGTK0C7S8w
Q1395127,Julio Jaramillo,person,1940,Ecuador,Q7142141|Q489913,Julio jaramillo laurido2.jpg,Maty1206,CC BY-SA 4.0,https://creativecommons.org/licenses/by-sa/4.0,Que Nadie Sepa Mi Sufrir,1315032,EF1Us3J65yw
Q1395361,Quim Barreiros,person,1971,Portugal,Q3025242,Festas Pereiro 2008 - Quim Barreiros no Pereiro.jpg,Marques Maia,CC BY-SA 3.0,https://creativecommons.org/licenses/by-sa/3.0,Bacalhau À Portuguesa,1393299162,as8QjVjUS4k
Q1395417,Vilayat Khan,person,1939,Dominion of India,Q1770695,Vilayat Khan 2014 stampsheet of India cr.jpg,"India Post, Government of India",GODL-India,https://data.gov.in/sites/default/files/Gazette_Notification_OGDL.pdf,Ragmala in Khammaj and Bhatiyalli Dhun,715285102,
Q1395589,Wildstylez,person,2007,Kingdom of the Netherlands,Q223840|Q108297238,Airbeat One 2015 Wildstylez Joram Metekohy by Denis Apel-1064.jpg,Denis Apel,CC BY-SA 4.0,https://creativecommons.org/licenses/by-sa/4.0,Hollow,3122334581,1kERLyFevxg
Q1395666,Sotiria Bellou,person,1941,Greece,Q220528,,,,,De Les Kouventa,104852350,
Q1395732,Moein,person,1973,Iran,Q7170257,Moein Live in Toronto 2023.jpg,Mehrshad Adkins 01,CC BY-SA 4.0,https://creativecommons.org/licenses/by-sa/4.0,Bigharar,3014974541,ZPwqhJ8BFNM
Q1395857,José Asunción Flores,person,1904,Paraguay,Q3278092,Jose-asuncion-flores.jpg,Jeanmersault,CC BY-SA 4.0,https://creativecommons.org/licenses/by-sa/4.0,Buenos Aires salud,2737954821,Hscb7OL7lIs
Q1395950,Schoolly D,person,1984,United States,Q753679,Schooly-d-house-of-blues-2012.jpg,swimfinfan,CC BY-SA 2.0,https://creativecommons.org/licenses/by-sa/2.0,P.S.K. 'What Does It Mean'?,13198610,m1mn9m_1h5U
Q1395969,Frost,person,1982,United States,Q1399695,Kid-Frost.jpg,Angelasong,CC BY-SA 3.0,https://creativecommons.org/licenses/by-sa/3.0,Killshot,2563069812,_wy7uqwGfNU
Q1395989,Patrick Cowley,person,1976,United States,Q98528149|Q606393,Patrick Cowley.jpg,The Voice (San Francisco),Public domain,,Do You Wanna Funk?,68515594,PeYUTbU_iTw
Q139603504,Milo,person,,Dominican Republic,Q3410882,,,,,,,
Q1396717,Viviane Chidid,person,1973,Mali,Q556959,"Viviane Chidid, 2013 (cropped).jpg",Pierre-Yves Beaudouin,CC BY-SA 3.0,https://creativecommons.org/licenses/by-sa/3.0,Nous 2,4136418071,mPME3hyBMlU
Q1397782,Faster Pussycat,group,1986,United States,Q1785028,"""Faster Pussycat"" (5843177688).jpg",Ted Van Pelt,CC BY 2.0,https://creativecommons.org/licenses/by/2.0,House of Pain,4085312,eunWuKxfAC8
Q1397912,Fat Pat,person,1993,United States,Q2261628,,,,,Tops Drop,2782744862,sj9Rk2LTWFY
Q1398096,Wimme Saari,person,1959,Finland,Q744327,Wimme Saari-2.jpg,Wimme_Saari.jpg: Tomisti derivative work: Bff (talk),CC BY-SA 3.0,http://creativecommons.org/licenses/by-sa/3.0/,Rock (Bákti / Kallio),584515302,
Q1398215,Gryphon,group,1973,United Kingdom,Q641318,,,,,Kemp's Jig,3808836172,jNwhblDNYmw
Q1398571,Luis Eduardo Aute,person,1966,Spain,Q98528181,Aute recogida premio.jpg,Informador Digital from Spain,CC BY 2.0,https://creativecommons.org/licenses/by/2.0,Sin Tu Latido,2311533,dOGkMPRZpS0
Q1398604,The Gun Club,group,1980,United States,Q2268922|Q2551540,Jeffrey Lee Pierce cropped.jpg,Yves Lorson,CC BY 2.5,https://creativecommons.org/licenses/by/2.5,,,
Q1399599,Pete Johnson,person,1922,United States,Q212952,"Pete Johnson, New York, N.Y., ca. Aug. 1946 (William P. Gottlieb 04651).jpg",William P. Gottlieb,Public domain,,627 Stomp,541955052,wJ2QsLKIrao
Q1399605,Meade Lux Lewis,person,1964,United States,Q212952,Meade Lux Lewis Billboard.jpg,Unknown author,Public domain,,,,
Q140247474,DJ Smokey,person,1992,,Q116314630,,,,,I Sell (Coke Crack Meth),3120929911,
Q1402704,Pentagram,group,1971,United States,Q186170|Q108979517,Pentagram live 2009.jpg,brandi666,CC BY 2.0,https://creativecommons.org/licenses/by/2.0,,,
Q140388844,"Michael ""5000"" Watts",person,,,Q2261628,,,,,,,
Q140393557,Warface,person,,,Q21000514,,,,,Rave From The Grave,2612291102,
Q1404339,Teenage Jesus and the Jerks,group,1976,United States,Q823080,Teenage Jesus and the Jerks (2584307444).jpg,georgia.kral,CC BY 2.0,https://creativecommons.org/licenses/by/2.0,Empty Eyes,1235168,
Q1404441,DDC Mlimani Park Orchestra,group,1978,Tanzania,Q3868787,,,,,,,
Q14045,Moby,person,1978,United States,Q817138|Q757143,Moby 1.jpg,Uncensored Interview,CC BY 2.0,https://creativecommons.org/licenses/by/2.0,Natural Blues (TECIE),4182285242,UiP5UOJ_rN8
Q140457467,El Remolon,person,,,Q1143744,,,,,Atras,3462523881,aqvc4paZk34
Q1405092,Flor de Piedra,group,1999,Argentina,Q1143752,,,,,Cómo Me Excitas,662632092,
Q1406177,Marcus Roberts,person,1963,United States,Q14546558,Marcus Roberts 2010.jpg,Alberto Cabello Mayero,CC BY 2.0,https://creativecommons.org/licenses/by/2.0,The Man I Love,1014097,VgvJrWwbW-k
Q1406448,Wavves,group,2008,United States,Q2545135|Q110141586,Wavves.jpg,The Accent from USA,CC BY-SA 2.0,https://creativecommons.org/licenses/by-sa/2.0,Pinesol,4276757042,
Q140667207,Smart E's,group,,,Q22909461,,,,,,,
Q1407424,The Jimi Hendrix Experience,group,1966,United States,Q193355|Q206159|Q236932|Q56351111,Jimi Hendrix Experience in Fenklup.png,VARA,CC BY-SA 3.0 nl,https://creativecommons.org/licenses/by-sa/3.0/nl/deed.en,,,
Q1408267,Riot V,group,1975,United States,Q108665742,Riot V - Wacken Open Air 2018 00.jpg,Frank Schwichtenberg,CC BY-SA 4.0,https://creativecommons.org/licenses/by-sa/4.0,Victory,660711042,pZkUCklg5Bs
Q1409039,The Wiggles,group,1991,Australia,Q2389651,,,,,Apples And Bananas,3792428572,vVQaKegYJjY
Q1410018,Juno Reactor,group,1990,United Kingdom,Q622871|Q835131,Ben Watkins of Juno Reactor in Portland 01.jpg,"Peat Bakke from Portland, OR, USA",CC BY 2.0,https://creativecommons.org/licenses/by/2.0,Mona Lisa Overdrive,5472088,fGANxCKSKh4
Q1410132,The Bothy Band,group,1974,United Kingdom,Q854451|Q7482056,,,,,The Kesh Jig/Give Us a Drink of Water/The Flower of the Flock/Famous Ballymote,628949662,
Q1411035,Screaming Trees,group,1985,United States,Q11365,Screaming Trees (1980s SST promo photo).jpg,Naomi Petersen. Distributed by SST Records.,Public domain,,Nearly Lost You,13177932,PE5f561Y1x4
Q1411146,Zaïko Langa Langa,group,1969,Democratic Republic of the Congo,Q1752683,Zaïko Langa Langa live à La Madeleine 2024.jpg,Kongo96,CC BY 4.0,https://creativecommons.org/licenses/by/4.0,77 x 7,102181500,WqCJXAfwN5c
Q1411165,Fiddlin' John Carson,person,1920,United States,Q972424,Fiddlin'JohnCarson.jpg,Wilbur Smith (†1932),Public domain,,,,
Q1412029,Carter Family,group,1927,United States,Q108616106|Q972424|Q83440|Q65943778,Carter Family in the 1930s (retouched using Remini App).jpg,Carter Family 1927.jpg: Victor Talking Machine Company derivative work: User:Clusternote,Public domain,,Can the Circle Be Unbroken,854279,E0mGl3n9V4o
Q1412030,Tortoise,group,1990,United States,Q209137,TortoiseChicago2008.jpg,Wasted Time R (talk),CC BY 3.0,https://creativecommons.org/licenses/by/3.0,,,
Q1412298,Helmet,group,1989,United States,Q20378,Helmet - Wacken Open Air 2018 02.jpg,Frank Schwichtenberg,CC BY-SA 4.0,https://creativecommons.org/licenses/by-sa/4.0,Unsung,2445710,jBfygUiS50g
Q141266051,Logos,person,,United Kingdom,Q106654239,,,,,,,
Q1412964,Saetia,group,1997,United States,Q11363,,,,,The Sweetness and the Light,126647849,EGIV93s_Wb8
Q1413494,The Sugarhill Gang,group,1973,United States,Q868855,The Sugarhill Gang (52790148289).jpg,"Gage Skidmore from Surprise, AZ, United States of America",CC BY-SA 2.0,https://creativecommons.org/licenses/by-sa/2.0,Rapper's Delight,3783071992,mcCK99wHrk0
Q1413921,Steeleye Span,group,1969,United Kingdom,Q2614533,Steeleye Span - Fairport's Cropredy Convention 2006 (1).jpg,Brian Marks,CC BY 2.0,https://creativecommons.org/licenses/by/2.0,Gaudete,1787553367,bTbq2pPLW6I
Q1413926,XTC,group,1972,United Kingdom,Q106654134,XTC bandphoto.jpg,Jean-Luc Ourlin,CC BY-SA 2.0,https://creativecommons.org/licenses/by-sa/2.0,Making Plans For Nigel,3135763,n-X3Wy-svIY
Q14159313,Joy Orbison,person,2009,United Kingdom,Q106130091,,,,,"flex fm (freddit) feat. Future, Lil Yachty, Playboi Carti",2907141051,
Q14159626,The War on Drugs,group,2005,United States,Q747717,The War on Drugs 2014 Zurich 1.jpg,Sputniktilt,CC BY-SA 4.0,https://creativecommons.org/licenses/by-sa/4.0,Who's That,4248011881,1fMvp6GCyZI
Q141703,The Futureheads,group,2000,United Kingdom,Q1899347,"The Futureheads, Radio 1.jpg","Laura from Washington/Newcastle/Sunderland, UK",CC BY 2.0,https://creativecommons.org/licenses/by/2.0,Meantime,727003,0mAarURCdxg
Q1417601,Jon Spencer Blues Explosion,group,1990,United States,Q2551540,Jon Spencer 2006.jpg,"Bart Jan van Vugt on Flickr, from Antwerp, Belgium",CC BY 2.0,https://creativecommons.org/licenses/by/2.0,Bellbottoms,385191371,XlTqcshkmc8
Q1418687,Lorenzo Palacios Quispe,person,1950,Peru,Q7171184|Q1143741,Chacalon.jpg,Maipi Tuta,PDM-owner,,,,
Q1419043,Firewater,group,,United States,Q2715283,Firewater (2).JPG,Blueye,CC BY-SA 3.0,https://creativecommons.org/licenses/by-sa/3.0,Life During Wartime,4262178051,
Q1419255,The Drums,group,2006,United States,Q110141586,The Drums at the Lexington.jpg,Paul from United Kingdom,CC BY 2.0,https://creativecommons.org/licenses/by/2.0,Money,13215735,IqYgNiZdfh4
Q14197609,Uncle Acid & the Deadbeats,group,2009,United Kingdom,Q55296418,2016 RiP Uncle Acid and the Deadbeats - by 2eight - 8SC6811.jpg,Stefan Brending (2eight),CC BY-SA 3.0,https://creativecommons.org/licenses/by-sa/3.0,,,
Q1420144,Fischerspooner,group,1998,United States,Q861823,Fischerspooner NYC 2005.jpg,Flickr user Mai Le,CC BY 2.0,https://creativecommons.org/licenses/by/2.0,Emerge,971469782,M4uSTdJo4zk
Q1420629,Kayo Dot,group,2003,United States,Q641357,Kayo Dot @ Roadburn 2015 05.jpg,Grywnn,CC BY-SA 4.0,https://creativecommons.org/licenses/by-sa/4.0,The Antique,2474179351,rXqRWOqsKIg
Q1420833,New Riders of the Purple Sage,group,1969,United States,Q613408,New-Riders-of-the-Purple-Sage-01.jpg,cp_thornton,CC BY 2.0,https://creativecommons.org/licenses/by/2.0,Dirty Business,608573,YJdq0OcRK3o
Q1420932,Masonna,person,1987,Japan,Q726239|Q16562829,,,,,,,
Q1421242,Memphis Jug Band,group,,United States,Q1075338,Memphis jugband.jpg,http://www.cr.nps.gov/delta/blues/people/memphis_jug.htm,Public domain,,,,
Q1422720,The Waterboys,group,1983,United Kingdom,Q2662148,The Waterboys in Antwerp 2003 5.jpg,Meut.,CC BY-SA 3.0,http://creativecommons.org/licenses/by-sa/3.0/,We Will Not Be Lovers,1798545747,s4bl2mFBwAQ
Q1422764,Ratatat,group,2001,United States,Q325397,RatatatMembers.jpg,derivative work: jhsounds (talk) Ratatat-MikeStroud.jpg: Chris Pimlott Ratatat-EvanMast.jpg: Chris Pimlott,CC BY-SA 3.0,https://creativecommons.org/licenses/by-sa/3.0,Loud Pipes,948137,AB_4Q4_St2U
Q1422960,The Casualties,group,1990,United States,Q383615,The Casualties 2007 Poland 001.jpg,Arek1979,CC BY-SA 3.0,http://creativecommons.org/licenses/by-sa/3.0/,,,
Q1424035,Haujobb,group,1993,Germany,Q1403744,20140110-Leipzig-PlanetMyerDay-4360.jpg,Carstor,CC BY 3.0,https://creativecommons.org/licenses/by/3.0,Dead Market,1979295137,KUOeibCly70
Q1424124,The Left Banke,group,1965,United States,Q46046|Q22991878,The Left Banke 1966.jpg,KRLA/Beat Publications-page 1,Public domain,,Pretty Ballerina,755382072,m-Ep5x-DETc
Q1424828,Son Volt,group,1994,United States,Q438476,Son Volt.jpg,merfam,CC BY 2.0,https://creativecommons.org/licenses/by/2.0,New Born Soul,4105983681,vcSWxf9_CE4
Q1424928,His Hero Is Gone,group,1995,United States,Q825769|Q112628069,,,,,Chain of Command,4022347351,6eksslGiPSc
Q1425262,Modjo,group,1998,France,Q1455292,,,,,Lady (Hear Me Tonight),70179720,mMfxI3r_LyA
Q1426055,Propellerheads,group,1995,United Kingdom,Q858579,,,,,Spybreak! (Short One),510698742,IqjF5eUXJ8o
Q1426495,The Rapture,group,1998,United States,Q1643549|Q133501932,The rapture 2.jpg,Michell Zappa (Flickr),CC BY-SA 2.0,https://creativecommons.org/licenses/by-sa/2.0,Echoes,2622365332,bibXZUZVonw
Q142701,Pearl Jam,group,1990,United States,Q11365,PearlJam-Oakland-2013.JPG,Lugnuts,CC BY-SA 3.0,https://creativecommons.org/licenses/by-sa/3.0,Black,7675132,qgaRVvAKoqQ
Q1427240,The Knack,group,1978,United States,Q837837,Doug Fieger 2005.jpg,"James No from Seattle, WA",CC BY 2.0,https://creativecommons.org/licenses/by/2.0,My Sharona,3248376,bbr60I0u2Ng
Q1427343,Flatfoot 56,group,2000,United States,Q1990122,Flatfoot 56 2009 (3654172116).jpg,matt,CC BY 2.0,https://creativecommons.org/licenses/by/2.0,Stutter,143122476,XhSCSusS-qg
Q1427551,Pentangle,group,1968,United Kingdom,Q2614533|Q649634,"John Renbourn, Danny Thompson and Jacqui McShee perform together as Pentangle after a thirty year break! (383150127).jpg",Bryan Ledgard,CC BY 2.0,https://creativecommons.org/licenses/by/2.0,Willy O' Winsbury,1699252577,nwqP_yoszCE
Q1427795,Placebo Effect,group,1989,Germany,Q4155078,,,,,,,
Q1428002,Oxide & Neutrino,group,2000,United Kingdom,Q1165777,,,,,,,
Q1428813,Hanoi Rocks,group,1979,Finland,Q1123745|Q1785028,Hanoi Rocks - Ilosaarirock 2008.jpg,Tuomas Vitikainen,CC BY-SA 3.0,https://creativecommons.org/licenses/by-sa/3.0,11th Street Kidzz,3786480052,gpttRXw6nGc
Q1428876,The Farm,group,1983,United Kingdom,Q4841596,"The Farm (GuilFest, 2011).jpg",Hashir,CC BY 2.0,https://creativecommons.org/licenses/by/2.0,Altogether Now,67559414,
Q1429224,Freeez,group,1981,United Kingdom,Q4969182,,,,,I.O.U.,936925,y7ab3PSbvvU
Q1429330,Negură Bunget,group,1994,Romania,Q12882577,Negura.JPG,HeavyMezza89,Public domain,,Tesarul de Lumini,2147163,46GhUrtrklM
Q1430158,Saint Etienne,group,1990,United Kingdom,Q2187392,,,,,Spring,4094997,xo4lRv51Hf0
Q143059,Johannes Ockeghem,person,1410,Kingdom of France,Q201405|Q6941842,"Anonymous - Portrait of a Musician, 64.54.jpg",anonymous,Public domain,,,,
Q1430616,Monster Magnet,group,1989,United States,Q236913|Q617240,Monster Magnet live in Hungary in 2008.jpg,Gergely Csatari,CC BY-SA 2.0,https://creativecommons.org/licenses/by-sa/2.0,Gods and Punks,137704685,347M0hcgjcw
Q1430984,Tesseract,group,2007,United Kingdom,Q2532560,Tuska 20130628 - TesseracT - 29.jpg,Cecil,CC BY-SA 3.0,https://creativecommons.org/licenses/by-sa/3.0,Legion,2333167195,pHZXTmPnMso
Q143100,Josquin des Prez,person,1489,Habsburg Netherlands,Q188285|Q201405|Q217295,Josquin des Prez.jpg,Original uploader was Clattuc at en.wikipedia,Public domain,,Qui habitat in adjutorio altissimi,2199700027,9vhtZFDLbcY
Q1431341,Way Out West,group,1994,United Kingdom,Q25389262,,,,,Tuesday Maybe,369171801,vIHgpRpu2CA
Q1431360,Sir Douglas Quintet,group,1964,United States,Q107197766,Sir Douglas Quintet 1965.jpg,KRLA/Beat Publications-page 9,Public domain,,She's About a Mover,3790447742,XboE3_7KZ3Y
Q1431398,Hocico,group,1993,Mexico,Q1091450,Hocico Live At Lunario Mexico DF.JPG,Conin,CC BY-SA 3.0,https://creativecommons.org/licenses/by-sa/3.0,Ecos,1755621137,4xIljEIQyj8
Q1431678,Le Tigre,group,1998,United States,Q677542,LeTigre1.jpg,Dirk,CC BY 2.0,https://creativecommons.org/licenses/by/2.0,Deceptacon,1399430472,-SyBR-M2YvU
Q1431711,The Orioles,group,1948,United States,Q546359,,,,,Tell Me So,745856,FaSeRKphKas
Q1431787,The Manhattan Transfer,group,1972,United States,Q2299060,Manhattan Transfer.jpg,Andrea Colombara @ http://www.neroebianco.com/,CC BY-SA 3.0,http://creativecommons.org/licenses/by-sa/3.0/,Route 66,2551903,8xro0lpukfs
Q1432107,Spiral Tribe,group,,United Kingdom,Q1524033,,,,,Forward The Revolution,2234739977,c9FG-WrT8co
Q1433169,Thursday,group,1997,United States,Q377910,Thursday.jpg,Nelson Pavlosky,CC BY-SA 2.0,https://creativecommons.org/licenses/by-sa/2.0,Understanding In A Car Crash,1377625542,8-cepZ6K7mY
Q1435087,Foday Musa Suso,person,1950,Mali,Q107123896,Foday Musa Suso.jpg,Milton Martínez / Secretaría de Cultura CDMX,CC BY-SA 2.0,https://creativecommons.org/licenses/by-sa/2.0,,,
Q1437316,Forgotten Tomb,group,1999,Italy,Q28949059,,,,,Alone,1581933502,j6MXLPFTAME
Q1438192,Forseti,group,1997,Germany,Q775614,Forseti Logo.svg,Forseti,Public domain,,,,
Q14395442,Herencia de Timbiquí,group,2000,Colombia,Q5794983,,,,,Sabras,502039822,srE7nr4xuGI
Q1441466,Francis Dhomont,person,1926,France,Q423918,,,,,,,
Q1442188,Swell Maps,group,1972,United Kingdom,Q659599,,,,,,,
Q144347,Zaim Imamović,person,1945,Bosnia and Herzegovina,Q674684,,,,,,,
Q144371,Zain Bhikha,person,1990,South Africa,Q783874,Zain Bhikha.jpg,Haroon.Q.Mohamoud,CC BY 2.0,https://creativecommons.org/licenses/by/2.0,Mount Hira / Praise to the Prophet,84026989,
Q1445071,Newsboys,group,1985,Australia,Q753520,Newsboys 2011 (5725453448) (cropped).jpg,Breezy Baldwin,CC BY 2.0,https://creativecommons.org/licenses/by/2.0,We Believe,78399891,WjZ01FcK0yk
Q1445090,The Teenagers,group,1955,United States,Q546359,Frankie Lymon and the Teenagers.jpg,Gee Records,Public domain,,,,
Q144669,Ruth Brown,person,1949,United States,Q45981,Ruth Brown 1996.jpg,"Kingkongphoto &amp; www.celebrity-photos.com from Laurel Maryland, USA",CC BY-SA 2.0,https://creativecommons.org/licenses/by-sa/2.0,I Don't Know,672050,toKYrvxHWOY
Q144719,Zakir Hussain,person,1963,India,Q1323698|Q1770695,Ustad Zakir Hussain 1.jpg,Krupasindhu Muduli,CC BY-SA 3.0,https://creativecommons.org/licenses/by-sa/3.0,Water Girl,1153810,c1FsfYjU-mo
Q1448889,Neophyte,group,1992,Netherlands,Q388906|Q820049|Q1983750,,,,,Music For the 90's,2979336051,ynPrLHeC0yk
Q1450908,François Bayle,person,1932,France,Q1326777|Q823560|Q423918,Psconcer.jpg,Semitransgenic (talk),CC BY-SA 3.0,https://creativecommons.org/licenses/by-sa/3.0,,,
Q14517,Mac DeMarco,person,2008,Canada,Q108123046|Q28746819,Mac DeMarco 2019 (48210650642) (cropped).jpg,"Paul Carless from St Albans, UK",CC BY 2.0,https://creativecommons.org/licenses/by/2.0,Chamber Of Reflection,4157689612,kz9jhG963no
Q14521452,Oppenheimer Analysis,group,,,Q6865341|Q98528171,,,,,The Devil's Dancers,63815906,caP3tAmMEbc
Q1452334,Fred Hammond,person,1985,United States,Q5967604,,,,,Awesome God,4220058,9HDJGga5n9M
Q1452648,Freddy Fender,person,1957,United States,Q107197766,Freddy Fender singing in 1977.jpg,Gene Pugh,CC BY-SA 2.0,https://creativecommons.org/licenses/by-sa/2.0,Wasted Days and Wasted Nights,6634646,TUVgkXVDkBA
Q1452973,The Bel-Airs,group,1961,United States,Q106581470,,,,,,,
Q1453045,Armando Manzanero,person,1950,Mexico,Q489913,Bustos de Armando Manzanero (cropped).jpg,Gobierno CDMX,CC0,http://creativecommons.org/publicdomain/zero/1.0/deed.en,,,
Q1453940,Jon Gooch,person,2004,United Kingdom,Q11691380,,,,,,,
Q1454359,Lindisfarne,group,1970,United Kingdom,Q2614533,LindisfarneLive1991.jpg,Rodhullandemu,CC BY-SA 3.0,https://creativecommons.org/licenses/by-sa/3.0,Meet Me On The Corner,3090447,Ch_5dB1FkqY
Q14544318,Martin Garrix,person,2012,Kingdom of the Netherlands,Q15300817,Martin Garrix - Superbloom Festival 2023 - DSC2689 (cropped).jpg,Moiyeah,CC BY-SA 4.0,https://creativecommons.org/licenses/by-sa/4.0,Repeat It,3989395981,Sf9NZF5qBak
Q14546605,Zomboy,person,2010,United Kingdom,Q20903,,,,,Lone Wolf,586118812,tdzWUEjffQ4
Q145515,The Mountain Goats,group,1991,United States,Q28401204,The Mountain Goats.jpg,"Lauren from Ann Arbor, USA",CC BY 2.0,https://creativecommons.org/licenses/by/2.0,No Children,66538690,s2DCdI-XXQ4
Q1456447,The Creation,group,1966,United Kingdom,Q2607836|Q98528293,,,,,,,
Q1457636,Helstar,group,1982,United States,Q108665742,Helstar 20090603.jpg,Geisterkarle,CC BY-SA 3.0,https://creativecommons.org/licenses/by-sa/3.0,Baptized In Blood,70878479,3T7XhMzEyyU
Q1457648,Karma to Burn,group,1997,United States,Q617240,Karmatoburn.jpg,User:Jessy_lotti,CC BY-SA 3.0,https://creativecommons.org/licenses/by-sa/3.0,Fifty Seven,365956731,G3YRQq0G3y0
Q14620218,Allah-Las,group,,United States,Q110141586,Allah-Las (203859).jpg,Tore Sætre,CC BY-SA 4.0,https://creativecommons.org/licenses/by-sa/4.0,Raspberry Jam,3059002211,fOCZ-TbZwHc
Q1463593,Out Hud,group,1996,United States,Q133501932,,,,,It's for You,62305057,acBo_4izpIc
Q1467310,Los Tigres del Norte,group,1969,Mexico,Q7309098|Q1780056|Q869210|Q221934,Los Tigres Del Norte 1.jpg,Dwight McCann,CC BY-SA 2.5,https://creativecommons.org/licenses/by-sa/2.5,La Mesa Del Rincón,716520402,GVcK6k_w2_w
Q1467927,Sebadoh,group,1986,United States,Q108123046,Sebadoh-18.jpg,parttimemusic,CC BY-SA 2.0,https://creativecommons.org/licenses/by-sa/2.0,License to Confuse,1137158862,mTJp1o_RRDc
Q1470010,Front Line Assembly,group,1986,Canada,Q372103|Q1403744,FrontLineAssembly.jpg,karpov85,CC BY 2.0,https://creativecommons.org/licenses/by/2.0,Mindphaser,14609940,8NtQApOjp9w
Q147062,DJ Zany,person,1998,Kingdom of the Netherlands,Q2611143,Zany-1424767269.png,Johan van Korven,CC BY 3.0,https://creativecommons.org/licenses/by/3.0,,,
Q147129,Zao,group,1993,United States,Q2225757|Q196999,Zao US band.jpg,Michael Dreher M Turner,CC BY-SA 3.0,http://creativecommons.org/licenses/by-sa/3.0/,Autopsy,3226307,K11IyQCCj0w
Q1472126,The Chantays,group,1962,United States,Q220830|Q106581470,,,,,Beyond,1758526497,8A1y2MtuIKY
Q1472482,The 4-Skins,group,1979,United Kingdom,Q274401,The 4-Skins 1980.jpg,the4Skins2004,CC BY-SA 3.0,http://creativecommons.org/licenses/by-sa/3.0/,,,
Q1472962,Pinduca,person,1937,Brazil,Q1036183,Pinduca (TV Brasil).jpg,TV Brasil,CC BY 3.0 br,https://creativecommons.org/licenses/by/3.0/br/deed.en,Mistura de Carimbo Com Ciranda,691591912,wxy2VoC1ZAM
Q1473092,Uncle Tupelo,group,1987,United States,Q438476,Uncle Tupelo star.jpg,Creek Hopper,CC BY-SA 2.0,https://creativecommons.org/licenses/by-sa/2.0,Sandusky,13200463,kHqMNBCW2sY
Q1474339,Senses Fail,group,2002,United States,Q131481683,Senses fail islington.jpg,Zylo1994,CC BY-SA 3.0,https://creativecommons.org/licenses/by-sa/3.0,Buried a Lie,3785290312,dUXZfybUbCM
Q1474555,Henry Cow,group,1968,United Kingdom,Q727803|Q3630966,,,,,Half Asleep: Half Awake,1118863382,Yl6h9Q6av3g
Q1475018,The Crystals,group,1961,United States,Q28206879,The crystals sm.JPG,Publisher-Beat Publications/Prestige Publishing-Cinnamon Cinder teen club.,Public domain,,Da Do Ron Ron (Re-Recorded),1999995,
Q1478077,Living Colour,group,1984,United States,Q667659,Loz livingcolour mmm.png,Alex Lozupone,CC BY-SA 3.0,https://creativecommons.org/licenses/by-sa/3.0,Love Rears Its Ugly Head,1056544,MQcPB1WkISI
Q147811,Hibari Misora,person,1945,Japan,Q873478|Q1418683|Q7385628,Hibari Misora 01.jpg,Unknown author,Public domain,,Kawa No Nagare No Youni,2533902131,Egro5c3q3wY
Q1478944,Leæther Strip,group,1988,Denmark,Q1403744|Q4155078,Leather Strip.JPG,Gripweed,CC BY-SA 3.0,https://creativecommons.org/licenses/by-sa/3.0,,,
Q1480687,Swallow the Sun,group,2000,Finland,Q2089511,Swallow the Sun Wave-Gotik-Treffen 2016 05.jpg,S. Bollmann,CC BY-SA 4.0,https://creativecommons.org/licenses/by-sa/4.0,Stone Wings,604922252,f2W7S5AhJq0
Q1488078,Gabby Pahinui,person,1921,United States,Q98528264,,,,,Hi'ilawe,14489381,OuRETSM_ikU
Q1489237,Stuck Mojo,group,1989,United States,Q856872,Stuck Mojo Band - 2016 Lineup.jpg,Herschelhorton,CC BY 3.0,https://creativecommons.org/licenses/by/3.0,Mental Meltdown,108599992,paajMRwvslc
Q14903387,Ebo Taylor,person,1936,Ghana,Q963061|Q388296|Q106641536,Ebo Taylor KULT 03.JPG,Schorle,CC BY-SA 3.0,https://creativecommons.org/licenses/by-sa/3.0,Love and Death,17956922,IuTVjbccVFg
Q1493073,Nils Frahm,person,1982,Germany,Q65943744,Nils Frahm (Traumzeit Festival 2014) IMGP4651 smial wp.jpg,Smial (talk),FAL,http://artlibre.org/licence/lal/en,Ambre,625628382,h2I49P19vTY
Q14949098,Seven Lions,person,2010,United States,Q106404229,Seven Lions Live in Toronto CAN 2015 (cropped).jpg,SarahBenjRod,CC BY-SA 4.0,https://creativecommons.org/licenses/by-sa/4.0,Not Even Love,2704435852,Tjpi4eG1Lg0
Q1498245,Marco Carola,person,1990,Italy,Q1430587,Marco Carola.jpg,"Dave Walker from Royal Oak, MI, USA",CC BY 2.0,https://creativecommons.org/licenses/by/2.0,Play It Loud!,904595292,3SdvDZS9MIQ
Q1500073,Pere Ubu,group,1975,United States,Q1641839|Q598929|Q659599,Pere Ubu Live Vienna 2009.jpg,Sonictruth,CC0,http://creativecommons.org/publicdomain/zero/1.0/deed.en,Street Waves,2124799897,mk1sqOpPn3E
Q1500192,Nasum,group,1992,Sweden,Q188534,,,,,When Science Fails,11473348,VVy7w_pxjNc
Q1500297,Vasilis Tsitsanis,person,1915,Greece,Q220528,,,,,,,
Q1500510,The Incredible String Band,group,1966,United Kingdom,Q649634|Q1500364,The Incredible String Band (1970).jpg,Bert Verhoeff / Anefo,CC0,http://creativecommons.org/publicdomain/zero/1.0/deed.en,The Hedgehog's Song,7446729,Bogz2xZy-bo
Q1501348,The Undertones,group,1974,Northern Ireland,Q487914,Undertonesbarcelona2007.jpg,Flickr user: 'Alterna2',CC BY 2.0,https://creativecommons.org/licenses/by/2.0,,,
Q1501681,General Surgery,group,1989,Sweden,Q1147692,,,,,,,
Q150186,B'z,group,1988,Japan,Q131578,B'Z Best Buy Theater montage.jpg,May S. Young derivative work: Xfansd,CC BY-SA 2.0,https://creativecommons.org/licenses/by-sa/2.0,,,
Q1502037,Slowdive,group,1989,United Kingdom,Q272167,Slowdive Primavera.jpg,Bene Riobó,CC BY-SA 3.0,https://creativecommons.org/licenses/by-sa/3.0,When the Sun Hits,2246294,MKYY0IlTMw4
Q1502233,Test Dept,group,1981,United Kingdom,Q487965,Test Dept.jpg,Carsten Stiller,CC BY 2.0,https://creativecommons.org/licenses/by/2.0,,,
Q1502454,Genocide Organ,group,1986,Germany,Q2687544,,,,,This Is No Lie,11145587,
Q150272,Frankie Yankovic,person,1915,United States,Q11821889,Frank Yankovic 1958.JPG,Curt Teich,Public domain,,Ei Ei Ei O Polka,75345814,
Q15041224,Klingande,person,2012,France,Q18342587,KlingandeLandshut.jpg,Amolithis,CC BY-SA 3.0,https://creativecommons.org/licenses/by-sa/3.0,,,
Q150445,Camille Saint-Saëns,person,1853,France,Q271802,Camille Saint-Saens b Meurisse 1921.jpg,Agence de presse Meurisse,Public domain,,,,
Q15044595,Ducktails,group,2006,United States,Q2626684|Q25345818,Ducktails (4739365271) (2).jpg,"georgia from brooklyn, usa",CC BY 2.0,https://creativecommons.org/licenses/by/2.0,Map to the Stars,423172832,Q7uoX03iep4
Q15052763,Main Attrakionz,group,2010,United States,Q16829781,,,,,Dip,102242760,vcdfaMKQNhQ
Q15053742,Mischief Brew,group,2000,United States,Q1425661,,,,,Olde Tyme Mem'ry,118100424,mDuoORH8bdM
Q1506370,New Orleans Rhythm Kings,group,1921,United States,Q906647,New Orleans Rhythm Kings.gif,Unknown authorUnknown author The original uploader was Cholmes75 at English Wikipedia. Later version(s) were uploaded by,Public domain,,,,
Q1506665,Lalo Rodríguez,person,1973,United States,Q7405765,Lalo rodriguez 2 (cropped).png,OZ Producciones,CC BY 3.0,https://creativecommons.org/licenses/by/3.0,Ven Devórame Otra Vez,429987972,e494zPaEc6A
Q1506813,Prefab Sprout,group,1978,United Kingdom,Q264289,,,,,Cars and Girls,733350962,jEJdfDD4dVg
Q150767,Benjamin Britten,person,1937,United Kingdom,Q4797274|Q6941842,Fortepan 137711 (cropped).jpg,Szalay Zoltán,CC BY-SA 3.0,https://creativecommons.org/licenses/by-sa/3.0,,,
Q1507752,Peter Lang,person,1946,Austria,Q466445,,,,,Turnpike Terror,1062744152,mbU2Sg2pv3Q
Q1508351,The Jayhawks,group,1985,United States,Q438476,The Jayhawks - 6013336426.jpg,Paul Carless,CC BY 2.0,https://creativecommons.org/licenses/by/2.0,Keeping Our Heads Above Water,4034709551,sPJUGRmQR2A
Q1509107,The Electric Prunes,group,1965,United States,Q135112757,The Electric Prunes.png,Reprise Records,Public domain,,,,
Q151012,Genesis,group,1967,United Kingdom,Q49451|Q106621063,2180 - Pittsburgh - Mellon Arena - Genesis - The Carpet Crawlers.JPG,Andrew Bossi,CC BY-SA 2.5,https://creativecommons.org/licenses/by-sa/2.5,,,
Q15101510,Cole Swindell,person,2013,United States,Q16954055,Cole Swindell (2021) B (cropped).jpg,MDGovpics,CC BY 2.0,https://creativecommons.org/licenses/by/2.0,She Had Me At Heads Carolina,1688378527,pW98g-Fb-EU
Q1511,Richard Wagner,person,1832,Kingdom of Saxony,Q1583807|Q1344|Q207591,RichardWagner.jpg,Franz Hanfstaengl,Public domain,,,,
Q15110870,Lebanon Hanover,group,2010,United Kingdom,Q3840596,Lebanon Hanover Wave-Gotik-Treffen 2017 07.jpg,S. Bollmann,CC BY-SA 4.0,https://creativecommons.org/licenses/by-sa/4.0,Gallowdance,143594698,WPw7nlluRdc
Q15132019,Gana Bala,person,2007,India,Q5515214,Gana Bala.JPG,Sriram Vikram,CC BY-SA 4.0,https://creativecommons.org/licenses/by-sa/4.0,,,
Q15139979,Wilkinson,person,2010,United Kingdom,Q107332291,,,,,Afterglow,88449443,I9QGpHScGug
Q1514494,Party Animals,group,1995,Netherlands,Q820049,Partyanimals2008.jpg,Jeroen Flamman,CC BY-SA 3.0,http://creativecommons.org/licenses/by-sa/3.0/,Hava Naquila,2830941172,DLUhDz5jceE
Q1515351,Tamikrest,group,2006,Mali,Q7800608,Tamikrest - Burg Herzberg Festival 2024 20.jpg,Frank Schwichtenberg,CC BY-SA 4.0,https://creativecommons.org/licenses/by-sa/4.0,Tisnant an Chatma,70339167,19hbkw0Xdps
Q151593,Olivier Messiaen,person,1908,France,Q65937946|Q3391334,"Lezing Franse compoist Olivier Messiaen in Koninklijk Conservatorium in Den Haa, Bestanddeelnr 933-8262.jpg",Rob Croes / Anefo,CC0,http://creativecommons.org/publicdomain/zero/1.0/deed.en,Liturgie de cristal,3779469532,FPNkg6CNKI4
Q151634,Ace of Base,group,1990,Sweden,Q517415,Ace of Base Members 1992-2007.jpg,Fryta 73 Codorado CrushNush,CC BY-SA 3.0,https://creativecommons.org/licenses/by-sa/3.0,All That She Wants,94676692,d73tiBBzvFM
Q1517060,Alcest,group,2000,France,Q16855754,20200229 03 Alcest (49605436357).jpg,"Stéphane Gallay from Laconnex, Switzerland",CC BY 2.0,https://creativecommons.org/licenses/by/2.0,Sapphire,721542112,69fnUZhV8SI
Q1517721,The Bloody Beetroots,group,2006,Italy,Q627906,Bob Rifo.jpg,Jared Wiltshire,CC BY-SA 2.0,https://creativecommons.org/licenses/by-sa/2.0,Chronicles of a Fallen Love,70247105,eW0AuyCTBkU
Q151783,Metronomy,group,1999,United Kingdom,Q325397,Metronomy Murcia SRN.jpg,Sno,CC BY-SA 4.0,https://creativecommons.org/licenses/by-sa/4.0,The Look,10240179,sFrNsSnk8GM
Q151814,Sarah Brightman,person,1981,United Kingdom,Q56342556|Q2336819,Sarah Brightman (cropped).jpg,Bill Ingalls,Public domain,,Harem (Cancao Do Mar),3282528,g736k_Q7kCI
Q1518141,Richard Chartier,person,1998,United States,Q3503814|Q310871,,,,,,,
Q1518508,SBTRKT,person,2009,United Kingdom,Q106130091,"SBTRKT live at Musica festival, Sydney.jpg",Karatyshov,CC BY-SA 3.0,https://creativecommons.org/licenses/by-sa/3.0,Wildfire,12292186,ZdUINbi4wSY
Q151890,Kreator,group,1982,Germany,Q483352,2018 RiP - Kreator - by 2eight - 8SC9101.jpg,Stefan Brending (2eight),CC BY-SA 4.0,https://creativecommons.org/licenses/by-sa/4.0,Satan Is Real,660107132,2ylc3iUmuDU
Q1518965,Kodō,group,1981,Japan,Q109526125,Kodo mt.jpg,Marco Tambara,CC BY-SA 3.0,https://creativecommons.org/licenses/by-sa/3.0,Tomorrow,1656234302,KjfDALK5rKA
Q151976,Mikis Theodorakis,person,1943,Greece,Q53806314,Mikis Theodorakis Fabrik 070004.jpg,Heinrich Klaffs,CC BY-SA 2.0,https://creativecommons.org/licenses/by-sa/2.0,Zorba the Greek: Zorba's Dance,15935606,n_BHJNAJk8Q
Q1519986,Geto Boys,group,1986,United States,Q1253172|Q966564|Q753679|Q136908587,,,,,Mind Playing Tricks on Me,3357435491,IJtHdkyo0hc
Q1522079,Hadouken!,group,2006,United Kingdom,Q1995980,JamesHadouken!.jpg,Nyepie,Public domain,,Levitate,2096130867,MYZHUoMCfZ4
Q1522392,Tyree Cooper,person,1986,United States,Q341364|Q601235,,,,,Video Crash,526866,DEf6D1lIePc
Q1522573,Gianni Celeste,person,1964,Italy,Q6993291,,,,,Ti Vorrei,1091718,_yS5B_i1IjU
Q152266,Susana Baca,person,1944,Peru,Q6950428|Q5445668|Q3217069,Susana baca.jpg,Monocityjim,CC BY-SA 3.0,https://creativecommons.org/licenses/by-sa/3.0,Summertime,3261444021,nsuYyZKoJmo
Q1522692,Gilles Vigneault,person,1959,Canada,Q2956164,Gilles Vigneault Chantauvent Natashquan 1989.jpg,Pierre-Olivier Combelles,CC BY-SA 3.0,https://creativecommons.org/licenses/by-sa/3.0,Les gens de mon pays,1424855052,3-wagBFWEQs
Q152293,Aram Khachaturian,person,1926,Soviet Union,Q4851628,"Aram Khachaturian, Pic, 17.jpg",Roger Pic,Public domain,,"""Spartacus"" Adagio",15126220,of5ebCY5__Q
Q1523075,Skillet Lickers,group,1924,United States,Q972424,TheSkilletLickers.jpg,Wilber Smith († 1932),Public domain,,,,
Q152520,Sophie Tucker,person,1886,United States,Q109719462,SophieTucker1917.jpg,Unknown - irrelevant due to age,Public domain,,The Man I Love,485036272,Uh8SlsRbkVc
Q152540,Blind Guardian,group,1984,Germany,Q57143,Blind Guardian Group.jpg,https://www.flickr.com/photos/pigliapost/,CC BY-SA 2.0,https://creativecommons.org/licenses/by-sa/2.0,The Bard's Song,679582582,n63UbX5kzAc
Q1527319,Winston Mankunku Ngozi,person,1943,South Africa,Q1034231,,,,,Give Peace a Chance (Een Liedjie Vir Saldanha Bay),2476585841,
Q152761,Gorgoroth,group,1992,Norway,Q132438,Gorgoroth 2011 in Rostock.jpg,Jonas Rogowski,CC BY-SA 3.0,https://creativecommons.org/licenses/by-sa/3.0,Radix Malorum,581149342,XI83zs68m38
Q15281410,Yung Lean,person,2012,Sweden,Q16829781,"Yung Lean, Clout Festival 2024 03 (cropped).jpg",Wojciech Pędzich,CC BY 4.0,https://creativecommons.org/licenses/by/4.0,Ginseng Strip 2002,1692471257,vrQWhFysPKY
Q152880,Iannis Xenakis,person,1922,Greece,Q612024|Q1326777|Q2350507|Q2332751,XenakisMDaniel crop.jpg,The Friends of Xenakis (permission link),CC BY 2.5,https://creativecommons.org/licenses/by/2.5,,,
Q1529102,Mannheim Steamroller,group,1974,United States,Q1443316,,,,,Carol of the Bells,71138714,8405nEFJXpk
Q15291033,FKA twigs,person,2004,United Kingdom,Q25094849|Q7118426,FKA twigs (16391770926) (cropped).jpg,"Foraggio Photographic from Sydney, Australia Foraggio Photographic on Instagram",CC BY-SA 2.0,https://creativecommons.org/licenses/by-sa/2.0,killer,1778068787,6Fm4A79TgIw
Q1529784,Glassjaw,group,1993,United States,Q377910,Glassjaw hk 2010.jpg,Tommy Au,CC BY 2.0,https://creativecommons.org/licenses/by/2.0,Cosmopolitan Blood Loss,4091615,eghgAnlhPGw
Q1529927,Sandy & Papo,group,1995,Dominican Republic,Q3855113,,,,,La Hora De Bailar,7878496,FuxgQu6fR2Y
Q153008,Zoltán Kodály,person,1882,Hungary,Q96870628,"Zoltán Kodály (1928, Pál M. Vajda).jpg",Pál M. Vajda,Public domain,,,,
Q15304958,Nathan Carter,person,2002,Ireland,Q5177472,Nathan Carter. Royal Concert Hall. Glasgow.JPG,Myrtle26,CC BY-SA 2.0,https://creativecommons.org/licenses/by-sa/2.0,The Morning After,2017411797,9JG3kbZmOJw
Q1530667,Shining,group,1996,Sweden,Q28949059,Kvarforth ghoul.jpg,Selbstmord at English Wikipedia,Public domain,,Längtar Bort Från Mitt Hjärta,205707,RzpU_D-AVD0
Q1531285,Milton Brown,person,1930,United States,Q1730388,,,,,Keep a-Knockin',4433132,dxKtC2-s7Rg
Q1531369,Razor,group,1984,Canada,Q211723,Razor 14 (29083912276).jpg,Jeffrey Pollack,CC BY 2.0,https://creativecommons.org/licenses/by/2.0,,,
Q153172,Vangelis,person,1963,Greece,Q213121|Q79784514,"Vangelis, 26 July 2012.jpg",Ian Patterson,CC BY 2.0,https://creativecommons.org/licenses/by/2.0,Light and Shadow,726824,Uj0i_H3lzEU
Q1531745,Globe Unity Orchestra,group,1966,,Q98528203,,,,,,,
Q153300,Paco de Lucía,person,1963,Spain,Q9764|Q3053954|Q1426909,Paco de Lucia 1.jpg,montuno,CC BY-SA 2.0,https://creativecommons.org/licenses/by-sa/2.0,Entre Dos Aguas,90270219,DpRb_0IYFV8
Q153358,Fanny Brice,person,1951,United States,Q109719462,Fannybricebain.jpg,Bain News Service,Public domain,,My Man,15828632,RKivfzjQxOQ
Q1533787,Godflesh,group,1988,United Kingdom,Q208494,Godfleshtogether.jpg,Dan Rawe,CC BY-SA 2.0,https://creativecommons.org/licenses/by-sa/2.0,Master and Slave,4083652051,
Q153469,Krzysztof Penderecki,person,1953,Poland,Q781815|Q615418,Krzysztof Penderecki 20080706.jpg,Adam Kumiszcza,CC BY 3.0,https://creativecommons.org/licenses/by/3.0,Greenwood: 48 Responses to Polymorphia: Pacay Tree,16916510,
Q1535896,The Abyssinians,group,1968,Jamaica,Q1299260,The Abyssinians LanzamientoRototomReggaeContestLatino10-11 20101015.jpg,RRCL BPA,CC BY-SA 3.0,https://creativecommons.org/licenses/by-sa/3.0,,,
Q153616,Tangerine Dream,group,1967,Germany,Q9778|Q79784514|Q530750|Q320592,Tangerine Dream - Elbphilharmonie Hamburg 2018 02.jpg,Frank Schwichtenberg,CC BY-SA 4.0,https://creativecommons.org/licenses/by-sa/4.0,Cloudburst Flight,693397352,2qXYLLXXhvg
Q153637,Dietrich Buxtehude,person,1680,Kingdom of Denmark,Q174873|Q140544,Dieterich Buxtehude.png,Johannes Voorhout,CC BY-SA 4.0,https://creativecommons.org/licenses/by-sa/4.0,,,
Q1536429,The Trashmen,group,1962,United States,Q220830|Q106581470|Q211573,The Trashmen band.jpg,Tnarik Innael,CC BY-SA 2.0,https://creativecommons.org/licenses/by-sa/2.0,,,
Q153643,Heinrich Schütz,person,1585,Electorate of Saxony,Q781815|Q8812109,Schutz.jpg,Christoph Spätner,Public domain,,,,
Q1536711,Ráfaga,group,1996,Argentina,Q4789437,"Ráfaga, integrantes originales.jpg",Marberasa,CC BY-SA 4.0,https://creativecommons.org/licenses/by-sa/4.0,Mentirosa,654257552,ihrUZRxgef4
Q1537039,Patrick Jumpen,group,2006,Netherlands,Q389631,Patrick jumpen mantizz.jpg,Patrick Mantizz,CC BY 3.0,https://creativecommons.org/licenses/by/3.0,The Secret,18205346,WHEyUDt0U1g
Q153802,Little Milton,person,1953,United States,Q2521569,LittleMilton.png,Brainyidiot at English Wikipedia,Public domain,,Grits Ain't Groceries (All Around the World),62673214,W6dVk4c0IjM
Q1538284,Gorguts,group,1989,Canada,Q1076092|Q112144256,Gorguts at Inferno 2016 (25561760704).jpg,"Septikphoto from Malmö, Sweden",CC BY 2.0,https://creativecommons.org/licenses/by/2.0,"With Their Flesh, He'll Create",661170,Oqxz_6BSnfk
Q1539810,Shape of Despair,group,1995,Finland,Q2738113,Shape of Despair 2023-10-07 From Dusk Till Doom 1.jpg,Fraoch,CC BY-SA 4.0,https://creativecommons.org/licenses/by-sa/4.0,Quiet These Paintings Are,2137168787,ckYaFdZ61BE
Q153996,Nena,person,1978,Germany,Q646679,2018 Sternstunden-Gala - Nena - by 2eight - DSC5725.jpg,Stefan Brending (2eight),CC BY-SA 3.0 de,https://creativecommons.org/licenses/by-sa/3.0/de/deed.en,99 Red Balloons,3786206012,hiwgOWo7mDc
Q1540106,Jedi Mind Tricks,group,1996,United States,Q965635,Jedimindtricks.jpg,Vinnie Paz,Public domain,,I Against I,3675265982,P4j3nCcMJfM
Q15405752,Klapa Intrade,group,1985,Croatia,Q1428470,,,,,Ostajem tu,1784301757,t3IctMigeZs
Q154129,Gamma Ray,group,1988,Germany,Q57143,Gamma Ray Rockharz 2016 01.jpg,S. Bollmann,CC BY-SA 4.0,https://creativecommons.org/licenses/by-sa/4.0,,,
Q1541561,Alien Sex Fiend,group,1982,United Kingdom,Q1164252,Alien Sex Fiend Paris Loco 4.jpg,Marc Planard,CC BY-SA 3.0,http://creativecommons.org/licenses/by-sa/3.0/,She's A Killer,862210632,
Q154222,Craig David,person,1999,United Kingdom,Q1165777|Q1751409,Craig David (at The Queen's Birthday Party) (cropped) (1).jpg,Raph_PH,CC BY 2.0,https://creativecommons.org/licenses/by/2.0,7 Days,143169102,P5lmb5-tnM0
Q1542680,Steel Pulse,group,1975,United Kingdom,Q9794|Q1299260,Ruhr Reggae Summer 2017 MH Steel Pulse 05.jpg,Krd,CC BY-SA 4.0,https://creativecommons.org/licenses/by-sa/4.0,Your House,672793,LRxYg_20oPg
Q1542725,The Vaselines,group,1986,United Kingdom,Q370778,The Vaselines no Festival do Norte.jpg,Beninho,CC BY-SA 3.0,https://creativecommons.org/licenses/by-sa/3.0,Jesus Wants Me For A Sunbeam,1137177912,2yP28UeEBqo
Q1542920,Grand Wizzard Theodore,person,1977,United States,Q1046801,Grand wizzard theodore.JPG,Flintmi,CC BY 3.0,https://creativecommons.org/licenses/by/3.0,,,
Q15429574,Diamond Platnumz,person,2009,Tanzania,Q630689,Diamond Platnumz.jpg,Peter Bennett / ZIFF,CC BY 2.0,https://creativecommons.org/licenses/by/2.0,Shu!,2345717825,e2byDgJ8AyA
Q1542958,The Charlatans,group,1989,United Kingdom,Q4841596,The Charlatans no Rock in Way.jpg,Bene Riobó,CC BY-SA 3.0,https://creativecommons.org/licenses/by-sa/3.0,The Only One I Know,5867013,0RJwW77Lsj8
Q1543041,The Osmonds,group,1959,United States,Q997481,The-Osmonds.jpg,Heinrich Klaffs,CC BY-SA 2.0,https://creativecommons.org/licenses/by-sa/2.0,Having A Party,465642812,Wa8mLH_BQF0
Q1543137,Something Corporate,group,1998,United States,Q2090023,Socojg.jpg,Gownley at English Wikipedia,Public domain,,Punk Rock Princess,2420662,GX0uEs3I6TA
Q154331,György Ligeti,person,1923,Austria,Q612024|Q207841,György Ligeti (1984).jpg,Marcel Antonisse / Anefo,CC BY-SA 3.0 nl,https://creativecommons.org/licenses/by-sa/3.0/nl/deed.en,"Trio for Horn, Violin and Piano (II. Vivacissimo Molto Ritmico)",488993302,
Q1543315,Suicide Commando,group,1986,Belgium,Q4155078|Q1091450,,,,,See You in Hell,11945204,5By1SANlB4w
Q1543576,Pink Martini,group,1994,United States,Q1141081,Pink Martini - Festival du Bout du Monde 2014 - 042.jpg,Thesupermat,CC BY-SA 3.0,https://creativecommons.org/licenses/by-sa/3.0,Amado Mio,489615852,sCbzWiJLVhk
Q15436057,OG Ron C,person,1987,United States,Q2261628,Og ron c 450x300 1 (1).jpg,Steve0825,CC BY-SA 4.0,https://creativecommons.org/licenses/by-sa/4.0,,,
Q1543686,The Divine Comedy,group,1989,United Kingdom,Q46046|Q22991878,DivineComedy20070810 01.jpg,Original Uploader was Michig (talk) at en.wikipedia.,CC BY-SA 2.5,https://creativecommons.org/licenses/by-sa/2.5,The Heart is a Lonely Hunter,3438162031,WWG7K9V9Eh0
Q1543955,Alice DeeJay,group,1999,Netherlands,Q890887,Alice deejay tijdens lansingerland live 2018-1530252328.JPG,Alice DeeJay,CC BY-SA 4.0,https://creativecommons.org/licenses/by-sa/4.0,Better Off Alone,1802291377,Lgs9QUtWc3M
Q154454,NSYNC,group,1995,United States,Q739138,NSYNC.jpg,"Gage Skidmore, Christopher Peterson, LuckyPineapple, Super Festivals, Toglenn",CC0,http://creativecommons.org/publicdomain/zero/1.0/deed.en,I Want You Back,1022536,is6gtilerPk
Q1544666,Green Velvet,person,1991,United States,Q598593,Cajmere @ afterhours.jpg,basic_sounds [1],CC BY-SA 2.0,https://creativecommons.org/licenses/by-sa/2.0,La La Land,3978073801,uDMVfFgykP8
Q1545232,Sam & Dave,group,1961,United States,Q1567032,Sam & Dave (2).png,Stax,Public domain,,"Hold On, I'm Comin'",687923,Go6wGFKBh9k
Q15452907,Trip Lee,person,2005,United States,Q2238236,Trip Lee (2010).png,TRACKSTARZ,CC BY 3.0,https://creativecommons.org/licenses/by/3.0,Sweet Victory,1089567442,982PKhPsIHk
Q154556,Karlheinz Stockhausen,person,1951,Nazi Germany,Q9778|Q105763581|Q507246|Q3391334|Q612024|Q1326777|Q2332751|Q1640319,Stockhausen March 2004 excerpt.jpg,Kathinka Pasveer,CC BY-SA 3.0,https://creativecommons.org/licenses/by-sa/3.0,,,
Q1545680,Grendel,group,1997,Netherlands,Q1091450,Grendel-amphifestival2013.jpg,Exoport,CC BY-SA 3.0,https://creativecommons.org/licenses/by-sa/3.0,,,
Q15463707,Gerardo Ortiz,person,1998,United States,Q221934,S4byZ9bQ.jpg,Gscruz.pr,CC BY-SA 4.0,https://creativecommons.org/licenses/by-sa/4.0,Para Qué Lastimarme,415383652,_Q4SB8rkQfQ
Q1546385,The Selecter,group,1979,United Kingdom,Q54365|Q209498,The Selecter Berlin 1980.jpg,Braunov,CC BY-SA 3.0,https://creativecommons.org/licenses/by-sa/3.0,Too Much Pressure,1787628137,Rf7v1iWc4tk
Q1546885,High Tone,group,,France,Q108107635,Mix Dry.JPG,Opti,CC BY 3.0,https://creativecommons.org/licenses/by/3.0,,,
Q154770,Arnold Schoenberg,person,1897,Austria,Q1583807|Q65937946|Q613707|Q507246,Arnold schönberg man ray.jpg,Man Ray,CC BY-SA 2.0,https://creativecommons.org/licenses/by-sa/2.0,,,
Q1547848,GMS,group,1995,Spain,Q10286190,GMS Press 2009.jpg,Wayanpalmieri,Public domain,,Riding The Cosmos,2186621017,JdrG_uUStlI
Q154792,Orlande de Lassus,person,1532,Habsburg Netherlands,Q188285|Q201405,Orlande de Lassus.jpg,author,Public domain,,,,
Q1548086,Leo Mattioli,person,1992,Argentina,Q4789437|Q5794688,,,,,Llorarás Más De Diez Veces,65413894,YNHIthCEBCk
Q154809,Perez Prado,person,1916,Cuba,Q1646666,Perez prado (cropped).jpg,Unknown author,Public domain,,,,
Q1550383,Ozric Tentacles,group,1983,England,Q236913|Q109077288,Ozric Tentacles live in Zagreb in 2004.jpg,The original uploader was ZecG at English Wikipedia.,CC BY-SA 2.5,https://creativecommons.org/licenses/by-sa/2.5,Guardstones,4140477141,fq4LD0uoSCw
Q1550716,Robert Randolph & The Family Band,group,2001,United States,Q7397320,,,,,Ain't Nothing Wrong with That,3664402,WrmLialpjG0
Q1550910,Grupo Revelação,group,1991,Brazil,Q3360459,Revelacao 2016.png,Rioma Brasil,CC BY 3.0,https://creativecommons.org/licenses/by/3.0,Deixa Alagar (Ao Vivo),506285132,YIDr6Sx0TMM
Q155141,Eric Prydz,person,2001,Sweden,Q915152,Eric Prydz at Glastonbury 2009.jpg,Haydn Curtis,CC BY 2.0,https://creativecommons.org/licenses/by/2.0,Opus,118585342,iRA82xLsb_w
Q155158,Kurt Schwitters,person,1887,Norway,Q1808721,Kurt Schwitters.JPG,Genja Jonas,Public domain,,,,
Q1552233,Tone Lōc,person,1987,United States,Q2572585,"Houston Dash 90s Bash, 2023-10-08 (53256126868) (cropped).jpg","2C2K Photography from Houston, TX, USA",CC BY 2.0,https://creativecommons.org/licenses/by/2.0,Hit the Coast,75071227,l2phbDa9FKE
Q155236,Udo Jürgens,person,1957,Switzerland,Q959583,Udo Jürgens - Der Soloabend 2010 (10).jpg,"Steindy (talk) 23:19, 12 September 2010 (UTC)",CC BY-SA 3.0,https://creativecommons.org/licenses/by-sa/3.0,Griechischer Wein,584325,D8hAhqDcVRA
Q1552700,Guan Pinghu,person,1895,Qing dynasty,Q106634987,,,,,,,
Q1552705,Guana Batz,group,1983,United Kingdom,Q13627677,,,,,,,
Q1554171,Guitar Wolf,group,1987,Japan,Q2296495,Guitar-wolf-nashville.jpg,Ryan Kaldari,CC0,http://creativecommons.org/publicdomain/zero/1.0/deed.en,Jet Generation,943336,ZHJLFtTRDH0
Q1554854,Gunshot,group,,United Kingdom,Q918095,,,,,,,
Q1555337,Gus Viseur,person,1915,Belgium,Q7770873,,,,,Le Bal Du P'tit Jardin (1961),530200211,
Q1557521,Guy Konkèt,person,1946,France,Q2915789,,,,,,,
Q15613707,Yellow Claw,group,2010,Netherlands,Q47781397,Yellow Claw 2015.jpg,swimfinfan,CC BY-SA 2.0,https://creativecommons.org/licenses/by-sa/2.0,CRUSH,2655932922,bwl6njgJ34Q
Q156139,Uli Jon Roth,person,1968,Germany,Q725011,Uli Jon Roth – Wacken Open Air 2015 02.jpg,F. Schwichtenberg,CC BY-SA 3.0,https://creativecommons.org/licenses/by-sa/3.0,Air De Aranjuez,106129594,
Q15615,Lil Wayne,person,1991,United States,Q1253172,Lil Wayne Feb. 2020.jpg,Chris Allmeid,CC BY-SA 4.0,https://creativecommons.org/licenses/by-sa/4.0,Lollipop,884266,2IH8tNQAzSs
Q1561874,Harry Von Tilzer,person,1872,United States,Q1121111,HarryVonTilzer.jpg,Harry Von Tilzer,Public domain,,,,
Q156193,Pierre Boulez,person,1945,France,Q507246|Q3391334|Q612024,Pierre Boulez (1968).jpg,Joost Evers / Anefo,CC BY-SA 3.0 nl,https://creativecommons.org/licenses/by-sa/3.0/nl/deed.en,"Pétrouchka: Tableau 1, The Shrovetide Fair",70154290,
Q15623395,Bombs Away,group,2010,Australia,Q20047305,Bombs Away 2013.jpg,Eva Rinaldi,CC BY-SA 2.0,https://creativecommons.org/licenses/by-sa/2.0,Drunk Arcade,3115649471,V2NgAWLe7x8
Q156255,Scooter,group,1993,Germany,Q733804,Scooter - 2018337213019 2018-12-03 Scooter - 25 Years Wild & Wicked - Sven - 1D X MK II - 0432 - B70I4846.jpg,Sven Mandel,CC BY-SA 4.0,https://creativecommons.org/licenses/by-sa/4.0,Nessaja,2168791207,OGv1ZaUe-wQ
Q156298,Boney M.,group,1975,West Germany,Q517415|Q1374731,"Boney M in Haarlem, 1991 - 01.jpg",Fotopersbureau De Boer,CC0,http://creativecommons.org/publicdomain/zero/1.0/deed.en,Daddy Cool,364951,FYGTT7YhywA
Q156472,Witold Lutosławski,person,1913,Poland,Q96870628,,,,,,,
Q156535,Gerry Mulligan,person,1946,United States,Q327547,Gerry Mulligan (1980s portrait by William P. Gottlieb).jpg,William P. Gottlieb,Public domain,,Stardust,3127546,djcMuSnvTG8
Q1565745,Shakti,group,1975,United Kingdom,Q6025624|Q4020968,JohnMcLaughlan-kl.jpg,Ali-Khan,CC BY-SA 3.0,https://creativecommons.org/licenses/by-sa/3.0,,,
Q1566042,Ilê Aiyê,group,1974,Brazil,Q455686,"Ilê Aiyê em Belo Horizonte, 2013.jpg","Lunna Campos from Belo Horizonte, Brasil",CC BY 2.0,https://creativecommons.org/licenses/by/2.0,Depois que o ilê passar,3879952,5JuLUfshEeM
Q1567295,Hacı Arif Bey,person,1831,Ottoman Empire,Q1518063,Hacı Ârif Bey - türkischer Komponist.jpg,Unknown author,Public domain,,,,
Q1567719,Haemorrhage,group,1990,Spain,Q1147692,Haemorrhage at Barroselas metalfest.jpg,pedroCarvalho,CC BY 2.0,https://creativecommons.org/licenses/by/2.0,Necrotic Garbage,2192015697,s1KPy-LbR9g
Q156783,Haddaway,person,1992,Trinidad and Tobago,Q216961,Haddaway Dezember 2015 in Düsseldorf.jpg,Stefan Rittershaus -Steri Sport &amp; Pressefotografie-,CC BY-SA 4.0,https://creativecommons.org/licenses/by-sa/4.0,What Is Love,3801343542,HEXWRTEbj1I
Q1568235,Hagalaz' Runedance,group,,Norway,Q1798870,,,,,The Soul of a Hound,10608511,r8xq93_gVRQ
Q156872,Slade,group,1966,United Kingdom,Q76092,Slade 18041977 01 400.jpg,Helge Øverås,CC BY 3.0,https://creativecommons.org/licenses/by/3.0,Far Far Away,4095661531,G76pMAgNZNI
Q1569035,Mantronix,group,1984,United States,Q217597|Q1325963,,,,,Got To Have Your Love,2345225285,7z_dNHwlBzM
Q1569294,Haim Moshe,person,1975,Israel,Q2738544,Haim Moshe.JPG,de:Benutzer:datafox,CC BY-SA 3.0,http://creativecommons.org/licenses/by-sa/3.0/,עיישה,78459020,Ch09DE98PlQ
Q1569811,Visage,group,1978,United Kingdom,Q597240,"Steve Strange, lead singer of English New Wave group ""Visage"".jpg",Andrewhurley1969,CC BY-SA 4.0,https://creativecommons.org/licenses/by-sa/4.0,Fade To Grey,2285082,UMPC8QJF6sI
Q157026,Dark Tranquillity,group,1989,Sweden,Q253918,Dark Tranquillity – Hamburg Metal Dayz 2014 01.jpg,Frank Schwichtenberg,CC BY-SA 3.0,https://creativecommons.org/licenses/by-sa/3.0,Atoma,135364960,C_voh9WFbsM
Q1570833,The Real McKenzies,group,1992,Canada,Q1990122,The Real McKenzies-1.jpg,Eelko Lommers / Be-A-Muze,CC BY-SA 3.0 nl,https://creativecommons.org/licenses/by-sa/3.0/nl/deed.en,Chip,3471687791,1eu0PtSdSNo
Q1571747,The Time,group,1981,United States,Q6868046|Q30632022,Morris Day & The Time 2013.jpg,Justin Higuchi,CC BY 2.0,https://creativecommons.org/licenses/by/2.0,Get It Up,1422531652,wAEtfP7W6eI
Q157201,Bathory,group,1983,Sweden,Q132438|Q213149,,,,,A Fine Day to Die,579942632,_ghJQzNDihA
Q1573029,Veil of Maya,group,2004,United States,Q30587784,VEIL OF MAYA in concert.JPG,Gunmetal Angel,CC BY-SA 3.0,https://creativecommons.org/licenses/by-sa/3.0,Red Fur,3388576251,_KEdxh2FdwI
Q15730804,Shannon,person,2011,South Korea,Q655514,(싹튜브) SAC 방송댄스과 졸업발표회 축하메세지 (샤넌).jpg,서울종합예술실용학교 공식 영상채널 싹튜브,CC BY 3.0,https://creativecommons.org/licenses/by/3.0,BOUGE,4052853541,b908TrbUBaM
Q157327,Silverchair,group,1992,Australia,Q379671,Silverchair.jpg,Jökull Auðunsson,CC BY 2.0,https://creativecommons.org/licenses/by/2.0,Ana's Song (Open Fire),858629,zNK_r2QAXAo
Q1573838,Otros Aires,group,2003,Argentina,Q362515,"Otros-Aires-in-Aram-Khachatryan-Concert-Hall-with-tango-performance-by-Arman-and-Maria,-Yerevan-2023.jpg",Aleksey Chalabyan a.k.a Xelgen,CC BY-SA 4.0,https://creativecommons.org/licenses/by-sa/4.0,Sin Rumbo,772299642,npmuZcbrhoo
Q15777045,Migos,group,2015,United States,Q2913982,Migos Veld festival 2017.jpg,The Come Up Show,CC BY 2.0,https://creativecommons.org/licenses/by/2.0,Walk It Talk It,453844292,fGqdIPer-ms
Q15784848,Axegrinder,group,,United Kingdom,Q112593597,,,,,Life Chain,1914586,RYZMwd_ODUY
Q1579192,Phil Keaggy,person,1966,United States,Q6188299,Phil Keaggy 2019 (48361192371).jpg,Curt Cosenza,CC BY-SA 2.0,https://creativecommons.org/licenses/by-sa/2.0,Symphonic Dance (A Variation On Allegretto Grazioso),134496086,
Q1580276,The Peanuts,group,1958,Japan,Q1418683,The Peanuts-crop-colorized.jpg,"Ron Kroon; Nationaal Archief, Anefo / Kroon",CC BY-SA 3.0,https://creativecommons.org/licenses/by-sa/3.0,,,
Q158078,Alfred Schnittke,person,1934,Soviet Union,Q210216,С Альфредом Шнитке (cropped).jpg,Zaripusha,CC BY-SA 4.0,https://creativecommons.org/licenses/by-sa/4.0,,,
Q15808423,Sweet Exorcist,group,1990,United Kingdom,Q106522080,,,,,Testone,29386961,ooD4plDsO60
Q1581736,Heresy,group,1985,United Kingdom,Q1995569,,,,,,,
Q158175,Kid Rock,person,1988,United States,Q877693,"Kid Rock, December 2007.jpg","Cpl. William Howard, Combat Aviation Brigade, 1st Infantry Division",Public domain,,All Summer Long,4087608,aSkFygPCTwE
Q1582170,Los Hermanos Rosario,group,1978,Dominican Republic,Q282131,,,,,La Dueña del Swing,1857103157,QCcBiAwp9nc
Q158223,Too Short,person,1983,United States,Q429264|Q17995961,Tooshort (300dpi).jpg,Seher Sikandar for rehes creative,CC BY-SA 3.0,https://creativecommons.org/licenses/by-sa/3.0,Blow the Whistle,15053341,CBJtzEKetBM
Q158304,Haggard,group,1989,Germany,Q486415,Haggard at Global East Rock Festival 2010 (cropped).jpg,Fevermind,Public domain,,Herr Mannelig,97064476,U_DTDQnhW-8
Q15835576,Monuments,group,2007,United Kingdom,Q2532560|Q30587784,Monuments 2016231125439 2016-08-18 Summer Breeze - Sven - 5DS R - 0022 - 5DSR7793 mod.jpg,Sven Mandel,CC BY-SA 4.0,https://creativecommons.org/licenses/by-sa/4.0,Makeshift Harmony,1621027552,cceNE-RlRS0
Q158442,Black Sun Empire,group,1993,Netherlands,Q967654,13-03-29 Paaspop BSE 01.jpg,Achim Raschka (talk),CC BY-SA 4.0,https://creativecommons.org/licenses/by-sa/4.0,Feed the Machine,553712442,-rULmvm48_o
Q158462,Lynyrd Skynyrd,group,1964,United States,Q852767,Hellfest2019LynyrdSkynyrd 07.jpg,Selbymay,CC BY-SA 4.0,https://creativecommons.org/licenses/by-sa/4.0,Sweet Home Alabama,24949681,-p8GXZcdrIk
Q1585609,Harmonia do Samba,group,1993,Brazil,Q25448883,00 harmoniadosamba bsb1.jpg,Olimor,CC BY-SA 3.0,https://creativecommons.org/licenses/by-sa/3.0,Desafio,14926921,aMrqiZu1cFo
Q1585918,Harold Melvin & the Blue Notes,group,1954,United States,Q1546028,,,,,Don't Leave Me This Way,16232223,MnIkcB8GObo
Q1586034,Harpers Bizarre,group,1963,United States,Q2461933,Harpers Bizarre.png,CMA / Warner Bros. / Seven Arts Records,Public domain,,Witchi Tai To,761794,
Q15862,Queen,group,1970,United Kingdom,Q11399|Q379033|Q56351111,Queen A Night At The Opera (1975 Elektra publicity photo 02).jpg,Koh Hasebe; Distributed by Elektra Records,Public domain,,Bohemian Rhapsody,4091937401,fJ9rUzIMcZQ
Q1586825,Harry T. Burleigh,person,1866,United States,Q139566448,Maud Cuney Hare-Harry T Burleigh 328.jpg,"Maud Cuney-Hare, 1874-1936",Public domain,,,,
Q158753,Juan Luis Guerra,person,1984,Dominican Republic,Q282131|Q40461,Juan Luis Guerra 2012.jpg,Acancino,CC BY-SA 3.0,https://creativecommons.org/licenses/by-sa/3.0,Burbujas de Amor,1857061907,sruVq3ZrmPc
Q158895,Helloween,group,1984,Germany,Q57143,Helloween Rockharz 2026 35.jpg,S. Bollmann@S._Bollmann,Attribution,,I Want Out,3803078882,FjV8SHjHvHk
Q158899,Carl Loewe,person,1796,Kingdom of Prussia,Q216860,Carl Loewe.jpg,Unknown author,Public domain,,,,
Q1590013,Toro y Moi,person,2008,United States,Q2626684,Toro y moi.jpg,"Carlos Solares from Mexico City, Mexico",CC BY-SA 2.0,https://creativecommons.org/licenses/by-sa/2.0,Millennium,1600447722,w9eROFavzdI
Q159098,Reverend Gary Davis,person,1896,United States,Q1109497|Q65936357,Reverend Gary Davis1960s LOC.jpg,"American Folklife Center, Library of Congress",Public domain,,Death Don't Have No Mercy,4122135,AiQfhwWcDkk
Q15920,Metallica,group,1981,United States,Q12326776|Q483352,"Metallica Live at The O2, London, England, 22 October 2017.jpg",Kreepin Deth,CC BY-SA 4.0,https://creativecommons.org/licenses/by-sa/4.0,Enter Sandman,136408134,CD-E-LDc384
Q159233,SASH!,group,1995,Germany,Q890887,2015333014000 2015-11-28 Sunshine Live - Die 90er Live on Stage - Sven - 1D X - 1358 - DV3P8783 mod.jpg,Sven Mandel,CC BY-SA 3.0,https://creativecommons.org/licenses/by-sa/3.0,Ecuador,133204794,9cQlVww0zKo
Q15929398,PartyNextDoor,person,2006,Canada,Q119889474,PartyNextDoor 2016 press photo.png,Warner Bros. Records,CC BY-SA 4.0,https://creativecommons.org/licenses/by-sa/4.0,TBH,2349425935,NTGo7H6OcMI
Q15929781,Jhené Aiko,person,2002,United States,Q7118426,Jhené Aiko (cropped).jpg,The Come Up Show from Canada,CC BY 2.0,https://creativecommons.org/licenses/by/2.0,Stay Ready (What A Life),72089437,QbskDhzKWk8
Q15935,Kanye West,person,1996,United States,Q1074569,Kanye West at the 2009 Tribeca Film Festival (crop 2).jpg,David Shankbone,Public domain,,Flashing Lights,630827302,ila-hAUXR5U
Q159351,Run-DMC,group,1981,United States,Q877693|Q11401|Q876171,Run DMC (cropped).png,Jeff Pinilla,CC BY 3.0,https://creativecommons.org/licenses/by/3.0,Walk This Way,994702,4B_UYYPb-Gk
Q15941115,Mustard,person,2009,United States,Q109941986,DJ Mustard 2019 by Glenn Francis (cropped).jpg,Toglenn,CC BY-SA 4.0,https://creativecommons.org/licenses/by-sa/4.0,Pure Water,703231522,9hJ8lLNWrM4
Q15943533,Max Nijman,person,1957,Suriname,Q610022,,,,,Katibo,448426252,o1loPZ3JYLU
Q1597249,Luiz Caldas,person,1963,Brazil,Q1435485,Luizcaldastvbrasil.jpg,"Mídia promocional do programa Samba na Gamboa (TV Brasil), remix de Praxides",CC BY 3.0 br,https://creativecommons.org/licenses/by/3.0/br/deed.en,Selva Branca,1635204442,Wy-vZ7CxHxA
Q15982936,Mekaal Hasan Band,group,1999,,Q13060093,MHB 2015.jpg,Waqasalmas,CC BY-SA 4.0,https://creativecommons.org/licenses/by-sa/4.0,,,
Q159933,Dimitrie Cantemir,person,1674,Principality of Moldavia,Q1518063,Dimitrie Cantemir - Foto01.jpg,Unidentified engraver,Public domain,,,,
Q160103,Travis,group,1990,United Kingdom,Q3231749,"Travis en la Riviera, Madrid, 2007 (cropped).jpg",Malopez 21,CC BY-SA 4.0,https://creativecommons.org/licenses/by-sa/4.0,Sing,657204992,eYO1-gGWJyo
Q16011,Spandau Ballet,group,1979,United Kingdom,Q597240,"Spandau Ballet ""True"" (1983 Chrysalis publicity photo).jpg",Distributed by Chrysalis Records (U.S.),Public domain,,True,3130319,AR8D2yqgQ1U
Q160111,Carpathian Forest,group,1990,Norway,Q108297198,Capathian Forest Party.San Metal Open Air 2018 30.jpg,S. Bollmann,Attribution,,A Forest,1967435,gPXKfFqbArw
Q160119,Darkthrone,group,1986,Norway,Q132438|Q108297198,Darkthrone crop.png,Dan A. Nachtnebel (flickr profile),CC BY 2.0,https://creativecommons.org/licenses/by/2.0,They Found One Of My Graves,3875873171,yLlDAdenF7o
Q16013757,Peta Teanet,person,1966,South Africa,Q108667604,,,,,Matswele,70407651,GWrW3895d5c
Q16015304,Napoleon Strickland,person,1919,United States,Q5447390,,,,,,,
Q16019173,Shiyani Ngcobo,person,1989,South Africa,Q6783396,,,,,,,
Q160451,Luigi Nono,person,1924,Italy,Q507246|Q3391334,Luigi Nono (1979).jpg,Fernando Pereira / Anefo,CC BY-SA 3.0 nl,https://creativecommons.org/licenses/by-sa/3.0/nl/deed.en,,,
Q1605508,The Blood Brothers,group,1997,United States,Q106594784,Blood Brothers 1live.jpg,"English Wikipedia, Image:Blood_Brothers_1live.jpg",CC BY-SA 3.0,http://creativecommons.org/licenses/by-sa/3.0/,Love Rhymes With Hideous Car Wreck,378301571,6f9xOHXHT2Q
Q16056085,Todd Terje,person,1999,Norway,Q4045538,,,,,Inspector Norse,1855675487,md2fPTglLSI
Q16090207,Byun Jin-sub,person,1987,South Korea,Q55648025,Byun Jin-sub May 2017.png,K-POPIT 케이팝잇,CC BY 3.0,https://creativecommons.org/licenses/by/3.0,,,
Q16090860,Lee Moon-sae,person,1978,South Korea,Q55648025,Lee Moon-se from acrofan.jpg,acrofan.com,CC BY-SA 3.0,https://creativecommons.org/licenses/by-sa/3.0,,,
Q1609632,Hercules & Love Affair,group,2004,United States,Q4045538,EXIT 2012 Hercules & Love Affair.jpg,"Jovan Đokić, EXIT Photo Team",CC BY-SA 3.0,https://creativecommons.org/licenses/by-sa/3.0,,,
Q16114625,Klapa Cambi,group,1986,,Q1428470,,,,,Za Tebe Učinija Bi Sve,723134622,
Q16140485,Angkanang Kunchai,person,1956,Thailand,Q1753803,,,,,Kid Hod Chu,1672699957,LF-bYkgmn6Y
Q16142152,Almir Sater,person,1981,Brazil,Q106594814|Q10331354,Almir Sater.jpg,Cesarpedia,CC0,http://creativecommons.org/publicdomain/zero/1.0/deed.en,Tocando Em Frente (Ao Vivo),17000715,CugYXgJ2SFI
Q16149863,Arca,person,2005,Venezuela,Q96376113|Q105763581,Arca Sonar 1.jpg,Verónica Estrada,CC BY-SA 3.0,https://creativecommons.org/licenses/by-sa/3.0,KLK,948075302,NS4RDw65qqk
Q1615382,The Blackwood Brothers,group,1934,United States,Q2022163,The Blackwood Brothers.png,RCA Victor,Public domain,,I'll Fly Away,1656568242,sqNtxIDBhjM
Q161725,Nokturnal Mortum,group,1994,Ukraine,Q12882577,Nokturnal Mortum.jpg,Dezidor,CC BY 3.0,https://creativecommons.org/licenses/by/3.0,,,
Q16176303,Blackmill,person,2010,United Kingdom,Q2963621,,,,,Let It Be,22945401,sDI6HTR9arA
Q161805,Champion Jack Dupree,person,1910,United States,Q2603965|Q516568,Champion-jack-dupree-img98- small.jpg,myself,CC BY 3.0,https://creativecommons.org/licenses/by/3.0,,,
Q16186057,Oscar Matus,person,1927,Argentina,Q9051102,,,,,,,
Q1619432,Banco del Mutuo Soccorso,group,1969,Italy,Q106621063,Francesco Di Giacomo.jpg,roberto scorta,CC BY 2.0,https://creativecommons.org/licenses/by/2.0,Metamorfosi,1016949,IDcUm3NRE9s
Q16199202,José Fajardo,person,1919,Cuba,Q16986699|Q107195014,,,,,No te quedes con las ganas (Son Montuno),484374342,KuX9KnnN6gg
Q16199628,Boldy James,person,2009,United States,Q109303336,Boldy James.jpg,SUPPARAY,CC BY 3.0,https://creativecommons.org/licenses/by/3.0,Great Adventures,1589685722,Mqgm5SOu9wA
Q16199899,Wookie,person,1991,United Kingdom,Q1165777|Q1751409,,,,,,,
Q16203447,Holly Herndon,person,2009,United States,Q105763581,Holly Herndon (cropped).jpg,matdryhurst,CC BY-SA 2.0,https://creativecommons.org/licenses/by-sa/2.0,Frontier,670647882,rvNqNgHAEys
Q16207033,Doc Scott,person,1969,United Kingdom,Q11693017,,,,,4 Da Cause,2373251175,
Q16210722,SZA,person,2011,United States,Q7118426,KendrickSZASPurs230725-19 - 54683179509 (cropped) (cropped).jpg,Raph_PH,CC BY 4.0,https://creativecommons.org/licenses/by/4.0,Snooze,2055292087,LDY_XyxBu8A
Q16212084,Joel Fletcher,person,2010,Australia,Q20047305,,,,,The Den,3601116282,02zcpAyHGY4
Q16215736,Black Coffee,person,1994,South Africa,Q388100,Black Coffee perfoming at Hï Ibiza in June 2018.jpg,DeepBluuue,CC0,http://creativecommons.org/publicdomain/zero/1.0/deed.en,Keep Moving,132679052,w6r6bwhDC54
Q16218886,William Tyler,person,1998,United States,Q113447222,WilliamTyler.jpg,deargdoom57,CC BY 2.0,https://creativecommons.org/licenses/by/2.0,Arrival,3552044621,
Q16221677,Kamasi Washington,person,2000,United States,Q5928480|Q98528204,Kamasi Washington (ZMF 2019) IMGP8386.jpg,Ice Boy Tell,CC BY-SA 4.0,https://creativecommons.org/licenses/by-sa/4.0,The Garden Path,2746842531,Xzrkerz1SW8
Q162247,Therion,group,1987,Sweden,Q486415,Therion in Paris 2007 - full lineup.jpg,cgo2,CC BY 2.0,https://creativecommons.org/licenses/by/2.0,O Fortuna,836867292,Hem0JeHtCjA
Q16231940,Robin Schulz,person,2007,Germany,Q18342587,Robin Schulz (Veld 2017).jpg,The Come Up Show,CC BY 2.0,https://creativecommons.org/licenses/by/2.0,Sugar,107471416,bvC_0foemLY
Q16233663,Wizkid,person,2001,Nigeria,Q25099840,"Wizkid at Iyanya's album launch concert, 2013 (cropped).jpg",TCD PHOTOGRAPHY/The TCD Concept Ltd,CC BY-SA 3.0,https://creativecommons.org/licenses/by-sa/3.0,Joro,705337482,FCUk7rIBBAE
Q16234136,RL Grime,person,2011,United States,Q47781397,Spring Awakening Music Festival 6 16 2013 (9155046113) (cropped).jpg,swimfinfan from Chicago,CC BY-SA 2.0,https://creativecommons.org/licenses/by-sa/2.0,come aliv3,3088569911,zQEbq2Lxm14
Q16234484,Davido,person,2011,Nigeria,Q25099840,Davido 2024 (cropped).jpg,OLAMIPOSI DANIEL,CC BY-SA 4.0,https://creativecommons.org/licenses/by-sa/4.0,UNAVAILABLE,2182407327,OSBan_sH_b8
Q16235124,Vektroid,person,2005,United States,Q15733887,,,,,VISIONSTATE LOGISTICS 1 partial recovery,2624781022,DxxbIoPPU3c
Q16236029,Lil Bibby,person,2011,United States,Q115691081,Lil Bibby.jpg,The Come Up Show,CC BY 2.0,https://creativecommons.org/licenses/by/2.0,You Ain't Gang,128588187,JMmGojsa_SU
Q16241410,DJ Class,person,1991,United States,Q4852979,DJ Class.jpg,Danielwoodisjr,CC BY-SA 3.0,https://creativecommons.org/licenses/by-sa/3.0,I'm The Ish,2947107,1kbwFhD597Q
Q16247049,Billy Woods,person,2002,United States,Q109303336,,,,,No Hard Feelings,2934868341,zwzIaa6xrNg
Q16257941,Aniceto Molina,person,1939,United States,Q723418|Q115625176,,,,,,,
Q162586,Dream Theater,group,1985,United States,Q484344,Dream theater live in Parigi 2005.jpg,Franganghi,Public domain,,Pull Me Under,2814112,mipc-JxrhRk
Q162634,E-40,person,1986,United States,Q17995961|Q2043175,E-40.jpg,Gamerscore Blog from USA,CC BY-SA 2.0,https://creativecommons.org/licenses/by-sa/2.0,U and Dat,679426,m-fL-vdcBWo
Q162667,Glen Campbell,person,1936,United States,Q2280497|Q106561868,Campbell1.jpg,LawrieM at English Wikipedia Later versions were uploaded by Timseid1 at en.wikipedia.,Public domain,,Southern Nights,3476171,jYTfV5o2ZMY
Q1627365,Hooded Menace,group,2007,Finland,Q2089511,Hooded Menace @ Eindhoven Metal Meeting 2015 166.jpg,Grywnn,CC BY-SA 4.0,https://creativecommons.org/licenses/by-sa/4.0,Pale Masquerade,3454297931,KcIBvJoXPE0
Q1627373,Hoods,group,1994,United States,Q5724040,,,,,,,
Q1627479,Washed Out,person,2009,United States,Q2626684,Washed Out.jpg,"georgia from brooklyn, usa",CC BY 2.0,https://creativecommons.org/licenses/by/2.0,Feel It All Around,641606502,X-ebZt_plw0
Q1627650,Reverend Bizarre,group,1995,Finland,Q108979517,Reverend Bizarre.jpg,David Tyler,CC BY 2.0,https://creativecommons.org/licenses/by/2.0,The Devil Rides Out,2131821517,-Vt-Z0u2Tug
Q1628382,Lionrock,group,1991,United Kingdom,Q858579,,,,,Rude Boy Rock,15774669,5dF0RldDSn0
Q1628891,Alex Reece,person,1992,United Kingdom,Q9011351,,,,,Pulp Fiction,4209142812,oGG3_CJ60u8
Q1629031,Horslips,group,1970,Ireland,Q2662148,Blacksheep festival 2014 rs FR 1720.JPG,Rs-foto,CC BY-SA 4.0,https://creativecommons.org/licenses/by-sa/4.0,Dearg Doom,62226602,RFP0ymJbbI0
Q1629681,John's Children,group,1966,England,Q2607836,,,,,Midsummer Night's Scene,79093530,Zn5yzaFUimc
Q16302216,Antonio Ríos,person,1995,Argentina,Q4789437,Antonio Ríos.jpg,Gonce,CC BY 3.0,https://creativecommons.org/licenses/by/3.0,Nunca me Faltes,65439090,Ra8gt_k-zUk
Q1631,Édith Piaf,person,1935,France,Q1062400|Q2956171,Piaf Harcourt 1946 2.jpg,Studio Harcourt,Public domain,,La Foule,3129949,iMi-Va_DDVc
Q1631159,New Boyz,group,2008,United States,Q135239105,New boyz.jpg,Christian San Jose,CC BY 2.0,https://creativecommons.org/licenses/by/2.0,FM$,17827287,oL2wQ8q3pvo
Q1631685,Warrant,group,1984,United States,Q3908370,,,,,Cherry Pie,594917,OjyZKfdwlng
Q16319658,Blasterjaxx,group,2010,Netherlands,Q15300817,Blasterjaxx at Spring Awakening.jpg,swimfinfan,CC BY-SA 2.0,https://creativecommons.org/licenses/by-sa/2.0,Désenchantée 3000,3925239971,GKRtsssnpak
Q16325425,Will Sparks,person,2012,Australia,Q20047305,Will Sparks @ Airbeat One 2018.jpg,Q1q2q3qwertz,CC BY-SA 4.0,https://creativecommons.org/licenses/by-sa/4.0,Ah Yeah So What,2405945225,P-aTU6X5yW8
Q16336862,Bebeto,person,1947,Brazil,Q834959,Bebeto tvbrasil.png,Mídia promocional do programa Musicograma,CC BY 3.0 br,https://creativecommons.org/licenses/by/3.0/br/deed.en,,,
Q16337363,Dona Onete,person,1939,Brazil,Q1036183,Brasiladentro donaonete.jpg,"Mídia promocional do programa Brasil Adentro (TV Brasil), remix por Praxides.",CC BY 3.0 br,https://creativecommons.org/licenses/by/3.0/br/deed.en,,,
Q16337935,MC Gui,person,1998,Brazil,Q15893013,MC Gui 2016-02-27.jpg,"Pablo Diego from Pará de Minas, MG, Brazil",CC BY-SA 2.0,https://creativecommons.org/licenses/by-sa/2.0,Sonhar,78933872,ccPaO2-2pQI
Q16337937,Mc Lon,person,2009,Brazil,Q15893013,,,,,Mundo M,99187696,YigzUlc2DNg
Q16337938,Ludmilla,person,2012,Brazil,Q117745223|Q1931130,Ludmilla at Rock in Rio in September 2022 (1).png,Humor Multishow,CC BY 3.0,https://creativecommons.org/licenses/by/3.0,Insônia (Ao Vivo),1870125867,bUKQbqwH8KE
Q1634063,The Chills,group,1980,New Zealand,Q267287,Martin Phillipps IMG 4449.jpg,No machine-readable author provided. Avicennasis assumed (based on copyright claims).,Public domain,,,,
Q163593,Lynn Anderson,person,1947,United States,Q106561868,2010 Lynn Anderson Concert.jpg,Mikiesmonkey,CC BY 4.0,https://creativecommons.org/licenses/by/4.0,Rose Garden,531859,KXHsWBKKNbI
Q163597,Horse the Band,group,1999,United States,Q2035976,Horse the Band Photo.jpg,Sarah Hamilton,FAL,http://artlibre.org/licence/lal/en,Cutsman,11317757,mSnj63ipuzo
Q1638101,Prong,group,1986,United States,Q241662,Prong - Wacken Open Air 2017 05.jpg,Frank Schwichtenberg,CC BY-SA 4.0,https://creativecommons.org/licenses/by-sa/4.0,Fear The Sun,4131059101,0T5Wd6od0Z8
Q16390683,Courtney Barnett,person,2009,Australia,Q108123046,Courtney Barnett at Rough Trade.jpg,Paul Hudson,CC BY 2.0,https://creativecommons.org/licenses/by/2.0,One Thing At A Time,3918054761,rPgaP3SJZKU
Q163989,Arch Enemy,group,1996,Sweden,Q253918,Arch Enemy - Elbriot 2018 05.jpg,Frank Schwichtenberg,CC BY-SA 4.0,https://creativecommons.org/licenses/by-sa/4.0,Nemesis,108545798,n9AcG0glVu4
Q1640550,Vreid,group,2004,Norway,Q108297198,Vreid 2026 01.jpg,Birgit Fostervold,CC BY-SA 4.0,https://creativecommons.org/licenses/by-sa/4.0,Echoes of Life,3642717952,
Q164060,Brandi Carlile,person,2004,United States,Q2407862,Brandi Carlile 2023 (cropped).jpg,Library of Congress Life,CC0,http://creativecommons.org/publicdomain/zero/1.0/deed.en,Life On The Run,4022864071,13foRUxhss0
Q1641056,Krishna Das,person,1994,Dominion of India,Q947155,Krishna Das.jpg,Ken Wieland,CC BY-SA 2.0,https://creativecommons.org/licenses/by-sa/2.0,Baba Hanuman,94046360,sDW8cPiBe3U
Q164201,Guaco,group,1968,Venezuela,Q535328,,,,,Baja,1225631032,elrjzVLmJw8
Q164446,Skepta,person,2000,Nigeria,Q1166726,Skepta 2 F.I.B. 2016.jpg,Batiste Safont,CC BY-SA 4.0,https://creativecommons.org/licenses/by-sa/4.0,That's Not Me,134774926,_xQKWnvtg6c
Q164475,Arcangelo Corelli,person,1672,Papal States,Q8361|Q131269|Q210216,"Arcangelo Corelli, portrait by Hugh Howard (1697) - 2.jpg",Hugh Howard (1675-1737),Public domain,,,,
Q164718,Kroda,group,2003,Ukraine,Q12882577,,,,,,,
Q164721,Reinhard Mey,person,1965,Germany,Q98528299,Reinhard-Mey-Jahrhunderthalle-Frankfurt-02.jpg,Sven-Sebastian Sajak,CC BY-SA 4.0,https://creativecommons.org/licenses/by-sa/4.0,Wunderarzenei,4293664552,
Q1647843,Sindo Garay,person,1867,Cuba,Q2420447|Q15830404,Sindo.jpg,self-scanned; photographer unknown,Public domain,,La Tarde,853593712,DSlc6WC3lPE
Q1648306,Frank Reyes,person,1991,Dominican Republic,Q40461,,,,,Tu Eres Ajena (Bachata),10963449,NiN20X7lEzc
Q16490677,Aniceto do Império,person,1912,Brazil,Q1420722,,,,,,,
Q16491523,Corazón Serrano,group,1993,Peru,Q131334621,Presentación de Corazón Serrano para XV CONECCOF.png,XV CONECCOF UNASAM,CC BY 3.0,https://creativecommons.org/licenses/by/3.0,Te Vas Y No Volverás (En Vivo),3252336341,
Q16492076,António Menano,person,1895,Portugal,Q5141514,António Menano.png,Unknown author,Public domain,,,,
Q16493034,Falta y Resto,group,1980,,Q6032965,Instrucciones Año XIII - Murga Falta y Resto (13146966425).jpg,Bicentenario Uruguay,CC BY-SA 2.0,https://creativecommons.org/licenses/by-sa/2.0,,,
Q16495229,Alash Ensemble,group,1999,,Q110606359,Alash-2013-Nov5-Boston.jpg,Johanna Kovitz,CC BY-SA 3.0,https://creativecommons.org/licenses/by-sa/3.0,Karachal,74880862,eNMmBeoMxSI
Q1649624,The Promise Ring,group,1995,United States,Q3724735|Q39052425,DaveyVonBohlen.jpg,JASON ANFINSEN,CC BY-SA 2.0,https://creativecommons.org/licenses/by-sa/2.0,,,
Q16502244,Bossa Três,group,,Brazil,Q13634037,,,,,,,
Q165138,Groove Coverage,group,2001,Germany,Q733804,Groove Coverage.jpg,jiazi,CC BY-SA 2.0,https://creativecommons.org/licenses/by-sa/2.0,God Is a Girl,820882212,rp53irFjzYg
Q1651693,Original Naabtal Duo,group,,,Q2532274,,,,,Patrona Bavariae,3318525,xdbPdGqjZGM
Q1652399,Kilburn and the High Roads,group,1970,United Kingdom,Q1431327,,,,,,,
Q1653946,Neşet Ertaş,person,1954,Turkey,Q1810546,Neşet Ertaş - panoramio.jpg,Tevfik Teker,CC BY 3.0,https://creativecommons.org/licenses/by/3.0,Yolcu,1794795017,SF1pofGUc5Y
Q1656463,Icon of Coil,group,1997,Norway,Q828243,Icon-of-coil.jpg,MarkMarek Mark Marek Copyright: Mark Marek ©2007 URL: Alberta Stars Icon Of Coil Gallery,CC BY-SA 3.0,http://creativecommons.org/licenses/by-sa/3.0/,Dead Enough For Life,34988971,xyo7Sv9XSaA
Q165714,Live,group,1988,United States,Q379671,Live Chili Cookoff 2008.jpg,Gitman00 at en.wikipedia,Public domain,,The Dolphin's Cry,2510413,ovr1uC-K1Gc
Q1658371,The Cowsills,group,1965,United States,Q997481,TheCowsills.jpg,Louise Palanker,CC BY 3.0,https://creativecommons.org/licenses/by/3.0,Indian Lake,126870249,LS0z-UuP6JY
Q165846,Operation Ivy,group,1987,United States,Q460674|Q2657409|Q3990466,Opivy2.jpg,Acid maniac at English Wikipedia,Public domain,,Sound System,378300041,svGbgxbpsjs
Q165911,Usher,person,1993,United States,Q850412,Usher Milan 2026.jpg,US Embassy Italy,Public domain,,Yeah!,13783449,GxBSyx85Kp8
Q1661305,Jodeci,group,1989,United States,Q2256407,,,,,Freek'n You,2523761,DM593QXk8lA
Q166197,Luke Bryan,person,2006,United States,Q16954055|Q65937954,Luke Bryan (cropped).jpg,Joe Bielawa,CC BY 2.0,https://creativecommons.org/licenses/by/2.0,Country And She Knows It,3911920921,zHlzvcv3oyk
Q1662265,Infamous Stringdusters,group,2007,United States,Q107982599,The Infamous Stringdusters with Instruments.jpg,The Artist Farm,CC BY-SA 3.0,https://creativecommons.org/licenses/by-sa/3.0,You Can't Handle The Truth,3248551,SnIsp06cgPE
Q1662335,Infectious Grooves,group,1989,United States,Q667659,Mike Muir.jpg,en:User:ST-Math!eu,CC BY-SA 3.0,https://creativecommons.org/licenses/by-sa/3.0,,,
Q1663028,Magic System,group,1996,Ivory Coast,Q227036,Magic System 1.jpg,Aristidek5maya,CC BY-SA 4.0,https://creativecommons.org/licenses/by-sa/4.0,Magic in the Air,77698470,BAkqJT_sMKQ
Q1666,Jacques Brel,person,1953,Belgium,Q2956176|Q1062400,Jacques Brel (1962).jpg,Jack de Nijs for Anefo,CC BY-SA 3.0,https://creativecommons.org/licenses/by-sa/3.0,Vesoul,2266776,tVKWiseNGUU
Q16661959,Maceo Plex,person,1993,United States,Q110185782,2015-07-19 6886 Maceo Plex (Sea You).jpg,Robin Krahl,CC BY-SA 4.0,https://creativecommons.org/licenses/by-sa/4.0,Insomnia 2021,1384283342,CDcwarBvvcw
Q1666276,Internal Bleeding,group,1991,United States,Q2265866|Q6130346,,,,,Anointed in Servitude,1502157,F2PHvanaMqs
Q16666774,Norma Loy,group,,France,Q2343562,,,,,,,
Q16667903,Oliver Heldens,person,2013,Kingdom of the Netherlands,Q20021059,Airbeat One 2015 Oliver Heldens by Denis Apel-1666.jpg,Denis Apel,CC BY-SA 4.0,https://creativecommons.org/licenses/by-sa/4.0,Mozart's Final Rave (Lacrimosa),2761481841,JwrXc8ghhT8
Q1668351,So Solid Crew,group,1998,United Kingdom,Q1165777,,,,,21 Seconds,657188952,g7VhofoV3qs
Q1668512,Lush,group,1988,United Kingdom,Q272167,Lush in my backyard.jpg,Herzco at English Wikipedia,CC BY-SA 3.0,http://creativecommons.org/licenses/by-sa/3.0/,Desire Lines,951158,1ccElDZUTpQ
Q1670319,Ron Trent,person,1986,United States,Q874038,,,,,Altered States,12517146,X0CgkC1PVbw
Q1670579,MFSB,group,1971,United States,Q1546028,,,,,T.S.O.P. (The Sound of Philadelphia),13232091,LS2PQs_IRNk
Q1672362,Irakere,group,1973,Cuba,Q837389|Q3163340,,,,,Dile a Catalina (Remasterizado),444737162,
Q16724355,DJ Rashad,person,1998,United States,Q24885387|Q5466607,DJ Rashad 2013.jpg,Timothy Misir,CC BY 2.0,https://creativecommons.org/licenses/by/2.0,Freakin Me On The Flo,2373247595,AAH4-aYIi6w
Q16730475,DJ Jubilee,person,1991,United States,Q4949812,,,,,,,
Q16732408,Mdou Moctar,person,2008,Niger,Q7800608,Mdou Moctar (15609545012).jpg,"Rafael Ojea Perez from Vigo, Galicia, España",CC BY-SA 2.0,https://creativecommons.org/licenses/by-sa/2.0,Takoba,2746842601,fp449jBMTIE
Q16733139,Toshimaru Nakamura,person,1966,Japan,Q3587612|Q2484587|Q7306376,Toshimaru Nakamura.jpg,Yibo Hu,CC BY-SA 2.0,https://creativecommons.org/licenses/by-sa/2.0,Nimb#59,2333152415,xOGMpNS6CYc
Q16733502,Nozinja,person,2004,South Africa,Q17146868,Noz camera.jpg,Nozinja,CC BY-SA 3.0,https://creativecommons.org/licenses/by-sa/3.0,Xihukwani,98080202,rk87TzGGIfc
Q16733999,Hot Since 82,person,2011,United Kingdom,Q598593,,,,,In The Air,3828891331,E6awGv9KTwE
Q16736403,Sturgill Simpson,person,2004,United States,Q136206036,Sturgill Simpson photo 2016 (cropped).jpg,Atlantic Records,CC BY-SA 4.0,https://creativecommons.org/licenses/by-sa/4.0,Breakers Roar,122387860,sg209CadVQM
Q16740568,Parquet Courts,group,2010,United States,Q108123046,Parquet Courts at ULU.jpg,Paul Hudson from United Kingdom,CC BY 2.0,https://creativecommons.org/licenses/by/2.0,Sympathy for Life,1508757782,-gfifGVFoO8
Q167546,Lucio Dalla,person,1966,Italy,Q108297209,Lucio Dalla 1.JPG,Lucarelli,CC BY-SA 3.0,https://creativecommons.org/licenses/by-sa/3.0,Cosa sarà,1132347,rICKI4Ss0wQ
Q167635,"Tyler, the Creator",person,2007,United States,Q438503,"Tyler, The Creator (8048745695) (cropped).jpg","Incase from California, USA",CC BY 2.0,https://creativecommons.org/licenses/by/2.0,See You Again,384157591,TGgcC5xg9YI
Q16766,Andy Lau,person,1981,British Hong Kong,Q853873,"Andy Lau 刘德华, Beijing International Film Festival 北京电影节, 2013 (cropped).jpg",mR.Hom,CC BY 2.5,https://creativecommons.org/licenses/by/2.5,Wu,79963892,93_Ann_616A
Q1677067,Jack Ingram,person,1992,United States,Q14493900,Jack Ingram (14248722558) (cropped).jpg,Republic Country Club,CC BY 2.0,https://creativecommons.org/licenses/by/2.0,In His Arms,1358992582,LUrukGC8TQA
Q1677192,Jack Rose,person,1993,United States,Q466445,Jack Rose.jpg,Simon Fernandez,CC BY 2.0,https://creativecommons.org/licenses/by/2.0,,,
Q16781,Jacky Cheung,person,1984,British Hong Kong,Q1192110|Q853873,張學友 Jacky Cheung 2024.jpg,am730,CC BY-SA 4.0,https://creativecommons.org/licenses/by-sa/4.0,吻別,2540194,H_RXZDk7mck
Q167837,Domenico Scarlatti,person,1685,Kingdom of Naples,Q131269,Retrato de Domenico Scarlatti.jpg,Domingo Antonio Velasco,Public domain,,,,
Q1678866,Fisherman's Friends,group,1995,United Kingdom,Q1195253,Fishermens friends.JPG,Theroadislong,CC BY-SA 4.0,https://creativecommons.org/licenses/by-sa/4.0,Cornwall My Home,1863877997,FNCcSJiZR1I
Q1679412,SWV,group,1990,United States,Q2256407,Hi-Res NAACP DSC09523ACR (15317108755) (1).jpg,naacpphotos,CC BY 2.0,https://creativecommons.org/licenses/by/2.0,Use Your Heart (Interlude),1046770,aAgAHOuJR4o
Q168015,Klaus Schulze,person,1969,Germany,Q79784514|Q530750,Klaus Schulze portrait.jpg,W.carter,CC BY-SA 4.0,https://creativecommons.org/licenses/by-sa/4.0,Seth - Pt. 3,1695608617,mAHUAWzVH8A
Q168031,The Future Sound of London,group,1988,United Kingdom,Q2465085,11apr 261 GarryCobain.jpg,Oleksiyko,Public domain,,We Have Explosive,3468082,bUC4K3DsXug
Q1682401,Jan and Dean,group,1958,United States,Q220830|Q112939200|Q16011695,"Jan and Dean performing at Orange County Fair, 1985.jpg",Author unknown; Photo courtesy Orange County Archives,No restrictions,https://www.flickr.com/commons/usage/,Surf City (Rerecorded),5903679,VPEL5Ckc3RM
Q168290,Unsane,group,1988,United States,Q181861,Unsane 2005 red.jpg,B. Tobin,CC BY 3.0,https://creativecommons.org/licenses/by/3.0,,,
Q1683782,The Georgia Satellites,group,1980,United States,Q1929352,,,,,,,
Q16840946,Al Hurricane,person,1962,United States,Q18217098,Al Hurricane.jpg,Mario J. Lucero,CC BY-SA 3.0,https://creativecommons.org/licenses/by-sa/3.0,Puño De Tierra,92889360,bv1abFnL2Xo
Q1684462,The Jazz Composer's Orchestra,group,1965,United States,Q98528203,,,,,,,
Q16844889,Joseph Capriati,person,2006,Italy,Q111182811,Pic JC-Joseph Capriati.jpg,Redimension Music Label,CC BY 4.0,https://creativecommons.org/licenses/by/4.0,Control,4245814511,C5qkYxp82lc
Q16845512,Kygo,person,2009,Norway,Q18342587,Kygo (28481718120) (2) (cropped).jpg,The Come Up Show from Canada,CC BY 2.0,https://creativecommons.org/licenses/by/2.0,Stole the Show,96818170,BgfcToAjfdc
Q1685123,The Trammps,group,1972,United States,Q58339,The trammps-1554472728.jpg,Rob Gosenson,CC BY-SA 4.0,https://creativecommons.org/licenses/by-sa/4.0,Disco Inferno,721611,u5lSeYd_riw
Q16853301,Macklemore & Ryan Lewis,group,2008,United States,Q2572585,Macklemore & Ryan Lewis at Sasquatch 2011.jpg,Christopher Dube,CC BY-SA 3.0,https://creativecommons.org/licenses/by-sa/3.0,Thrift Shop,61424045,QK8mJJJvaes
Q16866644,Look Blue Go Purple,group,1983,,Q267287,,,,,Cactus Cat,92400898,XtmlfuEukMs
Q16866646,Los Invasores de Nuevo León,group,,,Q1780056,,,,,Playa Sola,15699575,ECcWStA0Yko
Q1687517,Johnny Lee,person,1976,United States,Q16295131,,,,,Lookin' for Love,7789984,tfq3NDo5VPE
Q16876006,Lil Dicky,person,2011,United States,Q602646,Lil Dicky (2019).jpg,Adweek,CC BY 3.0,https://creativecommons.org/licenses/by/3.0,Professional Rapper,1053800742,LlU4FuIJT2k
Q1689135,Jim Kweskin Jug Band,group,,,Q1075338,,,,,,,
Q1689431,Jimmy Rushing,person,1901,United States,Q1684520,Jimmy Rushing 1946 (Gottlieb 07551).jpg,William P. Gottlieb,Public domain,,Good Morning Blues,3506349,7fNFyhqwGzI
Q1689472,Jimmy Witherspoon,person,1920,United States,Q1684520,Jimmy Witherspoon.jpg,Lioneldecoster,CC BY-SA 3.0,https://creativecommons.org/licenses/by-sa/3.0,Nobody Knows You When You're Down And Out,1562137,2tShFzSuz9o
Q169034,Yung Joc,person,2003,United States,Q2991840,"Yung Joc, 2009.jpg","Rafael Figueroa Medina, U.S. Navy",Public domain,,It's Goin' Down,3658177,rFz59Jmgewk
Q1690790,Joan of Arc,group,1995,United States,Q39052425,JoanOfArc.jpg,sierraromeo,CC BY-SA 2.0,https://creativecommons.org/licenses/by-sa/2.0,The Hands,378409811,-V3XbnpJ6zg
Q1690855,Joaquim Antonio (Callado) da Silva,person,1848,Brazil,Q1076539,"Capa da Revista Illustrada, n.º 202 (1880) (cropped).png",Angelo Agostini,Public domain,,,,
Q169145,10cc,group,1972,United Kingdom,Q3397882,10cc2010.jpg,ChrisPsi,CC BY-SA 3.0,https://creativecommons.org/licenses/by-sa/3.0,I'm Not In Love,1581601,STugQ0X1NoI
Q1691598,Joe Smooth,person,1964,United States,Q874038|Q116875230,,,,,Promised Land,612459642,QtTBMBcuweE
Q1691619,Joe Tex,person,1955,United States,Q2998920,Joe Tex.png,Dial Records,Public domain,,,,
Q1692558,Vetiver,group,2002,United States,Q2404568,Andy Cabic.jpg,Photograph by Daniel Steinbock,CC BY-SA 3.0,http://creativecommons.org/licenses/by-sa/3.0/,Time Flies By,102331072,I5B8D00pngs
Q16939621,Caju & Castanha,group,1975,Brazil,Q1335045,25o Premio da Musica Brasileira (14187484832).jpg,25º Prêmio da Música Brasileira,CC BY 2.0,https://creativecommons.org/licenses/by/2.0,,,
Q16939761,Chrystian & Ralf,group,1983,Brazil,Q106594830,,,,,Nova York,9054585,mcKFhbbXV0U
Q16939861,Claudionor Germano,person,1932,Brazil,Q1455932|Q10285947,,,,,Elefante de Olinda,84068653,pAUDutHj3LM
Q16939983,Eduardo Paím,person,1964,Angola,Q1597549,,,,,Essa Muadié,90946989,WjpKY539xPo
Q16941093,Viviane Batidão,person,1984,Brazil,Q1634085,VivianeBatidão21.png,Alerrandro Costa,CC BY-SA 4.0,https://creativecommons.org/licenses/by-sa/4.0,,,
Q16945221,Jon Henrik Fjällgren,person,2014,Sweden,Q744327,Jon Henrik Fjällgren.Melodifestivalen2019.19e114.1890290.jpg,http://politik.in2pic.com,CC BY-SA 3.0,https://creativecommons.org/licenses/by-sa/3.0,Mountain Dance,1100920562,QBKIxyQW--4
Q16954370,MV & EE,group,,,Q98528183,,,,,No $ (Shit Space - It's All About the Coin ¢ /Corn),131416680,iSMqAcqfNno
Q16954729,Byron Lee and the Dragonaires,group,1950,,Q108807661,,,,,,,
Q16955510,The Rip Chords,group,1962,United States,Q112939200|Q16011695,,,,,,,
Q169565,Zeca Pagodinho,person,1983,Brazil,Q11403|Q3360459|Q1420722,Zeca Pagodinho.jpg,J. Freitas/ABr,CC BY 3.0 br,https://creativecommons.org/licenses/by/3.0/br/deed.en,Mais Feliz,753236502,JE0JfXTQkBs
Q16959408,Dan + Shay,group,2012,United States,Q138314533,Dan + Shay in 2017.jpg,Jana Beamer,CC BY 2.0,https://creativecommons.org/licenses/by/2.0,"10,000 Hours",767240892,Y2E71oe0aSM
Q16961880,Nervous Gender,group,1978,United States,Q476983,,,,,Green Tile Floor,2441164725,B3zS_AjslAE
Q16966850,Perfect Stranger,group,1986,United States,Q2385862,,,,,,,
Q16968240,Ramleh,group,1982,United Kingdom,Q2687544,,,,,Nothing Here But Fire,3617362812,
Q1698,Serge Gainsbourg,person,1957,France,Q1062400,Serge Gainsbourg par Claude Truong-Ngoc 1981.jpg,Claude TRUONG-NGOC,CC BY-SA 3.0,https://creativecommons.org/licenses/by-sa/3.0,Je suis venu te dire que je m'en vais,89077407,6RAJdafk1Y8
Q1699575,John Cephas,person,1930,United States,Q1109497,,,,,The Things I Used To Do,3286570381,
Q1699751,John Danyel,person,1564,United Kingdom of Great Britain and Ireland,Q6705418,,,,,,,
Q170042,Bill Monroe,person,1927,United States,Q65943778|Q213714|Q7832321,MonroeBrothers.jpg,Norran Lamberson. Waylon at de.wikipedia,Public domain,,Muleskinner Blues,3996177,tiRu03RgSWw
Q170132,Can,group,1968,Germany,Q1641839|Q320592,Can 1972 (Heinrich Klaffs Collection 102).jpg,Heinrich Klaffs,CC BY-SA 2.0,https://creativecommons.org/licenses/by-sa/2.0,Vitamin C,75457546,YmN9oHa3ZIQ
Q17013873,Paulito FG,person,1962,Cuba,Q371745,Paulo2.JPG,Alain.capote,CC BY-SA 4.0,https://creativecommons.org/licenses/by-sa/4.0,De Amores,1634996162,aze30KBXSY0
Q1701447,World Class Wreckin' Cru,group,1984,United States,Q217597,,,,,Turn off the lights,8256626,8tXHQNWNZjk
Q1702271,Johnnie Allan,person,1938,United States,Q106522115,,,,,Promised Land,75165991,7emesKRPGxg
Q1702316,Johnny Duncan,person,1970,United States,Q606089,Johnny Duncan (1971).png,Columbia Records,Public domain,,,,
Q1702347,Johnny Jordaan,person,1954,Kingdom of the Netherlands,Q2138639,Johnny Jordaan.png,AVRO,CC BY-SA 3.0 nl,https://creativecommons.org/licenses/by-sa/3.0/nl/deed.en,Geef mij maar Amsterdam,62493329,nsEBq0iGqN8
Q1702424,Johnny Ventura,person,1962,Dominican Republic,Q282131,Johnny Ventura El Caballo cropped.jpeg,Johnny_Ventura_El_Caballo.jpg: Adrian Rodriguez derivative work: Inefable001 (talk),CC BY-SA 3.0,https://creativecommons.org/licenses/by-sa/3.0,Dilema,132855876,Zy9WfuUyTfM
Q170599,Arctic Monkeys,group,2002,United Kingdom,Q183504,Arctic Monkeys - Orange Stage - Roskilde Festival 2014.jpg,Bill Ebbesen,CC BY 3.0,https://creativecommons.org/licenses/by/3.0,Do I Wanna Know?,70322130,bpOSxM0rNPM
Q1706272,Keith Green,person,1965,United States,Q6188299,Keithgreen.jpg,Original uploader was Eseymour at en.wikipedia,CC BY-SA 3.0,http://creativecommons.org/licenses/by-sa/3.0/,Create In Me A Clean Heart,3356543,V_4b_9l3GpE
Q170726,Enrico Caruso,person,1894,Kingdom of Italy,Q1195630,Enrico Caruso tenor.jpg,"Copyright by Laveccha Studio, Chicago (no. 3).",Public domain,,,,
Q1707816,Savoy Brown,group,1965,United Kingdom,Q918542,"Savoy Brown (featuring Kim Simmonds), South Street Seaport, Bloomberg Blues Jam series, 2002.jpg",JJS Photo,CC BY-SA 2.0,https://creativecommons.org/licenses/by-sa/2.0,Hellbound Train,2306030,qlqqeobOJvg
Q1708769,Yossele Rosenblatt,person,1886,United States,Q108297215|Q125346598,Yossele Rosenblatt in 1918 facing right.jpg,Bain,Public domain,,,,
Q17092262,Tenores di Bitti,group,,,Q774475,,,,,Ballate a ballu tundu,33160381,
Q1709944,Eskaton,group,1970,France,Q196999,,,,,,,
Q17103153,Svartidauði,group,2002,Iceland,Q126954549,Svartidauði Party.San Metal Open Air 2019 05.jpg,S. Bollmann,Attribution,,,,
Q17109370,The Funkees,group,1960,,Q3606268|Q106641536,,,,,,,
Q171235,Thalía,person,1981,United States,Q547137,Thalía Primera Fila cropped.jpg,Thalía_Primera_Fila.jpg: Apoxyomenus derivative work: Truu (talk),CC BY-SA 3.0,https://creativecommons.org/licenses/by-sa/3.0,No Me Acuerdo,569883622,iQEVguV71sI
Q17125981,Lorna Shore,group,2010,United States,Q475221,"Lorna Shore live at Dissonance Festival, Padua - August 17th, 2022.jpg",Dennis Radaelli,CC BY-SA 4.0,https://creativecommons.org/licenses/by-sa/4.0,Pain Remains I: Dancing Like Flames,1809835467,JglOS8TRFp4
Q1713550,Junior Kimbrough,person,1930,United States,Q5762403,Junior Kimbrough 1995.jpg,Sumori,CC BY-SA 4.0,https://creativecommons.org/licenses/by-sa/4.0,Feels so Good #1,136370994,Kl6ecmvBy4U
Q17140,Backstreet Boys,group,1993,United States,Q739138,Backstreet Boys 2019 by Glenn Francis.jpg,Toglenn,CC BY-SA 4.0,https://creativecommons.org/licenses/by-sa/4.0,I Want It That Way,13141170,4fndeDfaWCg
Q17142063,The Millennium,group,,United States,Q2461933,,,,,,,
Q17151338,Tchami,person,2013,France,Q20021059,"Tchami Performing at Rebel, Toronto.png",Declivity 0,CC BY-SA 4.0,https://creativecommons.org/licenses/by-sa/4.0,Move Your Body (Future House),94555888,ATZtWAL2T-w
Q171718,Children of Bodom,group,1993,Finland,Q253918,Masters of Rock 2007 - Children of Bodom - 08.jpg,commons: user:JaViXxParrado real name: Javi Parrado,CC BY-SA 2.5,https://creativecommons.org/licenses/by-sa/2.5,Oops!...I Did It Again,2213667307,WGtXlBbWeB4
Q1718073,K-Tino,person,1966,Cameroon,Q860196,K-Tino 2.jpg,Cyprien237,CC BY-SA 4.0,https://creativecommons.org/licenses/by-sa/4.0,,,
Q1720016,Kazimierz Serocki,person,1922,Poland,Q615418,Kazimierz Serocki w latach 60.jpg,nieznany/unknown,Public domain,,,,
Q172505,Astor Piazzolla,person,1933,Argentina,Q14390274|Q1632601,,,,,Oblivion,1453410,hLX1-0VFjwE
Q1725152,The Congos,group,1975,Jamaica,Q1299260,The Congos in Chartres 1.JPG,Ton1~commonswiki,CC BY-SA 3.0,http://creativecommons.org/licenses/by-sa/3.0/,,,
Q17274366,Banda MS,group,2003,Mexico,Q2812726,Banda MS Cholula.jpg,Gobierno de Cholula,CC BY-SA 2.0,https://creativecommons.org/licenses/by-sa/2.0,,,
Q172763,Joy Division,group,1976,United Kingdom,Q598929,,,,,Love Will Tear Us Apart,797434,zuuObGsB0No
Q17299778,Clipping,group,2009,United States,Q5421158|Q2004156,"Portrait photoshoot at Worldcon 75, Helsinki, before the Hugo Awards – clipping.jpg",Henry Söderlund,CC BY 4.0,https://creativecommons.org/licenses/by/4.0,Nothing is Safe,1137082102,fIrpLBShe1A
Q17305057,Chipzel,person,2009,United Kingdom,Q135637,Chipzel at Blip Fest 2011.jpg,Lucius Kwok,CC BY-SA 2.0,https://creativecommons.org/licenses/by-sa/2.0,Courtesy,76638266,N6atL8AwzKc
Q17305712,Burna Boy,person,2010,Nigeria,Q25099840,Untold 2024 -Burna Boy (53926047977) (cropped).jpg,"Nuță Lucian from Cluj-Napoca, Romania",CC BY-SA 2.0,https://creativecommons.org/licenses/by-sa/2.0,On the Low,585584062,Ecl8Aod0Tl0
Q17306137,Kelela,person,2011,United States,Q7118426,Kelela Piknik i Parken 2018 (205003).jpg,Tore Sætre,CC BY-SA 4.0,https://creativecommons.org/licenses/by-sa/4.0,the bridge,3925894421,PVGVoT339-c
Q173180,Franz Ferdinand,group,2002,United Kingdom,Q2281409|Q1899347,Franz Ferdinand.jpg,Erin Mc,CC BY 2.0,https://creativecommons.org/licenses/by/2.0,Take Me Out,4315684,Ijk4j-r7qPA
Q1735960,Uneven Structure,group,2008,France,Q2532560,USBAND.jpg,Music01010,CC BY-SA 4.0,https://creativecommons.org/licenses/by-sa/4.0,Awaken,65349205,bbLz5lNcHi0
Q1736902,Katzenjammer Kabarett,group,2004,France,Q1166158,Katzenjammer Kabarett2.jpg,Razorchil,CC BY-SA 3.0,http://creativecommons.org/licenses/by-sa/3.0/,Gemini girly song,79521298,0G4vZKlIlf0
Q173790,Roxette,group,1986,Sweden,Q517415,Roxette-Roxette at Bospop festival The Netherlands 2011.jpg,Colinvdbel,CC BY 3.0,https://creativecommons.org/licenses/by/3.0,It Must Have Been Love,3098301,k2C5TjS2sh4
Q17379763,Falamansa,group,1998,Brazil,Q586110|Q10283584|Q502808,Fala Mansa (2447570400).jpg,As fotos da Virada!,CC BY-SA 2.0,https://creativecommons.org/licenses/by-sa/2.0,,,
Q1738588,Ken Colyer,person,1928,United Kingdom,Q606089,,,,,La Harpe Street Blues,4720374,WITH6XTBb60
Q17386094,J Boog,person,1983,United States,Q7122786,,,,,Let's Do It Again,12534759,q6fgVVlPl08
Q1740665,Khold,group,2000,Norway,Q108297198,Khold - Wacken Open Air 2015 - 2015213121105 2015-08-01 Wacken - Sven - 1D X - 099 - DV3P1994 mod.jpg,Sven Mandel,CC BY-SA 3.0,https://creativecommons.org/licenses/by-sa/3.0,Vanviddfaren,2610612842,9arrK2MfxZ8
Q1741466,Kim Cascone,person,1983,United States,Q3503814,,,,,,,
Q1742068,King Pleasure,person,1922,United States,Q2299060,,,,,I'm In The Mood For Love,3126153,0BAeHpSu24Y
Q1743088,Salem,group,1985,Israel,Q1840167,,,,,Fall Out Of Love,1622199412,ZJtw7Aec21A
Q1744,Madonna,person,1979,United States,Q37073|Q211756,MadonnaO2171023 (97 of 133) (53269593787) (cropped).jpg,Raph_PH,CC BY 2.0,https://creativecommons.org/licenses/by/2.0,La Isla Bonita,678372,zpzdgmqIHOQ
Q1744189,Los Mirlos,group,1973,Peru,Q7171184|Q1143741|Q5643186,Los Mirlos @ Muffatwerk.jpg,Montecruz Foto,CC BY-SA 2.0,https://creativecommons.org/licenses/by-sa/2.0,Cumbia de los Pajaritos,92337854,kAap4MCq6WY
Q174478,Blind Boy Fuller,person,1907,United States,Q1109497,,,,,,,
Q17450386,Sơn Tùng M-TP,person,2009,Vietnam,Q5398894,Son Tung M-TP 1 (2017).png,Viettel Telecom,CC BY 3.0,https://creativecommons.org/licenses/by/3.0,,,
Q174547,Al Jarreau,person,1968,United States,Q2104067,Al Jarreau.jpg,"Kingkongphoto &amp; www.celebrity-photos.com from Laurel Maryland, USA",CC BY-SA 2.0,https://creativecommons.org/licenses/by-sa/2.0,Mornin',3870623,hltlIlaPR2g
Q1746210,Russian Circles,group,2004,United States,Q41343,Russian Circles Band.png,corevette,CC BY 2.0,https://creativecommons.org/licenses/by/2.0,Borehole,4022346971,
Q174817,Soundgarden,group,1984,United States,Q11365,Soundgarden Chicago.jpg,musicisentropy,CC BY-SA 2.0,https://creativecommons.org/licenses/by-sa/2.0,Black Hole Sun,78631539,3mbBbFH9fAg
Q1748644,Martin Freeland,person,1985,United Kingdom,Q622871|Q835131,,,,,,,
Q1749011,The O'Jays,group,1958,United States,Q1546028,The O'Jays-photo-by-raymond-boyd.jpg,RaymondBoyd51,CC BY-SA 3.0,https://creativecommons.org/licenses/by-sa/3.0,,,
Q1749482,Omnia,group,1996,Netherlands,Q1798870,Omnia musick and poetree wiki.jpg,OMNIA,CC BY 3.0,https://creativecommons.org/licenses/by/3.0,CYBERPUNK,519495192,BQ7ayVDxCO0
Q175097,3 Doors Down,group,1996,United States,Q379671,3 Doors Down on Walmart Soundcheck (5913144312).jpg,Lunchbox LP,CC BY 2.0,https://creativecommons.org/licenses/by/2.0,Kryptonite,2511224,xPU8OAjjS4k
Q1751483,The Business,group,1979,United Kingdom,Q274401,Bussines berlin 2003.jpg,No machine-readable author provided. Qz10 assumed (based on copyright claims).,Public domain,,,,
Q1751786,The Klezmatics,group,1986,United States,Q212944,,,,,Der yokh,133343672,tHfEnGpNT6Q
Q175195,Peter Gabriel,person,1967,United Kingdom,Q65937817|Q2064394,"Peter Gabriel, Denver 2023.jpg",MerleEllaPatsy,CC BY-SA 4.0,https://creativecommons.org/licenses/by-sa/4.0,Solsbury Hill,538699662,_OO2PuGz-H8
Q1752769,Mother's Finest,group,1972,United States,Q835891,"2011-05-26 Mothers Finest, Kubana, Siegburg IMG 6830.jpg",Eckhard Henkel,CC BY-SA 3.0 de,https://creativecommons.org/licenses/by-sa/3.0/de/deed.en,Baby Love,13230207,aC7_LAklaHo
Q175277,Peter Brötzmann,person,1967,Germany,Q211781|Q592060,Peter Broetzmann 05N2754.jpg,Nomo michael hoefner / http://www.zwo5.de,CC BY-SA 3.0,https://creativecommons.org/licenses/by-sa/3.0,Summer Rain,546525572,
Q1753013,Tygers of Pan Tang,group,1978,United Kingdom,Q370515,Tygers of Pan Tang – Headbangers Open Air 2014 04.jpg,Frank Schwichtenberg,CC BY-SA 3.0,https://creativecommons.org/licenses/by-sa/3.0,Forevermore,3923727641,OgDQaMYffZg
Q1753105,Saves the Day,group,1997,United States,Q3724735,"Saves the Day, Philadelphia, Electric Factory Nov 10, 2010 (5227723812).jpg",Lacy B from usa,CC BY-SA 2.0,https://creativecommons.org/licenses/by-sa/2.0,Shoulder to the Wheel,16002304,BahGq5TJ0qc
Q1753111,The 5th Dimension,group,1966,United States,Q2461933,5th Dimension 1969.jpg,Soul City Records.,Public domain,,Aquarius/Let The Sunshine In (The Flesh Failures),13186207,VlrQ-bOzpkQ
Q1753290,Leftöver Crack,group,1999,United States,Q2657409|Q116148184,"LeftoverCrackliveatMTC,Cologne081806.jpg",Spaz Tacular,CC BY 2.0,https://creativecommons.org/licenses/by/2.0,Crack City Rockers,378312271,LrtwFdXuAi0
Q1754009,Sneaker Pimps,group,1994,England,Q205560,,,,,Bloodsport,134113164,-YHiYaBqgZc
Q1754136,This Mortal Coil,group,1983,United Kingdom,Q592330|Q284543,,,,,Song To The Siren,46042131,HFWKJ2FUiAQ
Q1754173,The Disposable Heroes of Hiphoprisy,group,1990,United States,Q2004156,,,,,,,
Q1754873,The Pioneers,group,1962,Jamaica,Q1277532,,,,,,,
Q175509,Anne Marie Nzié,person,1932,Cameroon,Q860196,,,,,,,
Q1755388,Radio Tarifa,group,,Spain,Q3053954,,,,,Oye China,64784037,J_cTw2REW8U
Q1755857,Us3,group,1991,United Kingdom,Q255406|Q221772,US3 Bydgoszcz 2011.jpg,This photo was taken by Przemysław JahrAutorem zdjęcia jest Przemysław JahrWykorzystując zdjęcie proszę podać jako autor,Public domain,,Cantaloop (Flip Fantasia),3361453,JwBjhBL9G6U
Q1756151,Tenhi,group,1996,Finland,Q106621114,,,,,Saivon Kimallus,1977439837,N9kczust5XI
Q1756181,Lasgo,group,2000,Belgium,Q890887,Jelle Van Dael of Lasgo.jpg,Philippe Schellekens,CC BY-SA 2.0,https://creativecommons.org/licenses/by-sa/2.0,Something,61172237,BF5bV6oWXJg
Q1756790,Majida El Roumi,person,1975,Lebanon,Q135112773,Majida El Roumi in a portrait from 1994.jpg,Maya Kanakry,CC BY-SA 1.0,https://creativecommons.org/licenses/by-sa/1.0,Kalimat,1059498802,3GB0X82IiEM
Q1756844,The Louvin Brothers,group,1940,United States,Q135687210,,,,,,,
Q1757318,The Rascals,group,1965,United States,Q885561,The Rascals 1969.JPG,Associated Booking Corporation,Public domain,,Groovin',81769154,4JIq8Zn0AJE
Q1757705,The Church,group,1980,Australia,Q1190565,The Church 2015.jpg,Anna Hanks,CC BY 2.0,https://creativecommons.org/licenses/by/2.0,Under the Milky Way,2455621,pWxJEIz7sSA
Q1757786,The Get Up Kids,group,1995,United States,Q10926|Q3724735,TheGetUpKids-Italy.jpg,Sirabder87,CC BY-SA 2.0,https://creativecommons.org/licenses/by-sa/2.0,Action & Action,3802993752,xa5p2uMz3bs
Q1758822,Masters at Work,group,1990,United States,Q20502|Q928825|Q3056538,"Masters At Work, 2013.png",glenjamn3,CC BY 3.0,https://creativecommons.org/licenses/by/3.0,I Can't Get No Sleep,11671484,YZOFHnSilek
Q175899,Max Roach,person,1944,United States,Q105513,"Max Roach, Three Deuces, ca. 1947.jpg",William P. Gottlieb,Public domain,,,,
Q1759086,The Dells,group,1952,United States,Q1269729,The Dells.png,Cadet Records,Public domain,,Stay In My Corner,131741070,lyjOPzIGbKA
Q1760014,Ohio Express,group,1967,United States,Q997481,Ohio Express (cropped).jpg,Unknown author,Public domain,,,,
Q1760152,Newcleus,group,1977,United States,Q217597|Q1325963,,,,,Jam On It,51614881,uAEw_sX7CFA
Q1760208,Mahotella Queens,group,1964,South Africa,Q1914924,Mahotella Queens.jpg,Vonvon,CC BY-SA 3.0,https://creativecommons.org/licenses/by-sa/3.0,,,
Q1760836,The Action,group,1965,United Kingdom,Q2607836|Q98528293,,,,,,,
Q1761222,The Miracles,group,1955,United States,Q9078960,Smokey Robinson & the Miracles.png,Tamla,Public domain,,,,
Q176240,Galaxie 500,group,1987,United States,Q592330|Q1490170,DeanWareham 2007.jpg,"Tammy Lo from Brooklyn, NY",CC BY 2.0,https://creativecommons.org/licenses/by/2.0,Blue Thunder,16384100,lc3kxjy2GNk
Q17635809,Julión Álvarez Hernandez,person,1983,Mexico,Q2812726,Fedelobo.jpg,AngelSuarezMedina,CC BY-SA 4.0,https://creativecommons.org/licenses/by-sa/4.0,,,
Q176412,Gesang Martohartono,person,1917,Indonesia,Q1930107,Gesang Martohartono 2020 stamp of Indonesia.jpg,Unknown author,Public domain,,,,
Q176457,Supertramp,group,1969,United Kingdom,Q65937817,Supertramp0062.jpg,Rs3,CC BY-SA 3.0,http://creativecommons.org/licenses/by-sa/3.0/,The Logical Song,2503274,kln_bIndDJg
Q176546,Sarcófago,group,1985,Brazil,Q13586773,,,,,"Crush, Kill, Destroy",85497776,sAgde9WWrVI
Q1765889,Miguel Faílde,person,1852,Cuba,Q1165358,Miguel Failde.jpg,Unknown author,Public domain,,,,
Q1768,Ella Fitzgerald,person,1934,United States,Q8341|Q1530455,Ella Fitzgerald by Carl Van Vechten - American Flag (cropped).jpg,Carl Van Vechten,Public domain,,I've Got You Under My Skin,350019421,2TG7AqzyQQU
Q1771734,Shahram Nazeri,person,1958,Iran,Q11223087,Shahram Nazeri.jpg,Reza1615 عکس توسط مریم معیری,CC BY-SA 3.0,https://creativecommons.org/licenses/by-sa/3.0,Andak Andak,1866735987,6YRl4dX5JkA
Q1773603,Codeine,group,1989,United States,Q1490170,,,,,RockStar,3832829391,AxG7zf7rO1E
Q1773956,"Willie ""The Lion"" Smith",person,1897,United States,Q181897,Willie Smith (Gottlieb 07921).jpg,William P. Gottlieb,Public domain,,,,
Q1775216,Siti binti Saad,person,1880,Tanzania,Q1564596,SitiBintiSaad (cropped).jpg,AnonymousUnknown author,Public domain,,Baba Pakistani,1365564882,
Q1775226,Bi Kidude,person,1910,Tanzania,Q1564596,Bi Kidude.png,Erik (HASH) Hersman,CC BY 2.0,https://creativecommons.org/licenses/by/2.0,Alaminadura,294276,
Q177732,Il Volo,group,2010,Italy,Q56342556|Q2336819,20150517 ESC 2015 Il Volo 0752.jpg,Ailura,CC BY 4.0,https://creativecommons.org/licenses/by/4.0,Se,1543189972,FYs_PcRNZmQ
Q1778165,Lycia,group,1988,United States,Q284543,,,,,A Failure,548793342,_OgEASy9iM4
Q177824,Chico O'Farrill,person,1949,Cuba,Q3163340,,,,,,,
Q1778916,The Mission,group,1986,United Kingdom,Q485395,The mission wayne hussey.jpg,Stefan Füsers/Lichtjäger,CC BY-SA 3.0,http://creativecommons.org/licenses/by-sa/3.0/,Butterfly On A Wheel,2504229,OKRACt6PpYY
Q1779,Louis Armstrong,person,1914,United States,Q8341|Q906647,"Louis Armstrong, by Harry Warnecke and Gus Schoenbaechler, 1947.jpg","Harry Warnecke, Gus Schoenbaechler",CC0,http://creativecommons.org/publicdomain/zero/1.0/deed.en,That Old Feeling,483551472,IzBXUpGJOqU
Q1779387,The Polecats,group,1977,United Kingdom,Q65943390,,,,,,,
Q178095,The Police,group,1977,United Kingdom,Q484641|Q187760|Q7308175,"The Police ""Reggatta de Blanc"" (1979 A&M publicity photo).jpg",Distributed by A&amp;M Records,Public domain,,Every Breath You Take,2525864,OMOGaugKpzs
Q178112,David Sanborn,person,1959,United States,Q831354,David Sanborn 2015 brighter.jpg,TDKR Chicago 101,CC BY-SA 4.0,https://creativecommons.org/licenses/by-sa/4.0,Straight to the Heart,5620693,ZIwEm03vrUE
Q17811716,G Herbo,person,2011,United States,Q15697534|Q115691081,G Herbo in 2021.png,MILLION DOLLAZ WORTH OF GAME,CC BY 3.0,https://creativecommons.org/licenses/by/3.0,Went Legit,3456110211,495zc7_vGgA
Q1781317,Orange Juice,group,1976,United Kingdom,Q11325235|Q842324,,,,,Rip It Up,1861023807,xcRAWA4nN3U
Q178134,The Isley Brothers,group,1954,United States,Q2743435,The Isley Brothers.png,T-Neck Records,Public domain,,"Footsteps in the Dark, Pts. 1 & 2",106026900,WRWtvbyprgo
Q1781747,Twelfth Night,group,1978,United Kingdom,Q1051843,Twelfth Night at Loreley September 2010.jpg,Sam Smyth,Public domain,,We Are Sane,655126052,yp68nZLGcLE
Q1783268,Regurgitate,group,1990,Sweden,Q1147692,Regurgitate.jpg,AdrienG.,CC BY 2.0,https://creativecommons.org/licenses/by/2.0,The Pulsating Feast,11473156,44vK-w6gxbw
Q1783772,Kool Rock Steady,person,2000,United States,Q601235,,,,,,,
Q1784022,Passion Pit,group,2007,United States,Q325397,Passion Pit 2008-12-03.jpg,Columbiawiki,CC BY-SA 3.0,https://creativecommons.org/licenses/by-sa/3.0,Sleepyhead,5816228,T0RvPYRRRbE
Q1785,Charles Aznavour,person,1933,Armenia,Q1062400,2014.06.23. Charles Aznavour Fot Mariusz Kubik 01.jpg,Mariusz Kubik,CC BY 3.0,https://creativecommons.org/licenses/by/3.0,Emmenez-moi,89572411,0OrKMaeQUx0
Q178594,The Fall of Troy,group,2002,United States,Q141458789,Fall of Troy Orbit Room 20070614.jpg,Notjake13 (@WP),Public domain,,F.C.P.R.E.M.I.X.,16002476,2iijmj5nB6I
Q1786394,Krallice,group,2008,United States,Q126954549,Krallice (Mick Barr).jpg,watashiwani,CC BY 2.0,https://creativecommons.org/licenses/by/2.0,Agonal Shining,4171621472,
Q1786798,Toxik,group,1985,United States,Q56377253,Toxik 20 (22318873528).jpg,Jeffrey Pollack,CC BY 2.0,https://creativecommons.org/licenses/by/2.0,Heart Attack,2903300,GNGUblgCjMs
Q1786810,Lords of Acid,group,1988,Belgium,Q1890098,Lords of Acid.jpg,Liquidland (talk),CC BY-SA 3.0,https://creativecommons.org/licenses/by-sa/3.0,Mister Machoman,388757821,ODj5ZwSH9sw
Q1787165,Leandro & Leonardo,group,1983,Brazil,Q1958273|Q106594830,,,,,Pense em mim,3902616,2cFJ_5Knyks
Q178792,Delain,group,2002,Netherlands,Q486415,Delain - Wacken Open Air 2023 18.jpg,Frank Schwichtenberg,CC BY-SA 4.0,https://creativecommons.org/licenses/by-sa/4.0,Dance with the Devil,2923353641,2O4iUv7R3R4
Q1788002,SPK,group,1978,Australia,Q487965,,,,,Metal Dance,43791661,cWOvVuZ6HuQ
Q178943,Little Boots,person,2005,United Kingdom,Q188450,Little Boots (singer).jpg,This Is Music Ltd,CC BY 3.0,https://creativecommons.org/licenses/by/3.0,Remedy,3605071,
Q1791454,Lupicínio Rodrigues,person,1914,Brazil,Q4215151,Lupicínio Rodrigues (1968).tif,Unknown,Public domain,,Loucura,16093531,44YslpUXeC8
Q179157,The Notorious B.I.G.,person,1992,United States,Q11401|Q876171|Q753679|Q9302696,,,,,Hypnotize,3616651,glEiPXAYE-U
Q17916987,Chris Lane,person,2012,United States,Q138314533,Chris Lane @ 98.5 KYGO's Christmas Jam 2017.jpg,jenniferlinneaphotography,CC BY 2.0,https://creativecommons.org/licenses/by/2.0,I Don't Know About You,2851531412,8aUzwbp_NfI
Q179262,Ken Laszlo,person,1984,Italy,Q848852,,,,,Hey Hey Guy,121664392,WGr7w8ak4IE
Q179277,Giovanni Pierluigi da Palestrina,person,1554,Papal States,Q188285|Q201405|Q8812109|Q217295,Giovanni Pierluigi da Palestrina.jpg,http://xoomer.virgilio.it/senesino/Dei/Palestrina.jpg,Public domain,,,,
Q1794838,Kvelertak,group,2007,Norway,Q108297198,Kvelertak - Rock am Ring 2019-1601.jpg,"Andreas Lawen, Fotandi",CC BY-SA 4.0,https://creativecommons.org/licenses/by-sa/4.0,Rogaland,3783320582,BpEEfHNXKY8
Q1795042,Kyle Gann,person,1955,United States,Q98528143|Q9089200,,,,,Andromeda Memories,1258640862,gbT9oRbu3h8
Q1795082,Kylesa,group,2001,United States,Q720959,Kylesa - Roskilde Festival 2011.jpg,Bill Ebbesen,CC BY-SA 3.0,https://creativecommons.org/licenses/by-sa/3.0,,,
Q179516,Paolo Conte,person,1968,Italy,Q108297209,,,,,Via Con Me,3803083842,4LrAmIahNLs
Q179631,Edward Elgar,person,1857,United Kingdom of Great Britain and Ireland,Q85477,Edward Elgar 1857 - 1934.jpg,not stated,Public domain,,Nimrod,900431812,7iM5dymBBI4
Q179652,Steel Panther,group,2000,United States,Q1391336,20180804 Wacken Wacken Open air Steel Panther 0073.jpg,© Markus Felix | PushingPixels (contact me),CC BY-SA 4.0,https://creativecommons.org/licenses/by-sa/4.0,Gloryhole,1412670722,diYS8jyOcFc
Q179767,X Japan,group,1982,Japan,Q1055871|Q131425,X Japan 2014.jpg,May S. Young,CC BY-SA 2.0,https://creativecommons.org/licenses/by-sa/2.0,Endless Rain,46244161,QhOFg_3RV5Q
Q1798055,LFO,group,1988,United Kingdom,Q106522080,Mark Bell (LFO) on stage in Moscow.JPG,Timothy Misir,CC BY-SA 4.0,https://creativecommons.org/licenses/by-sa/4.0,LFO,29389171,WGuV31RQ9Uk
Q1798554,Adam and the Ants,group,1977,United Kingdom,Q597240,,,,,,,
Q17986331,Cephalotripsy,group,2003,United States,Q6130346,,,,,Metamorphic Congenital Malformation,3340746301,NYMWhZI-k5Q
Q1799314,MC Lars,person,1999,United States,Q1754592,MC Lars.jpg,Fuzzy Gerdes,CC BY 2.0,https://creativecommons.org/licenses/by/2.0,Never Afraid,108796086,rK4lgbPdmdw
Q180026,Petrus de Cruce,person,1270,France,Q163491,,,,,,,
Q1801348,"Lambert, Hendricks & Ross",group,1957,United States,Q2299060,,,,,,,
Q1803842,Minus the Bear,group,2001,United States,Q113676976,Minus the Bear - 2008 Bonnaroo Music Festival.jpg,Rhinowing (talk),Public domain,,Pachuca Sunrise,62721730,hM_-L4tOQkg
Q1804,Barbara,person,1958,France,Q2956176|Q1062400,Barbara (1965).jpg,Ron Kroon / Anefo,CC0,http://creativecommons.org/publicdomain/zero/1.0/deed.en,Ma plus belle histoire d'amour,61033399,bhKPe0EWF0E
Q180453,Dolly Parton,person,1959,United States,Q2280497|Q83440,Young-Dolly-Parton.jpg,RCA Records,Public domain,,Jolene,114422238,Ixrje2rXLMA
Q180582,Bauhaus,group,1978,United Kingdom,Q485395,Bauhaus concert.jpg,Pedro Figueiredo,CC BY-SA 2.0,https://creativecommons.org/licenses/by-sa/2.0,She's in Parties,620499372,Qxqq5vahHKk
Q180598,The Smiths,group,1984,United Kingdom,Q1190565|Q183504,The Smiths (1984 Sire publicity photo) 002.jpg,Paul Cox; Distributed by Sire Records,Public domain,,There Is a Light That Never Goes Out,5093617,siO6dkqidc4
Q1806706,Last Days of Humanity,group,1989,Netherlands,Q1147692,,,,,Hematopoietic System Tissue and Lymphoid Fail,1274128532,I7lOSWibPLw
Q180727,John Cage,person,1938,United States,Q65937946|Q4993367|Q2332751|Q1640319,"Opdracht GPD componist John Cage , kop, Bestanddeelnr 934-2728.jpg",Rob Bogaerts for Anefo,CC0,http://creativecommons.org/publicdomain/zero/1.0/deed.en,In a Landscap: (1948),63681324,
Q1807574,Psyclon Nine,group,2000,United States,Q1091450,,,,,Parasitic,34972431,A7fvUQi9huE
Q1808794,Symarip,group,1969,United Kingdom,Q1277532,Mr. Symarip Klub-Ost 03.jpg,Michael Kranewitter,CC BY 2.5,https://creativecommons.org/licenses/by/2.5,These Boots Are Made For Walking,3803566622,Aosx_Oiq-Ts
Q180880,Pantera,group,1981,United States,Q12326776|Q241662|Q56353998,Pantera 1987-2003 lineup.jpg,Dimebag.jpg: April Ashford-Forsythe W0830-Hellfest2013 Down PhilAnselmo KirkWindstein 69259.JPG: Llann Wé² VinniePaul200,CC BY-SA 3.0,https://creativecommons.org/licenses/by-sa/3.0,Walk,662879,AkFqg5wAuFk
Q1809563,Lazy Lester,person,1933,United States,Q534606|Q515074,Lazy Lester in 2004.jpg,Tom Beetz,CC BY 2.0,https://creativecommons.org/licenses/by/2.0,The Sun Is Shinning,561665512,
Q180975,Andrew Lloyd Webber,person,1965,United Kingdom,Q7354827,2008-11-15 Эндрю Ллойд Уэббер.jpeg,premier.gov.ru,CC BY 3.0,https://creativecommons.org/licenses/by/3.0,The Phantom of the Opera,3582507891,G2zxzaWgVRA
Q1809773,Skitsystem,group,1994,Sweden,Q1151260,Skitsystem.jpg,"Marc Fuyà from Girona, España",CC BY-SA 2.0,https://creativecommons.org/licenses/by-sa/2.0,Stigmata,1351188,MyuqjtBPocY
Q1811235,MSTRKRFT,group,2005,Canada,Q627906,MSTRKRFT @ Wellington Square (27 9 2009) (3986307737).jpg,Stuart Sevastos,CC BY 2.0,https://creativecommons.org/licenses/by/2.0,Heartbreaker,2458909455,i6gHLHbYVeA
Q1811495,E. T. Mensah,person,1919,Ghana,Q963061,,,,,,,
Q1811622,The Last Poets,group,1968,United States,Q6168405,,,,,,,
Q1812589,The Melodians,group,1963,Jamaica,Q573484,,,,,,,
Q181341,Godspeed You! Black Emperor,group,1994,Canada,Q209137,Godspeed You Black Emperor! - London Nov 20003.jpg,Justin Lynham,CC BY-SA 2.0,https://creativecommons.org/licenses/by-sa/2.0,,,
Q181434,Harumi Miyako,person,1964,Japan,Q873478,Miyako-Harumi-1.jpg,国際情報社,Public domain,,"Ai Wa Hana, Kimi Wa Sono Tane",2510375221,ch1k99N3FAk
Q1814408,Witchfinder General,group,1979,United Kingdom,Q108979517,,,,,Death Penalty,1279655372,V2ZUTN8SgFo
Q1814728,Hajji Alejandro,person,1976,Philippines,Q6749708,Hajji Alejandro in 2024 (cropped).png,"Municipal Government of Bayambang, Pangasinan, Philippines",Public domain,,Nakapagtataka,659199932,yZld_4yzyoU
Q1814766,The Coup,group,1991,United States,Q969663,,,,,,,
Q18155080,Recondite,person,2000,Germany,Q110185782,Recondite.jpg,Recondite,CC BY-SA 4.0,https://creativecommons.org/licenses/by-sa/4.0,Baro,86397577,-VwjMf14JaU
Q18155786,Julio Gutiérrez,person,1918,Cuba,Q28219760,Julio Gutiérrez.jpg,Unknown author,Public domain,,,,
Q18158295,Skylar Spence,person,2012,United States,Q80725127|Q15733887,,,,,Private Caller,69764667,
Q18158382,Plena Libre,group,1994,United States,Q2715398,,,,,Carnaval,3648608482,1VK1F3G2xfw
Q18161827,Sophie,person,2008,United Kingdom,Q96376113|Q106591506|Q104695865,Sophie YOLA DÍA 2019 2 (cropped).jpg,Questskyzeidler,CC BY-SA 4.0,https://creativecommons.org/licenses/by-sa/4.0,VYZEE,1054951702,KXdRl6Ml37I
Q1816236,Native Deen,group,1998,United States,Q783874,Native Deen 2007.JPG,U.S. Consulate General,Public domain,,Tala'al Badru,8875613,XaqMIf2d7HM
Q18162708,Techno Animal,group,1991,United Kingdom,Q2004156,,,,,Robosapien,2528192621,HjQIU9gzqdA
Q181684,Against Me!,group,1997,United States,Q1425661,Against Me! playing at Coachella.jpg,R1vers,Public domain,,,,
Q181689,Blind Willie McTell,person,1927,United States,Q649823|Q1109497,Blind Willie McTell LOC.jpg,John and Alan Lomax Collection,Public domain,,,,
Q1817585,Squirrel Nut Zippers,group,1993,United States,Q447962,Squirrel Nut Zippers 2008 San Francisco.jpg,Dybryd,CC BY 3.0,https://creativecommons.org/licenses/by/3.0,Hell,129634398,yS2IBMQIjDo
Q181874,Neu!,group,1985,Germany,Q320592,,,,,Seeland,2693567982,VfLsCvLfFiI
Q1820469,Les Baxter,person,1922,United States,Q1779294|Q916387,,,,,Taboo,3532448,Y1C9yAawjbc
Q18207948,Takun J,person,2005,Liberia,Q28490034,Hipco artist Takun J.jpg,Jefferson Krua,CC BY-SA 4.0,https://creativecommons.org/licenses/by-sa/4.0,,,
Q18217816,Okyeame Kwame,person,1997,Ghana,Q1619932,Okyeame.jpg,Joshua Kofi Tetteh Akwada,CC BY-SA 4.0,https://creativecommons.org/licenses/by-sa/4.0,Yeeko,1182092432,OSbi2Jvls7A
Q182223,Maroon 5,group,1994,United States,Q484641,Maroon 5 performing in Sydney.jpg,MasterMind5991,CC BY-SA 4.0,https://creativecommons.org/licenses/by-sa/4.0,Animals,83124206,qpgTC9MDx1o
Q18233,ABBA,group,1970,Sweden,Q37073|Q517415|Q1374731,ABBA - TopPop 1974 5.png,AVRO,CC BY-SA 3.0 nl,https://creativecommons.org/licenses/by-sa/3.0/nl/deed.en,Gimme! Gimme! Gimme! (A Man After Midnight),884041,XEjLoHdbVeE
Q18244464,Codé di Dona,person,1940,,Q3090876,1000cve-front-amo.jpg,Salguide,CC BY-SA 4.0,https://creativecommons.org/licenses/by-sa/4.0,,,
Q1824505,Lifelover,group,2005,Sweden,Q28949059,Lifelover-Live.jpg,asd,Public domain,,M/s salmonella,3933929,3GQVtgb1XGQ
Q1824899,Lil' Keke,person,1993,United States,Q2261628,"Missouri City Juneteenth Celebration, TX 6-15-24, Lil' Keke.jpg",2C2K Photography,CC BY 2.0,https://creativecommons.org/licenses/by/2.0,Knockin' Doors Down,16120675,ReWtz9VwiUM
Q1826593,Assück,group,1987,United States,Q188534,Assuck1992.jpg,AssuckPics,CC BY-SA 3.0,https://creativecommons.org/licenses/by-sa/3.0,Wartorn,3197391171,
Q182725,Etta James,person,1954,United States,Q45981,Etta James.jpg,John K. Addis,CC BY-SA 3.0,https://creativecommons.org/licenses/by-sa/3.0,At Last,2171224,S-cbOl96RFM
Q18275264,Gang do Eletro,group,,Brazil,Q1634085,Brasil adentro gang do eletro.jpg,Mídia promocional do programa Brasil Adentro (TV Brasil),CC BY 3.0 br,https://creativecommons.org/licenses/by/3.0/br/deed.en,,,
Q18275695,Henrique & Juliano,group,2008,Brazil,Q10370558,Henrique & Juliano5.png,Som Livre,CC BY 3.0,https://creativecommons.org/licenses/by/3.0,Última Saudade (Ao Vivo),3876591901,
Q182890,Def Leppard,group,1977,United Kingdom,Q370515|Q188539|Q3908370,DefLeppard1.JPG,wikipedia user Weatherman90,CC BY-SA 3.0,http://creativecommons.org/licenses/by-sa/3.0/,Pour Some Sugar On Me,447552822,0UIB9Y4OFPs
Q183048,The Beach Boys,group,1961,United States,Q220830|Q112939200|Q16011695|Q484641|Q46046|Q3397882|Q383982|Q2461933,"The Beach Boys, May 29, 2012.jpg",Louise Palanker,CC BY-SA 2.0,https://creativecommons.org/licenses/by-sa/2.0,Good Vibrations,3091992,apBWI6xrbLY
Q183087,Alessandro Scarlatti,person,1660,,Q174873,Alessandro Scarlatti.jpg,Unidentified painter,Public domain,,,,
Q183092,Merle Haggard,person,1963,United States,Q5128236|Q804401,MerleHaggardJun09.jpg,whittlz at https://www.flickr.com/photos/whittlz/,CC BY-SA 3.0,https://creativecommons.org/licenses/by-sa/3.0,Mama Tried,3229491,
Q183256,Maurice Duruflé,person,1902,France,Q6941842,Maurice Duruflé.gif,Unknown photographer,CC BY 2.5,https://creativecommons.org/licenses/by/2.5,,,
Q183260,Saltatio Mortis,group,2000,Germany,Q641318|Q15629158|Q446241,SaltatioMortis2013byAnnBuster (4).jpg,Ann Buster,CC BY-SA 3.0,https://creativecommons.org/licenses/by-sa/3.0,Staub & Schatten,4247426211,
Q1833753,Santa Esmeralda,group,1977,France,Q106588727,Jimmy Goings with Santa Esmeralda.jpg,Cambone,CC BY-SA 3.0,https://creativecommons.org/licenses/by-sa/3.0,Don't Let Me Be Misunderstood,11567131,uvXeeus94GY
Q183508,Tiësto,person,1994,Kingdom of the Netherlands,Q170435|Q1136765,Tiësto @ Airbeat One 2017.jpg,Julia Keiser,CC BY-SA 4.0,https://creativecommons.org/licenses/by-sa/4.0,The Motto,1522607422,1_4ELAxKrDc
Q18353558,Tory Lanez,person,2009,Canada,Q119889474,Tory Lanez 2500x1669.jpg,The Come Up Show,CC BY 2.0,https://creativecommons.org/licenses/by/2.0,The Color Violet,1579438382,GfAPEko4rbU
Q18395212,Witch,group,1973,Zambia,Q145980|Q3606268,Witch - WOMAD UK 2024 (53896766457).jpg,Stephen and Helen Jones from England,CC BY-SA 2.0,https://creativecommons.org/licenses/by-sa/2.0,,,
Q184178,Johann Strauss I,person,1819,Austrian Empire,Q8701407,,,,,,,
Q184386,Yes,group,1968,United Kingdom,Q49451|Q106621063,Yes concert.jpg,Rick Dikeman,CC BY-SA 3.0,http://creativecommons.org/licenses/by-sa/3.0/,Owner of a Lonely Heart,3613215,SVOuYquXuuc
Q1844152,Calibre,person,1995,United Kingdom,Q2082572,Calibre.jpg,The original uploader was Andrewdg at English Wikipedia.,CC BY-SA 2.5,https://creativecommons.org/licenses/by-sa/2.5,Mr Majestic,127031025,Nswe73umPQk
Q1844695,Kōenji Hyakkei,group,1991,Japan,Q100151423|Q196999,,,,,Tziidall Raszhisst,714470362,g08yuEBQIZs
Q1846819,Katchafire,group,2000,,Q7122786,ZC22 Katchafire (4).jpg,Ciell,CC BY-SA 4.0,https://creativecommons.org/licenses/by-sa/4.0,Get Away,2511884341,PDsb8sEXQDg
Q184697,Gloria Estefan,person,1977,Cuba,Q18345375|Q547137,Gloria Estefan 2017.jpg,U.S. State Department,Public domain,,Don't Wanna Lose You,565058,J1x1WGtePSE
Q184827,Tool,group,1990,United States,Q484344|Q20378,Tool live barcelona 2006.jpg,Jon Iraundegui,CC BY 2.0,https://creativecommons.org/licenses/by/2.0,Pneuma,740969222,5ClCaPmAA7s
Q1848854,Sub Focus,person,2002,United Kingdom,Q107332291,Sub Focus @ Club Formation (4159729869).jpg,"Toxicab from Leicester, UK",CC BY 2.0,https://creativecommons.org/licenses/by/2.0,Solar System,716493872,TUebWv_QXCM
Q1849210,Twiztid,group,1997,United States,Q1139136,"Twiztid in Chesterfield, MI on April 27th, 2013.JPG",Juggalobignick1,CC BY-SA 3.0,https://creativecommons.org/licenses/by-sa/3.0,We Don't Die,2310387,hSVSNx4nNe4
Q185144,Europe,group,1978,Sweden,Q3908370,Europe the band in Stockholm 2016.jpg,Aphasia83,CC BY-SA 3.0,https://creativecommons.org/licenses/by-sa/3.0,The Final Countdown,858371,9jK-NcRmVcw
Q1851859,Pete Rock & CL Smooth,group,1991,United States,Q255406|Q529742,Pete Rock @ Sputnik NYC.jpg,kidsire,CC BY-SA 2.0,https://creativecommons.org/licenses/by-sa/2.0,They Reminisce Over You (T.R.O.Y.),719754,PdmMxfTpfxM
Q18529010,Jenni Rivera,person,1712,,Q7309098,,,,,De Contrabando,64554363,7YzesoX9DQg
Q1853330,Repulsion,group,1984,United States,Q188534,Repulsion.jpg,Darren Foreman,CC BY 2.0,https://creativecommons.org/licenses/by/2.0,,,
Q1853792,Digital Mystikz,group,,United Kingdom,Q20474,,,,,,,
Q18539717,Adi de la Vâlcea,person,1973,Romania,Q642983,,,,,"Langa cine, langa tine",1008065182,49gpvQcDX8Q
Q185465,Paula Abdul,person,1978,United States,Q211756,Paula Abdul 2007.jpg,Toglenn,CC BY-SA 3.0,https://creativecommons.org/licenses/by-sa/3.0,Straight Up,3109328,El1kgCqD7Xk
Q18557,Opeth,group,1990,Sweden,Q484344,Opeth @ Rock Hard Festival 2017 201.jpg,Grywnn,CC BY-SA 4.0,https://creativecommons.org/licenses/by-sa/4.0,Ghost of Perdition,847130,MDBykpSXsSE
Q1856247,Pendragon,group,1978,United Kingdom,Q1051843,Pendragon 2010 after concert.JPG,Claus Ableiter,CC BY-SA 3.0,https://creativecommons.org/licenses/by-sa/3.0,,,
Q1856396,The Pharcyde,group,1989,United States,Q438503,The Pharcyde in Dublin.jpg,"jaqian from Dublin, Ireland",CC BY 2.0,https://creativecommons.org/licenses/by/2.0,Runnin',83971991,jQ-RrGCSa2M
Q185647,Alexander Scriabin,person,1872,Russian Empire,Q212148|Q207841,Skrjabin Alexander.jpg,http://en.wikipedia.org/wiki/Image:Scriabin.jpg,Public domain,,,,
Q185828,Daft Punk,group,1993,France,Q9778|Q851213|Q20502|Q1455292,Daft Punk in 2013.jpg,Sony Music Entertainment,CC BY 4.0,https://creativecommons.org/licenses/by/4.0,Get Lucky,66609426,5NV6Rdv1a3I
Q1858715,London Elektricity,person,1996,United Kingdom,Q2082572,London Elektricity.jpg,Tom Godber,CC BY-SA 2.0,https://creativecommons.org/licenses/by-sa/2.0,Always Golden,2953879321,G5M7Rycl3nM
Q185928,Henry Mancini,person,1946,United States,Q848399|Q1141081|Q113493826,Henry Mancini.jpg,RCA Records,Public domain,,Moon River / Audrey’s Letter,3813527512,ypvlGJLKv9o
Q1860517,Pedro Iturralde,person,1929,Spain,Q1426909,Pedro Iturralde.jpg,Rai Fernandes Foto,CC BY 3.0,https://creativecommons.org/licenses/by/3.0,"Te amaré, te amo y te querré",882282052,
Q1860769,The La's,group,1984,United Kingdom,Q1190565,The La's.jpg,Masao Nakagami,CC BY-SA 2.0,https://creativecommons.org/licenses/by-sa/2.0,There She Goes,2518361,CZXLLMbJdZ4
Q186264,Darius Milhaud,person,1909,France,Q106576145,Darius Milhaud b Meurisse 1923.jpg,Agence de presse Meurisse,Public domain,,Suite Provencale: VIII. Vif (Studio),64252063,
Q18627374,Chancha Vía Circuito,person,2005,Argentina,Q1143744,Chancha Vía Circuito en la Expo Milán 2015.jpg,Ministerio de Cultura de la Nación,CC BY-SA 2.0,https://creativecommons.org/licenses/by-sa/2.0,,,
Q186318,Four Year Strong,group,2001,United States,Q3046632,Four Year Strong 2011-11-06 13.jpg,IllaZilla,CC BY-SA 3.0,https://creativecommons.org/licenses/by-sa/3.0,We All Float Down Here,3272715031,esCjADNzOy8
Q186327,Marilyn Manson,person,1989,United States,Q968730,Marilyn Manson Live in Roma 25 july 2017- 44 (cropped).jpg,Livioandronico2013,CC BY-SA 4.0,https://creativecommons.org/licenses/by-sa/4.0,The Beautiful People,87938845,Ypkv0HeUvTc
Q18645820,Geraldo Pino,person,1939,Nigeria,Q106641536,,,,,Heavy Heavy Heavy,10713028,QiQr6Kq9wY4
Q1866673,Anthony Santos,person,1990,Dominican Republic,Q40461,Anthony Santos - United Palace 2010 (4425908847).jpg,809 NEW YORK MAGAZINE,CC BY 2.0,https://creativecommons.org/licenses/by/2.0,Bellas,2953784051,0w1eAAmOU4k
Q18672192,Robert Johnson,person,,,Q9759|Q649823|Q1127539|Q65936357,,,,,,,
Q186840,Brenda Fassie,person,1981,South Africa,Q110230812,,,,,Vuli Ndlela,3339286561,JB-OGtSEc64
Q18690241,Squaremeat,group,,Finland,Q2497323,,,,,,,
Q1869710,Outlaws,group,1972,United States,Q852767,TheOutlawsHughieChris06.jpg,Carl Lender at https://www.flickr.com/photos/clender/,CC BY-SA 3.0,http://creativecommons.org/licenses/by-sa/3.0/,Green Grass & High Tides,1043323,r2UEqMxcspw
Q1870526,Pibes Chorros,group,2000,Argentina,Q1143752,,,,,Que calor,81698968,r_g80kvA4cE
Q1870545,Los Jaivas,group,1963,Chile,Q107267446,Los jaivas.jpg,Unknown author,Public domain,,La Poderosa Muerte,3261017971,8AO8pY09h_Y
Q1870547,Los Shapis,group,1981,Peru,Q7171184|Q1143741,LOS SHAPIS.jpg,Nunasami,CC BY-SA 3.0,https://creativecommons.org/licenses/by-sa/3.0,Corazón Andino,665889022,JrM2y3L_C28
Q1870602,Los Van Van,group,1969,Cuba,Q371745|Q1756680,Los Van Van dans les nuits d'Afrique Montréal 2015.jpg,Bull-Doser,Public domain,,,,
Q1872126,Louisa Mark,person,1975,United Kingdom,Q1872505,,,,,Caught You in a Lie,3272100591,jEaP0e7_INM
Q1873785,A Split-Second,group,1986,Belgium,Q1890098,A Split Second.jpg,Marcinwiacek,CC BY-SA 4.0,https://creativecommons.org/licenses/by-sa/4.0,Flesh,1271974102,-FDy-RVeI-A
Q187576,Secret Garden,group,1995,Norway,Q98528207,Secret Garden1.jpg,paddynapper,CC BY-SA 2.0,https://creativecommons.org/licenses/by-sa/2.0,Nocturne,504219992,y5beWOIecS4
Q18763975,A. G. Cook,person,2011,United Kingdom,Q106591506|Q104695865,A. G. Cook.jpg,hinnk,CC BY-SA 3.0,https://creativecommons.org/licenses/by-sa/3.0,Britpop,2736929661,kmhvFpsjLi8
Q187814,Tracy Chapman,person,1986,United States,Q11700058,Tracy Chapman 3.jpg,Hans Hillewaert,CC BY-SA 4.0,https://creativecommons.org/licenses/by-sa/4.0,Fast Car,2271563,AIOAlaACuv4
Q187844,Pitbull,person,1998,,Q19358266,"Pitbull, 2012 (2).jpg",Eva Rinaldi,CC BY-SA 2.0,https://creativecommons.org/licenses/by-sa/2.0,Timber,71403230,hHUbLv4ThOo
Q188111,Ayumi Hamasaki,person,1993,Japan,Q131578,Ayumi Hamasaki in London (cropped).jpg,Laura Cervantes Roura,CC BY 3.0,https://creativecommons.org/licenses/by/3.0,,,
Q18815170,Kwaw Kese,person,1901,Ghana,Q1619932,,,,,Swedru Agona,1861959897,8VGgDzBNfvE
Q1882498,Mac Wiseman,person,1944,United States,Q7832321,Mac Wiseman 2008.jpg,Tom Pich,Public domain,,These Hands,12055598,v7gW0SLDV8k
Q188407,Snow Patrol,group,1994,Scotland,Q3231749,Snow Patrol Band.jpg,"Ellen van Bodegom, from Rotterdam, The Netherlands",CC BY 2.0,https://creativecommons.org/licenses/by/2.0,Open Your Eyes,2277698,fk1Q9y6VVy0
Q1884181,Sachiko M,person,1994,Japan,Q3587612|Q2484587|Q7306376,,,,,,,
Q18857432,Lost Frequencies,person,2014,Belgium,Q18342587,2016 Open Beatz - Lost Frequencies - by 2eight -DSC 5232.jpg,Stefan Brending (2eight),CC BY-SA 3.0,https://creativecommons.org/licenses/by-sa/3.0,Where Are You Now,1432930542,PoP2Sa7wYNQ
Q188626,Sonic Youth,group,1981,United States,Q1641839|Q181861,Sonic Youth 2009.05.30 001.jpg,livepict.com,CC BY-SA 3.0,https://creativecommons.org/licenses/by-sa/3.0,Kool Thing,912072,SDTSUwIZdMk
Q1886342,Makgona Tsohle Band,group,1964,South Africa,Q1914924,,,,,,,
Q1886400,Old Man's Child,group,1993,Norway,Q1621467,Galder from Dimmu Borgir.jpg,Shadowgate (from Flickr),CC BY 2.0,https://creativecommons.org/licenses/by/2.0,Black Seeds On Virgin Soil,108604538,q3MJnpC59Kc
Q188713,The Kinks,group,1964,United Kingdom,Q1702909|Q98528293,Fanclub - The Kinks 2.png,VARA. Photographer: W. Veenman,CC BY-SA 3.0 nl,https://creativecommons.org/licenses/by-sa/3.0/nl/deed.en,Sunny Afternoon,3786491532,TYIl6n_SRCI
Q1887278,Oingo Boingo,group,1972,United States,Q106654134,,,,,Stay,549279842,DwRnW89EsxI
Q1887369,The Meters,group,1965,United States,Q164444,Meters Wikepedia.jpg,Annettejones07,CC BY-SA 3.0,https://creativecommons.org/licenses/by-sa/3.0,,,
Q1887441,Nicanor Abelardo,person,1893,Philippines,Q6444335,Nicanor Abelardo Postage Stamp.jpg,Philippine Postal Corporation,Public domain,,,,
Q1887722,? and the Mysterians,group,1962,United States,Q211573,,,,,96 Tears,2950821,bOCOMYGIfUQ
Q1888098,Ultima Thule,group,1984,Sweden,Q1784032,,,,,,,
Q1889385,Pan Sonic,group,1993,Finland,Q105763581|Q1100989,Pansonic2.jpg,Mike Burns,CC BY-SA 2.0,https://creativecommons.org/licenses/by-sa/2.0,Rahina i,75571691,UwOcE4UeS4o
Q1889636,Jules de Corte,person,1924,Kingdom of the Netherlands,Q106917640,Jules-de-corte-2010-09-10.jpg,"H.Brander, Wieringerwerf",CC BY 3.0,https://creativecommons.org/licenses/by/3.0,Ik Zou Wel Eens Willen Weten,680476562,cFlJ6EvicF0
Q188969,B.B. King,person,1949,United States,Q9759|Q640097,B.B. King (46264650642).jpg,"John Mathew Smith &amp; www.celebrity-photos.com from Laurel Maryland, USA",CC BY-SA 2.0,https://creativecommons.org/licenses/by-sa/2.0,The Thrill Is Gone,538698692,xVxCtt3s_1M
Q1890473,Osibisa,group,1969,United Kingdom,Q3606268,Osibisa.jpg,David Hemming,CC BY 3.0,https://creativecommons.org/licenses/by/3.0,Dance the Body Music,596602842,keSn0GhKqfc
Q1890975,Manolito y su Trabuco,group,,Cuba,Q371745,,,,,Se Rompieron los Termómetros,11932727,A33d1UQv4-g
Q1891055,Manos Loïzos,person,1937,Greece,Q53806314,,,,,To Zeibekiko Tis Evdokias,1593935261,
Q1891138,The Go-Betweens,group,1977,Australia,Q1190565,,,,,Streets of Your Town,879800802,8M_P_xX9Cmw
Q1891322,Sleater-Kinney,group,1995,United States,Q677542,Sleater-Kinney - backstage SXSW 2006 - crop.jpg,"Charlie Llewellin from Austin, USA",CC BY-SA 2.0,https://creativecommons.org/licenses/by-sa/2.0,Dig Me Out,1137094992,c620wBEOqLE
Q1891477,W&W,group,2007,Netherlands,Q15300817,W&W @ Airbeat One 2016.jpg,Q1q2q3qwertz,CC BY-SA 4.0,https://creativecommons.org/licenses/by-sa/4.0,Impacto (Makina),4271036522,VuIkd-NfG4M
Q1891766,Puissance,group,1993,Sweden,Q1078010,,,,,,,
Q18921645,Hannah Diamond,person,2013,,Q104695865,Hannah Diamond @ Moroccan Lounge 10 18 2023 (53423748734).jpg,Justin Higuchi,CC BY 2.0,https://creativecommons.org/licenses/by/2.0,Every Night,1173827092,EPFvbc4onks
Q1892509,Spyro Gyra,group,1974,United States,Q846833,Spyro Gyra - jazz band.JPG,JTF Guantanamo photo by Army Sgt. Emily Greene,Public domain,,Morning Dance,1586982012,bVDZ5UY_oDw
Q1892935,Marcel Azzola,person,1927,France,Q7770873,"Marcel Azzola, 2005.jpg",Nouvel Accord,CC BY-SA 4.0,https://creativecommons.org/licenses/by-sa/4.0,Indifférence,896685,cMdvp2ZmZWE
Q1893336,Prince Nico Mbarga,person,1970,Nigeria,Q963061,,,,,Sweet Mother,136214586,uLxfpw5KePs
Q189382,King Crimson,group,1968,United Kingdom,Q49451,King Crimson - Dour Festival 2003 (01).jpg,Hunter Desportes,CC BY 2.0,https://creativecommons.org/licenses/by/2.0,Matte Kudasai,691923122,eoAupjcnm1c
Q18943660,Felix Jaehn,person,2012,Germany,Q18342587,Airbeat One Felix Jaehn 2015 by Denis Apel-1208.jpg,Denis Apel,CC BY-SA 4.0,https://creativecommons.org/licenses/by-sa/4.0,It's Not Right But It's Okay,3261092671,yiMexsnQ9rE
Q189534,Arvo Pärt,person,1935,Soviet Union,Q612024|Q2164565|Q781815,Arvo Pärt.jpg,Woesinger,CC BY-SA 2.0,https://creativecommons.org/licenses/by-sa/2.0,Spiegel im Spiegel,2430837735,TJ6Mzvh3XCc
Q1895390,Nickel Creek,group,1989,United States,Q3307225,NickelCreek2005.jpg,"Josh Mock from San Luis Obispo, USA",CC BY 2.0,https://creativecommons.org/licenses/by/2.0,Destination,76187542,sIt8aN01NlY
Q189544,Adolphe Adam,person,1803,France,Q4851628,Adolphe Adam.jpg,Nicolas Eustache Maurin,Public domain,,,,
Q18960277,Orchestra Marrabenta Star de Moçambique,group,1979,Mozambique,Q1786724,,,,,,,
Q189635,Eagles,group,1971,United States,Q613408|Q56351111,"The Eagles in performance, 2008.jpg",Steve Alexander,CC BY-SA 2.0,https://creativecommons.org/licenses/by-sa/2.0,Hotel California,426703682,dLl4PZtxia8
Q18967146,Current Value,group,1997,Germany,Q11830421,,,,,Changes,2516275381,RBQW5pTswdA
Q1896942,Marianne und Michael,group,,,Q2532274,,,,,I wui nur z'ruck zu dir (Hallo Maus),80782780,PC8OYVFRke8
Q189729,Philip Glass,person,1964,United States,Q3512282|Q572901,Philip Glass 018 crop.jpg,Pasquale Salerno,CC BY-SA 2.0,https://creativecommons.org/licenses/by-sa/2.0,Tales from the Loop,916250262,DFS_93qK1qE
Q189758,Marvin Gaye,person,1959,United States,Q131272|Q105334717|Q9078960,Marvin Gaye (1973 publicity photo).jpg,"Photograph by Jim Britt, whose other (copyrighted) photos of Gaye from the same session—many of them in full color—can b",Public domain,,What's Going On,1133408852,o5TmORitlKk
Q189766,Luigi Boccherini,person,1756,Republic of Lucca,Q17723,LBoccherini.jpg,Pompeo Batoni,Public domain,,Minuet,973568852,2AZOknKotVc
Q19004,Skrillex,person,2004,United States,Q851213|Q20903,From First To Last - Emo Nite 2 - PH Carl Pocket (cropped).jpg,Carl Pocket,CC BY-SA 4.0,https://creativecommons.org/licenses/by-sa/4.0,Make It Bun Dem,25746431,BGpzGu9Yp6Y
Q190155,Van Halen,group,1972,United States,Q83270|Q2526653,VanHalenwithHagar.jpg,bella lago from USA,CC BY-SA 2.0,https://creativecommons.org/licenses/by-sa/2.0,Jump,97098410,SwYN7mTi6HM
Q1902939,Marta Valdés,person,1955,Cuba,Q5393053,,,,,,,
Q19057,The Specials,group,1977,United Kingdom,Q54365|Q209498,The Specials.JPG,Robman94,CC BY-SA 3.0,https://creativecommons.org/licenses/by-sa/3.0,A Message to You Rudy,1787605117,cntvEDbagAw
Q1906374,Mary Mary,group,1998,United States,Q5967604,Erica and Tina Campbell.jpg,White House photo by Krisanne Johnson,Public domain,,Shackles (Praise You),626167,i1L2lToMlB4
Q190933,Anton Webern,person,1908,Austria,Q613707|Q507246|Q788460,Anton Webern (1883–1945) 1927 © Georg Fayer (1891–1950) OeNB 10450290.png,Georg Fayer,Public domain,,,,
Q1911474,Maurice Williams and the Zodiacs,group,1957,United States,Q4875789,,,,,,,
Q191319,Zenzile,group,,France,Q108107635,Zenzile.jpg,Gigidimarchetti,CC BY-SA 3.0,https://creativecommons.org/licenses/by-sa/3.0,,,
Q191352,Portishead,group,1991,United Kingdom,Q205560,Portishead Wolverhampton 20080413-1.jpg,Black Kite,CC BY-SA 3.0,https://creativecommons.org/licenses/by-sa/3.0,Glory Box,982678,4qQyUi4zfDs
Q191408,Francis Poulenc,person,1899,France,Q106576145|Q2737175,Francis Poulenc and Wanda Landowska (cropped).jpg,Unknown author,Public domain,,Gymnopédie No. 1,121927622,jSVSEt6TPZs
Q1914898,Mbaraka Mwinshehe,person,1944,,Q3868787,,,,,Masika Mtindo Mpya (Masika - Le nouveau Style / Masika - The New Style),116412652,
Q191499,Scott Joplin,person,1895,United States,Q2976236|Q185652,Scott Joplin.jpg,Unknown author,Public domain,,The Entertainer,143889612,7cFkae0j_Ns
Q1915490,Meat Katie,person,1998,United Kingdom,Q1756101,,,,,Highly Unlikely,125035946,T0D9mpsjaK4
Q191915,Zero 7,group,1997,United Kingdom,Q757143|Q251192,Sia Furler and Zero 7 in concert.jpg,AZAdam,CC BY-SA 2.0,https://creativecommons.org/licenses/by-sa/2.0,In The Waiting Line,3366891221,V1zrEGsj234
Q1921113,Merauder,group,1990,United States,Q131286017,Merauder Live.jpg,NYsmooth,CC BY-SA 4.0,https://creativecommons.org/licenses/by-sa/4.0,Master Killer,108637056,gknNYog0vfE
Q192185,Aaron Copland,person,1900,United States,Q4851628,Aaron Copland in 1962.jpg,CBS Television,Public domain,,Appalachian Spring: Allegro -,71933170,
Q1922029,Merrill Moore,person,1923,United States,Q106562392,,,,,,,
Q192260,Yngwie Malmsteen,person,1978,Sweden,Q725011,Yngwie Malmsteen 1.jpg,Alterna2 http://www.alterna2.com,CC BY 2.0,https://creativecommons.org/licenses/by/2.0,Rising Force,1159257,n27v6p93Yxo
Q192353,Jethro Tull,group,1967,United Kingdom,Q49451,Ian Anderson and Martin Barre 2006.jpg,Snafje at Dutch Wikipedia,Public domain,,Aqualung,3105318,N4zPu3ISCGs
Q192359,João Gilberto,person,1950,Brazil,Q486263,João Gilberto.jpg,"Tuca Vieira from São Paulo, Brazil",CC BY-SA 2.0,https://creativecommons.org/licenses/by-sa/2.0,,,
Q192402,Rufus Wainwright,person,1988,United States,Q22991878,"Oliver Mark - Rufus Wainwright, Berlin 2010.jpg",Oliver Mark,CC BY-SA 4.0,https://creativecommons.org/licenses/by-sa/4.0,Hallelujah,1565012,xR0DKOGco_o
Q192463,Creedence Clearwater Revival,group,1968,United States,Q1929352|Q675553,Creedence Clearwater Revival 1968.jpg,Fantasy Records,Public domain,,Have You Ever Seen The Rain,86391911,u1V8YRJnr4Q
Q192609,Clannad,group,1970,Ireland,Q98528207|Q854451|Q7482056,Clannad at Meteor Awards.jpg,Brian Honne at English Wikipedia,Public domain,,In a Lifetime,3783319702,KsSsb_bxmMk
Q192725,The Yardbirds,group,1963,United Kingdom,Q1702909|Q4971442,Yardbirds2006 2.JPG,Corentin Lamy,CC BY-SA 3.0,http://creativecommons.org/licenses/by-sa/3.0/,Heart Full of Soul,93354976,3byqON1lHo4
Q1928449,Slim Whitman,person,1948,United States,Q3696098,Slim Whitman 1968.JPG,"Wil-Helm Agency (management)/photo by Fabry, Nashville",Public domain,,A Fool Such As I,638507492,W42fEyMFGiI
Q1928543,Michael Martin Murphey,person,1964,United States,Q4490991|Q1425111,Michael Martin Murphey 2012.JPG,Bede735c,CC BY-SA 3.0,https://creativecommons.org/licenses/by-sa/3.0,Wildfire,3337376,ufMmhL3sFL0
Q192861,Venom,group,1979,United Kingdom,Q370515|Q211723|Q132438,Venom at Party.San Metal Open Air 2013.jpg,Jonas Rogowski,CC BY-SA 3.0,https://creativecommons.org/licenses/by-sa/3.0,Don't Burn the Witch,3786484682,E96Gw1Upi48
Q192863,Amon Amarth,group,1992,Sweden,Q213149|Q253918,Amon Amarth - Tuska 2011 - 10.JPG,Cecil,CC BY-SA 3.0,https://creativecommons.org/licenses/by-sa/3.0,Twilight Of The Thunder God,70876820,mfcTbK-U1YQ
Q1929085,Valdir Azevedo,person,1923,Brazil,Q1076539,Waldir Azevedo.jpg,EduardoAP,CC BY-SA 4.0,https://creativecommons.org/licenses/by-sa/4.0,Brasileirinho,1501108782,
Q1929135,Ray Price,person,1948,United States,Q106561868|Q3140141,Ray Price.jpg,MHarrison,CC BY-SA 3.0,https://creativecommons.org/licenses/by-sa/3.0,,,
Q192958,Carlo Gesualdo,person,1585,Kingdom of Naples,Q193217,Gesualdo3.jpg,Unknown author,Public domain,,,,
Q192983,TVXQ,group,2003,South Korea,Q213665,180320 동방신기 02.jpg,dispatchsns,CC BY 3.0,https://creativecommons.org/licenses/by/3.0,주문-MIROTIC,728457722,HtJS32n6LNQ
Q1930798,Nurse With Wound,group,1979,United Kingdom,Q487965,Steve Stapleton.jpg,jdlennon,CC BY 2.0,https://creativecommons.org/licenses/by/2.0,Spiral Theme,9880638,-GBuA25ZZMw
Q193172,Burzum,group,1991,Norway,Q48971892|Q132438|Q65937017,Burzum2010.svg,vıכıaяפ ᚨ,Public domain,,Ea. Lord of the Depths,14475864,7-aF0tqXsRs
Q193174,Rhapsody of Fire,group,1993,Italy,Q57143,Rhapsody Buenos Aires 2010.JPG,G f - X for www.zonametal.com.ar,CC BY 3.0,https://creativecommons.org/licenses/by/3.0,Emerald Sword,486339292,FjpSm1wRuYM
Q193218,Röyksopp,group,1998,Norway,Q817138,Royksopp 2014-09-29 001 (cropped).jpg,Stian Andersen,CC BY 3.0,https://creativecommons.org/licenses/by/3.0,Sordid Affair,89760543,f8JhkiWR114
Q1933273,KaS Product,group,1980,France,Q2343562,,,,,Man of Time,1981605447,pTAeW_WOGaQ
Q1933496,Ned's Atomic Dustbin,group,1987,United Kingdom,Q1987105,NedsWolves07.jpg,Original uploader was ChrisTheDude at en.wikipedia,CC BY-SA 3.0,http://creativecommons.org/licenses/by-sa/3.0/,Kill Your Television,15193462,ZA2371iADS0
Q1933793,RJD2,person,1993,United States,Q1077172,RJD2 at Moogfest 2014 (cropped).jpg,TheDapperDan,CC BY 3.0,https://creativecommons.org/licenses/by/3.0,Ghostwriter,4563487,rVqAdIMQZlk
Q1934666,Ron Hardy,person,1958,United States,Q1071961,,,,,Sensation,1600909202,WSpNvS5fa_E
Q193534,Sertab Erener,person,1992,Turkey,Q7855391,Sertab Erener - 15. Radyo Boğaziçi Ödülleri (cropped).jpg,MHIRM,CC BY-SA 3.0,https://creativecommons.org/licenses/by-sa/3.0,Olsun,124448368,_v98All94pc
Q1935572,Millionaires,group,2007,United States,Q2426383,Millionaires @ Warped Tour.jpg,Todd Markel,CC BY-SA 3.0,https://creativecommons.org/licenses/by-sa/3.0,Take Your Shirt Off,68445555,dPlW7rt8VZA
Q1936300,Ramsey Lewis,person,1956,United States,Q1615483,Ramsey Lewis.jpg,"Tomas Forgac Bratislava, Slovakia",CC BY 2.0,https://creativecommons.org/licenses/by/2.0,Look-A-Here,1999242487,YP_Q8EtAeQ4
Q193673,Muzio Clementi,person,1752,United Kingdom of Great Britain and Ireland,Q17723,Muzio Clementi.jpg,Aleksander Orłowski,Public domain,,"Sonatina No. 2 in G Major, Op. 36; I. Allegretto",1709251477,
Q1936730,Derrick Morgan,person,1957,Jamaica,Q108807661,,,,,Do the Beng Beng,762959602,Qfe50CeqZQo
Q193676,Ludacris,person,1998,United States,Q8560269,Ludacris 2008 (cropped).jpg,Toglenn,CC BY-SA 3.0,https://creativecommons.org/licenses/by-sa/3.0,Area Codes,2534219,DwGKDF9Y1r4
Q1937415,Misery Index,group,2001,United States,Q888612,MiseryIndex band1.jpg,Jason Netherton / Misery Index (flickr profile),CC BY 2.0,https://creativecommons.org/licenses/by/2.0,Feral Future,4053950841,ZTJ6ZiktiM8
Q193744,Tori Amos,person,1979,United States,Q2090023,Tori Amos Adelaide 2007.jpg,Indolent Dandy,CC BY-SA 2.0,https://creativecommons.org/licenses/by-sa/2.0,Cornflake Girl,675582,w_HA5Czhtx4
Q1939097,Mission of Burma,group,1979,United States,Q659599,Mission of Burma-51.jpg,neonwar,CC BY 2.0,https://creativecommons.org/licenses/by/2.0,That's When I Reach for My Revolver,949204,n818AE4H-E8
Q1940929,Michio Miyagi,person,1894,Empire of Japan,Q106586236|Q7497655|Q11603109,Michio Miyagi.jpg,"◆日本音楽の巨匠 Masters of Japan 宮城道雄 生田流箏曲,2005",Public domain,,Haru No Umi,371855861,29WgFkhv62w
Q194287,Joe Satriani,person,1978,United States,Q1650296,Joe satriani without sunglasses 2004.jpg,Michael Hanselmann,CC BY-SA 3.0,https://creativecommons.org/licenses/by-sa/3.0,"Always with Me, Always with You",8146936,VI57QHL6ge0
Q194333,Billy Joel,person,1964,United States,Q2090023,Billy Joel Shankbone NYC 2009.jpg,David Shankbone,CC BY 3.0,https://creativecommons.org/licenses/by/3.0,Uptown Girl,1025659,hCuMWrfXG4E
Q1947215,Moravanka,group,1971,,Q127270988,,,,,,,
Q19520573,Om Unit,person,2010,United Kingdom,Q107010574,,,,,The Silence,466218012,Z1UhMdu53Ak
Q1953954,Musa Eroğlu,person,1969,Turkey,Q1810546,Eroğlu.jpg,Princeofspatium,CC BY-SA 4.0,https://creativecommons.org/licenses/by-sa/4.0,Candan İleri,66158137,zNmHbY55pHg
Q195439,Jason Aldean,person,2005,United States,Q16954055,Jason Aldean.jpg,Gage Skidmore,CC BY-SA 4.0,https://creativecommons.org/licenses/by-sa/4.0,Songs About Us,4029205631,_2iUc9LSGnk
Q19544251,Ben Decca,person,1954,Cameroon,Q1815364,Ben Decca en veste.jpg,Minette Lontsie,CC BY-SA 4.0,https://creativecommons.org/licenses/by-sa/4.0,Souffrance d'amour,1151222242,NAcE-H4Dh34
Q1955333,Musiq Soulchild,person,1995,United States,Q268253,Musiq-Soulchild 2009-02-27.jpg,Photobra,CC BY-SA 3.0,http://creativecommons.org/licenses/by-sa/3.0/,Halfcrazy,2294575,IP4V3TTC3fw
Q19561463,Susan McCann,person,1976,,Q5177472,Susan McCann.jpg,Susan McCann,CC0,http://creativecommons.org/publicdomain/zero/1.0/deed.en,Dublin In My Tears,63784913,
Q19571788,GFOTY,person,2012,United Kingdom,Q106591506,,,,,Tongue,1213625592,qzo2vvUWLoo
Q19571978,Culoe De Song,person,2007,,Q388100,,,,,The Bright Forest,4766078,0odxZ3L2hlI
Q1958523,Antonio Aguilar,person,1950,Mexico,Q727634|Q869210,Antonio Aguilar in The Undefeated.jpg,unknown (20th Century Fox),Public domain,,Un Puño de Tierra,3225186201,mxplRc6a0aQ
Q1959559,The Starting Line,group,1999,United States,Q3724735,Tslband.jpg,The original uploader was Ericstrategy at English Wikipedia.,CC BY 2.0,https://creativecommons.org/licenses/by/2.0,The Best Of Me,4709605,cvYVmxHzQmw
Q1960658,Domingos Caldas Barbosa,person,1740,Brazil,Q1692318,O Beneficiado. Domingos Caldas Barboza (Lereno Selinuntino). Fallecido em 1800.jpg,"According to Brazilian copyright law (Law 9.610 of February 19, 1998; see translation): Article 41: The author’s economi",Public domain,,,,
Q1961659,The Cats,group,1965,Netherlands,Q1936659|Q2047814,The Cats - TopPop 1974 3.png,AVRO,CC BY-SA 3.0 nl,https://creativecommons.org/licenses/by-sa/3.0/nl/deed.en,Let's Dance,490422382,6jbaVQVfCr4
Q19629991,Serge Beynaud,person,1987,Ivory Coast,Q513357,Serge Beynaud 02.jpg,Yroland,CC BY-SA 4.0,https://creativecommons.org/licenses/by-sa/4.0,C'est dosé,1706371417,lvCCqkkweyw
Q1964456,Counterstrike,group,1998,,Q11830421,,,,,Million Fucking Pieces,886643532,7TCnNoGupLU
Q19646960,Richard Dawson,person,1981,United Kingdom,Q108297184,Richard Dawson 2015.jpg,"Xi WEG from Poitiers, France",CC BY 2.0,https://creativecommons.org/licenses/by/2.0,Lily,1482386882,iO_FzRjmXiY
Q19654855,Forgemasters,group,,United Kingdom,Q106522080,,,,,,,
Q1966715,Loefah,person,1980,United Kingdom,Q20474,,,,,Disco Rekah,88016787,FQ-ZGyjdkMg
Q1966962,Enduser,person,2000,United States,Q903735|Q1275972,,,,,,,
Q1969179,Raulín Rodríguez,person,1993,Dominican Republic,Q40461,Raulín Rodríguez - Imagenes Dominicanas (Cropped).jpg,Amaury Mo,CC BY-SA 3.0,https://creativecommons.org/licenses/by-sa/3.0,Medicina De Amor,7878992,5xkhZw0NP7A
Q19694577,Jambinai,group,2009,South Korea,Q121437389,20160708-Rudolstadt-Festival-Jambinai-04849.jpg,Carstor,CC BY 3.0,https://creativecommons.org/licenses/by/3.0,In The Woods,651691242,ErbdE5niMnE
Q1969478,The Moonglows,group,1953,United States,Q546359,The Moonglows 1956.jpg,Chess Records,Public domain,,,,
Q1969558,Otomo Yoshihide,person,1987,Japan,Q3587612|Q2484587,Otomo Yoshihide.jpg,Schorle,CC BY-SA 3.0,http://creativecommons.org/licenses/by-sa/3.0/,Ending Theme,1750470137,oQfoIY4du5w
Q19697,Motörhead,group,1975,United Kingdom,Q12326776|Q38848|Q211723,"Motorhead in Indianapolis (September 9, 2015) - Jessica Branstetter 09.jpg",Jessica Branstetter,CC BY 2.0,https://creativecommons.org/licenses/by/2.0,Ace of Spades,3803071362,3mbvWn1EY6g
Q1970440,The Blue Nile,group,1981,United Kingdom,Q264289,,,,,Over the Hillside,1698858397,jO2YdtdTiYw
Q1970451,3 Steps Ahead,person,1994,Kingdom of the Netherlands,Q820049,,,,,Drop It,2113397177,C4DCSEa1kc4
Q1971254,Sol Invictus,group,1987,United Kingdom,Q775614|Q106621114,Sol Invictus Live.jpg,Michael Moll,CC BY-SA 3.0,http://creativecommons.org/licenses/by-sa/3.0/,,,
Q1971542,Ryoji Ikeda,person,1995,Japan,Q1100989|Q3503814,CarstenNicolai RyojiIkedaMoscow2007.jpg,L'ATELIERDEJACQUES/86ONION,CC BY-SA 2.0,https://creativecommons.org/licenses/by-sa/2.0,data.microhelix,2283076157,kMlUs86fktA
Q1971690,The Teardrop Explodes,group,1978,United Kingdom,Q703778,,,,,,,
Q197230,16 Horsepower,group,1992,United States,Q65052052,Edwardsgit.jpg,Barbara Mürdter,CC BY-SA 3.0,http://creativecommons.org/licenses/by-sa/3.0/,For Heaven's Sake,7376377,gSaQ3Zk3HZs
Q19734,DJ Ötzi,person,1999,Austria,Q114443489,DJÖtzi Das Beste der Feste1.jpg,CHR!S,CC BY-SA 4.0,https://creativecommons.org/licenses/by-sa/4.0,Sweet Caroline,610853582,uOJ6J__L-fo
Q1974431,Negritude Júnior,group,1986,Brazil,Q10343541,Sambagamboa negritudejr 01.jpg,Mídia promocional do programa Samba na Gamboa,CC BY 3.0 br,https://creativecommons.org/licenses/by/3.0/br/deed.en,Beijo Geladinho,3324833,v93U9umJOKE
Q19744918,Via Vallen,person,2006,Indonesia,Q1159539|Q31174954,Via Vallen ICA 2018.png,Netmediatama,CC BY 3.0,https://creativecommons.org/licenses/by/3.0,Sayang,3711887712,UtjFu8c_goE
Q19758833,Billy J. Kramer & The Dakotas,group,,United Kingdom,Q2344635,,,,,,,
Q1976619,Robert Rich,person,1981,United States,Q98528139,,,,,Bija,2580933472,lgOWsdcWSVc
Q1978005,Nerf Herder,group,1994,United States,Q2324411,Nerf Herder Promo Band Photo 2013.jpg,NerfHerder band,CC BY-SA 3.0,https://creativecommons.org/licenses/by-sa/3.0,Golfshirt,1043485,
Q1980296,Joseph Kobzon,person,1956,Soviet Union,Q107539904,Official portrait of Iosif Kobzon (1).jpg,duma.gov.ru,CC BY 4.0,https://creativecommons.org/licenses/by/4.0,,,
Q19804505,A. Ramlie,person,1960,Singapore,Q12701217,,,,,,,
Q19816655,KSHMR,person,2014,United States,Q15300817,Kshmr-djmag-2024.jpg,KSHMR,CC0,http://creativecommons.org/publicdomain/zero/1.0/deed.en,Pretender,3574945091,0ivj1158HYY
Q19840134,Ghost Bath,group,2012,United States,Q16855754,,,,,Rose Thorn Necklace,3191158601,f8Z1WM_ILcU
Q19845354,Matoma,person,2014,Norway,Q18342587,Matoma Stavernfestivalen 2019 (163257).jpg,Tore Sætre,CC BY-SA 4.0,https://creativecommons.org/licenses/by-sa/4.0,Old Thing Back,94901972,FvbxDz6DClg
Q19846501,Bethel Music,group,2001,United States,Q1339121,,,,,O Holy Night/Holy Forever,3602155962,LK_SoLUiyKs
Q198546,R. Carlos Nakai,person,1982,United States,Q112593424,Carlos Nakai no concerto em Moscovo.jpg,"Hugo Ramos from Lisbon, Portugal",CC BY-SA 2.0,https://creativecommons.org/licenses/by-sa/2.0,Convergence,71989655,jlwl_kZjZXk
Q19873918,Danny L Harle,person,2010,United Kingdom,Q106591506,"Danny L. Harle, 2026 (cropped).jpg",Kalai Ramu,CC BY-SA 4.0,https://creativecommons.org/licenses/by-sa/4.0,Two Hearts,3790027382,6s72AHV2cfU
Q19881943,Stolas,group,2011,United States,Q115684103,,,,,,,
Q19886334,Orlando Julius,person,2022,Nigeria,Q388296|Q106641536,"Orlando Julius, Montreal 2016-07-06 - 081.jpg",Jeangagnon,CC BY-SA 4.0,https://creativecommons.org/licenses/by-sa/4.0,Disco Hi-Life,477618292,6VNu2MLdE0c
Q198939,Javier Solís,person,1950,Mexico,Q489913|Q464129|Q727634,Javier Solís in 1966 (cropped).jpg,Unknown author,Public domain,,En Tu Pelo,13266030,yuQku2CuIhA
Q1990153,Bardo Pond,group,1991,United States,Q109077288,,,,,Tantric Porno,946689,
Q1990612,Nikola Karović i Slavko Perović,group,,,Q8059887,,,,,,,
Q1990992,Azis,person,1999,Bulgaria,Q870340,Azis in 2018 (cropped).png,Azis Online,CC BY 3.0,https://creativecommons.org/licenses/by/3.0,,,
Q1991928,Amesoeurs,group,2004,France,Q16855754,,,,,Gas in Veins,3083177,UxBKlgjDC4M
Q1992348,Aldemaro Romero,person,1937,Venezuela,Q6050834,Aldemaro Romero.jpg,Guillermo Ramos Flamerich,CC BY 2.5,https://creativecommons.org/licenses/by/2.5,De Repente,645981472,o6Tzw_FJ2xE
Q1993035,Ninjaman,person,1978,Jamaica,Q740911,,,,,Ninja Mi Ninja,67957391,7ZkZxgi6pqc
Q1993589,Mỹ Tâm,person,1999,Vietnam,Q5398894,MY TAM - LIGHT & SHADOW LIVE - INAX VIETNAM.jpg,INAX Vietnam,CC BY 3.0,https://creativecommons.org/licenses/by/3.0,Nơi Mình Dừng Chân (Nhạc Phim Chị Trợ Lý Của Anh),866681342,
Q199666,Adoniran Barbosa,person,1935,Brazil,Q11403,Adoniran Barbosa 1935.jpg,Unknown author,Public domain,,Samba do Arnesto,3367387,P2EbpclTED8
Q1998551,Datsik,person,2008,Canada,Q20903,Ephwurd (cropped).jpg,Piper Ferguson,CC BY-SA 4.0,https://creativecommons.org/licenses/by-sa/4.0,Firepower,23615121,dXPhxF4xEjk
Q2000558,The Delfonics,group,1965,United States,Q1546028,The Delphonics 1995.jpg,"John Mathew Smith &amp; www.celebrity-photos.com from Laurel Maryland, USA",CC BY-SA 2.0,https://creativecommons.org/licenses/by-sa/2.0,Didn't I (Blow Your Mind This Time),95988012,gM6kZabHf4w
Q2000598,Steven Curtis Chapman,person,1987,United States,Q1379958,Steven Curtis Chapman.jpg,klndonnelly,CC BY 2.0,https://creativecommons.org/licenses/by/2.0,Cinderella,3139752,nrWMBC6yoME
Q2000851,The Avalanches,group,1997,Australia,Q1744304|Q7205507|Q7410145,StrokesRosendal080622-2 (52144817677).jpg,Raph_PH,CC BY 2.0,https://creativecommons.org/licenses/by/2.0,The Divine Chord,1165067842,TvZpn322LxE
Q2001096,Vice Squad,group,1978,United Kingdom,Q1750088,Vice Squad - 20051002.jpg,Unknown; originally uploaded to en.wikipedia by Stargtr at en.wikipedia.,CC BY-SA 3.0,http://creativecommons.org/licenses/by-sa/3.0/,Last Rockers,1663358432,
Q200131,Antônio Carlos Jobim,person,1956,Brazil,Q18345375|Q486263,Antônio Carlos Jobim (cropped).jpg,UnknownUnknown ; Restoration by User:PerfectSoundWhatever,Public domain,,,,
Q20019100,Tricot,group,2010,Japan,Q1132152,,,,,混ぜるな危険,2056229137,WC3VuXS_4xA
Q2004533,The Blasters,group,1979,United States,Q1929352,Dave Alvin.jpg,c8mills,CC BY 2.0,https://creativecommons.org/licenses/by/2.0,,,
Q20045968,MC Livinho,person,1994,Brazil,Q117745223,MC Livinho.png,Wagner Ribeiro,CC BY 3.0,https://creativecommons.org/licenses/by/3.0,Se Saudade Sentir (Se Prepara 3),3945487271,tkWviUWPI2E
Q2004743,Alabama Thunderpussy,group,1996,United States,Q56353998,Alabamathunderpussyband.jpeg,No machine-readable author provided. Cecil assumed (based on copyright claims).,Public domain,,,,
Q20049460,DJ Marfox,person,2002,Portugal,Q108297194,Dj-marfox.jpg,DJ Marfox,CC BY-SA 4.0,https://creativecommons.org/licenses/by-sa/4.0,Subliminar,958504702,4qAQvKqvyO8
Q20055659,Stormzy,person,2010,United Kingdom,Q1166726,Stormzy - Openair Frauenfeld 2019 03.jpg,Frank Schwichtenberg,CC BY-SA 4.0,https://creativecommons.org/licenses/by-sa/4.0,Own It,812034302,eYwbGaSurCQ
Q200577,Sean Paul,person,1994,Jamaica,Q474027,Sean Paul 2024 (cropped).jpg,BOSS TALK 101,CC BY 3.0,https://creativecommons.org/licenses/by/3.0,(When You Gonna) Give It Up to Me,3957322,f84PvI_xe8k
Q200580,Guillaume de Machaut,person,1300,France,Q163775|Q210854|Q188285|Q217295,Machaut.jpg,AnonymousUnknown author,Public domain,,Douce dame jolie (Machaut),64054136,
Q200586,Sheryl Crow,person,1986,United States,Q484641,SherlCrowBourbon220918-37 (40902712813) (cropped).jpg,Raph_PH,CC BY 2.0,https://creativecommons.org/licenses/by/2.0,All I Wanna Do,922014,ClbmWkbocoY
Q200717,Wynn Stewart,person,1954,United States,Q804401,Wynn Stewart.png,Capitol Records,Public domain,,"Another Day, Another Dollar",1164755352,ZeG1e7nsNIg
Q200769,The Flying Burrito Brothers,group,1968,United States,Q613408,The Flying Burrito Brothers.png,A&amp;M Records,Public domain,,,,
Q200791,Archie Shepp,person,1960,United States,Q211781,Archie shepp Warszawa 1.jpg,Kotoviski photographed by Henryk Kotowski,CC BY-SA 3.0,https://creativecommons.org/licenses/by-sa/3.0,Goin' Home,128124191,Vd-vGYpI82Q
Q2008329,Tante Leen,person,1912,Kingdom of the Netherlands,Q2138639,Tante Leen (1971).jpg,W. Punt for Anefo,CC0,http://creativecommons.org/publicdomain/zero/1.0/deed.en,Mijn Ouwe Amstelstad,1976803517,G4FjQVWgjUw
Q2008427,The Oak Ridge Boys,group,1947,United States,Q2022163,The Oak Ridge Boys by Gage Skidmore.jpg,Gage Skidmore,CC BY-SA 2.0,https://creativecommons.org/licenses/by-sa/2.0,Elvira,66335628,hKEpqTPfV7s
Q200867,Gustav Holst,person,1904,United Kingdom of Great Britain and Ireland,Q48810672,Gustav Holst.jpg,Herbert Lambert,Public domain,,"The Planets, Op. 32: Jupiter, the Bringer of Jollity",410625142,
Q20088184,She Past Away,group,2006,Turkey,Q3840596,14-07-26 Amphi She past away 08.jpg,Achim Raschka,CC BY-SA 4.0,https://creativecommons.org/licenses/by-sa/4.0,Mizantrop,3782458092,tL_EIneMByU
Q20088941,Nana Ampadu,person,1963,Ghana,Q963061,,,,,,,
Q2011936,Lonesome Sundown,person,1980,United States,Q534606|Q515074,,,,,Dealin' From The Bottom Of The Deck,846489752,isTFyBxNXF8
Q2012006,Emarosa,group,2006,United States,Q131481683,Emarosaband.jpg,Photographer Celina Muehlbauer,CC BY 2.0,https://creativecommons.org/licenses/by/2.0,Good Enough,3558315911,Jl7CJRNHQGw
Q201207,Stratovarius,group,1984,Finland,Q57143,Stratovarius - Wacken Open Air 2022 04.jpg,Frank Schwichtenberg,CC BY-SA 4.0,https://creativecommons.org/licenses/by-sa/4.0,Hunting High And Low,3794159792,kG4uQ6Tk7fY
Q201494,Harry Partch,person,1901,United States,Q109678435,Harry Partch portrait 1952.jpg,Unknown author,Public domain,,,,
Q20153,Girls' Generation,group,2007,South Korea,Q213665,220728 GG poleposition 266 (53595169645).jpg,"Spes Sublimitas from Korea, Republic Of",CC BY-SA 2.0,https://creativecommons.org/licenses/by-sa/2.0,Gee,728406632,U7mPqycQ0tQ
Q201669,Bad Religion,group,1980,United States,Q542703,2018 RiP - Bad Religion - by 2eight - 8SC7146.jpg,Stefan Brending (2eight),CC BY-SA 4.0,https://creativecommons.org/licenses/by-sa/4.0,American Jesus,378129111,h0vYMsVu3zA
Q20191939,Invent Animate,group,2011,United States,Q30587784,,,,,Heavener,2935774631,X-AU0GZCSUI
Q2019573,Bam Bam,group,,United States,Q341364,,,,,Dancing By Myself,3542406771,gl75wh6xLSA
Q202041,Jamiroquai,group,1992,United Kingdom,Q221772,Jamiroquai 2018 Coachella18W1-121 (27188172187).jpg,Raph_PH,CC BY 2.0,https://creativecommons.org/licenses/by/2.0,Virtual Insanity,1884719637,4JkIs37a2JE
Q2021108,Olodum,group,1979,Brazil,Q455686,Olodum-drummers.jpg,The original uploader was Mateuszica at Portuguese Wikipedia.,CC BY-SA 3.0,http://creativecommons.org/licenses/by-sa/3.0/,,,
Q2023132,Omar Pene,person,1955,Senegal,Q556959,Omar Pene Roubaix 2023.jpg,Score Beethoven,CC BY-SA 4.0,https://creativecommons.org/licenses/by-sa/4.0,Saï saï,366039171,nGziw_YhStg
Q202314,Thin Lizzy,group,1969,Ireland,Q83270,Thin Lizzy - TopPop 1974 1.png,AVRO,CC BY-SA 3.0 nl,https://creativecommons.org/licenses/by-sa/3.0/nl/deed.en,The Boys Are Back In Town,1101200,wIE5wwvicew
Q2023278,Omen,group,1983,United States,Q108665742,Omen.jpg,Metallatino1973,Public domain,,,,
Q2023435,Rob Haigh,person,1979,United Kingdom,Q1102161,,,,,,,
Q20235,Franzl Lang,person,1957,Germany,Q60030725,Franzl Lang (cropped).jpg,Unknown author,Public domain,,Auf und auf voll lebenslust,1235678602,oZwo-ui37rQ
Q202729,Jerry Lee Lewis,person,1949,United States,Q7749|Q203720|Q2090023,Jerry Lee Lewis 1950s publicity photo cropped retouched.jpg,"photographer:Maurice Seymour, Chicago",Public domain,,Great Balls Of Fire,2298330,w6VBlQbf-KU
Q2027370,Robbie Jansen,person,1949,South Africa,Q1034231,,,,,,,
Q202741,Blondie,group,1974,United States,Q187760,Blondie1977.jpg,Private Stock Records,Public domain,,Heart Of Glass,3121608,WGU_4-5RaxU
Q202937,Stevie Ray Vaughan,person,1965,United States,Q193355|Q1271752|Q640097|Q98528142|Q65937937,Stevie Ray Vaughan Live 1983.jpg,Bbadventure,CC BY-SA 4.0,https://creativecommons.org/licenses/by-sa/4.0,,,
Q2030958,The Spinners,group,1954,United States,Q1546028,The Spinners (1965).png,Motown,Public domain,,I'll Be Around,682789,DTNZylLm4Hk
Q20311234,Lane 8,person,2012,United States,Q116296482,"Spring Awakening Music Festival, Chicago 6 13 2015 (20045356531) (cropped).jpg",swimfinfan from Chicago,CC BY-SA 2.0,https://creativecommons.org/licenses/by-sa/2.0,You,3005166561,GOvOj7meAfg
Q2031558,Orquesta Aragón,group,1939,Cuba,Q16986699|Q107195014,,,,,Quiéreme Sempre,688222492,
Q2031683,Textures,group,2001,Netherlands,Q2532560,Textures.jpg,Dutch Tool,CC0,http://creativecommons.org/publicdomain/zero/1.0/deed.en,Awake,589619,oSYNhfkNGco
Q2031780,Rasputina,group,1992,United States,Q1166158,Rasputina1.jpg,Photographer Ryan Obermeyer. Copyright holder Virtual Label LLC.,CC BY-SA 3.0,http://creativecommons.org/licenses/by-sa/3.0/,Hunter's Kiss,30897841,OFEabq_SNz0
Q2032898,Paulo Flores,person,1972,Angola,Q1470503,Paulo Flores.png,Bantuwords,CC0,http://creativecommons.org/publicdomain/zero/1.0/deed.en,Njila ia Dikanga,1320311012,iA3ZbARcVtA
Q2033206,Intocable,group,1994,United States,Q1780056,Intocable0519-1000.jpg,en:User:Dwightmccann,CC BY-SA 2.5,https://creativecommons.org/licenses/by-sa/2.5,Fuerte No Soy,3495714,IpdGyN7BcMM
Q2033431,Red Harvest,group,1989,Norway,Q3008122,Redharvest bykfd.jpg,KFD,CC BY-SA 3.0,http://creativecommons.org/licenses/by-sa/3.0/,Anatomy of the Unknown,10609131,Ra66C-vMs34
Q203413,Alfredo Zitarrosa,person,1936,Uruguay,Q942955,,,,,El Violín de Becho,903233832,iuZAf39shbw
Q2036827,Utah Saints,group,1991,United Kingdom,Q1585075|Q898709,,,,,Something Good,436140182,f7hlMR-Xn9I
Q2037019,Banco de Gaia,person,1991,United Kingdom,Q3613770,,,,,Last Train To Lhasa,4247881851,BlZZZ9rA4XU
Q203736,Cream,group,1966,United Kingdom,Q193355|Q206159|Q918542,Cream Clapton Bruce Baker 1960s.jpg,General Artists Corporation (management) /Atco Records (the band's record label at one time).,Public domain,,Strange Brew,2265588,r0FFTd3bS_8
Q2038255,Celina González,person,1929,Cuba,Q3410882,Celina gonzalez2.jpg,https://www.ecured.cu/Usuario:Perico2_jc,CC BY 3.0,https://creativecommons.org/licenses/by/3.0,Lágrimas Negras,72993874,YemqX1yUnII
Q2038634,U. Srinivas,person,1978,India,Q956883,U. Srinivas 2009.jpg,"Aparna Subramanian from Pune, India",CC BY 2.0,https://creativecommons.org/licenses/by/2.0,,,
Q203871,Rush,group,1968,Canada,Q49451,Rush-in-concert.jpg,Enrico Frangi,Public domain,,Tom Sawyer,10303625,auLBLk4ibAk
Q2039834,Otto Luening,person,1900,United States,Q5969884,,,,,Invention In Twelve Tones,64260874,r-2CWG-oIF8
Q204092,Willie Dixon,person,1939,United States,Q1071873,Willie Dixon.jpg,Brianmcmillen,CC BY-SA 3.0,https://creativecommons.org/licenses/by-sa/3.0,Spoonful,848549,6HMafOfhAus
Q2042222,Bong-Ra,person,1972,Kingdom of the Netherlands,Q903735|Q1275972,,,,,,,
Q204289,Boston,group,1976,United States,Q379033|Q16527140,"Boston Strong Concert-May 30, 2013.jpg",Michael Borkson,CC BY-SA 2.0,https://creativecommons.org/licenses/by-sa/2.0,More Than a Feeling,84340025,t4QK8RxCAwo
Q204328,Kansas,group,1970,United States,Q16527140,Kansas Full 2.JPG,PePzi NL,Public domain,,Dust in the Wind,855863,tH2w6Oxx0kQ
Q2044389,Tyagaraja,person,1767,,Q956883,Tyagaraja (cropped).png,Unknown author,Public domain,,,,
Q2044704,Tielman Brothers,group,1947,Netherlands,Q2097664,Tielman Brothers Majalah AKTUIL Edisi 11 Tahun 1968 (retouched).png,Majalah AKTUIL Edisi 11 Tahun 1968,Public domain,,,,
Q20453682,M. Osman,person,1955,Malaysia,Q12701217,,,,,,,
Q205001,Talking Heads,group,1975,United States,Q217467|Q187760|Q2281409|Q598929|Q25094849,Talking Heads Remain In Light (1980 Sire publicity photo) (5-4 cropped).jpg,Distributed by Sire Records. Photographer uncredited.,Public domain,,Psycho Killer,747527,CJ54eImz88w
Q205322,Frankie Knuckles,person,1970,United States,Q851213|Q20502|Q1071961|Q874038,"Frankie Knuckles at The Mighty (SF), 2012 -2.jpg",HaeB,CC BY-SA 4.0,https://creativecommons.org/licenses/by-sa/4.0,,,
Q205356,Bonzo Dog Doo-Dah Band,group,1962,United Kingdom,Q1391336|Q5151495,Fenklup1968BonzoDogDooDah1.jpg,Unknown photographer,CC BY-SA 3.0 nl,https://creativecommons.org/licenses/by-sa/3.0/nl/deed.en,,,
Q2053632,Parlet,group,1978,United States,Q577080,,,,,You're Leaving,1762501287,Np3vmq-3l7Y
Q2056297,Pastor Troy,person,1998,United States,Q936573,Pastor Troy WHTA 2023.png,HOTSPOTATL,CC BY 3.0,https://creativecommons.org/licenses/by/3.0,No Mo Play In GA,1758526127,O-s0ZBIg6kE
Q205721,Joni Mitchell,person,1967,United States,Q106298881|Q89363113,Joni Mitchell 2021 Kennedy Center Honors (cropped).jpg,Library of Congress Life,CC0,http://creativecommons.org/publicdomain/zero/1.0/deed.en,Both Sides Now,780663,yXr2EFomFkU
Q205780,Tenacious D,group,1994,United States,Q1391336|Q5151495,TenaciousDO2160623 (38 of 62) (cropped).jpg,Raph_PH,CC BY 2.0,https://creativecommons.org/licenses/by/2.0,Wicked Game,2263251207,Sfz9jQ3KI5k
Q205838,Bloc Party,group,2003,United Kingdom,Q2281409|Q1899347,,,,,Lagoon Blue,3984109231,HQxomS-L2Ss
Q205876,Mighty Sparrow,person,1949,Grenada,Q752785,Mighty Sparrow 2015 (profile).jpg,U.S. Embassy Trinidad and Tobago,Public domain,,Short Little Shorts,4492341,QSbCGGl8aAU
Q206032,Gucci Mane,person,2001,United States,Q2913982,"Gucci Mane, Clout Festival 2024 03 (cropped).jpg",Wojciech Pędzich,CC BY 4.0,https://creativecommons.org/licenses/by/4.0,Wake Up in the Sky,553901882,U68MJz9DrI4
Q206112,Willie Nelson,person,1956,United States,Q83440|Q4490991|Q964658,Willie UK2K7 2.JPG,Robbiework at English Wikipedia (Original text: Robbiework (talk)),CC BY-SA 3.0,http://creativecommons.org/licenses/by-sa/3.0/,On the Road Again,17479920,dBN86y30Ufc
Q20615,Knife Party,group,2011,Australia,Q11691380|Q20903,"Knife Party @ Concord, Chicago.jpg",swimfinfan,CC BY-SA 2.0,https://creativecommons.org/licenses/by-sa/2.0,Bonfire,33993921,e-IWRmpefzE
Q206181,Hank Williams,person,1937,United States,Q83440|Q5128236|Q3140141|Q65943778,Hank Williams Promotional Photo.jpg,WSM radio,Public domain,,Jambalaya (On The Bayou),548865992,xnKOVPXhlnE
Q2062170,Trouble,group,1979,United States,Q186170|Q108979517,Trouble - Jalometalli 2008 - 02.jpg,Cecil,CC BY-SA 3.0,https://creativecommons.org/licenses/by-sa/3.0,The Tempter,1608891062,M0RXSkh2JI0
Q206244,Stéphane Grappelli,person,1908,Italy,Q844245,Stephane Grappelli Allan Warren.jpg,Allan warren,CC BY-SA 3.0,https://creativecommons.org/licenses/by-sa/3.0,You'd Be So Nice To Come Home To,1163826,
Q206275,Pérotin,person,1155,Kingdom of France,Q163775|Q163491,Pérotin photo.jpg,AnonymousUnknown author,Public domain,,,,
Q206304,Ray Conniff,person,1916,United States,Q848399,Ray Conniff (1967).png,Columbia Records,Public domain,,El Amor Es Algo Maravilloso,101271180,f1inL31YN0M
Q20630566,Mitch Murder,person,2009,Sweden,Q140369806,,,,,Sniper Rouge,140245689,AW2dxRr05gk
Q2063678,Tiktak,group,1999,Finland,Q1619932,TiktakSuomipop2018.jpg,Sitruunapippuri,CC BY-SA 4.0,https://creativecommons.org/licenses/by-sa/4.0,,,
Q2063684,Vesta Tilley,person,1864,United Kingdom of Great Britain and Ireland,Q940462,,,,,,,
Q206439,Isaac Hayes,person,1963,United States,Q105334717,Issac Hayes 1971 press photo.jpg,Unknown photographer,Public domain,,Theme From Shaft,361114341,l2IljsT3udw
Q20645861,Twice,group,2015,South Korea,Q213665,260618 TWICE.png,Upload: K-POPit 티비텐,CC BY 4.0,https://creativecommons.org/licenses/by/4.0,"TAKEDOWN (JEONGYEON, JIHYO, CHAEYOUNG)",3412534541,_cpn7cDJsD4
Q206466,Mahalia Jackson,person,1927,United States,Q180268|Q880270,"Mahalia Jackson 1962, van Vechten, LC-USZ62-91314 (cropped).jpg",Carl Van Vechten,Public domain,,Summertime / Sometimes I Feel Like a Motherless Child,106249326,Gx00XwzJp0c
Q20667368,Ladybaby,group,2015,Japan,Q16096634,"T-SPOOK 2016 Ladybeard, Furukawa Yuka & Pe (Onechans) (33773956182).jpg","Dick Thomas Johnson from Tokyo, Japan",CC BY 2.0,https://creativecommons.org/licenses/by/2.0,,,
Q20672,Pendulum,group,2002,Australia,Q188994|Q107332291,Pendulum Live Electric 2007.jpg,"wonker from London, United Kingdom",CC BY-SA 2.0,https://creativecommons.org/licenses/by-sa/2.0,Witchcraft,6113114,ogMNV33AhCY
Q2067516,Vicente Feliú,person,1947,Cuba,Q497957,Vicente Feliu 2015.jpg,Ministerio de Cultura de la Nación Argentina,CC BY-SA 2.0,https://creativecommons.org/licenses/by-sa/2.0,Créeme,11189234,BcnArkaNQLY
Q20684153,Hail the Sun,group,2009,United States,Q141458789|Q115684103,,,,,Human Target Practice,3801784402,6nMpPc3vKOs
Q20685120,Perturbator,person,2012,France,Q19938910|Q60973191,Perturbator - Rock am Ring 2017-AL6879.jpg,"Andreas Lawen, Fotandi",CC BY-SA 4.0,https://creativecommons.org/licenses/by-sa/4.0,Future Club,77796216,RY66fdMt4vc
Q2068562,Pen Cayetano,person,1954,Belize,Q283405,,,,,Devil Galfriend,3693916182,
Q2069239,Pale Saints,group,1987,United Kingdom,Q272167,Pale Saints01.jpg,Cyrille Folliot,CC BY 2.5,https://creativecommons.org/licenses/by/2.5,Kinky Love,951875,
Q206939,Elvis Costello,person,1970,United Kingdom,Q187760,Elvis Costello 2012.JPG,Robman94,CC BY-SA 3.0,https://creativecommons.org/licenses/by-sa/3.0,She,62471842,O040xuq2FR0
Q20709,Swedish House Mafia,group,2007,Sweden,Q106634944,Swedish House Mafia 2012-06-16 001.jpg,Parlophone Music Sweden,CC BY 3.0,https://creativecommons.org/licenses/by/3.0,Moth To A Flame,1713175757,goi92D59kIg
Q2071101,Periphery,group,2004,United States,Q2532560|Q30587784,Periphery - 01.jpg,Carlos Delgado,CC BY-SA 3.0,https://creativecommons.org/licenses/by-sa/3.0,Its Only Smiles,1972591957,LQ8KvLQIdMc
Q20730471,Bako Dagnon,person,1966,Mali,Q107123896,,,,,Titati,408921312,a1EheuGR0tY
Q2073149,Hammamizade İsmail Dede Efendi,person,1778,Ottoman Empire,Q1518063,Hammâmizâde İsmâîl Dede Efendi .jpg,Çok eski bir resim olduğundan kimin çizdiği bilinmiyor.,Public domain,,,,
Q2074465,Leib Glantz,person,1898,United States,Q108297215,Memorial plaque to Leib Glantz in Tel Aviv.JPG,Avi1111 dr. avishai teicher,CC BY 3.0,https://creativecommons.org/licenses/by/3.0,,,
Q207472,Toto,group,1977,United States,Q28401124|Q16527140,TOTO live 2010 in Copenhagen in KB Hallen.JPG,Maltesen,CC BY-SA 3.0,https://creativecommons.org/licenses/by-sa/3.0,Africa,1079668,FTQbiNvZqaY
Q207532,Giuseppe Torelli,person,1658,Republic of Venice,Q210216,Giuseppe Torelli.png,Unknown author,CC0,http://creativecommons.org/publicdomain/zero/1.0/deed.en,,,
Q2076097,The Head and the Heart,group,2009,United States,Q123421101,THATH sunset.jpg,Afunk45,CC BY-SA 4.0,https://creativecommons.org/licenses/by-sa/4.0,Library Magic,130972744,Pg4VCNyzI2I
Q207706,Eurythmics,group,1980,United Kingdom,Q1298934,Eurythmics 1985.jpg,Distributed by RCA Records,Public domain,,Sweet Dreams (Are Made of This),561836,qeMFqkcPYcg
Q207717,Guillaume Dufay,person,1420,Kingdom of France,Q201405|Q2995521,DufayBinchois.jpg,Master of the Missal of Paul Beye,Public domain,,,,
Q207731,Lamb of God,group,1994,United States,Q241662,Lamb Of God - Rock am Ring 2015-9946.jpg,"Andreas Lawen, Fotandi",CC BY-SA 3.0,https://creativecommons.org/licenses/by-sa/3.0,Redneck,75172229,oqdZpxkzNvc
Q207773,Howard Shore,person,1978,Canada,Q106594706,"Howard Shore, Canadian Film Centre, 2013-1.jpg","Sam Santos, Canadian Film Centre",CC BY 2.0,https://creativecommons.org/licenses/by/2.0,Evenstar,783579,H_LckEp1MOE
Q207789,Thomas Tallis,person,1554,Kingdom of England,Q201405|Q8812109,,,,,,,
Q207817,Amir Khusrau,person,1253,India,Q512410,Amir Khusrow 1975 stamp of India.jpg,"India Post, Government of India",GODL-India,https://data.gov.in/sites/default/files/Gazette_Notification_OGDL.pdf,,,
Q207947,Ralph Vaughan Williams,person,1872,United Kingdom,Q48810672|Q2142754,Ralph Vaughan Williams 1913.jpeg,"James Bacon and Sons, Leeds",Public domain,,,,
Q207951,Léo Delibes,person,1850,France,Q4851628,Delibes Leo Luckhard.png,Fritz Luckhardt,Public domain,,,,
Q2079842,Petit-Pays,person,1967,Cameroon,Q1815364,Rabba Rabbi.jpg,Ptityorobo,CC BY-SA 3.0,https://creativecommons.org/licenses/by-sa/3.0,Eboki,549542392,
Q2080180,Petra,person,1985,Finland,Q753520|Q1379958,Petra provinssi.JPG,No machine-readable author provided. Qz10 assumed (based on copyright claims).,Public domain,,,,
Q2080533,Farley Keith,person,1984,United States,Q1071961,,,,,,,
Q208205,Bill Evans,person,1950,United States,Q1127530,Bill Evans.jpg,Brianmcmillen,CC BY-SA 3.0,https://creativecommons.org/licenses/by-sa/3.0,You Must Believe In Spring,1444366372,koSoQRfG3wI
Q208211,Dead Kennedys,group,1978,United States,Q25554481|Q10922,2019 Dead Kennedys - by 2eight - ZSC5161.jpg,Stefan Brending (2eight),CC BY-SA 3.0 de,https://creativecommons.org/licenses/by-sa/3.0/de/deed.en,Soup is Good Food,2935203981,JUpidCc7wwY
Q208258,France Gall,person,1963,France,Q1636684,FranceGall-1969-Radiocorriere-Italie.png,Radiocorriere TV - RAI - RadioTelevisione Italiana.,Public domain,,"Ella, elle l'a (Remasterisé en 2004)",46251471,
Q208375,William Byrd,person,1543,Kingdom of England,Q188285|Q201405|Q8812109,William Byrd.jpg,"Gerard van der Guch, d'après une peinture de Nicola Francesco Haym du British Museum",Public domain,,,,
Q208417,Immortal,group,1990,Norway,Q132438,Immortal by Christian Misje 02.jpg,Christian Misje,CC BY-SA 3.0,https://creativecommons.org/licenses/by-sa/3.0,Tyrants,668829792,UH_S0bZhpAM
Q208507,The Chemical Brothers,group,1989,United Kingdom,Q9778|Q851213|Q663519|Q858579|Q817138,"The Chemical Brothers performing in Barcelona, Spain (2007).jpg",https://www.flickr.com/photos/alterna2/,CC BY 2.0,https://creativecommons.org/licenses/by/2.0,Go,103480110,LO2RPDZkY88
Q20851250,Curbi,person,1998,United Kingdom,Q20021059,,,,,Caliente,4237872242,3EdyUaE_CFk
Q2085247,Thinking Plague,group,1982,United States,Q3630966,Mike Johnson-2003.jpg,Tplague,CC BY 3.0,https://creativecommons.org/licenses/by/3.0,,,
Q2085377,Erasmo Carlos,person,1958,Brazil,Q6296743,Erasmocarlos.jpg,Fábio Rodrigues Possebom/Agência Brasil,CC BY 3.0 br,https://creativecommons.org/licenses/by/3.0/br/deed.en,"É Preciso Dar Um Jeito, Meu Amigo",16558838,FuZ0OdtK3P8
Q208681,Kris Kristofferson,person,1959,United States,Q4490991|Q964658,Kris Kristofferson SXSW 2006 crop.jpg,Ron Baker (Kingsnake),CC BY-SA 2.0,https://creativecommons.org/licenses/by-sa/2.0,Me and Bobby McGee,531935,ahpIirW0svY
Q208767,The Stooges,group,1967,United States,Q27190,Iggy and The Stooges - 4572393187.jpg,aurélien.,CC BY-SA 2.0,https://creativecommons.org/licenses/by-sa/2.0,I Wanna Be Your Dog,7230321,vwmU343eBu0
Q208797,Ornette Coleman,person,1930,United States,Q790188|Q211781|Q5500244,Ornette Coleman.jpg,Geert Vandepoele,CC BY-SA 2.0,https://creativecommons.org/licenses/by-sa/2.0,,,
Q20880743,Pyrrhon,group,2008,United States,Q112144256,,,,,Viral Content,104726026,
Q208881,Bo Diddley,person,1943,United States,Q7749,Bo Diddley.jpg,"Photographed by John Mathew Smith. Uploaded to Flickr by Kingkongphoto &amp; www.celebrity-photos.com from Laurel, Maryl",CC BY-SA 2.0,https://creativecommons.org/licenses/by-sa/2.0,I'm A Man,538672052,_4gTFwxXS4U
Q209182,Public Enemy,group,1986,United States,Q11401|Q969663|Q966564,Public Enemy-01-mika.jpg,MikaV,CC BY-SA 3.0,https://creativecommons.org/licenses/by-sa/3.0,Bring the Noise,69170898,l_Jeyif7bB4
Q209212,Girolamo Frescobaldi,person,1583,Papal States,Q207683|Q746743|Q140544,"Girolamo Frescobaldi (1583-1643), engraving by Claude Mellan (1619).jpg",Claude Mellan,Public domain,,Toccata For Cello And Piano,4143914802,Rw7b8B1BqPQ
Q20926,Flux Pavilion,person,2008,United Kingdom,Q20903,Flux Pavilion23.jpg,(capsulated),CC BY 2.0,https://creativecommons.org/licenses/by/2.0,I Can't Stop (Ekali Tribute),123858186,uZ4D2V2xO5U
Q2092670,The Blind Boys of Alabama,group,1939,United States,Q880270,The Blind Boys of Alabama Cosmopolite 2018 (202624).jpg,Tore Sætre,CC BY-SA 4.0,https://creativecommons.org/licenses/by-sa/4.0,Way Down in the Hole,736732,mzIuUW9VUr0
Q209586,Fats Domino,person,1949,United States,Q7749|Q45981|Q3658336,Fats Domino Hamburg 1973 1605730066.jpg,Heinrich Klaffs,CC BY-SA 2.0,https://creativecommons.org/licenses/by-sa/2.0,Lady Madonna,3579230,Q1OdbPpvFYg
Q20972330,Sam Feldt,person,2014,Kingdom of the Netherlands,Q18342587,SamFeldt2020 2 srgb crop.jpg,The Media Nanny,CC BY-SA 4.0,https://creativecommons.org/licenses/by-sa/4.0,Need That Love,4242036762,
Q209956,Weezer,group,1992,United States,Q837837|Q2324411,Weezer Bethlehem 2019 1.jpg,Hunter Kahn,CC BY-SA 4.0,https://creativecommons.org/licenses/by-sa/4.0,Island In The Sun,2544628,erG5rgNYSdk
Q21033832,Mefjus,person,1988,Austria,Q967654,,,,,Sientelo,1733617787,gOpAr0UiT6Q
Q2105055,Porter Ricks,group,,Germany,Q1262781,,,,,Nautical Zone,17193194,ae0_mj4-pfQ
Q21061,Doctor P,person,2008,United Kingdom,Q20903,,,,,,,
Q21066641,Bryson Tiller,person,2011,United States,Q119889474,Bryson Tiller August 2018 (cropped).jpg,AtlantaFX,CC BY 3.0,https://creativecommons.org/licenses/by/3.0,Don't,107744166,d7cVLE4SaN0
Q210734,Youssou N’Dour,person,1971,Senegal,Q556959|Q2064394,YoussouNdour20090913.jpg,Kotoviski photograph by Henryk Kotowski,CC BY-SA 3.0,https://creativecommons.org/licenses/by-sa/3.0,7 Seconds,1015065,wqCpjFMvz-k
Q21084,Porter Robinson,person,2005,United States,Q11691380,Porter Robinson at Forest Hills Stadium 02.jpg,SWinxy,CC BY 4.0,https://creativecommons.org/licenses/by/4.0,Shelter,4217903592,fzQ6gRAEoy0
Q21088,Zedd,person,2002,Russia,Q11691380,Zedd at Veld 2017 (cropped).jpg,Charito Yap,CC BY 2.0,https://creativecommons.org/licenses/by/2.0,Clarity,60904700,IxxstCcJlsc
Q2110116,Lil Reese,person,1993,United States,Q115691081,,,,,Traffic,61167043,y34iXfB3L9s
Q2110365,Prince Far I,person,1960,Jamaica,Q98528252,,,,,,,
Q211277,The Mamas & the Papas,group,1965,United States,Q186472|Q11700058|Q2461933,The Mamas and the Papas Ed Sullivan Show 1968.JPG,CBS Television,Public domain,,California Dreamin',2321278,N-aK6JnyFmk
Q2113011,The Fourmost,group,1963,United Kingdom,Q2344635,The Fourmost - West Cliff theatre.jpg,Trent Williams III,CC BY-SA 4.0,https://creativecommons.org/licenses/by-sa/4.0,,,
Q211526,The Byrds,group,1964,United States,Q186472|Q613408|Q1702909,The Byrds (1970).jpg,Joost Evers / Anefo,CC BY-SA 3.0 nl,https://creativecommons.org/licenses/by-sa/3.0/nl/deed.en,Turn! Turn! Turn! (To Everything There Is a Season),1013046,xVOJla2vYx8
Q211583,The Strokes,group,1998,United States,Q98528290|Q183504|Q1899347,TheStrokes.jpg,Matt,CC BY-SA 2.0,https://creativecommons.org/licenses/by-sa/2.0,The Adults Are Talking,921027292,ewOPQZZn4SY
Q211588,Nick Drake,person,1969,United Kingdom,Q649634|Q98528178|Q89363113,,,,,Pink Moon,1379123002,xqe6TF2y8i4
Q2115954,Psychic TV,group,1982,United Kingdom,Q936942,,,,,The Orchids,412180602,fKBuKcDPjzM
Q2116423,Univers Zéro,group,1999,Belgium,Q3630966,UniversZero.jpg,Hawkins from Washington DC,CC BY 2.0,https://creativecommons.org/licenses/by/2.0,Dense,86016651,USICNT7QNUQ
Q2117272,Tom Petty and the Heartbreakers,group,1976,United States,Q747717|Q2526653,Tompetty indy.jpg,The original uploader was Mudcrutch at English Wikipedia.,CC BY 2.0,https://creativecommons.org/licenses/by/2.0,Learning To Fly,2293281,s5BJXwNeKsQ
Q2117321,Kishori Amonkar,person,1932,Dominion of India,Q1770695|Q62128,,,,,Raga - Kausi Kanada - Raga - Tala (Kausi Kanada - Teentaal),3347323181,
Q2117518,Ween,group,1984,United States,Q1391336,Ween in Edmonton Alberta.jpg,Bussche at English Wikipedia,CC BY-SA 3.0,https://creativecommons.org/licenses/by-sa/3.0,Ocean Man,6615049,tkzY_VwNIek
Q211770,T. Rex,group,1967,United Kingdom,Q76092,Marc Bolan In Concert 1973.jpg,ABC Television,Public domain,,Bang A Gong (Get It On),6878097,kME6uBZxWe4
Q2117780,Reginaldo Rossi,person,1964,Brazil,Q2464314,Reginaldo Rossi na praça Castro Alves.jpg,Patrick Silva,CC BY-SA 2.0,https://creativecommons.org/licenses/by-sa/2.0,Garçon,85539286,6aLEhHgFWYU
Q2118895,The Association,group,1965,United States,Q2461933,The Association 1968.JPG,Warner Bros. Records,Public domain,,When Love Comes to Me,733068,ks6iTSTaeaY
Q211965,The Moody Blues,group,1964,United Kingdom,Q65937817|Q719927,The Moody Blues 923-9509.jpg,"Nationaal Archief, Den Haag, Rijksfotoarchief: Fotocollectie Algemeen Nederlands Fotopersbureau (ANEFO), 1945-1989 - neg",CC0,http://creativecommons.org/publicdomain/zero/1.0/deed.en,Nights In White Satin,366450991,qbqxbGm9hBI
Q212015,Johnny Hallyday,person,1957,France,Q1636684,Johnny Hallyday 2012 3.jpg,Georges Biard,CC BY-SA 3.0,https://creativecommons.org/licenses/by-sa/3.0,Je te promets,2308590,-TkrMyXYbik
Q2120164,Wardruna,group,2003,Norway,Q106621114|Q1798870,Wardruna @ Roadburn 2015 03.jpg,Grywnn,CC BY-SA 4.0,https://creativecommons.org/licenses/by-sa/4.0,Helvegen,2829260192,IUcYnaC3INs
Q2121062,The Weeknd,person,2009,Canada,Q7118426,The Weeknd Portrait by Brian Ziff.jpg,Brian Ziff,CC BY-SA 4.0,https://creativecommons.org/licenses/by-sa/4.0,Blinding Lights,908604612,4NRXx6U8ABQ
Q212168,The Shadows,group,1958,United Kingdom,Q1650296,"Cliff Richard aankomst met zijn Shadows, Bestanddeelnr 913-7397.jpg",Harry Pot for Anefo,CC0,http://creativecommons.org/publicdomain/zero/1.0/deed.en,Apache,3093507,7TwULx_wDiI
Q2123849,R. Dean Taylor,person,1961,Canada,Q1928583,,,,,,,
Q2123902,R. L. Burnside,person,1960,United States,Q5762403,RL Burnside.jpg,Danny Norton,CC BY 2.0,https://creativecommons.org/licenses/by/2.0,Someday Baby,140300503,kQxl8ljD560
Q212455,Boøwy,group,1981,Japan,Q11331157|Q1055871,Boφwy 1984.jpg,Rock'n'rollCircusReview,CC BY-SA 4.0,https://creativecommons.org/licenses/by-sa/4.0,Marionette,433316872,agds1TnPNNE
Q212464,New Kids on the Block,group,1984,United States,Q739138,NKOTB 2008-11-06.jpg,goaliej54,CC BY-SA 2.0,https://creativecommons.org/licenses/by-sa/2.0,Step by Step,1065849,Chdjnro06MI
Q212512,Hariprasad Chaurasia,person,1957,Dominion of India,Q1323698|Q1770695,Hariprasad Chaurasia in July 2015 (1).jpg,Suyash Dwivedi,CC BY-SA 4.0,https://creativecommons.org/licenses/by-sa/4.0,,,
Q212533,Grateful Dead,group,1965,United States,Q206159|Q236932|Q106581777,Grateful Dead (1970).png,Herb Greene,Public domain,,Truckin',3600494,h_bwoXuUGho
Q212549,Charles Trenet,person,1933,France,Q1062400,Charles Trenet - 1951 - 1 (cropped).jpg,Comet Photo AG,CC BY-SA 4.0,https://creativecommons.org/licenses/by-sa/4.0,,,
Q212715,DragonForce,group,1999,United Kingdom,Q57143,Dragonforce - Elbriot 2019 07.jpg,Frank Schwichtenberg,CC BY-SA 4.0,https://creativecommons.org/licenses/by-sa/4.0,Through The Fire And Flames,2213095667,0jgrCKhxE1s
Q212762,Burt Bacharach,person,1950,United States,Q848399|Q1141081,Burt Bacharach 1972.JPG,ABC Television,Public domain,,What The World Needs Now Is Love,3067897,iX8FH9vO6v4
Q21285312,Ali Kiba,person,2006,Tanzania,Q630689,Ali Kiba 2017.jpg,Suzanese,CC BY-SA 4.0,https://creativecommons.org/licenses/by-sa/4.0,AJE,127245697,ecywDEswXsI
Q2130817,Randy Stonehill,person,1971,United States,Q6188299,Randy Stonehill.jpg,Mactographer,CC BY 3.0,https://creativecommons.org/licenses/by/3.0,Shut de Do,134234074,igeCS6J6Sxw
Q213388,Aqua,group,1989,Denmark,Q2076779|Q517415,Aqua Gron Concert 2008.jpg,BulsaraAndDeacon,Public domain,,Doctor Jones,1115046,-1jPUB7gRyg
Q213538,Flo Rida,person,2000,United States,Q2572585,Flo Rida2012.jpg,Liam Mendes,CC BY-SA 2.0,https://creativecommons.org/licenses/by-sa/2.0,Right Round,4162078,CcCw1ggftuQ
Q2136070,Red Simpson,person,1966,United States,Q804401|Q7847156,Red Simpson.png,Omac Artists Corp.,Public domain,,"Diesel Smoke, Dangerous Curves",135875308,pjXFoAIN2F8
Q2136093,Red Sovine,person,1935,United States,Q7847156,,,,,Phantom 309,732464192,Mye3aikHBjc
Q2136387,Redshift,group,,United Kingdom,Q530750,,,,,,,
Q213647,Barry White,person,1960,United States,Q3963051,"Barry White, Bestanddeelnr 927-0098 (cropped).jpg",Fotograaf Onbekend / Anefo,CC0,http://creativecommons.org/publicdomain/zero/1.0/deed.en,"You're The First, The Last, My Everything",537988582,c4HuEP3PuY4
Q213887,Pat Metheny,person,1974,United States,Q105527|Q5928480,Pat Metheny Barcelona 2008.jpg,badosa,CC BY 2.0,https://creativecommons.org/licenses/by/2.0,Same River,3716706402,peWsiiqiI7s
Q213900,Friedrich Hollaender,person,1896,Germany,Q111535905|Q16154635,Friedrich Hollaender (cropped).jpg,"OTFW, Berlin",CC BY-SA 3.0,https://creativecommons.org/licenses/by-sa/3.0,,,
Q213923,Porcupine Tree,group,1987,United Kingdom,Q49451,"Porcupine Tree - Live at Auditorium Parco della Musica, Rome (June 24, 2023) - 8979.jpg",Luca Dell'Orto,CC BY-SA 4.0,https://creativecommons.org/licenses/by-sa/4.0,Trains,3012281621,0UHwkfhwjsk
Q2139942,Solitude Aeturnus,group,1987,United States,Q5834708,,,,,Dream Of Immortality,553010632,73jgk8_XiWY
Q2140182,Reijo Taipale,person,1952,Finland,Q1762761,Reijo Taipale-8.jpg,Motopark,CC BY-SA 4.0,https://creativecommons.org/licenses/by-sa/4.0,Satumaa,67749371,FTUR_FCl2ag
Q214039,Beastie Boys,group,1981,United States,Q877693|Q438503|Q7410145,Beastie Boys 2009 (6184423405).jpg,Maddy Julien,CC BY-SA 2.0,https://creativecommons.org/licenses/by-sa/2.0,Sabotage,3119536,z5rRZdiu1UE
Q2141308,Subhumans,group,1980,United Kingdom,Q486365,Subhumans.jpg,Arielle Cunnea,CC BY-SA 3.0,https://creativecommons.org/licenses/by-sa/3.0,,,
Q2141857,Tourniquet,group,1989,United States,Q822914,Ted Kirkpatrick of Tourniquet.jpg,"Ted Kirkpatrick, released under his permission",CC BY-SA 3.0,https://creativecommons.org/licenses/by-sa/3.0,Onward to Freedom,89943821,en0BQEp3Ufo
Q214227,T.I.,person,1999,United States,Q1253172|Q2913982,T.I. 2022 Interview.png,HOTSPOTATL,CC BY 3.0,https://creativecommons.org/licenses/by/3.0,Whatever You Like,383742081,nQJACVmankY
Q2142320,The Seeds,group,1965,United States,Q211573|Q135112757,The Seeds 1966.jpg,Montgomery Ward. This is an ad promoting the group's new album.,Public domain,,,,
Q2142533,Relatives Menschsein,group,1991,Germany,Q1362878,,,,,,,
Q2142713,The Ex,group,1979,Netherlands,Q659599,TheEx June2004.jpg,The original uploader was Schorle at German Wikipedia.,CC BY-SA 3.0,http://creativecommons.org/licenses/by-sa/3.0/,State of Shock,2614646722,yfskVxCn_qo
Q214418,The Bangles,group,1981,United States,Q1190565|Q1432934,Bangles at Festival of Friends 2012.jpg,Tabercil,CC BY-SA 3.0,https://creativecommons.org/licenses/by-sa/3.0,Eternal Flame,608748,PSoOFn3wQV4
Q214486,Procol Harum,group,1967,United Kingdom,Q719927,Procol Harum.jpg,Mzopw,Public domain,,A Whiter Shade of Pale,109300764,z0vCwGUZe1I
Q214548,Andy Williams,person,1938,United States,Q1443316,Andy Williams 1963.JPG,NBC Television,Public domain,,It's the Most Wonderful Time of the Year,571386622,AN_R4pR1hck
Q214813,Amália Rodrigues,person,1939,Portugal,Q185676,"Amália Rodrigues ('Fado et Flamenco', Columbia, 1956), cropped.png",Unknown author,Public domain,,Fado português,1296869742,1YriVM8sC7M
Q21484134,Nora En Pure,person,2009,South Africa,Q116296482,Nora en Pure.jpg,Grbrowne,CC BY-SA 4.0,https://creativecommons.org/licenses/by-sa/4.0,Burning Up,4265676562,BmiBi2gS9Og
Q21485176,La Luz,group,2012,United States,Q110141586,"La Luz performing at Siberia in New Orleans, LA 5 March 2015.jpg",Shark2000br,CC BY-SA 4.0,https://creativecommons.org/licenses/by-sa/4.0,,,
Q214959,Harry Belafonte,person,1949,United States,Q752785,Harry Belafonte 2011 Shankbone.JPG,David Shankbone,CC BY 3.0,https://creativecommons.org/licenses/by/3.0,Jump in the Line,959903,reNWJMZtvU0
Q214964,Gilles Binchois,person,1400,Kingdom of France,Q2995521,Gilles Binchois.jpg,Unattributed,Public domain,,,,
Q214990,New Order,group,1980,United Kingdom,Q2187392|Q2281409,"New Order, Chile 2019 (39751785423).jpg",RL GNZLZ from Chile,CC BY-SA 2.0,https://creativecommons.org/licenses/by-sa/2.0,Blue Monday '88,706051,9GMjH1nR0ds
Q215120,Cole Porter,person,1891,United States,Q1121111,Coleporter.jpg,"unattributed, see link",Public domain,,,,
Q215128,Tomás Luis de Victoria,person,1572,Spain,Q201405,Tomás Luis de Victoria.jpg,Unknown author,Public domain,,,,
Q215161,Charles-Marie Widor,person,1844,France,Q140544,Charles-Marie Widor (2).jpg,"Paul Berger (photographer). Breitkopf &amp; Härtel, London (publisher).",Public domain,,,,
Q2151848,Riders in the Sky,group,1977,United States,Q1425111,Riders January 2006 2.jpg,No machine-readable author provided. Rossstatham assumed (based on copyright claims).,CC BY-SA 2.5,https://creativecommons.org/licenses/by-sa/2.5,Woody's Roundup,1762533327,VO0fcarweaE
Q215333,Carl Czerny,person,1791,Austrian Empire,Q207841,Carl Czerny.jpeg,Blasius Höfel,Public domain,,,,
Q215359,Dean Martin,person,1932,United States,Q1196752,Dean Martin - publicity.JPG,Studio,Public domain,,Everybody Loves Somebody,72398167,z-2_OstpR5c
Q215546,Carrie Underwood,person,2004,United States,Q65937954,Carrie Underwood in 2012.jpg,dephisticate,CC BY 2.0,https://creativecommons.org/licenses/by/2.0,Before He Cheats,90944585,WaSy8yy-mr8
Q215556,Paul Dukas,person,1865,France,Q271802,Paul Dukas 01.jpg,Own work,Public domain,,,,
Q215747,Hugo Wolf,person,1860,Austria–Hungary,Q4797274|Q216860,Postcard-1910 Hugo Wolf.jpg,UnknownUnknown Photograf,Public domain,,,,
Q21620939,Kane Brown,person,2014,United States,Q138314533,Kane Brown at Joint Forces Training Base in 2018.jpg,"California National Guard, Senior Airman Crystal Housman",CC BY 2.0,https://creativecommons.org/licenses/by/2.0,Woman,3884901601,AuifemOMjGU
Q21621487,San Holo,person,2013,Kingdom of the Netherlands,Q22908553,San Holo (2018).jpg,DWDD,CC BY 3.0,https://creativecommons.org/licenses/by/3.0,Light,141822553,uOFTqVi-qp4
Q2162641,M1dy,person,,Japan,Q3098078,,,,,Hotel Hellfornia,123939496,ObtI9ICekgs
Q216288,Garth Brooks,person,1985,United States,Q83440|Q65937954,Garth Brooks 2019 By Glenn Francis.jpg,Toglenn,CC BY-SA 4.0,https://creativecommons.org/licenses/by-sa/4.0,The Dance,356070761,IJyX07YuzDk
Q2164080,Tiger Army,group,1996,United States,Q13627677,July Stuff 032.jpg,Breakfastface at en.wikipedia,Public domain,,Rose Of The Devil's Garden,378348871,dgu53pXahww
Q216450,Mercedes Sosa,person,1950,Argentina,Q597493|Q1151259|Q9051102|Q3106448,"Mercedes Sosa, by Annemarie Heinrich.jpg",Annemarie Heinrich,Public domain,,Gracias A La Vida,971488512,lDFuHhflHsw
Q2164548,Rotterdam Terror Corps,group,1993,Netherlands,Q388906|Q820049,,,,,God Is A Gabber,1044477592,90gV5L9j7GQ
Q2164812,Samhain,group,1983,United States,Q830325,Danzig Getaway Rock Festival 2011.jpg,Andreas,CC BY-SA 2.0,https://creativecommons.org/licenses/by-sa/2.0,,,
Q2164974,The Suicide Machines,group,1991,United States,Q2657409,"Suicide Machines live in Fort Collins, 2005.jpg","Greg Younger from Fort Collins, USA",CC BY-SA 2.0,https://creativecommons.org/licenses/by-sa/2.0,New Girl,4243746,F80HFvJD63w
Q2165220,George Baker Selection,group,1967,Netherlands,Q1936659,George Baker Selection - TopPop 1974 4.png,AVRO,CC BY-SA 3.0 nl,https://creativecommons.org/licenses/by-sa/3.0/nl/deed.en,Paloma Blanca,490413392,R36CixkIaIc
Q2165679,The Surfaris,group,1962,United States,Q220830|Q106581470,SurfarisByPhilKonstantinPublicDomain.jpg,Philkon Phil Konstantin,Public domain,,Wipe Out,22610061,m4IfxAQ4TqQ
Q2165980,The Beat,group,1978,United Kingdom,Q209498,English Beat - Seattle 2010 - 18.jpg,Joe Mabel,CC BY-SA 3.0,https://creativecommons.org/licenses/by-sa/3.0,Side To Side,611480112,nkC-vEQRN8w
Q2166019,Ronnie Laws,person,1972,United States,Q38656,,,,,Always There,3286955,ANhb-svKimY
Q2166038,Ronny & The Daytonas,group,1964,United States,Q112939200,,,,,,,
Q2168041,Rotary Connection,group,1966,United States,Q2743435,Rotary Connection (Cadet publicity photo).jpg,Distributed by Cadet Records,Public domain,,I Am The Black Gold Of The Sun,1408771882,SsY_rRFncGU
Q216856,N.W.A.,group,1986,United States,Q429264|Q753679,,,,,Fuck Tha Police,105364502,IW77yUDNfNY
Q217160,Kenny Rogers,person,1958,United States,Q2280497|Q16295131,KennyRogers.jpg,"John Mathew Smith &amp; www.celebrity-photos.com from Laurel Maryland, USA",CC BY-SA 2.0,https://creativecommons.org/licenses/by-sa/2.0,The Gambler,3108438,7hx4gdlfamo
Q217317,Andrea Gabrieli,person,1533,Republic of Venice,Q207683|Q746743,,,,,,,
Q217360,Florence + the Machine,group,2007,United Kingdom,Q95469495,Florence and the Machine.jpg,Jason Persse,CC BY-SA 2.0,https://creativecommons.org/licenses/by-sa/2.0,Dog Days Are Over,7561772,iWOyfLBYtuU
Q2174541,Rudresh Mahanthappa,person,1971,United States,Q6025624,Rudesh-mahanthappa.jpg,Hreinn Gudlaugsson,CC BY-SA 4.0,https://creativecommons.org/licenses/by-sa/4.0,Apti,2805776782,75rNPqMTBE0
Q217716,DJ Shadow,person,1989,United States,Q205560|Q1046801|Q1077172|Q7410145,DJ Shadow tim festival.jpg,Flickr member Daigo Oliva,CC BY-SA 2.0,https://creativecommons.org/licenses/by-sa/2.0,Building Steam With A Grain Of Salt,2075765167,TgbFavd9s5E
Q217787,Carole King,person,1958,United States,Q89363113|Q28206879,CaroleKingHWOFDec2012.jpg,Angela George,CC BY-SA 3.0,https://creativecommons.org/licenses/by-sa/3.0,It's Too Late,119819702,VkKxmnrRVHo
Q217839,Otis Redding,person,1958,United States,Q131272|Q1567032|Q96376126,Otis Redding (2).png,Volt Records,Public domain,,(Sittin' On) the Dock of the Bay,495824392,AN5RyeUzsso
Q218083,Josh Groban,person,1997,United States,Q56342556|Q2336819,Josh Groban (Cropped).jpg,"Christopher Simon from Pasadena CA, USA",CC BY 2.0,https://creativecommons.org/licenses/by/2.0,You Are Loved (Don't Give Up),771745,EGLSk3AVcUU
Q218149,Zodiac Mindwarp and the Love Reaction,group,1986,United Kingdom,Q1987105,Zodiac Lamour.jpg,Kanegon68,CC BY 3.0,https://creativecommons.org/licenses/by/3.0,White Trash,3689733642,
Q218178,Ensiferum,group,1995,Finland,Q484179,Ensiferum Rockharz 2026 17.jpg,S. Bollmann@S._Bollmann,Attribution,,Scars in My Heart,2773826781,2_d5gBjxT7g
Q218255,Electric Light Orchestra,group,1970,United Kingdom,Q65937817|Q719927|Q3397882,Elo 27041978 04 800.jpg,Helge Øverås,CC BY-SA 4.0,https://creativecommons.org/licenses/by-sa/4.0,Mr. Blue Sky,112662184,aQUlA8Hcv4s
Q2182711,Max Neuhaus,person,1957,United States,Q1744327,Max Neuhaus.jpg,Knoxvillearts,CC BY-SA 4.0,https://creativecommons.org/licenses/by-sa/4.0,,,
Q21857084,Bones,person,2010,United States,Q16829781,BONES In 2018.png,Yungturkeyslap,CC BY-SA 4.0,https://creativecommons.org/licenses/by-sa/4.0,,,
Q218837,The Supremes,group,1959,United States,Q11700065|Q9078960,The Supremes 1966.JPG,CBS Television,Public domain,,Baby Love,1182497,D6QF4sB40gU
Q218866,L'Arc-en-Ciel,group,1991,Japan,Q1055871,L'arc En Ciel @ MSG - 3-25-12 - 040.jpg,"May S. Young from Metro NYC, United States",CC BY-SA 2.0,https://creativecommons.org/licenses/by-sa/2.0,Driver's High,976294042,bzuuxp7dsxQ
Q218992,Nelly,person,1993,United States,Q2572585,Iverson Nelly 2 (cropped) (2) (3x4).jpg,reeb0k2008,CC BY 2.0,https://creativecommons.org/licenses/by/2.0,Dilemma,2447443,8WYHDfJDPDc
Q218997,The 101ers,group,1974,England,Q1431327,,,,,,,
Q21914464,Dua Lipa,person,2014,Kosovo,Q211756,Dua Lipa-69798 (cropped).jpg,Harald Krichel,CC BY-SA 4.0,https://creativecommons.org/licenses/by-sa/4.0,Training Season,2661514912,ZjBZ8MUnB0E
Q219519,Phillip Phillips,person,2009,United States,Q123421101,"Phillip Phillips at the American Idols Live! Tour 2012 at Seattle Center's Key Arena, July 2012.jpg",© David Conger :: davidconger.com,CC BY-SA 1.0,https://creativecommons.org/licenses/by-sa/1.0,"Gone, Gone, Gone",67592080,oozQ4yV__Vw
Q219782,Dusty Springfield,person,1958,United Kingdom,Q885561,Dusty Springfield.png,Philips Records,Public domain,,You Don't Own Me,1581746,2bYZkZiNvho
Q2198055,Quadrophonia,group,1991,Netherlands,Q112663444,,,,,Quadrophonia,381997051,0PkD--DD0TM
Q219874,Village People,group,1977,United States,Q58339,VillagePeople1978.jpg,Mario Casciano,CC BY-SA 3.0,http://creativecommons.org/licenses/by-sa/3.0/,Y.M.C.A.,436646702,CS9OO0S5w2k
Q220050,Righeira,group,1983,Italy,Q744417,Digi Johnz.jpg,Johnz60,CC BY-SA 3.0,https://creativecommons.org/licenses/by-sa/3.0,Vamos a la Playa,383445301,sTsVJ1PsnMs
Q2201526,Quintino,person,2007,Kingdom of the Netherlands,Q1228230,Quintino - KingsDay Groningen 2014.png,Richard Broekhuijzen,CC BY-SA 3.0,https://creativecommons.org/licenses/by-sa/3.0,Quechua,1349902032,ryzDl5RXBWM
Q220707,Muddy Waters,person,1941,United States,Q9759|Q640097|Q1071873,Muddy Waters.jpg,Jean-Luc Ourlin,CC BY-SA 2.0,https://creativecommons.org/licenses/by-sa/2.0,I'm Your Hoochie Coochie Man,595056,
Q220730,The Killers,group,2001,United States,Q2281409,KillersBST080717-38 (35742625041) (cropped).jpg,Raph_PH,CC BY 2.0,https://creativecommons.org/licenses/by/2.0,Human,71955252,RIZdjT1472Y
Q22080761,Car Seat Headrest,group,2010,United States,Q108123046,"Car Seat Headrest, 100 Club, 2016.jpg",Paul Hudson,CC BY 2.0,https://creativecommons.org/licenses/by/2.0,Sober to Death,457150992,Ydv6usKn2rg
Q22087924,Balam Acab,person,2010,United States,Q1840167,,,,,See Birds (Moon),2881816202,qCaR8teExu0
Q2210108,Sabri Brothers,group,1956,,Q512410,TheSabriBrothersFull.jpg,Chishtiali.786,CC BY-SA 4.0,https://creativecommons.org/licenses/by-sa/4.0,,,
Q221021,Yo La Tengo,group,1984,United States,Q183504|Q2545135,Yo La Tengo.jpg,"Zach Klein from New York, New York, USA",CC BY 2.0,https://creativecommons.org/licenses/by/2.0,Leaving Home,3050208391,GcuXOtwZSiw
Q2210985,Sacrilege,group,1984,United Kingdom,Q112593597,,,,,,,
Q22121823,Monomono,group,1971,Nigeria,Q3606268,,,,,,,
Q22121828,Hillsong Worship,group,1983,Australia,Q1339121,,,,,What A Beautiful Name,3157120661,nQWFzMvCfLE
Q22129264,Suchmos,group,2013,Japan,Q113086512,,,,,STAY TUNE,1575730852,PLgYflfgq0M
Q221450,Luciano Berio,person,1947,Italy,Q612024|Q1326777,Luciano Berio.jpg,Unknown - original uploader was Iflwlou at zh.wiki,Public domain,,,,
Q221479,Gilberto Gil,person,1965,Brazil,Q1046768|Q1413061,22.05.2026 - Gilberto Gil (cropped).jpg,Ricardo Stuckert / PR,CC BY-SA 4.0,https://creativecommons.org/licenses/by-sa/4.0,Palco,709002,aCNIW3Cek1o
Q221494,Quiet Riot,group,1973,United States,Q188539,,,,,Cum on Feel the Noize,626119,
Q2217509,Sammy Kaye,person,1910,United States,Q137799958,Sammy Kaye 1952.JPG,"MCA-Music Corporation of America; photographer: James Kriegsmann, New York.",Public domain,,Harbor Lights,1179260902,yt5O5NlLehA
Q222021,2Baba,person,1994,Nigeria,Q25099840,2face Idibia.png,NdaniTV,CC BY 3.0,https://creativecommons.org/licenses/by/3.0,Opo,886916092,3Rtb7_hzRPM
Q22210692,Dr. Peacock,person,2002,Kingdom of the Netherlands,Q1455487,Dr peacock-1532354920.png,Marlies Tjarks,CC BY-SA 4.0,https://creativecommons.org/licenses/by-sa/4.0,Trip to Valhalla,1240436152,VAo065vRO4Q
Q222517,Blackstreet,group,1991,United States,Q840065,,,,,No Diggity,916496,3KL9mRus19o
Q222628,Small Faces,group,1965,United Kingdom,Q98528293,Small Faces (1965).png,Press Records,Public domain,,,,
Q222856,2 Live Crew,group,1982,United States,Q546206,,,,,Me So Horny,143736452,
Q222900,2 Unlimited,group,1991,Netherlands,Q216961,2U Live Photo NEWCUT.jpg,AcerBen,Public domain,,No Limit,134706074,7kmEEkECFQw
Q222918,2nd Chapter of Acts,group,1973,United States,Q6188299,2nd-Chapter-of-Acts.jpg,David Ball,CC BY 2.5,https://creativecommons.org/licenses/by/2.5,Which Way the Wind Blows,134492244,MlsVkuZYYmQ
Q223148,Headhunterz,person,2003,Kingdom of the Netherlands,Q223840|Q108297238,Headhunterz.jpg,M.F. Naaldenberg at nl.wikipedia,Attribution,,Destiny,965505842,dv2NtTtwVVY
Q223161,Aphex Twin,person,1985,Ireland,Q9778|Q193207|Q9149801|Q660984|Q1259016|Q817138|Q105763581,Aphextwin1.jpg,Blackphoenix94,CC BY-SA 4.0,https://creativecommons.org/licenses/by-sa/4.0,Avril 14th,29377601,MBFXJw7n-fU
Q223167,Bob Sinclar,person,1987,France,Q949369|Q1455292,Bob Sinclar 2011.jpg,Georges Biard,CC BY-SA 3.0,https://creativecommons.org/licenses/by-sa/3.0,Rock This Party (Everybody Dance Now),2634178712,540TZqL5lxM
Q223258,Bohuslav Martinů,person,1890,United States,Q106576145,Martinu 1945.jpg,Unknown author,CC BY-SA 3.0 cz,https://creativecommons.org/licenses/by-sa/3.0/cz/deed.en,,,
Q22337570,Min Huifen,person,1945,People's Republic of China,Q106634987,Min Huifen childhood.jpg,Unknown author,Public domain,,,,
Q22341183,Midori Takada,person,1978,Japan,Q112159506,,,,,Falling and Fragmentation,4151151162,
Q223443,Devendra Banhart,person,2002,Venezuela,Q2404568,DEVENDRA BANHART DUKOFF.JPG,Eggo123,CC BY 3.0,https://creativecommons.org/licenses/by/3.0,Mi Negrita,65089475,Nf-9jLF6mIk
Q223495,The Carpenters,group,1969,United States,Q217191,Carpenters 1974.jpg,A&amp;M Records,Public domain,,Top Of The World,529915831,Tt1MqAZ9XHw
Q2236728,Xenomorph,group,1994,Netherlands,Q2452152,,,,,Subspecies,63185690,Zhv2b701FrI
Q223769,DMX,person,1985,United States,Q966564,DMX.rapper (cropped).jpg,Mika-photography,CC BY-SA 3.0,https://creativecommons.org/licenses/by-sa/3.0,Ruff Ryders' Anthem,646327222,ThlhSnRk21E
Q2238317,Amenra,group,1999,Belgium,Q98528292|Q41343,Amenra (2026).png,Joost Pauwels,CC0,http://creativecommons.org/publicdomain/zero/1.0/deed.en,A Solitary Reign,405889962,CD7bxyzFbC4
Q223875,Erykah Badu,person,1994,United States,Q268253,Erykah Badu in Nation19 Magazine.jpg,Radiobums at English Wikipedia,CC BY-SA 3.0,https://creativecommons.org/licenses/by-sa/3.0,On & On,1123844,gWithg2dIKY
Q2240661,Pata Negra,group,1978,Spain,Q6110311|Q3053954,Pata-Negra Alcazar Jerez-dsc01073.jpg,El Pantera,CC BY-SA 4.0,https://creativecommons.org/licenses/by-sa/4.0,,,
Q224565,311,group,1988,United States,Q877693|Q7308175,311 Austin.jpg,Eli Watson,CC BY 2.0,https://creativecommons.org/licenses/by/2.0,Amber,13176040,SUFSB2plwzM
Q2246954,Hồ Ngọc Hà,person,2000,Vietnam,Q5398894,Ha Ho in 2019.png,SAIGONTV OFFICIAL,CC BY 3.0,https://creativecommons.org/licenses/by/3.0,Cô Đơn Trên Sofa,1964954427,UXqxTZ67Jio
Q225131,Bix Beiderbecke,person,1903,United States,Q906647,Bix Beiderbecke cropped.jpg,Unknown author,Public domain,,Singin' The Blues,1066643,0Ue9igC7flI
Q2252204,The Long Ryders,group,1983,United States,Q1432934|Q2268922,Longryders2023.jpg,OttoJohn,CC BY-SA 4.0,https://creativecommons.org/licenses/by-sa/4.0,World Without Fear,3724712282,
Q2253282,The Varukers,group,1979,United Kingdom,Q383615,Varukers.jpg,GothEric from Italy,CC BY-SA 2.0,https://creativecommons.org/licenses/by-sa/2.0,,,
Q2253861,Pansy Division,group,1991,United States,Q930995,Pansy Division-5.jpg,Alan Bearce,CC BY 2.0,https://creativecommons.org/licenses/by/2.0,That's So Gay,116751598,wsc1Ww3lU1U
Q2256420,Arabian Prince,person,1984,United States,Q217597,The Arabian Prince aka Professor X (N.W.A.).jpg,T3flondon,CC BY-SA 4.0,https://creativecommons.org/licenses/by-sa/4.0,Situation Hot,446037652,vmGMOxuJqx0
Q225855,Afroman,person,1997,United States,Q602646|Q137441526,Afroman (55457827113) (cropped).jpg,Gage Skidmore,CC BY-SA 4.0,https://creativecommons.org/licenses/by-sa/4.0,Because I Got High,139102115,8qL02peSWwg
Q2258587,Tommy Collins,person,1930,United States,Q804401,Tommy Collins.png,Omac Artists Corp.,Public domain,,"Poor, Broke, Mixed up Mess of a Heart",130851574,nAN7QIKwQ28
Q2260725,Scotch,group,1982,Italy,Q744417,,,,,,,
Q2260801,Al B. Sure!,person,1986,United States,Q840065,Al B Sure! (6920727511).jpg,Back9Network,CC BY 2.0,https://creativecommons.org/licenses/by/2.0,Nite and Day,686318642,Fckqglxb49s
Q2262336,45 Grave,group,1979,United States,Q1164252,Dinah Cancer 45 Grave Blue Cafe Long Beach 4.jpg,Morven,CC BY-SA 3.0,https://creativecommons.org/licenses/by-sa/3.0,Evil,3879339,j8El0YqYUxU
Q2263974,Zez Confrey,person,1895,United States,Q2909943,ZezConfreySeatedWithVictorPhonograph.jpg,Unnamed photographer for Bain News Service,Public domain,,Kitten on the Keys (1),4426512,TBxRRUj1bcA
Q22668666,Charlotte de Witte,person,2010,Belgium,Q111182811,Charlotte de witte-1513626416.jpg,Alan Overbeek,CC BY-SA 4.0,https://creativecommons.org/licenses/by-sa/4.0,The Resistance,4246995011,-_G7pZhLOkA
Q2268060,The X-Ecutioners,group,1989,United States,Q1046801,Xmen-01.jpg,Mika Väisänen,CC BY-SA 4.0,https://creativecommons.org/licenses/by-sa/4.0,,,
Q2270225,Thomas Mapfumo,person,1961,Zimbabwe,Q5099460,ThomasMapfumo2011.jpg,Anya Wassenberg,CC BY 3.0,https://creativecommons.org/licenses/by/3.0,Jairosi,9014618,z5RI13-I2Mo
Q227046,Zouk Machine,group,1986,France,Q227045,,,,,Maldòn,62605724,oAl64bUEZ8E
Q2271794,Septeto Nacional,group,,Cuba,Q4428744,,,,,Mueve la Cintura,63114639,8HNFQJ-8sHo
Q2273190,Sergio Vargas,person,1982,Dominican Republic,Q282131,Sergio Vargas2.jpg,809 New York Magazine,CC BY 2.0,https://creativecommons.org/licenses/by/2.0,La Ventanita,13271089,95Wcl9ucitM
Q2273277,Consolidated,group,1988,United States,Q2004156,Consolidated.jpg,"Pelle Sten from Stockholm, Sweden",CC BY 2.0,https://creativecommons.org/licenses/by/2.0,You Suck,1634556302,BoyUUu1rPhE
Q2273534,Waldjinah,person,1958,Indonesia,Q1930107|Q12493867,Waldjinah met Orkes Keroncong Bintang Surakarta Tong Tong Fair2.jpg,Tong Tong Fair/Festival,CC BY 2.0,https://creativecommons.org/licenses/by/2.0,,,
Q2274,Chet Baker,person,1949,United States,Q327547,ChetBaker-StudioHarcourt-1955.png,Studio Harcourt.,Public domain,,,,
Q2274674,Set Your Goals,group,2004,United States,Q3046632,Setyourgoals.jpg,Dahminator,CC BY-SA 3.0,https://creativecommons.org/licenses/by-sa/3.0,summer jam,378319151,zcvHZBTiG5k
Q2277022,Shanks & Bigfoot,group,1998,United Kingdom,Q1751409,,,,,,,
Q2277734,Dntel,person,1989,United States,Q106528422,Dntel.jpg,Barry Mulling,CC BY-SA 2.0,https://creativecommons.org/licenses/by-sa/2.0,Rock My Boat,1137184842,ixP2mFnwqEw
Q2278773,Mournful Congregation,group,1993,Australia,Q2738113,,,,,The Epitome of Gods and Men Alike,14233758,UIaHlkCc1yY
Q2282994,Knifehandchop,person,,Canada,Q109322851,,,,,Girlfriend,2831088162,aLi8-O9bSnE
Q2288552,Bongzilla,group,1995,United States,Q1772422,Bongzilla @ Roadburn Festival 2017 10.jpg,Grywnn,CC BY-SA 4.0,https://creativecommons.org/licenses/by-sa/4.0,Stone a Pig,11473470,LT2GcXci_yI
Q228909,Mary J. Blige,person,1988,United States,Q2256407,MaryJBligeJan10.jpg,Angela George at https://www.flickr.com/photos/sharongraphics/,CC BY-SA 3.0,https://creativecommons.org/licenses/by-sa/3.0,Family Affair,1161679,znlFu_lemsU
Q228918,Gloria Gaynor,person,1965,United States,Q58339,Gloria Gaynor 2012 (cropped).jpg,Thomas Rodenbücher,CC BY 2.0,https://creativecommons.org/licenses/by/2.0,I Will Survive (Rerecorded),975366,KJLazVT0zsU
Q2289503,Canta U Populu Corsu,group,,France,Q359607,,,,,Viaghji,1870958567,fenOoIalyzs
Q2290182,Black Tape for a Blue Girl,group,1986,United States,Q284543,Black Tape For A Blue Girl-2010w.jpg,Samrosenthal KyleCassidy,CC BY 3.0,https://creativecommons.org/licenses/by/3.0,Jamais Pars,65460153,375i8-bCpX4
Q22905998,Jlin,person,2008,United States,Q24885387|Q5466607,"JLin performing at Elsewhere in Brooklyn, New York, on August 8, 2021.jpg",CindyLouWho93,CC BY-SA 4.0,https://creativecommons.org/licenses/by-sa/4.0,Borealis,2562124432,hmGX3UgrpOM
Q22907541,Holy Other,person,2010,,Q1840167,Holy Other - Ypsigrock 2013.jpg,Umberto Rotundo,CC BY 2.0,https://creativecommons.org/licenses/by/2.0,Know Where,62717481,Veru8FOv_po
Q22908676,Gnaw Their Tongues,group,2004,Drachten,Q111971710,Gnaw Their Tongues @ Roadburn Festival 2017 02.jpg,Grywnn,CC BY-SA 4.0,https://creativecommons.org/licenses/by-sa/4.0,The Doctrine of Paranoid Seraphims,649905492,Z4wRMPTz9YA
Q22909295,Teddy Killerz,group,2012,,Q967654,Teddy Killerz.jpg,Teddy Killerz,CC BY-SA 4.0,https://creativecommons.org/licenses/by-sa/4.0,Could I Be,3771329782,mNmUfUmulRQ
Q22909533,Ultra-Sonic,group,1991,United Kingdom,Q3066180,,,,,,,
Q229274,Regina Spektor,person,2001,Soviet Union,Q574651,Regina Spektor 2012-02-24 001.jpg,Warner Music Sweden,CC BY 3.0,https://creativecommons.org/licenses/by/3.0,Two Birds,3820941,CSPT37V6RFI
Q2292862,Astrix,person,1995,Israel,Q622871|Q10286190,ASTRIX in Moscow 2013.JPG,Antigorky,CC BY-SA 3.0,https://creativecommons.org/licenses/by-sa/3.0,Deep Jungle Walk,644753342,lIuEuJvKos4
Q229322,Dinah Washington,person,1941,United States,Q1530455,Dinah Washington 1952.jpg,"Mercury Records The full size copy of the photo shows the photographer to be James Kriegsmann, New York.",Public domain,,What A Difference A Day Made,588273522,ga5mV55Wtd8
Q22936556,Ninety One,group,2015,Kazakhstan,Q28055053,,,,,Bari Biled,736068332,pq87sJXlBu0
Q229375,Linda Ronstadt,person,1967,United States,Q613408,Secretary Pompeo Welcomes the 2019 Kennedy Center Honors Awardees to the State Department (49187498138) (cropped).jpg,U.S. Department of State from United States,Public domain,,Blue Bayou,3919443,Kp9G0zkorio
Q2294322,The Modern Lovers,group,1970,United States,Q27190,"Jonathan Richman of the Modern Lovers, 2009.jpg",alterna2,CC BY 2.0,https://creativecommons.org/licenses/by/2.0,,,
Q229445,Robyn,person,1989,Sweden,Q188450,Robyn face.jpg,"lewis chaplin from Carshalton, England",CC BY-SA 3.0,https://creativecommons.org/licenses/by-sa/3.0,"Talk To Me, Zara",4152098462,Gs3fLt7cUic
Q2294741,Noel Nicola,person,1946,Cuba,Q497957,,,,,"Es Más, Te Perdono",559036972,KONK7jSFw6U
Q229496,3OH!3,group,2004,United States,Q25099691|Q2426383,3OH!3 at Bamboozle Left 2008.jpg,Ashley Rehnblom,CC BY 2.0,https://creativecommons.org/licenses/by/2.0,RICHMAN,903266,WWXL-gla_yA
Q229513,Sarah Vaughan,person,1942,United States,Q1530455,Sarah Vaughan - William P. Gottlieb - No. 1.jpg,William P. Gottlieb / Adam Cuerden,Public domain,,Tenderly,5599736,qhs99XoPmLA
Q229606,Anna Vissi,person,1973,Greece,Q109713745,AnnaVissiatAthinonArena.jpg,kyprisathina,CC BY-SA 2.0,https://creativecommons.org/licenses/by-sa/2.0,Psihedelia,15801017,dV5rO48E1-w
Q229613,Carlos Gardel,person,1917,Uruguay,Q14390274,Carlos gardel en su casa 1933.jpg,Unknown author,Public domain,,Volver,13307838,MCwtzp8b8uk
Q2296660,Andrea,person,2006,Bulgaria,Q870340,Andrea performing at the Planeta Summer Tour 2014.jpg,Eddy 93,CC BY-SA 4.0,https://creativecommons.org/licenses/by-sa/4.0,Topa Topa,3620027562,qMCPkYeC46s
Q2299682,Doof,person,1993,United Kingdom,Q835131,,,,,Mars Needs Women,77243035,TIWm7N1EKw0
Q2299850,The Sunshine Underground,group,2000,United Kingdom,Q1995980,TSU-Solidays07.jpg,Sandra CARPENTIER,CC BY-SA 3.0,http://creativecommons.org/licenses/by-sa/3.0/,Commercial Breakdown,11974588,qZ4uJGgycLg
Q23001417,José Antonio Méndez García,person,1927,Cuba,Q5393053,,,,,,,
Q2300231,Trisomie 21,group,1983,France,Q2343562,Trisomie 21.jpg,Florian Hoffmann (Katanga),CC BY-SA 4.0,https://creativecommons.org/licenses/by-sa/4.0,The Last Song,1130751332,Hm6arfxmPzc
Q23021832,Christine Salem,person,1971,France,Q496929,Christine Salem (8561632866).jpg,"Michael Coghlan from Adelaide, Australia",CC BY-SA 2.0,https://creativecommons.org/licenses/by-sa/2.0,Mi larg'ra pa lo kor,113411924,04HTj2Nbm4U
Q2303544,Strung Out,group,1989,United States,Q828305,Strung Out (Ruhrpott Rodeo 2013) IMGP4977 nmz.jpg,Smial (talk),FAL,http://artlibre.org/licence/lal/en,Analog,3471929651,Kx0FchKW4Zc
Q230401,Astrud Gilberto,person,1963,Brazil,Q486263,Swing-Journal-1965-May-1.jpg,Unknown photographer,Public domain,,,,
Q230412,Lili Boulanger,person,1893,France,Q105697765,Lili Boulanger 1.jpg,unidentified photographer,Public domain,,Bravour - Hora,66798411,
Q230499,Violeta Parra,person,1939,Chile,Q1151259|Q3879286,Parra01f.PNG,"Revista Argentina ""Panorama""",Public domain,,,,
Q2305847,Juma Nature,person,1998,Tanzania,Q630689,,,,,Hili Game,3464926171,tHSeicy_n_c
Q2306,Pink Floyd,group,1964,United Kingdom,Q11399|Q206159|Q236913|Q49451|Q253137|Q56351111,"Pink Floyd, 1971 (HQ).jpg",Capitol Records,Public domain,,"Another Brick in the Wall, Pt. 2",116914094,s47NEW6uQr8
Q2306265,SpaceGhostPurrp,person,2008,United States,Q116314630,Spaceghostpurrp.png,Phonky Resurrection,CC BY 3.0,https://creativecommons.org/licenses/by/3.0,,,
Q23063230,Sid Hemphill,person,1876,,Q5447390,,,,,Arkansas Traveler,64712711,
Q2307426,The Stylistics,group,1968,United States,Q1546028,The Stylistics on Soul Train 1974.jpg,Soul Train. A note in upper left says that the section was sponsored by the friends and associates of Soul Train. This s,Public domain,,You're A Big Girl Now,1635041962,LUkiC6_Xtds
Q230925,Brenda Lee,person,1951,United States,Q1443316|Q1751782,Brenda Lee 1977.JPG,MCA Records/Billy Smith-management,Public domain,,Emotions,508367582,hbWoSuxzLyM
Q2311993,Spokes Mashiyane,person,1933,South Africa,Q1736883,,,,,Kalla's Special,3340202281,
Q231207,Charlotte Church,person,1998,United Kingdom,Q56342556,Charlotte Church by Law Keven.jpg,"Keven Law from Los Angeles, USA",CC BY-SA 2.0,https://creativecommons.org/licenses/by-sa/2.0,Crazy Chick,574598,
Q2312109,Spontaneous Music Ensemble,group,1960,United Kingdom,Q592060,Sme1.jpg,The original uploader was Quercusrobur at English Wikipedia.,CC BY-SA 3.0,http://creativecommons.org/licenses/by-sa/3.0/,,,
Q231276,Angelique Kidjo,person,1982,Benin,Q2064394,Angélique Kidjo 2023.jpg,Library of Congress Life,CC0,http://creativecommons.org/publicdomain/zero/1.0/deed.en,C'est drôle la vie,2147487657,DDRzuDFkiPI
Q231286,Emmylou Harris,person,1969,United States,Q2407862,Emmylou Harris Honorary Doctorate From Berklee Presentation Hardly Strictly Bluegrass Festival.jpg,Eric Frommer,CC BY-SA 2.0,https://creativecommons.org/licenses/by-sa/2.0,Didn't Leave Nobody But The Baby,529928571,O63hPvIj9jA
Q231923,Marian Anderson,person,1925,United States,Q212024|Q139566448,Marian Anderson 1951.JPG,S. Hurok-classical concert promoter,Public domain,,Nobody Knows the Trouble I See,958598,Sl7YvG3tqME
Q231985,Hayley Westenra,person,2000,New Zealand,Q56342556,HayleyWestenra20090801.jpg,BirdW,CC BY-SA 3.0,https://creativecommons.org/licenses/by-sa/3.0,Once Upon A Time In The West,11288970,2TgVNFZdDWk
Q2320232,Gaither Vocal Band,group,1981,United States,Q2022163,Gvb.jpg,Claude Duffaut,CC BY-SA 4.0,https://creativecommons.org/licenses/by-sa/4.0,Can't Help Falling In Love,2125893147,GTy_JASHI8A
Q2321577,Disclose,group,1990,Japan,Q1151260|Q118640020,,,,,The Small Garden,1966163907,zNszh7hJct4
Q2322270,Mick Kenney,person,1998,United Kingdom,Q112997482,"Anaal Nathrakh, Mick „Irrumator“ Kenney at Party.San Metal Open Air 2013.jpg",Jonas Rogowski,CC BY-SA 3.0,https://creativecommons.org/licenses/by-sa/3.0,,,
Q232462,Ani DiFranco,person,1989,United States,Q28401204,Ani Difranco Ancienne Belgique.jpg,Erinc Salor,CC BY-SA 2.0,https://creativecommons.org/licenses/by-sa/2.0,You Had Time,3871340741,xz2tChEEZn8
Q2324713,Joe Falcon,person,1900,United States,Q1026089,Joe Falcon in 1934.PNG,Lauren Chester Post,Public domain,,Lacassine Special,935848962,
Q2325467,Pépé Kallé,person,1998,Democratic Republic of the Congo,Q1752683,A posture of Pepe Kalle in 1978.jpg,Mbokamosika,Public domain,,Gérant,365946871,8Rv27RMHoKw
Q232592,Jill Scott,person,1999,United States,Q268253,JillScott.jpg,Simba Madziva,CC BY-SA 2.0,https://creativecommons.org/licenses/by-sa/2.0,To B Honest,3838000541,yAKvF3kwhbQ
Q232621,Anita Mui,person,1982,British Hong Kong,Q853873,"Avenue of Stars, Anita Mui (Ank Kumar) 03.jpg",Ank Kumar,CC BY-SA 4.0,https://creativecommons.org/licenses/by-sa/4.0,Xi Yang Zhi Ge,79944638,W61QroWLML0
Q232752,Haris Alexiou,person,1970,Greece,Q2087267|Q53806314,Haris Alexiou 2080202 (cropped).JPG,Μαζελάρης Τρύφωνας / Trifonas17 at Greek Wikipedia,Attribution,,Gia Ena Tango,3752493072,1czOx6b3208
Q233061,Joanna Newsom,person,2002,United States,Q2404568|Q108297184|Q98528178,Joanna Newsom 2014 (15278394927) (cropped).jpg,aphrodite-in-nyc from new york city,CC BY 2.0,https://creativecommons.org/licenses/by/2.0,"Peach, Plum, Pear",477792662,KcHjAUhtSrk
Q2331,Led Zeppelin,group,1968,England,Q11399|Q193355|Q83270|Q56351111,Led zeppelin revista pelo 1971.jpg,Unknown author,Public domain,,Stairway to Heaven,88003859,QkF3oxziUI4
Q2334564,Banda Black Rio,group,1976,Brazil,Q108556056,,,,,,,
Q2337562,Black 47,group,1989,United States,Q1990122,,,,,Livin' In America,3399467,L6ruZPjq3b4
Q2337999,Danny Brown,person,2003,United States,Q5421158,"Danny Brown at Project Pabst, May 2017.jpg",Julio Enriquez,CC BY 2.0,https://creativecommons.org/licenses/by/2.0,Ain't it Funny,130700444,7L4JnAuW00k
Q233817,Debbie Gibson,person,1986,United States,Q739138,Debbie Gibson - LATFOB 2026-03.jpg,Kevin Paul,CC BY 4.0,https://creativecommons.org/licenses/by/4.0,Lost in Your Eyes,675613,Vay7cp1RkZ8
Q233886,Tiffany,person,1981,United States,Q739138,Tiffany on stage 2003.jpg,No machine-readable author provided. Dtobias assumed (based on copyright claims).,CC BY-SA 3.0,http://creativecommons.org/licenses/by-sa/3.0/,I Think We're Alone Now,65121042,w6Q3mHyzn78
Q234017,Tammy Wynette,person,1966,United States,Q106561868|Q5128236,Tammy Wynette.JPG,Hubert Long (manager)/Epic Records,Public domain,,D-I-V-O-R-C-E,95292356,7kVgb5aPhDQ
Q234304,Aziza Mustafa Zadeh,person,1991,Soviet Union,Q17988509,Aziza BakuJazz2007.jpg,Adil BSU at English Wikipedia,Public domain,,Boomerang,1016419,gYEoot_MO9c
Q234598,Hikaru Utada,person,1996,United States,Q131578,Hikaru Utada at Spotify Tokyo.png,Goldnrush Podcast,CC BY 4.0,https://creativecommons.org/licenses/by/4.0,Simple And Clean,435815932,hH3pUWuqyAc
Q234695,Dionne Warwick,person,1959,United States,Q11700065,Dionne Warwick 2021.jpg,Montclair Film,CC BY 2.0,https://creativecommons.org/licenses/by/2.0,Walk on By,723803,8PzToM5Ti_c
Q234716,Yanni,person,1990,Greece,Q213121,YanniPressPhoto.jpg,Yanni,CC BY-SA 2.0,https://creativecommons.org/licenses/by-sa/2.0,Prelude,570784862,_jaGPxHMX1I
Q234750,Suzi Quatro,person,1964,United States,Q76092,2017 Lieder am See - Suzi Quatro - by 2eight - 8SC8448 (cropped).jpg,Stefan Brending (2eight),CC BY-SA 3.0 de,https://creativecommons.org/licenses/by-sa/3.0/de/deed.en,Can the Can,1787688267,xXk-SDViNtc
Q234918,Maria Farantouri,person,1965,Greece,Q53806314,Maria Farantouri 2022 (cropped).jpg,SpreeTom,CC BY 3.0,https://creativecommons.org/licenses/by/3.0,Commandante Che Guevara,661514672,-b6CYRzXkp4
Q23498586,Khesari Lal Yadav,person,2007,India,Q134589204,"Khesari Lal Yadav, 2019.jpg",Bhojpuri Baten भोजपुरी बातें,CC BY 3.0,https://creativecommons.org/licenses/by/3.0,Panwadi,3549624511,N3_ty3VD38w
Q235066,Laurie Anderson,person,1969,United States,Q25094849|Q9162904,LaurieAnderson-StudioHarcourt-1987.png,Studio Harcourt.,Public domain,,O Superman (For Massenet),672189,w54tedjwaWE
Q235077,Jerry Goldsmith,person,1947,United States,Q106594706,Jerry Goldsmith 2.jpg,fuxoft,CC BY-SA 2.0,https://creativecommons.org/licenses/by-sa/2.0,Main Theme,359793201,YMjiwEtwggM
Q235095,Peaches,person,1990,Canada,Q861823,"Peaches, November 16, 2009.jpg","Eric Silva from Somerville, MA, United States",CC BY-SA 2.0,https://creativecommons.org/licenses/by-sa/2.0,Boys Wanna Be Her,937449,QzdefT9nNOM
Q235223,Wanda Jackson,person,1954,United States,Q203720,Wandajackson-facingcamera-march1970.jpg,Capital Records,Public domain,,Funnel Of Love,1110604392,BXV19NfP3hA
Q23540938,C4 Pedro,person,2009,United Kingdom,Q1597549,C4 Pedro (2018).png,MALUCO BELEZA,CC BY 3.0,https://creativecommons.org/licenses/by/3.0,,,
Q23543,Selena,person,1981,United States,Q7309098|Q431415|Q547137,Selena in 1988.jpg,Unknown.,Public domain,,Amor Prohibido,5422287,dvfZ95ueOcQ
Q2355139,Henri Chopin,person,1940,France,Q1808721,,,,,,,
Q2356261,Aram Asatryan,person,1985,Soviet Union,Q3415943,,,,,Hye Es Du,1355313872,Wfr8hm_zdyo
Q235770,Miss Kittin,person,1994,France,Q861823,Miss Kittin on the decks.jpg,"Amnesia Ibiza from Ibiza, Spain",CC BY 2.0,https://creativecommons.org/licenses/by/2.0,Frank Sinatra,2226960,8e0BxwYGHYM
Q235931,Teena Marie,person,1964,United States,Q885561,Teena Marie.jpg,william Morgan2010,CC BY-SA 2.0,https://creativecommons.org/licenses/by-sa/2.0,Ooo La La La,1026214,nhw5yGvdA2o
Q235940,Ivete Sangalo,person,1992,Brazil,Q1435485,Ivete Sangalo (Jul 2024).png,Multishow,CC BY 3.0,https://creativecommons.org/licenses/by/3.0,O Verão Bateu Em Minha Porta (Ao Vivo),3280991211,
Q235949,Despina Vandi,person,1993,Greece,Q109713745,Despina Vandi 2022 (facecrop).jpg,Ck1,CC BY-SA 4.0,https://creativecommons.org/licenses/by-sa/4.0,Girismata,752920482,XGz4vbJjnkY
Q235980,Maria Bethânia,person,1965,Brazil,Q1046768,26 Prêmio da Música Brasileira (18709432655).jpg,26° Prêmio da Música Brasileira,CC BY 2.0,https://creativecommons.org/licenses/by/2.0,Cheiro De Amor,4701917,C055WCooSoE
Q236024,Chavela Vargas,person,1961,Mexico,Q727634,Chavela Vargas (2009).jpg,Raúl Serrano,CC BY-SA 2.0,https://creativecommons.org/licenses/by-sa/2.0,La llorona,58047481,DCtMfkYyKjM
Q236112,Suzanne Vega,person,1982,United States,Q11700058,"Suzanne Vega presents her Peabody Award, May 2004 (2).jpg",Peabody Awards,CC BY 2.0,https://creativecommons.org/licenses/by/2.0,Luka,549263612,VZt7J0iaUD0
Q2362276,Eat Static,group,1989,England,Q835131,,,,,Implant,1302189262,UDi0woJiTRM
Q236312,Márta Sebestyén,person,1975,Hungary,Q722989,Sebestyén Márta.jpg,Európa Pont,CC BY 2.0,https://creativecommons.org/licenses/by/2.0,Hajnali Nóta (Kalotaszeg),1192221182,
Q236318,Faith Evans,person,1993,United States,Q2256407,Faith Evans 1998.jpg,"Kingkongphoto &amp; www.celebrity-photos.com from Laurel Maryland, USA",CC BY-SA 2.0,https://creativecommons.org/licenses/by-sa/2.0,Love Like This,6917807,w1QzBQKYbag
Q2363489,Peggy Zina,person,1995,Greece,Q109713745,Peggy Zina live 2025.jpg,Pavlos1988,CC BY-SA 4.0,https://creativecommons.org/licenses/by-sa/4.0,Ime Kala,476433092,3UD3S4EUdLk
Q236361,Gal Costa,person,1965,Brazil,Q1046768|Q1413061,Gal Costa Tom Brasil (46108513412).jpg,"Teca Lamboglia from São Paulo, Brasil",CC BY 2.0,https://creativecommons.org/licenses/by/2.0,Azul,4682794,idG1ozQcFxg
Q2364614,Zangeres Zonder Naam,person,1957,Kingdom of the Netherlands,Q2138639,"Zangeres zonder Naam (Mary Servaes), Bestanddeelnr 934-1074.jpg",Rob Bogaerts for Anefo,CC0,http://creativecommons.org/publicdomain/zero/1.0/deed.en,Mandolinen in Nicosia,74687391,t8NoBQB05e0
Q236497,Loleatta Holloway,person,1967,United States,Q3032212,"Loleatta Holloway sings 'Our Love', 1973.jpg",General Recording Corporation (GRC),Public domain,,Love Sensation,3785439422,1h6Su3t5Lqs
Q236543,Anne Murray,person,1968,Canada,Q2280497,Anne Murray.jpg,Courtesy of the Fraser MacPherson estate c/o Guy MacPherson,CC BY 2.0,https://creativecommons.org/licenses/by/2.0,You Needed Me,3131385,-X79Jko9bBI
Q236549,Helene Fischer,person,2005,Germany,Q959583,Helene Fischer 2016.jpg,Lemmes16,CC BY-SA 4.0,https://creativecommons.org/licenses/by-sa/4.0,An meiner Seite,4250536021,VvZY0wiQnrg
Q23664961,Yotto,person,2014,Finland,Q116296482,Yotto-studio-1 (4).jpg,1964ghia,CC BY-SA 4.0,https://creativecommons.org/licenses/by-sa/4.0,Deep Dive,4160548372,OFxSQuxiFKE
Q236735,Laura Marling,person,2006,United Kingdom,Q1317816,Laura Marling - First Avenue - 5 5 17 (34106214720).jpg,Andy Witchger,CC BY 2.0,https://creativecommons.org/licenses/by/2.0,What He Wrote,5522774,Er1zE1ZCsXk
Q2368531,Surgeon,person,1991,United Kingdom,Q29480448|Q16951912,Surgeon (Anthony Child).jpg,Ali Wade,CC BY-SA 4.0,https://creativecommons.org/licenses/by-sa/4.0,,,
Q236943,Lepa Brena,person,1980,Serbia,Q786815,Lepa Brena 2007.jpg,Rlicul,CC BY-SA 3.0,http://creativecommons.org/licenses/by-sa/3.0/,Boliš I Ne Prolaziš,468628862,FPKP6NJ_Ck4
Q237042,Maria del Mar Bonet,person,1966,Spain,Q254890,Maria del Mar Bonet (2005).jpg,GuillemMedina,CC BY-SA 4.0,https://creativecommons.org/licenses/by-sa/4.0,Alenar,2483806,KmMb7N8xb7M
Q2372239,Venâncio Mbande,person,1933,Mozambique,Q2159891,,,,,,,
Q237378,Ajda Pekkan,person,1963,Turkey,Q7855391,Ajda Pekkan 2013.jpg,Firuza48,CC BY-SA 2.0,https://creativecommons.org/licenses/by-sa/2.0,Yakar Geçerim,66133027,Xpp_y2Os5Co
Q237385,Svetlana Ceca Ražnatović,person,1987,Serbia,Q786815,Ceca koncert ljubljana 2009.jpeg,Darkopet at Slovenian Wikipedia (Darko Petrović),Public domain,,,,
Q2375711,Parisa,person,1950,Iran,Q11223087,Parisa.jpg,Unknown author,Public domain,,Let Me Go,586565402,CknV8wZ6lmM
Q237633,Odetta,person,1944,United States,Q212024,Odetta.jpg,Lee Paxton,CC BY-SA 4.0,https://creativecommons.org/licenses/by-sa/4.0,Hit Or Miss,141821821,gVNeozIH2SQ
Q2377124,The Great Divide,group,1992,United States,Q3422697,,,,,,,
Q23771950,Lil Uzi Vert,person,2010,United States,Q12362064,Lil Uzi Vert (2018).png,Icebox,CC BY 3.0,https://creativecommons.org/licenses/by/3.0,What You Saying,3734606262,s_TUESTU7_4
Q23776017,Ulises Mauro Bueno,person,1985,Argentina,Q155119,,,,,,,
Q23786494,Seven Minutes of Nausea,group,,Germany,Q89423271,,,,,,,
Q23787695,Clams Casino,person,2008,United States,Q16829781,,,,,I'm God,921278352,RiZVjfjgNyY
Q237997,Omara Portuondo,person,1950,Cuba,Q5393053,La cantant cubana Omara Portuondo (3736772084).jpg,Ajuntament de Vilanova i la Geltrú,CC BY 2.0,https://creativecommons.org/licenses/by/2.0,No Me Llores Más,3783363012,YRprWw6tK5g
Q238051,49ers,group,1988,Italy,Q30917612|Q2702280,,,,,Touch Me,973723182,IqMWdIDw36w
Q23820256,MHD,person,2015,France,Q26234147,Festival des Vieilles Charrues 2017 - MHD - 011.jpg,Thesupermat,CC BY-SA 4.0,https://creativecommons.org/licenses/by-sa/4.0,Afro Trap Pt. 3 (Champions League),122927588,Zd16mB1hE0w
Q2382303,Gugum Gumbira Tirasondaja,person,1945,Indonesia,Q3160589,Gugum Gumbira.jpg,Adjiedunstoniriana,CC BY-SA 4.0,https://creativecommons.org/licenses/by-sa/4.0,,,
Q238243,Alice Coltrane,person,1962,United States,Q98528204,Alice Coltrane 1972.jpg,Unknown photographer,Public domain,,Turiya & Ramakrishna,62347588,QUMuDWDVd20
Q2383421,Trichy Sankaran,person,1942,Canada,Q3521984,,,,,,,
Q2384799,Freestylers,group,1996,United Kingdom,Q106521759|Q65937774,,,,,Painkiller,2028152957,oGmVqQ4q1Vo
Q2385299,Vidna Obmana,person,1984,Belgium,Q98528139,"Fear Falls Burning, Epiphone Les Paul.jpg",Frédéric Minne,CC BY-SA 2.0,https://creativecommons.org/licenses/by-sa/2.0,,,
Q238705,Esperanza Spalding,person,2000,United States,Q5928480,IPWH-Creativity-WH06-Spalding smaller 0.jpg,Official White House photo by Amanda Lucidon,Public domain,,I Know You Know,4673123,NlGiqDwG20s
Q238795,St. Vincent,person,2004,United States,Q217467|Q25094849,St. Vincent 10 29 2018 -42 (46003066152) (cropped 2).jpg,"Justin Higuchi from Los Angeles, CA, USA",CC BY 2.0,https://creativecommons.org/licenses/by/2.0,Los Ageless,416171072,h9TlaYxoOO8
Q238819,Jay Chou,person,2000,Taiwan,Q1192110|Q973150|Q10874829,咪咕音乐盛典 (25).jpg,GEM_Ady (GEM_brilliant),CC BY 2.5,https://creativecommons.org/licenses/by/2.5,Blue and White Porcelain,2602482222,Z8Mqw0b9ADs
Q2389434,Takemoto Gidayū,person,1651,Japan,Q1361891,,,,,,,
Q239030,Yma Sumac,person,1938,United States,Q916387,Yma Sumac in Italy.jpg,Foto Brosio,Public domain,,Goomba Boomba,3225373,Y4uQYzV8Izc
Q239074,Sepultura,group,1984,Brazil,Q483352|Q241662,Sepultura - Wacken Open Air 2018-1237 (cropped).jpg,"Andreas Lawen, Fotandi",CC BY-SA 4.0,https://creativecommons.org/licenses/by-sa/4.0,Roots Bloody Roots,717542,F_6IjeprfEs
Q239533,Ma Rainey,person,1899,United States,Q1309336,MaRainey.jpg,Unknown author,Public domain,,Southern Blues,387026031,zkpJFSsR1a0
Q23954870,Harakiri for the Sky,group,2011,Austria,Q16855754,Harakiri for the Sky Full Force 2019 23.jpg,S. Bollmann,Attribution,,Song to Say Goodbye,1083922172,v-C11XVjmdw
Q2396318,The Gories,group,1986,United States,Q2296495,,,,,There But for the Grace of God Go I,11928373,0Z7H0tFtENY
Q239652,Bulat Okudzhava,person,1946,Soviet Union,Q4056436,Булат Окуджава.jpg,Anastasiya Fedorenko,CC BY-SA 3.0,https://creativecommons.org/licenses/by-sa/3.0,Belorusskiy vokzal,947415052,
Q2397929,Bert Williams,person,1892,United States,Q109719462,BertWilliamsPhotoPortraitWithCigarette.jpg,"Samuel Lumiere studio, New York City",Public domain,,Everybody Wants A Key To My Cellar,14554700,U7MgaUeKBp4
Q2398467,Team Dresch,group,1993,United States,Q930995,Team Dresch 2009-09-20.jpg,Repair Huge Poisoning,CC BY-SA 3.0,https://creativecommons.org/licenses/by-sa/3.0,Growing Underground,4118787181,YDfQpmlhahw
Q24008618,Maxwell,person,1993,Germany,Q268253,,,,,Safari,138225605,2RD7vaAnOR4
Q240371,Carmen McRae,person,1939,United States,Q1530455,Carmen McRae 1960 press photo.jpg,Distributed by Associated Booking Corp.,Public domain,,,,
Q240403,Eiffel 65,group,1997,Italy,Q930592|Q517415,Bloom06 Ostia.jpg,Robin Bock,CC BY-SA 3.0 de,https://creativecommons.org/licenses/by-sa/3.0/de/deed.en,Blue (Da Ba Dee),89629797,zA52uNzx7Y4
Q24040310,Marília Mendonça,person,2011,Brazil,Q1958273|Q10370558,Marilia Mendonca Pecuaria de Goiania 2018 2.jpg,Record Goiás,CC BY 3.0,https://creativecommons.org/licenses/by/3.0,Foi por Conveniência,1183661482,Dt13Wv6Opeo
Q240457,Theatre of Tragedy,group,1993,Norway,Q178145,Theatre of Tragedy.jpg,"gandalf.blanco from Santiago, Chile",CC BY-SA 2.0,https://creativecommons.org/licenses/by-sa/2.0,Venus,145564734,Vq6AleJIN1o
Q2406841,The Knitters,group,1982,United States,Q2268922,HSB 2005 - The Knitters.jpg,Ron Baker (https://www.flickr.com/photos/kingsnake),CC BY-SA 2.0,https://creativecommons.org/licenses/by-sa/2.0,Burning House of Love,6977508,pcheX9Yj3o4
Q240703,Atreyu,group,1998,United States,Q4490718,ATREYU ORLANDO-54.jpg,Adam Reed,CC BY 4.0,https://creativecommons.org/licenses/by/4.0,Her Portrait In Black,4272365552,tETudFsvrq4
Q2407606,Texas Faggott,group,,Finland,Q2497323,,,,,We Will Not Return,62199662,fp1FfuTHHfg
Q240767,Limp Bizkit,group,1994,United States,Q856872|Q263734,Limp Bizkit au Hellfest 2015.jpg,Tilly antoine,CC BY-SA 4.0,https://creativecommons.org/licenses/by-sa/4.0,Behind Blue Eyes,1143499,-0RQU0LyJqg
Q240841,Chitose Hajime,person,1994,Japan,Q2278881,Hajime Chitose.jpg,"OIST from Onna Village, Japan",CC BY 2.0,https://creativecommons.org/licenses/by/2.0,Kataritsugukoto,976081112,GVKIdOeKgG0
Q240885,Sylvie Vartan,person,1961,Bulgaria,Q1636684,Vartan-Quaisse0847.jpg,Philippe Quaisse,CC BY-SA 3.0,https://creativecommons.org/licenses/by-sa/3.0,L'amour c'est comme une cigarette,3786102682,MvzeJnlXTCA
Q2409676,Beatmasters,group,1986,United Kingdom,Q601235,,,,,,,
Q2409682,Lindigo,group,1999,France,Q496929,,,,,L'Afrikindmada,2669534,
Q2409957,The Books,group,2000,United States,Q1435509|Q1744304,,,,,Cello Song Feat. Jose Gonzales,77697449,
Q2410177,The Chambers Brothers,group,1954,United States,Q2743435,Chambers Brothers 1970.JPG,"Agency for the Performing Arts, Inc.",Public domain,,,,
Q2410301,The Clean,group,1978,New Zealand,Q267287,The Clean 1.jpg,"Ewan Munro from London, UK",CC BY-SA 2.0,https://creativecommons.org/licenses/by-sa/2.0,,,
Q2410356,Luis Alberto del Paraná,person,1942,Paraguay,Q3278092,Luis Guitarra.jpg,Own work,CC BY-SA 3.0,http://creativecommons.org/licenses/by-sa/3.0/,Recuerdos de Ypacarai,117963614,NrJbFpxpMvg
Q2410892,The Dirty Heads,group,1996,United States,Q7308175,Dirty Heads 0001.jpg,Jax 0677,CC BY-SA 4.0,https://creativecommons.org/licenses/by-sa/4.0,Stand Tall,2350070415,pAoao9FkHwE
Q2411413,Flatlinerz,group,1992,United States,Q1139136,,,,,,,
Q2412135,The Intruders,group,1960,United States,Q1546028,The Intruders 1968.jpg,Gamble Records,Public domain,,(We'll Be) United,1031003,Noa7TpGnqmE
Q2412878,The Meteors,group,1980,United Kingdom,Q13627677,"The Meteors live in Pordenone, Italy, 2006.jpg",GothEric from Italy,CC BY-SA 2.0,https://creativecommons.org/licenses/by-sa/2.0,,,
Q2413447,The Phantom Surfers,group,1988,United States,Q140626408,,,,,,,
Q241432,Kaija Saariaho,person,1952,Finland,Q612024|Q1245902,Kaija Saariaho in 2022.png,Ministère de l'Europe et des Affaires étrangères,CC BY 3.0,https://creativecommons.org/licenses/by/3.0,,,
Q2414335,Sons of the Pioneers,group,1933,United States,Q1425111,,,,,,,
Q2414853,The Verlaines,group,1981,New Zealand,Q267287,,,,,Heavy 33,92401374,F2GuZTth7cM
Q241660,Angie Stone,person,1979,United States,Q268253,AngieStone2019.png,Sister Circle TV,CC BY 3.0,https://creativecommons.org/licenses/by/3.0,Wish I Didn't Miss You,966648,9PWz-NubVpM
Q241801,Paulinho da Viola,person,1965,Brazil,Q11403,Paulinho da Viola.jpg,TV Brasil,CC BY 3.0 br,https://creativecommons.org/licenses/by/3.0/br/deed.en,Timoneiro,13290050,gb4qFApELWM
Q242084,Lola Flores,person,1939,Spain,Q15042720,Lola Flores en 1954 (cropped).jpg,Core Collection Periodicals,Public domain,,Díme,3540702091,vZug-RoMaME
Q2422968,Altamiro Carrilho,person,1943,Brazil,Q1076539,,,,,Assum Preto,1596526882,
Q2423005,Isabel Pantoja,person,1956,Spain,Q15042720,Isabel Pantoja durante su Gira 50 Aniversario (2024).jpg,Ivanxsans,CC0,http://creativecommons.org/publicdomain/zero/1.0/deed.en,Asi Fue,14062749,o5TLALYDkQk
Q2424461,Molella,person,1964,Italy,Q930592,Maurizio Molella 2014.jpg,Maurizio Molella,CC BY-SA 3.0,https://creativecommons.org/licenses/by-sa/3.0,Let's Dance (Volare),2780298211,DepjsOEVE3E
Q2426558,Jasraj,person,1945,Dominion of India,Q62128,Pandit Jasraj at Bhopal 2015.jpg,Suyash.dwivedi,CC BY-SA 4.0,https://creativecommons.org/licenses/by-sa/4.0,,,
Q242725,Ethel Waters,person,1917,United States,Q1309336,Ethel Waters - William P. Gottlieb.jpg,William P. Gottlieb,Public domain,,A Hundred Years from Today,514176082,OpXCEadPEOM
Q2427251,Khan Shushinski,person,1918,Soviet Union,Q1474372,Khan Shushinski.jpg,Unknown author,Public domain,,,,
Q2429939,Felipe Pinglo Alva,person,1918,Peru,Q6950428|Q2509521,FelipePingloAlva 01.jpg,Unknown author,Public domain,,,,
Q2430218,Thy Art Is Murder,group,2006,Australia,Q475221,Thy Art Is Murder Summerblast 2014 (16).JPG,User:Goroth (Jan Brauer),CC BY-SA 3.0,https://creativecommons.org/licenses/by-sa/3.0,Holy War,660083012,hf04EYSifjE
Q243103,Jessi Colter,person,1970,United States,Q964658,Jessi Colter SXSW 2006 crop.jpg,Ron Baker (Kingsnake),CC BY-SA 2.0,https://creativecommons.org/licenses/by-sa/2.0,I'm Not Lisa,3506021,ZOgTVJOdFVU
Q243837,Ottorino Respighi,person,1893,Kingdom of Italy,Q271802,"Ottorino Respighi, 1927 (cropped).jpg",Becker &amp; Maass / Marie Boehm,Public domain,,,,
Q2441201,Tompall Glaser,person,1950,United States,Q964658,Tompall Glaser 1977.JPG,ABC Records,Public domain,,I Ain't Looking for the Answers Anymore,489527272,
Q244441,Pete Seeger,person,1939,United States,Q43343|Q106298881,Pete Seeger sings (cropped).JPG,"Donna Lou Morgan, U.S. Navy",Public domain,,Which Side Are You On,66789733,5iAIM02kv0g
Q2444651,Limewax,person,2005,Kingdom of the Netherlands,Q1166321,Limewax-therapy.JPG,Zeibura,Public domain,,,,
Q2446878,Logistics,person,2004,United Kingdom,Q2082572,,,,,Wanderlust,2260117207,W77cCOreg_0
Q2448688,Seosamh Ó hÉanaí,person,1919,Ireland,Q771291,,,,,,,
Q2453750,Trio,group,,,Q646679,,,,,Da Da Da ich lieb dich nicht du liebst mich nicht aha aha aha,2531310,RCdNmkjd6qg
Q24548680,Upchurch,person,2014,United States,Q2706919,,,,,Holler Boys,3941069481,7K8Wynzt7tc
Q245494,Zyklon,group,1998,Norway,Q2599472,Metalmania 2007 - Zyklon 10.jpg,commons: Shannon5 pl.wiki: Shannon5 real name: Konrad Wawrzkiewicz,CC BY-SA 2.5,https://creativecommons.org/licenses/by-sa/2.5,Generation of disorder,135817922,gLM6sbrwTcg
Q2456997,Skazi,group,1998,Israel,Q10286190,Mucuripe skazi.jpg,José Maria Silveira Neto,CC BY-SA 2.0,https://creativecommons.org/licenses/by-sa/2.0,Hit 'N' Run,388247251,dY9s5sqgIno
Q2459284,Alexander Galich,person,1918,Soviet Union,Q4056436,Мемориальная доска Александра Галича (Гинзбурга).jpg,Юрий Пржепюрко,CC BY-SA 4.0,https://creativecommons.org/licenses/by-sa/4.0,,,
Q246352,Rise Against,group,1999,United States,Q542703,2018 RiP - Rise Against - by 2eight - 8SC7354.jpg,Stefan Brending (2eight),CC BY-SA 4.0,https://creativecommons.org/licenses/by-sa/4.0,Savior,7419123,e8X3ACToii0
Q2463731,Don Caballero,group,1991,United States,Q1132152,Don Caballero-1.jpg,Christian Kock,CC BY 2.0,https://creativecommons.org/licenses/by/2.0,Don Caballero 3,125988849,mTCc9p7bO64
Q2464558,Don Diablo,person,1997,Kingdom of the Netherlands,Q20021059,Don Diablo 2022-1 (cropped).jpg,Jessey Hexagon,CC BY-SA 4.0,https://creativecommons.org/licenses/by-sa/4.0,9MM,4297136442,3WAN_3H5dh8
Q2465058,Late of the Pier,group,2004,United Kingdom,Q1995980,Late of the Pier.jpg,Simon Fernandez,CC BY 2.0,https://creativecommons.org/licenses/by/2.0,Heartbeat,13475187,hJC7Kl4dMLs
Q246594,Hugh Masekela,person,1956,South Africa,Q6168369,Womex2011 - Crawfurd6468 (6299756789).jpg,WOMEX,CC BY 2.0,https://creativecommons.org/licenses/by/2.0,Bring Him Back Home (Nelson Mandela),98672912,obFfVd-Lyl4
Q24666176,Carpenter Brut,person,2012,France,Q19938910|Q60973191,"Carpenter Brut, live performance, Hamburg 2018.jpg",Gr8dude,CC BY-SA 4.0,https://creativecommons.org/licenses/by-sa/4.0,Turbo Killer,375302181,wy9r2qeouiQ
Q246677,Astral Projection,group,1989,Israel,Q835131,Astral Projection (live) @ B2B (-8 26) (2711050885).jpg,TheWorldIsMine,CC BY-SA 2.0,https://creativecommons.org/licenses/by-sa/2.0,Kabalah,8095312,kRCAlKQ4Gd8
Q2468145,Snooks Eaglin,person,1936,United States,Q516568,SnooksEaglin2006.jpg,Masahiro Sumori,CC BY-SA 3.0,http://creativecommons.org/licenses/by-sa/3.0/,Saint James Infirmary,4408835,F38mvuUYhK0
Q2468561,Nocturnal Depression,group,2004,France,Q28949059,,,,,Spleen Black Metal,1102276462,X8evvYYN6-M
Q2469809,Iron Monkey,group,1994,United Kingdom,Q720959,,,,,Fink Dial,2674254872,U2Prj0anBHQ
Q247237,Autechre,group,1987,United Kingdom,Q660984|Q105763581|Q1100989,,,,,Montreal,29370951,oqKZAxvNEfc
Q247293,Lalo Schifrin,person,1950,United States,Q113493826,Lalo schifrin (cropped) (2).jpg,Alexandra Spürk (Alexi),CC BY-SA 2.5,https://creativecommons.org/licenses/by-sa/2.5,Mission: Impossible,876476,H5SYHcD_CYA
Q247386,Hermínia Silva,person,1907,Portugal,Q185676,"Hermínia Silva, 1939.png",Unknown author,Public domain,,,,
Q2475314,Mosaic.wav,group,2004,Japan,Q11660484,Mosaic.wav 20090702 Japan Expo 08.jpg,Georges Seguin (Okki),CC BY-SA 3.0,https://creativecommons.org/licenses/by-sa/3.0,,,
Q24760,Luna Sea,group,1986,Japan,Q131425,LUNA SEA Singapore 2013 02.jpg,chinnian,CC BY-SA 2.0,https://creativecommons.org/licenses/by-sa/2.0,Dejavu,2122843267,NktuP0ZMqdE
Q2476387,Chapterhouse,group,1987,United Kingdom,Q272167,,,,,Pearl,7583408,5PsN_DfnHQU
Q247696,Summoning,group,1993,Austria,Q65937017,,,,,Old Mornings Dawn,137704549,-Y9TsxeWGt0
Q248059,Zülfü Livaneli,person,1946,Turkey,Q89099707,Zülfü Livaneli 2018 (cropped).jpg,Svklimkin,CC BY-SA 4.0,https://creativecommons.org/licenses/by-sa/4.0,,,
Q2482652,Les Discrets,group,2003,France,Q16855754,Les Discrets @ Roadburn Festival 2017 03.jpg,Grywnn,CC BY-SA 4.0,https://creativecommons.org/licenses/by-sa/4.0,Les feuilles de l'olivier,1977411827,xHHMr7q95Oc
Q248353,Silvestre Dangond,person,2001,Colombia,Q1574985,SILVESTRE DANGOND.jpg,Walter Kolm,CC BY-SA 4.0,https://creativecommons.org/licenses/by-sa/4.0,Las Locuras Mías,1111735572,LqKscPDW8Y0
Q2484851,William L. Dawson,person,1899,United States,Q139566448,,,,,,,
Q2485312,Nausea,group,1985,United States,Q825769,,,,,,,
Q2486120,Igorrr,person,2005,France,Q903735,Igorrr 2010.jpg,Marta Bogumila Nowak (Svarta Photography),CC BY 2.5,https://creativecommons.org/licenses/by/2.5,Daemoni,3293342581,pTsg8xMD9I8
Q24872872,Tomoyuki Hamada,person,2004,Japan,Q3098078,,,,,,,
Q249141,Crystal Waters,person,1989,United States,Q3032212|Q173844,"Crystal Waters On Stage In Hampstead, QC Concert.JPG",Bull-Doser,Public domain,,Gypsy Woman (La Da Dee),1926865677,DffZWWeYJn8
Q2492614,Uncle Dave Macon,person,1952,United States,Q972424|Q65943778,Uncle Dave Macon Billboard.jpg,Unknown author,Public domain,,Comin' Round the Mountain,712594812,-T3pX-pJe9s
Q24928699,Wiwek,person,2011,,Q31836693,Wiwek.jpg,ImJustANiceGuy,CC BY-SA 4.0,https://creativecommons.org/licenses/by-sa/4.0,Killa,119556322,ph9OpHxkjI4
Q24950843,Tale Of Us,group,2010,Italy,Q110185782,,,,,Time,1503884562,6dE0a8nHHNA
Q250421,Killing Joke,group,1979,United Kingdom,Q968730,Killing Joke - Ilosaarirock 2009.jpg,Tuomas Vitikainen,CC BY-SA 3.0,https://creativecommons.org/licenses/by-sa/3.0,Love Like Blood,2217199357,TnpwuRlXbhk
Q2505257,V. Selvaganesh,person,1966,India,Q3521984,V Selvaganesh Munich 2001.JPG,Sven.petersen,Public domain,,,,
Q25056945,Blackpink,group,2016,South Korea,Q213665,Blackpink Pink Carpet Event 4.jpg,TV10 (티비텐),CC BY 3.0,https://creativecommons.org/licenses/by/3.0,JUMP,3454677991,CgCVZdcKcqY
Q250905,Sheila E.,person,1976,United States,Q6868046,Sheila E. 2014.jpg,"Justin Higuchi from Los Angeles, CA, USA",CC BY 2.0,https://creativecommons.org/licenses/by/2.0,A Love Bizarre,678356,56gpwl6cohc
Q25095399,21 Savage,person,2013,United Kingdom,Q2913982,21 Savage 2018.jpg,"Ralph Arvesen from Round Mountain, Texas",CC BY 2.0,https://creativecommons.org/licenses/by/2.0,redrum,2614584352,U4mADkt6o-M
Q25106,Fabrizio De André,person,1958,Italy,Q108297209,DeAndré 1960.jpg,Unknown author,Public domain,,Don Raffaè,576654,yp_CvmOvLoQ
Q251068,Wang Leehom,person,1995,Taiwan,Q973150|Q10874829,Wang Lee Hom MTV Asia Awards 2006.jpg,Sry85,CC BY 2.5,https://creativecommons.org/licenses/by/2.5,Another Heaven,2312146515,MiuRQ3YiU6Q
Q251210,Rosario Flores,person,1992,Spain,Q108297241,Rosario Flores en Fuenlabrada.jpg,Ayuntamiento de Fuenlabrada,CC BY 2.5,https://creativecommons.org/licenses/by/2.5,,,
Q2512236,Vektor,group,2002,United States,Q56377253,Vektor Moscow 2.jpg,Blacklake,CC BY-SA 4.0,https://creativecommons.org/licenses/by-sa/4.0,Tetrastructural Minds,62455853,T04QFKnBIiM
Q251287,Waylon Jennings,person,1958,United States,Q964658,Waylon Jennings in 1976.jpg,RCA Records,Public domain,,I'm a Ramblin' Man,597506,BoXq7Hc6KDU
Q2514348,Titica,person,2011,Angola,Q1191544,Titica por Rachel Teixeira.jpg,Rachteixeita,CC BY-SA 4.0,https://creativecommons.org/licenses/by-sa/4.0,Atrevido,3265696821,1lCD_gvZjYs
Q25147,Franco Battiato,person,1967,Italy,Q108297209,Franco Battiato - 23 July 2010 - 05 (cropped).jpg,rabendeviaregia,CC BY-SA 2.0,https://creativecommons.org/licenses/by-sa/2.0,Centro Di Gravità Permanente,1375685872,0XW9XN_vDaA
Q25177,Rammstein,group,1994,Germany,Q208494|Q213572,Rammstein at Wacken Open Air 2013 06.jpg,Jonas Rogowski,CC BY-SA 3.0,https://creativecommons.org/licenses/by-sa/3.0,Sonne,14381638,StZcUAPRRac
Q25189679,Brett Young,person,2007,United States,Q138314533,Brett Young in concert 2015.jpg,Max Goldberg,CC BY 2.0,https://creativecommons.org/licenses/by/2.0,In Case You Didn't Know,141820983,7qaHdHpSjX8
Q2519623,Simón Díaz,person,1948,Venezuela,Q1202208|Q108951349,Simón Díaz en Boston.jpg,Wladimir Labeikovsky,CC BY-SA 2.0,https://creativecommons.org/licenses/by-sa/2.0,Despedida,842061522,NTJQnzZwHwA
Q252200,Vinnie Moore,person,1986,United States,Q725011,"2007-10-23 UFO, Kantine, Koeln, Vinnie Moore, IMG 7511.jpg",Hasenläufer,CC BY-SA 3.0 de,https://creativecommons.org/licenses/by-sa/3.0/de/deed.en,Lifeforce,112601762,IE2Jx2TCzCE
Q252248,Link Wray,person,1956,United States,Q1650296,Link Wray - 3-8-03 Photo by Anthony Pepitone.jpg,Dxede5x,CC BY 3.0,https://creativecommons.org/licenses/by/3.0,,,
Q2525009,Evoken,group,1992,United States,Q2738113,,,,,Lauds,3470833631,BnpCxfhhdYw
Q2525354,Bob Marley & The Wailers,group,1963,Jamaica,Q9794|Q1299260,Bob-marley-wailers-crystal-palace.jpg,Tankfield,CC BY-SA 3.0,https://creativecommons.org/licenses/by-sa/3.0,Could You Be Loved,2542703,1ti2YCFgCoI
Q252734,Âşık Veysel,person,1899,Turkey,Q1810546,Asik Veysel.jpg,User:Denizfirtina1998,Public domain,,Uzun İnce Bir Yoldayım,121386270,_ykio03RSRc
Q252893,Sander van Doorn,person,2004,Kingdom of the Netherlands,Q2302695,SanderVanDoornOAF (2).JPG,JoeJoeJoe93,CC BY-SA 3.0,https://creativecommons.org/licenses/by-sa/3.0,Gold Skies,465809482,UwsY_foobEw
Q25345325,Louis the Child,group,2013,United States,Q22908553,,,,,Better Not,1529442582,u5kP_nfFVt4
Q25349372,Cigarettes After Sex,group,2008,United States,Q592330,POS17 @Kristsll-197 (35166607974).jpg,Krists Luhaers,CC BY 2.0,https://creativecommons.org/licenses/by/2.0,Apocalypse,144010758,sElE_BfQ67s
Q253559,Lantlôs,group,,Germany,Q16855754,,,,,Daisies,3722393332,GYUnIF7bHZI
Q253607,Tata Young,person,1991,Thailand,Q3328764,Tata young pimf 2007.JPG,The original uploader was Sry85 at English Wikipedia.,CC BY 2.5,https://creativecommons.org/licenses/by/2.5,Dhoom Dhoom,1203805082,9uu8xLCIq0c
Q2537790,Abida Parveen,person,1973,Pakistan,Q6346110,Abida Parveen concert 1.jpg,Tore Urnes,CC BY 2.0,https://creativecommons.org/licenses/by/2.0,Chaap Tilak,92047358,7SDrjwtfKMk
Q253862,Yoshiko Yamaguchi,person,1938,Empire of Japan,Q7496127|Q1499262,Li Xianglan.jpg,Unknown author,Public domain,,,,
Q253990,Fréhel,person,1908,France,Q2956171,Pervenche(frehel)1908.jpg,Unknown author,Public domain,,La java bleue,1459726822,N9ftTw3Njxg
Q254,Wolfgang Amadeus Mozart,person,1761,Archduchy of Austria,Q1583807|Q9730|Q1344|Q131269|Q17723|Q215911|Q11487510|Q3328774|Q9734|Q1136846|Q9748|Q217295|Q6941842,Wolfgang-amadeus-mozart 1.jpg,Barbara Krafft,Public domain,,"Turkish March, Piano Sonata No. 11 in A Major, K 331 (Mozart)",5212655,
Q254138,Slipknot,group,1994,United States,Q12326776|Q263734,Slipknot at Roskilde Festival 2013.jpg,Morten Jensen,CC BY 2.0,https://creativecommons.org/licenses/by/2.0,Duality,3819908,6fVE8kSM43I
Q2541836,Adaro,person,2008,Kingdom of the Netherlands,Q21000514,Adaro.jpg,Gerard Henninger,CC BY 3.0,https://creativecommons.org/licenses/by/3.0,Lost On You,4232846352,U8bq6JByDz8
Q25432114,Bad Gyal,person,2016,Spain,Q96395212,Premios Goya 2026 - Bad Gyal-2 (cropped).jpg,Pedro J Pacheco,CC BY-SA 4.0,https://creativecommons.org/licenses/by-sa/4.0,Choque,3829058471,lQjF0m3YSP4
Q254371,Papa Roach,group,1993,United States,Q263734,Papa Roach ZC10-2.JPG,Ciell,CC BY-SA 3.0,https://creativecommons.org/licenses/by-sa/3.0,Last Resort,6435662,j0lSpNtjPM8
Q2545712,Walter Olmos,person,1982,Argentina,Q155119,,,,,Por lo que yo te quiero,7537431,u2Vvxngbn9U
Q255,Ludwig van Beethoven,person,1782,Electorate of Cologne,Q1583807|Q9730|Q131269|Q17723|Q788460|Q181014|Q11487510|Q3328774|Q9734|Q2142754|Q9748|Q214981|Q217295,Beethoven.jpg,Joseph Karl Stieler,Public domain,,Moonlight Sonata,923175682,
Q25507,Accept,group,1968,Germany,Q38848|Q211723,Accept - Elbriot 2022 52.jpg,Frank Schwichtenberg,CC BY-SA 4.0,https://creativecommons.org/licenses/by-sa/4.0,Princess Of The Dawn,1099980,K8C-DP18-6g
Q255233,Googoosh,person,1953,Iran,Q7170257,"Googoosh at the Hollywood Bowl, May 2018 08.jpg",BBC Persian,CC BY 3.0,https://creativecommons.org/licenses/by/3.0,Jadeh,12589898,ZkaB3auvOq4
Q2553609,C. Aswath,person,1969,Dominion of India,Q15720097,C Aswath1.jpg,Jagdishatri (talk) (Uploads),Public domain,,,,
Q2555179,Weidorje,group,1976,France,Q196999,,,,,Vilna,4960214,
Q2556934,Carbon Based Lifeforms,group,1996,Sweden,Q749475,Cbl51.PNG,Stephenwood51,CC BY 3.0,https://creativecommons.org/licenses/by/3.0,Supersede,828530952,XvpqTPYBDKg
Q255697,Anita Baker,person,1979,United States,Q2746831|Q3963051,Anita Baker 1998.jpg,"Kingkongphoto &amp; www.celebrity-photos.com from Laurel Maryland, USA",CC BY-SA 2.0,https://creativecommons.org/licenses/by-sa/2.0,Sweet Love,717534,4OWGXPXI__o
Q255725,Maria Tănase,person,1935,Romania,Q2138543,Maria Tanase 1937.jpg,Unknown author,Public domain,,"Lume, lume",70680567,VPzFEFwyxS0
Q2558967,T99,group,1989,Belgium,Q112663444,,,,,,,
Q256319,the GazettE,group,2002,Japan,Q131425,Gazettetokyo.jpg,witheredpoem,CC BY 2.0,https://creativecommons.org/licenses/by/2.0,CHIZURU,390921951,QdYQwp7RQbc
Q2563698,Sir Lord Baltimore,group,1968,United States,Q98528291,,,,,Master Heartache,390611431,wQSz64rU9mM
Q2567233,Kahimi Karie,person,1990,Japan,Q1207347,Kahimi Karie drawing.jpg,Liane Chan,CC BY 2.0,https://creativecommons.org/licenses/by/2.0,About The Girls,2123516437,46Gl94CqfRY
Q256813,Lucinda Williams,person,1978,United States,Q438476|Q2407862,Lucinda Williams2007.jpg,Erik Joling,CC BY-SA 3.0,https://creativecommons.org/licenses/by-sa/3.0,Are You Alright?,1182379,IAV1JWnBErQ
Q2570042,Romeo Santos,person,1995,United States,Q40461,Romeo Santos y Juan Luis Guerra (cropped).jpg,Alex Cancino,CC BY-SA 3.0,https://creativecommons.org/licenses/by-sa/3.0,Dardos,3677908682,D6XR9GfBfwY
Q25706797,DJ Maphorisa,person,2008,South Africa,Q85741139,,,,,MONEY CONSTANT,3617073562,iqAUNXhyX7g
Q2573649,Beardyman,person,2006,United Kingdom,Q213608,Beardyman at Camp Bestival 2008.jpg,Mike Garvey,CC BY-SA 3.0,https://creativecommons.org/licenses/by-sa/3.0,Vampire Skank,39878871,KEKjrQI90A4
Q2574419,The Gerogerigegege,group,1985,Japan,Q16562829,,,,,,,
Q2575113,Remmy Ongala,person,1947,Democratic Republic of the Congo,Q3868787,,,,,Kipenda Roho,99268736,xVhd-Ayvf8M
Q257615,Soilwork,group,1996,Sweden,Q253918,Soilwork Rockharz 2016 11.jpg,S. Bollmann,CC BY-SA 4.0,https://creativecommons.org/licenses/by-sa/4.0,Distortion Sleep,668831792,m4kF43L1gFc
Q257712,Nekromantix,group,1989,Denmark,Q13627677,Nekromantix Satanic Stomp 2008.jpg,Notabene1,CC BY-SA 3.0,https://creativecommons.org/licenses/by-sa/3.0,,,
Q258541,Hamid El Shaeri,person,1979,Egypt,Q2610186,Hameedelshaeri (cropped).jpg,Versadam7,CC BY-SA 4.0,https://creativecommons.org/licenses/by-sa/4.0,Ouda,81258972,0SSXNhbQMAU
Q258546,In Flames,group,1990,Sweden,Q253918,In Flames - 2017153171434 2017-06-02 Rock am Ring - Sven - 1D X II - 1069 - AK8I7011.jpg,Sven Mandel,CC BY-SA 4.0,https://creativecommons.org/licenses/by-sa/4.0,Only for the Weak,867422402,qnLunQEcMn0
Q258750,India.Arie,person,1999,United States,Q268253,India Arie Mile High Music Festival 2009.jpg,"ultra 5280 from Denver, USA",CC BY 2.0,https://creativecommons.org/licenses/by/2.0,Get It Together,1181634,rZH5PdSK0rk
Q2587969,Jonn Serrie,person,1980,United States,Q16625659,Jonn Serrie 20110312.jpg,Sam Trenholme,CC BY-SA 4.0,https://creativecommons.org/licenses/by-sa/4.0,Evening Shade,2586562612,Nwl0iO9MsfU
Q258991,Zohar Argov,person,1977,Israel,Q2738544,Zohar Argov.png,"Bamahane, Matankic",CC BY-SA 3.0,https://creativecommons.org/licenses/by-sa/3.0,כבר עברו השנים,96614818,7jVmpIaLru8
Q259152,Rocío Jurado,person,1958,Spain,Q15042720,Rocío Jurado - Antena Edición Argentina 1968 (cropped).jpg,not readable,Public domain,,Como Yo Te Amo,1005242,vpmQQybPiuA
Q259254,Bon Jovi,group,1983,United States,Q188539|Q3908370|Q2526653|Q379033,Bon Jovi 1.jpg,Rosana Prada,CC BY 2.0,https://creativecommons.org/licenses/by/2.0,Livin' On A Prayer,538660022,lDK9QqIzhwk
Q259381,The Dream Syndicate,group,1981,United States,Q1432934,"The Dream Syndicate, 2014-08-31 A.jpg",David Lee,CC BY-SA 2.0,https://creativecommons.org/licenses/by-sa/2.0,Damian,2125238517,59ZvUcvkn_I
Q259405,Erkin Koray,person,1966,Turkey,Q483740,,,,,Cemalim,2403754645,F-k_Fr67bPQ
Q2600118,Sabah,person,1943,Egypt,Q135112773,Sabah - 1960s (1).jpg,Unknown author,Public domain,,,,
Q2601735,Marie Dubas,person,1894,France,Q2956171,,,,,Mon légionnaire,5869463,7SwoafZ_MkU
Q2601978,Ziskakan,group,1979,France,Q496929,Gilbert-Pounia-1-2512.JPG,"Stéphane Cazanove et Thierry Caro, pour le magazine 2512.",CC BY-SA 2.5,https://creativecommons.org/licenses/by-sa/2.5,4 ti mo,6599871,PtqNUwXUOJE
Q260214,Nicky Romero,person,2007,Kingdom of the Netherlands,Q106634944|Q15300817,NickyRomero.jpeg,Johannesrik,CC BY-SA 3.0,https://creativecommons.org/licenses/by-sa/3.0,Freak,4031618071,EiZiOuc-ucY
Q2603942,Coupé Cloué,person,1925,Haiti,Q2726026,,,,,,,
Q2605806,Chabuca Granda,person,1920,Peru,Q6950428|Q2509521,ChabucaCantando.jpg,Unknown author,Public domain,,Cardo o Ceniza,1368574502,
Q2606502,Nicolae Guță,person,1996,Romania,Q642983,Nicolae Guta.png,yayamusicproduction,CC BY 3.0,https://creativecommons.org/licenses/by/3.0,,,
Q2608238,José José,person,1963,Mexico,Q5747258|Q6496560,José José y Lee Taylor en 1970 (cropped).webp,"Unknown, press photo",Public domain,,La Nave del Olvido,373915971,BprZX_bGhhg
Q2608674,Girl Talk,person,2001,United States,Q7205507,"Girl Talk at JellyNYC's Pool Party (August 23rd, 2009) (3854417825) CROPPED.jpg",Amanda Hatfield,CC BY 2.0,https://creativecommons.org/licenses/by/2.0,,,
Q261,Linkin Park,group,1996,United States,Q263734|Q877693,Linkin Park - From Zero Lead Press Photo - James Minchin III.jpg,"James Minchin III (rights holder), CeriRoberts (Warner Records representative)",CC BY-SA 4.0,https://creativecommons.org/licenses/by-sa/4.0,In the End,676183,eVTXPUF4Oz4
Q2610362,Raffi,person,1860,Persian Empire,Q2389651,Raffi.jpg,Unknown author,Public domain,,Down By The Bay,141823425,DWKVKfk6e40
Q261058,Arabesque,group,1977,West Germany,Q1374731,Arabesque feat. Michaela Rose Ufa.jpg,FlankerFF,CC BY-SA 3.0,https://creativecommons.org/licenses/by-sa/3.0,,,
Q2614717,The Dirtbombs,group,1992,United States,Q2296495,Golden Plains Festival (The Dirt Bombs).jpg,Mandy Hall,CC BY 2.0,https://creativecommons.org/licenses/by/2.0,Chains of Love,12735761,a0tSiJet9TM
Q261489,Sheila,person,1962,France,Q1636684,SHEILA FM.jpg,Erio TAC France- Perpignan,CC BY-SA 3.0,https://creativecommons.org/licenses/by-sa/3.0,Spacer,740773,xeRfywfkd8o
Q2615105,Kandis,group,1989,Denmark,Q12307741,Kandis playing outside Grand Theatre.jpg,FunkMonk,CC BY-SA 4.0,https://creativecommons.org/licenses/by-sa/4.0,,,
Q261641,Adam Beyer,person,1993,Sweden,Q107697221|Q111182811,Adam Beyer (3559941164).jpg,"Dave Walker from Royal Oak, MI, USA",CC BY 2.0,https://creativecommons.org/licenses/by/2.0,Simulator,2216276137,SjEh6bgvZGw
Q2617421,Sleigh Bells,group,2008,United States,Q2545135,"Sleigh Bells @ Metro, Chicago (10841675175).jpg",Tankboy from Chicago,CC BY-SA 2.0,https://creativecommons.org/licenses/by-sa/2.0,Rill Rill,1563313672,FMZJE7Hsdx4
Q2618270,Dan Leno,person,1864,United Kingdom of Great Britain and Ireland,Q940462,"Dan Leno, hands on hips.jpg",Photograph attributed to the Sims and Ronsham studio,Public domain,,,,
Q2622339,Lev Leshchenko,person,1959,Soviet Union,Q107539904,Лев Лещенко (29-03-2026) (cropped).jpg,duma.gov.ru,CC BY 4.0,https://creativecommons.org/licenses/by/4.0,,,
Q262317,Tinariwen,group,1979,Kidal Region,Q7800608,Tinariwen-Bardentreffen 2010.jpg,UlrichAAB,CC BY-SA 3.0,https://creativecommons.org/licenses/by-sa/3.0,Erghad Afewo,3608215772,Snu2cGohYC4
Q26260697,Kim So-hee,person,2016,South Korea,Q482981,160728 소희 03.jpg,147company,CC BY 4.0,https://creativecommons.org/licenses/by/4.0,,,
Q262791,Steve Reich,person,1963,United States,Q65937946|Q612024|Q3512282|Q572901|Q5969884,"Steve Reich, composer, cropped.jpg","Gotfryd, Bernard, photographer",Public domain,,,,
Q2630403,YoungBloodZ,group,1997,United States,Q936573,Youngbloodz-June9 2007.JPEG,[U.S. Air Force] Airman 1st Class Kenny Holston,Public domain,,,,
Q2631733,Najat Aatabou,person,1977,Morocco,Q2961759,NajatAatabou1.jpg,Mnissar Tarik,CC BY-SA 4.0,https://creativecommons.org/licenses/by-sa/4.0,,,
Q2633283,Shitdisco,group,2003,United Kingdom,Q1995980,Shitdisco.png,frank hommel,CC BY 2.0,https://creativecommons.org/licenses/by/2.0,Dream Of Infinity,2458912765,az7UWlV_egM
Q2635164,Maysa Matarazzo,person,1956,Brazil,Q4215151,"Maysa, 1958.tif",Unknown,Public domain,,,,
Q2636138,Al Lirvat,person,1932,France,Q814402,,,,,La ri zabymes,84811713,
Q26370656,Chuquimamani-Condori,person,2008,United States,Q96376113,Elysia Crampton at OBEY Convention X.jpg,Steve Louie,CC BY-SA 2.0,https://creativecommons.org/licenses/by-sa/2.0,,,
Q263726,Jamie xx,person,2007,United Kingdom,Q106130091,Jamie xx - 8 June 2016 (cropped).jpg,Jordan Uhl,CC BY 4.0,https://creativecommons.org/licenses/by/4.0,All You Children,2872519152,dILtgyQEXRA
Q264029,Emperor,group,1991,Norway,Q132438|Q1621467,Emperor at Midgardsblot 2024.jpg,Birgit Fostervold,CC BY-SA 4.0,https://creativecommons.org/licenses/by-sa/4.0,I Am The Black Wizards,2141802377,jeMRYH4AvzU
Q264989,Haruko Momoi,person,1999,Japan,Q11660484,Haruko Momoi at FanimeCon 2010-05-31 8.JPG,BrokenSphere,CC BY-SA 3.0,https://creativecommons.org/licenses/by-sa/3.0,“らしく”いきましょ,2228427837,
Q265222,NOFX,group,1983,United States,Q828305,2023 Rock im Park - NOFX - by 2eight - 7DS4182.jpg,Stefan Brending (2eight),CC BY-SA 4.0,https://creativecommons.org/licenses/by-sa/4.0,Linoleum,378243751,tqvDhl-e1xw
Q265454,yelworC,group,1987,Germany,Q4155078,,,,,,,
Q2657284,Bentley Rhythm Ace,group,1997,United Kingdom,Q858579,,,,,Bentley's Gonna Sort You Out,5151790,K2WD0dW1Dh8
Q265793,Kastelruther Spatzen,group,1975,Germany,Q2532274,WP2016 KastelrutherSpatzen FFM.jpg,Sven-Sebastian Sajak,CC BY-SA 4.0,https://creativecommons.org/licenses/by-sa/4.0,Fliege mit mir in die Heimat,107520142,PHVGkLXKl6o
Q2658111,Cut Chemist,person,1993,United States,Q1046801,Cutchemist.jpg,Danielle Blue,CC BY-SA 2.0,https://creativecommons.org/licenses/by-sa/2.0,The Garden,729281,gHhlaspXVgo
Q2658292,Solar Fields,person,2001,Sweden,Q749475,Solar Fields.jpg,Magnus Birgersson,FAL,http://artlibre.org/licence/lal/en,Introduction,677332002,CI3SCOCBi_w
Q2661106,War of Ages,group,2002,United States,Q2225757,War of Ages - Love Letter Kill Shot Tour 2020 (cropped).jpg,Metalworker14,CC BY-SA 4.0,https://creativecommons.org/licenses/by-sa/4.0,From Ashes,80200290,OtTtk85Xl74
Q2661396,Jean Ritchie,person,1948,United States,Q108616106,Jean Ritchie (2671008759).jpg,Cindy Funk,CC BY 2.0,https://creativecommons.org/licenses/by/2.0,One I Love,5708823,NTHQ5Klg4oo
Q26625,Marc Anthony,person,1983,United States,Q208239|Q7405765,Interview with Marc Anthony (cropped).png,Tony Dandrades,CC BY 3.0,https://creativecommons.org/licenses/by/3.0,Vivir Mi Vida,68771815,YXnjy5YlDwk
Q266271,Sainkho Namtchylak,person,1990,Russia,Q110606359,Sainkho-Namtchylak-2004.jpg,"Nomo (Michael Hoefner, http://www.zwo5.de)",CC BY-SA 2.5,https://creativecommons.org/licenses/by-sa/2.5,Tuva Blues,16444969,gwRbjGKzNL8
Q266496,Staind,group,1995,United States,Q379671,Staind live 2021.jpg,Quintin Soloviev,CC BY 4.0,https://creativecommons.org/licenses/by/4.0,It's Been Awhile,3611374,araU0fZj6oQ
Q266676,Namie Amuro,person,1992,Japan,Q131578,Namie Amuro MAA (cropped).JPG,Sry85,CC BY 2.5,https://creativecommons.org/licenses/by/2.5,,,
Q266782,Combichrist,group,2003,United States,Q1091450,Combichrist-05.jpg,MarkMarekMark Marek Copyright: Mark Marek ©2007 URL: Gallery of Combichrist with Andy LaPlegua,CC BY-SA 3.0,http://creativecommons.org/licenses/by-sa/3.0/,This S*It Will Fcuk You Up,1758850887,irYabzSh22g
Q2667938,The Black Dog,group,1989,United Kingdom,Q9149801|Q660984,,,,,They Came For My Head,3610861532,HJ3CQiyMYRY
Q26690130,Anuel AA,person,2010,United States,Q54329757,Anuel AA in 2022 2.jpg,Tony Dandrades,CC BY 3.0,https://creativecommons.org/licenses/by/3.0,China,714210042,0VR3dfZf9Yg
Q26695,Lionel Richie,person,1968,United States,Q11700065,Lionel Richie 2017.jpg,U.S. State Department,Public domain,,Hello,918048,mHONNcZbwDY
Q26702221,Jean Bikoko,person,1939,Cameroon,Q2867170,,,,,,,
Q2670911,Raquel Meller,person,1888,Spain,Q125850367,"1928-11-27, Estampa, Raquel Meller en el cinematógrafo (cropped).jpg",Not stated,Public domain,,,,
Q267170,Meredith Monk,person,1968,United States,Q1640319,Meredith Monk Brooklyn Academy of Music (15326312734) (cropped).jpg,"Original: Feast of Music from New York City, United States / Derivative work: Danyele",CC BY 2.0,https://creativecommons.org/licenses/by/2.0,Dawn,65802265,zq-_ys2G_RI
Q267471,Yumi Matsutoya,person,1968,Japan,Q11324951,Yumi Matsutoya and Keiko Nagaoka 20221104.jpg,文部科学省,CC BY 4.0,https://creativecommons.org/licenses/by/4.0,Vapor Trail / Hikouki Gumo,556739672,
Q2675743,Dick Curless,person,1959,United States,Q7847156,Dick Curless - 125th BROOKLYN FAIR - 27-28-29 August 1976.jpg,This work is in the public domain in the United States because it was published in the United States between 1931 and 19,Public domain,,The Heartline Special,709730562,IlWiJPAIuIU
Q267822,Indira Radić,person,1985,Serbia,Q786815,Indira Radić 2011.jpeg,Mirko Nahmijas,Public domain,,Lopov,1530383982,ADC0rpKUqcY
Q267951,Alberta Hunter,person,1895,United States,Q1309336,AlbertaHunter1930.png,Unknown author,Public domain,,The Darktown Strutters' Ball,1080346,OP-0geORbvM
Q268160,The White Stripes,group,1997,United States,Q98528290|Q11366|Q2551540,,,,,Seven Nation Army,1153182282,0J2QdDbelmY
Q268288,Bezerra da Silva,person,1974,Brazil,Q1420722,,,,,Malandragem dá um Tempo,13305236,zDB0za2ikZo
Q268359,Hatebreed,group,1994,United States,Q183862|Q131286017,Hatebreed - Reload Festival 2024 09.jpg,Frank Schwichtenberg,CC BY-SA 4.0,https://creativecommons.org/licenses/by-sa/4.0,Destroy Everything,660685,DBwgX8yBqsw
Q26876,Taylor Swift,person,2003,United States,Q37073|Q2280497,Taylor Swift at the 2023 MTV Video Music Awards (3).png,iHeartRadioCA,CC BY 3.0,https://creativecommons.org/licenses/by/3.0,Patient Zero,4304169612,mw3kSNIxjqo
Q2690281,Tha Playah,person,1982,Kingdom of the Netherlands,Q1983750,20101003-0147 Syndicate 2010 Tha Playah.jpg,_moep_,CC BY 3.0,https://creativecommons.org/licenses/by/3.0,Hardcore Door Je Donder,937053592,K1JcL-rQLiI
Q269091,Tears for Fears,group,1981,United Kingdom,Q3397882,Tears for Fears 2008.jpg,KWa,CC BY-SA 3.0,https://creativecommons.org/licenses/by-sa/3.0,Shout,88845907,Ye7FKc1JQe4
Q269335,Carles Benavent,person,1954,Spain,Q1426909,Benavent Carles.jpg,Rai Fernandes Foto,CC BY 3.0,https://creativecommons.org/licenses/by/3.0,Sencillito,78308893,9ewk9rSoE6k
Q269450,Suffocation,group,1989,United States,Q1076092|Q2265866,Suffocation Summer Breeze Open Air 2017 27.jpg,S. Bollmann,CC BY-SA 4.0,https://creativecommons.org/licenses/by-sa/4.0,Liege of Inveracity,723158,72BkII5Z9Cg
Q269614,Ulcerate,group,2000,New Zealand,Q112144256,Ulcerate 2014.jpg,Amaya &amp; Laurent,CC BY 2.0,https://creativecommons.org/licenses/by/2.0,The Dawn is Hollow,2659630742,l31Xj44vJEA
Q269645,Doug E. Fresh,person,1984,United States,Q213608,Doug E. Fresh at the 5th Annual Hip-Hop Summit Action Network's Action Awards.jpg,CPX Interactive,CC BY 2.0,https://creativecommons.org/licenses/by/2.0,The Show,2654690452,bDkqz5C62SM
Q269813,Il Divo,group,2004,United Kingdom,Q56342556|Q2336819,Il Divo 2012.jpg,Eva Rinaldi,CC BY-SA 2.0,https://creativecommons.org/licenses/by-sa/2.0,Aleluya,61793713,OEq0Bd-BtsI
Q2699736,Red Fang,group,2005,United States,Q1772422,Red Fang - Wacken Open Air - 160805LEOKR004381510000.jpg,leokreissig.de for Wikimedia Commons,CC BY-SA 4.0,https://creativecommons.org/licenses/by-sa/4.0,Wires,73725116,-q8DppYVEL8
Q270055,7 Year Bitch,group,1990,United States,Q677542,7ybpromophoto.jpg,Danstone1966,CC BY-SA 4.0,https://creativecommons.org/licenses/by-sa/4.0,The Scratch,64247512,85sudQeuNTc
Q270546,Gloria Jones,person,1960,United States,Q1928583,Gloria Jones 7213s (cropped).jpg,Harald Bischoff,CC BY-SA 3.0,https://creativecommons.org/licenses/by-sa/3.0,Tainted Love,3475976,EH4yq-goqiA
Q2706252,The Soft Boys,group,1976,United Kingdom,Q703778,"Robyn Hitchcock at Iron Horse in Northampton, MA in 2005.jpg",Bruce W. Siart,Public domain,,I Wanna Destroy You,2422566735,su_fep2iARQ
Q27062890,Ndom’a Deccah Grace,person,1966,Cameroon,Q1815364,Grace Decca.jpg,Max MBAKOP,CC BY-SA 4.0,https://creativecommons.org/licenses/by-sa/4.0,,,
Q270669,Melissa Etheridge,person,1988,United States,Q747717,MelissaEtheridgeHWOFSept2011.jpg,Angela George,CC BY-SA 3.0,https://creativecommons.org/licenses/by-sa/3.0,Like The Way I Do,623716262,
Q2707438,José Luis Perales,person,1973,Spain,Q5747258,José Luis Perales (cropped).jpg,Juan García,CC BY-SA 4.0,https://creativecommons.org/licenses/by-sa/4.0,¿Y Cómo Es Él?,65039782,_H9QOeSH9wo
Q270828,Niña Pastori,person,1995,Spain,Q108297241,Niña Pastori en los actos oficiales del 2 de mayo - Imposición de la Medalla de la Comunidad de Madrid y Condecoraciones de la Orden del 2 de mayo.jpg,cristina cifuentes,CC BY 2.0,https://creativecommons.org/licenses/by/2.0,El Incomprendido,4005694011,LlPps2KPU7k
Q270830,Concha Piquer,person,1906,Spain,Q15042720,Conchita Piquer 1927.jpg,Unknown author,Public domain,,Tatuaje,3423860,OkfFRMeKgOc
Q270869,Yolanda Adams,person,1987,United States,Q5967604,YolandaAdamsHOTSPOTATL.png,HOTSPOTATL,CC BY 3.0,https://creativecommons.org/licenses/by/3.0,I Believe,13526198,YRSo80zPdLk
Q2710419,Cartola,person,1927,Brazil,Q11403,Músico Cartola.jpg,José Vasco,Public domain,,Preciso Me Encontrar,76377926,56mu8KSUYqk
Q271139,Irma Thomas,person,1959,United States,Q3658336,IrmaThomas2006.jpg,Sumori,CC BY-SA 3.0,http://creativecommons.org/licenses/by-sa/3.0/,Time Is on My Side,62673221,McOmcNwqprA
Q2711953,Leonel Power,person,1370,Kingdom of England,Q2995521,,,,,,,
Q2712704,Pussy Galore,group,1985,United States,Q131535243,,,,,Dick Johnson,30835861,-IK9pBpOFpk
Q2712705,The Tams,group,1960,United States,Q4875789,,,,,"Be Young, Be Foolish, Be Happy",123339068,CAfaR6IuO-4
Q271283,808 State,group,1987,United Kingdom,Q341364,Graham Massey 2 - MTFCentral Hack Camp (2015-09-19 21.34.45 by Music Tech Fest).jpg,Music Tech Fest,CC BY 2.0,https://creativecommons.org/licenses/by/2.0,Pacific State,1476820812,tLxDRePUwEY
Q271513,The Fray,group,2002,United States,Q2090023,The Fray - LA Arboretum 2.jpg,Kevin Paul,CC BY 4.0,https://creativecommons.org/licenses/by/4.0,How to Save a Life,7674865,cjVQ36NhbMk
Q2715339,Raspberries,group,1970,United States,Q837837,,,,,Go All The Way,3246490,6kY3ITqAAm8
Q271704,Preslava,person,2004,Bulgaria,Q870340,Preslava Novfolk Awards 2012.jpg,Timuronline,CC BY-SA 3.0,https://creativecommons.org/licenses/by-sa/3.0,,,
Q2718300,System 7,group,1989,United Kingdom,Q2465085,System 7.JPG,Off2riorob,CC BY-SA 3.0,https://creativecommons.org/licenses/by-sa/3.0,PositiveNoise,695577352,TUFz5b-cCPs
Q2719617,Rudimentary Peni,group,1980,United Kingdom,Q486365,,,,,The Cloud Song,1572294822,33Gboad2Hzs
Q272239,Twisted Sister,group,1972,United States,Q188539,Twisted Sister - Wacken Open Air 2016 01.jpg,Frank Schwichtenberg,CC BY-SA 3.0,https://creativecommons.org/licenses/by-sa/3.0,We're Not Gonna Take It,3803466302,4xmckWVPRaI
Q272253,Bobbie Gentry,person,1964,United States,Q2998920,Bobbie Gentry in 1968.jpg,Capitol Records,Public domain,,Ode To Billie Joe,3102672,RlPNjWEIrhQ
Q272260,Behemoth,group,1991,Poland,Q2599472,Behemoth - Reload Festival 2024 01.jpg,Frank Schwichtenberg,CC BY-SA 4.0,https://creativecommons.org/licenses/by-sa/4.0,"I, Scvlptor",4052293231,NzilD6L6P1k
Q2722967,Alisha Chinai,person,1985,India,Q3535998,Alisha Chinai 2009 - still 64293 crop.jpg,Bollywood Hungama,CC BY 3.0,https://creativecommons.org/licenses/by/3.0,Touch Me,1203800912,TWcSSDtSz0o
Q2723854,Pankaj Udhas,person,1980,India,Q281111|Q110230816,Pankaj Udhas still4.jpg,Bollywood Hungama,CC BY 3.0,https://creativecommons.org/licenses/by/3.0,Ahista,66609712,
Q2723980,Falguni Pathak,person,1997,India,Q882985,Falguni Pathak at her dandiya show in Goregaon Sports.jpg,Bollywood Hungama,CC BY 3.0,https://creativecommons.org/licenses/by/3.0,Maine Payal Hai Chhankai,65441753,0tjVtYtZ384
Q272496,Julee Cruise,person,1985,United States,Q592330|Q33160145,Julee Cruise.jpg,"Bertrand from Paris, France",CC BY 2.0,https://creativecommons.org/licenses/by/2.0,The Nightingale,7337263,sKFcACtM_q4
Q272581,Katherine Jenkins,person,1998,United Kingdom,Q56342556,Katherine Jenkins in 2022 (cropped).jpg,UKinUSA,CC BY-SA 2.0,https://creativecommons.org/licenses/by-sa/2.0,Delibes: The Flower Duet,2652147,
Q272591,Daddy Yankee,person,1994,United States,Q202930,Daddy Yankee - The Kingdom (Official Q & A).png,Daddy Yankee,CC BY 3.0,https://creativecommons.org/licenses/by/3.0,Gasolina,3165861441,CCF1_jI8Prk
Q272619,Fatboy Slim,person,1979,United Kingdom,Q663519|Q858579,Fatboy Slim in 2004.jpg,Shokophoto,CC BY 2.0,https://creativecommons.org/licenses/by/2.0,Satisfaction Skank,3653300512,_c_V3oPCe-s
Q272845,Patsy Montana,person,1933,United States,Q3696098,Patsy Montana Billboard.jpg,Unknown author,Public domain,,I Want to Be a Cowboy's Sweetheart,67492854,Bic7HEF5zE4
Q272913,Kitty Wells,person,1919,United States,Q3140141|Q65943778,Kitty Wells.jpg,Capricorn Records,Public domain,,It Wasn't God Who Made Honky Tonk Angels (Rerecorded),6077152,
Q272931,Loretta Lynn,person,1959,United States,Q5128236,Loretta Lynn LCCN2021643178 (cropped).jpg,Walden S. Fabry,Public domain,,Coal Miner's Daughter,2153341,uEeR576KyjU
Q273049,Peter Tosh,person,1961,Jamaica,Q9794,BushDoctor1978.jpg,TimDuncan,CC BY 3.0,https://creativecommons.org/licenses/by/3.0,Legalize It,12269971,6cIePqdz03A
Q27306126,Vintage Culture,person,2011,Brazil,Q85748774,,,,,Toxic,4043532201,6RMRN45EBOM
Q273076,Wynton Marsalis,person,1980,United States,Q14546558,Wynton Marsalis free.jpg,feinsteinphotos,CC BY 2.0,https://creativecommons.org/licenses/by/2.0,Timelessness,639247492,yiLu1jPhUXg
Q273079,Cab Calloway,person,1930,United States,Q203775,Cab Calloway Gottlieb.jpg,William P. Gottlieb,Public domain,,Minnie the Moocher (Theme Song),1068030,
Q273080,Patsy Cline,person,1947,United States,Q106561868|Q83440|Q1751782,Patsy Cline 1957--Front.jpg,Unknown author,Public domain,,Crazy,542814742,YWKeuYcDAoo
Q273171,"Emerson, Lake & Palmer",group,1970,England,Q49451|Q106621063|Q719927,Emerson Lake and Palmer band photo.jpg,Jean-Luc,CC BY-SA 2.0,https://creativecommons.org/licenses/by-sa/2.0,Lucky Man,3783090552,yRvljAT4O6Q
Q273233,Paul Robeson,person,1925,United States,Q212024|Q139566448,Paul Robeson 1942 crop.jpg,"Gordon Parks, Office of War Information; cropped by Beyond My Ken (talk) 07:13, 3 February 2011 (UTC)",Public domain,,Traditional: Shenandoah,3140272,
Q2733408,Unida,group,1998,United States,Q3322869,Unida at Into The Void 2022.jpg,Lars van der Heide,CC BY-SA 4.0,https://creativecommons.org/licenses/by-sa/4.0,Left Us To Mold,2070396,I2tmmRRRLu0
Q2733776,Silencer,group,1995,Sweden,Q28949059,,,,,,,
Q2734296,Ovidi Montllor,person,1968,Spain,Q254890,Ovidi Montllor actuant.jpg,Xavier Terol,CC BY-SA 4.0,https://creativecommons.org/licenses/by-sa/4.0,,,
Q2735641,Rhoma Irama,person,1958,Indonesia,Q1159539,Rhoma Irama at Adi Soemarmo Airport; July 2010.jpg,Meursault2004,CC BY-SA 3.0,https://creativecommons.org/licenses/by-sa/3.0,Lagu Kenangan,3738244142,cSA3ViGhIR0
Q273652,Kitarō,person,1975,Japan,Q213121,Kitaro 5.jpg,Domo Music Group,CC BY-SA 3.0,https://creativecommons.org/licenses/by-sa/3.0,Aqua,10710169,nLv74c-0mFI
Q273716,May Irwin,person,1862,United States,Q2265295,"May Irwin, stage actress (SAYRE 4867).jpg",Joseph Hall,Public domain,,,,
Q273797,Edith Lefel,person,1963,France,Q227045|Q8074636,,,,,Mon ange,228666,OtJyb8Gie9k
Q273868,Hazell Dean,person,1975,United Kingdom,Q606393,Hazell Dean at Lets Rock Liverpool (81).jpg,Andrew D Hurley,CC BY-SA 4.0,https://creativecommons.org/licenses/by-sa/4.0,Searchin' (I Gotta Find a Man),124992706,QB6hAUyGV6s
Q2739596,Antipop Consortium,group,1997,United States,Q5421158,,,,,,,
Q2740154,Khanate,group,2001,United States,Q1433387,Khanate vocalist.jpg,David Tyler,CC BY 2.0,https://creativecommons.org/licenses/by/2.0,Pieces of Quiet,2226718217,KwPyqcaHhJY
Q2740796,Getatchew Mekurya,person,1949,Ethiopia,Q3591962,Getatchew Mekuria.jpg,Tom Beetz @ http://home.hetnet.nl/~tbeetz/index.html,CC BY 2.0,https://creativecommons.org/licenses/by/2.0,Muziqa heywete,224962,2Dk4pjTbJEw
Q274082,Éliane Radigue,person,1932,France,Q650316,Éliane Radigue and Cat.jpg,Delphine Migueres,CC BY-SA 3.0,https://creativecommons.org/licenses/by-sa/3.0,,,
Q27417,Modern Talking,group,1983,West Germany,Q517415,Moderntalking.jpg,CHR!S,CC BY-SA 3.0,https://creativecommons.org/licenses/by-sa/3.0,Cheri Cheri Lady,74249000,eNvUS-6PTbs
Q274181,Mamie Smith,person,1883,United States,Q1309336,MamieSmith.png,Unknown author,Public domain,,Miss Jenny's Ball (aka There'll Be No Freebies At Miss Jenny's Ball),13257998,
Q2743459,Cheikh Raymond,person,1912,France,Q623904|Q19820570,Identite-CheikhRaymond-1953-Sacem.png,Inconnu,Public domain,,,,
Q2743754,Tabu Ley Rochereau,person,1959,Democratic Republic of the Congo,Q3453150,Rochereau performing at Paris Olympia.jpg,"unknown, Le Progrès",Public domain,,Mokolo Nako Kufa,1853637277,x7abyOQcK1Y
Q2745300,Bade Ghulam Ali Khan,person,1923,Dominion of India,Q62128|Q69596,Ustad Bade Ghulam Ali Khan.jpg,Unknown author,Public domain,,,,
Q2745548,Sandi Patty,person,1978,United States,Q1379958,Sandi Patty cropped.jpg,b r e n t (Flickr user),CC BY 2.0,https://creativecommons.org/licenses/by/2.0,Via Dolorosa,134353864,TO3tH2EcBEY
Q2745611,Mtume,group,1973,United States,Q4942839,,,,,Juicy Fruit,13197416,EYE5QEBOMA8
Q274562,Loreena McKennitt,person,1985,Canada,Q98528207,Loreena McKennitt (cropped).jpg,Małgorzata Skibińska,CC BY-SA 4.0,https://creativecommons.org/licenses/by-sa/4.0,The Mummers' Dance,1761780037,qxTpvA-pUG0
Q274593,HammerFall,group,1993,Sweden,Q57143,Hammerfall at the Masters of Rock 2007.jpg,Uploader: Rockk3r (originally from here),CC BY-SA 2.5,https://creativecommons.org/licenses/by-sa/2.5,Hearts on Fire,651480792,ezxvLq2oIwI
Q2746631,Elvy Sukaesih,person,1964,Indonesia,Q1159539,Elvie Sukaesih 1 Majalah VARIANADA Edisi 152 Tahun 1974.png,Majalah VARIANADA Edisi 152 Tahun 1974,Public domain,,Mandi Madu (Mandi Madu),79558140,
Q2747854,Yaakov Shwekey,person,2001,United States,Q110555065,Shwekey in Lod 2021 - L'Chaim (cropped).jpg,DGtal,CC BY-SA 4.0,https://creativecommons.org/licenses/by-sa/4.0,Am Yisrael,3749390182,V_Yp6fvRp6s
Q2748333,Incapacitants,group,1981,Japan,Q726239|Q16562829,Incapacitants @ luff 2010.jpg,furibond,CC BY-SA 2.0,https://creativecommons.org/licenses/by-sa/2.0,,,
Q2750368,Maher Zain,person,2009,Sweden,Q783874,Maher Zain Kony Concert March2014.jpg,Salmats2al at English Wikipedia,CC BY-SA 3.0,https://creativecommons.org/licenses/by-sa/3.0,Dima Maghreb,2070421997,4Ky30uTtmcQ
Q275059,Foreigner,group,1976,United States,Q2526653|Q379033|Q16527140,Foreigner2009.jpg,Abdoozy,CC BY-SA 3.0,https://creativecommons.org/licenses/by-sa/3.0,I Want to Know What Love Is,977948,r3Pr1_v7hsw
Q2752365,Charly Lownoise and Mental Theo,group,,Netherlands,Q339906,Charlie Lownoise & Mental Theo.JPG,User:JoeJoeJoe93,CC BY-SA 3.0,https://creativecommons.org/licenses/by-sa/3.0,,,
Q2752431,Monolake,group,1995,Germany,Q1262781,Monolake 2014.jpg,Carsten Stiller,CC BY 2.0,https://creativecommons.org/licenses/by/2.0,,,
Q2756134,Zé Ramalho,person,1975,Brazil,Q10387147,Zé Ramalho (2446166084).jpg,As fotos da Virada!,CC BY-SA 2.0,https://creativecommons.org/licenses/by-sa/2.0,Chão de Giz,13304674,FBMMNBOXins
Q27593,AC/DC,group,1973,Australia,Q83270,AC DC at London's Olympic Stadium.jpg,Egghead06,CC BY-SA 4.0,https://creativecommons.org/licenses/by-sa/4.0,Highway to Hell,92719900,l482T0yNkeo
Q2760921,Ran-D,person,2002,Kingdom of the Netherlands,Q21000514,2016 Open Beatz - Ran-D - by 2eight - DSC2967.jpg,Stefan Brending (2eight),CC BY-SA 3.0,https://creativecommons.org/licenses/by-sa/3.0,Zombie,508292342,8ga_tSyiRvQ
Q2761128,Anri,person,1978,Japan,Q11307326,AnriLA22023 (cropped).jpg,Jackelyn Elston,CC BY-SA 4.0,https://creativecommons.org/licenses/by-sa/4.0,,,
Q276317,Arja Koriseva,person,1989,Finland,Q1762761,Arja Koriseva 2004.jpg,Piimapoika at English Wikipedia,Public domain,,,,
Q276413,Bebe Barron,person,1925,United States,Q5969884,,,,,,,
Q27662462,Illenium,person,2008,United States,Q106404229|Q22908553,ILLENIUM In Las Vegas.png,sm_1992,CC BY-SA 4.0,https://creativecommons.org/licenses/by-sa/4.0,All That Really Matters,1819163237,3gxxW5NqICc
Q27671080,Playboi Carti,person,2011,United States,Q65089257|Q111133884,"Playboi Carti, Clout Festival 2024 05 (cropped).jpg",Wojciech Pędzich,CC BY 4.0,https://creativecommons.org/licenses/by/4.0,Sky,1189531242,KnumAWWWgUE
Q2772878,C-Bo,person,1991,United States,Q17995961,,,,,,,
Q27733794,Westside Gunn,person,2012,United States,Q109303336,Westside Gunn.png,AK Reed Films,CC BY 3.0,https://creativecommons.org/licenses/by/3.0,,,
Q27743,Lonnie Donegan,person,1949,United Kingdom,Q606089,LonnieDonegan1956.jpg,Cashbox,Public domain,,Does Your Chewing Gum Lose It's Flavor (On The Bedpost Over Night) (Rerecorded),12653751,
Q277479,Leftfield,group,1990,United Kingdom,Q915152,Leftfield.JPG,MartinPaulEve,CC BY-SA 3.0,https://creativecommons.org/licenses/by-sa/3.0,Release the Pressure,870302,zBfs0mPiO3M
Q2778189,Avraham Fried,person,1981,United States,Q110555065,Avraham Fried 3.jpg,David Karsenty (דיוויד קרסנטי),CC BY-SA 3.0,https://creativecommons.org/licenses/by-sa/3.0,אבא,690093682,WhxcSxDgtHI
Q277865,Fugazi,group,1987,United States,Q377910,FUGAZI 3 (19729214472).jpg,M S,CC BY-SA 2.0,https://creativecommons.org/licenses/by-sa/2.0,Waiting Room,1717942497,Og7u3sKuegM
Q2778878,Cathedral Quartet,group,1964,United States,Q2022163,,,,,This Old House/ When The Saints,3471225,
Q278024,Andy Palacio,person,1981,Belize,Q283405,Andy Palacio.jpg,John Leeson,CC BY 2.0,https://creativecommons.org/licenses/by/2.0,Águyuha Nidúheñu,414591912,
Q27817063,Sianvar,group,2013,United States,Q115684103,,,,,Anticoagulant,3725504372,xu1CHih1vw4
Q27817130,Solid Space,group,1980,United Kingdom,Q6865341|Q98528171,,,,,Tenth Planet,440358682,ywBuioCiSds
Q278207,John Oswald,person,1953,Canada,Q1744304|Q7205507,JOsw1088.png,Raybrain,CC BY-SA 4.0,https://creativecommons.org/licenses/by-sa/4.0,Blur,1582181212,07kW_KE25X8
Q278406,High on Fire,group,1998,United States,Q1772422,HF2022HighOnFire 4.jpg,Selbymay,CC BY-SA 4.0,https://creativecommons.org/licenses/by-sa/4.0,Snakes For The Divine,66020943,L0VPVawpN8E
Q27886640,6lack,person,2011,United States,Q119889474,6LACK.jpg,The Come Up Show,CC BY 2.0,https://creativecommons.org/licenses/by/2.0,All That Matters,4024427971,0RMKRA7tIUI
Q27902902,Amelie Lens,person,2014,Belgium,Q111182811,Amelie Lens 06 2022.jpg,Rayukk,CC BY-SA 4.0,https://creativecommons.org/licenses/by-sa/4.0,run,4160058162,WqvOWiO20uY
Q27924886,Thomas Jack,person,1993,Australia,Q18342587,,,,,Rivers,103270748,g7ZsJ2vWR1Y
Q279368,Mauro Picotto,person,1989,Italy,Q2302695,,,,,Komodo,1614843262,suZiCdFfWyQ
Q279778,Wendo Kolosoy,person,1943,Democratic Republic of the Congo,Q3453150,,,,,Marie-Louise,69422927,e6yOvOzdNAU
Q28007321,Alok,person,2004,Brazil,Q85748774,19 03 2024 - Aniversário de Brasília terá mega show do DJ Alok na Esplanada dos Ministérios (53596862497) (cropped).jpg,"Agência Brasília from Brasília, Brasil",CC BY 2.0,https://creativecommons.org/licenses/by/2.0,Hear Me Now,452769552,bbOw3Q2cRrw
Q2801238,Sorriso Maroto,group,1997,Brazil,Q10343541,Expo 012.jpg,André,CC BY-SA 3.0,https://creativecommons.org/licenses/by-sa/3.0,Perdas e Danos,4057672971,S8gr1n5Vr3s
Q2801602,Koos Alberts,person,1947,Kingdom of the Netherlands,Q2138639,Koos Alberts Gouden Pijl 2012.JPG,Richard Broekhuijzen,CC BY-SA 3.0,https://creativecommons.org/licenses/by-sa/3.0,Tulpen Uit Amsterdam (9:09),25580551,
Q2802775,Tape Five,group,,Germany,Q602561,,,,,Dixie Biscuits,21857501,Wpgtu5ShzQk
Q28039416,DJ Spoko,person,,South Africa,Q135369460,,,,,Extantion 6,138540265,eP1PWGhbsME
Q28039875,Babes Wodumo,person,2016,South Africa,Q29973057,,,,,Wololo,1376559562,
Q28043525,Pat Thomas,person,1951,Ghana,Q963061|Q1014887,PatThomas2.jpg,Prunk,CC BY-SA 3.0,https://creativecommons.org/licenses/by-sa/3.0,,,
Q28053503,Jauz,person,2013,United States,Q27345019,,,,,Teardrops,2701372632,ec2cD-AW1Hc
Q2808,Elton John,person,1962,United Kingdom,Q484641|Q2090023,Elton John 2023.jpg,Raph_PH,CC BY 2.0,https://creativecommons.org/licenses/by/2.0,I'm Still Standing,1171163,ZHwVBirqD2s
Q2810568,187 Lockdown,group,,United Kingdom,Q780517,,,,,Kung-Fu,387421961,rkDNjOhfAU0
Q281078,Noel Rosa,person,1929,Brazil,Q11403,Noel Rosa.jpg,Unknown author,Public domain,,Conversa de Botequim,609828752,ghOfAxJ0qnU
Q281086,Pixinguinha,person,1911,Brazil,Q1076539,Pixinguinha (2).jpg,Unknown author,Public domain,,Vou Vivendo,45850771,bIeAi9_fmuk
Q2813687,Vernian Process,group,2003,United States,Q106582953,,,,,Something Wicked (That Way Went),77298676,qsRh83BXvOE
Q2813877,Michael Finnissy,person,1946,United Kingdom,Q3736603,,,,,,,
Q28146294,Gunship,group,2014,United Kingdom,Q19938910,,,,,Ghost,1961048217,aUJuwNxNUWQ
Q28155448,Altai Kai,group,1997,,Q4208567,,,,,Uluhan,1437056702,IpgX7_rapqs
Q28155527,Ariel Camacho y Los Plebes del Rancho,group,2013,Mexico,Q101440473,,,,,Te Metiste,84956865,cSxW59KalkA
Q281888,Trouble Funk,group,1978,United States,Q2697917,,,,,Pump Me Up,1858876007,xg5IRsPs5E8
Q281894,Converge,group,1990,United States,Q183862|Q616679,Converge f4304335.jpg,Rama,CC BY-SA 2.0 fr,https://creativecommons.org/licenses/by-sa/2.0/fr/deed.en,Love Is Not Enough,3617424102,qxelfxGa2oo
Q282002,Michael McDonald,person,1970,United States,Q885561,Michael McDonald (singer).jpg,dbking,CC BY 2.0,https://creativecommons.org/licenses/by/2.0,I Keep Forgettin' (Every Time You're Near),5617796,9gbQVj4MR3M
Q2821003,Abdelaziz Stati,person,1961,Morocco,Q2961759,Stati-Fest Dakhla 2009 (cropped).JPG,Nomadz,CC BY-SA 3.0,https://creativecommons.org/licenses/by-sa/3.0,,,
Q2821120,Abdelkrim Rais,person,1945,Morocco,Q623904,عبد الكريم الرايس.jpg,Imantaoud,CC BY-SA 4.0,https://creativecommons.org/licenses/by-sa/4.0,,,
Q28213309,Floorfilla,group,1998,Italy,Q930592,,,,,Anthem 2 (DJ Cerla Floorfiller Radio),648531822,uznX85oTH5E
Q282855,Parkway Drive,group,2003,Australia,Q183862,Parkway Drive - 2018153232156 2018-06-02 Rock am Ring - 5DS R - 0299 - 5DSR6245.jpg,Sven Mandel,CC BY-SA 4.0,https://creativecommons.org/licenses/by-sa/4.0,The Void,491204922,Huag2s7UPXg
Q282925,The Hollies,group,1962,United Kingdom,Q546264|Q383982,The Hollies (1965).png,Imperial Records,Public domain,,The Air That I Breathe,3358791,S27uehI9FBo
Q2831,Michael Jackson,person,1964,United States,Q37073,Michael Jackson 1983 (3x4 cropped) (contrast).jpg,Matthew Rolston; Distributed by Epic Records,Public domain,,Smooth Criminal,4603400,h_D3VFfhvs4
Q2831849,Alberto Villalón,person,1882,Cuba,Q2420447,Villalón.jpg,Unknown author,Public domain,,,,
Q283835,Carcass,group,1985,United Kingdom,Q483251|Q1147692,Carcass - Elbriot 2016 01 (cropped).jpg,Frank Schwichtenberg,CC BY-SA 3.0,https://creativecommons.org/licenses/by-sa/3.0,Heartwork,1360796682,ZpbpOgUybBM
Q284007,Seiko Matsuda,person,1980,Japan,Q1418683|Q107985650,,,,,Aoi Sangosho,976075122,z9cEDAh2L6Q
Q284017,Atahualpa Yupanqui,person,1935,Argentina,Q597493|Q942955|Q1151259,Atahualpa Yupanqui por Foto Estudio Luisita.jpg,Foto Estudio Luisita,Public domain,,Danza de la Paloma Enamorada (Remasterizado),2290717865,
Q28402704,Q-Tex,group,,United Kingdom,Q3066180,,,,,,,
Q28405869,The Reatards,group,,United States,Q2296495,,,,,Memphis Blues,12367955,CKUz5rmhfd4
Q2841001,Amanaz,group,,Zambia,Q145980,,,,,Sunday Morning,2322017585,FwGzLLjrc84
Q2841148,Amar Ezzahi,person,1941,Algeria,Q2961766,Amar Ezzahi.jpg,Artiste-mondiale,CC BY-SA 4.0,https://creativecommons.org/licenses/by-sa/4.0,ANA EL KAOUI,4004309681,dwoqI-46N9g
Q2842516,Asylum Party,group,1985,France,Q2343562,,,,,Together in the Fall,3913849291,tdWApe12PkM
Q2844869,An Albatross,group,1999,United States,Q106594784,An Albatross-1.jpg,Scenefeeder,CC BY-SA 2.0,https://creativecommons.org/licenses/by-sa/2.0,"Lysergically Yours, My Psychedelic Bride",30439621,nR5TVGJXyXM
Q284488,Seka Aleksić,person,2002,Serbia,Q786815,Seka Aleksic 2012.jpg,Sabahudin9,CC BY-SA 3.0,https://creativecommons.org/licenses/by-sa/3.0,Umri do zore,3006845671,DrnbXvk0ZQk
Q284872,Matt Redman,person,1993,United Kingdom,Q1339121,Matt Redman 2019.jpg,Andy Hutchison,CC BY-SA 4.0,https://creativecommons.org/licenses/by-sa/4.0,The Heart Of Worship,61365146,OD4tB1o6YLw
Q2849005,Andrés Cabas,person,2000,Colombia,Q535402,WhiteT3.jpg,Allpartsmove,CC BY-SA 4.0,https://creativecommons.org/licenses/by-sa/4.0,,,
Q285187,The Tempters,group,1966,Japan,Q3117305,,,,,Kamisama Onegai!,2668215782,uFWJ_1DbRX4
Q285190,Molly Hatchet,group,1975,United States,Q852767,Molly Hatchet 2009.jpg,"Michael ""Shutter"" Cross",Public domain,,Fall of The Peacemakers,849342,OzKBu66ceOc
Q2853143,Antibalas,group,1998,United States,Q388296,Antibalas afrobeat orchestra.jpg,"""Rich Andersson"" on flickr",CC BY-SA 2.0,https://creativecommons.org/licenses/by-sa/2.0,Dirty Money,779389392,KMXlEqlnAIg
Q28561969,XXXTentacion,person,2013,United States,Q3071|Q65089257|Q12362064,Xxxtentacion (cropped).jpg,State of Florida,Public domain,,Moonlight,472992592,GX8Hg6kWQYI
Q285966,Hawkwind,group,1969,United Kingdom,Q236913,Hawkwind Donington 1982.jpg,Andrew King,CC BY-SA 2.0,https://creativecommons.org/licenses/by-sa/2.0,Hurry on Sundown,3102107,pNnOg34u4WE
Q286022,Common,person,1991,United States,Q141459,Common - 2018 (41963868844) (cropped).jpg,"Steven Pisano - Feast of Music from New York City, United States",CC BY 2.0,https://creativecommons.org/licenses/by/2.0,The Light,6106509,OjHX7jf-znA
Q286110,Galliano,group,1988,United Kingdom,Q221772,,,,,Golden Flower,3759127662,zx0mc5fa15k
Q286346,Oneohtrix Point Never,person,2006,United States,Q124170473|Q105763581|Q25345818,ONEOHTRIX POINT NEVER (cropped).jpg,Warp Records,CC BY-SA 3.0,https://creativecommons.org/licenses/by-sa/3.0,Same,506124002,ET11LLlY1R4
Q2864978,Arthur Alexander,person,1960,United States,Q2998920,,,,,You Better Move On,1038304242,5BGnvsunuFU
Q286525,Cilla Black,person,1963,United Kingdom,Q2344635,Cilla-Black-1971-in-Finland.jpg,AnonymousUnknown author / Yleisradio,Public domain,,You're My World,71442640,64Aoy91d_SM
Q286596,The Upsetters,group,1968,Jamaica,Q1277532,,,,,,,
Q286616,Émile Waldteufel,person,1899,France,Q8701407,Waldteufel.jpg,Atelier Reutlinger,Public domain,,,,
Q2866267,Asa de Águia,group,1987,Brazil,Q1435485,Durval.jpg,Vanessa Dias,Public domain,,Dança do Vampiro,13266832,VkrZKREptjs
Q2866938,Assagai,group,1971,,Q3606268,,,,,Wobuya,2512295481,
Q286750,Phuture,group,1985,United States,Q20502|Q341364,,,,,Acid Tracks,1600909272,igNBeo3QSqc
Q28677153,Maiara & Maraisa,group,2002,Brazil,Q10370558,16 02 2020 Jogo Flamengo x Atlético PR (49543345207) (cropped).jpg,"Palácio do Planalto from Brasilia, Brasil",CC BY 2.0,https://creativecommons.org/licenses/by/2.0,A Culpa É Nossa (Ao Vivo),2056078567,
Q28678297,Kevinho,person,1998,Brazil,Q117745223,Kevinho 2019.jpg,Record TV Goiás,CC BY-SA 3.0,https://creativecommons.org/licenses/by-sa/3.0,Olha a Explosão,909701872,3yd_eoMOvqk
Q287061,Esbjörn Svensson Trio,group,1993,Sweden,Q5928480,Esbjoern Svensson Trio.jpg,imatik,CC BY 2.0,https://creativecommons.org/licenses/by/2.0,Dodge the Dodo,520456412,FixvcmxIZmg
Q287142,Goodie Mob,group,1991,United States,Q1253172|Q8560269,,,,,Cell Therapy,7410332,OGy4bmG5SJw
Q28732615,Tee Grizzley,person,2016,United States,Q106839650,Tee Grizzley (cropped).jpg,HOTSPOTATL,CC BY 3.0,https://creativecommons.org/licenses/by/3.0,Rain,4251614571,ooDph9QKtNk
Q28739901,Ozuna,person,2012,United States,Q54329757,Ozuna-2019.jpg,Sony Music Entertainment Sweden via Mynewsdesk,CC BY-SA 4.0,https://creativecommons.org/licenses/by-sa/4.0,Baila Baila Baila,820200292,32F2d-wj4Xw
Q287486,Dominick Fernow,person,1998,United States,Q2687544,Prurient live in Moscow in 2018.jpg,Sergei F,CC BY 2.0,https://creativecommons.org/licenses/by/2.0,,,
Q287690,The Hives,group,1989,Sweden,Q98528290,The Hives - Alexandra Palace - Saturday 29th November 2025.jpg,Raph_PH,CC BY 4.0,https://creativecommons.org/licenses/by/4.0,Tick Tick Boom,1112816,1M02bAWDFkI
Q2878967,Bagad Lann Bihoue,group,1952,Brittany,Q12302,Bagad.JPG,Marine nationale/Baud Valérie,CC BY-SA 3.0,https://creativecommons.org/licenses/by-sa/3.0,,,
Q28803195,Blawan,person,2010,,Q29480448,,,,,Auto Fake,4263571891,dkmvTCBivBI
Q2880506,M. Balamuralikrishna,person,1938,Dominion of India,Q956883,Pandit balamuralikrishna.jpg,Aneezone at Malayalam Wikipedia,CC BY-SA 3.0,https://creativecommons.org/licenses/by-sa/3.0,,,
Q2881398,Bally Sagoo,person,1989,United Kingdom,Q854844,Angela Ang with Bally Sagoo.jpg,Minxymoggy,CC BY-SA 4.0,https://creativecommons.org/licenses/by-sa/4.0,Dil Cheez,15822798,7torjkkGek0
Q2881794,Bamboleo,group,1995,Cuba,Q371745,,,,,Ya No Hace Falta,143808668,38IBRx4vySA
Q28843403,２８１４,group,2014,United Kingdom,Q15733887,,,,,Eyes of the Temple,128056317,FdpD1CScm8s
Q28843759,Rosalía,person,2013,Spain,Q3053954|Q108297241,"2023-11-16 Gala de los Latin Grammy, 27 (cropped)02.jpg",Junta de Andalucía,CC BY-SA 2.0,https://creativecommons.org/licenses/by-sa/2.0,LA FAMA,1685337397,e-CEd6xrRQc
Q2890515,Alejo Durán,person,1919,Colombia,Q1574985,,,,,El Amor Amor (Paseo),71426101,
Q2893053,BeauSoleil,group,1975,United States,Q1026089,2016BeauSoleil.jpg,Jonathunder,GFDL 1.2,http://www.gnu.org/licenses/old-licenses/fdl-1.2.html,L'ouragon (The Hurricane),1222225762,ov4duZxpHmA
Q2893080,Beau Jocque,person,1991,United States,Q245296|Q111186967,BeauJocque1997.jpg,Masahiro Sumori,CC BY-SA 3.0,http://creativecommons.org/licenses/by-sa/3.0/,Breezin',12376372,pJFcYkDX-80
Q289405,The Vines,group,1999,Australia,Q98528290,CraigNicholls Chicago04.jpg,"Will Fresch from San Diego, CA, United States",CC BY-SA 2.0,https://creativecommons.org/licenses/by-sa/2.0,Get Free,3099711,asOvnGHwtDU
Q2894589,Bell Biv DeVoe,group,1989,United States,Q840065,New Edition on Sister Circle Live.jpg,Sister Circle Live,CC BY 3.0,https://creativecommons.org/licenses/by/3.0,Poison,765887552,hgnhVcyLy1I
Q28974,"Earth, Wind & Fire",group,1970,United States,Q1433387|Q650316|Q164444,Earth Wind and Fire.jpg,Chris Hakkens,CC BY-SA 2.0,https://creativecommons.org/licenses/by-sa/2.0,September,487484142,Gs069dndIYk
Q28976178,J Hus,person,2014,United Kingdom,Q85740017,J Hus.png,MUSA LOVE L1FE,CC BY 3.0,https://creativecommons.org/licenses/by/3.0,Who Told You,2313639475,FlJQudt_OtU
Q2899291,Berthe Sylva,person,1885,France,Q2956171,Berthe Sylva.jpg,unknown ; inconnu,Public domain,,Les roses blanches,74977125,sJXx7jZX39U
Q2899818,Lil Durk,person,2011,United States,Q15697534|Q115691081,Lil Durk in 2022.png,JD Sports,CC BY 3.0,https://creativecommons.org/licenses/by/3.0,All My Life,2267766057,Z4N8lzKNfy4
Q290167,Étienne de Crécy,person,1992,France,Q1455292,Étienne de Crécy @ Scopitone 2008.jpg,shym0n / Simon Robic,CC BY 2.0,https://creativecommons.org/licenses/by/2.0,You,1465854542,rhqQNEnSpkc
Q290270,Matthew Herbert,person,1995,United Kingdom,Q1931555,Matthew-herbert.jpg,No machine-readable author provided. Nomo assumed (based on copyright claims).,CC BY-SA 2.5,https://creativecommons.org/licenses/by-sa/2.5,,,
Q2903211,Bill Fontana,person,1947,United States,Q1744327,Prix Ars Electronical 2013 21 Bill Fontana.jpg,Manfred Werner - Tsui,CC BY-SA 3.0,https://creativecommons.org/licenses/by-sa/3.0,,,
Q2905142,Vibe Tribe,group,2002,Israel,Q10286190,,,,,,,
Q2907992,Bobby Orlando,person,1958,United States,Q606393,,,,,,,
Q2908818,Union Jack,group,1993,United Kingdom,Q481900,,,,,,,
Q2909630,Lipa Schmeltzer,person,1998,United States,Q110555065,LlPA.jpg,Chaimgreen,CC0,http://creativecommons.org/publicdomain/zero/1.0/deed.en,The Language of Music,1110265562,
Q2910639,Margalit Tzan'ani,person,1971,Israel,Q2738544,Margol social justice Beersheba 2.jpg,Eman,CC BY-SA 3.0,https://creativecommons.org/licenses/by-sa/3.0,נערי שובה אלי,79105125,_GZjeVTSA0w
Q291288,Bernard Parmegiani,person,1964,France,Q1326777|Q823560|Q423918,Parme IMG 0382.jpg,Claudeanne37,CC BY-SA 4.0,https://creativecommons.org/licenses/by-sa/4.0,Electrorythmes (1966),1492823772,
Q2914477,Bill Haley & His Comets,group,1949,United States,Q7749,BillHaley.JPG,Unknown author,Copyrighted free use,,,,
Q2915432,Gershon Sirota,person,1874,,Q108297215|Q125346598,Gershon Sirota.jpg,צענטראל publishing house,CC BY 3.0,https://creativecommons.org/licenses/by/3.0,,,
Q2915717,Moshe Koussevitzky,person,1899,Poland,Q108297215|Q125346598,Warsaw Cantor Moshe Koussevitzky at the Warsaw Ghetto 10th Anniversary Memorial Meeting in New York City.jpg,"Center for Jewish History, NYC",Public domain,,,,
Q2916422,Viguen,person,1951,Iran,Q7170257,Vigen.jpg,Unknown. Uploaded to Wikipedia by Fooladin.,Public domain,,Shaneh,12591758,G05AxImGJZ8
Q2918713,Omer Adam,person,2009,Israel,Q2738544,Omer Adam 1.jpg,סיימון אלמלם (Simon Elmalem),CC BY-SA 3.0,https://creativecommons.org/licenses/by-sa/3.0,,,
Q291970,Dragana Mirković,person,1984,Serbia,Q786815,Dragana Mirković (2015).jpg,"Bundesministerium für Europa, Integration und Äusseres",CC BY 2.0,https://creativecommons.org/licenses/by/2.0,Pečat na usnama,2799927902,FJ_3cJR_51A
Q2920703,Shaaban Abdel Rahim,person,1980,Egypt,Q16323732,,,,,,,
Q292135,Ivy Queen,person,1995,United States,Q202930,Ivy Queen.jpg,"Lunchbox LP from Culver City, CA, USA",CC BY 2.0,https://creativecommons.org/licenses/by/2.0,Quiero Bailar,625985922,ykj61GLeVz4
Q2921492,Boudjemaâ El Ankis,person,1927,Algeria,Q2961766,Amar Ezzahi et Boudjemaâ El Ankis.jpg,Artiste-mondiale,CC BY-SA 4.0,https://creativecommons.org/licenses/by-sa/4.0,,,
Q2923594,Brain Damage,group,,,Q108107635,,,,,Hurtful dub,226376,UEy5-2N6iQg
Q292389,Etta Baker,person,1913,United States,Q1109497,"North Carolina awards, page 7 (2003).jpg","Government &amp; Heritage Library, State Library of NC",CC BY 2.0,https://creativecommons.org/licenses/by/2.0,One Dime Blues,4327043,gcD3fOrRPqE
Q292412,Skeeter Davis,person,1931,United States,Q1751782,Skeeter Davis.png,RCA Victor,Public domain,,The End of the World,956496,sonLd-32ns4
Q2926060,Bronco,group,1800,Mexico,Q5612172,,,,,A Qué Le Tiramos,13273558,SkOPyvlZbnQ
Q292853,Ñico Lora,person,1881,Dominican Republic,Q6819034,,,,,,,
Q292863,Ñico Saquito,person,1917,Cuba,Q1552806,Ñico Saquito 294A5382 Gedenktafel.jpg,Christian Pirkl,CC BY-SA 4.0,https://creativecommons.org/licenses/by-sa/4.0,María Cristina,2301117325,61AgRr8SSK0
Q2928714,Bush Tetras,group,1979,United States,Q823080,Bush Tetras.jpg,Autovac,CC BY-SA 2.0,https://creativecommons.org/licenses/by-sa/2.0,Das Ah Riot,1506008812,4hwHy_e92uQ
Q292960,DC Talk,group,1987,United States,Q753520|Q1379958,Dctalk-group-picture.jpg,KevinMax.jpg: Tanner Morrow Toby_Mac.jpg: Jonathan Powell from US Michaeltait.jpg: Washedwithblood7 (talk). The original,CC BY-SA 3.0,https://creativecommons.org/licenses/by-sa/3.0,It's Killing Me,3168641,SOHZJ9lrP9o
Q292972,Ólafur Arnalds,person,2000,Iceland,Q65943744,Olafur Arnalds.jpg,theorb (talk),Public domain,,saman,543154902,jzcWhWrDnAY
Q2930445,C. J. Chenier,person,1978,United States,Q245296,C.J. Chenier.jpg,Phil Wight,CC BY-SA 2.0,https://creativecommons.org/licenses/by-sa/2.0,"Au Contraire, Mon Frere",3874197631,
Q293169,Adeva,person,1988,United States,Q928825|Q97277483,,,,,Respect,1799046417,29HjzVReSds
Q2931699,Clouddead,group,1999,United States,Q98528482,,,,,The Velvet Ant,2328467665,vePfqMKdKhI
Q2934725,Camela,group,1994,Spain,Q30902501,Camelaenelpalau.jpg,Sergio chile,CC BY-SA 3.0,https://creativecommons.org/licenses/by-sa/3.0,Cuando zarpa el amor,3365352,POePrzXBI9Q
Q2936649,The Motions,group,1964,Netherlands,Q2639210,"Hartewens Festival in de badmintonhal met the Motions, 1966 (3).jpg",Fotopersbureau De Boer,CC0,http://creativecommons.org/publicdomain/zero/1.0/deed.en,,,
Q2938788,Carimi,group,2001,Haiti,Q2726026,CarimiSaba1.jpg,Lionell Charles,CC BY-SA 4.0,https://creativecommons.org/licenses/by-sa/4.0,Kidnapping,215007,sDXM_3AtLt0
Q29388200,Lil Peep,person,2014,United States,Q12362064,Lil-Peep PrettyPuke Photoshoot.png,Photograph: Miller Rodríguez (Pretty Puke),CC BY-SA 3.0,https://creativecommons.org/licenses/by-sa/3.0,Falling Down,581751632,-jRKsiAOAA8
Q294037,MC Chris,person,2000,United States,Q1754592,Mcchris001.jpg,Crystalzilla at English Wikipedia,CC BY 2.5,https://creativecommons.org/licenses/by/2.5,I Lost on Jeopardy,3130900991,GpZAScrfot8
Q2941314,Cassiya,group,1988,,Q1781796,,,,,Rev nou ancétres,59559051,
Q29416402,Andrés Landero,person,1932,Colombia,Q723418|Q115625176,,,,,Cuando Lo Negro Sea Bello,136186700,pKFPszl1cw4
Q29421154,Monolord,group,,,Q1772422,,,,,Empress Rising,76251761,rCc901E02eY
Q2943135,Synapscape,group,,,Q1913888,Synapscape Nocturnal Culture Night 11 2016 03.jpg,S. Bollmann,CC BY-SA 4.0,https://creativecommons.org/licenses/by-sa/4.0,Move,4273512982,
Q294449,Lil Jon & the East Side Boyz,person,1991,United States,Q936573,Lil Jon.jpg,Gamerscore Blog from USA,CC BY-SA 2.0,https://creativecommons.org/licenses/by-sa/2.0,Snap Yo Fingers,2594366,
Q294531,Neil Diamond,person,1962,United States,Q28206879,Neil Diamond 2.jpg,Irisgerh at English Wikipedia,CC BY 3.0,https://creativecommons.org/licenses/by/3.0,"Girl, You'll Be A Woman Soon",80142286,R-TE0Jk1ZeY
Q294568,Henryk Mikolaj Górecki,person,1960,Poland,Q2164565|Q615418,Henryk Mikołaj Górecki Polish composer.jpg,Lech Kowalski &amp; Włodzimierz Pniewski,Public domain,,,,
Q295202,AMM,group,1965,United Kingdom,Q3587612|Q592060,AMM (improvisation group).jpg,Andy Newcombe,CC BY 2.0,https://creativecommons.org/licenses/by/2.0,,,
Q29544,Delia Derbyshire,person,1959,United Kingdom,Q5969884,,,,,Dr. Who,3507673481,
Q29561472,Morgan Wallen,person,2016,United States,Q65937954,Morgan Wallen performing at Bank of America Stadium.png,the CwE,CC BY 3.0,https://creativecommons.org/licenses/by/3.0,What I Want,3366676861,Y6jyPJ8QJK8
Q29564107,Billie Eilish,person,2015,United States,Q95469495,BillieEilishO2140725-39 - 54665577407 (cropped).jpg,Raph_PH,CC BY 4.0,https://creativecommons.org/licenses/by/4.0,WILDFLOWER,2801558062,l08Zw-RY__Q
Q295777,Kenny G,person,1982,United States,Q831354,KennyGHWOFMay2013.jpg,Angela George,CC BY-SA 3.0,https://creativecommons.org/licenses/by-sa/3.0,Songbird,1046709,QN2RnjFHmNY
Q295919,Sam Cooke,person,1950,United States,Q131272,Sam Cooke 2.jpg,RCA Victor Records,Public domain,,A Change Is Gonna Come,9938661,wEBlaMOmKV4
Q295923,MC Hammer,person,1973,United States,Q2572585,MC Hammer (cropped).jpg,Brian Solis,CC BY 2.0,https://creativecommons.org/licenses/by/2.0,U Can't Touch This,3136389,otCpCn0l4Wo
Q295935,John Philip Sousa,person,1854,United States,Q211025,JohnPhilipSousa-Chickering.LOC.jpg,Elmer Chickering,Public domain,,The Stars and Stripes Forever,67867927,-mRn9chmRAY
Q29606,The Stone Roses,group,1983,United Kingdom,Q4841596,Stone Roses-17-07-2012 Milan.JPG,Alfio66,CC BY-SA 3.0,https://creativecommons.org/licenses/by-sa/3.0,I Wanna Be Adored,3960791,4D2qcbu26gs
Q2963160,Chez Damier,person,,United States,Q874038,Chez Damier Press Pic 7.jpg,The Secret Agency,Copyrighted free use,,Can You Feel It (MK New York Dub Extended),767705882,2okuO0D57D4
Q2963377,Chicho Sánchez Ferlosio,person,1940,Spain,Q98528181,Chicho Sánchez Ferlosio.jpg,Valestap,CC BY 3.0,https://creativecommons.org/licenses/by/3.0,Zumba Que Zumba,78163018,mTrFPs09fAA
Q29636387,Despise You,group,1994,,Q1784106,,,,,My West Side Horizon,386507541,VH1UKR-wgmw
Q296729,Tony Bennett,person,1945,United States,Q1196752,Tony Bennett National Italian American Gala.jpg,"Kingkongphoto &amp; www.celebrity-photos.com from Laurel Maryland, USA",CC BY-SA 2.0,https://creativecommons.org/licenses/by-sa/2.0,When Do the Bells Ring for Me,13784696,W9k1WTuZOMc
Q2967586,Chuck Brown,person,2012,United States,Q2697917,ChuckBrownOct012005b.jpg,No machine-readable author provided. Gyrofrog assumed (based on copyright claims).,CC BY-SA 2.5,https://creativecommons.org/licenses/by-sa/2.5,Chuck Baby,64919607,xPoNhZx8t8w
Q296804,Bernard Herrmann,person,1934,United States,Q106594706,Bernard-Herrmann.jpg,UnknownUnknown photographer,Public domain,,I Still Can't Sleep / The Cannot Touch Her (Betsy's Theme),13179700,
Q297097,Jack Johnson,person,1992,United States,Q11700058,Jack Johnson 2014.jpg,"Peter Chiapperino: a concert photographer in Lexington, Kentucky",CC BY-SA 4.0,https://creativecommons.org/licenses/by-sa/4.0,Upside Down,539765022,dqUdI4AIDF0
Q297486,Vashti Bunyan,person,1965,United Kingdom,Q136335965,Vashti Bunyan at Summer Sundae 2006.JPG,Own work,CC BY-SA 3.0,http://creativecommons.org/licenses/by-sa/3.0/,How Could You Let Me Go,2517306391,7ZX-2XGzzxQ
Q297501,Léonin,person,1135,France,Q163775|Q163491,Codex montpellier P.jpg,AnonymousUnknown author,Public domain,,,,
Q297703,Lola Beltrán,person,1940,Mexico,Q464129|Q727634,"Lola Beltrán portrait, c. 1956 (cropped).jpg",Unknown author,Public domain,,Cucurrucucú Paloma,3344249381,mRbARIgjgss
Q2977736,Claude Léveillée,person,1932,Canada,Q2956164,Claude Léveillée.jpg,Victor Diaz Lamich,CC BY-SA 3.0,http://creativecommons.org/licenses/by-sa/3.0/,Un retard,4022342051,cS5B4ojqeLs
Q297831,Rick Ross,person,2000,United States,Q137541541|Q9302696,Rick Ross in the trap! (cropped).jpg,The 85 South Comedy Show,CC BY 3.0,https://creativecommons.org/licenses/by/3.0,Stay Schemin,17886974,JWT_wzIG4gY
Q2980493,Claudia Leitte,person,2000,Brazil,Q1435485,Claudia Leitte no The Voice Brasil 2012.jpg,"Alex Carvalho from Rio de Janeiro, Brasil",CC BY-SA 2.0,https://creativecommons.org/licenses/by-sa/2.0,agradece,1238068832,OyrddoCbYIw
Q298139,Sezen Aksu,person,1975,Turkey,Q7855391,Sezen Aksu (Minik Serçe) (cropped).jpg,E4024,CC BY-SA 4.0,https://creativecommons.org/licenses/by-sa/4.0,Ey Aşk,3427050791,rYJjgfCfBOU
Q2983671,Radio 4,group,1999,United States,Q133501932,,,,,Enemies Like This,3301485,rftaDLGUzYU
Q2985104,Combustible Edison,group,1991,United States,Q1141081|Q108297218,,,,,Carnival Of Souls,1137197252,OtzhOkhjOg0
Q2986540,Neon Indian,group,2008,United States,Q2626684,Neon Indian Governors Ball 2011.jpg,LG Rocket,CC BY-SA 3.0,https://creativecommons.org/licenses/by-sa/3.0,Polish Girl,3876616931,GuPGZZgNFsU
Q298726,John Zorn,person,1973,United States,Q742341|Q108297220,"John Zorn, Newport Jazz Festival 2014.jpg",digboston,CC BY 2.0,https://creativecommons.org/licenses/by/2.0,The Sicilian Clan,2477287091,1sMMGsv1Mmg
Q299073,Nusrat Fateh Ali Khan,person,1965,Pakistan,Q512410,Nusrat Fateh Ali Khan.jpg,Attersaab,CC BY-SA 4.0,https://creativecommons.org/licenses/by-sa/4.0,Mustt Mustt,99268858,4RlvDlI0EXo
Q299138,Kid Cudi,person,2003,United States,Q137441526,Global Dance Fest 2011 @ Red Rocks.jpg,"Julio Enriquez from Denver,CO, USA",CC BY 2.0,https://creativecommons.org/licenses/by/2.0,Mr. Rager,7521065,06r35x1nvo0
Q299208,Sonny Rollins,person,1947,Algérien,Q181010,SonnyRollins.jpg,Brianmcmillen at English Wikipedia,CC BY-SA 3.0,http://creativecommons.org/licenses/by-sa/3.0/,,,
Q2992193,Vanity 6,group,1981,United States,Q6868046,,,,,,,
Q2992469,Confetti's,group,1988,Belgium,Q1890098,,,,,The Sound Of C,90992175,konoGSVj0VM
Q299331,Mario Lanza,person,1944,United States,Q2336819,Mario Lanza Pinkerton.jpg,MGM,Public domain,,,,
Q299881,Clara Ward,person,1931,United States,Q880270,,,,,,,
Q2998861,Coumba Gawlo,person,1986,Senegal,Q556959,Coumba Gawlo Seck (cropped).jpg,Bpresse,CC BY-SA 3.0,https://creativecommons.org/licenses/by-sa/3.0,Dépense,365945581,L27DIEsWrq0
Q300348,A Certain Ratio,group,1977,United Kingdom,Q1643549,ACertainRatio2023.jpg,Joe Vitale 5,CC BY-SA 4.0,https://creativecommons.org/licenses/by-sa/4.0,Do The Du (The Graveyard),565605062,RP4PQlX2xjQ
Q300386,A Day to Remember,group,2003,United States,Q3046632,Peace and Love A Day to Remember 1.JPG,Edaen,CC BY 3.0,https://creativecommons.org/licenses/by/3.0,Miracle,1825672877,9Cb872pCbMs
Q300406,A Filetta,group,1978,France,Q359607,Sidi Larbi Cherkaoui et A Filetta.JPG,LPLT,CC BY-SA 4.0,https://creativecommons.org/licenses/by-sa/4.0,A Muntagnera,14177860,-8VV8X-wTnI
Q300430,A Guy Called Gerald,person,1967,United Kingdom,Q341364,"A Guy Called Gerald (2014, cropped).jpg",Victor Frankowski for Southbank Centre,CC BY 2.0,https://creativecommons.org/licenses/by/2.0,28 Gun Bad Boy,3513493611,4FgBN4ddNoc
Q300558,A Skylit Drive,group,2005,United States,Q131481683,Askylitdrivelive.JPG,Wiresmeannothing,Public domain,,Half Hearted,4205638162,IOH8SVe-E1Q
Q300602,A Tribe Called Quest,group,1985,United States,Q876171|Q255406|Q438503,Tribe 2009.jpg,Chalice L.,CC BY-SA 2.0,https://creativecommons.org/licenses/by-sa/2.0,Electric Relaxation,13159670,WHRnvjCkTsw
Q3010495,César Portillo de la Luz,person,2013,Cuba,Q5393053,,,,,,,
Q3011042,D. L. Menard,person,1932,United States,Q1026089,DLMenard.jpg,David Simpson (cajunzydecophotos),CC BY-SA 2.0,https://creativecommons.org/licenses/by-sa/2.0,,,
Q3011279,DJ Deeon,person,1966,United States,Q2748817,"DJ Deeon, 2009 (cropped).jpg",Dave Walker,CC BY 2.0,https://creativecommons.org/licenses/by/2.0,Shake What Your Momma Gave Ya,2353743285,-7xXaY6p690
Q3011294,DJ Funk,person,1989,United States,Q2748817|Q1521688,DJ Funk.jpg,Alkivar,CC BY-SA 2.5,https://creativecommons.org/licenses/by-sa/2.5,Work It,1997199657,nHXU-N0E9IM
Q301142,Descendents,group,1978,United States,Q487914|Q542703,"Descendents - Fillmore Auditorium, Denver - April 2022.jpg",AppalachianCentrist,CC BY-SA 4.0,https://creativecommons.org/licenses/by-sa/4.0,I'm The One,378256881,b03eqfMwoBw
Q3011965,Dahmane El Harrachi,person,1956,Algeria,Q2961766,Dahman.jpg,Unknown author,Public domain,,,,
Q30132659,Wave Racer,person,2013,Australia,Q22908553,Wave Racer Press Shot 2021.jpg,Thomas Michael Purcell,CC BY-SA 4.0,https://creativecommons.org/licenses/by-sa/4.0,Bubble Wrap,2471962431,IxmM9OlO5Ow
Q3013333,Dance Gavin Dance,group,2005,United States,Q141458789|Q115684103,Dance Gavin Dance.jpg,benuski,CC BY-SA 2.0,https://creativecommons.org/licenses/by-sa/2.0,We Own the Night,3750836862,Qq_caFxzKqg
Q3014517,Daniel Owino Misiani,person,1965,Tanzania,Q6301761,,,,,,,
Q3015811,Danyèl Waro,person,1955,France,Q496929,Danyel waro 1.JPG,Anthony Chinnici,CC BY 3.0,https://creativecommons.org/licenses/by/3.0,Batarsité,14192528,9rsJCLAsi1E
Q3017011,Daughters,group,2001,United States,Q106594784,Hellfest2019Daughters 01.jpg,Selbymay,CC BY-SA 4.0,https://creativecommons.org/licenses/by-sa/4.0,,,
Q3017545,Dennis Bovell,person,1968,Barbados,Q1872505,DennisBovell1978.jpg,TimDuncan,CC BY 3.0,https://creativecommons.org/licenses/by/3.0,"Rowing 12"" Version",30819731,p4Kkk6YUX8Y
Q3018260,David Lang,person,1985,United States,Q98528143,David Lang at le poisson rouge (cropped).jpg,Louisa Dedalus,CC BY-SA 3.0,https://creativecommons.org/licenses/by-sa/3.0,,,
Q30196568,$uicideboy$,group,2014,United States,Q65089257,$uicideboy$.png,GrossyTwo,CC BY 3.0,https://creativecommons.org/licenses/by/3.0,"...And to Those I Love, Thanks for Sticking Around",1213765252,dq_SDNtWHDY
Q301984,Ataraxia,group,1985,Italy,Q899116,Ataraxia at Rossena.jpg,GothEric from Italy,CC BY-SA 2.0,https://creativecommons.org/licenses/by-sa/2.0,I Ching,743002812,4gdbuO_J0V0
Q3020722,Death Grips,group,2010,United States,Q5421158|Q2004156,Death grips 2014.jpg,https://thirdworlds.net,CC BY 4.0,https://creativecommons.org/licenses/by/4.0,I've Seen Footage,17880814,sticXkHxZC4
Q3020812,Debbie Deb,person,1984,United States,Q655514,Deb-deb.jpg,Billyjamesking,CC BY-SA 4.0,https://creativecommons.org/licenses/by-sa/4.0,Funky Little Beat,566679422,2g52XYfT4PM
Q3021911,Delta 9,person,1994,United States,Q1265050,,,,,,,
Q302533,Chiodos,group,2001,United States,Q131481683,Chiodos 2009.jpg,Wild_Child_HC,CC BY 2.0,https://creativecommons.org/licenses/by/2.0,TAPDAT,4123977951,y3NjgsrGnI0
Q3026211,Diane Dufresne,person,1969,Canada,Q2956164,Sinequanone K.jpg,Jean Gagnon,CC BY-SA 3.0,https://creativecommons.org/licenses/by-sa/3.0,Les adieux d'un sex-symbol (Remasterisé en 2009),789203112,
Q3027518,Dieselboy,person,1991,United States,Q1166321,DieselboyStarscape2010.jpg,Maryishimotomorris,CC BY-SA 3.0,https://creativecommons.org/licenses/by-sa/3.0,,,
Q3027728,Digable Planets,group,1992,United States,Q255406,171 Digable Planets (5251694375).jpg,Jester Jay Goldman,CC BY-SA 2.0,https://creativecommons.org/licenses/by-sa/2.0,Where I'm From,3440371,sl-pjb7y3y0
Q303,Elvis Presley,person,1954,United States,Q7749|Q203720|Q37073,Elvis Presley 1973 RCA Records and Tapes publicity 2 - cropped.png,RCA Records,Public domain,,Suspicious Minds,1055776,WrMGGouem3c
Q3034280,Dolores Duran,person,1946,Brazil,Q4215151,Dolores Duran (cropped).tif,Unknown,Public domain,,My Funny Valentine,2617438562,5fEUToYpL98
Q3036182,McCarthy,group,1985,Barking,Q97942949,,,,,The International Narcotics Traffic,1650063142,JTouJXXHg4c
Q3039557,Droids,group,,,Q2608506,,,,,,,
Q304391,Huun-Huur-Tu,group,1992,Russia,Q110606359,Тюлюш Ховалыг Бапа Сарыглар.JPG,Габышев Дмитрий Николаевич,CC BY-SA 3.0,https://creativecommons.org/licenses/by-sa/3.0,,,
Q304675,MF DOOM,person,1988,United Kingdom,Q1151260|Q825769|Q98528482|Q965635,MF Doom - Hultsfred 2011 (cropped).jpg,Possan,CC BY-SA 3.0,https://creativecommons.org/licenses/by-sa/3.0,Rapp Snitch Knishes,980535602,dERcdvcXuE0
Q3049280,Ehab Tawfik,person,1989,Egypt,Q2610186,EhabTawfikStadeRadesTunisia.jpg,Citizen59,CC BY 3.0,https://creativecommons.org/licenses/by/3.0,,,
Q3049909,El Hachemi Guerouabi,person,1938,Algeria,Q2961766,Guerouabi.png,Adelmerah,CC BY-SA 4.0,https://creativecommons.org/licenses/by-sa/4.0,,,
Q3050188,El Pescaílla,person,1925,Spain,Q2707994,,,,,,,
Q3050287,El Tri,group,1983,Mexico,Q5690818,Alex Lora.jpg,Rafael Amado Deras,CC BY 2.0,https://creativecommons.org/licenses/by/2.0,Las piedras rodantes,12334870,FsdB1krcYNc
Q30504,The Pastels,group,1982,Scotland,Q97942949|Q842324,The Pastels.jpg,Masao Nakagami,CC BY-SA 2.0,https://creativecommons.org/licenses/by-sa/2.0,,,
Q30509,Bratmobile,group,1991,United States,Q677542,Bratmobile.jpg,Greg Neate,CC BY 2.0,https://creativecommons.org/licenses/by/2.0,Bitch Theme,2999044121,Qpvh8a3EeY0
Q3051024,Elio Revé,person,1930,Cuba,Q1062199,,,,,Salgado,3580078121,gusO-DxuUY4
Q3051334,Ella Jenkins,person,1951,United States,Q2389651,,,,,Racing With The Sun,4419020,-bFtx4yGAsw
Q3051570,Raimon,person,1940,,Q254890,Raimon.jpg,Llapissera,CC BY-SA 4.0,https://creativecommons.org/licenses/by-sa/4.0,Al Vent,3238712461,v1hKV1xFXyc
Q305202,Stephen Foster,person,1844,United States,Q1937548,Stephen Foster.jpg,Unknown author,Public domain,,,,
Q3054688,Enrique Jorrín,person,1926,Cuba,Q16986699,Enrique Jorrín.jpg,Unknown author,Public domain,,Nosotros,91238970,7C6oPd4-D3c
Q3056796,Hayedeh,person,1967,Iran,Q7170257,Hayedeh - Portrait.jpg,Unknown author,Public domain,,Soghati,12591153,5mapaMSPngU
Q3058461,Espoir 2000,group,,,Q227036,,,,,,,
Q30587,Stan Getz,person,1943,United States,Q486263|Q327547,Getz&BakerSandvika1983a.jpg,Geir,CC0,http://creativecommons.org/publicdomain/zero/1.0/deed.en,,,
Q3061106,Eusèbe Jaojoby,person,1972,Madagascar,Q3032090,Jaojoby salegy musician from Madagascar at Le Bus 1999.jpg,Lemurbaby,CC BY-SA 3.0,https://creativecommons.org/licenses/by-sa/3.0,,,
Q3061231,Eva Ayllón,person,1970,Peru,Q6950428|Q5445668,Eva Ayllón (cropped).jpg,Viva Iquique www.vivaiquique.cl,CC BY 2.0,https://creativecommons.org/licenses/by/2.0,Mal Paso,128487477,NvxQMshAhb4
Q306130,Múm,group,1997,Iceland,Q325397|Q106528422,Múm.jpg,Greg Neate,CC BY 2.0,https://creativecommons.org/licenses/by/2.0,Green Green Grass Of Tunnel,3751262,
Q3061959,Exile One,group,1973,Dominica,Q2932658,,,,,Fraîche,803463012,xYw-DKiE-Xg
Q3063992,Fikret Kızılok,person,1965,Turkey,Q483740,,,,,Ama Babacığım,2929253101,
Q3064804,Fally Ipupa,person,1989,Democratic Republic of the Congo,Q3453150,"Fally Ipupa a Paris, en France.jpg",ByaduniaEspoir,CC BY-SA 4.0,https://creativecommons.org/licenses/by-sa/4.0,Doucement,3930062061,aFRlAAwWgnY
Q306509,Capsule,group,1997,Japan,Q12199824,"Capsule RELEASE PARTY""PLAYER"", STUDIO PARTITA, 2010-03-26.jpg","Karl Baron from Lund, Sweden",CC BY 2.0,https://creativecommons.org/licenses/by/2.0,Start,2020751857,y4QvRFrXPWA
Q3065138,The Mummies,group,1988,United States,Q2296495|Q140626408,,,,,Little Miss Tee-N-T,2434305565,tovjzxAvtdc
Q3066755,The Soup Dragons,group,1985,United Kingdom,Q97942949|Q4841596,,,,,I'm Free,95854720,EVw7fzIP6cQ
Q30694556,Yoruba Andabo,group,1981,Cuba,Q388475|Q3322619,,,,,La Gozadera,96757044,jr9ysreMvqo
Q3072901,Firmin Viry,person,1935,France,Q496929,Firmin Viry.jpg,Ph. Guillot,CC BY 4.0,https://creativecommons.org/licenses/by/4.0,,,
Q3076050,YG,person,2008,United States,Q109941986,Rapper YG 2015.jpg,The Come Up Show,CC BY 2.0,https://creativecommons.org/licenses/by/2.0,My Nigga,1051746312,MSrTnWDTdwI
Q3079985,Joseíto Fernández,person,1908,Cuba,Q787663,Joseíto Fernández.jpg,R. B,CC BY 2.0,https://creativecommons.org/licenses/by/2.0,Guajira Guantanamera (Remasterizado),141345013,
Q3080711,South Park Mexican,person,1994,United States,Q1399695,,,,,Dope House Family,64070192,7uX_OdDrqWs
Q3082337,Francky Vincent,person,1975,France,Q227045,Franky Vincent.jpg,Niko203,CC BY-SA 3.0,https://creativecommons.org/licenses/by-sa/3.0,Fruit de la passion,915362462,SPejVzka44E
Q3082582,Frank Domínguez,person,1927,Cuba,Q5393053,,,,,Refúgiate En Mi,952074552,QoBD8ktcQ9E
Q3087850,Juan Magán,person,2009,Spain,Q19358266,Billboard Latin Music Showcase Chile 2018 - Juan Magán - 02.jpg,Carlos Figueroa,CC BY-SA 4.0,https://creativecommons.org/licenses/by-sa/4.0,Ayer La Vi (BPA26),3849394771,q4wQ4WGzKTw
Q308816,Creed,group,1994,United States,Q379671,Creed (band) in 2002.jpg,PA3 Barry Lane,Public domain,,One Last Breath,80274648,qnkuBUAwfe0
Q3089478,Hermanos Yaipén,group,2008,Peru,Q131334621,Concierto Hermanos Yaipén 2026 (5) (crop).jpg,Mayimbú,CC BY 4.0,https://creativecommons.org/licenses/by/4.0,,,
Q309001,Morbid Angel,group,1984,United States,Q483251|Q65943557,Morbid Angel 01 2008.jpg,Wilson Bilkovich,CC BY-SA 2.0,https://creativecommons.org/licenses/by-sa/2.0,Chapel Of Ghouls,40581951,HsKP30C4D7s
Q3090295,Hella,group,2001,United States,Q1132152,Spencer seim.jpg,Dino Dumandan,CC BY-SA 2.5,https://creativecommons.org/licenses/by-sa/2.5,,,
Q30905544,El Komander,person,1983,Mexico,Q221934|Q109406736,El Komander cantando.jpg,El Komander,CC BY 3.0,https://creativecommons.org/licenses/by/3.0,,,
Q3090771,Full Intention,group,1990,United Kingdom,Q949369,,,,,It's Set To Groove,381016831,G1kzFcV3CJM
Q3091084,Xabier Lete,person,1944,Spain,Q12257561,Xabi Lete 1971 txiki.jpg,"Javier Garaialde-rena da jatorrizko argazkia. ksarasola-k aldaketak egin ditu. Moztuz, kontrastea eta argitasuna aldatuz",CC BY-SA 4.0,https://creativecommons.org/licenses/by-sa/4.0,,,
Q30915293,Andrés Huesca,person,1917,Mexico,Q1797650,ANDRÉS-HUESCA.jpg,AnonymousUnknown author,CC BY-SA 4.0,https://creativecommons.org/licenses/by-sa/4.0,,,
Q309312,Testament,group,1983,United States,Q483352,2017 Testament - by 2eight - 8SC1105.jpg,Stefan Brending (2eight),CC BY-SA 3.0 de,https://creativecommons.org/licenses/by-sa/3.0/de/deed.en,Return to Serenity,846026,gJKi8LQgixc
Q30937500,Yogee New Waves,group,2013,Japan,Q113086512,,,,,PRISM HEART,2127547487,K9F5pZ8BE1M
Q3095041,Gammer,person,2000,United Kingdom,Q2374619,Dougal++Gammer.jpg,DontStayIn,Public domain,,Take It Down,2413642985,
Q309725,Ritchie Valens,person,1957,United States,Q185162,Ritchie Valens 1959 press photo.jpg,Distributed by General Artists Corportation,Public domain,,We Belong Together,682214,SeCpQ6n5YwU
Q309941,Ice-T,person,1982,United States,Q429264|Q753679,Body Count feat. Ice-T - 2019214172411 2019-08-02 Wacken - 2311 - AK8I3133 (cropped).jpg,Sven Mandel,CC BY-SA 4.0,https://creativecommons.org/licenses/by-sa/4.0,I'm Your Pusher / Pusherman,3904912,HlRxdjqWRzg
Q309983,Caetano Veloso,person,1967,Brazil,Q1046768|Q1413061,Caetano Veloso (cropped).jpg,Secretaría de Cultura Ciudad de México from México,CC BY 2.0,https://creativecommons.org/licenses/by/2.0,Sozinho (Ao Vivo),921568,z7yWWsI5KcQ
Q3100060,Matthew Sweet,person,1978,United States,Q837837,"Matthew Sweet, 2006.jpg",Charlie Ilewellin,CC BY-SA 3.0,https://creativecommons.org/licenses/by-sa/3.0,Girlfriend,548586,n12OBlcHx9E
Q3100841,Gente de Zona,group,2000,Cuba,Q108297222,Gala Billboard Latin Music Showcase Chile 2018 - Gente de Zona - 03.jpg,Carlos Figueroa,CC BY-SA 4.0,https://creativecommons.org/licenses/by-sa/4.0,La Gozadera,123345682,VMp55KH_3wo
Q310116,Lupe Fiasco,person,2000,United States,Q141459,Lupe Fiasco 2012.jpg,Eva Rinaldi,CC BY-SA 2.0,https://creativecommons.org/licenses/by-sa/2.0,Superstar,663451,hVkBlsgthLg
Q310162,Of the Wand & the Moon,group,1998,Denmark,Q775614,Of The Wand And The Moon Nocturnal Culture Night 12 2017 04.jpg,S. Bollmann,CC BY-SA 4.0,https://creativecommons.org/licenses/by-sa/4.0,Let's Take a Ride (My Love),1478244162,NYkshSqB8d4
Q310170,Curtis Mayfield,person,1956,United States,Q105334717,Curtis Mayfield.png,AVRO,CC BY-SA 3.0 nl,https://creativecommons.org/licenses/by-sa/3.0/nl/deed.en,Move on Up,115195420,6Z66wVo7uNw
Q3101707,Switch,person,2003,United Kingdom,Q2365784,Switchdj.jpg,"georgia from brooklyn, usa",CC BY 2.0,https://creativecommons.org/licenses/by/2.0,,,
Q3101850,George Ramogi,person,1945,Kenya,Q6301761,,,,,My Best Wishes To Conny,85851075,s0zTzXMrMM0
Q310300,James Taylor,person,1966,United States,Q217191|Q89363113,James Taylor at Tanglewood.jpg,Paul Keleher,CC BY 2.0,https://creativecommons.org/licenses/by/2.0,Fire and Rain,725235,_1nKGVDhQ60
Q310332,Smokey Robinson,person,1955,United States,Q2746831|Q3963051,Smokey Robinson 2.jpg,Dwight McCann / Chumash Casino Resort / www.DwightMcCann.com,CC BY-SA 2.5,https://creativecommons.org/licenses/by-sa/2.5,Cruisin',80276746,Gx77P0VH6FA
Q310339,Carl Perkins,person,1946,United States,Q203720,Carl Perkins 1977.jpg,CBS Television,Public domain,,Birth Of Rock And Roll,998833072,A0waCX1BfaI
Q310476,Fats Waller,person,1918,United States,Q181897,Fats Waller edit.jpg,"New York World-Telegram and the Sun staff photographer: Fisher, Alan, photographer.",Public domain,,Until the Real Thing Comes Along,75524116,Q7KG_J0G0WI
Q310539,Don Omar,person,1996,United States,Q202930,Don Omar - The Kingdom (Official Q & A).png,Daddy Yankee,CC BY 3.0,https://creativecommons.org/licenses/by/3.0,Dile,15515244,zODmu06pqvg
Q3106145,Scott Herren,person,1997,United States,Q3108920,Prefuse73 by foto di matti.jpg,Matti Hillig,CC BY-SA 3.0,https://creativecommons.org/licenses/by-sa/3.0,,,
Q3106906,StoneBridge,person,1961,Sweden,Q949369,,,,,,,
Q3107617,Girija Devi,person,1949,Dominion of India,Q70076|Q69596,Girija Devi at Bhopal (2).JPG,Suyash.dwivedi,CC BY-SA 4.0,https://creativecommons.org/licenses/by-sa/4.0,Thumri - Babul Mora - Raga Bhairavi,2034541037,
Q310763,Shaggy,person,1992,Jamaica,Q98528253,Shaggy.jpg,https://www.flickr.com/people/adamj4282/,CC BY 2.0,https://creativecommons.org/licenses/by/2.0,Hey Sexy Lady,502768092,Gcg__eDktgY
Q3108903,Global Communication,group,1992,United Kingdom,Q193207|Q2465085|Q9149801,Global Communication.jpg,Huppeltrut,CC BY-SA 4.0,https://creativecommons.org/licenses/by-sa/4.0,,,
Q3109658,God Is My Co-Pilot,group,1990,United States,Q930995,,,,,Totally Wired,105522346,
Q310985,Robert Miles,person,1969,Italy,Q1339027,Robert Miles by Salim Lamrani (cropped) (377x500).jpg,Salim Lamrani,CC BY-SA 4.0,https://creativecommons.org/licenses/by-sa/4.0,Children,13190016,DvyCbevQbtI
Q3110679,The Remains,group,1964,United States,Q211573,The Remains 1966.jpg,"KRLA/Beat Publications-page 2. This was a newspaper produced for KRLA Radio, Los Angeles, in the mid 1960s.",Public domain,,Don't Look Back,7398683,t-ne_H5HL88
Q3111214,Seun Kuti,person,1983,Nigeria,Q388296,Seun Kuti & Egypt 80 Rudolstadt (15).jpg,Schorle,CC BY-SA 4.0,https://creativecommons.org/licenses/by-sa/4.0,DJB,4236376042,_7YYmHfrWx8
Q3111407,Gorō Yamaguchi,person,1933,Empire of Japan,Q3075498,,,,,,,
Q311157,Ferry Corsten,person,1989,Kingdom of the Netherlands,Q170435|Q1136765,"Ferry Corsten @ Sankeys, Manchester.jpg",Jchab85,CC BY-SA 3.0,https://creativecommons.org/licenses/by-sa/3.0,Bring Me Back To Life (ASOT 1296),4303660032,
Q311241,Bobby Brown,person,1978,United States,Q840065,Bobby Brown on Sister Circle Live.jpg,Sister Circle Live,CC BY 3.0,https://creativecommons.org/licenses/by/3.0,My Prerogative,921945582,5cDLZqe735k
Q3112679,Rafael Escalona Martínez,person,1941,Colombia,Q1574985,Mrrafaelescalona.png,The original uploader was Zero Gravity at English Wikipedia.,CC BY 2.5,https://creativecommons.org/licenses/by/2.5,,,
Q311306,Luther Vandross,person,1969,United States,Q2746831|Q3963051,Luther Vandross 1985b.jpg,Unknown,Public domain,,Never Too Much,608507,pNj9bXKGOiI
Q3113502,Yūzō Kayama,person,1961,Japan,Q108297234,Naoaki Ikehata cropped 2 Naoaki Ikehata 20211103.jpg,大臣官房人事課,CC BY 4.0,https://creativecommons.org/licenses/by/4.0,,,
Q3113632,Le Grand Kallé,person,1953,Democratic Republic of the Congo,Q3453150,Joseph Kabasele promotional photo.jpg,"unknown, Opika Records",Public domain,,,,
Q311523,Américo,person,1988,Chile,Q5794676,Américo.jpg,Viva Iquique weblog / www.vivaiquique.com,CC BY 2.0,https://creativecommons.org/licenses/by/2.0,Te Vas,687861872,YPWEITouQZ8
Q3115369,Gramoun Lélé,person,1948,France,Q496929,,,,,,,
Q311625,Francesco Geminiani,person,1716,Republic of Lucca,Q210216,Francesco Geminiani.jpg,Formerly attributed to Andrea Soldi,Public domain,,,,
Q311674,Francesco Landini,person,1335,Republic of Florence,Q163775|Q210854,"Francesco Landini, Squarcialupi Codex, page 246.jpg",Unknown author,Public domain,,,,
Q311715,Art Blakey,person,1942,United States,Q181010,"Art Blakey and the Jazz Messengers in the Kurzaal Concert Hall in Den Haag, 30.03.1963 - 10.jpg",Fotopersbureau De Boer,CC0,http://creativecommons.org/publicdomain/zero/1.0/deed.en,Moanin',3105360,Cv9NSR-2DwM
Q31174141,Nella Kharisma,person,2014,Indonesia,Q31174954,Nella Kharisma at Kita Merah Putih in 2019 (cropped).png,Humas Provinsi Jawa Tengah (humas.jatengprov.go.id),Public domain,,Jaran Goyang,403603882,9auwc5vDhX8
Q311748,Gigi D'Agostino,person,1994,Italy,Q930592|Q1243254,GigiDag.png,Heryck Jack,CC BY-SA 3.0,https://creativecommons.org/licenses/by-sa/3.0,L'Amour Toujours,2076053797,w15oWDh02K4
Q311766,Philippe de Vitry,person,1291,Kingdom of France,Q210854,"Philippe de Vitry - seal, 1349.jpg",Unknown author,Public domain,,,,
Q311785,Misfits,group,1977,United States,Q830325,Misfits 2012-11-08 01.JPG,IllaZilla,CC BY-SA 3.0,https://creativecommons.org/licenses/by-sa/3.0,The Cockroach That Ate Cincinnati,1508231572,CRuEm20n5j4
Q3118236,Grupo Montez de Durango,group,1996,United States,Q907799,,,,,Pasito Duranguense,740394712,
Q311842,Benny Benassi,person,1980,Italy,Q627906,Bennyvegas.jpg,Benny Benassi,CC BY-SA 4.0,https://creativecommons.org/licenses/by-sa/4.0,Cinema,69295405,SUgmtvP42Ms
Q31193390,Joker,person,2005,Turkey,Q98528158|Q1136045,,,,,,,
Q3119760,Raison d'être,group,1992,Sweden,Q756956,,,,,Dreams Essence (Re-Recorded),3519518141,
Q312093,Camarón de la Isla,person,1969,Spain,Q9764,Camarón De La Isla (1969) (cropped).jpg,Pérez De León,Public domain,,Como El Agua (Tangos),90270231,
Q312264,Captain Beefheart,person,1964,United States,Q1641839|Q1640319,"Don Van Vliet and Gary Lucas, 'Doc at the Radar Station' sessions (May 1980).jpg",Gary Lucas,CC BY 3.0,https://creativecommons.org/licenses/by/3.0,"Sure 'Nuff 'N Yes, I Do",437455912,0yRofG_rbV4
Q312270,Wilson Pickett,person,1955,United States,Q1567032,Wilson Pickett 1970s press photo.jpg,Unknown author,Public domain,,Land of 1000 Dances,688927,HVs6X_ouQF8
Q312368,Ernest Chausson,person,1855,France,Q2737175,A-Ernest Chausson.jpg,"photo by Guy &amp; Mockel, Paris",Public domain,,,,
Q3126025,Hall Johnson,person,1888,United States,Q139566448,Portrait of Hall Johnson LCCN2004663096.jpg,Carl Van Vechten,Public domain,,City Lights,351943861,FonCD8SDrhY
Q312609,Khaled,person,1970,Algeria,Q839029|Q3908372,Cheb khaled Arab Idol.png,Arab Idol,CC BY 3.0,https://creativecommons.org/licenses/by/3.0,Aïcha,921886,gzlHucbD76U
Q312674,Giorgio Moroder,person,1965,Italy,Q9778|Q1374731|Q98528149,Giorgio Moroder - First Avenue Minneapolis - The Current (44776142702).jpg,Andy Witchger,CC BY 2.0,https://creativecommons.org/licenses/by/2.0,Chase,2446608,qQdU8arsuSk
Q312686,Giacomo Carissimi,person,1640,Papal States,Q85477,,,,,,,
Q312692,Bud Powell,person,1944,United States,Q105513,Bud Powell (1953 publicity photo - cropped).jpg,Distributed by the Gale Agency in New York. Photographer uncredited and unknown.,Public domain,,Tempus Fugit,2328611,yrO45Tzvhxg
Q312693,Robert Wyatt,person,1963,United Kingdom,Q9162904,RobertWyatt 2006.jpg,Helena Dornellas,CC BY-SA 3.0,http://creativecommons.org/licenses/by-sa/3.0/,Sea Song,4644840,KgE8qoH_x7s
Q312698,Frederick Delius,person,1862,United Kingdom,Q105697765|Q48810672,Frederich Delius portrait (5427720404) (cropped).jpg,"Bergen Public Library Norway from Bergen, Norway",No restrictions,https://www.flickr.com/commons/usage/,,,
Q312743,Neil Sedaka,person,1957,United States,Q28206879,Neil Sedaka - TopPop 1974 3 (cropped).png,AVRO,CC BY-SA 3.0 nl,https://creativecommons.org/licenses/by-sa/3.0/nl/deed.en,"Laughter In The Rain (The Val Doonican Music Show, 1977)",4156739052,y5H6G58hBUo
Q312753,Joan Manuel Serrat,person,1965,Spain,Q254890,Serrat portrait.jpg,Presidencia de la Nación Argentina,CC BY 2.0,https://creativecommons.org/licenses/by/2.0,Mediterraneo,970057,Cx5ENAFTLZg
Q3127854,Harry Lauder,person,1870,United Kingdom of Great Britain and Ireland,Q940462,"Harry Lauder, Scotch singer (SAYRE 5898).jpg",Locke Clute,Public domain,,,,
Q3128141,Hassan Hakmoun,person,1970,Morocco,Q2000173,HassanHakmoun.jpg,anyjazz65 from USA,CC BY 2.0,https://creativecommons.org/licenses/by/2.0,Bania,99281630,
Q3130257,Hixxy,person,1975,United Kingdom,Q339906|Q2374619,,,,,More & More,2496581461,
Q313080,Soulja Boy,person,2004,United States,Q2991840,Soulja Boy Tell 'Em on YouTube Live.jpg,Reed Kavner,CC BY 2.0,https://creativecommons.org/licenses/by/2.0,Crank That (Soulja Boy),909969,8UFIYGkROII
Q313081,Kyū Sakamoto,person,1958,Empire of Japan,Q1418683,Kyu sakamoto.png,Kyu9,Public domain,,,,
Q313138,Redman,person,1990,United States,Q137441526,2016 Redman (cropped).jpg,Stefan Brending (2eight),CC BY-SA 3.0 de,https://creativecommons.org/licenses/by-sa/3.0/de/deed.en,Let's Get Dirty (I Can't Get In Da Club),79423641,_b_zT6mdN3c
Q313260,Al Green,person,1955,United States,Q131272|Q1567032,Al Green in Washington D.C.jpg,"Kingkongphoto &amp; www.celebrity-photos.com from Laurel Maryland, USA",CC BY-SA 2.0,https://creativecommons.org/licenses/by-sa/2.0,Let's Stay Together,97095572,XXx6RDzR6eM
Q313270,Jerome Kern,person,1902,United States,Q1121111,Jerome-Kern-1934-Stage.jpg,"John Hanrahan Publishing Company, Inc., photograph by Alfredo Valente",Public domain,,Look For The Silver Lining,1897461,w9Mx490Jtus
Q313318,Salif Keita,person,1984,Mali,Q2064394,Mali Salif Keita2 400.jpg,"The Department of State, Washington, DC.",Public domain,,Yamore,956264472,03gGSEd_mbg
Q313366,Dr. Alban,person,1980,Nigeria,Q216961,Doctor Alban msk-2.jpg,Alexey Yushenkov,CC BY-SA 3.0,https://creativecommons.org/licenses/by-sa/3.0,It's My Life,3801448032,oW0VovnyjPY
Q313368,King Oliver,person,1908,United States,Q906647|Q124504713,King Oliver (1915 portrait).jpg,Photographer unknown.,Public domain,,St. James Infirmary,21009051,91PBQ-ppaNU
Q313371,Erich Wolfgang Korngold,person,1909,Austria,Q106594706,Erich Wolfgang Korngold 01.jpg,Bain,Public domain,,,,
Q313376,Albert Roussel,person,1869,France,Q106576145,Roussel Albert 1913.jpg,unidentified photograph,Public domain,,,,
Q313519,Sidney Bechet,person,1908,United States,Q906647|Q124504713,"(Portrait of Sidney Bechet, New York, N.Y.(?), ca. July 1946) (LOC) (4888659740) (cropped).jpg",The Library of Congress,Public domain,,,,
Q313529,Tommy Dorsey,person,1920,United States,Q203775|Q105756581,,,,,You're My Everything,8106432,3tSu0OkX9aI
Q313578,Vanilla Ice,person,1985,United States,Q2572585,Vanilla Ice 2010 (cropped).jpg,Rick Marshall,CC BY 2.0,https://creativecommons.org/licenses/by/2.0,Ice Ice Baby,2397026,rog8ou-ZepE
Q313596,Leslie Cheung,person,1977,Canada,Q1192110|Q853873,Leslie Cheung at Madame Tussaud's Hong Kong - Flickr - skinnylawyer.jpg,"skinnylawyer from Los Angeles, California, USA",CC BY-SA 2.0,https://creativecommons.org/licenses/by-sa/2.0,Monica,131764142,w3N5tisg20I
Q313627,Tricky,person,1985,United Kingdom,Q205560,Tricky @ INmusic festival.jpg,rom@nski photo,CC BY 2.0,https://creativecommons.org/licenses/by/2.0,I'm Yours,3960279701,Api8tCZu5rs
Q313639,Michael Nyman,person,1982,United Kingdom,Q572901,Michael Nyman Sant Cugat.jpg,Josep Renalias,CC BY-SA 3.0,https://creativecommons.org/licenses/by-sa/3.0,The Heart Asks Pleasure First / The Promise,3358382,1_CG92r3OxE
Q3137013,Shizuko Kasagi,person,1927,Empire of Japan,Q7385628,Shizuko Kasagi.jpg,新東宝 / Shin Tōhō,Public domain,,,,
Q313779,Everything but the Girl,group,1982,United Kingdom,Q11325235|Q264289,Everything but the Girl.jpg,Elena Torre,CC BY-SA 2.0,https://creativecommons.org/licenses/by-sa/2.0,Missing,1787742177,U56Ns66Qrb8
Q3138085,Ichirō Fujiyama,person,1921,Empire of Japan,Q7385628,藤山一郎.jpg,本人,Public domain,,Who?,2216984167,
Q313868,Fela Kuti,person,1958,Nigeria,Q388296|Q106641536,Fela Kuti record.jpg,His master’s voice record company.,CC BY-SA 4.0,https://creativecommons.org/licenses/by-sa/4.0,Zombie,59693491,Qj5x6pbJMyU
Q3140890,Horóscopos de Durango,group,1975,United States,Q907799,,,,,,,
Q3141228,Hou Dejian,person,1956,Taiwan,Q5934478,,,,,,,
Q314208,Buddy Guy,person,1953,United States,Q640097|Q1071873|Q65937937,Buddy Guy 2008.jpg,Tom Beetz,CC BY 2.0,https://creativecommons.org/licenses/by/2.0,Blue No More,508752632,Ocs_Xl6q_RA
Q314245,Jason Becker,person,1986,United States,Q725011,,,,,Altitudes,112579622,0lR1tt24mo4
Q314310,Lead Belly,person,1903,United States,Q43343|Q9759|Q98528141|Q649823|Q65936357,Leadbelly with Accordeon.jpg,Unknown photographer,Public domain,,,,
Q3147363,Iarla Ó Lionáird,person,1964,Ireland,Q771291,Iarla Ó Lionáird (2011).jpg,Xyzdude,CC BY-SA 3.0,https://creativecommons.org/licenses/by-sa/3.0,,,
Q3147762,Queen Ida,person,1975,United States,Q245296,Queen Ida Guillory 2009.jpg,Tom Pich,Public domain,,Creole De Lake Charles,7695666,
Q315107,José González,person,2003,Sweden,Q1317816,"José Gonzales at La Route du Rock 2008, b.jpg",Bertrand,CC BY 2.0,https://creativecommons.org/licenses/by/2.0,Stay Alive,72688336,NucJk8TxyRg
Q315417,"Lee ""Scratch"" Perry",person,1962,Jamaica,Q212688,"Lee Scratch Perry @ Band On The Wall, Manchester 19-2-2013 (8493373312).jpg","Jake from Manchester, UK",CC BY 2.0,https://creativecommons.org/licenses/by/2.0,Chase the Devil,398609752,CfK5mpClOoI
Q3154632,Iry LeJeune,person,1928,United States,Q1026089,,,,,Love Bridge Waltz,10361166,iuywTQ3uvnU
Q3155106,I. K. Dairo,person,1957,Nigeria,Q1715700,,,,,,,
Q3157402,Jackie Opel,person,1938,Barbados,Q7580152,,,,,Push Wood,1095945772,0SwDpTt2J3w
Q315744,Pierre Schaeffer,person,1942,France,Q1326777|Q823560|Q5969884,Psconcer.jpg,Semitransgenic (talk),CC BY-SA 3.0,https://creativecommons.org/licenses/by-sa/3.0,,,
Q315780,Stan Kenton,person,1930,United States,Q3807537|Q105756581,Stan Kenton 2.JPG,Hans Bernhard (Schnobby),CC BY-SA 3.0,https://creativecommons.org/licenses/by-sa/3.0,The Thrill Is Gone,10427289,QI3_L3ZUFGA
Q316074,Cipriano de Rore,person,1542,Republic of Venice,Q193217,CiprianoDeRore.jpg,Hans Muelich,Public domain,,,,
Q316102,Compay Segundo,person,1922,Cuba,Q4428744,Cropped image of Compay.jpg,David Shankbone,CC BY-SA 3.0,http://creativecommons.org/licenses/by-sa/3.0/,Guajira guantanamera,785591,
Q3161226,Leyland Kirby,person,1996,United Kingdom,Q85765918,,,,,Polaroid,722206592,c5x0iDrY1Rs
Q3162896,Jason Boland & the Stragglers,group,,United States,Q3422697,,,,,Somewhere Down in Texas,92150560,xHHf9VVNCkQ
Q316309,Eläkeläiset,group,1993,Finland,Q1051575,Eläkeläiset 15062008 KaivopuistoPark 01.jpg,Cecil,CC BY-SA 3.0,https://creativecommons.org/licenses/by-sa/3.0,Jääkärihumppa,77520121,NQ8ihnwjlb8
Q316402,Jacques Arcadelt,person,1507,Republic of Venice,Q193217,,,,,,,
Q316427,Morton Feldman,person,1926,United States,Q4993367|Q2332751,"Persconferentie componist Morton Feldman in concertgebouw Amsterdam in verband m, Bestanddeelnr 928-6142.jpg",Rob Bogaerts for Anefo,CC0,http://creativecommons.org/publicdomain/zero/1.0/deed.en,,,
Q316485,Ultravox,group,1973,United Kingdom,Q325504|Q597240,Ultravox Duisburg 2009.jpg,GraceKelly,CC BY-SA 3.0,https://creativecommons.org/licenses/by-sa/3.0,Dancing with Tears in My Eyes,1787621717,PSQWUZ8a2Ho
Q316505,Dmytro Bortnianskyi,person,1751,Russian Empire,Q7382074,Бортнянский (1788).jpg,Mikhail Ivanovich Belsky,Public domain,,,,
Q316532,Luca Marenzio,person,1577,Republic of Venice,Q193217,"Luca conte Marenzio, Komponist des 16. Jahrhunderts.jpg",Italienischer Maler des 16. Jahrhunderts,Public domain,,,,
Q316588,Big L,person,1992,United States,Q529742,,,,,Deadly Combination,3782825482,F0fWqTEFVdM
Q3168137,Jean-Michel Rotin,person,1970,France,Q227045|Q8074636,,,,,Adan péyi bondié,5884129,1bmEVo4nIjE
Q316872,Afrika Bambaataa,person,1977,United States,Q217597|Q868855|Q1325963,Afrika Bambaataa 2009 IMG 8349 (cropped).jpg,docmonstereyes from USA,CC BY 2.0,https://creativecommons.org/licenses/by/2.0,Planet Rock,1587016002,9J3lwZjHenA
Q3169283,Jean-Pierre Ferland,person,1959,Canada,Q2956164,Jean-Pierre Ferland Musée Grévin Montréal.JPG,Eliedion,CC BY-SA 3.0,https://creativecommons.org/licenses/by-sa/3.0,"Un peu plus haut, un peu plus loin",1589943172,-BlYVTUDELE
Q3170263,"Jean ""Binta"" Breeze",person,1956,Jamaica,Q1113204,JeanBintaBreeze.jpg,"walnut whippet from Hull, UK",CC BY 2.0,https://creativecommons.org/licenses/by/2.0,Mad Woman Radio,881667432,
Q317122,Tito Puente,person,1923,United States,Q18345375|Q208239|Q1646666|Q837389,Tito Puentes.jpg,"Kingkongphoto &amp; www.celebrity-photos.com from Laurel Maryland, USA",CC BY-SA 2.0,https://creativecommons.org/licenses/by-sa/2.0,Ran Kan Kan,686146192,NZG5S6ahzKY
Q317128,Jelly Roll Morton,person,1900,United States,Q906647|Q124504713|Q185652,MortonBricktopRowCropMortonFace.jpg,Photographer not credited.,Public domain,,,,
Q3171491,Tsvetelina Yaneva,person,2008,Bulgaria,Q870340,,,,,Филм за нас,1620933412,JrcLeo7t0_g
Q317161,Wayne Shorter,person,1958,United States,Q1092837|Q1127530,Weather Report (Wayne Shorter).jpg,Jean-Luc,CC BY-SA 2.0,https://creativecommons.org/licenses/by-sa/2.0,Infant Eyes (Remastered1998/Rudy Van Gelder Edition),3104571,
Q317350,John Tavener,person,1968,United Kingdom,Q2164565,,,,,,,
Q317427,Donovan,person,1965,United Kingdom,Q1500364|Q11700058|Q383982,,,,,Sunshine Superman,15191094,YsX2FhBf9nY
Q317677,Abdullah Ibrahim,person,1934,South Africa,Q6168369|Q1034231,Abdullah Ibrahim Oslo Jazzfestival (191335) (cropped).jpg,Tore Sætre,CC BY-SA 4.0,https://creativecommons.org/licenses/by-sa/4.0,Blue Bolero,2448892655,v9--IPJMzqs
Q3177699,Jessie Mae Hemphill,person,1923,United States,Q5762403,JessieMHemphillbyLMcGaughran.jpg,LisaMcG,CC BY-SA 2.5,https://creativecommons.org/licenses/by-sa/2.5,Standing in My Doorway Crying,588820022,wb2LVlr9OWA
Q3179415,Jo Privat,person,1919,France,Q7770873,,,,,La Valse À Mille Temps,3508162,
Q3181884,Mallikarjun Mansur,person,1928,Dominion of India,Q62128,Mallikarjun Mansur 2014 stamp of India.jpg,"India Post, Government of India",GODL-India,https://data.gov.in/sites/default/files/Gazette_Notification_OGDL.pdf,,,
Q3182445,Henry Fillmore,person,1881,United States,Q7438911,Henry Fillmore at age 16.jpg,Unknown author,Public domain,,,,
Q3182925,Johnny Kemp,person,1979,The Bahamas,Q840065,,,,,Just Got Paid,102020587,jl1mQASHc48
Q3183166,Jomanda,group,1988,United States,Q928825|Q97277483,,,,,Make My Body Rock 1990,1128851,qLX5xYW8x64
Q318322,Die Krupps,group,1980,Germany,Q372103,20170722 Köln Amphi Die Krupps 0209 Die Krupps.jpg,© Markus Felix | PushingPixels (contact me),CC BY-SA 4.0,https://creativecommons.org/licenses/by-sa/4.0,To the Hilt,3551517461,QLVpyPCEjxU
Q31837635,Dale Cooper Quartet & the Dictaphones,group,,France,Q31837446,,,,,,,
Q31838670,An Autumn for Crippled Children,group,,Netherlands,Q16855754,,,,,The Woods Are On Fire,72808709,dzpdreZXd0I
Q3184006,Joseba Tapia,person,1964,Spain,Q29252685,Joseba Tapia.jpg,Xabier Cañas,CC BY-SA 4.0,https://creativecommons.org/licenses/by-sa/4.0,,,
Q318452,Air,group,1995,France,Q757143|Q251192,Air (band) playing in 2010.jpg,Wonker,CC BY 2.0,https://creativecommons.org/licenses/by/2.0,Playground Love,3354289351,NAgX1jO3No0
Q318518,Milton Babbitt,person,1916,United States,Q507246|Q3391334,,,,,Occasional Variations,2474178991,
Q318619,McCoy Tyner,person,1938,United States,Q1092837|Q1127530,Mccoy Tyner 1973 gh.jpg,Copyright (c) 1973 Gisle Hannemyr,CC BY-SA 3.0,http://creativecommons.org/licenses/by-sa/3.0/,When Sunny Gets Blue,4108809,7toKjKtbeeI
Q318760,Angerfist,person,2001,Kingdom of the Netherlands,Q388906|Q1983750,Angerfist.jpg,Hugo1987,Public domain,,Solid Stigma,810117902,Uls5CnmAdic
Q318835,Elliott Carter,person,1938,United States,Q96870628,Elliott Carter 1917.jpg,Unknown author,Public domain,,,,
Q318948,Jimmy Smith,person,1956,United States,Q1615483,Jimmy Oscar Smith Hammond.JPG,Hammondite,CC BY 3.0,https://creativecommons.org/licenses/by/3.0,OGD (Road Song),780593532,L_92h27g3_8
Q319183,Jan Smit,person,1996,Kingdom of the Netherlands,Q2138639,JanSmit.jpg,Marije Weterings Photography,CC BY-SA 3.0,https://creativecommons.org/licenses/by-sa/3.0,Van Goes Tot Purmerend,2407144655,wuSXYcCjmZ4
Q3192280,Kaly Live Dub,group,,France,Q108107635,,,,,Smoke Up,57845121,
Q319265,Manfred Mann,group,1962,United Kingdom,Q546264|Q4971442,Manfred mann 05121976 02 300.jpg,Helge Øverås,CC BY-SA 4.0,https://creativecommons.org/licenses/by-sa/4.0,Do Wah Diddy Diddy,1930318867,T0EDCAVsEDM
Q3193690,Kashif,person,1974,United States,Q4942839,Kashif Saleem and Althea Moses - fiance .jpg,Shawnbrown1,CC BY-SA 4.0,https://creativecommons.org/licenses/by-sa/4.0,I Just Gotta Have You (Lover Turn Me On),88210357,zSOUNeiTkiE
Q319458,Machine Head,group,1991,United States,Q241662,Machine Head en concert à La Rochelle en 2018 (cropped).jpg,Tilly antoine,CC BY-SA 4.0,https://creativecommons.org/licenses/by-sa/4.0,Davidian,720295,Qf0yWQzz0gM
Q3194737,Keith Frank,person,1990,United States,Q245296|Q111186967,Keith Frank Breaux Bridge Crawfish Festival - 05-05-2007.jpg,"John Krupsky from Birmingham, USA",CC BY 2.0,https://creativecommons.org/licenses/by/2.0,Haterz,74638941,XGJZv7MtJbw
Q319502,Sufjan Stevens,person,1995,United States,Q1317816|Q28401204|Q98528178|Q22991878,Sufjan Stevens playing banjo edit1 (cropped).jpg,Sufjan Stevens playing banjo.jpg: Joe Lencioni derivative work: Antilived,CC BY-SA 2.5,https://creativecommons.org/licenses/by-sa/2.5,Should Have Known Better,96861532,lJJT00wqlOo
Q3195701,Kevin Fowler,person,2000,United States,Q14493900,Kevin fowler 2007.jpg,Larry D. Moore,CC BY 4.0,https://creativecommons.org/licenses/by/4.0,That Girl,124861038,mA_tcrGLsg4
Q319585,Warren G,person,1990,United States,Q429264|Q1045541,Warren G and Kurupt (cropped).jpg,Connie Lodge,CC BY-SA 2.0,https://creativecommons.org/licenses/by-sa/2.0,Regulate,953902,1plPyJdXKIY
Q320065,Artie Shaw,person,1925,United States,Q203775|Q105756581,Artie Shaw 5 - Film Second Chorus.jpg,Screenshot from the film Second Chorus (1940).,Public domain,,The Chant,3051283,nvCsmFuzABs
Q320146,Léo Ferré,person,1941,Monaco,Q2956176|Q1062400,LeoFerre-Rome-1972.png,Angelo Deligio / Mondadori via Getty Images,Public domain,,Avec le temps,2172214,ZH7dG0qyzyg
Q3201552,Joey Bada$$,person,2011,United States,Q529742,Joey Badass.jpg,The Come Up Show,CC BY 2.5,https://creativecommons.org/licenses/by/2.5,Love Is Only a Feeling,908937382,93ufch_2mfw
Q320167,Raekwon,person,1991,United States,Q137541541|Q9302696,Raekwon at the Pitchfork Music Festival (cropped).jpg,Weekly Dig,CC BY 2.0,https://creativecommons.org/licenses/by/2.0,Ice Cream,13163034,jgh10of6DKA
Q320264,Clint Black,person,1983,United States,Q458480,Clint black 1 (2) 2.jpg,CaitlynBunton98,CC BY-SA 3.0,https://creativecommons.org/licenses/by-sa/3.0,Killin' Time,628956,BAm4nHFOir0
Q320499,Faith No More,group,1983,United States,Q20378|Q667659,Faith No More @ Brixton 09 1.jpg,p_a_h from United Kingdom,CC BY 2.0,https://creativecommons.org/licenses/by/2.0,Easy,813837,vPzDTfIb0DU
Q320775,Billy Joe Shaver,person,1973,United States,Q964658,Billy Joe Shaver-2.JPG,derivative work: Entheta (talk) Billy_Joe_Shaver.JPG: Digdug13,CC BY-SA 3.0,http://creativecommons.org/licenses/by-sa/3.0/,I Been to Georgia On a Fast Train,86453067,
Q320998,La Mona Jiménez,person,1967,Argentina,Q155119,Mona Jimenez - oct2008 (6).jpg,Roblespepe,CC BY-SA 3.0,https://creativecommons.org/licenses/by-sa/3.0,Ramito de Violetas,468091522,dXYplp2kfhk
Q3210516,La Mano Ajena,group,2002,Chile,Q9051042,Manovalpo.jpg,Pirinolaxx,CC BY-SA 3.0,https://creativecommons.org/licenses/by-sa/3.0,Briu Oltanesc,2646192902,11EN7_V9-d8
Q321160,Willy Alberti,person,1945,Kingdom of the Netherlands,Q2138639,Willy Alberti 1.png,TROS,CC BY-SA 3.0 nl,https://creativecommons.org/licenses/by-sa/3.0/nl/deed.en,Una Furtiva Lagrima (uit L'Élisir D'Amore),123239336,
Q321178,Tex Williams,person,1946,United States,Q1730388,Tex Williams 1967.JPG,Jim Halsey Artist Management Agency,Public domain,,The Ballad Of Thunder Road,1692868767,fSIub2rSTGk
Q321256,DJ Marky,person,1992,Brazil,Q3179786,Dj marky at lov.e club.jpg,Moretti,CC BY-SA 3.0,https://creativecommons.org/licenses/by-sa/3.0,LK (Carol Carolina Bela),2338133655,
Q321339,Paul Oakenfold,person,1980,United Kingdom,Q2866725|Q170435,Paul Oakenfold 2009.jpg,"Jeff McGrath from Salt Lake City, USA",CC BY 2.0,https://creativecommons.org/licenses/by/2.0,1998,4126220641,
Q321748,General Levy,person,1988,United Kingdom,Q2710523,,,,,Jah Jah Bless,8768021,2iAFP785tzg
Q321762,Napalm Death,group,1981,United Kingdom,Q188534,HF2022NapalmDeath 3.jpg,Selbymay,CC BY-SA 4.0,https://creativecommons.org/licenses/by-sa/4.0,Scum,40581651,rIV3czRMEpI
Q322196,Cypress Hill,group,1986,United States,Q429264|Q1399695|Q137441526,Cypress Hill.jpg,Philgarlic,CC BY-SA 2.0,https://creativecommons.org/licenses/by-sa/2.0,Insane in the Brain,1015862,RijB8wnJCN0
Q322210,Edwin Franko Goldman,person,1878,United States,Q211025,Goldman LCCN2014717439 (cropped).jpg,"Bain News Service, publisher",Public domain,,,,
Q322236,Roosevelt Sykes,person,1921,United States,Q2603965,Roosevelt Sykes 1970 JT.jpg,Eatonland,CC BY-SA 4.0,https://creativecommons.org/licenses/by-sa/4.0,Pocketful Of Money,1470208712,RLK_HTXDttI
Q322265,Status Quo,group,1962,United Kingdom,Q2266376,Status quo 2005.jpg,KevM at English Wikipedia,CC BY-SA 3.0,http://creativecommons.org/licenses/by-sa/3.0/,Rockin' All Over The World,2718504,Yw_sJifUYgM
Q322350,Luis Enrique,person,1973,Nicaragua,Q7405765,Luis Enrique adjusted.jpg,Luis_Enrique.jpg: jorgemejia derivative work: Inefable001 (talk),CC BY 2.0,https://creativecommons.org/licenses/by/2.0,Yo No Sé Mañana,3107750411,
Q322502,Lightnin' Slim,person,1940,United States,Q534606|Q515074,,,,,,,
Q322569,Abney Park,group,1997,United States,Q106582953,Abneypark2011.jpg,Robert Brown / Jonnybgoode44 at English Wikipedia,CC BY-SA 3.0,https://creativecommons.org/licenses/by-sa/3.0,Steampunk Revolution,82422950,yeEI-hh3MG0
Q3228823,Ledward Kaapana,person,1948,United States,Q98528264,,,,,,,
Q323048,Ivor Gurney,person,1890,United Kingdom,Q48810672,,,,,,,
Q323063,Wolf Biermann,person,1960,German Democratic Republic,Q98528299,Wolf Biermann Lauter Lyrik.jpg,Marco Maas/fotografirma.de,CC BY-SA 2.0,https://creativecommons.org/licenses/by-sa/2.0,Ermutigung,1984285937,khwvWwZy5qY
Q323171,DJ Assault,person,1977,United States,Q1521688,DJ Assault.jpg,Alkivar at the English Wikipedia,CC BY-SA 3.0,https://creativecommons.org/licenses/by-sa/3.0,Sex on the Beach,24122271,OFoxh3dhp_Y
Q323178,Above the Law,group,1989,United States,Q1045541,,,,,Black Superman,910927322,pVw45DubZ1c
Q323187,Above & Beyond,group,2000,United Kingdom,Q170435|Q1027999,Paavo Siljamaki Tony McGuinness cropped.jpg,Peter Drier,CC BY 2.0,https://creativecommons.org/licenses/by/2.0,When You Believe,4173507542,0kCEYRQL1Rk
Q323463,Ghostface Killah,person,1992,United States,Q9302696,Ghostface Killah in 2010 (cropped).jpg,"Niklas Hellerstedt, Göteborg &amp; Co",CC BY 2.0,https://creativecommons.org/licenses/by/2.0,All That I Got Is You,1523519112,PAvQW_-s_f0
Q3235960,Les Têtes Brulées,group,1985,,Q860196,,,,,Des Hauts Et Des Bas,1348770632,
Q3236273,Michiya Mihashi,person,1954,Empire of Japan,Q901610,三橋美智也.jpg,本人,Public domain,,Osayo Kawaiya,4263043581,
Q323834,Siouxsie and the Banshees,group,1976,United Kingdom,Q485395|Q598929,,,,,Cities In Dust,624844682,wsOHvP1XnRg
Q323966,Othar Turner,person,1907,United States,Q4752840|Q5762403|Q5447390,,,,,Shimmy She Wobble,646306262,RDar1ymGbjg
Q3242293,Liquid Liquid,group,1980,United States,Q1643549,,,,,Cavern,4315718,ll5PYutdBek
Q3242296,Liquid Soul,group,1993,United States,Q2385862,Liquid Soul 20th Anniversary Show Stage.jpg,2ChannelGod,CC BY 3.0,https://creativecommons.org/licenses/by/3.0,Anjuna,1964227097,tWE2bbn6AcU
Q324346,DJ Zinc,person,1991,United Kingdom,Q46649,,,,,Sovereign,4214982952,
Q324400,Dead Can Dance,group,1981,Australia,Q3840596|Q284543|Q899116,Dead Can Dance 2005.jpg,Schmutzgetier,Public domain,,Opium,3502847731,QuMqDF0PFZA
Q3244395,Los Temerarios,group,1978,Mexico,Q5612172,,,,,Sé Que Te Amo,104724412,5c5uRS8hczo
Q324645,Celtic Frost,group,1984,Switzerland,Q641357,Celtic Frost live at Tuska 2006 modified.jpg,Ville Savijärvi,Public domain,,Visions of Mortality,3783336452,kp3wNDReQxY
Q324726,Mac Miller,person,2007,United States,Q19708376,Mac Miller 2017.jpg,Nicolas Völcker,CC BY-SA 4.0,https://creativecommons.org/licenses/by-sa/4.0,Cinderella,131391760,0fcsGS1dEro
Q324757,Mickey Gilley,person,1957,United States,Q16295131,Mickey Gilley.png,GRT Records,Public domain,,Stand By Me,65990747,pQ4MKeTv-7Q
Q3247658,Fairuz,person,1957,Lebanon,Q135112773,Fairuz in btd concert 2001.jpg,Wissam Chidiak,CC BY-SA 3.0,https://creativecommons.org/licenses/by-sa/3.0,,,
Q325111,Afro Celt Sound System,group,1995,United Kingdom,Q106641525|Q4020968,AfroCelt Sound System.jpg,Brian Marks,CC BY 2.0,https://creativecommons.org/licenses/by/2.0,When You're Falling,99281224,nvJYgkBbCbs
Q325273,Johnny Copeland,person,1950,United States,Q98528142,,,,,Blues Ain't Nothin',1147735,wBBfzpi3dVA
Q32543,Test Icicles,group,2004,United Kingdom,Q1995980,,,,,Circle. Square. Triangle.,4645243,RWU1B6Gwb1w
Q3259757,Los Papines,group,,,Q388475|Q3322619,,,,,Mi Quinto,3223839441,KRx0ykYz8Bs
Q3259789,Los Gaiteros de San Jacinto,group,1940,Colombia,Q115625176,Gaiteros.JPG,Afrejad,CC BY-SA 4.0,https://creativecommons.org/licenses/by-sa/4.0,Fuego de Cumbia (Cumbia Fire),4410913,pb6p-guBOu4
Q3259792,Los Muñequitos de Matanzas,group,,,Q388475|Q3322619,,,,,De Palo Pa' Rumba,3222304061,
Q326034,In Extremo,group,1995,Germany,Q641318|Q15629158|Q446241,In Extremo - Hammaburg Fest 2018 01.jpg,Frank Schwichtenberg,CC BY-SA 4.0,https://creativecommons.org/licenses/by-sa/4.0,Vollmond,64734550,23Nmu80tLW0
Q326436,Eddie Jefferson,person,1918,United States,Q2299060,Eddie Jefferson.jpg,Brianmcmillen,CC BY-SA 3.0,https://creativecommons.org/licenses/by-sa/3.0,Psychedelic Sally,927442,9C9Bs2mP1uo
Q326649,Wynonie Harris,person,1935,United States,Q45981|Q1515757,Wynonie Harris publicity photo.jpg,Unknown,Public domain,,Quiet Whiskey,930159712,F_lJMRb12Is
Q326819,Mahzuni Şerif,person,1964,Turkey,Q1810546,,,,,,,
Q327047,Roy Milton,person,1907,United States,Q1515757,Roy Milton.jpg,Lioneldecoster,CC BY-SA 3.0,https://creativecommons.org/licenses/by-sa/3.0,Big Fat Mama,4490922,yQ4J_2pvj4c
Q327072,Xandria,group,1999,Germany,Q486415,Xandria Wave-Gotik-Treffen 2017 17.jpg,S. Bollmann,CC BY-SA 4.0,https://creativecommons.org/licenses/by-sa/4.0,Northstar,4033784141,1rL7_c_yn90
Q327163,Gil Semedo,person,1991,Cape Verde,Q16534955,Gil Semedo Live.jpg,Ne obliviscare iv,CC BY-SA 4.0,https://creativecommons.org/licenses/by-sa/4.0,Gostu sabi,1782176797,tcSgAAuu6VI
Q3272154,Lü Wencheng,person,1898,People's Republic of China,Q6942109,,,,,,,
Q327311,Jaap Blonk,person,1953,Kingdom of the Netherlands,Q1808721,Jaap Blonk-3.jpg,Harald Krichel,CC BY-SA 4.0,https://creativecommons.org/licenses/by-sa/4.0,,,
Q3274295,Machel Montano,person,1984,Trinidad and Tobago,Q1051735|Q109930142,Machel Montano (Reggae Awards 2007).jpg,Gregg,CC BY 2.0,https://creativecommons.org/licenses/by/2.0,One Wine,106815892,Lxl1oqSNzG4
Q327703,Eddie Fowlkes,person,1962,United States,Q526463,,,,,You Know!,959160532,qP6_4S1Mf1E
Q3277803,Mahmoud Guinia,person,1951,Morocco,Q2000173,Maalem Mahmoud Guinia.jpg,Sawt Maarif Officiel,CC BY-SA 4.0,https://creativecommons.org/licenses/by-sa/4.0,Mimoun Marhaba,105517531,JLGPV3KNU6M
Q327886,Doug Sahm,person,1952,United States,Q4490991,Doug Sahm Warner Brothers Portrait cropped.jpg,Warner Brothers Records,Public domain,,Nuevo Laredo,4041195,FlElJT39CM0
Q3281598,Malavoi,group,1972,France,Q814402,,,,,Caressé moin,237198,ovE80oMNkxI
Q32836087,Conway The Machine,person,2012,United States,Q109303336,Conway the Machine November 2022.png,SUPA CINDY,CC BY 3.0,https://creativecommons.org/licenses/by/3.0,Scatter Brain,1331634682,M6qBhi6FBe0
Q328437,De la Ghetto,person,2004,United States,Q54329757,"De la Ghetto, interview with Tony Dandrades (2020).png",Tony Dandrades,CC BY 3.0,https://creativecommons.org/licenses/by/3.0,Sensacion Del Bloque,3200294,YTwT2b7SG6c
Q3286792,Manuel Corona,person,1880,Cuba,Q2420447,CoronaM.jpg,self-scanned; photographer not known,Public domain,,,,
Q3288013,Sharon Jones & The Dap-Kings,group,1996,United States,Q1182371,Sharon Jones and the Dap Kings - Group Shot by Jacob Blickenstaff.jpg,Jacob Blickenstaff,CC BY-SA 4.0,https://creativecommons.org/licenses/by-sa/4.0,This Land Is Your Land,1080171172,XQ78uDio_ao
Q328968,Washboard Sam,person,1910,United States,Q106641530,,,,,Diggin' My Potatoes,1758184027,XnxeyOV0u38
Q3290053,Marco Bailey,person,1970,Belgium,Q3084222,Marco Bailey.JPG,JoeJoeJoe93,CC BY-SA 3.0,https://creativecommons.org/licenses/by-sa/3.0,Scorpia,124226146,bcg6ae-1mP4
Q3290277,Takashi Hosokawa,person,1975,Japan,Q873478,,,,,Kita-Sakaba,2455218035,bDzQQy7A10A
Q3290634,Margot Loyola,person,1918,Chile,Q766240,Margot Loyola 2013 (11116198533).jpg,"Michelle Bachelet from Santiago, Chile",CC BY-SA 2.0,https://creativecommons.org/licenses/by-sa/2.0,Erisa Peta,578258402,
Q329220,Ahab,group,2004,Germany,Q2738113,Ahab Rockharz 2018 11.jpg,S. Bollmann,Attribution,,The Isle,137682331,NZVZs2nm4f4
Q32927,Valery Leontiev,person,1972,Soviet Union,Q107539904,Valery Leontiev at Laima Rendez Vous Jurmala 2017 (2) (cropped).jpg,Okras,CC BY-SA 4.0,https://creativecommons.org/licenses/by-sa/4.0,,,
Q3294502,Salawa Abeni,person,1975,Nigeria,Q9095433,,,,,,,
Q3295408,Martin Dupont,group,1982,France,Q2343562,,,,,Inside Out,643499992,znlWpf7RvTI
Q329610,Chris Ardoin,person,1981,United States,Q111186967,ChrisArdoin.jpg,Janet Spinas Dancer,CC BY 2.0,https://creativecommons.org/licenses/by/2.0,"1,000 Kisses",74918922,ZVQbw9bk_eo
Q3296479,María Teresa Vera,person,1911,Cuba,Q2420447,Vera+Zequeira.jpg,Unknown author,Public domain,,Veinte Años,688222322,Ja0HBp2hL-Q
Q3296942,Hakim,person,1992,Egypt,Q16323732,Hakim (Egyptian singer).jpg,https://arz.wikipedia.org/wiki/مستخدم:Raafat,CC BY 3.0,https://creativecommons.org/licenses/by/3.0,,,
Q329698,Jackson do Pandeiro,person,1942,Brazil,Q586110|Q502448|Q1335045,"Jackson do Pandeiro, 1972.tif",Unknown,Public domain,,Forró em Campina,736737832,qHiDCll3oXA
Q3297853,Nortec Collective,group,1999,Mexico,Q382343,Nortec Collective05.jpg,Festival Eurockéennes,CC BY 2.0,https://creativecommons.org/licenses/by/2.0,Olvidela Compa,16380617,mTOKhSpe9Cs
Q329809,King Jammy,person,1960,Jamaica,Q212688,"King Jammy at Amazura night club in New York, May 27th, 2007.jpg","Yamaguchi, E",CC BY-SA 4.0,https://creativecommons.org/licenses/by-sa/4.0,Sleng Teng Version,4195445582,
Q330419,Ballaké Sissoko,person,1967,Mali,Q107123896,Ballaké Sissoko et sa kora.jpg,GolDavis,CC BY-SA 4.0,https://creativecommons.org/licenses/by-sa/4.0,Esperanza,2147509837,
Q3307040,Messi Martin,person,1946,Cameroon,Q860196,,,,,Zoa Mballa,2226086567,PtSwFNsbDDA
Q3307281,Sound Tribe Sector Nine,group,1998,United States,Q6658771,STS9.jpg,Ryan Phillips,CC BY 2.0,https://creativecommons.org/licenses/by/2.0,World Go Round,2343862295,j31Ki4t8Yu4
Q3308199,Michael Fortunati,person,1955,Italy,Q848852,,,,,Give Me Up,2834782182,P-xfy-0RPMw
Q3308220,Michael Gordon,person,1956,United States,Q98528143|Q9089200,Michael Gordon at Crater Lake.JPG,Louisa Dedalus,CC BY-SA 4.0,https://creativecommons.org/licenses/by-sa/4.0,Turn Out the Lights,56322861,
Q330830,Ran Blake,person,1935,United States,Q539089,Ran Blake.jpg,Brianmcmillen,CC BY-SA 3.0,https://creativecommons.org/licenses/by-sa/3.0,Tea For Two,1586890692,Q2NAHJYdaTk
Q331088,Ronald Shannon Jackson,person,1958,United States,Q5500244,Ronald Shannon Jackson 06N5970.jpg,Nomo / michael hoefner http://www.zwo5.de,CC BY-SA 3.0,https://creativecommons.org/licenses/by-sa/3.0,No One Knows Anything,64058231,
Q331263,Giorgos Batis,person,1885,Greece,Q220528,George Batis.JPG,http://rebetiko.sealabs.net/wiki/mediawiki/index.php/%CE%95%CE%B9%CE%BA%CF%8C%CE%BD%CE%B1:1mpatis.JPG,Public domain,,,,
Q3313730,Miki Matsubara,person,1979,Japan,Q11307326,,,,,Mayonaka no Door~stay with me,3697978582,nRmlLrI0OVk
Q331626,Abruptum,group,1989,Sweden,Q111971710,Marduk Paris 21207 11.jpg,Vassil,CC BY 3.0,https://creativecommons.org/licenses/by/3.0,Honores Vultus Mutares Ex Aeris Campi,1353986,0nPisE-yMhw
Q331711,Mustafa Sandal,person,1991,Turkey,Q7855391,,,,,İsyankar,120663052,My-VssMH2hc
Q3317284,Mixmaster Morris,person,1987,United Kingdom,Q2465085,,,,,Waraitake,2713506552,xLuUtyYrE5I
Q331731,Gary Numan,person,1975,United Kingdom,Q325504|Q188450,Gary Numan 2011.jpg,Man Alive!,CC BY 2.0,https://creativecommons.org/licenses/by/2.0,Cars,938553,Im3JzxlatUs
Q331790,Interpol,group,1997,United States,Q1899347,"Interpol Concert in Las Vegas, September 19, 2005-4.jpg",P.B. Rage,CC BY-SA 2.0,https://creativecommons.org/licenses/by-sa/2.0,Wings On Fire,4017099421,pxHQASNmJZs
Q3318847,Mohamed Tahar Fergani,person,1928,Algeria,Q623904|Q19820570,Mohamed Tahar Fergani.jpg,Saber68,Public domain,,,,
Q3319807,Mon Rivera,person,1899,United States,Q2715398,,,,,Lluvia con Nieve,686072402,detmcrYdD64
Q332032,Alice Cooper,person,1963,United States,Q76092,Alice Cooper 2011.jpg,Ross Halfin,CC BY 3.0,https://creativecommons.org/licenses/by/3.0,School's Out,730866,2Oo8QzDHimQ
Q3323178,Las Grecas,group,1974,Spain,Q108297241,,,,,Te Estoy Amando Locamente,110953136,7n0-N9qnXXQ
Q33240,Drake,person,2001,United States,Q2572585,Drake July 2016.jpg,The Come Up Show,CC BY 2.0,https://creativecommons.org/licenses/by/2.0,One Dance,124603270,FOqKN-ouAUE
Q3324949,Arturo Cavero Velásquez,person,1966,Peru,Q6950428|Q2509521,Arturo Zambo Cavero 2005.jpg,This image was scanned by Miguel Alan Córdova Silva (user MiguelAlanCS). Other scanned image see here,CC BY-SA 4.0,https://creativecommons.org/licenses/by-sa/4.0,,,
Q332635,Johnny Winter,person,1964,United States,Q193355|Q1271752|Q98528142,Johnny Winter1990.jpg,Masahiro Sumori,CC BY-SA 3.0,http://creativecommons.org/licenses/by-sa/3.0/,Life Is Hard,10245263,vee-b0kYinE
Q3327146,Mr. C,person,1968,United Kingdom,Q598593,Mr C at a Gaza fundraising event in London.jpg,Tris2000,CC BY-SA 4.0,https://creativecommons.org/licenses/by-sa/4.0,,,
Q333014,Robert Earl Keen,person,1984,United States,Q14493900,"Robert Earl Keen at the Redneck Country Club, June 30, 2018 MG 1357 (41334326940) (cropped).jpg",Republic Country Club,CC BY 2.0,https://creativecommons.org/licenses/by/2.0,I Gotta Go,13112953,iTINY5haeLo
Q333405,Perry Como,person,1932,United States,Q1443316|Q1196752,Perry Como NYWTS.jpg,"Walter Albertin, World Telegram staff photographer",Public domain,,And I Love You So,2242656,XSYbKk83VTc
Q3335478,Namjilyn Norovbanzad,person,1950,Mongolia,Q1785243,,,,,,,
Q333598,Desmond Dekker,person,1963,Jamaica,Q54365|Q108807661|Q1277532,Desmond Dekker in 2005.jpg,"Original photo by sean mason from Austin, Texas, USA. Cropped by Gaaarg.",CC BY 2.0,https://creativecommons.org/licenses/by/2.0,Israelites,71647395,0wSXTN2EfRo
Q333632,Chico Buarque,person,1962,Brazil,Q1046768,Chico Buarque no BRAVO.jpg,CPFL Cultura,CC BY 2.0,https://creativecommons.org/licenses/by/2.0,,,
Q333856,Vinícius de Moraes,person,1955,Brazil,Q486263,Vinicius.jpg,Ricardo Alfieri,Public domain,,Carta Ao Tom 74,4675916,kxpB-az8zuM
Q334093,Neurosis,group,1985,United States,Q98528292|Q41343,Neurosis-at-tuska.jpg,Jahmoonn,CC BY-SA 3.0,https://creativecommons.org/licenses/by-sa/3.0,,,
Q334537,Obituary,group,1984,United States,Q483251|Q65943557,Hellfest2017Obituary 02.jpg,Selbymay,CC BY-SA 4.0,https://creativecommons.org/licenses/by-sa/4.0,Visions in My Head,83493452,WvxHqUrikhE
Q3346448,Shaan,person,1989,India,Q3535998,Shaan at Music Mania 2013.jpg,Bollywood Hungama,CC BY 3.0,https://creativecommons.org/licenses/by/3.0,,,
Q334648,Roxy Music,group,1971,United Kingdom,Q217467|Q76092|Q25094849,Roxy Music band.jpg,Jean-Luc,CC BY-SA 2.0,https://creativecommons.org/licenses/by-sa/2.0,More Than This,3088609,kOnde5c7OG8
Q334652,Stereolab,group,1990,United Kingdom,Q325397,Stereolab (1994).jpg,"Greg Neate from Sussex, UK",CC BY 2.0,https://creativecommons.org/licenses/by/2.0,Cybele's Reverie,355425561,0JgxATTtROs
Q3347472,O. V. Wright,person,1964,United States,Q96376126|Q2521569,,,,,,,
Q3347988,Lalon,person,1772,British Raj,Q13058900,Fakir Lalon Shah.jpg,Jyotirindranath Tagore,Public domain,,,,
Q3349252,Anup Jalota,person,1953,India,Q854775,ଅନୁପ ଜଲୋଟା (Anup Jalota).jpg,Krupasindhu Muduli,CC BY-SA 3.0,https://creativecommons.org/licenses/by-sa/3.0,Hey Natrajan Antaryami,1665852052,rDA7M6SmDSo
Q334947,Ali Farka Touré,person,1976,Mali,Q2907328,Ali Farka Toure.jpg,Tagles,Public domain,,Ruby,3750760622,
Q3349799,Paban Das Baul,person,1961,India,Q13058900,"Paban Das Baul, Festival international des cinémas d'Asie de Vesoul 2009 (cropped).jpg",Jeffdelonge,CC BY-SA 3.0,https://creativecommons.org/licenses/by-sa/3.0,Dil Ki Doya,99280530,Y79biK0Wna0
Q3350611,Olimpo Cárdenas,person,1923,Ecuador,Q7142141,Olimpocardenas.jpg,Unknown,CC BY 4.0,https://creativecommons.org/licenses/by/4.0,Fatalidad,754658562,S6Zsuzo5W4g
Q335352,Satyricon,group,1991,Norway,Q108297198,"Satyricon, Metaltown 2008.jpg",BiblioteKarin,Public domain,,K.I.N.G,585531472,xKuLSL1bZw4
Q3354052,Opera Multi Steel,group,1983,France,Q2343562,OMS20.JPG,Othello,Public domain,,,,
Q335723,The Wurzels,group,1966,United Kingdom,Q7439349,Wurzels Wychwood 2011.jpg,Maybesometime,CC BY-SA 3.0,https://creativecommons.org/licenses/by-sa/3.0,The Combine Harvester (Brand New Key),3241656,tb63PdPweDc
Q3357654,Otis Clay,person,1957,United States,Q96376126,OtisClay LBBF1997 2.jpg,Masahiro Sumori,CC BY 3.0,https://creativecommons.org/licenses/by/3.0,The Only Way Is Up,74403862,0zf0rMfTeaI
Q3368476,Pastis & Buenri,group,1995,Spain,Q3048168,,,,,Dreaming Of the Better World,1922831667,
Q33692845,Radical Redemption,person,1990,Kingdom of the Netherlands,Q21000514,Radical Redemption (11).JPG,User:JoeJoeJoe93,CC BY-SA 3.0,https://creativecommons.org/licenses/by-sa/3.0,Burn,3270815941,TjicDr3omv8
Q337143,Aleksandar Vuksanović,person,1990,Serbia,Q786815,Aca Lukas (2011).jpg,Medija centar Beograd,CC BY-SA 3.0,https://creativecommons.org/licenses/by-sa/3.0,Čivas,898922562,
Q3372725,Pauline Julien,person,1951,Canada,Q2956164,,,,,,,
Q3373508,La Arrolladora Banda El Limón,group,1997,Mexico,Q2812726,LA ARROLLADORA BANDA LIMON DE RENE CAMACHO.jpg,Miguelcobas,CC BY-SA 4.0,https://creativecommons.org/licenses/by-sa/4.0,Secretos De Mi Memoria,2641500,pbDuEBrMD34
Q3373557,Grimethorpe Colliery Band,group,1917,United Kingdom,Q110230168,"Grimethorpe Band, Nationals concert 2008.jpg",Rafaele,CC BY-SA 4.0,https://creativecommons.org/licenses/by-sa/4.0,,,
Q337359,Sérgio Mendes,person,1961,Brazil,Q13634037,Sérgio Mendes e o Grupo 77 (cropped).tif,Unknown,Public domain,,Magalenha,1444380712,ijnujobdJ4c
Q3373883,Li Jinhui,person,1891,Republic of China,Q7496127,Li Jinhui.jpg,Unknown author,Public domain,,,,
Q3376398,Pete Rodriguez,person,1932,United States,Q6496549|Q892958,Pete-Rodriguez DSF0265.jpg,Dzoffer,CC BY-SA 4.0,https://creativecommons.org/licenses/by-sa/4.0,El Hueso,686070062,kt8LWXihBi0
Q3381062,Phill Niblock,person,1933,United States,Q650316,Phill Niblock.jpg,dv_flick,CC BY 2.0,https://creativecommons.org/licenses/by/2.0,,,
Q338693,Carmélia Alves,person,1923,Brazil,Q2879962,Carmélia Alves.jpg,Ricardo Stuckert/PR,CC BY 3.0 br,https://creativecommons.org/licenses/by/3.0/br/deed.en,,,
Q3390466,Theoretical Girls,group,1977,United States,Q823080,,,,,U.S. Millie,1475685142,C3Wbs7-hjZQ
Q339088,Canned Heat,group,1965,United States,Q2266376,Canned Heat at Woodstock Reunion 1979.jpg,Bob Sanderson (User:Rtsanderson),CC BY 2.0,https://creativecommons.org/licenses/by/2.0,Going Up The Country,3151773,nBhpiUFSYWI
Q3392753,Pacho Galán,person,1934,Colombia,Q9031739|Q3069904|Q115625176,,,,,Boquita Salá,2654094812,ba_G2C5EotY
Q3393871,Guty Cárdenas,person,1905,Mexico,Q5643998,"Estatua de Guty Cárdenas, Mérida, Yucatán (01).JPG",Inri,CC0,http://creativecommons.org/publicdomain/zero/1.0/deed.en,Peregrino de Amor,3370751251,iUBJ_bp8YJI
Q339430,Simply Red,group,1984,United Kingdom,Q885561,Mick Hucknall Bremen 2003.jpeg,Mi.O,Public domain,,Holding Back the Years,2477001,yG07WSu7Q9w
Q3409991,Psirico,group,2000,Brazil,Q25448883,Bloco Pinel com Psirico no Circuito Osmar em (21.02). Foto- Tatiana Azeviche - Setur (6918538561).jpg,Turismo Bahia,CC BY-SA 2.0,https://creativecommons.org/licenses/by-sa/2.0,Lepo Lepo,3586976221,x8rRsokR8ug
Q341338,Acid Bath,group,1991,United States,Q720959,,,,,Scream of The Butterfly,11063232,_Rnv5UAbACg
Q341374,Acid King,group,1993,United States,Q1772422,,,,,Teen Dusthead,82372018,_Q19pah-w1c
Q3414998,R3hab,person,2007,Kingdom of the Netherlands,Q1228230,R3hab (Cropped).jpg,digboston,CC BY 2.0,https://creativecommons.org/licenses/by/2.0,Believe (Shooting Stars),3050727361,iGAqNgQEA0A
Q3421778,Rebelution,group,2004,United States,Q7308175,Rebelution.jpg,Abby Gillardi,CC BY 2.0,https://creativecommons.org/licenses/by/2.0,Feeling Alright,3852161191,V6cMkhhqn6k
Q342447,Jeezy,person,1997,United States,Q137541541|Q2913982,Jeezy.png,Sister Circle TV,CC BY 3.0,https://creativecommons.org/licenses/by/3.0,Soul Survivor,104011124,gczBgNB-p1w
Q342723,Gene Autry,person,1907,United States,Q1425111,"Gene Autry, NPG 94 39.jpg",Harry Warnecke / Robert F. Cranston,Public domain,,Frosty the Snowman,609810,bdEpPXVOmTA
Q3429218,K-Paz De La Sierra,group,2002,United States,Q907799,,,,,Mi Credo,15495207,nyd7QcGUjQs
Q3429882,Rhythm & Sound,group,1997,,Q1262781,,,,,King in My Empire,486271442,Damfih85wW8
Q3430709,Richard Desjardins,person,1981,Canada,Q2956164,Richard Desjardins Arvida03 mod.jpg,Simon Villeneuve et Martial Tremblay,CC BY-SA 3.0,https://creativecommons.org/licenses/by-sa/3.0,Tu m'aimes-tu,3487751331,cnGDs0UHyGc
Q343394,İbrahim Tatlıses,person,1970,Turkey,Q623824,İbrahim Tatlıses (8 Temmuz 2007).JPG,Tacirci,CC BY-SA 3.0,https://creativecommons.org/licenses/by-sa/3.0,Mutlu Ol Yeter,66134798,pkIlP54PsX8
Q343627,Giorgos Dalaras,person,1967,Greece,Q2087267|Q53806314,Dalaras theatro ghs 2009.jpg,Θεόδωρος Χαϊκάλης / Chaikalis at Greek Wikipedia,Attribution,,Natane To 21,476455112,
Q3437104,The Techniques,group,1962,Jamaica,Q573484,,,,,,,
Q3437970,Rockin' Dopsie,person,1970,United States,Q245296,,,,,,,
Q3438097,Deepchord,group,2000,United States,Q1262781,,,,,Pinewood Lodge,116389444,Gv-EYfXccWc
Q34389,Whitney Houston,person,1976,United States,Q37073|Q850412|Q11700065,Whitney Houston (cropped3).JPEG,PH2 Mark Kettenhofen,Public domain,,I Will Always Love You,7675403,3JWTaaS7LdU
Q34398202,Vini Vici,group,2013,Israel,Q622871,,,,,Adhana,852463422,UQXiei9Cv10
Q3440096,Roland Hayes,person,1887,United States,Q139566448,Roland Hayes by Van Vechten.jpg,Carl Van Vechten,Public domain,,Were You There,15356969,TFOsVxQ_SmY
Q3440329,Rolando Alarcón,person,1951,Chile,Q6040713,,,,,Si Me Quieres Escribir,68730932,Cb-0IF64qMA
Q34424,Shakira,person,1990,Spain,Q18345375|Q547137,"2023-11-16 Gala de los Latin Grammy, 03 (cropped)01.jpg",Junta de Andalucía,CC BY-SA 2.0,https://creativecommons.org/licenses/by-sa/2.0,Dai Dai,4015341011,fcnDmrtj6Sk
Q3442540,Rosenberg Trio,group,1989,Netherlands,Q844245,Trio Rosenberg14.JPG,Otourly,CC BY-SA 3.0,http://creativecommons.org/licenses/by-sa/3.0/,,,
Q3444819,Mistah F.A.B.,person,1999,United States,Q2043175,Mistah F.A.B. (cropped).jpg,Brian Solis,CC BY 2.0,https://creativecommons.org/licenses/by/2.0,Still Feelin' It,124225532,ZIPRVFCmi-k
Q3445057,Future,person,2003,United States,Q2913982,Future - Openair Frauenfeld 2019 05.jpg,Frank Schwichtenberg,CC BY-SA 4.0,https://creativecommons.org/licenses/by-sa/4.0,Mask Off,142337683,xvZqHgFz51I
Q3445741,Roy Bargy,person,1894,United States,Q2909943,RoyBargyRufenreddyCover.jpg,Roy Bargy,Public domain,,Justin-Tyme,23311541,7JNp0TA4IXU
Q344822,Herb Alpert,person,1957,United States,Q848399,Herb Alpert 1966.jpg,New service,Public domain,,Rise,1064775022,q7O3eYJptTc
Q3453625,Ruth Marlene,person,1978,Portugal,Q3025242,Ruth Marlene.jpg,Oliveira saudónio,CC BY-SA 4.0,https://creativecommons.org/licenses/by-sa/4.0,Coisinha Sexy (Coisinha Sexy),70416026,
Q345431,John Mellencamp,person,1976,United States,Q747717,John Mellenkamp 2007 (cropped).jpg,"DoD photo by Staff Sgt. D. Myles Cullen, U.S. Air Force.",Public domain,,Hurts So Good,2512462,4dOsbsuhYGQ
Q3458835,Rita Abatzi,person,1914,Greece,Q220528,Rita Abatzi.jpg,Unknown author,FAL,http://artlibre.org/licence/lal/en,,,
Q346036,Keith Whitley,person,1970,United States,Q458480,KeithWhitley.jpg,The original uploader was Vistadeck at English Wikipedia.,CC BY-SA 2.5,https://creativecommons.org/licenses/by-sa/2.5,Don't Close Your Eyes,531883,5rF_jr4RGe0
Q34624,Giovanni Gabrieli,person,1557,Republic of Venice,Q207683,,,,,,,
Q346762,Freddie Hubbard,person,1958,United States,Q181010|Q1092837,Freddie Hubbard 1976.jpg,"Tom Marcello Webster, New York, USA",CC BY-SA 2.0,https://creativecommons.org/licenses/by-sa/2.0,Philly Mignon,3464524,fNWeb6913T4
Q346779,Kenny Clarke,person,1914,United States,Q105513,"Finale Internationaal Jazz Festival Loosdrecht, drummer Kenny Clarke, Bestanddeelnr 924-7968.jpg",W. Punt for Anefo,CC0,http://creativecommons.org/publicdomain/zero/1.0/deed.en,,,
Q346785,Dick Dale,person,1959,United States,Q220830|Q106581470|Q1650296,Dick Dale.jpg,"Mike Burns from Somerville, MA, USA",CC BY-SA 2.0,https://creativecommons.org/licenses/by-sa/2.0,Nitrus,943642,wAQ43PrKwC4
Q3473629,Sarke,group,2008,Norway,Q108297198,Sarke MDF 2014.jpg,Dan Dawson,CC BY-SA 3.0,https://creativecommons.org/licenses/by-sa/3.0,Phantom Recluse,2737825821,P25y6rmbdao
Q347368,Immortal Technique,person,2000,United States,Q969663|Q965635,Immortal Technique performing in 2010.jpg,InkwellDesignGroup,CC BY 2.0,https://creativecommons.org/licenses/by/2.0,Dance with the Devil,1936925727,Ef1fy2k_EYI
Q347717,Joe Bonamassa,person,1989,United States,Q65937937,2007-10-11 Joe Bonamassa IMG 6033.jpg,Eckhard Henkel,CC BY-SA 3.0 de,https://creativecommons.org/licenses/by-sa/3.0/de/deed.en,Blues Deluxe,7731922,tIs8DDrywvw
Q3479012,Sexteto Habanero,group,1920,,Q4428744,S. Habanero.jpg,Unknown author,Public domain,,"Rosa, Que Linda Eres",11459928,9w8allDkIlQ
Q3481131,Shabazz Palaces,group,2009,United States,Q98528482|Q5421158,,,,,Jheri Curl Jump,4202404712,Pd9TGn7c8AE
Q3482190,Shinehead,person,1986,Jamaica,Q1109947,Sound System.jpg,Dubdem e FabDub [2],CC BY 2.0,https://creativecommons.org/licenses/by/2.0,Jamaican in New York,760630,0d1bbYhoyLg
Q3482391,Shitmat,person,2002,United Kingdom,Q903735|Q109322851,Shitmat hokaben.jpg,Mcld,CC BY-SA 3.0,https://creativecommons.org/licenses/by-sa/3.0,More Fire,71544299,_u1hv3JagJs
Q3482481,The Shop Assistants,group,1984,Edinburgh,Q97942949,,,,,All Day Long,2665612132,abhiA4XOXA8
Q348449,Keith Rowe,person,1940,United Kingdom,Q7306376,Rowe Solo.jpg,The original uploader was Ndorward at English Wikipedia.,CC BY-SA 3.0,http://creativecommons.org/licenses/by-sa/3.0/,Groovy Situation,1282729742,wzkOv-bPwFo
Q348459,George Benson,person,1954,United States,Q2104067|Q846833,George Benson Publicity Photo 1981.jpg,Warner Bros. Records,Public domain,,Give Me the Night,5094396,FIF7wKJb2iU
Q348477,Gil Evans,person,1912,Canada,Q3807537,Ryo-gil.jpg,(c)Satellitesrecords.com,Copyrighted free use,,El Toreador,609309112,
Q3486426,Wando,person,1969,Brazil,Q2464314,Wando FUI.JPG,Derbsonfrota,CC BY-SA 3.0,https://creativecommons.org/licenses/by-sa/3.0,,,
Q348652,Giya Kancheli,person,1961,Soviet Union,Q2164565,Gia Kancheli.jpg,Gia_Kancheli_&amp;_Boris_Berezovski.jpg: George Mel derivative work: Gaeser (talk),CC BY-SA 2.0,https://creativecommons.org/licenses/by-sa/2.0,"Kviteli Fotlebi (Filmidan ""Mimino"")",1101162432,
Q3486668,Slightly Stoopid,group,2016,United States,Q7308175,Slightly Stoopid Live!.jpg,Clintus,CC BY-SA 2.0,https://creativecommons.org/licenses/by-sa/2.0,Closer to the Sun,102947646,b-ZfcqUczXc
Q3486681,Slim Cessna's Auto Club,group,1992,United States,Q65052052,Slim Cessna's Auto Club.jpg,auggie_tolosa,CC BY-SA 3.0,https://creativecommons.org/licenses/by-sa/3.0,This Is How We Do Things In The Country,92260448,DJm2yEQo4aU
Q348907,Hossein Alizadeh,person,1973,Iran,Q11223087,Hosein alizadeh2.jpg,Reza1615 عكس توسط مريم معيری,CC BY-SA 3.0,https://creativecommons.org/licenses/by-sa/3.0,Sari Galin,3826503001,OHtuaIN2EhE
Q349041,Afrojack,person,2007,Kingdom of the Netherlands,Q1228230,Afrojack 2015.jpg,DJ Meekz,CC BY-SA 4.0,https://creativecommons.org/licenses/by-sa/4.0,Awake Tonight,3930376831,lpgt1lex3P0
Q3491728,Soum Bill,person,1972,Ivory Coast,Q227036,,,,,L'un pour l'autre,3736731,YRUFLJSlgos
Q349194,Ruhi Su,person,1942,Turkey,Q1810546,Ruhi Su 1.Gençlik Festivali Almanya.jpg,Oğuz Gemalmaz,CC BY-SA 4.0,https://creativecommons.org/licenses/by-sa/4.0,Gözleyi Gözleyi,82051852,hQS3Kmf6qh8
Q349357,Woody Herman,person,1913,United States,Q105756581,Woody Herman.jpg,"Tom Marcello Webster, New York, USA",CC BY-SA 2.0,https://creativecommons.org/licenses/by-sa/2.0,La Fiesta,927419,OTxRfLpB3AE
Q349406,Adam Freeland,person,1991,United Kingdom,Q663519|Q1756101|Q65937774,Adam Freeland 2.jpg,Todd Thille for artificialeyes.tv,CC BY-SA 2.0,https://creativecommons.org/licenses/by-sa/2.0,Anything,4269964622,
Q3496491,Stan Hugill,person,1950,United Kingdom of Great Britain and Ireland,Q1195253,,,,,,,
Q3496799,Stanley Beckford,person,1942,Jamaica,Q1262697,Stanley Beckford.jpg,Hubert Van Maele,CC BY-SA 4.0,https://creativecommons.org/licenses/by-sa/4.0,Israelites,605631822,jxACGtSmPbY
Q349902,Harry Champion,person,1865,United Kingdom,Q940462,H. Champion.jpg,Unknown author,Public domain,,,,
Q3499085,Steve Riley and the Mamou Playboys,group,1988,United States,Q1026089,Steverileyandthemamouplayboys.jpg,NawlinWiki,CC BY-SA 3.0,https://creativecommons.org/licenses/by-sa/3.0,,,
Q3499560,Archgoat,group,1989,Finland,Q13586773,2009-10-25archgoat.JPG,EfAston,CC BY-SA 3.0,https://creativecommons.org/licenses/by-sa/3.0,The Light Behind The Horns,4048216381,
Q350362,James Blake,person,2009,United Kingdom,Q106130091,James Blake at the Wang in Boston (51561366027) (cropped).jpg,Knar Bedian,CC BY 2.0,https://creativecommons.org/licenses/by/2.0,When I’m Home,4152514452,oB7sWyhJSs8
Q3503801,Sunburned Hand of the Man,group,1997,United States,Q98528183,,,,,Prism Mirrors Lens,797090092,
Q350472,Eddie Cantor,person,1907,United States,Q109719462,Eddie Cantor 1945.JPG,NBC Radio,Public domain,,Makin' Whoopee,6019840,ANRPmTZRqkg
Q3504775,Jamelão,person,1930,Brazil,Q3470692,Jamelão.jpg,Ana Nascimento/ABr,CC BY 3.0 br,https://creativecommons.org/licenses/by/3.0/br/deed.en,,,
Q3507588,Brontosauři,group,1972,Czech Republic,Q5201841,,,,,Tulacky rano,6960408,tfi8Xmo8AAY
Q3510150,Tunde Nightingale,person,1922,Nigeria,Q1715700,,,,,,,
Q3510184,Sir Shina Peters,person,1958,Nigeria,Q1715700,Shina Peters.jpg,Orisun TV,CC BY 3.0,https://creativecommons.org/licenses/by/3.0,,,
Q351019,El General,person,1990,Panama,Q202930,,,,,,,
Q3510240,Ayinla Kollington,person,1970,Nigeria,Q3509353,,,,,,,
Q3511609,Haruna Ishola,person,1919,Nigeria,Q617338,,,,,,,
Q3512059,Steven Halpern,person,1945,United States,Q213121,Steven-Halpern 2012-12-07.jpg,Gazebo,CC BY-SA 3.0,https://creativecommons.org/licenses/by-sa/3.0,,,
Q3513534,Tabou Combo,group,1968,Pétion-Ville,Q2726026,Tabou Combo at the 2014 Festival International Nuits d'Afrique in Montréal (1-3).jpg,Didier Moïse,CC BY-SA 4.0,https://creativecommons.org/licenses/by-sa/4.0,Tu as volé,96841954,LC3MoJzTxzU
Q3513649,Tackhead,group,1987,United States,Q2004156,,,,,Reality,101608103,Umaquov53a8
Q3513698,Dabrye,person,2001,United States,Q3108920,DabryeLive.jpg,AlexReynolds at English Wikipedia,CC BY 2.5,https://creativecommons.org/licenses/by/2.5,Take Me Home,1251141602,AOPSgpthezw
Q3514381,Taku Sugimoto,person,1965,Japan,Q3587612|Q2484587,Taku Sugimoto.jpg,"Andy Newcombe Farnborough, UK",CC BY-SA 2.0,https://creativecommons.org/licenses/by-sa/2.0,,,
Q3514534,Tall Dwarfs,group,1981,New Zealand,Q267287,,,,,The Brain That Wouldn't Die,3552461861,IlZmx8U7lf0
Q3514773,Cemil Bey,person,1873,Ottoman Empire,Q1518063,Cemil.jpg,Unknown author,Public domain,,,,
Q3517940,Ten City,group,1987,United States,Q928825|Q116875230,,,,,I Love Me,2082526647,7AV1XpuKD74
Q3518278,Terakaft,group,2001,Mali,Q7800608,,,,,Ténéré Wer Tat Zinchegh,572200722,gikraRhWuDw
Q3519860,The Balfa Brothers,group,,United States,Q1026089,,,,,,,
Q3519888,The Bats,group,1982,New Zealand,Q267287,Band Together Concert For Canterbury.jpg,Phil Le Cren,CC BY-SA 2.0,https://creativecommons.org/licenses/by-sa/2.0,Made up in Blue,92400994,yCpH8m1epBM
Q3519929,Bombay Jayashri,person,1982,India,Q956883,Bombay Jayashree in concert.jpg,Kayaniv,CC BY-SA 3.0,https://creativecommons.org/licenses/by-sa/3.0,Mudher Kanave,1352194792,wocpryYyH5E
Q3520048,The Bodines,group,1985,United Kingdom,Q97942949,,,,,,,
Q3520438,Cows,group,1987,United States,Q131535243,,,,,,,
Q3521870,The Mighty Lemon Drops,group,1985,United Kingdom,Q97942949,,,,,,,
Q3521879,Minibosses,group,1999,United States,Q2035976,The Minibosses.jpg,Benjamin Hollis,CC BY 2.0,https://creativecommons.org/licenses/by/2.0,Megaman II,378622641,
Q3522116,Osborne Brothers,group,1953,United States,Q213714,,,,,,,
Q3522161,The Pale Fountains,group,1981,United Kingdom,Q11325235,,,,,Something On My Mind,3125051,yVw4uvi5OtM
Q352218,J Dilla,person,1993,United States,Q97265899|Q1077172,,,,,Dillatronic 01,1915731997,k0qcvG1qt1o
Q352225,Big Jay McNeely,person,1940,United States,Q1515757,,,,,There Is Something on Your Mind,115449026,LpsM3IkbrfE
Q3523007,The Three O'Clock,group,1982,United States,Q1432934,,,,,,,
Q3524673,Thione Seck,person,1980,Senegal,Q556959,Thione Seck 06N4816.jpg,Nomo michael hoefner / http://www.zwo5.de,CC BY-SA 3.0,https://creativecommons.org/licenses/by-sa/3.0,Mathiou,368059961,KRtZtkcNLYQ
Q3525273,Semmangudi Srinivasa Iyer,person,1908,Dominion of India,Q956883,Semmangudi Srinivasa Iyer.jpg,"Photo Division, Government of India",Public domain,,,,
Q3527978,Ti Frère,person,1900,Mauritius,Q108981355|Q1781796,,,,,,,
Q352999,Son House,person,1930,United States,Q649823|Q1127539|Q65936357,Son House.jpg,Unknown author,Public domain,,,,
Q353023,Taj Mahal,person,1964,United States,Q65936357,Taj Mahal (musician).jpg,pixgremlin: http://www.aworan.com c/o Pix Gremlin,CC BY 2.0,https://creativecommons.org/licenses/by/2.0,,,
Q353025,Baltimora,group,1985,Italy,Q744417,,,,,Tarzan Boy,3389903,--6CdAypJsQ
Q3531839,Tony Muréna,person,1915,France,Q7770873,,,,,,,
Q3534561,Juan Vicente Torrealba,person,1917,Venezuela,Q1202208|Q108951349,Juan Vicente Torrealba.jpg,Guillermo Ramos Flamerich,CC BY 2.5,https://creativecommons.org/licenses/by/2.5,,,
Q353853,Luan Santana,person,2007,Brazil,Q10370558,Luan Santana 2022.JPG,amigosdaarte,CC0,http://creativecommons.org/publicdomain/zero/1.0/deed.en,OLHO MARROM - Ao Vivo em Lisboa,3562391171,4w5pMlz8qK0
Q354158,Henry Threadgill,person,1944,United States,Q742341,Henry Threadgill1.jpg,Brianmcmillen,CC BY-SA 4.0,https://creativecommons.org/licenses/by-sa/4.0,Trio Piece,4006089501,WANPyaDTTC8
Q3542298,Turgun Alimatov,person,1939,Uzbekistan,Q3091180,,,,,,,
Q3543876,Noriko Awaya,person,1929,Empire of Japan,Q7385628,Noriko Awaya.jpg,Unknown author,Public domain,,,,
Q3543976,Rico J. Puno,person,1975,Philippines,Q6749708,,,,,Magkasuyo Buong Gabi,667279822,tJ2IOvgKfDE
Q354490,Clifford Brown,person,1952,United States,Q181010,Clifford Brown (трафарет).jpg,Ufo Snake,CC BY-SA 3.0,https://creativecommons.org/licenses/by-sa/3.0,Brownie Speaks,3423424,N8u6UvBlVYc
Q354508,Sun Ra,person,1934,United States,Q790188|Q98528203|Q98528204,Sun Ra (1973 publicity photo - Impulse ABC Dunhill).jpg,Distributed by Impulse! Records and ABC/Dunhill Records. Photographer uncredited on the publicity photo itself; most lik,Public domain,,When There Is No Sun feat. John Gilmore (mixed),109577656,
Q354519,Charley Patton,person,1891,United States,Q9759|Q649823|Q1127539,Charley Patton (1929 photo portrait).jpg,Photo published by Paramount Records and the F. W. Boerner Company. Photographer uncredited and unknown.,Public domain,,,,
Q3545224,APO Hiking Society,group,1969,Philippines,Q6749708|Q107565104,APO Hiking Society performing in May 2010.jpg,Ronnie1079,CC BY-SA 4.0,https://creativecommons.org/licenses/by-sa/4.0,Panalangin,2059121347,2KBffqrAAc4
Q3545459,Adrian Minune,person,1989,Romania,Q642983,Adrian Minune.jpg,"Doa Music, cropped by Ionutzmovie",CC BY 3.0,https://creativecommons.org/licenses/by/3.0,Am încredere în tine,3039529261,vOvTI4rCJJw
Q3548093,Rivermaya,group,1994,Manila,Q107565104,Rivermaya090211.jpg,Jherv007,CC BY-SA 3.0,https://creativecommons.org/licenses/by-sa/3.0,Hinahanap-Hanap Kita,13287436,cv54q0tGmaA
Q35487701,Rezz,person,2015,Canada,Q106477753,Rezz @ Bonnaroo 2017 (cropped).jpg,ThorntonDrury,CC BY-SA 4.0,https://creativecommons.org/licenses/by-sa/4.0,Someone Else,919010402,Ox7tI77X4Eg
Q3550458,Gary Valenciano,person,1978,Philippines,Q107565104,Gary Valenciano in Toronto 2014 02.jpg,001Jrm,CC BY-SA 3.0,https://creativecommons.org/licenses/by-sa/3.0,I Will Be Here,4313207,cCVtKyJ55A4
Q3553518,Yuri da Cunha,person,1970,Angola,Q1597549,,,,,De Alma na Paixão,3247313151,soSfXmqnAgA
Q355915,Jimmy Martin,person,1949,United States,Q213714|Q7832321,,,,,Run Pete Run,2081696977,LK7dUNSyLt0
Q356151,Julius Fucik,person,1905,Cisleithania,Q211025,Julius Fučík (1872–1916).jpg,Unknown author,Public domain,,,,
Q3561554,Vivian Girls,group,2007,United States,Q2545135,The Vivian Girls at the Ruby Lounge.jpg,Phil King,CC BY 2.0,https://creativecommons.org/licenses/by/2.0,Something To Do,1982234127,
Q356187,Brad Mehldau,person,1993,United States,Q5928480,Brad Mehldau.jpg,Björn Milcke,Public domain,,,,
Q356487,Tim McGraw,person,1990,United States,Q65937954,Tim McGraw October 24 2015.jpg,Steve Kwak,CC BY 2.0,https://creativecommons.org/licenses/by/2.0,Humble And Kind,1140854232,awzNHuGqoMc
Q3565258,Waking the Cadaver,group,2006,United States,Q6130346,,,,,Chased Through the Woods by a Rapist,143933030,bJCz4sQYSRI
Q356598,Elmore James,person,1951,United States,Q640097,,,,,Dust My Broom,63731570,aKo80b-QfK0
Q3569409,Winterkälte,group,,Germany,Q1913888,,,,,Stop Ecocide,3141840621,a3vABN8kjeg
Q356953,Antonio de Cabezahueca,person,1510,Spain,Q632964,,,,,,,
Q357014,Angelo Badalamenti,person,1971,United States,Q31837446,Angelo Badalamenti (yearbook).jpg,Lafayette High School,Public domain,,Heartbreaking,387598631,pwaq75coy1Y
Q357036,Karel Vacek,person,1902,Czechoslovakia,Q127270988,Busta Karla Vacka od sochaře Bedřicha Kloužka II..jpg,Hana Kubíková,CC BY-SA 4.0,https://creativecommons.org/licenses/by-sa/4.0,,,
Q3571048,Xscape,group,1990,United States,Q2256407,,,,,Just Kickin' It,15176288,w_BTEFAVwjU
Q357340,Bon Iver,group,2006,United States,Q1317816,Bon Iver.jpg,"aon from Washington, DC",CC BY 2.0,https://creativecommons.org/licenses/by/2.0,"Hey, Ma",711556082,HDAKS18Gv1U
Q357418,Massive Attack,group,1988,United Kingdom,Q205560,Massive Attack composite.jpg,"Photo by Festival Eurockéennes/Rod le Hiboo, artwork by Jezhotwells",CC BY-SA 3.0,https://creativecommons.org/licenses/by-sa/3.0,Angel,3129746,hbe3CQamF8k
Q3574246,Yannis Spanos,person,1960,Greece,Q3559240,Yannis Spanos Syra 2017.jpg,Bernard Delmas,CC BY-SA 4.0,https://creativecommons.org/licenses/by-sa/4.0,,,
Q357476,Blaze Bayley,person,1984,United Kingdom,Q928825|Q97277483|Q116875230,Blaze Bayley.jpg,Dario De Marco,Public domain,,Born As A Stranger,64874483,pnKLY3OTtPw
Q357515,Michael W. Smith,person,1983,United States,Q1339121|Q1379958,Michael W. Smith by Gage Skidmore.jpg,Gage Skidmore,CC BY-SA 3.0,https://creativecommons.org/licenses/by-sa/3.0,Awesome God,15099136,sEZDuMGp3WY
Q357645,Frank Ocean,person,2005,United States,Q7118426,Frank Ocean 2022 Blonded.jpg,Andras Ladocsi,CC BY-SA 4.0,https://creativecommons.org/licenses/by-sa/4.0,Nights,717273922,r4l9bFqgMaQ
Q3577322,É o Tchan!,group,1992,Brazil,Q25448883,É o Tchan 2011 (edit).jpg,Tatiana Azeviche,CC BY-SA 2.0,https://creativecommons.org/licenses/by-sa/2.0,Na Boquinha Da Garrafa (Ao Vivo),1516413102,vo1oHGUNfyU
Q357786,Divine,person,1966,United States,Q606393,Pink Flamingos - Divine.jpg,New Line Cinema,Public domain,,Ale Ale,3553667621,hT1wIo7Aj0o
Q358350,Big Joe Turner,person,1920,United States,Q1684520|Q45981|Q1515757,Big Joe Turner Rock and Roll Revue Apollo Theater 1955.jpg,Director: Joseph Kohn Producer: Ben Frye Production Company: Studio Films,Public domain,,,,
Q358538,T-Bone Walker,person,1928,United States,Q1271752|Q640097|Q98528142,T-Bone Walker 1972.jpg,Heinrich Klaffs,CC BY-SA 2.0,https://creativecommons.org/licenses/by-sa/2.0,How Long Blues,671840,Kt_9zjt56GE
Q358619,Cow Cow Davenport,person,1894,United States,Q212952,Charles Edward Davenport (1894–1955).png,Unknown author,Public domain,,,,
Q3588776,Émile Vacher,person,1883,France,Q7770873,,,,,,,
Q359303,Tech N9ne,person,1991,United States,Q3791697,Tech N9ne Interview 2025.png,BOSS TALK 101,CC BY 3.0,https://creativecommons.org/licenses/by/3.0,Face Off,1499176472,E9T78bT26sk
Q359474,Necro,person,1991,United States,Q1139136,Necro.JPG,The original uploader was Thetruth777 at English Wikipedia.,Public domain,,Robbery '95,7614677,oMHfbJg72N4
Q3595116,Begum Akhtar,person,1929,Dominion of India,Q69596|Q281111,Stamp of India - 1994 - Colnect 163834 - Begum Akhtar - Commemoration Wihdrawn.jpeg,Post of India,GODL-India,https://data.gov.in/sites/default/files/Gazette_Notification_OGDL.pdf,,,
Q3595120,Siddheshwari Devi,person,1908,Dominion of India,Q69596,,,,,,,
Q3595122,Baba Sehgal,person,1990,India,Q3535998,Baba Sehgal shoots for his album 'Mumbai City' 03.jpg,Bollywood Hungama,CC BY 3.0,https://creativecommons.org/licenses/by/3.0,Singaro Singa,2896901461,sPBRqDPPtr4
Q3595190,Ghulam Ali,person,1960,Dominion of India,Q281111,Gulam ali copy.jpg,"Kannan Shanmugam, Shanmugam studio, Kollam",CC BY-SA 3.0,https://creativecommons.org/licenses/by-sa/3.0,Chupke Chupke Raat Din,451416862,MWjaK_nW72E
Q3595213,Lucky Ali,person,1962,India,Q3535998,LuckyAli.jpg,Bollywood Hungama,CC BY 3.0,https://creativecommons.org/licenses/by/3.0,Aahista Aahista,1198283312,-m9IGI5EgyM
Q360377,DJ Sammy,person,1984,Spain,Q890887,,,,,Heaven,88911095,ZwY4YPxTufs
Q360591,Darude,group,1997,Finland,Q890887,Darude photo in 2015.jpg,Vass Lauricella,Public domain,,Sandstorm,11390027,y6120QOlsfU
Q3608376,Tycho,person,2002,United States,Q251192,Tycho 2012.jpg,Saul Torres,CC BY-SA 2.0,https://creativecommons.org/licenses/by-sa/2.0,,,
Q3608937,A. Rafiq,person,1960,Indonesia,Q1159539,A. Rafiq.jpg,Arsip Film Nasional,CC0,http://creativecommons.org/publicdomain/zero/1.0/deed.en,,,
Q3609204,Anselmo Ralph,person,2005,Angola,Q1597549,Anselmo Ralph - tour brasileira - entrevista ao Assim é Portugal.png,Assim Portugal,CC BY 3.0,https://creativecommons.org/licenses/by/3.0,Não Me Toca,2335768215,whH2oDg28-k
Q361329,Gazebo,person,1982,Italy,Q744417,Paul Mazzolini Gazebo.jpg,Ja Fryta from Strzegom,CC BY-SA 2.0,https://creativecommons.org/licenses/by-sa/2.0,I Like Chopin (Classic),1709394,Dtrgwqei7ww
Q36153,Beyoncé,person,1990,United States,Q37073|Q850412,Beyoncé - Tottenham Hotspur Stadium - 1st June 2023 (10 of 118) (52946364598) (best crop).jpg,Raph_PH,CC BY 2.0,https://creativecommons.org/licenses/by/2.0,Crazy In Love,609244,ViwtNLUqkMY
Q361555,Gilberto Santa Rosa,person,1976,Dominican Republic,Q7405765,Concierto de Gilberto Santa Rosa en Piñas.jpg,Gobierno Municipal de Piñas,CC BY-SA 2.0,https://creativecommons.org/licenses/by-sa/2.0,Conteo Regresivo,13204945,Zc13NAc7dvM
Q361646,Burning Spear,person,1969,Jamaica,Q9794|Q1299260,"Burning Spear, live at Reggae Geel, Belgium, 2023.jpg",Peter Verwimp,CC0,http://creativecommons.org/publicdomain/zero/1.0/deed.en,Hail H.I.M,3406249,2m76FRV92Rg
Q3616567,Andy Statman,person,1950,United States,Q212944,Andy Statman photo.jpg,ataelw,CC BY 2.0,https://creativecommons.org/licenses/by/2.0,21st Century Chicken Shack Back Blues,65502668,kBbJclTJJI0
Q3618794,Antisect,group,1982,United Kingdom,Q825769,Antisect 2011.jpg,Therockexecutioner,CC BY-SA 3.0,https://creativecommons.org/licenses/by-sa/3.0,Tortured And Abused,2780622851,k-TzF-VMBlY
Q361881,Iron & Wine,person,2002,United States,Q1317816,Sam Beam - Iron and Wine (52413563571) (cropped2).jpg,Andy Witchger,CC BY 2.0,https://creativecommons.org/licenses/by/2.0,"Flightless Bird, American Mouth",1137194402,RGVmhrfQqzg
Q361927,Joshua Redman,person,1991,United States,Q14546558|Q5928480,Joshua Redman Kongsberg Jazzfestival 2017 (234336).jpg,Tore Sætre,CC BY-SA 4.0,https://creativecommons.org/licenses/by-sa/4.0,Undertow,1014317722,GroSSno0aIs
Q3619860,Antonio María Romeu,person,1876,Cuba,Q1165358,Romeu Orq.jpg,Unknown author,Public domain,,El Cadete Constitucional,66879273,
Q362435,Jim Reeves,person,1948,United States,Q106561868|Q1751782,Jim Reeves 1963.JPG,RCA Records,Public domain,,Welcome to My World,2552851,CZQO7bBfmgs
Q362564,Lee Morgan,person,1956,United States,Q181010,Lee Morgan (1959).jpg,Herbert Behrens / Anefo,CC BY-SA 3.0 nl,https://creativecommons.org/licenses/by-sa/3.0/nl/deed.en,The Sidewinder,3105342,qJi03NqXfk8
Q362764,Donald Byrd,person,1932,United States,Q38656,Donald Byrd (Donaldson Toussaint L'Ouverture Byrd II).jpg,Mallory1180,CC BY-SA 4.0,https://creativecommons.org/licenses/by-sa/4.0,,,
Q3629037,Atrium Carceri,group,,Sweden,Q756956,,,,,Revelation from the Book of the Flesh,2328187625,
Q3629911,Bal Gandharva,person,1905,Dominion of India,Q6981036,Bal Gandharva.jpg,Unknown author,Public domain,,Ajuni Khula Ha,3103992321,yCgLMy-eeSs
Q3631117,Aviões do Forró,group,2002,Brazil,Q10283582,Xand e Solange (Aviões do Forró).jpg,"Aviões do Forró from Salvador, Brasil",CC BY 2.0,https://creativecommons.org/licenses/by/2.0,Mulher Doideira,80304930,Mx3a4yskae8
Q363265,Lucho Bermúdez,person,1912,Colombia,Q3069904|Q115625176,,,,,Colombia Tierra Querida,470412952,5ep8WshB7eA
Q363908,Cecil Taylor,person,1956,United States,Q790188|Q211781,Cecil taylor E5122329-2.jpg,nomo/michael hoefner http://www.zwo5.de,CC BY 3.0,https://creativecommons.org/licenses/by/3.0,Bemsha Swing,3411359,
Q364131,Bob Seger,person,1961,United States,Q747717,Bob Seger 2013 (cropped).jpg,"Adam Freese - Mitchell, SD",CC BY 2.0,https://creativecommons.org/licenses/by/2.0,The Answer's In The Question,4220682952,Q6zeec9SSxU
Q3644372,Mandoza,person,2016,South Africa,Q956717,,,,,Nkalakatha,15661733,b28vJvntyUM
Q3644642,Florida Georgia Line,group,2010,United States,Q16954055,Flagaline.jpg,Lunchbox LP,CC BY 2.0,https://creativecommons.org/licenses/by/2.0,Simple,630830122,TuTDc9d_9yI
Q3647810,Buzzoven,group,1989,United States,Q720959,,,,,,,
Q364875,Todd Rundgren,person,1966,United States,Q3397882,ToddRundgren.png,No machine-readable author provided. CommonsHelper2 Bot assumed (based on copyright claims).,Public domain,,Hello It's Me,672394,lLeCB7Kn-VE
Q364983,Henri Duparc,person,1848,France,Q2737175,,,,,,,
Q365243,Terry Riley,person,1960,United States,Q3512282|Q572901,"Terry Riley, Tokyo 8 Nov 2017 (cropped).jpg","Takahiro Kyono from Tokyo, Japan",CC BY 2.0,https://creativecommons.org/licenses/by/2.0,Francesco en Paraiso,63803989,-gLis17y9QA
Q365560,Horace Silver,person,1928,United States,Q181010|Q1615483,Horace Silver by Dmitri Savitski 1989.jpg,"Dimitri Savitski, SAVITSKI",CC BY-SA 3.0,http://creativecommons.org/licenses/by-sa/3.0/,,,
Q3656583,Canzoniere Grecanico Salentino,group,1975,Italy,Q2036172,Canzoniere Grecanico Salentino Horizonte 2015 1680.jpg,Rs-foto,CC BY-SA 3.0,https://creativecommons.org/licenses/by-sa/3.0,Bella ci dormi,71116565,jM2pYJfbWCE
Q365670,Roy Harper,person,1964,United Kingdom,Q649634,Roy Harper.jpg,Man Alive!,CC BY 2.0,https://creativecommons.org/licenses/by/2.0,How Does It Feel,461697082,2arCRtfReIo
Q365985,Claude François,person,1962,France,Q1636684,Claude Francois 1965-4.jpg,Joost Evers for Anefo,CC0,http://creativecommons.org/publicdomain/zero/1.0/deed.en,Alexandrie Alexandra,793796,kt3r3KdGQ90
Q366358,Jimmie Rodgers,person,1927,United States,Q60030725|Q65943778|Q3696098,Jimmie Rodgers in 1931.jpg,"Victor Talking Machine Company (taken by Moss Photo, NYC)",Public domain,,Frankie and Johnny,72434488,kNq532Cyhu0
Q366469,Spade Cooley,person,1910,United States,Q1730388,Spade Cooley Billboard alt.jpg,Unknown author,Public domain,,Oklahoma Stomp,3874709861,D14M9uW5sF0
Q366506,Dizzee Rascal,person,2000,United Kingdom,Q1166726,13-06-09 RaR Dizzee Rascal 10 (cropped).jpg,Achim Raschka (talk),CC BY-SA 4.0,https://creativecommons.org/licenses/by-sa/4.0,Bonkers,15640851,Ci40ae8BlcE
Q366584,George Strait,person,1974,United States,Q14493900|Q458480,George Strait on stage.jpg,Craig ONeal,CC BY-SA 2.0,https://creativecommons.org/licenses/by-sa/2.0,Amarillo By Morning,7379463,wtVeDaZxAXo
Q366711,Alois Hába,person,1893,Czechoslovakia,Q109678435,Hába.JPG,n/a ?,Public domain,,,,
Q366714,Juan Atkins,person,1980,United States,Q170611|Q526463,Model500 3.jpg,"Angie Schwendemann from Detroit, USA",CC BY-SA 2.0,https://creativecommons.org/licenses/by-sa/2.0,Lightyears,1736358087,65jZ9f7nrIQ
Q367129,Roy Rogers,person,1934,United States,Q1425111,"Roy Rogers, NPG 2000 21 (cropped).jpg",Harry Warnecke / Robert F. Cranston,CC0,http://creativecommons.org/publicdomain/zero/1.0/deed.en,Tumbling Tumbleweeds,14845220,JQc5gDXQGIs
Q3672076,Alesana,group,2004,United States,Q131481683,Shawnmilke.jpg,Shandi-lee,CC BY 2.0,https://creativecommons.org/licenses/by/2.0,Apology,2477936,gTxmCv4vH3M
Q367508,Eric Dolphy,person,1949,United States,Q790188,Eric Dolphy - Dorsey - 1947.jpg,None listed,Public domain,,Left Alone,1137324,S1JIcn5W_9o
Q3676067,Coalesce,group,1994,United States,Q616679,,,,,Measured In Gray,2536339871,mScfJ6_5X8E
Q36844,Rihanna,person,2003,Barbados,Q211756,Rihanna visits U.S. Embassy in Barbados 2024 (cropped).jpg,U.S. Embassy Bridgetown,Public domain,,Don't Stop The Music,925108,yd8jh9QYfEs
Q368449,Peteris Vasks,person,1946,Soviet Union,Q2164565,Vasks11.jpg,Hokit,CC BY-SA 3.0,http://creativecommons.org/licenses/by-sa/3.0/,,,
Q368961,Dead or Alive,group,1980,United Kingdom,Q606393,Nightmares In wax 1980.jpg,Mathew Street,CC BY-SA 4.0,https://creativecommons.org/licenses/by-sa/4.0,You Spin Me Round (Like a Record),1248696682,PGNiXGX2nLU
Q369382,Billy Mayerl,person,1902,United Kingdom of Great Britain and Ireland,Q2909943,,,,,Ev'ry Hour Of The Day,11068412,
Q3694816,Pathanay Khan,person,1926,British Raj,Q6346110,Pathanay khan.jpg,Javaidiqbalraza,CC BY-SA 4.0,https://creativecommons.org/licenses/by-sa/4.0,,,
Q3694931,Gurdas Maan,person,1980,India,Q854844,Gurdas Maan1.jpg,Bollywood Hungama,CC BY 3.0,https://creativecommons.org/licenses/by/3.0,Challa,2372884825,b_soLl__eHI
Q3695398,Malkit Singh,person,1986,India,Q854844,Andrew Scheer celebrated Indian Independence Day (44177059821) (cropped).jpg,Andrew Scheer,CC0,http://creativecommons.org/publicdomain/zero/1.0/deed.en,Kali Ainak,1728271667,DHMZ-8sjdSM
Q369724,Tom Lehrer,person,1945,United States,Q5151495,Portrait of Tom Lehrer in c. 1957.jpg,Paul Winik of Boston,Public domain,,Who's Next?,2926497931,oRLON3ddZIw
Q369822,Moodymann,person,1992,United States,Q874038,Sonar 2010 - Moodymann.jpg,acidpolly,CC BY-SA 2.0,https://creativecommons.org/licenses/by-sa/2.0,Lyk U Use 2,75411198,iX8X9RIO_cI
Q369916,Charlemagne Palestine,person,1947,United States,Q650316,Charlemagne Palestine at De Appel 1 feb 2014.JPG,Sandra Fauconnier,CC BY-SA 3.0,https://creativecommons.org/licenses/by-sa/3.0,,,
Q370400,Los Lobos,group,1973,United States,Q185162|Q1929352,LosLobos.jpg,Lee Paxton,CC BY-SA 4.0,https://creativecommons.org/licenses/by-sa/4.0,La Bamba,4736112,YicJPLT1dWU
Q370835,Cynic,group,1987,United States,Q1076092,Cynic live 2009-2.jpg,Shadowgate,CC BY 2.0,https://creativecommons.org/licenses/by/2.0,Veil of Maya,3876869,hyvAhfwKHxw
Q3709624,Webert Sicot,person,1930,Haiti,Q3191747|Q2726026,,,,,"Sur Ton Visage, Une Large",8252373,xoIpQFN3z8s
Q3709714,Nemours Jean Baptiste,person,1918,Haiti,Q2726026,,,,,,,
Q371,!!!,group,1996,United States,Q1643549|Q133501932,Chk Chk Chk - Heaven 14th October 2022 (1).jpg,Paul Carless,CC BY 2.0,https://creativecommons.org/licenses/by/2.0,,,
Q37150,Lana Del Rey,person,2005,United States,Q95469495,Lana Del Rey Seattle.jpg,"Mike Monaghan from Seattle, United States",CC BY 2.0,https://creativecommons.org/licenses/by/2.0,Cinnamon Girl,739421502,UMMZWMbdv2w
Q371508,Sippie Wallace,person,1898,United States,Q1309336,Blues is a woman Reitz (cropped-Sippie Wallace).jpg,Barbara Weinberg Barefield,CC BY-SA 3.0,https://creativecommons.org/licenses/by-sa/3.0,Devil Dance Blues,2079770,wRASFx-klto
Q371535,Skinny Puppy,group,1982,Canada,Q372103|Q936942|Q1403744,"Skinny Puppy @ The Vic, Chicago 2-21-2014.jpg",swimfinfan from Chicago,CC BY-SA 2.0,https://creativecommons.org/licenses/by-sa/2.0,Assimilate,1725209217,GTtzB17SKwQ
Q371782,Alison Krauss,person,1984,United States,Q213714,Alison Krauss Crop.png,"Original photo by Forrest L. Smith, III. Cropped by Sven Manguard at en.wikipedia",Public domain,,When You Say Nothing At All,93182978,1SCOimBo5tg
Q371938,Chicago,group,1967,United States,Q944465,Chicago band 1973.jpg,Columbia Records,Public domain,,If You Leave Me Now,3616306,-9_d-sFhmRM
Q371997,Barenaked Ladies,group,1988,Canada,Q2324411,Barenaked Ladies miming golf.jpg,en:User:TheHYPO,CC BY-SA 3.0,http://creativecommons.org/licenses/by-sa/3.0/,One Week,13805977,fC_q9KPczAg
Q372820,Jerry Butler,person,1958,United States,Q1269729,Jerry Butler (1970).png,Mercury Records,Public domain,,,,
Q373057,Simon Posford,person,1993,United Kingdom,Q622871|Q835131,Simon Posford at Soulclipse.jpg,Digitalex,Public domain,,The New Normal,994443832,
Q3738658,Fall of Efrafa,group,2005,United Kingdom,Q112628069,,,,,Pity the Weak,667980162,AAkXdTs0thk
Q3743009,Ferrante & Teicher,group,1947,United States,Q1779294,Ferrante & Teicher 1969.JPG,"William Morris Agency (management)/photographer-Maurice Seymour, New York",Public domain,,,,
Q374747,Skillet,group,1996,United States,Q753520,SkilletRTR.png,ThePanhead,CC BY-SA 3.0,https://creativecommons.org/licenses/by-sa/3.0,Monster,4116951,1mjlM_RnsVE
Q3750957,Blas de Laserna,person,1751,Spain,Q3622181,,,,,,,
Q3751549,Franco Ricciardi,person,1966,Italy,Q6993291,Franco Ricciardi 2014.jpg,Gennaro De Martino,CC BY-SA 4.0,https://creativecommons.org/licenses/by-sa/4.0,Primmavera,353134541,CXkcUB9Mr_s
Q3751827,Aventuras de Kirlian,group,1986,Spain,Q8770312,,,,,,,
Q3752508,Benito Lertxundi,person,1967,Spain,Q12257561,Benito Lertxundi 1971.jpg,Javier Garayalde,CC BY-SA 3.0,https://creativecommons.org/licenses/by-sa/3.0,Loretxoa,1352094,rOPnirl1Lrk
Q3753186,Gato Pérez,person,1951,Spain,Q2707994,,,,,Rumba De Barcelona,3624365,b0jenna0FEc
Q375364,No Use for a Name,group,1987,United States,Q828305,No Use for a Name 2012-01-09 01.jpg,IllaZilla,CC BY-SA 3.0,https://creativecommons.org/licenses/by-sa/3.0,Dumb Reminders,3471540811,9ID5iwSQ4wU
Q375610,Adriano Correia de Oliveira,person,1942,Portugal,Q5141514|Q109350090,,,,,,,
Q3756611,Le Mans,group,1993,Spain,Q8770312,"Le Mans, spanish band.jpg",Facundil,CC BY-SA 3.0,https://creativecommons.org/licenses/by-sa/3.0,Un Rayo De Sol,3239819771,5law__AoEOw
Q3756625,La Buena Vida,group,1988,Spain,Q8770312,,,,,Un actor mejicano,2941253171,gysfMbTD6Ok
Q375888,Lord Invader,person,1914,British Empire,Q752785,"(Portrait of Calypso, between 1938 and 1948) (LOC) (5189345267).jpg",The Library of Congress,No restrictions,https://www.flickr.com/commons/usage/,,,
Q375950,Velvet Acid Christ,group,1990,United States,Q1403744,Infest 2016 Bands 27-Aug 2016 Velvet Acid Christ (29246330461).jpg,"adam w from London, UK",CC BY 2.0,https://creativecommons.org/licenses/by/2.0,Caustic Disco,34998691,bkIuZ51hGMU
Q376651,Mortiis,person,1993,Norway,Q48971892|Q3008122,Mortiis2.jpg,Edwin Ridderhof,CC BY 2.0,https://creativecommons.org/licenses/by/2.0,The Faith That Fades Away,3891986601,
Q377387,Gravediggaz,group,1993,United States,Q1139136,Gravediggaz-02-mika.jpg,Mika-photography,CC BY-SA 3.0,https://creativecommons.org/licenses/by-sa/3.0,Diary of a Madman,74461013,8SdiF7aNHOA
Q377956,Silvio Rodríguez,person,1967,Cuba,Q1151259|Q497957,Silvio Rodríguez - Plaza de Mayo - Festival Todos Somos Argentinos-25-may-04-presidencia-govar.jpg,no mention,CC BY 2.0,https://creativecommons.org/licenses/by/2.0,Ojalá,3282079551,A35fVmGaf4g
Q3780177,Nicomedes Santa Cruz,person,1925,Peru,Q5445668|Q3217069,Nicomedes Santa Cruz.jpg,No informado,Public domain,,Manuel Antonio,3245715851,KRHKMv4AWmE
Q378858,Gil Scott-Heron,person,1969,United States,Q6168405,"Gil Scott-Heron - 10-03-2009 San Francisco, California.jpg",Adam Turner,CC BY-SA 3.0,https://creativecommons.org/licenses/by-sa/3.0,Me and the Devil,5107442,OET8SVAGELA
Q378876,Richie Hawtin,person,1987,Canada,Q170611|Q341395|Q1430587,Richie Hawtin-SMS-2018-4.jpg,Sven Volkens,CC BY-SA 4.0,https://creativecommons.org/licenses/by-sa/4.0,,,
Q378948,Fields of the Nephilim,group,1984,United Kingdom,Q485395,FOTNephilim.jpg,Wilson Bilkovich,CC BY-SA 2.0,https://creativecommons.org/licenses/by-sa/2.0,Moonchild,105291638,rJWsDpA909c
Q378958,The Black Crowes,group,1989,United States,Q1929352|Q852767,The Black Crowes Live at the Hammerstein Ballroom.jpg,Claude-Étienne Armingaud - Claudé,CC BY 2.5,https://creativecommons.org/licenses/by/2.5,She Talks To Angels,65707240,H58gMiQQRm0
Q379548,Peabo Bryson,person,1965,United States,Q2746831|Q3963051,Peabo Bryson.jpg,"Kingkongphoto &amp; www.celebrity-photos.com from Laurel Maryland, USA",CC BY-SA 2.0,https://creativecommons.org/licenses/by-sa/2.0,Tonight I Celebrate My Love,3310548,4t0Xo3-Ga_4
Q379684,Nils-Aslak Valkeapää,person,1943,Finland,Q744327,Nils-Aslak-Valkeapaa.jpg,AnonymousUnknown author,Public domain,,,,
Q379707,Bismillah Khan,person,1916,Dominion of India,Q1323698|Q1770695,Bismillah at Concert1 (edited).jpg,Robert Garfias,CC BY-SA 3.0,http://creativecommons.org/licenses/by-sa/3.0/,,,
Q379802,Phil Ochs,person,1962,United States,Q106298881,20111015 174748 phil-ochs.jpg,Chip.berlet,CC BY-SA 3.0,https://creativecommons.org/licenses/by-sa/3.0,When I'm Gone,2627633,yB-BBVQLnxI
Q379852,Dir En Grey,group,1997,Japan,Q131425,DEG Zenith.jpg,Original uploader was Gorkab Nitrix at fr.wikipedia,CC BY-SA 2.5,https://creativecommons.org/licenses/by-sa/2.5,,,
Q379992,Mikel Laboa,person,1958,Spain,Q12257561,Mikel Laboa abeslaria.jpg,Gotzon Egia,CC BY-SA 3.0,https://creativecommons.org/licenses/by-sa/3.0,Martxa Baten Lehen Notak,1355318,Q63nxh1aVZ4
Q38002101,Lil Pump,person,2015,United States,Q65089257,Lil Pump Fillmore Auditorium (cropped).jpg,"Julio Enriquez from Denver,CO, USA",CC BY 2.0,https://creativecommons.org/licenses/by/2.0,Gucci Gang,399023232,4LfJnj66HVQ
Q380126,Hijokaidan,group,1979,Japan,Q726239|Q16562829,Hijokaidan-2.jpg,ultrafuckers,CC BY-SA 2.0,https://creativecommons.org/licenses/by-sa/2.0,Noise Jazz,3745358902,
Q380261,Little Walter,person,1945,United States,Q1071873,Little Walter.JPG,Miriam Guterland,CC BY 3.0,https://creativecommons.org/licenses/by/3.0,,,
Q380289,Skip James,person,1931,United States,Q649823|Q1127539,,,,,,,
Q380517,Claudio Merulo,person,1568,Republic of Venice,Q140544,Claudius Merulus.jpg,Unknown author,Public domain,,,,
Q3805230,JFA,group,,United States,Q828305,,,,,,,
Q380673,Osvaldo Pugliese,person,1905,Argentina,Q14390274,Osvaldo pugliese de gala.jpg,Unknown,Public domain,,Don Agustín Bardi,71474468,r8Em-uahrtg
Q380711,Toumani Diabaté,person,1987,Mali,Q107123896,Toumani Diabaté.jpg,jbach,CC BY-SA 2.0,https://creativecommons.org/licenses/by-sa/2.0,Salaman,1787739397,LKifX2qwRCY
Q380821,Gusttavo Lima,person,1999,Brazil,Q10370558,Gustavo Lima 2021.jpg,Record TV Goiás,CC BY 3.0,https://creativecommons.org/licenses/by/3.0,Bala Alojada,4094705011,l_R3_BwCvqM
Q380927,Alan Jackson,person,1983,United States,Q458480,Alan Jackson 1.jpg,"John Mathew Smith &amp; www.celebrity-photos.com from Laurel Maryland, USA",CC BY-SA 2.0,https://creativecommons.org/licenses/by-sa/2.0,Little Bitty,534011,Eo2OIUpWznY
Q3809570,John Reuben,person,1994,United States,Q2238236,JohnReubencropped.jpg,Jonathan Powell,CC BY 2.0,https://creativecommons.org/licenses/by/2.0,Do Not,1089695912,QfM8jI-6Hck
Q3816143,Rune RK,person,1995,Kingdom of Denmark,Q110185782,2015-07-19 6748 Kölsch (Sea You).jpg,Robin Krahl,CC BY-SA 4.0,https://creativecommons.org/licenses/by-sa/4.0,Grey,132972756,
Q3816355,Kongar-ol Ondar,person,1980,Russia,Q110606359,Kongar-ol Ondar.jpg,Bill Loewy,CC BY-SA 3.0,http://creativecommons.org/licenses/by-sa/3.0/,,,
Q3817217,Roscoe Holcomb,person,1958,United States,Q108616106,Roscoe Holcomb 1960s LOC.jpg,"American Folklife Center, Library of Congress",Public domain,,Motherless Children,4408783,
Q381843,Aníbal Troilo,person,1926,Argentina,Q14390274,Anibal Troilo 1971.png,Alicia D'Amico,Public domain,,Una Carta,69552698,OLWYodvBWO4
Q381883,Aesop Rock,person,1996,United States,Q98528482|Q965635,Aesop Rock Capitol Hill 2007 DSC 0202.jpg,"Alex Blackstock from San Francisco, CA, USA",CC BY 2.0,https://creativecommons.org/licenses/by/2.0,Trouble Trouble,4152047612,wFtK8qsGRaA
Q38257,Enya,person,1980,Ireland,Q213121|Q98528207|Q33160145,Enya - The Orlando Sentinel (1989) (cropped).jpg,Orlando Sentinel/ Associated Press,Public domain,,Caribbean Blue,4114329,Jl8iYAo90pE
Q382570,Jaime Roos,person,1977,Uruguay,Q1033073,Jaime Roos.jpg,Zeroth,Public domain,,Amándote,530990851,T3tv0uqRHvQ
Q3826503,Jesús Vásquez,person,1939,Peru,Q2509521,Jesus Vasquez 1994.jpg,This image was scanned by Miguel Alan Córdova Silva (user MiguelAlanCS). Other scanned image see here,CC BY-SA 4.0,https://creativecommons.org/licenses/by-sa/4.0,Todos Vuelven,107295440,eZ1YpsMc2O4
Q382748,Howard Hanson,person,1916,United States,Q105697818,Howard Hanson (1959 still).jpg,Unknown author,Public domain,,,,
Q3827948,Laurie Berkner,person,1997,United States,Q2389651,Laurie Berkner (29326823611).jpg,PoolSafely,CC BY 2.0,https://creativecommons.org/licenses/by/2.0,,,
Q382890,Oasis,group,1991,United Kingdom,Q189045,Oasis - Wembley Stadium - Saturday 27th September 2025.jpg,Raph_PH,CC BY 4.0,https://creativecommons.org/licenses/by/4.0,Wonderwall,985745702,6hzrDeceEKc
Q382901,Mulatu Astatke,person,1963,Ethiopia,Q3591962,Mulatu Astatke Cosmopolite 2017 (221840).jpg,Tore Sætre,CC BY-SA 4.0,https://creativecommons.org/licenses/by-sa/4.0,Tezeta (Nostalgia),224805,Wy-v-FgiUD8
Q382962,Mississippi John Hurt,person,1928,United States,Q649823|Q65936357,M John Hurt.jpg,Library of Congress photo,Public domain,,"Boys, You're Welcome",10113183,ll8NIjLCggk
Q383197,Jintara Poonlarp,person,1987,Thailand,Q1753803,Jintara Poonlarb Kaapelitehdas Helsinki Finland 26 05 2007.jpg,Mika Toropainen,CC BY-SA 3.0,http://creativecommons.org/licenses/by-sa/3.0/,,,
Q3832108,Liege Lord,group,1982,United States,Q108665742,,,,,Master Control,70878194,hGPfiQeSnik
Q384023,Cinderella,group,1983,United States,Q188539,Cinderella3.JPG,Osvaldo Loiacono,CC BY-SA 3.0,http://creativecommons.org/licenses/by-sa/3.0/,Don't Know What You Got (Till It's Gone),548729192,i28UEoLXVFQ
Q3841925,Mac Mall,person,1992,United States,Q17995961,,,,,My Opinion,11159911,g8Bfxiq5Cos
Q3843061,Mafikizolo,group,1997,South Africa,Q956717,Mafikizolo Performing at MTV Africa Music Awards 2014.JPG,Akidjoh,CC BY-SA 3.0,https://creativecommons.org/licenses/by-sa/3.0,Ngeke Balunge,780611472,3JZCFXZSitQ
Q3844211,Man Is the Bastard,group,1990,United States,Q1784106,,,,,Starvation Cage,72123454,
Q3846033,Atrax Morgue,person,1993,Italy,Q3487358,MarcoCorbelli2.jpg,Denny Lugli,Public domain,,,,
Q385498,Martinho da Vila,person,1967,Brazil,Q11403,Paris - Salon du livre 2012 - Martinho Da Vila - 002.jpg,Thesupermat,CC BY-SA 3.0,https://creativecommons.org/licenses/by-sa/3.0,Mulheres,15378500,2WoLyh_Q1Xk
Q385618,Melvins,group,1983,United States,Q720959,"Melvins live in Knoxville, Tennessee, June 2022.jpg",AppalachianCentrist,CC BY-SA 4.0,https://creativecommons.org/licenses/by-sa/4.0,A History of Bad Men,3947564591,ank_2cZvdYU
Q385650,Super Cat,person,1981,Jamaica,Q474027|Q740911,Super Cat Oct 2021 (cropped).png,Argles Barkley,CC BY-SA 4.0,https://creativecommons.org/licenses/by-sa/4.0,Ghetto Red Hot,1054856,KS6bVTYRh-w
Q385841,The McCoys,group,1962,United States,Q3752342,The McCoys 1966 with Rick Derringer.jpg,"Hit Parader magazine This is a retouched picture, which means that it has been digitally altered from its original versi",Public domain,,Hang On Sloopy,1027618,iBxtqo05ovI
Q385861,Proyecto Uno,group,1989,United States,Q3855113,Proyecto Uno con su fundador Nelson Zapata con Kid G y Paolo.jpg,NELSON ZAPATA,CC BY-SA 4.0,https://creativecommons.org/licenses/by-sa/4.0,Tiburon,11126567,BqO9a_tPzUI
Q386747,Vicious Rumors,group,1979,United States,Q108665742,ALIM0963.JPG,Lewismaster,CC BY-SA 3.0,https://creativecommons.org/licenses/by-sa/3.0,Don't Wait for Me,3663794,dK20cINf7Z4
Q387288,Andy C,person,1989,United Kingdom,Q188994,Andy C.jpg,en:User:Alkivar,Public domain,,Heartbeat Loud,87172675,CizqApSwfjQ
Q387710,José Mari Chan,person,1966,Philippines,Q107565104,Jose Mari Chan.jpg,Presidential Communications Office,Public domain,,Christmas in Our Hearts,2064326267,oVVdNWX_5Go
Q3879772,Nuova Compagnia di Canto Popolare,group,1967,Italy,Q3980643,Nuova Compagnia di Canto Popolare.JPG,Unknown author,Public domain,,Tammurriata Nera,2298718095,_mHLGb4jOXo
Q3879978,Nylon Moon,group,1996,Italy,Q1339027,,,,,Sky Plus,1618094022,yNGOMU-K1Eo
Q3881496,Old 97's,group,1993,United States,Q438476,Old 97's at The Crocodile.jpg,David Lee,CC BY 4.0,https://creativecommons.org/licenses/by/4.0,Dance With Me,561664112,DDDyD0Hj5n0
Q3882507,One Last Wish,group,1986,United States,Q3724778,,,,,My Better Half,1717822457,yji00e9ZqBg
Q388861,Moss Icon,group,1986,United States,Q3724778,,,,,I'm Back Sleeping Or Fucking Or Something,2028337277,MPeP09FV3tk
Q389008,After Forever,group,1995,Netherlands,Q486415,After Forever Circo Voador.jpg,"Allert Aalders from Utrecht, Netherlands",CC BY-SA 2.0,https://creativecommons.org/licenses/by-sa/2.0,Leaden Legacy,2064557827,Qo5f18v6om0
Q38902387,Harmonize,person,2011,Tanzania,Q630689,,,,,Kainama,1368387112,teejx562wxg
Q3891609,Moreira da Silva,person,1902,Brazil,Q10367246,"Moreira da Silva, 1957.tif",Unknown,Public domain,,Jogando com o Capeta,3455757811,86MoD1cnb70
Q3891705,Paleface,person,2000,Finland,Q574651,Paleface Vaasa.jpg,kallerna,CC BY-SA 3.0,https://creativecommons.org/licenses/by-sa/3.0,Helsinki - Shangri-La,52837301,ZGTLu8q8ydg
Q3898491,Peatbog Faeries,group,1994,United Kingdom,Q106641525,,,,,,,
Q390300,Agalloch,group,1995,United States,Q65937017,Agalloch in 2005.jpg,Mark Coatsworth,CC BY 3.0,https://creativecommons.org/licenses/by/3.0,Falling Snow,3750829372,qAaq0mpk9TE
Q390684,Trivium,group,1999,United States,Q4490718,Trivium - Wacken Open Air 2023 03.jpg,Frank Schwichtenberg,CC BY-SA 4.0,https://creativecommons.org/licenses/by-sa/4.0,Dead Inside Of Me,4266628122,I5qZI_v8eGs
Q390963,Excision,person,2004,Canada,Q20903,Spring Awakening Music Festival 6 16 2013 (9157130674) (cropped).jpg,swimfinfan from Chicago,CC BY-SA 2.0,https://creativecommons.org/licenses/by-sa/2.0,A.F.B.1.,3819124251,PW2OZeyaVsg
Q391393,Agathocles,group,1985,Belgium,Q18915482,,,,,Empty Frame,2100449107,77Pli-2lQro
Q391397,Sung Si-kyung,person,2000,South Korea,Q55648025,Sung Si-kyung in March 2011 from acrofan.jpg,acrofan.com,CC BY-SA 3.0,https://creativecommons.org/licenses/by-sa/3.0,,,
Q391969,MGMT,group,2002,United States,Q703778|Q383982,"MGMT - Heaven, 18th March 2010.jpg",Aurelien Guichard,CC BY-SA 2.0,https://creativecommons.org/licenses/by-sa/2.0,Kids,536485,fe4EK4HSPkI
Q392,Bob Dylan,person,1962,United States,Q186472|Q43343|Q106298881|Q89363113|Q3980452,DylanYoungKilkenny140719v2 (50 of 52) (52246124397) (cropped).jpg,Raph_PH,CC BY 2.0,https://creativecommons.org/licenses/by/2.0,Knockin' On Heaven's Door,75768727,rm9coqlk8fY
Q39224,Hoodie Allen,person,2009,United States,Q19708376,Hoodie Allen 2013.png,Tiffany Ronquillo,CC BY 2.0,https://creativecommons.org/licenses/by/2.0,Vroom,2245003667,8NnxJgJ-euA
Q392768,Agent Steel,group,1984,United States,Q211723,2008-06-27 - Bang Your Head - Heavy Metal Festival - Germany - Balingen - Agent Steel - edited.JPG,Mo123,CC BY-SA 3.0,https://creativecommons.org/licenses/by-sa/3.0,The Day At Guyana,98254136,W8ver6PUfpg
Q3929644,Lieve Hugo,person,1963,Suriname,Q610022,,,,,Mi Swieti Booi,823731752,UNBFD7HSuXM
Q3930163,Raoul Casadei,person,1937,Italy,Q16572889,Raoul Casadei.png,Unknown author,Public domain,,,,
Q3930275,Cashmere Cat,person,2006,Norway,Q22908553,Cashmere cat.jpg,Wp-janh,CC BY-SA 3.0,https://creativecommons.org/licenses/by-sa/3.0,Quit,353133811,CKhmCh68Qu0
Q393463,Aghast,group,1995,Norway,Q12671486,,,,,,,
Q3938177,Robbie Basho,person,1940,United States,Q466445,,,,,Night Way,3978832401,QPe8gLe8OXk
Q3943924,Shadmehr Aghili,person,1994,Iran,Q7170257,Shadmehr live in concert.JPG,سندباد at Persian Wikipedia,GFDL,http://www.gnu.org/copyleft/fdl.html,Bi Ehsas,933672722,mun0xn7pIN4
Q3948333,Sandy Bull,person,1950,United States,Q466445,"Sandy Bull, 1968.jpg",Unknown author,Public domain,,Last Date,3282297,
Q395013,Agnostic Front,group,1980,United States,Q10922,Agnostic Front – Reload Festival 2016 03.jpg,Frank Schwichtenberg,CC BY-SA 3.0,https://creativecommons.org/licenses/by-sa/3.0,Gotta Go,378262821,j8Ef0ui74JM
Q395249,Mehdi Hassan,person,1957,British Raj,Q281111,,,,,Bheegi Bheegi Raaton Mein,3596865742,bJFeyco3sA8
Q395327,Agonoize,group,2002,Germany,Q1091450,Agonoize etropolis2014 (16).jpg,Ordercrazy,CC0,http://creativecommons.org/publicdomain/zero/1.0/deed.en,Koprolalie,1756031147,p5DE5rwRuOU
Q3954017,Secondo Casadei,person,1924,Italy,Q16572889,Secondo Casadei.jpg,Audioenjoy,CC BY-SA 4.0,https://creativecommons.org/licenses/by-sa/4.0,Romagna mia,4078014411,ljoS4Bjdnx4
Q3954067,Secret Affair,group,1979,United Kingdom,Q2280273,,,,,Time for Action,1056387,oZCOwnMEVvE
Q396,U2,group,1976,Ireland,Q11366,U2 on Joshua Tree Tour 2017 Brussels 8-1-17.jpg,Remy,CC BY 4.0,https://creativecommons.org/licenses/by/4.0,Silencio,4295970472,1mCN-RDh0-0
Q39639,Brad Paisley,person,1998,United States,Q65937954,"Brad Paisley performing at Caesars Windsor, 2022-05-29 05 (cropped).jpg",Crisco 1492,CC BY-SA 4.0,https://creativecommons.org/licenses/by-sa/4.0,Whiskey Lullaby,14404294,IZbN_nmxAGk
Q3964188,Solange,person,1952,Italy,Q7118426,,,,,Losing You,1947524347,Hy9W_mrY_Vk
Q3966988,Spoonie Gee,person,1975,United States,Q868855,,,,,Spoonin' Rap,1883524237,bxN1xrLRvGU
Q397738,Agua Marina,group,1976,Peru,Q7171184|Q131334621,Concierto-agua-marina-piura-2024.jpg,CarlosEduardoPA,CC BY 4.0,https://creativecommons.org/licenses/by/4.0,Cómo haré para olvidarte,125480960,B077J6XF58I
Q3986249,The Chesterfield Kings,group,1979,United States,Q98528290,,,,,Up and Down,124096366,qjmAy8Mn6PU
Q3987870,The Lambrettas,group,1979,United Kingdom,Q2280273,,,,,,,
Q3988639,The Partisans,group,1978,Wales,Q1750088,,,,,,,
Q3989691,Treacherous Three,group,1978,United States,Q868855,,,,,Feel The Heartbeat,4082877691,Hk_DBrjtH0s
Q3990545,This Town Needs Guns,group,2004,United Kingdom,Q113676976,TTNG.jpg,Allan Wan from United States,CC BY 2.0,https://creativecommons.org/licenses/by/2.0,"Whatever, Whenever",3325234541,-hu1JWcsYHI
Q3992914,Tommy Riccio,person,1965,Italy,Q6993291,,,,,L' amica di mia moglie,16459440,geEQl7x6oPw
Q399318,Agustín Lara,person,1922,Mexico,Q489913,"Agustín Lara, circa 1950s.jpg",Secretaría de Cultura CDMX,CC BY 2.0,https://creativecommons.org/licenses/by/2.0,Veracruz,7552147,f9HNohuiKRU
Q3993250,Tony Humphries,person,1981,United States,Q928825|Q97277483,Tony Humphries.jpg,Ksc23ksc,CC BY-SA 4.0,https://creativecommons.org/licenses/by-sa/4.0,Work Is Work (Her Wet Shoes TV),1230214362,
Q3995971,Totalitär,group,1984,Sweden,Q1151260,,,,,Älskade USA,4248310501,1tse2JWTNeo
Q3997302,Martyn Bennett,person,1995,Canada,Q106641525,,,,,Blackbird,99279214,jSRHpA2giUk
Q3998800,Trillville,group,1997,United States,Q936573,Trillville.jpg,Icorponline,CC BY-SA 3.0,https://creativecommons.org/licenses/by-sa/3.0,Some Cut,1416125702,WZd2MEOvdQ4
Q3998921,Trio Mocotó,group,1968,Brazil,Q834959,Trio Mocotó.jpg,TV Brasil,CC BY 3.0 br,https://creativecommons.org/licenses/by/3.0/br/deed.en,Não Adianta,601854732,7fb4l0cUe20
Q4000594,Turf Talk,person,1979,United States,Q2043175,Turf Talk 2006.jpg,Ekmz,CC BY-SA 4.0,https://creativecommons.org/licenses/by-sa/4.0,Money On Ya' Head,3641357352,268QCGwWSOc
Q400094,Otto Knows,person,2010,Sweden,Q106634944,Otto playing live at Ushuaia Ibiza.jpeg,Fiesta Hotels &amp; Resorts S.L.The original uploader was Alice Rising at English Wikipedia..,CC BY-SA 3.0,https://creativecommons.org/licenses/by-sa/3.0,My Lover,4273439152,xzPNzzpDApo
Q401893,Ahmet Kaya,person,1985,Turkey,Q89099707,Ahmet Kaya.jpg,www.ahmetkaya.com,CC BY-SA 3.0,https://creativecommons.org/licenses/by-sa/3.0,Nereden Bileceksiniz,7613236,gQIH-pgzQSY
Q4022598,Yatsuhashi Kengyo,person,1614,Japan,Q106586236|Q11603109|Q5219995|Q109012701,,,,,,,
Q4028,Paul Simon,person,1957,United States,Q89363113|Q2064394,Paul Simon at the 9-30 Club (b).jpg,Matthew Straubmuller (imatty35),CC BY 2.0,https://creativecommons.org/licenses/by/2.0,You Can Call Me Al,6599483,uq-gYOrU8bA
Q4030,Duke Ellington,person,1922,United States,Q8341|Q3807537|Q203775|Q105756581,Duke Ellington - publicity.JPG,Unknown author,Public domain,,In A Sentimental Mood,911085,sCQfTNOC5aE
Q4033175,Abrasive Wheels,group,1976,United Kingdom,Q1750088,,,,,The Army Song,1584512172,0hhgJ1bo_EI
Q4034017,AJJ,group,2004,United States,Q1425661,Andrew Jackson Jihad 2014.jpg,The Zender Agenda,CC BY 2.0,https://creativecommons.org/licenses/by/2.0,Body Terror Song,775546972,1601-CSKyL4
Q4036325,Club des Belugas,group,,Germany,Q602561,Club des Belugas.jpg,Club des Belugas,CC BY 3.0,https://creativecommons.org/licenses/by/3.0,Save a Little Love for Me,17117101,F0zqE82ntTA
Q4037498,Dom & Roland,person,1996,United Kingdom,Q1335569,,,,,Thunder,2242387957,uucE2ki-Lnk
Q4037666,Ducks Deluxe,group,1972,United Kingdom,Q1431327,,,,,,,
Q4037708,Duster,group,1996,United States,Q1490170,Duster 2023 NYC.jpg,Will Bonniker,CC BY-SA 4.0,https://creativecommons.org/licenses/by-sa/4.0,,,
Q4038788,Fisk Jubilee Singers,group,1871,United States,Q212024|Q123909197,Fisk Jubilee Singers 1882.jpg,"Prints &amp; Photographs Department, MSRC",Public domain,,I Believe,953492152,
Q4038837,Flume,person,2004,Australia,Q22908553,Flume ARIA 2013 (cropped).jpg,Eva Rinaldi,CC BY-SA 2.0,https://creativecommons.org/licenses/by-sa/2.0,Drop The Game,2347015605,6vopR3ys8Kw
Q40422,Keak da Sneak,person,1992,United States,Q2043175,,,,,Superhyphy,3042464621,KrH-VKYY3nw
Q4042301,Kommunity FK,group,1978,United States,Q1164252,,,,,Saga ov Thee Illuminaztiez,75229826,
Q4042308,Konflict,group,1998,United Kingdom,Q1335569,Kemal-and-Rob-Data.jpg,Bakemono,Public domain,,Messiah,408034802,8UAUDbWrVhA
Q4043845,Mazarati,group,1986,United States,Q6868046,,,,,Players' Ball,3286234341,7Alc8gqQyfc
Q4048016,Rank and File,group,1981,United States,Q2268922,,,,,,,
Q4049828,Southern Death Cult,group,1981,United Kingdom,Q485395,,,,,Fatman,620486552,5owM5EitjhQ
Q4050782,Mark Caro,person,,United Kingdom,Q1166321,,,,,,,
Q4050792,Teengenerate,group,1993,Japan,Q2296495,Teengenerate.jpg,Masao Nakagami,CC BY-SA 2.0,https://creativecommons.org/licenses/by-sa/2.0,Dressed in Black,11762302,hxbgPIjrsJY
Q4052305,Überzone,person,1995,United States,Q110874814,,,,,4 Bit,62362996,o1Tzic_mXmM
Q405269,Cattle Decapitation,group,1996,United States,Q888612,Cattle Decapitation at Inferno 2016 - 26166510895.jpg,Septikphoto,CC BY 2.0,https://creativecommons.org/licenses/by/2.0,Bring Back the Plague,728999362,lXGSLKWeVwE
Q40586,Gipsy Kings,group,1978,France,Q108297241|Q2707994,Gipsy Kings (ZMF 2016) jm17802.jpg,joergens.mi,CC BY-SA 3.0,https://creativecommons.org/licenses/by-sa/3.0,,,
Q4061,Woody Guthrie,person,1930,United States,Q43343|Q3980452,Woody Guthrie.jpg,"Al Aumuller, photographer. NYWT&amp;S staff photograph.",Public domain,,Tear The Fascists Down,111776914,jKVnur5DkdI
Q406379,Norma Jean,group,1997,United States,Q616679|Q2225757,NormaJeanbyRachel.jpg,Rachel Rodemann,CC BY-SA 3.0,https://creativecommons.org/licenses/by-sa/3.0,"1,000,000 Watts",1125241102,WPs0R-gZbZM
Q407814,Air Supply,group,1975,Australia,Q217191,Airsupply.jpg,Philkon at English Wikipedia,Public domain,,Goodbye,5618037,RlbKAcOYFGQ
Q40890697,Trippie Redd,person,2012,United States,Q111133884|Q12362064,Trippie Redd 2023.png,MILLION DOLLAZ WORTH OF GAME,CC BY 3.0,https://creativecommons.org/licenses/by/3.0,Forever Ever,2495396741,PO1nPENPTKs
Q40912,Frank Sinatra,person,1935,United States,Q1196752|Q1530455,Frank Sinatra '57.jpg,Columbia Pictures Corporation,Public domain,,My Way,70835066,6pcwq2usV7Y
Q41076,Mariah Carey,person,1988,United States,Q1443316|Q850412,Mariah Carey Library of Congress 2023 2 (cropped)02.jpg,Shawn Miller,Public domain,,Fantasy,1013792,qq09UkPRdFY
Q41108,Real McCoy,group,1989,Germany,Q216961,,,,,Another Night,1042543,Pav2f4b-1ZE
Q4115951,Wadie Elsafi,person,1938,Lebanon,Q135112773,Wadih El Safi.jpg,Ayham tnnary,CC BY-SA 3.0,https://creativecommons.org/licenses/by-sa/3.0,,,
Q4116976,Florin Salam,person,1979,Romania,Q642983,Florin Salam.png,"Whiskyice, cropped by Ionutzmovie",CC BY 3.0,https://creativecommons.org/licenses/by/3.0,Saint Tropez,1671600792,tXO2QtjixaM
Q4123831,Gaby Amarantos,person,1995,Brazil,Q1634085,Gaby Amarantos em 2024.png,Multishow TVZ,CC BY 3.0,https://creativecommons.org/licenses/by/3.0,,,
Q4124883,Ronnie Von,person,1965,Brazil,Q6296743,"Ronnie Von, Fundo Correio da Manhã - 2.tiff",Unknown,Public domain,,O Carpinteiro,910208792,jXepQd3GHRw
Q41265,Illapu,group,1979,Chile,Q3879286,Festival del Huaso de Olmué 2019 - 2019-01-19 - 17.jpg,Carlos Figueroa Rojas,CC BY-SA 4.0,https://creativecommons.org/licenses/by-sa/4.0,Sobreviviendo,3931285711,IrMIA1_F5io
Q4130411,Anastasia Vyaltseva,person,1893,Russian Empire,Q4400837,Anastasia vyaltseva 2.gif,Е. Л. Мрозовская,Public domain,,,,
Q41309,Franz Liszt,person,1830,Austria–Hungary,Q207591|Q271802|Q207841,FLisztFXD.jpg,Franz Hanfstaengl,Public domain,,,,
Q41556490,RP Boo,person,1997,,Q24885387|Q5466607,"RP Boo @ Pitchfork, Chicago 7-16-2016 (28135851444).jpg",swimfinfan from Chicago,CC BY-SA 2.0,https://creativecommons.org/licenses/by-sa/2.0,Party Motion,96191432,
Q41594,Christina Aguilera,person,1990,United States,Q739138,Christina Aguilera (2006).jpg,Rafael Amado Deras,CC BY 2.0,https://creativecommons.org/licenses/by/2.0,Genie In a Bottle,15627386,kIDWgqDBNXA
Q4161091,Diblo Dibala,person,1979,Democratic Republic of the Congo,Q1752683|Q2362669,,,,,Laissez-passer,118307686,GwGEMfXIGkQ
Q4167927,Steam Powered Giraffe,group,2008,United States,Q106582953,2020SPGRobotsPromo.jpg,Steam Powered Giraffe LLC,CC BY-SA 4.0,https://creativecommons.org/licenses/by-sa/4.0,Honeybee,34174221,ojYK6CW8gdw
Q4170257,Banda Conmoción,group,2001,Chile,Q9051042,,,,,Mentira,715192812,G9k-Lb3JV4k
Q417451,Akercocke,group,1997,United Kingdom,Q2599472,Akercocke @ Damnation Festival 2009 Matt Wilcock.jpg,adam w,CC BY 2.0,https://creativecommons.org/licenses/by/2.0,Verdelet,70981337,
Q42018,Anuradha Paudwal,person,1973,India,Q854775,Anuradha Paudwal 57th Idea Filmfare Awards 2011.jpg,Bollywood Hungama,CC BY 3.0,https://creativecommons.org/licenses/by/3.0,Pyar Kiya To Nibhana,3173772781,jwX2nESI8mA
Q42023,Jungle Brothers,group,1987,United States,Q601235|Q255406,Jungle brothers-mika.jpg,Mikamote,CC BY-SA 3.0,https://creativecommons.org/licenses/by-sa/3.0,Straight Out The Jungle,95989006,K0wVNPWWZIw
Q420880,They Might Be Giants,group,1982,United States,Q2324411,"They Might Be Giants in Asheville, 2025.jpg",CharlesMichael2002,CC0,http://creativecommons.org/publicdomain/zero/1.0/deed.en,Istanbul (Not Constantinople),2794831,xo0X77OBJUg
Q4210537,Nasida Ria,group,1975,,Q110230818,,,,,,,
Q4214,Adam de la Halle,person,1237,Kingdom of France,Q163775|Q163491,Adam de la halle.jpg,Unknown author,CC BY 3.0,https://creativecommons.org/licenses/by/3.0,,,
Q4216454,Jabbar Garyaghdioglu,person,1876,Soviet Union,Q1474372,Jabbar Garyagdioglu.jpg,Unknown author,Public domain,,,,
Q4217170,Hernán Cattáneo,person,1983,Argentina,Q915152,Hernan Cattaneo - in Toronto.jpg,Peter Drier (drierp) from Canada,CC BY 2.0,https://creativecommons.org/licenses/by/2.0,A380,3514926361,Easqg4SUl2Q
Q42211709,Smokepurpp,person,2010,United States,Q65089257,Smokepurpp.jpg,The Come Up Show,CC BY 2.0,https://creativecommons.org/licenses/by/2.0,Prom Queen,1477825842,QdECMdg63Fk
Q42224353,Ski Mask the Slump God,person,2014,United States,Q65089257,Ski Mask The Slump God (2018).jpg,DiFronzo,CC BY-SA 2.0,https://creativecommons.org/licenses/by-sa/2.0,Save The Day,602456622,NC7KkLAVLFk
Q4226573,Vadim Kozin,person,1903,Soviet Union,Q4400837,Vadim Kozin.jpg,"Stamped envelope issuing authority - ""Marka"" Publishing &amp; Trading Centre http://rusmarka.ru/",Public domain,,,,
Q422799,Tara Devi,person,1945,Dominion of India,Q55642856,,,,,,,
Q42291385,Sissy Nobby,person,2002,United States,Q136653467,,,,,Gitty Up,77210764,nKt2G6OVU54
Q42300439,Yxng Bane,person,2016,United Kingdom,Q85740017,,,,,Rihanna,393218252,1ruitsqQ34c
Q42308794,Dizaster,person,1984,United States,Q12302979,,,,,,,
Q42336667,"Nothing,Nowhere",person,1992,United States,Q12362064,"Nothing,Nowhere - Rock am Ring 2019-2460.jpg","Andreas Lawen, Fotandi",CC BY-SA 4.0,https://creativecommons.org/licenses/by-sa/4.0,Pieces of You,1512084792,YErEZo38-VQ
Q42336699,Katey Red,person,1983,United States,Q4949812|Q136653467,,,,,Melpomene Block Party,77334204,gX647up2PqU
Q423707,Akufen,person,1996,Canada,Q1931555,AkufenBaltimore.jpg,© 2004 AlexReynolds at en.wikipedia,CC BY 2.5,https://creativecommons.org/licenses/by/2.5,,,
Q42402,Andrea Bocelli,person,1992,Italy,Q56342556|Q2336819,2025 Andrea Bocelli in the White House Oval Office on October 17 (cropped).jpg,The White House,Public domain,,DNA (More Than A Game),4076148901,KyhGH0rgxnw
Q42455,Björk,person,1977,Iceland,Q817138|Q25094849|Q95469495|Q9162904,"Björk by Hello, I am Bruce at Nature Awareness Nattura concert Reykjavik 2008.jpg","Bruce McAdam from Reykjavik, Iceland",CC BY-SA 2.0,https://creativecommons.org/licenses/by-sa/2.0,All Is Full Of Love,2680203912,u0cS1FaKPWY
Q42482,Iron Maiden,group,1975,United Kingdom,Q12326776|Q38848|Q370515,Iron Maiden Irvine 2008.jpg,Anne Varak,CC BY 2.0,https://creativecommons.org/licenses/by/2.0,The Number of the Beast,3801711942,WxnN05vOuSM
Q425728,Narayan Gopal,person,1960,Nepal,Q55642856,Narayan Gopal.jpg,Madan Puraskar Pustakalaya,Public domain,,Maya Ta Maya-Timro Maan Ma,2343910345,
Q425772,Ministry,group,1981,United States,Q968730|Q208494,Ministry - Wacken Open Air 2016-AL2884.jpg,"Andreas Lawen, Fotandi",CC BY-SA 3.0,https://creativecommons.org/licenses/by-sa/3.0,Singularity,4262687931,ZczRl9va6CU
Q4262877,Doel Sumbang,person,1981,Indonesia,Q4372158,,,,,Teteh,1352458552,SualOz_Rq9Y
Q4262957,Fariz RM,person,1977,Indonesia,Q118640019,Fariz RM.jpg,Yudha Singa,CC BY-SA 3.0,https://creativecommons.org/licenses/by-sa/3.0,,,
Q426827,Third Day,group,1991,United States,Q753520,Third Day in Concert02.JPG,Bigroger27509,Public domain,,Your Words,93236990,KqaA8XBI15o
Q4273010,Iis Dahlia,person,1987,Indonesia,Q1159539,,,,,,,
Q42775,Johnny Cash,person,1954,United States,Q83440|Q964658,"Johnny Cash ""The Johnny Cash Spring Special"" (1979 CBS press photo).jpg",CBS Television,Public domain,,Hurt,128846783,8AHCfZTRGiI
Q4280436,Junoon,group,1990,,Q13060093,,,,,Gharaj Baras,539052222,
Q428347,Jóhann Jóhannsson,person,1987,Iceland,Q65943744,Jóhann Jóhannsson by Sachyn Mital (cropped).jpg,Sachyn Mital,CC BY-SA 3.0,https://creativecommons.org/licenses/by-sa/3.0,Flight from the City,132193886,OtfmorEK50Y
Q429952,Conflict,group,1981,United Kingdom,Q486365,Conflict.jpg,photo by Graham Burnett (quercus robur). If re-used a credit would be appreciated but is not compulsory!,CC BY-SA 3.0,http://creativecommons.org/licenses/by-sa/3.0/,Mighty and Superior,59183201,E3NSA1_bq1c
Q430216,Rigo Tovar,person,1995,United States,Q6826021|Q5794682,Rigo Tovar (cropped).jpg,MX,CC BY-SA 4.0,https://creativecommons.org/licenses/by-sa/4.0,Lamento De Amor,61730890,D94a6tWactE
Q430224,Buckcherry,group,1995,United States,Q1785028,Buckcherry Rock am Ring 2014 (24).JPG,User:Goroth (Jan Brauer),CC BY-SA 3.0,https://creativecommons.org/licenses/by-sa/3.0,Say Fuck It,82265338,0D28i_Y40eo
Q430613,Nino Bravo,person,1969,Spain,Q5747258|Q6496560,Nino Bravo foto HD (cropped).png,Revista Mundo Joven,CC BY-SA 4.0,https://creativecommons.org/licenses/by-sa/4.0,,,
Q431355,Modest Mouse,group,1993,United States,Q183504,Modest Mouse UPT.jpg,"John from Jersey City, United States",CC BY 2.0,https://creativecommons.org/licenses/by/2.0,Float On,581923,CTAud5O7Qqk
Q43137,Sofia Rotaru,person,1968,Soviet Union,Q107539904,Софія Ротару (cropped).jpg,ОПУ,CC BY 4.0,https://creativecommons.org/licenses/by/4.0,Одна калина,3891486831,
Q431554,Lucha Reyes,person,1958,Peru,Q6950428|Q2509521,Lucha Reyes (cantante peruana).jpg,El Comercio,Public domain,,,,
Q431700,Suicide Silence,group,2002,United States,Q475221,Warped Tour 2010 Maryland.jpg,Ted Van Pelt,CC BY 2.0,https://creativecommons.org/licenses/by/2.0,Make Your Exit,4249129841,hWD6f343ukU
Q43189,Juanes,person,1988,Colombia,Q547137,"2023-11-16 Gala de los Latin Grammy, 14 (cropped).jpg",Junta de Andalucía,CC BY-SA 2.0,https://creativecommons.org/licenses/by-sa/2.0,La Camisa Negra,2445182,kRt2sRyup6A
Q432069,Ángel Parra,person,1943,Chile,Q3879286,"Parra, Angel -FILSA 2015 11 01 fRF04.jpg",Rodrigo Fernández,CC BY-SA 4.0,https://creativecommons.org/licenses/by-sa/4.0,,,
Q432268,Barbara Tucker,person,1985,United States,Q173844,,,,,I Get Lifted (The Bar Dub),3783212542,96jCKcZOyrk
Q432302,George Winston,person,1972,United States,Q213121,George Winston Autograph (cropped).jpg,PeoplesRepublicofWesternVirginia,CC BY-SA 4.0,https://creativecommons.org/licenses/by-sa/4.0,Sea,2581266422,dd9baViB574
Q432552,KRS-One,person,1986,United States,Q141459,KRS-One 2002.jpg,MikaV,CC BY-SA 4.0,https://creativecommons.org/licenses/by-sa/4.0,Step into a World (Rapture's Delight),75785672,xbJxcFyaCpI
Q43259,No Doubt,group,1986,United States,Q3990466,NO DOUBT 327b Brian McCauley.jpg,BrianTheMute,CC BY-SA 3.0,https://creativecommons.org/licenses/by-sa/3.0,Don't Speak,24246391,TR3Vdo5etCQ
Q43267,The Jackson 5,group,1964,United States,Q11700065|Q9078960,Jackson 5 tv special 1972.JPG,CBS Television,Public domain,,I Want You Back,4188287,y2bVIBwpCTA
Q432822,La Monte Young,person,1958,United States,Q572901|Q2332751|Q1640319|Q650316,,,,,,,
Q432938,Reynaldo Hahn,person,1874,Venezuela,Q2737175,Reynaldo Hahn.jpg,Paul Nadar,Public domain,,,,
Q433060,Daniel Johnston,person,1978,United States,Q574651,Daniel Johnston and British Sea Power (6935765808) (cropped).jpg,Paul Hudson from United Kingdom,CC BY 2.0,https://creativecommons.org/licenses/by/2.0,True Love Will Find You in the End,1276509492,WA33S3NqAMo
Q4331609,Morten Breum,person,2008,Kingdom of Denmark,Q101109587,,,,,,,
Q433661,Glenn Branca,person,1967,United States,Q823080,Glenn Branca (cropped).jpg,The original uploader was DanKassem at English Wikipedia.,CC BY 3.0,https://creativecommons.org/licenses/by/3.0,Lost Chords,71572213,V93TryFl8Uw
Q433745,Mohammad-Reza Lotfi,person,1964,Iran,Q11223087,محمدرضا لطفی - Mohamdreza Lotfi.jpg,Romissa Mofidi,CC BY-SA 3.0,https://creativecommons.org/licenses/by-sa/3.0,,,
Q434106,Marinella,person,1956,Greece,Q2087267,Marinella2008.jpg,Konssi,Public domain,,Matia Vourkomena,3752621832,-dKt5qwz5lk
Q434372,Altan,group,1987,Ireland,Q854451|Q7482056,Altanlive.jpg,Sleepyhead2,CC BY-SA 3.0,https://creativecommons.org/licenses/by-sa/3.0,Daily Growing,3376051,5pERSn7QK_8
Q434821,Ludwig Minkus,person,1826,Austria–Hungary,Q4851628,Leon Minkus -photo by B. Braquehais -circa 1865.JPG,Bruno Braquehais,Public domain,,,,
Q434916,Luigi Russolo,person,1901,Italy,Q2195355|Q726239,Luigi Russolo ca. 1916.gif,From en.wikipedia. [1],Public domain,,,,
Q43510,Nightwish,group,1996,Finland,Q486415,Nightwish au Rockhal 2015.JPG,Fafle7429,CC BY-SA 4.0,https://creativecommons.org/licenses/by-sa/4.0,Nemo,1388825212,rNg2Dh6gPkw
Q435176,Elza Soares,person,1950,Brazil,Q10367259,Elza Soares.jpg,Ministério da Cultura,CC BY 2.0,https://creativecommons.org/licenses/by/2.0,Libertação,744663312,6XrCS1GI2ec
Q4352950,Kindzadza,person,,Russia,Q2452152,,,,,,,
Q4353626,Onkel Kånkel,group,1979,Sweden,Q6453929,,,,,,,
Q4353806,Streaplers,group,1959,Sweden,Q105757139,"Viking Cinderella, 20221123, Streaplers, Etage, 05.jpg",AleWi,CC BY-SA 4.0,https://creativecommons.org/licenses/by-sa/4.0,Havets melodi,679624362,QEpDXiPTyZU
Q4354163,Savage,person,1997,New Zealand,Q744417,Savage Deceptikonz 2007 (cropped).jpg,Rishi C,CC BY-SA 3.0,http://creativecommons.org/licenses/by-sa/3.0/,,,
Q435487,Miquel Brown,person,1973,United States,Q606393,,,,,"So Many Men, So Little Time",15927402,kqZkNA0jgzc
Q435552,Lightnin' Hopkins,person,1946,United States,Q1271752|Q98528141,Lightnin' Hopkins.jpg,33stradale,CC BY-SA 3.0,https://creativecommons.org/licenses/by-sa/3.0,Woke up This Morning,508754652,Hav71zrRr6M
Q4355668,Bambee,person,1999,Norway,Q2076779,,,,,Bumble Bee,3057583961,230Z9WC-7nk
Q435600,Jimmy Reed,person,1976,United States,Q1071873,Jimmy Reed Vee-Jay press photo.jpg,Distributed by Vee-Jay Records,Public domain,,Baby What You Want Me To Do,1467890,tb3PtE-GAJ4
Q4356183,"Defiance, Ohio",group,2002,United States,Q1425661,Defianceohio-reggies-5-2-09.JPG,Thomas Moran,Public domain,,Lambs at the Slaughter,21723521,kCyxahKeAt4
Q4356602,Calypso Rose,person,1964,Trinidad and Tobago,Q752785,Calypso rose.jpg,Jean-Pierre Jeannin,CC BY-SA 2.0,https://creativecommons.org/licenses/by-sa/2.0,Calypso Queen,121487308,l-j-tPbOfYQ
Q435965,Kenny Loggins,person,1966,United States,Q28401124,Loggins FP5 (cropped).jpg,Jamie Lantzy,CC BY 3.0,https://creativecommons.org/licenses/by/3.0,Footloose,134012978,ltrMfT4Qz5Y
Q436209,Freddie King,person,1952,United States,Q1271752|Q98528142,Freddie King 1975 6.jpg,Lionel Decoster,CC BY-SA 4.0,https://creativecommons.org/licenses/by-sa/4.0,,,
Q436236,Wu Man,person,1963,People's Republic of China,Q106634987,"Wu Man (China) - WOMEX 15, 2015.10.24 (1).JPG",Elekes Andor,CC BY-SA 4.0,https://creativecommons.org/licenses/by-sa/4.0,,,
Q4371,Ride,group,1988,United Kingdom,Q272167,Ride 2015 Saint Andrews Hall Detroit MI.jpg,Mekkel.Richards,CC BY-SA 4.0,https://creativecommons.org/licenses/by-sa/4.0,Leave Them All Behind,63651895,gIsnb1TKYjE
Q437129,Evelyn Thomas,person,1976,United States,Q606393,Evelyn Thomas and Daughter Yaya Diamond.jpg,Yayadiamond,CC BY-SA 4.0,https://creativecommons.org/licenses/by-sa/4.0,High Energy,70847278,c6uVXJ3x2Sk
Q4372,The Wedding Present,group,1985,United Kingdom,Q97942949,The Wedding Present-01.jpg,Alterna2 http://www.alterna2.com,CC BY 2.0,https://creativecommons.org/licenses/by/2.0,Interstate 5,13830727,zdvvtg2pgBI
Q437231,Nilüfer,person,1972,Turkey,Q7855391,Nilüfer ile Sezen Aksu 2012.jpg,Lubunya,CC BY-SA 4.0,https://creativecommons.org/licenses/by-sa/4.0,Son Arzum,66192010,M5X6OLn7REo
Q437559,Armand Van Helden,person,1990,United States,Q780517,Vanheldenforum160404-4.jpg,de:user:Jerinho,Public domain,,I Want Your Soul (AVH Rework),2512469051,rqiSXzTL5y4
Q438106,Sister Rosetta Tharpe,person,1919,United States,Q180268|Q880270,Sister Rosetta Tharpe (1938 publicity photo - headshot).jpg,James J. Kriegsmann,Public domain,,Rock Me,805075132,p9JezItjWIU
Q438124,Gram Parsons,person,1963,United States,Q136206036,Gram Parsons.jpg,Reprise Records,Public domain,,Return of the Grievous Angel,2812385,1PytxPaU6k4
Q438141,Thomas Morley,person,1559,Kingdom of England,Q193217,,,,,,,
Q438344,Altern-8,group,1990,United Kingdom,Q1585075|Q898709,,,,,E-Vapor-8,109665816,BkczzkGrYDQ
Q4387765,Jesus Jones,group,1986,United Kingdom,Q2187392,Jesus Jones 2011.jpg,Canley,CC BY-SA 3.0,https://creativecommons.org/licenses/by-sa/3.0,Right Here Right Now,3109370,MznHdJReoeo
Q438849,Birthe Kjær,person,1960,Kingdom of Denmark,Q12307741,Birthe Kjær.jpg,Lars Schmidt,CC BY-SA 3.0,https://creativecommons.org/licenses/by-sa/3.0,Pas På Den Knaldrøde Gummibåd,497158372,VrDseFEOwAo
Q439182,Teresa Parodi,person,1947,Argentina,Q1060475,"Teresa Parodi, Ministra de cultura de la Nación (14653360491).jpg",Ministerio de Cultura de la Nación Argentina,CC BY-SA 2.0,https://creativecommons.org/licenses/by-sa/2.0,Pedro Canoero,13342582,7b5VIA7Ya5E
Q4392541,Surfer Blood,group,2009,United States,Q110141586,Surfer Blood 2013.jpg,The Zender Agenda,CC BY 2.0,https://creativecommons.org/licenses/by/2.0,Floating Vibes,766423762,eXhJ2bKy8BE
Q44078,Tony MacAlpine,person,1984,United States,Q725011,20121021-212108-770 Portnoy-Sheehan-Sherinian-MacAlpine Boerderij Zoetermeer.jpg,Vtpeters © Victor Peters,CC BY 3.0,https://creativecommons.org/licenses/by/3.0,Tears Of Sahara,1761519947,OBgaksTijkQ
Q440898,Gregory Isaacs,person,1968,Jamaica,Q9794,Gregory Isaacs SNWMF 2010 1 - on stage-2.jpg,"Gregory_Isaacs_SNWMF_2010_1_-_on_stage.jpg: www.photosbyalyssa.com (Alyssa Tomfohrde from Oakland, usa) derivative work:",CC BY 2.0,https://creativecommons.org/licenses/by/2.0,,,
Q441161,Prince Buster,person,1961,Jamaica,Q54365|Q108807661,Prince Buster.jpg,Yerpo,CC BY-SA 3.0,https://creativecommons.org/licenses/by-sa/3.0,All My Loving,121805942,L_I1N-infPw
Q44122,Django Reinhardt,person,1928,France,Q844245,DjangoReinhardt-1939-Harcourt.png,Studio Harcourt,Public domain,,Nuages,1160218,qn_90PKM1xE
Q4412230,Arkady Severny,person,1939,Soviet Union,Q1891685,Arcady Severny.jpg,Wikiarius,CC BY-SA 3.0,https://creativecommons.org/licenses/by-sa/3.0,,,
Q441266,Cheb Mami,person,1982,Algeria,Q839029|Q3908372,Cheb Mami en 1986.jpg,User:Saber68,Public domain,,Haoulou,3414289,4Lk6b-1HR1o
Q441399,Kid Ory,person,1886,United States,Q906647|Q124504713,Kidory.png,Okeh Records,Public domain,,St Louis Blues,1447109972,odL_9tQIGUk
Q441730,Nora Bayes,person,1898,United States,Q109719462,NoraBayesHatBain.jpg,Unnamed photographer for Bain News Service,Public domain,,,,
Q44190,Radiohead,group,1985,United Kingdom,Q1641839|Q217467,RadioheadO2211125 composite.jpg,Raph_PH,CC BY 4.0,https://creativecommons.org/licenses/by/4.0,Creep,138547415,XFkzRNyygfk
Q442207,Gillian Welch,person,1991,United States,Q1773654|Q2407862,Gillian Welch at MerleFest-2006-04-29.jpg,Brian from USA,CC BY 2.0,https://creativecommons.org/licenses/by/2.0,The Way It Goes,483621772,AiS37_EULj8
Q442656,Barış Manço,person,1958,Turkey,Q483740,Barış Manço cropped.JPG,Erkan Umut,Public domain,,Alla Beni Pulla Beni,74278769,k88DgF0qwsI
Q44333953,Bad Bunny,person,2013,United States,Q202930|Q54329757,Bad Bunny 2019 by Glenn Francis (cropped).jpg,Toglenn,CC BY-SA 4.0,https://creativecommons.org/licenses/by-sa/4.0,DÁKITI,1122450992,30YlLGeUReY
Q44385,Walther von der Vogelweide,person,1170,Holy Roman Empire,Q141187502,Codex Manesse Walther von der Vogelweide.jpg,Master of the Codex Manesse,Public domain,,,,
Q443886,Alton Ellis,person,1959,Jamaica,Q573484,Alton Ellis.JPG,Kat Geb,CC BY 2.0,https://creativecommons.org/licenses/by/2.0,,,
Q44399,Netsky,person,2008,Belgium,Q2082572,Netsky (DJ).jpg,James Starkey,CC BY 2.0,https://creativecommons.org/licenses/by/2.0,Everybody Loves The Sunshine,2255536597,4kN1xkQ4lcI
Q444224,Kano,person,2000,United Kingdom,Q1166726|Q744417,Kano (Rapper).jpg,https://www.flickr.com/people/29868214@N05/,CC BY-SA 2.0,https://creativecommons.org/licenses/by-sa/2.0,3 Wheel-ups,115868048,79ZP946eNVQ
Q4442402,Jimmy Sturr,person,1941,United States,Q11821889|Q137767022,Jimmy Sturr.jpg,Paul McCord,CC BY-SA 2.5,https://creativecommons.org/licenses/by-sa/2.5,There I'll Be,874813162,
Q444309,Ultra Naté,person,1989,United States,Q3032212|Q173844,Ultranate.JPG,derivative work: CHR!S (talk) Ultranate.jpg: https://www.flickr.com/people/nayrb7,CC BY-SA 2.0,https://creativecommons.org/licenses/by-sa/2.0,Free,3803003322,JgRBkjgXHro
Q4444669,Bone Thugs-n-Harmony,group,1991,United States,Q3791697,Bone Thugs N Harmony.jpg,Kmilo from NY/TX,CC BY 2.0,https://creativecommons.org/licenses/by/2.0,Thuggish Ruggish Bone,134648862,2tzSjtuMGOQ
Q444857,Pauline Oliveros,person,1932,United States,Q2332751|Q1640319,POliveros2010.JPG,Allan J. Cronin,CC BY-SA 3.0,https://creativecommons.org/licenses/by-sa/3.0,The Last Time,106541712,MoHuHBkT4es
Q445438,Christopher Cross,person,1971,United States,Q217191|Q28401124,"Christopher Cross, 2022 (cropped).jpg",Steven Miller,CC BY 2.0,https://creativecommons.org/licenses/by/2.0,Sailing,5093865,9PnXcP8ZI7M
Q445463,Mayra Andrade,person,2001,Cape Verde,Q502535,.Mayra Andrade. (cropped).jpg,Management Mayra Andrade,CC BY-SA 4.0,https://creativecommons.org/licenses/by-sa/4.0,Les mots d'amour,72121362,4dmix6kZvfE
Q44570,John Lee Hooker,person,1942,United States,Q9759,John Lee Hooker two.jpg,Jean-Luc,CC BY-SA 2.0,https://creativecommons.org/licenses/by-sa/2.0,Boom Boom,12291998,o_6SlT3Yy10
Q445829,Manu Dibango,person,1961,France,Q1815364|Q6168369|Q106641536,LesEscales2019ManuDibango 03 (cropped).jpg,Selbymay,CC BY-SA 4.0,https://creativecommons.org/licenses/by-sa/4.0,Soul Makossa,564564462,PblSmVR7hCk
Q445862,Percy Sledge,person,1960,United States,Q1567032|Q96376126,Percy Sledge 1974 touring.jpg,Gene Pugh,CC BY-SA 2.0,https://creativecommons.org/licenses/by-sa/2.0,When a Man Loves a Woman (Rerecorded),90572599,_GXjTF3jpew
Q445934,Rodolfo Mederos,person,1940,Argentina,Q1632601,"Ph Laura Tenenbaum, CCK - Septiembre 2019.jpg",Laura Tenenbaum,CC BY-SA 4.0,https://creativecommons.org/licenses/by-sa/4.0,Rodriguez Peña,1614848002,-qD9IHOkM6w
Q4459467,Willi Tokarev,person,1934,Soviet Union,Q1891685,Villi Tokarev 2012.jpg,Alexander Veprev,CC BY-SA 4.0,https://creativecommons.org/licenses/by-sa/4.0,,,
Q446398,Eddie Blazonczyk,person,1941,United States,Q137441035,,,,,Polka Celebration,660914012,xnMw-pYuxb0
Q446572,Mike Paradinas,person,1980,United Kingdom,Q660984|Q1259016,Mike Paradinas.jpg,claire rowland,CC BY 2.0,https://creativecommons.org/licenses/by/2.0,Brace Yourself Jason,3133948,
Q446854,Regine Velasquez,person,1986,Philippines,Q107565104,RVA in 2010 (cropped).jpg,Rex Martin Gabriel,CC BY-SA 2.0,https://creativecommons.org/licenses/by-sa/2.0,I'll Never Love This Way Again,659565172,NLjAXIZcjpo
Q446945,Kenan Doğulu,person,1993,Turkey,Q7855391,Kenan Dogulu.JPG,Esra Candas,CC BY-SA 4.0,https://creativecommons.org/licenses/by-sa/4.0,Doktor,1544462462,BtYDfOoVm3A
Q447032,Nanci Griffith,person,1978,United States,Q1773654,Nanci Griffith at BBC Radio 2 Folk Awards 2010.jpg,Bryan Ledgard,CC BY 2.0,https://creativecommons.org/licenses/by/2.0,Speed of the Sound of Loneliness,6161609,x6mhaTiSOOY
Q4472054,A. L. Lloyd,person,1982,United Kingdom of Great Britain and Ireland,Q627181,,,,,,,
Q447433,Manos Hatzidakis,person,1944,Greece,Q53806314,Hatzidakis Nicopolis 1987.jpg,Nikos D. Karabelas,CC BY 4.0,https://creativecommons.org/licenses/by/4.0,,,
Q447437,Millie Small,person,1962,Jamaica,Q54365|Q108807661,Millie Small (1964).jpg,Harry Pot for Anefo ]],CC BY-SA 3.0 nl,https://creativecommons.org/licenses/by-sa/3.0/nl/deed.en,My Boy Lollipop,5193461,RSNdPlSKfV0
Q447621,Gilda,person,1990,Argentina,Q4789437,Gilda junto al periodista Marcelo Gopar (cropped).jpg,Patobustamante,CC BY-SA 4.0,https://creativecommons.org/licenses/by-sa/4.0,,,
Q4477966,Lyubov Uspenskaya,person,1979,Soviet Union,Q1891685,Руслан Гулямов и Любовь Успенская (cropped).jpg,Руслан Гулямов,CC BY-SA 4.0,https://creativecommons.org/licenses/by-sa/4.0,Плакала надежда,3895845791,
Q44780,Howlin' Wolf,person,1930,United States,Q9759|Q640097|Q1071873,Howlin Wolf AABF 1970 JT.jpg,Eatonland,CC BY-SA 4.0,https://creativecommons.org/licenses/by-sa/4.0,Evil,531241971,ETZ2BLTkCoM
Q4479007,Jai Uttal,person,1991,United States,Q947155,,,,,Ganesha Sharanam,3876757301,xBCd0GIZPKs
Q447984,Clara Nunes,person,1960,Brazil,Q11403,Clara Nunes no Zicartola (cropped).tif,Unknown,Public domain,,O Mar Serenou,3419912,drGewMyo00A
Q44801,Peter Alexander,person,1948,Austria,Q959583,USIS – Peter Alexander.jpg,Photograph: Fotograf im Auftrag der United States Information Agency (Pictorial Section der Information Services Branch ,Public domain,,Rosamunde,1131926,GVuDiP2zUVw
Q44809,Albert King,person,1949,United States,Q640097,Albert King.jpg,Original uploader was Melancholyblues at it.wikipedia Later version(s) were uploaded by Jacopo at it.wikipedia.,CC BY-SA 2.0,https://creativecommons.org/licenses/by-sa/2.0,Born Under A Bad Sign,5079078,u1MUHFYII9A
Q4483079,James Ferraro,person,2004,United States,Q15733887|Q25345818,James Ferraro.jpg,"James_Ferraro_(original).jpg: Carlos Solares from Mexico City, Mexico derivative work: Cinemantique",CC BY-SA 2.0,https://creativecommons.org/licenses/by-sa/2.0,Cheek Bones,71506047,QDDZCapnAVY
Q44841,Sam Rivers,person,1994,United States,Q1092837,13-06-07 RaR LB Sam Rivers 01.jpg,Achim Raschka (talk),CC BY-SA 4.0,https://creativecommons.org/licenses/by-sa/4.0,Say Peace,3501941,
Q448508,Chantal Goya,person,1963,France,Q1636684,Chantal Goya (cropped).jpg,Jupacri,CC BY 2.0,https://creativecommons.org/licenses/by/2.0,Tu m'as trop menti,989572532,Ea4OviwzPIs
Q448638,Twista,person,1991,United States,Q3791697,Twista College of Charleston 2008.04.23.jpg,Elliothtz,CC BY-SA 3.0,http://creativecommons.org/licenses/by-sa/3.0/,Slow Jamz,528869541,jI-w4gvkCkQ
Q44892,Kraftwerk,group,1961,Germany,Q9778|Q79784514|Q320592,Kraftwerk In Chicago-01.jpg,SafeForWork,CC BY-SA 3.0,https://creativecommons.org/licenses/by-sa/3.0,The Model,4262789,GEnx9xS79Lc
Q449,Georges Brassens,person,1951,France,Q2956176|Q1062400,Brassens-StudioHarcourt-1957.png,Studio Harcourt.,Public domain,,Les copains d'abord,2420855,PT7U_GzRIv0
Q449002,Jonathan Larson,person,1960,United States,Q7354827,,,,,One of These Days,1654120792,EozelgPkvuk
Q449083,Company Flow,group,1992,United States,Q98528482|Q965635,,,,,End to End Burners,3192776041,3m7E0Gk8gLI
Q449171,Alvin Lucier,person,1931,United States,Q3512282|Q1640319|Q1744327,Alvin Lucier (25536346088).jpg,Non Event,CC BY-SA 2.0,https://creativecommons.org/licenses/by-sa/2.0,,,
Q449200,Candi Staton,person,1953,United States,Q96376126,Candi Staton.jpg,Canyouhearmenow,Public domain,,Young Hearts Run Free,720737,FRAA-EIM4d0
Q449239,Big Bill Broonzy,person,1893,United States,Q106641530,Big Bill Broonzy (1951 publicity photo).jpg,James J. Kriegsmann,Public domain,,,,
Q44927,Joseph Lanner,person,1813,Austrian Empire,Q8701407,Joseph Lanner.jpg,"Österreichische Nationalbibliothek, Bildarchiv Austria, Inventarnummer: PORT_00001200_01",Public domain,,,,
Q449323,Ophidian,person,1981,Kingdom of the Netherlands,Q1191299,Ophidian.jpg,Imar van den Berg,CC BY 3.0,https://creativecommons.org/licenses/by/3.0,Back To The Oldschool,2382155325,1NsB7nismpI
Q449371,Teddy Pendergrass,person,1970,United States,Q2746831|Q3963051,TEDDY PENDAGRASS.jpg,"Kingkongphoto &amp; www.celebrity-photos.com from Laurel Maryland, USA",CC BY-SA 2.0,https://creativecommons.org/licenses/by-sa/2.0,Close the Door,16222628,0DJk7h6uLZw
Q4499486,Julia Holter,person,2006,United States,Q9162904,Julia Holter (Haldern Pop 2013) IMGP2430 smial wp.jpg,Smial (talk),FAL,http://artlibre.org/licence/lal/en,Fantasy,4047709651,
Q449985,Aly & Fila,group,2003,Egypt,Q1136765,Aly & Fila au Beachclub -- 4.jpg,Bull-Doser,Public domain,,Carry Me Away,4259484781,OyYWnRmCmCg
Q45001,Blind Lemon Jefferson,person,1893,United States,Q1271752|Q98528141|Q649823,Blindlemonjeffersoncirca1926.jpg,Unknown author,Public domain,,,,
Q450080,Little Eva,person,1962,United States,Q28206879,Little Eva 1962.jpg,en:Murray the K (real name Murray Kaufman),Public domain,,The Locomotion,120080938,eKpVQm41f8Y
Q4501,Bernard de Ventadour,person,1140,Kingdom of France,Q141187502,BnF ms. 12473 fol. 15v - Bernart de Ventadour (1).jpg,Unknown author,Public domain,,,,
Q4503270,Pantelis Pantelidis,person,2012,Greece,Q109713745,Pantelis Pantelidis.JPG,uk:User:Zimina,CC BY 3.0,https://creativecommons.org/licenses/by/3.0,Ginete,1287245742,
Q450620,John Corigliano,person,1938,United States,Q105697818,John Corigliano 2023.jpg,Michael Bednarek,CC0,http://creativecommons.org/publicdomain/zero/1.0/deed.en,,,
Q450797,Hervé,person,1825,France,Q2365784,Hervé (Florimond Ronger).jpg,Unknown author,Public domain,,Si bien du mal,1116519382,DVIIs4GQO04
Q45165,System of a Down,group,1995,United States,Q20378|Q263734,SoaD-2013-1.jpg,madSec,CC BY 2.0,https://creativecommons.org/licenses/by/2.0,Lonely Day,546578,DnGdoEa1tPg
Q451858,King Tubby,person,1968,Jamaica,Q212688,,,,,,,
Q45188,Coldplay,group,1999,United Kingdom,Q3231749,ColdplayWembley120925 (cropped).jpg,Raph_PH,CC BY 4.0,https://creativecommons.org/licenses/by/4.0,Yellow,3128096,yKNxeF4KMsY
Q452011,Merzbow,group,1979,Japan,Q726239|Q16562829,Masami Akita 5267969.jpg,Nomo (Michael Hoefner),CC BY 2.5,https://creativecommons.org/licenses/by/2.5,Minotauros,2019767227,dnfbDAHNYeI
Q45203,Hubert von Goisern,person,1979,Austria,Q5389389,"Hubert von Goisern - Kulturhauptstadt 2024, Seewiese Altaussee BHO-0488.jpg",Bernhard Holub,CC BY-SA 4.0,https://creativecommons.org/licenses/by-sa/4.0,brenna tuats guat,2835574782,l-XYBJOKNMg
Q452094,Marina Rossell,person,1974,Spain,Q254890,Marina Rossell Festival Barnasants 2013.jpg,CGE,CC BY-SA 3.0,https://creativecommons.org/licenses/by-sa/3.0,El Metec,68042305,AsMoC4x2bPw
Q452100,Fehlfarben,group,1979,Germany,Q646679,Fehlfarben-2006-Hein Klitzing.jpg,Z. Aufwärts,CC BY-SA 3.0,http://creativecommons.org/licenses/by-sa/3.0/,Ein Jahr (Es geht voran),357738071,Kvek60dvq50
Q452186,Cheikha Rimitti,person,1940,Algeria,Q839029,الشيخة-ريميتي.png,Unknown author,Public domain,,NOUAR,515862492,pCPB6WD87Yw
Q45230,Hansi Hinterseer,person,1994,Austria,Q2532274,Hansi Hinterseer - Buch Wien 2025.JPG,C.Stadler/Bwag,CC BY-SA 4.0,https://creativecommons.org/licenses/by-sa/4.0,Amore Mio,15117461,pD65uNv8jik
Q452411,Bootsy Collins,person,1968,United States,Q577080,"William ""Bootsy"" Collins (cropped).jpg",MikaV,CC BY-SA 4.0,https://creativecommons.org/licenses/by-sa/4.0,Bubble Pop,3266539681,zHlQovHhwJg
Q45275,Georg Kreisler,person,1944,United States,Q16154635,Georg Kreisler detail.jpg,Georg_Kreisler.jpg: Marcel601 derivative work: Rabanus Flavus (talk),Public domain,,Tauben vergiften,15345099,B2PH3hXSA0Y
Q452785,Nada Mamula,person,1946,Federal Republic of Yugoslavia,Q674684,"Stevan Kragujevic, Nada Mamula, 60tih.jpg",Tanja Kragujević/ author:Stevan Kragujević,CC BY-SA 4.0,https://creativecommons.org/licenses/by-sa/4.0,A Sto Cemo Ljubav Kriti,121481288,A8LZHDaA7EU
Q452817,Rain Parade,group,1981,United States,Q1432934,Rain Parade at Light Rail Studios SF 2013-09-07.jpg,Robert Toren,Public domain,,,,
Q453074,Brian Setzer,person,1979,United States,Q447962,Brian Salzburg 2006.JPG,Marcos C.,CC BY 3.0,https://creativecommons.org/licenses/by/3.0,Summertime Blues (Studio Outtake/24-Bit Mastered 99),3404088,
Q45339026,Sven Wittekind,person,1982,,Q3084222|Q307054,Sven Wittekind (1).JPG,User:JoeJoeJoe93,CC BY-SA 3.0,https://creativecommons.org/licenses/by-sa/3.0,Bleepy Disto Beeps,21861161,
Q453393,Lee Konitz,person,1940,United States,Q327547,Lee Konitz Bad Mergentheim.JPG,Schorle,CC BY-SA 4.0,https://creativecommons.org/licenses/by-sa/4.0,,,
Q45354,The Doors,group,1965,United States,Q206159,Doors electra publicity photo.JPG,Joel Brodsky; Distributed by Elektra Records,Public domain,,Roadhouse Blues,670804,BgQg3J7xU1k
Q45359,James Chance and the Contortions,group,1977,United States,Q823080,James White 1981 2.jpg,Braunov,CC BY-SA 3.0,https://creativecommons.org/licenses/by-sa/3.0,,,
Q453691,Quentin Dupieux,person,1991,France,Q113493820,Quentin Dupieux.jpg,"Elen Nivrae from Paris, France",CC BY 2.0,https://creativecommons.org/licenses/by/2.0,Flat Beat,3748159,
Q45370,Roy Black,person,1963,Germany,Q959583,Roy Black.jpg,Kungfuman,CC BY-SA 3.0,http://creativecommons.org/licenses/by-sa/3.0/,California Blue,6470052,YEGxXcIwZNk
Q45373,Konstantin Wecker,person,1947,Germany,Q98528299,"Konstantin Wecker, Wien 18.12.2009 (3).jpg",Manfred Werner - Tsui,CC BY-SA 3.0,https://creativecommons.org/licenses/by-sa/3.0,Die Gedanken sind frei,98508436,cvcTOxXz3gU
Q454010,Amanda Lear,person,1965,France,Q1374731,Amanda Lear 2010 a.jpg,Siren-Com,CC BY-SA 3.0,https://creativecommons.org/licenses/by-sa/3.0,The Sphinx,13206630,Wim8xJ_lCOo
Q45430,Florian Silbereisen,person,1981,Germany,Q2532274,Florian silbereisen mannheim.jpg,Smalltown Boy,CC BY-SA 3.0,http://creativecommons.org/licenses/by-sa/3.0/,Sommernachtsgefühle,2831904392,XVAEYq6VowU
Q454320,Elizabeth Cotten,person,1893,United States,Q1109497,Elizabeth Cotten Statue.jpg,Smerdis,CC BY-SA 4.0,https://creativecommons.org/licenses/by-sa/4.0,Shake Sugaree,4332601,p66KebI8aZM
Q454479,Liaisons Dangereuses,group,1981,Germany,Q372103,,,,,,,
Q454819,Branford Marsalis,person,1980,United States,Q14546558,Branford Marsalis.jpg,Tom Beetz @ http://home.hetnet.nl/~tbeetz/index.html,CC BY 2.0,https://creativecommons.org/licenses/by/2.0,Deep Moaning Blues,1159048082,75_yC3soUX0
Q455536,Selda Bağcan,person,1971,Turkey,Q483740,Selda Bagcan (cropped).jpg,Jwslubbock,CC BY-SA 3.0,https://creativecommons.org/licenses/by-sa/3.0,Öyle Bir Yerdeyim ki,6141622,q2pAZpRLhJk
Q455618,Thomas Campion,person,1601,Kingdom of England,Q6705418,,,,,,,
Q455723,Robert Cray,person,1974,United States,Q65937937,RobertCray.jpg,No machine-readable author provided. SteveHopson assumed (based on copyright claims).,CC BY 2.5,https://creativecommons.org/licenses/by/2.5,Right Next Door (Because Of Me),877025,jP2EvSNHqh0
Q455732,Vitalic,person,1996,France,Q113493820,Vitalic.jpg,Sylvain lasco,CC BY-SA 4.0,https://creativecommons.org/licenses/by-sa/4.0,Poison Lips,3625529952,I2dfGC1oziE
Q455773,Roy Acuff,person,1903,United States,Q65943778,Roy Acuff 1950.JPG,Walden S. Fabry/Ross Photos,Public domain,,Wabash Cannonball,586191,i435ovKX9aE
Q455818,Duane Eddy,person,1954,United States,Q1650296,Duane Eddy 1960.JPG,Frank C. Fleer Corporation,Public domain,,Shazam,89011885,lDIMpQHXBsk
Q455939,Patty Loveless,person,1973,United States,Q458480,Loveless02.jpg,LarkCGN,CC BY-SA 3.0,http://creativecommons.org/licenses/by-sa/3.0/,You'll Never Leave Harlan Alive,624963,n34H7tiBNik
Q456180,Don Cherry,person,1956,United States,Q211781|Q98528204,DonCherry.jpg,jazzenthusiast,Public domain,,Chenrezig,672221192,Y6YC_ncfw4A
Q45650,Free,group,1972,United Kingdom,Q193355,FreeWinwood1970.jpg,Rob Mieremet,CC0,http://creativecommons.org/publicdomain/zero/1.0/deed.en,All Right Now,929222,5wiF6b4rxno
Q456538,Yvette Horner,person,1940,France,Q7770873,"Tour de France , Mette Horner, Bestanddeelnr 911-3760.jpg",Harry Pot for Anefo,CC0,http://creativecommons.org/publicdomain/zero/1.0/deed.en,La Plus bath des javas,3225882,
Q456751,Giacinto Scelsi,person,1905,Italy,Q1245902,,,,,,,
Q45682,Jean Sibelius,person,1892,Grand Duchy of Finland,Q3328774|Q9734|Q271802,Jean Sibelius in 1890 (cropped).jpg,Paul Heckscher,Public domain,,"Suite for Violin and Strings, in D Minor, Op. 117: I. Country Scenery",3140921641,
Q456964,Kristine W,person,1985,United States,Q3032212,Kristine W.jpg,Fly Again Productions,Public domain,,,,
Q457125,Albert Ayler,person,1936,United States,Q790188|Q211781,Albert Ayler (1967–68 photo portrait for ABC Impulse!).jpg,"Photographer uncredited, but the photo was almost certainly taken by Chuck Stewart (1927–2017), who is credited with the",Public domain,,Spirits Rejoice,1463023912,g-0b5Rodwsg
Q457379,Milly Quezada,person,1975,Dominican Republic,Q282131,Milly Quezada.jpg,Ing hiro,CC BY-SA 4.0,https://creativecommons.org/licenses/by-sa/4.0,Lo Que Más,845471402,E_cMD65zKMY
Q45752,LCD Soundsystem,group,2001,United States,Q2187392|Q1643549|Q133501932,"Route du Rock 2007, LCD Soundsystem.jpg","Bertrand from Paris, France",CC BY 2.0,https://creativecommons.org/licenses/by/2.0,"New York, I Love You but You're Bringing Me Down",3110856,-eohHwsplvY
Q457652,Solarstone,person,1989,United Kingdom,Q1136765,,,,,,,
Q457655,Juanita Reina,person,1925,Spain,Q15042720,"Juanita Reina, Alginet (País Valencià), 1955 (cropped).jpg",Ismael Latorre Mendoza,CC BY-SA 3.0,https://creativecommons.org/licenses/by-sa/3.0,Francisco Alegre (Pasodoble),3515244,
Q458229,Pinetop Perkins,person,1913,United States,Q2603965,Pinetop Perkins 1.jpg,Carl Lender,CC BY 2.0,https://creativecommons.org/licenses/by/2.0,Pinetop is just on top,305324,LPBm5sQhMoU
Q458326,Impetigo,group,1987,United States,Q1147692,,,,,Dis-Organ-Ized,65034113,2g1-lx5bUVs
Q458663,Beth Carvalho,person,1960,Brazil,Q11403,Beth Carvalho (2011).jpg,Lucia Ourique / Ministério da Cultura,CC BY 2.0,https://creativecommons.org/licenses/by/2.0,Água de chuva no mar (Ao vivo),421856322,yI4jQ89w8SU
Q458787,DJ Kool Herc,person,1973,United States,Q868855,Kool Herc.jpg,Richard Alexander Caraballo,CC BY 3.0,https://creativecommons.org/licenses/by/3.0,,,
Q458828,Andreas Vollenweider,person,1975,Switzerland,Q213121,Andreas Vollenweider walking.jpg,Avaf,Public domain,,The Pyramidians,993470652,yDztJ5Htado
Q45898064,Lil Tracy,person,2012,United States,Q12362064,,,,,Heart,913697682,TJL1B-AXlFo
Q45898094,GHOSTEMANE,person,2010,United States,Q65089257|Q55644985,GHOSTEMANE 2016.jpg,DavidMolinaVera,CC BY-SA 4.0,https://creativecommons.org/licenses/by-sa/4.0,Fed Up,3606526282,p0lbm5J0uUs
Q459524,Sieges Even,group,2004,Germany,Q56377253,,,,,Sequence V: Blue Wide Open,2123822697,ZWAq5RYUhF0
Q460542,Amebix,group,1978,United Kingdom,Q825769,Amebix show 64ety.jpg,brandi666,CC BY 2.0,https://creativecommons.org/licenses/by/2.0,Largactyl,88647081,4xXhBs1Ho18
Q46096,Felix Mendelssohn,person,1826,Kingdom of Saxony,Q85477|Q1063010|Q9748,Felix Mendelssohn Bartholdy by Eduard Magnus (1833).jpg,Eduard Magnus,Public domain,,,,
Q460970,Phyllis Dillon,person,1971,Jamaica,Q573484,,,,,Picture On The Wall - Original,1901297,
Q461011,Louis Jordan,person,1932,United States,Q45981|Q1515757,"Louis Jordan, New York, N.Y., ca. July 1946 (William P. Gottlieb 04721).jpg",William P. Gottlieb,Public domain,,Something For Fred,305708,1rA7iFpVRTo
Q4612,Marlene Dietrich,person,1919,Nazi Germany,Q111535905,Marlene Dietrich Ross-Verlag 0875(crop).jpg,für die Datei Arths-at,Public domain,,,,
Q462291,Brian Ferneyhough,person,1943,United Kingdom,Q3736603,,,,,,,
Q462347,Nujabes,person,1996,Japan,Q97265899|Q1077172,,,,,Luv (sic.) pt3,2791873062,Fwv2gnCFDOc
Q462380,Queensrÿche,group,1982,United States,Q253137|Q484344,Queensrÿche - 2019214115613 2019-08-02 Wacken - 0055 - 5DSR3553 (cropped).jpg,Sven Mandel,CC BY-SA 4.0,https://creativecommons.org/licenses/by-sa/4.0,Silent Lucidity,7459741,jhat-xUQ6dw
Q462426,Carla Thomas,person,1960,United States,Q1567032,Carla Thomas.png,Stax,Public domain,,B-A-B-Y,82411468,FZu6FMAksrs
Q46252,Crashdïet,group,2000,Sweden,Q1785028,Crashdiet at Peace and Love festival 2007.jpg,Calle Eklund/V-wolf,CC BY-SA 3.0,https://creativecommons.org/licenses/by-sa/3.0,Sick Enough for Me,3892191391,TimATyHyNjo
Q462709,Killswitch Engage,group,1998,United States,Q183862|Q4490718,Killswitch Engage - Wacken Open Air 2023 15.jpg,Frank Schwichtenberg,CC BY-SA 4.0,https://creativecommons.org/licenses/by-sa/4.0,My Curse,660710,iPW9AbRMwFU
Q462983,Machito,person,1928,Cuba,Q1646666|Q837389|Q3163340,"Machito, Glen Island Casino, New York, N.Y., ca. July 1947 (William P. Gottlieb 13821).jpg",William P. Gottlieb,Public domain,,Congo Mulence,3103698,sV3E4oURRTE
Q4636221,3Ball MTY,group,2009,Monterrey,Q7844612,3BALLMTY in 2014.jpg,"Julio Enriquez from Denver,CO, USA",CC BY 2.0,https://creativecommons.org/licenses/by/2.0,Inténtalo,4234110272,LRYNWfJzfVE
Q463678,Grover Washington Jr.,person,1967,United States,Q38656|Q846833|Q831354,Grover Washington 1995.jpg,"Kingkongphoto &amp; www.celebrity-photos.com from Laurel Maryland, USA",CC BY-SA 2.0,https://creativecommons.org/licenses/by-sa/2.0,Just the Two of Us,3085246,v8oqbWrP1QY
Q463818,Belkıs Akkale,person,1972,Turkey,Q1810546,,,,,Odam Kireç Tutmuyor,802972602,-rG8apuhyok
Q463918,Mariza,person,1997,Portugal,Q185676,Mariza ZMF 2015 jm41832.jpg,joergens.mi,CC BY-SA 3.0,https://creativecommons.org/licenses/by-sa/3.0,,,
Q463925,Cristina Branco,person,1997,Portugal,Q185676,JSLP2022CristinaBranco 02.jpg,Selbymay,CC BY-SA 4.0,https://creativecommons.org/licenses/by-sa/4.0,Sete Pedaços De Vento,2541411,qTl1EjDxgDU
Q463930,Ana Moura,person,1979,Portugal,Q185676,Ana Moura in June 2010 (2).jpg,"hugo esteves from Vila Real de Santo Antonio, Portugal",CC BY 2.0,https://creativecommons.org/licenses/by/2.0,Desfado,62263917,TZurR7xGk4c
Q463945,Teresa Teng,person,1967,Taiwan,Q1192110|Q973150,Teresa Teng US.jpg,unknown author,Public domain,,Toki No Nagare Ni Mi O Makase,128097937,
Q464036,The Monkees,group,1966,United States,Q997481,The Monkees March 1967.jpg,Colgems Records,Public domain,,I'm a Believer,764920,5tpxXDILZHs
Q464109,Scissor Sisters,group,2001,United States,Q2281409,Scissor Sisters 2025.jpg,Erin Mc,CC BY 4.0,https://creativecommons.org/licenses/by/4.0,I Don't Feel Like Dancin',3168145421,4H5I6y1Qvz0
Q464185,Daler Mehndi,person,1995,India,Q854844|Q3535998,Daler Mehndi.jpg,Phronesisindia,CC BY-SA 4.0,https://creativecommons.org/licenses/by-sa/4.0,Tunak Tunak Tun,64927344,92ydUdqWE1g
Q464191,Mari Boine,person,1985,Norway,Q744327,Riddu Riđđu 18 Mari Boine-9633 (42694423734) crop oaivi.jpg,"Riddu Riddu from Samuelsberg, Norge",CC BY-SA 2.0,https://creativecommons.org/licenses/by-sa/2.0,Vuoi Vuoi Mu,2344200245,NyB90aNkURU
Q464204,Sofia Jannok,person,1993,Sweden,Q744327,Sofia Jannok EM1B1384 (35112111676).jpg,"Bengt Nyman from Vaxholm, Sweden",CC BY 2.0,https://creativecommons.org/licenses/by/2.0,THIS IS MY LAND (sápmi),864588302,
Q464213,Amy Grant,person,1976,United States,Q1379958,AmyGrantHWOFSept2012.jpg,Angela George,CC BY-SA 3.0,https://creativecommons.org/licenses/by-sa/3.0,"Baby, Baby",3145500,vMXuuYnoRdI
Q464241,Faith Hill,person,1993,United States,Q2280497,Faith Hill by John Mathew Smith.jpg,"Kingkongphoto &amp; www.celebrity-photos.com from Laurel Maryland, USA",CC BY-SA 2.0,https://creativecommons.org/licenses/by-sa/2.0,Breathe,6641040,yCmsZUN4r_s
Q464476,Black Flag,group,1976,United States,Q25554481|Q10922,Black Flag - 2019.jpg,Robxwallace,CC BY-SA 4.0,https://creativecommons.org/licenses/by-sa/4.0,Rise Above,1602535,QD65dEbDLb4
Q464534,Robert Charlebois,person,1965,Canada,Q2956164,Robert Charlebois 2009.jpg,Georges Biard,CC BY-SA 3.0,https://creativecommons.org/licenses/by-sa/3.0,Ordinaire,63237784,-aqALErFMd4
Q4646005,95 South,group,1993,United States,Q546206,95 South New.jpg,Chubsthenoble,CC BY-SA 4.0,https://creativecommons.org/licenses/by-sa/4.0,"Whoot, There It Is",132328560,aBwvFBxf_Eg
Q464650,Faye Wong,person,1989,People's Republic of China,Q1192110|Q973150,Faye Wong.jpg,Brandon Lim,CC BY-SA 2.0,https://creativecommons.org/licenses/by-sa/2.0,知己知彼,679477302,iYqhHM19He0
Q464728,Memphis Minnie,person,1908,United States,Q106641530,Memphis Minnie.jpg,Unknown author,Public domain,,Me And My Chauffeur Blues,1547765,KiRoNuw5x4M
Q464749,Journey,group,1973,United States,Q2526653|Q379033|Q16527140,Journey band.JPG,Matt Becker,CC BY 3.0,https://creativecommons.org/licenses/by/3.0,Don't Stop Believin',625643,1k8craCGpgs
Q464993,Baden Powell,person,1950,Brazil,Q486263,Baden powell 1971.jpg,Philippe Baden Powell,Attribution,,Canto De Ossanha,70638015,B6445JAN5-M
Q465067,M. S. Subbulakshmi,person,1930,Dominion of India,Q854775|Q1323698|Q956883,M. S. Subbulakshmi (03).jpg,Saregama Carnatic,CC BY 3.0,https://creativecommons.org/licenses/by/3.0,,,
Q465191,Roberto Carlos,person,1959,Brazil,Q6296743|Q5747258|Q6496560,Roberto Carlos Credicard Hall (44435767951).jpg,"Teca Lamboglia from São Paulo, Brasil",CC BY 2.0,https://creativecommons.org/licenses/by/2.0,Cama y Mesa,15087678,U644P4v2GF0
Q465220,Unanimated,group,1989,Sweden,Q2997058,,,,,Life Demise,856591012,1ohO-i73bzc
Q465302,Martha Wash,person,1975,United States,Q3032212,Martha Wash.jpg,Daniel Åhs Karlsson,CC BY 3.0,https://creativecommons.org/licenses/by/3.0,Carry On,521151322,vr04x-rWFMU
Q465351,Elba Ramalho,person,1968,Brazil,Q586110,Elba 2012 (5).jpg,"Zé Carlos Barretta from São Paulo, Brasil",CC BY 2.0,https://creativecommons.org/licenses/by/2.0,,,
Q465636,Doc Watson,person,1953,United States,Q108616106,Doc Watson Sugar Grove.jpg,boonejag75,CC BY 2.0,https://creativecommons.org/licenses/by/2.0,Nashville Blues,3441453,OryAAdwP6Hc
Q46573,Lacuna Coil,group,1994,Italy,Q178145,Lacuna Coil - 2022217144251 2022-08-05 Wacken - Sven - 5DS R - 0298 - 5DSR7886 (Cropped).jpg,Sven Mandel,CC BY-SA 4.0,https://creativecommons.org/licenses/by-sa/4.0,Heaven's a Lie,108573814,4wfRHPsRGkk
Q4657762,A Lighter Shade of Brown,group,1990,United States,Q1399695,,,,,,,
Q4657951,A Lot Like Birds,group,2009,United States,Q115684103,,,,,Truly Random Code,71411681,SIn5S8oAi6A
Q465877,Elis Regina,person,1961,Brazil,Q1046768,Elis Regina 1965.jpg,Unknown author,Public domain,,Águas De Março,565340102,NSYn8blImqQ
Q465902,Chiquinha Gonzaga,person,1847,Brazil,Q1076539|Q3889661|Q430075,Chiquinha 6a.jpg,Unknown author,Public domain,,Ô Abre Alas!,558199602,m_vaRKqCDYM
Q465927,Daniela Mercury,person,1989,Brazil,Q1435485,"2024-08-21 EUA e Irlanda recebem Ex-presidente Mary Robinson, 07 (Daniela Mercury).jpg",Embaixada dos EUA - Brasil,Public domain,,Rapunzel,11142174,y4STc2Sj0X8
Q465943,Betty Carter,person,1929,United States,Q1530455,CarterBetty19861025.jpg,Gampe,CC0,http://creativecommons.org/publicdomain/zero/1.0/deed.en,I Can't Help It,2186178,R-2j_m8cGgE
Q4660666,A Winged Victory for the Sullen,group,,,Q65943744,A Winged Victory for the Sullen.JPG,Battleofalma,CC BY-SA 4.0,https://creativecommons.org/licenses/by-sa/4.0,The Dead Outnumber The Living,1126623632,
Q466120,Freddy Quinn,person,1953,Austria,Q959583,Freddy Quinn (1977).jpg,Koen Suyk / Anefo,CC BY-SA 3.0 nl,https://creativecommons.org/licenses/by-sa/3.0/nl/deed.en,Die Gitarre und das Meer,16476740,wLHFma3M8JY
Q466370,Green on Red,group,1979,United States,Q1432934,Green On Red at King Tuts.jpg,Darren Andrews,CC BY-SA 4.0,https://creativecommons.org/licenses/by-sa/4.0,Little Things in Life,364030701,ACRDtwFN_4I
Q46644,Gogol Bordello,group,1999,United States,Q2715283,Gogol Bordello at the Aggie Theatre.jpg,Greg Younger,CC BY-SA 2.0,https://creativecommons.org/licenses/by-sa/2.0,Start Wearing Purple,3872103771,SkkIwO_X4i4
Q466508,Rosemary Clooney,person,1946,United States,Q1196752,Rosemary Clooney 1954.jpg,"Bud Fraker, for Paramount Pictures",Public domain,,,,
Q466741,Meiway,person,1989,Ivory Coast,Q3575673,MeiwayLeProf.jpg,Ptityorobo,CC BY-SA 3.0,https://creativecommons.org/licenses/by-sa/3.0,DJ Tassouman,61453517,cYQ6b85nzBE
Q466767,Sarit Hadad,person,1994,Israel,Q2738544,Sarit Hadad (cropped1).jpg,לידור חדידה (Lidor Hadida),CC BY-SA 3.0,https://creativecommons.org/licenses/by-sa/3.0,כשהלב בוכה,560496332,bBCIefOfUKY
Q4668280,Abominable Putridity,group,2003,Russia,Q6130346,,,,,Remnants of the Tortured,1642663962,uWKLN6boesU
Q466840,The Soul Stirrers,group,1926,United States,Q180268|Q880270,,,,,Wade In The Water,855103782,XwSugJQDgRo
Q467031,Mary Youngblood,person,1958,United States,Q112593424,Mary signs a CD cropped.jpg,Mary_signs_a_CD.jpg: Mike Oitzman derivative work: Adabow (talk),CC BY-SA 3.0,https://creativecommons.org/licenses/by-sa/3.0,Caress The Smile,78242621,
Q467067,Bülent Ersoy,person,1970,Turkey,Q623824,Bülent Ersoy TSM konser 01.JPG,Lubunya,CC BY-SA 3.0,https://creativecommons.org/licenses/by-sa/3.0,Yüzünü Göremem,66173593,mImvOvKjxtE
Q467069,Massimo Ranieri,person,1964,Italy,Q1195630,Ranieri particolare.JPG,Commons,CC BY-SA 2.0,https://creativecommons.org/licenses/by-sa/2.0,Perdere l'amore,661313,9Ih9nL81jW8
Q467087,Guy Lombardo,person,1924,United States,Q137799958,Guy Lombardo 1944.jpg,"Music Corporation of America-photo by Maurice Seymour, Chicago.",Public domain,,A Sailboat in the Moonlight,853902672,ex7k7FgQYWs
Q467094,Oumou Sangaré,person,1990,Mali,Q7972788,"(Oumou Sangaré) De la poesía a la música de raíz, sonidos de la segunda noche de San Isidro.jpg",Diario de Madrid,CC BY 4.0,https://creativecommons.org/licenses/by/4.0,Wassulu Don,3794175542,tulfimCd6JE
Q467129,CeCe Peniston,person,1991,United States,Q3032212|Q173844,"CCP March 14, 2012.jpg",Venomous Zeal,CC BY-SA 4.0,https://creativecommons.org/licenses/by-sa/4.0,Finally,1758853257,xk8mm1Qmt-Y
Q4671711,Baauer,person,2011,United States,Q47781397,Baauer Big Dancing by Leah Gair cropped.jpg,Leah Gair,CC BY 2.0,https://creativecommons.org/licenses/by/2.0,Harlem Shake,64734097,hQNjcOdHHmA
Q467250,Augustus Pablo,person,1999,Jamaica,Q212688,Reggae vinyl records.jpg,dubdem sound system,CC BY 2.0,https://creativecommons.org/licenses/by/2.0,Sunshine Dub,86115235,LGjWxguzEO0
Q467519,Randy Travis,person,1978,United States,Q458480,Randy Travis 2007.jpg,- EMR -,CC BY 2.0,https://creativecommons.org/licenses/by/2.0,"Forever and Ever, Amen",7172209,KtKXc_v2iLE
Q467526,Kenny Chesney,person,1993,United States,Q65937954,Kenny Chesney 20070830.jpg,LawrenceFung,CC BY 2.0,https://creativecommons.org/licenses/by/2.0,Carry On,3961427991,3im-HOZNMIM
Q467532,NG La Banda,group,,Cuba,Q371745,,,,,,,
Q46755,Benny Goodman,person,1926,United States,Q203775|Q105756581,Benny Goodman 1942.jpg,"Photo by Jammes J. Kriegsmann, New York",Public domain,,,,
Q467624,Orathai Dabkham,person,1999,Thailand,Q665286,Thai PM Abhisit Vejjajiva with Tai Orathai (2009).jpg,Government of Thailand,CC BY 2.0,https://creativecommons.org/licenses/by/2.0,,,
Q467933,The Chi-Lites,group,1959,United States,Q1269729,,,,,,,
Q467954,Pedro Infante,person,1939,Mexico,Q7309098|Q464129|Q727634,Pedro Infante en 1954 (cropped).jpg,Asociación Nacional de Actores,Public domain,,Cien años,421271942,l4GbKakSeDY
Q468162,DJ Korsakoff,person,2001,Kingdom of the Netherlands,Q1983750,Airbeat One 2015 Korsakoff Lindsay van der Eng by Denis Apel-1862.jpg,Denis Apel,CC BY-SA 4.0,https://creativecommons.org/licenses/by-sa/4.0,,,
Q4682418,Adewale Ayuba,person,1983,Nigeria,Q3509353,Adewale Ayuba.JPG,Buyauthenticrecords,CC BY-SA 4.0,https://creativecommons.org/licenses/by-sa/4.0,Koloba Koloba,1474760382,R5jdGnD0-wc
Q468356,Ali Akbar Khan,person,1922,British Raj,Q1323698|Q1770695,Dia7275 Ali Akbar Khan r.jpg,Alephalpha,CC BY-SA 4.0,https://creativecommons.org/licenses/by-sa/4.0,Guru Bandana (Prayer),64067961,
Q4688391,Aeroplane,person,2007,Belgium,Q4045538,,,,,,,
Q4690196,Afro-Rican,group,,United States,Q546206,,,,,Kool,143726862,VBwaA_DQoig
Q469068,Luigi Tenco,person,1959,Italy,Q108297209,Tenco Sanremo 1967.jpg,Unknown author,Public domain,,,,
Q469756,Asher Roth,person,2005,United States,Q19708376,Asher7.jpg,Asher Roth,CC BY 3.0,https://creativecommons.org/licenses/by/3.0,I Love College,3060682,UmaTiGf5r6A
Q469894,Tansen,person,1562,,Q59158,"Tansen of Gwalior. (11.8x6.7cm) Mughal. 1585-90. National Museum, New Delhi..jpg",AnonymousUnknown author,Public domain,,,,
Q46994463,Rex Orange County,person,2016,United Kingdom,Q28746819,Rex Orange County - Photo by Skyler Pradhan.jpg,SkyGuy711,CC BY-SA 4.0,https://creativecommons.org/licenses/by-sa/4.0,Television / So Far So Good,1893468457,NZc__Hhi4L8
Q4700,Claude Debussy,person,1884,France,Q1583807|Q9730|Q65937946|Q105697765|Q2737175|Q212148|Q207841,Claude Debussy by Atelier Nadar.jpg,Adam Cuerden,Public domain,,,,
Q470066,Robin S.,person,1992,United States,Q3032212|Q173844,,,,,Show Me Love,6628158,DMg8LwfXdyc
Q4701665,Akron/Family,group,2002,United States,Q2404568,Seth olinsky.jpg,"""sfllaw""",CC BY-SA 2.0,https://creativecommons.org/licenses/by-sa/2.0,"Don't Be Afraid, You're Already Dead",79291735,BJhBWkETQ6s
Q470182,Paul Whiteman,person,1890,United States,Q3807537|Q137799958,Paul Whiteman 1939.jpg,Artists Management Inc.,Public domain,,,,
Q4705459,Alacranes Musical,group,1996,United States,Q907799,,,,,Suena La Banda,139470309,
Q470554,Gino Paoli,person,1959,Italy,Q108297209,Gino Paoli cropped.jpg,"Gino_Paoli_2010.jpg: Elena Torre from Viareggio, Italia derivative work: RanZag (talk)",CC BY-SA 2.0,https://creativecommons.org/licenses/by-sa/2.0,Quando ti rivedrò,4289411722,gw-LUbkNSKk
Q470617,Pharoah Sanders,person,1964,United States,Q211781|Q98528204,Pharoah Sanders photo.jpg,Dmitry Scherbie New York,CC BY-SA 2.0,https://creativecommons.org/licenses/by-sa/2.0,Astral Traveling,62347613,T4nAGtdkU88
Q470732,José Antonio Labordeta,person,1935,Spain,Q98528181,José Antonio Labordeta (2009) cropped.jpg,Gregorio López,CC BY 2.0,https://creativecommons.org/licenses/by/2.0,,,
Q4709921,Albert Chevalier,person,1861,,Q940462,Albert-Chevalier.jpg,M. Witmark &amp; Sons,Public domain,,,,
Q47122,Enrique Iglesias,person,1995,Spain,Q547137,Enrique Iglesias (6891751264).jpg,"Eva Rinaldi from Sydney, Australia",CC BY-SA 2.0,https://creativecommons.org/licenses/by-sa/2.0,El Perdón,140421809,1m7TF2nVV1c
Q47159,Nate Dogg,person,1992,United States,Q1045541,,,,,I Got Love,671270,MRwHd3PWgyo
Q4717311,Alex Konadu,person,1950,Ghana,Q963061,,,,,,,
Q47227,Noisia,group,2002,Netherlands,Q188994|Q967654,"Noisia, Ram Brixton Academy, New Year's Eve 2015.png",Emma Louise,CC BY 3.0,https://creativecommons.org/licenses/by/3.0,Supersonic (VIP),1749460827,7PZj74JVtrg
Q4723615,Buhurizade Itri Efendi,person,1640,Ottoman Empire,Q1518063,Buhurizade Mustafa Itrî.jpg,Central Bank of the Republic of Turkey,CC BY-SA 3.0,https://creativecommons.org/licenses/by-sa/3.0,,,
Q4723775,Alfredo Fiorito,person,1976,Argentina,Q2866725,,,,,,,
Q472578,John Martyn,person,1967,United Kingdom,Q649634,JohnMartyn1978.jpg,TimDuncan,CC BY 3.0,https://creativecommons.org/licenses/by/3.0,Glory Box,109786328,UkApbBABW9E
Q472595,OutKast,group,1992,United States,Q1253172|Q438503|Q8560269,2014227235242 2014-08-15 Rock'n'Heim - Sven - 5D MK II - 250 - IMG 0063 mod.jpg,Sven Mandel,CC BY-SA 3.0,https://creativecommons.org/licenses/by-sa/3.0,Hey Ya!,628266,PWgvGjAhvIw
Q4726348,Alick Macheso,person,1983,Zimbabwe,Q109538468,Alick Macheso by Bayhaus.jpg,bayhaus,CC BY 2.0,https://creativecommons.org/licenses/by/2.0,Charakupa,1590102682,8ChXnfBw0es
Q472644,Mongo Santamaría,person,1950,Cuba,Q837389,Mongo Santamaria 1969.JPG,Associated Booking Corporation (management); photographer: Ronnie Brathwaite,Public domain,,,,
Q4727094,Alison Hinds,person,1987,Barbados,Q1051735,AlisonHinds.jpg,Rickmunroe01,CC BY-SA 4.0,https://creativecommons.org/licenses/by-sa/4.0,King and Queen,129207588,i_r-6K6nEAE
Q4727516,Alix Perez,person,,Belgium,Q107010574,,,,,Desanka,1649662492,qw0mkbvwUCA
Q472895,Alexander O'Neal,person,1973,United States,Q6868046,Alexander O'Neal 2014.jpg,Andrew Hurley,CC BY-SA 2.0,https://creativecommons.org/licenses/by-sa/2.0,,,
Q4729606,All Saved Freak Band,group,1968,United States,Q135112758,,,,,,,
Q473466,Paramore,group,2003,United States,Q3724735,Paramore - The O2 - Friday 12th January 2018 DSC03984ParamoreO2Jan18 (25112969047).jpg,Raph_PH,CC BY 2.0,https://creativecommons.org/licenses/by/2.0,Misery Business,3829140,aCyGvGEtOwc
Q473784,Seabound,group,1995,Germany,Q828243,Resistanz 2014- Sheffield- 20-Apr 2014 (13974613475).jpg,"adam w from London, UK",CC BY 2.0,https://creativecommons.org/licenses/by/2.0,Hooked,1978801497,hVMdpMqZNyI
Q474045,Celia Cruz,person,1948,Cuba,Q18345375|Q208239|Q1552806,Celia Cruz 1957 color.jpg,"Ibrahim Arce (Narcy Studios photographer), most likely",Public domain,,La Vida Es Un Carnaval,429989292,7Ho86ggAVrY
Q474283,Amos Milburn,person,1946,United States,Q1515757,"Portrait of Amos Milburn, c. 1955.jpg",James J. Kriegsmann,Public domain,,,,
Q474980,Rubén Blades,person,1974,Panama,Q208239,Ruben Blades by Gage Skidmore.jpg,Gage Skidmore,CC BY-SA 3.0,https://creativecommons.org/licenses/by-sa/3.0,Amor y Control,70331590,3U9SAaP9aeg
Q47502796,Tomppabeats,person,1997,Finland,Q97265899,Tomppabeats.jpg,Tapiotapiokolmonen,CC BY-SA 4.0,https://creativecommons.org/licenses/by-sa/4.0,,,
Q475227,The Jesus Lizard,group,1987,United States,Q181861,Jesus-Lizard Panorama1.jpg,Philip Markwick,CC BY-SA 3.0,https://creativecommons.org/licenses/by-sa/3.0,Nub,125988123,UJm8KHBZEbU
Q475935,North Mississippi Allstars,group,1996,United States,Q5762403,N-Miss-Allstars-DBL EX.jpg,Gary Bridgman,CC BY 2.5,https://creativecommons.org/licenses/by/2.5,Up and Rolling,698951202,LHt29ZnW5lA
Q475963,Fulanito,group,1996,Dominican Republic,Q3855113,Fulanito En La Puerta Grande.jpg,Winston Rosa,CC BY-SA 3.0,https://creativecommons.org/licenses/by-sa/3.0,Guallando,11671201,4d7yQFgHROM
Q4759874,André Cymone,person,1974,United States,Q6868046,André Cymone 1982.jpg,Randi St. Nichols; Distributed by Columbia Records,Public domain,,The Dance Electric,74412535,RK1VXPqxuAM
Q4761048,Andy Mineo,person,2001,United States,Q2238236,AM F&F LA 19.jpg,Zeekatstrat,CC BY-SA 4.0,https://creativecommons.org/licenses/by-sa/4.0,Coming In Hot,529248091,uLS-WE4K8q0
Q4762125,Angel Diaz,person,1929,Argentina,Q5393053,Ángel Díaz.jpg,Unknown author,Public domain,,Bélicos Somos Y Andamos,2634550872,ZK3ullTNzzk
Q47670,Black Sabbath,group,1968,United Kingdom,Q12326776|Q38848|Q186170,Black Sabbath (1970).png,Warner Bros. Records,Public domain,,Paranoid,74062292,0qanF-91aJo
Q477461,Amr Diab,person,1983,Egypt,Q2610186,Amr Diab With World Music Awards.jpg,Muhammed Rafaat,CC BY-SA 4.0,https://creativecommons.org/licenses/by-sa/4.0,Tamally Maak,81102882,EgmXTmj62ic
Q477571,Charles Tomlinson Griffes,person,1884,United States,Q105697765,Charles Griffes.jpg,Unknown author,Public domain,,,,
Q477644,Moğollar,group,1968,Turkey,Q483740,Moğollar 3.JPG,Atacameño,Public domain,,Dinleyiverin Gari,434198132,6Ur-OVaH1RY
Q477783,Sunnyland Slim,person,1906,United States,Q2603965,,,,,,,
Q478629,The Dubliners,group,1962,Ireland,Q854451|Q7482056,TheDubliners2005.jpg,Jim McCann /,CC BY 2.5,https://creativecommons.org/licenses/by/2.5,Whiskey in the Jar,583801,41GtRF4aPAE
Q47871,Green Day,group,1982,United States,Q253137|Q25554481|Q487914,"Green Day - Hella Mega Tour - August 10, 2021.jpg",ECarterSterling,CC BY-SA 2.0,https://creativecommons.org/licenses/by-sa/2.0,Basket Case,678044,NUTGr5t3MoY
Q478750,Dio,group,1982,United States,Q38848,Dio (2005).jpg,"Shadowgate from Novara, Italy.",CC BY 2.0,https://creativecommons.org/licenses/by/2.0,Holy Diver,14619726,EhGEGIBGLu8
Q4799590,Arthur Lyman,person,1948,United States,Q1779294|Q916387,Arthur Lyman Head Shot.jpg,RichArtLove,CC BY-SA 4.0,https://creativecommons.org/licenses/by-sa/4.0,Ringo Oiwake,130642410,reU1GK47L44
Q480043,Rotersand,group,2002,Germany,Q828243,Rotersand at Infest 2010 (2010-08-28).jpg,Marek,CC BY-SA 2.0,https://creativecommons.org/licenses/by-sa/2.0,Truth Is Fanatic Again,93010022,
Q48008057,Distruction Boyz,group,,,Q29973057,Distruction Boyz (2018).png,Capital FM Kenya,CC BY 3.0,https://creativecommons.org/licenses/by/3.0,Shut Up and Groove,1363593822,E5vxzZl0KAE
Q480084,Vinterriket,group,1996,Germany,Q112118786,,,,,‚Ä¶Endlos Und Karg‚Ä¶,63222922,
Q4801647,Artur Paredes,person,1899,Portugal,Q5141514,,,,,,,
Q4805856,Ashra,group,1976,Germany,Q79784514,,,,,,,
Q481477,Tony Conrad,person,1962,United States,Q650316,Tony Conrad 3 - DMS35th.jpg,Dave Pape,Public domain,,,,
Q48173,Bedřich Smetana,person,1824,Austria–Hungary,Q271802,FriedrichSmetana.jpg,Unknown author,Public domain,,Z domoviny,2768658371,PeHvitoLeb0
Q4819842,Audio Push,group,2008,United States,Q135239105,,,,,Space Jam,69650818,cpuS8mhu3TM
Q4822616,Miguel Frías de Molina,person,1931,Spain,Q15042720,Miguel de Molina.jpg,Annemarie Heinrich (1912-2005),Public domain,,,,
Q482477,Blink-182,group,1992,United States,Q487914,Blink182.jpg,Journalist 2nd Class Denny Lester,Public domain,,All The Small Things,127354207,9Ht5RZpzPqw
Q4828830,Avihu Medina,person,1970,Israel,Q2738544,אביהו מדינה.jpg,Avihu9,CC BY-SA 3.0,https://creativecommons.org/licenses/by-sa/3.0,,,
Q482907,Bryan Adams,person,1975,Canada,Q484641|Q2526653,BryAdamsMargate130624 (39 of 43) (53789411882) Cropped.jpg,Raph_PH,CC BY 2.0,https://creativecommons.org/licenses/by/2.0,Heaven,88902737,3eT464L1YRA
Q482964,Depeche Mode,group,1980,United Kingdom,Q1298934,Depeche mode in portland Nov 2023.jpg,Brianhphoto,CC BY-SA 4.0,https://creativecommons.org/licenses/by-sa/4.0,Enjoy the Silence,68515055,aGSKrC7dGcY
Q48304,The Pogues,group,1982,Ireland,Q2662148|Q1990122|Q1425661,Pogues Munich 2011.jpg,Redadeg,CC BY-SA 3.0,https://creativecommons.org/licenses/by-sa/3.0,Dirty Old Town,4094365,s11BuatTuXk
Q483135,H.O.T.,group,1996,South Korea,Q213665,,,,,,,
Q483285,My Chemical Romance,group,2001,United States,Q253137|Q10926,MCR820 (cropped).jpg,Mint13green,CC BY-SA 4.0,https://creativecommons.org/licenses/by-sa/4.0,Welcome to the Black Parade,676573,RRKJiM9Njr8
Q483407,Ramones,group,1974,United States,Q25554481|Q3071,Ramones 30081980 10 800.jpg,Helge Øverås,CC BY 2.5,https://creativecommons.org/licenses/by/2.5,Blitzkrieg Bop,131744724,268C3N2dDYk
Q483558,Sum 41,group,1996,Canada,Q487914,Sum 41 live 2008.jpg,Timmeh,Public domain,,In Too Deep,1125083,emGri7i8Y2Y
Q483718,Foo Fighters,group,1995,United States,Q379671|Q2526653,FoosLollBerlin190917-74 (cropped).jpg,Raph_PH,CC BY 2.0,https://creativecommons.org/licenses/by/2.0,Everlong,4762041,eBG7P-K-r1Y
Q483802,Nickelback,group,1995,Canada,Q379671,Nickelback AMAs 2011.png,JKMusicGroup,CC BY 3.0,https://creativecommons.org/licenses/by/3.0,How You Remind Me,71828723,1cQh1ccqu8M
Q483828,Sigur Rós,group,1994,Iceland,Q209137,"Sigur Rós at the Orpheum Theatre, San Francisco.jpg",Dale Cruse - 10M views,CC BY 4.0,https://creativecommons.org/licenses/by/4.0,Untitled #9 (Smáskífa 1),621238582,_FFT4JYJB9E
Q484216,Na Hoon-a,person,1966,South Korea,Q485915,나훈아 콘서트 후기.jpg,취미 게임 notre1,CC BY 4.0,https://creativecommons.org/licenses/by/4.0,,,
Q484255,Alice in Chains,group,1987,United States,Q20378|Q11366|Q11365,Alice in Chains - 2019-06-07 Rock am Ring (cropped).jpg,Sven Mandel,CC BY-SA 4.0,https://creativecommons.org/licenses/by-sa/4.0,Nutshell,1038552,G23iLGhh9lo
Q484311,Keane,group,1995,United Kingdom,Q2090023|Q3231749,Keane2009.jpg,"aon from Washington, DC",CC BY 2.0,https://creativecommons.org/licenses/by/2.0,Everybody's Changing,71967076,RSNmgE6L8AU
Q484427,The Cure,group,1976,United Kingdom,Q11366|Q485395,The Cure Live in Singapore 2- 1st August 2007.jpg,"momento mori from Kuala Lumpur, Malaysia",CC BY 2.0,https://creativecommons.org/licenses/by/2.0,Boys Don't Cry,409670252,9GkVhgIeGJQ
Q4845705,James Cleveland,person,1950,United States,Q880270,Seum msu edu-museum-tes-gospel-gospel16 jpg .jpg,Lovelystatue901,CC BY-SA 4.0,https://creativecommons.org/licenses/by-sa/4.0,God Is,405697362,GauUHGDiTXk
Q484595,Anal Cunt,group,1988,United States,Q89423271|Q9050551,Seth with AxCx at Relapse Festival 1993 crop.jpg,Mrs. FactFinder,Public domain,,The Great Southern Trendkill,11717724,
Q484885,Erasure,group,1985,United Kingdom,Q1298934,Erasure - 1992.jpg,David Scheinmann,CC BY-SA 3.0,https://creativecommons.org/licenses/by-sa/3.0,A Little Respect,85561690,
Q484918,Simon & Garfunkel,group,1957,United States,Q186472|Q106298881|Q11700058,Simon and Garfunkel 1968.jpg,"GAC-General Artists Corporation-management and Columbia Records, their recording company",Public domain,,El Condor Pasa (If I Could),13174765,i6d3yVq1Xtw
Q484969,The Men They Couldn't Hang,group,1984,United Kingdom,Q1425661,,,,,The Colours,3893011641,QZskq-EM8Jo
Q485039,Deftones,group,1988,United States,Q20378|Q263734,Deftones - Pukkelpop 2009-003.jpg,total 13,CC BY 2.0,https://creativecommons.org/licenses/by/2.0,My Own Summer (Shove It),778452,lMBK061bYqI
Q485116,Mayhem,group,1984,Norway,Q132438,"Mayhem, Summer Dying Loud 2024 22.jpg",Wojciech Pędzich,CC BY 4.0,https://creativecommons.org/licenses/by/4.0,Freezing Moon,627302522,y84gW_5ZFKE
Q485167,Northside,group,1989,England,Q4841596,,,,,,,
Q485231,Cannibal Corpse,group,1988,United States,Q483251|Q2265866,CannibalCorpse.jpg,"Chris Buresh from Washington DC area, USA",CC BY 2.0,https://creativecommons.org/licenses/by/2.0,Hammer Smashed Face,70877831,vlgiWBCbCJk
Q485385,Bullet for My Valentine,group,1998,United Kingdom,Q4490718,Bullet for my valentine.jpg,"MIKE M from PALM BAY, United States",CC BY 2.0,https://creativecommons.org/licenses/by/2.0,Social Apocalypse,4270867292,8Dg6w1d9Klo
Q485416,Anamanaguchi,group,2004,United States,Q135637|Q773880,Anamanaguchi.jpg,ianakoz,CC BY-SA 4.0,https://creativecommons.org/licenses/by-sa/4.0,Miku,1982222107,n8wUkPiKWGg
Q4854296,Banda Maguey,group,1993,Mexico,Q10932272,,,,,Popurrí Quebraditas: Tumbando Caña / Como la Luna / Eva María (30 Aniversario),2701187222,rz6vQ9RUA-c
Q4854297,Banda Machos,group,1990,Mexico,Q10932272,,,,,La culebra,6615827,IpvVwVCqx_w
Q4854311,Banda El Recodo,group,1938,Mexico,Q7309098|Q2812726,Banda El Recodo Cancún.jpg,Mundocun,CC BY-SA 2.0,https://creativecommons.org/licenses/by-sa/2.0,Y Llegaste Tú,15482588,hfacL64zIAs
Q485625,Pet Shop Boys,group,1981,United Kingdom,Q1298934,Pet Shop Boys live i Tivoli.JPG,Jørgen Hans Maltesen,CC BY-SA 3.0,http://creativecommons.org/licenses/by-sa/3.0/,West End Girls,462775272,p3j2NYZ8FKs
Q485771,Tarkan,person,1991,Turkey,Q7855391,Tarkan (9).jpg,Hakki.T (Hakki Topcu),CC BY 2.0,https://creativecommons.org/licenses/by/2.0,Şımarık,16412330,cpp69ghR1IM
Q485811,Fall Out Boy,group,2001,United States,Q3724735,FallOutBoy.jpg,hsaudreylynne,CC BY 2.0,https://creativecommons.org/licenses/by/2.0,Centuries,92872156,LBr7kECsjcQ
Q485820,Blur,group,1988,United Kingdom,Q189045|Q11366,Blur (band).png,Various (cropped and combined together by Indopug),CC BY-SA 4.0,https://creativecommons.org/licenses/by-sa/4.0,Song 2,3102130,SSbBvKaM6sk
Q485961,Dobie Gray,person,1940,United States,Q1928583,"Dobie Gray, Bestanddeelnr 927-0102.jpg",Fotograaf Onbekend / Anefo,CC0,http://creativecommons.org/publicdomain/zero/1.0/deed.en,Drift Away,620021372,NIuyDWzctgY
Q486688,Mötley Crüe,group,1981,United States,Q188539,"Mötley Crüe, Sweden Rock 2012.jpg",Bjornsphoto,CC BY 3.0,https://creativecommons.org/licenses/by/3.0,Kickstart My Heart,3788403482,k0WHSYFY21w
Q486879,Ildo Lobo,person,1975,Cape Verde,Q502535,,,,,Jacinta,3867290311,pp4Aqa6CkMw
Q4869273,Batile Alake,person,1950,Nigeria,Q9095433,,,,,,,
Q48698507,Amnesia Scanner,group,,Finland,Q96376113,,,,,Giggle,2298161505,
Q48699884,Murda Mook,person,2002,,Q12302979,,,,,You're A Dead Man,927900342,
Q48700546,The Midnight,group,2014,United States,Q19938910,MidnightBrixton070522 (28 of 30) (52061108333).jpg,Raph_PH,CC BY 2.0,https://creativecommons.org/licenses/by/2.0,Memories,2904326011,QR--yREuQQk
Q487396,Anathema,group,1990,United Kingdom,Q2089511,Anathema (Festimad 2007).jpg,"Mario from Madrid, Spain",CC BY 2.0,https://creativecommons.org/licenses/by/2.0,Fragile Dreams,5832704,oY8bsZuIObk
Q487479,Cradle of Filth,group,1991,United Kingdom,Q1621467,Cradle Of Filth With Full Force 2018 21.jpg,S. Bollmann,Attribution,,Nymphetamine Fix,847184,s0H5_gQlClw
Q4875710,Beach Fossils,group,2009,United States,Q110141586,Beachfossilsband.jpg,David Coggins,CC BY 2.0,https://creativecommons.org/licenses/by/2.0,Sleep Apnea,485152262,yhAXUj-4yek
Q48778115,Yodé & Siro,group,1996,Ivory Coast,Q227036,Yodé & Siro.jpg,Aristidek5maya,CC BY 4.0,https://creativecommons.org/licenses/by/4.0,Signe Zo,3622898692,
Q487919,The Sweet,group,1968,United Kingdom,Q76092,2023 Lieder am See - The Sweet - by 2eight - 9SC5529.jpg,Stefan Brending (2eight),CC BY-SA 3.0 de,https://creativecommons.org/licenses/by-sa/3.0/de/deed.en,,,
Q4879261,Bedhead,group,1991,United States,Q1490170,,,,,,,
Q4880442,Beggar and Co,group,1980,United Kingdom,Q4969182,,,,,,,
Q4882032,Belbury Poly,person,,United Kingdom,Q85765918,Belbury Poly - Jim Jupp.jpg,Jimjupp,CC BY-SA 4.0,https://creativecommons.org/licenses/by-sa/4.0,Desert Moons,4170246092,
Q488260,Jefferson Airplane,group,1965,United States,Q206159|Q236932,Jefferson Airplane photo 1967.JPG,RCA Records/photographer: Herb Greene,Public domain,,White Rabbit,614593,pnJM_jC7j_4
Q488387,Michel Teló,person,2009,Brazil,Q10370558,Teló.jpg,Michel_Teló2.jpg: Igor Duarte derivative work: Minerva97 (talk),CC BY-SA 2.0,https://creativecommons.org/licenses/by-sa/2.0,Fugidinha (Ao Vivo),2048432817,E0d04PnQGYI
Q4885471,Dickie Goodman,person,1956,United States,Q107194780,,,,,Dracula Drag,11436764,gBPsSbIVTVs
Q488603,Scott Walker,person,1958,United States,Q46046|Q22991878|Q9162904,Fenklup1968ScottWalker.jpg,Unknown photographer,CC BY-SA 3.0 nl,https://creativecommons.org/licenses/by-sa/3.0/nl/deed.en,If You Go Away,67814817,13zUxbg3w4U
Q4886213,Ben Neill,person,1957,United States,Q9089200,Ben Neill and the Mutantrumpet.jpg,Mutantrumpet,CC BY-SA 4.0,https://creativecommons.org/licenses/by-sa/4.0,Souvenir,452161042,
Q488916,The Verve,group,1990,United Kingdom,Q189045,Verve.JPG,Danny Lechanteur,CC BY-SA 3.0,https://creativecommons.org/licenses/by-sa/3.0,Bitter Sweet Symphony,398570642,1lyu1KKwC74
Q488973,Seo Taiji and Boys,group,1992,South Korea,Q213665,,,,,,,
Q4890261,Lourdes Iriondo Mujika,person,1937,Spain,Q12257561,Lourdes Iriondo 1971 txiki.jpg,"Javier Garaialde da jatorrizko argazkia. ksarasola-k aldaketak egin ditu. Moztu, kontrastea argitasuna aldatuz.",CC BY-SA 4.0,https://creativecommons.org/licenses/by-sa/4.0,,,
Q4894178,Bernhard Günter,person,1957,Germany,Q310871,,,,,,,
Q489575,Baek Ji-young,person,1999,South Korea,Q55648025,190328 백지영.jpg,디스패치,CC BY 3.0,https://creativecommons.org/licenses/by/3.0,candy in my ear.,1813942557,SnG8E2EAvAQ
Q489653,Andain,group,2001,United States,Q1027999,"Mavie Marcos. Andain - live @ Saint-Petersburg, Russia - 02.03.2013.jpg",Deefrex,CC BY-SA 3.0,https://creativecommons.org/licenses/by-sa/3.0,Beautiful Things,62397182,nX16xSRKje4
Q48976227,Malaa,person,2015,France,Q27345019,RIE2023Malaa 03.jpg,Selbymay,CC BY-SA 4.0,https://creativecommons.org/licenses/by-sa/4.0,Deep,1915473387,lXJT9gWUvhc
Q489801,INXS,group,1977,Australia,Q2281409,"INXS performs at Campbelltown RSL Club, Sydney.jpg",Eva Rinaldi,CC BY-SA 2.0,https://creativecommons.org/licenses/by-sa/2.0,Never Tear Us Apart,14636764,AIBv2GEnXlc
Q48992,Buffalo Springfield,group,1966,United States,Q186472,Buffalo Springfield in 1966.png,"KRLA Beat/Beat Publications, Inc.",Public domain,,For What It's Worth,3586842,80_39eAx3z8
Q48995,"Blood, Sweat & Tears",group,1967,United States,Q944465,"Blood, Sweat & Tears.png",Columbia Records,Public domain,,,,
Q49009,Deadmau5,person,1998,Canada,Q851213|Q915152|Q627906,Deadmau5 live unmasked (cropped).jpg,Haydn Curtis from New Zealand,CC BY 2.0,https://creativecommons.org/licenses/by/2.0,Escape,1899047597,HuM8eQNPTOs
Q49010,Wolfgang Gartner,person,1982,United States,Q627906|Q11691380,Spring Awakening Music Festival 6 15 2013 (9120517429) (cropped).jpg,swimfinfan from Chicago,CC BY-SA 2.0,https://creativecommons.org/licenses/by-sa/2.0,Illmerica,68771625,G_rQ6Av0gMY
Q490146,Shin Seung Hun,person,1990,South Korea,Q55648025,Shin Seung-hun from acrofan.jpg,acrofan.com,CC BY-SA 3.0,https://creativecommons.org/licenses/by-sa/3.0,Reunion,2594717482,x3YvcZ-DJq4
Q490192,Joo Hyun-mi,person,1984,South Korea,Q485915,Joo Hyun-Mi.jpg,여니수니,CC BY 2.0 kr,https://creativecommons.org/licenses/by/2.0/kr/deed.en,,,
Q4905738,Big Freedia,person,1999,United States,Q4949812|Q136653467,Big Freedia 2014.jpg,kowarski,CC BY 2.0,https://creativecommons.org/licenses/by/2.0,Let Me See Ya,4037234901,9RVDGIGEkhg
Q490719,Tae Jin Ah,person,1973,South Korea,Q485915,Tae Jin-Ah.jpg,여니수니,CC BY 2.0 kr,https://creativecommons.org/licenses/by/2.0/kr/deed.en,,,
Q491092,Chris Barber,person,1950,United Kingdom,Q606089,Chr. Barber 1 2014.JPG,J.hagelüken,CC BY-SA 3.0,https://creativecommons.org/licenses/by-sa/3.0,Til the Next Time I'm in Town,1698889447,
Q491368,Cal Tjader,person,1925,United States,Q837389,Cal Tjader.jpg,Unknown photographer,Public domain,,,,
Q4914497,Binomio de Oro de América,group,1976,Colombia,Q1574985,,,,,Olvídala,1963948,f1zmyjhY7rs
Q491892,Static-X,group,1994,United States,Q208494,Static X.JPG,Photographer: Angel Orozco www.otsegoville.com Lasxrcista,CC BY-SA 3.0,https://creativecommons.org/licenses/by-sa/3.0,The Only,3885775,sAsF37XB_kA
Q4921986,Black Tambourine,group,1989,United States,Q2545135,,,,,We Can't Be Friends,436032762,-iTgAXtLJMc
Q4922443,Suraphol Sombatcharoen,person,1950,Thailand,Q665286,สุรพล สมบัติเจริญ.webp,Unknown author,Public domain,,,,
Q4925240,Blaqstarr,person,1985,United States,Q4852979,,,,,Slide To The Left,74878554,JJZcTmO5ASA
Q49277,Daphne Oram,person,1925,United Kingdom of Great Britain and Ireland,Q5969884,Daphne Oram silhouette 2.svg,Clusternote,CC BY-SA 4.0,https://creativecommons.org/licenses/by-sa/4.0,Gosamour,3571290391,
Q493028,Andraé Crouch,person,1966,United States,Q180268,Andraé Crouch cropped.JPG,Andraé Crouch.JPG: Eirik Voss derivative work: -- Eirik91V from Mirkwood,CC BY-SA 3.0,http://creativecommons.org/licenses/by-sa/3.0/,Let The Church Say Amen,13890060,OZxyZ888jfY
Q4932094,Bob Cobbing,person,1920,United Kingdom,Q1808721,,,,,,,
Q493697,The String Cheese Incident,group,1993,United States,Q106581777|Q107982599,,,,,Fête-Tama,4259682021,B8W3xzoomjE
Q49388,Georg Friedrich Haas,person,1953,Austria,Q109678435|Q1245902,"Georg Friedrich Haas, 2014 (aufgenommen von Gian Marco Castelberg).jpg",Gian Marco Castelberg (Gian Marco Castelberg Photography),CC BY-SA 4.0,https://creativecommons.org/licenses/by-sa/4.0,,,
Q49405377,Ingested,group,2002,United Kingdom,Q6130346,Ingested live Download 2025.jpg,Doomed Shadow,CC BY 4.0,https://creativecommons.org/licenses/by/4.0,Cold Sun,3713522272,
Q494215,Demented Are Go,group,1982,United Kingdom,Q13627677,Dementedarego 1.jpg,Stephan Böhlig async-design (Erlaubnis zur Veröffentlichung liegt vor und kann bei mir angefordert werden),CC BY-SA 3.0,http://creativecommons.org/licenses/by-sa/3.0/,Pervy in the Park,867184462,p7HlIot78mk
Q4943439,Boom Shaka,group,1993,,Q956717,,,,,,,
Q49481,Sergei Prokofiev,person,1891,Soviet Union,Q131269|Q106576145|Q4851628,Sergei Prokofiev circa 1918 over Chair Bain.jpg,"Bain News Service, publisher",Public domain,,,,
Q4949471,Destra Garcia,person,1998,Trinidad and Tobago,Q1051735,Destra Garcia on Stage.jpg,"Paul Lowry from New York, EEUU de A",CC BY 2.0,https://creativecommons.org/licenses/by/2.0,Piece Ah Dat,97251528,m-pi3rAz_cU
Q4949476,Boukan Ginen,group,1990,Haiti,Q7295057,,,,,Ede M Chante (Help Me To Sing),5588315,Zt7w-RQuBXM
Q495322,Calabrese,group,2003,United States,Q830325,Calabrese Rock Band Live On Stage.jpg,Marvelman101101,CC BY-SA 3.0,https://creativecommons.org/licenses/by-sa/3.0,He Who Flees the Light,722826242,j_RbPGP3rMc
Q4955640,Braid,group,1993,United States,Q39052425,,,,,Never Will Come For Us,1982303177,a3cAYPItciQ
Q49575,Dizzy Gillespie,person,1935,United States,Q3163340|Q105513,Dizzy Gillespie playing horn 1955.jpg,Carl Van Vechten,Public domain,,,,
Q4958389,Brave Old World,group,1990,United States,Q212944,,,,,Chernobyl,740892252,4DkhDpV_1ZU
Q496101,The Lumineers,group,2005,United States,Q123421101,The Lumineers @ Hollywood Bowl 09 15 2023 (53416643595).jpg,Justin Higuchi,CC BY 2.0,https://creativecommons.org/licenses/by/2.0,Ophelia,757235122,pTOC_q0NLTk
Q4961096,Brendan Shine,person,1963,Ireland,Q5177472,,,,,Where Did You Meet Her,89365505,o9s5UfXwCnc
Q496245,Jang Yoon-jeong,person,1999,South Korea,Q485915,Jang Yoon-Jeong.jpg,KIYOUNG KIM,CC BY 2.0,https://creativecommons.org/licenses/by/2.0,,,
Q49661565,Johnny Diggson,person,1992,Germany,Q646679,,,,,,,
Q497298,Talulah Gosh,group,1986,United Kingdom,Q370778|Q842324,,,,,Beatnik Boy,70524918,3DZ-NmJdl5U
Q4975550,Brother Resistance,person,2021,,Q650505,,,,,Dancin Shoes Rapso,1386507892,1rXVDNeP-hw
Q4982393,Field Marshal Montgomery Pipe Band,group,,,Q108055228,,,,,,,
Q498416,Pink Lady,group,1976,Japan,Q1418683|Q107985650,,,,,I only want to be with you,2124000247,
Q498448,Finntroll,group,1997,Finland,Q484179,Finntroll.jpg,Birgit Fostervold,CC BY-SA 4.0,https://creativecommons.org/licenses/by-sa/4.0,Trollhammaren,2602682,CJhi43RntJk
Q498460,My Dying Bride,group,1990,United Kingdom,Q186170|Q2089511,My Dying Bride at Midgardsblot 2023 (53162575800).jpg,"Birgit Fostervold from Arendal, Norge",CC BY-SA 2.0,https://creativecommons.org/licenses/by-sa/2.0,L'Amour Detruit,1962283,zqvSeLQvW4w
Q4984912,Buddy MacMaster,person,1924,Canada,Q2447797,,,,,E Minor Jigs (Mac Morin Piano),69083584,
Q49888,Solomon Burke,person,1955,United States,Q2998920|Q96376126,Solomon Burke.jpg,Tom Beetz,CC BY 2.0,https://creativecommons.org/licenses/by/2.0,,,
Q4991503,Kyuss,group,1987,United States,Q617240|Q3322869,Kyuss Lives Budapest Petöfi 2011.jpg,Bernhard Lindinger,CC BY-SA 3.0 de,https://creativecommons.org/licenses/by-sa/3.0/de/deed.en,Demon Cleaner,3660485,B7Ske2eKX2g
Q499742,Jonathan Harvey,person,1939,United Kingdom,Q1245902,,,,,,,
Q4997720,Bunji Garlin,person,1999,Trinidad and Tobago,Q1051735|Q109930142,TnT PoS Bunji+Fay-Ann Fire Fete 2014.jpg,Grueslayer,CC BY-SA 3.0,https://creativecommons.org/licenses/by-sa/3.0,Hard Fete,2030252687,KbIzPGUQUks
Q500101,The Wonder Stuff,group,1986,United Kingdom,Q1987105,MilesHuntOfTheWonderStuff2008.jpg,graham Racher,CC BY-SA 2.0,https://creativecommons.org/licenses/by-sa/2.0,A Wish Away,1174906,L0P1eNlCQIU
Q500350,Dirty Rotten Imbeciles,group,1982,United States,Q932977|Q1995569,D.R.I. (Dirty Rotten Imbeciles) @ Binuu (44028456492).jpg,"Montecruz Foto from Berlin, Alemania",CC BY-SA 2.0,https://creativecommons.org/licenses/by-sa/2.0,Beneath the Wheel,70877107,0ocaRX2hU3c
Q50037,Culture Club,group,1981,United Kingdom,Q597240,Culture Club 1983.jpg,Mark Lebon; Distributed by Epic Records,Public domain,,Karma Chameleon,3152791,JmcA9LIIXWw
Q500492,Inspiral Carpets,group,1983,United Kingdom,Q4841596,Tom Hingley.jpg,Cridders (Clare Cridland),CC BY 2.0,https://creativecommons.org/licenses/by/2.0,This Is How It Feels,3785266562,J-fX0UbpZls
Q500613,Kaoma,group,1988,Brazil,Q533946,,,,,Dançando Lambada,309175,jvZOAnz0KZw
Q500683,Sylvester,person,1972,United States,Q58339|Q606393,,,,,You Make Me Feel (Mighty Real),891619,gD6cPE2BHic
Q501467,Medina Azahara,group,1979,Spain,Q6110311,Medina Azahara (band).jpg,Darthvader2,CC BY-SA 4.0,https://creativecommons.org/licenses/by-sa/4.0,Hay un Lugar,86789963,vZeHvQ1Gwk8
Q5016968,Gramacks,group,1970,Dominica,Q2932658,,,,,,,
Q50179341,Heilung,group,2014,Denmark,Q1798870,Heilung.jpg,Birgit Fostervold,CC BY-SA 4.0,https://creativecommons.org/licenses/by-sa/4.0,Norupo,656051642,64CACoHNBEI
Q50186,François Couperin,person,1668,France,Q116875252,François Couperin.jpg,Jean Charles Flipart / After André Bouys,Public domain,,,,
Q502142,Stahlmann,group,2008,Germany,Q213572,Stahlmann Rockharz 2026 15.jpg,S. Bollmann@S._Bollmann,Attribution,,Der Schmied,90598839,FyzjVuxlPME
Q502291,Catherine Wheel,group,1990,United Kingdom,Q272167,Rob Dickinson.jpg,Marcelo Teson,CC BY 2.0,https://creativecommons.org/licenses/by/2.0,Crank,2114446,khPqYH23F-E
Q502307,Biréli Lagrène,person,1978,France,Q844245,Bireli aux Granges le 26.08.06.jpg,No machine-readable author provided. Pastorius54 assumed (based on copyright claims).,Public domain,,Sunny,563318132,sFzZIArP0q8
Q503031,Madlib,person,1993,United States,Q965635|Q1077172,MadlibMarch2014Echo (cropped).jpg,Carl Pocket,CC BY-SA 2.0,https://creativecommons.org/licenses/by-sa/2.0,Hopprock,1121351142,iOmgkVF5Anw
Q503037,EMF,group,1989,United Kingdom,Q2187392,,,,,Unbelievable,367782641,sfCLt0kTd5E
Q5035789,Capitalist Casualties,group,1987,,Q1784106,CapCas2010-05-18-WillButler.jpg,Will Butler[2][3],CC BY 3.0,https://creativecommons.org/licenses/by/3.0,Violence Junkie,16554918,_GDMVa94abA
Q503717,Herman van Veen,person,1965,Kingdom of the Netherlands,Q106917640,Herman van Veen (2011).jpg,Pim Ras,CC BY-SA 4.0,https://creativecommons.org/licenses/by-sa/4.0,Opzij (Ringtone),3622669682,NsSjrwawCk0
Q503783,Andrew Bird,person,1996,United States,Q22991878,Andrew Bird (52413565996) (cropped).jpg,Andy Witchger,CC BY 2.0,https://creativecommons.org/licenses/by/2.0,Sisyphus,649737872,zug1B8DSkWw
Q50385238,Tomasa del Real,person,2015,Chile,Q96395212,Premios Pulsar 2019 33.jpg,Carlos Figueroa Rojas,CC BY-SA 4.0,https://creativecommons.org/licenses/by-sa/4.0,Perra del Futuro,502477282,zgb5uyqwSCI
Q50398989,Cimarrón,group,1986,Colombia,Q1202208|Q108951349,,,,,,,
Q504090,Saxon,group,1975,United Kingdom,Q38848|Q370515,Saxon.jpg,Birgit Fostervold,CC BY-SA 4.0,https://creativecommons.org/licenses/by-sa/4.0,,,
Q50415953,JPEGMafia,person,2007,United States,Q5421158,JPEGMafia 202I (cropped; portrait).jpg,Muntgodxbox,CC0,http://creativecommons.org/publicdomain/zero/1.0/deed.en,either on or off the drugs,2923515971,cP7_ZDpcBsQ
Q504331,Q65,group,1965,Netherlands,Q2639210,Fanclub - Q65 - Jay Baar 3.png,VARA,CC BY-SA 3.0 nl,https://creativecommons.org/licenses/by-sa/3.0/nl/deed.en,,,
Q504464,Pulp,group,1978,United Kingdom,Q189045,Pulp 2012 cropped.jpg,"Jason Persse from Brooklyn, USA",CC BY-SA 2.0,https://creativecommons.org/licenses/by-sa/2.0,Common People,910074,yuTMWgOduFM
Q504583,Fernando Villalona,person,1971,Dominican Republic,Q282131,Fernando Villalona adjusted.jpg,809 New York Magazine,CC BY 2.0,https://creativecommons.org/licenses/by/2.0,Cama Y Mesa,687819922,QFWZvI9AmIg
Q5046623,Carroll Thompson,person,1960,United Kingdom,Q1872505,,,,,Let The Music Play,3588628991,1dO1hbG0chI
Q504743,Louis Andriessen,person,1939,Kingdom of the Netherlands,Q98528143,"Louis Andriessen, Bestanddeelnr 932-5716.jpg",Rob Croes for Anefo,CC0,http://creativecommons.org/publicdomain/zero/1.0/deed.en,"M is for Man, Music, Mozart: The Eisenstein Song",2271592,
Q50505246,Penny Penny,person,1994,South Africa,Q108667604,,,,,Shaka Bundu,71898811,FyVEUtvf2_Q
Q505138,Andrew Hill,person,1954,United States,Q1092837,Andrew Hill.jpg,Jimmy Katz,Public domain,,Ball Square,92239516,cVUaVEAU3WI
Q505159,Vicente Amigo,person,1988,Spain,Q9764|Q3053954,Alimentáis nuestra vida - VICENTE AMIGO.png,"Ministry of Agriculture, Food and Environment (Spain)",CC BY 3.0,https://creativecommons.org/licenses/by/3.0,Roma,63461890,7oM3a_9_qZQ
Q505348,Chitãozinho & Xororó,group,1967,Brazil,Q1958273|Q106594830,Ch&xr.jpg,"Sérgio Savarese from Sao Paulo City / Ipiranga, Brasil",CC BY 2.0,https://creativecommons.org/licenses/by/2.0,,,
Q505384,Timbalada,group,1991,Brazil,Q1435485|Q455686,"Timbalada, Bahia, 2008 (MG 3118).jpg",Edgar,Public domain,,Beija-Flor,4680606,7qbKTSuGTuQ
Q505476,Avicii,person,2006,Sweden,Q851213|Q106634944,Avicii 2014 003cr.jpg,The Perfect World Foundation,CC BY 3.0,https://creativecommons.org/licenses/by/3.0,Levels,14383880,_ovdm2yX4MA
Q505559,Fletcher Henderson,person,1921,United States,Q3807537,Fletcher Henderson (1943 publicity photo).jpg,Maurice Seymour studio,Public domain,,Ain't She Sweet,850200192,cRvEW7aeQwQ
Q505614,John Rutter,person,1945,United Kingdom,Q8812109,John Rutter.jpg,vocalessence,CC BY-SA 2.0,https://creativecommons.org/licenses/by-sa/2.0,"O Waly, Waly",875005132,86G3ZHSx6RA
Q505683,Mantovani,person,1939,Italy,Q848399,Annunzio Paolo Mantovani (1970).jpg,Bert Verhoeff for Anefo,CC BY-SA 3.0,https://creativecommons.org/licenses/by-sa/3.0,,,
Q505747,William Basinski,person,1978,United States,Q193207,William Basinski (cropped).jpg,Seth Tisue,CC BY-SA 2.0,https://creativecommons.org/licenses/by-sa/2.0,dlp 3.1,2252768137,
Q505749,Chick Webb,person,1905,United States,Q203775,,,,,Lindyhopper's Delight,2184471157,n6j5se4M5jI
Q5058467,Celso Piña,person,1980,Mexico,Q723418|Q6826021|Q5794682,MX TV AÑO DUAL MEXICO-ALEMANIA CELSO PIÑA (35052491012).jpg,Secretaría de Cultura Ciudad de México from México,CC BY-SA 2.0,https://creativecommons.org/licenses/by-sa/2.0,Reina de cumbias,78353565,z2c5xCmLiAE
Q505882,Biz Markie,person,1985,United States,Q213608,Biz Markie 2018.jpg,"Keith Allison from Hanover, MD, USA",CC BY-SA 2.0,https://creativecommons.org/licenses/by-sa/2.0,Just a Friend,6627454,VrYdfGmjUIE
Q506006,Joe Henderson,person,1955,United States,Q1092837,Joe Henderson 2.jpg,Guy MacPherson,CC BY 2.0,https://creativecommons.org/licenses/by/2.0,Blue Bossa,3148703,U7eOs5lERww
Q506198,Henry Thomas,person,1981,United States,Q98528141,Henry Thomas Photo Op Nightmare Weekend Richmond 2023.jpg,"Super Festivals from Ft. Lauderdale, USA",CC BY 2.0,https://creativecommons.org/licenses/by/2.0,Bull Doze Blues,353601241,ds3wXLxM6kg
Q506314,Deicide,group,1987,United States,Q483251,Deicide Party.San Metal Open Air 2019 01.jpg,S. Bollmann,Attribution,,When Satan Rules His World,719805,VLDzrNyP3f8
Q506360,Bert Kaempfert,person,1939,Germany,Q848399,Bert Kaempfert.png,Decca Records,Public domain,,Gemma,24938301,bK1aYXzggDs
Q506670,The Doobie Brothers,group,1970,United States,Q28401124,Doobie brothers.jpg,Awesimo at English Wikipedia,Public domain,,Long Train Runnin',3616544,TnGzgenHpvU
Q50674,Borgore,person,2009,Israel,Q20903,Borgore 0037 (cropped).jpg,Oliver Scherillo,CC BY 2.0,https://creativecommons.org/licenses/by/2.0,Unicorn Zombie Apocalypse,2531553161,CPXv392pc9k
Q5068109,Chairmen of the Board,group,1967,United States,Q4875789,GeneralNormanJohnsonChairmenoftheBoard.jpg,Jason White,CC BY 2.0,https://creativecommons.org/licenses/by/2.0,,,
Q506851,Jeff Mills,person,1980,United States,Q170611|Q107697221,Jeff Mills 5.jpg,Dave Walker,CC BY 2.0,https://creativecommons.org/licenses/by/2.0,,,
Q5068769,valentin,person,1987,Mexico,Q7309098|Q869210|Q221934,Chalino Sánchez.png,ProtoplasmaKid,CC BY-SA 4.0,https://creativecommons.org/licenses/by-sa/4.0,,,
Q5072093,Chango Spasiuk,person,1968,Argentina,Q1060475,Chango spasiuk march2009B.jpg,Kotoviski photograph by Henryk Kotowski,CC BY-SA 3.0,https://creativecommons.org/licenses/by-sa/3.0,Gratitud,2454548965,3JHSxbreNmE
Q507327,The Allman Brothers Band,group,1969,United States,Q193355|Q106581777|Q852767,Allman Brothers Band 1969.jpg,Unknown author,Public domain,,Midnight Rider,549286792,nn6mBLbqIdc
Q5073885,Charalambides,group,1991,United States,Q98528183,,,,,,,
Q5075804,Charles Bronson,group,1994,United States,Q1784106,,,,,,,
Q507845,Goldie,person,1991,United Kingdom,Q1102161|Q188994|Q11693017,Goldie 2003 crop.jpg,User:Alkivar,CC0,http://creativecommons.org/publicdomain/zero/1.0/deed.en,Inner City Life,541148552,i-P98B2skts
Q507864,Donny Hathaway,person,1967,United States,Q105334717,,,,,A Song for You,846353,riwePTnk-Zk
Q508100,Ida Cox,person,1896,United States,Q1309336,,,,,Wild Women Don't Have The Blues,4110774,NpbdYE4Ujrc
Q508202,George Jones,person,1931,United States,Q83440|Q5128236|Q3140141,George Jones.jpg,Secisek at English Wikipedia,Public domain,,The Race Is On,3470660,dj7ahuCHGbM
Q508412,Billy Bragg,person,1977,United Kingdom,Q1425661,"Billy Bragg, May 2010 1.jpg",Flickr user Ben Sutherland,CC BY 2.0,https://creativecommons.org/licenses/by/2.0,A New England,3652908842,l0sNQJRWsck
Q5084390,Charli XCX,person,2008,United Kingdom,Q95469495|Q104695865,Charli xcx at Berlinale 2026-1.jpg,Elena Ternovaja,CC BY-SA 3.0,https://creativecommons.org/licenses/by-sa/3.0,Guess featuring billie eilish,2929354381,huGd4efgdPA
Q5087038,Chas McDevitt,person,1934,United Kingdom,Q606089,Chas McDevitt Aldershot 2017.jpg,Jack1956,CC0,http://creativecommons.org/publicdomain/zero/1.0/deed.en,,,
Q5087189,Chase Rice,person,2010,United States,Q16954055,Chase Rice - cropped.jpg,Mrwackypillow,CC BY-SA 4.0,https://creativecommons.org/licenses/by-sa/4.0,Ready Set Roll,835596672,2a4jXMD-uDI
Q509073,Suzanna Lubrano,person,1996,Kingdom of the Netherlands,Q16534955,,,,,Tudo Pa Bo,6866157,yMFTa0xbbBM
Q5092454,Cherry Poppin' Daddies,group,1989,United States,Q447962,Cherry Poppin Daddies 2007.jpg,ThomasLMorgan,CC BY-SA 3.0,https://creativecommons.org/licenses/by-sa/3.0,Zoot Suit Riot,69256670,JZm1krVKzBY
Q509702,Of Monsters and Men,group,2010,Iceland,Q123421101,Of Monsters and Men.jpg,Mohamed El Amin Nogdalla,CC BY 2.0,https://creativecommons.org/licenses/by/2.0,Dirty Paws,17615563,mCHUw7ACS8o
Q50975,The Crystal Method,group,1993,United States,Q663519|Q858579|Q110874814,Crystal Method by disavian.jpg,Disavian at English Wikipedia,CC BY 3.0,https://creativecommons.org/licenses/by/3.0,Roll It Up,67344574,ZVoCe8U3Oh0
Q5099040,Chilli Willi and the Red Hot Peppers,group,1971,United Kingdom,Q1431327,,,,,A Page in History,1698613047,UJ283YIJ9Lo
Q510161,Tchavolo Schmitt,person,1954,France,Q844245,Tchavolo Schmitt brighter.jpg,ultomatt,CC BY 2.0,https://creativecommons.org/licenses/by/2.0,Seul ce soir,63124117,sYkDTwtGotI
Q5103570,Juana Fe,group,2004,Chile,Q9051042,,,,,Fuiste un Trozo de Hielo en la Escarcha,3261368871,
Q510704,Markos Vamvakaris,person,1905,Greece,Q220528,Markos Vamvakaris rebetiko musician as a young man.jpg,Unknown photographer,Public domain,,Fragosyriani,1226571,vHHQdE56PS0
Q5107266,Chris Lorenzo,person,1988,United Kingdom,Q27345019,,,,,California Dreamin',1509535182,aNggrPAi5dg
Q51088,Antonio Salieri,person,1770,Republic of Venice,Q17723,Antonio Salieri painted by Joseph Willibrord Mähler.jpg,Joseph Willibrord Mähler,Public domain,,,,
Q510939,Jacopo da Bologna,person,1340,Papal States,Q210854,,,,,,,
Q51101,Jolin Tsai,person,1999,Taiwan,Q973150,蔡依林出席王国大帝全球巡回赛现场 cropped (cropped).jpg,Алый Король,CC BY-SA 4.0,https://creativecommons.org/licenses/by-sa/4.0,Shuo Ai Ni,13252177,u8b3J8BAQ8I
Q5110234,Nelson Gonçalves,person,1941,Brazil,Q10370216,Nelson Gonçalves (1960).tif,Unknown,Public domain,,Naquela Mesa,71509278,ePW8z08IfdQ
Q511074,Dr. John,person,1950,United States,Q675553,"20060714 Dr. John in Vienne, France (cropped).jpg",wpopp,CC BY-SA 3.0,http://creativecommons.org/licenses/by-sa/3.0/,Right Place Wrong Time,724461,W4PjWgiH-LQ
Q5110740,Christina Aguilar,person,1990,Thailand,Q3328764,ChristinaAguilar2009.jpg,Bester Noeybin,GFDL,http://www.gnu.org/copyleft/fdl.html,,,
Q5111694,Christoph de Babalon,person,1994,Germany,Q56580,,,,,Expressure,83128270,DZJWqgfIcV8
Q5111843,Christopher Allen Bouchillon,person,1893,United States,Q3980452,,,,,,,
Q51120186,1788-L,person,2018,,Q106477753,,,,,Automaton,1287189882,BJTmL3VpWxQ
Q511277,The Fabulous Thunderbirds,group,1974,United States,Q98528142,FabulousThunderbirdsFeb06.jpg,Carl Lender at https://www.flickr.com/photos/clender/,CC BY-SA 3.0,http://creativecommons.org/licenses/by-sa/3.0/,Don't Burn Me,127206053,DwLiAuFWVd0
Q5117995,Silk Route,group,1997,India,Q3535998,,,,,Dooba Dooba,124184442,ecPMVO7JuTo
Q5118436,Chvrches,group,2011,United Kingdom,Q188450,Chvrches 2014.jpg,Chvrchesitalia,CC BY-SA 2.0,https://creativecommons.org/licenses/by-sa/2.0,Roses,4289101562,3x2BXn0cPM8
Q512,Vladimir Vysotsky,person,1959,Soviet Union,Q4056436,Владимир Высоцкий - портрет (cropped).jpg,Unknown author,CC BY 4.0,https://creativecommons.org/licenses/by/4.0,Кони привередливые,949873462,4hQQ4i7bf4U
Q512076,Asian Kung-Fu Generation,group,1996,Japan,Q1055871,Asian Kung-Fu Generation-live-countdownjapan2011.jpg,Nesnad,CC BY-SA 3.0,https://creativecommons.org/licenses/by-sa/3.0,Haruka Kanata,1100592452,nJ6A6GC_ki4
Q512104,Juan d'Arienzo,person,1928,Argentina,Q14390274,Darienzo photo.jpg,Unknown author,Public domain,,,,
Q512168,Giora Feidman,person,1955,Argentina,Q212944,Feidman 06.jpg,Immanuel Giel,Public domain,,Dance Me To The End Of Love,3447286291,21yEni5Cag4
Q512592,Slim Thug,person,1998,United States,Q136908587,SlimThug (cropped).jpg,Bradley G.,CC BY 2.0,https://creativecommons.org/licenses/by/2.0,Thug,66026012,txBW-s7DBno
Q512836,The Archies,group,1968,United States,Q997481,,,,,Sugar Sugar,1382508,j3plj_Xplus
Q513964,Alan Braxe,person,1996,France,Q1455292,Alan Braxe press shot.jpg,Alan Braxe,CC BY-SA 4.0,https://creativecommons.org/licenses/by-sa/4.0,Intro,1702170497,0nS0accElcA
Q514336,Saint Vitus,group,1979,United States,Q186170|Q108979517,Saint Vitus in Memphis.jpg,Debbie Ramone,CC BY-SA 2.0,https://creativecommons.org/licenses/by-sa/2.0,Dying Inside,5066289,ERezo62ftQs
Q5148311,Colonial Cousins,group,1992,India,Q3535998,Launch of Colonial Cousins’ album ‘Once More’ (cropped).jpg,Bollywood Hungama,CC BY 3.0,https://creativecommons.org/licenses/by/3.0,Krishna,65373536,CJvK0dox0_M
Q5153131,Commix,group,2002,United Kingdom,Q106404300,,,,,How You Gonna Feel,4209148822,4exO0cX20h0
Q5155511,Company B,group,1986,United States,Q655514,,,,,Fascinated,14639968,-b-6ksMdkrU
Q51557893,Los Cojolites,group,1997,,Q1797650,LosCojolitesTeatro.jpg,CuriosityModifier,CC BY-SA 4.0,https://creativecommons.org/licenses/by-sa/4.0,El Conejo,120302584,ugfaMtVu_Ec
Q515942,Orbital,group,1989,United Kingdom,Q817138,Orbital at Poland in 2012 (7579011896).jpg,"Arek Olek from Kraków, Poland",CC BY 2.0,https://creativecommons.org/licenses/by/2.0,HALCYON + ON + ON,428937302,
Q516281,Alexander Vertinsky,person,1916,Russian Empire,Q4400837,Vertinsky.jpg,http://hronos.km.ru/img/vertinsk.jpg,Public domain,,,,
Q516302,Noisecontrollers,group,2005,,Q223840,,,,,,,
Q5167093,Cookie and the Cupcakes,group,,United States,Q106522115,Cookie and the Cupcakes.webp,Unknown author,Public domain,,,,
Q516712,Chic,group,1976,United States,Q58339,Chicgf.JPG,Alex Marshall,CC BY-SA 3.0,https://creativecommons.org/licenses/by-sa/3.0,Le Freak,72060062,aXgSHL7efKg
Q5171205,Cornelio Reyna,person,1963,Mexico,Q1780056,Los Relámpagos del Norte.jpg,Unknown author,Public domain,,Me Caí de la Nube,15390401,w07A3IyV6bw
Q51731,Mayday,group,1997,Taiwan,Q1192110|Q973150,X06Taiwan 20061105-36.jpg,Rico Shen,CC BY-SA 3.0,http://creativecommons.org/licenses/by-sa/3.0/,,,
Q5173544,Cory Band,group,,Wales,Q110230168,Buy As You View Band.jpg,No machine-readable author provided. John hermitt~commonswiki assumed (based on copyright claims).,Public domain,,,,
Q5173620,Cory Morrow,person,1997,United States,Q14493900,CoryMorrow2007.jpg,Jack Newton at https://www.flickr.com/photos/jdn/,CC BY-SA 2.0,https://creativecommons.org/licenses/by-sa/2.0,Drink One More Round,653761362,GT_NFjg_mII
Q517472,Exhumed,group,1990,United States,Q888612|Q1147692,,,,,Red Asphalt,3678218312,3JG4GIwWbmw
Q517506,Vieux Farka Touré,person,2006,Mali,Q2907328,Vieux Farka Touré.jpg,Sachyn Mital,CC BY-SA 3.0,https://creativecommons.org/licenses/by-sa/3.0,Diarabi,1810213337,NnE73tTRPmg
Q5179561,Cowboy Troy,person,1999,United States,Q2706919,Cowboy Troy-blueshirt-whitehat.jpg,Angie Ambrosio,CC BY-SA 2.0,https://creativecommons.org/licenses/by-sa/2.0,I Play Chicken with the Train,3911526,NUPK9z59yUc
Q518103,Jorge Pardo,person,1956,Spain,Q1426909,Jorge Pardo.jpg,Rai Fernandes Foto,CC BY 3.0,https://creativecommons.org/licenses/by/3.0,Sólo Quiero Caminar,78249915,wOAXj0en4LQ
Q51858412,Gus Dapperton,person,2015,United States,Q28746819,Gus Dapperton Piknik i Parken 2018 (160223).jpg,Tore Sætre,CC BY-SA 4.0,https://creativecommons.org/licenses/by-sa/4.0,"Prune, You Talk Funny",1856833007,QrVl7mgVSg0
Q518662,Felix da Housecat,person,1993,United States,Q861823,Felix da Housecat (Baltimore 2007).jpg,Joe Cereghino,CC BY 2.0,https://creativecommons.org/licenses/by/2.0,Silver Screen (Shower Scene),2200270597,fJvatGfD9Pg
Q5188245,Cross Canadian Ragweed,group,1994,United States,Q3422697,CodyCanadaApr09.jpg,Jack Newton at https://www.flickr.com/photos/jdn/,CC BY-SA 2.0,https://creativecommons.org/licenses/by-sa/2.0,17,2246711,nR6pkU-_MK4
Q5188559,Crossed Out,group,1990,United States,Q1784106,,,,,,,
Q519031,Stormtroopers of Death,group,1985,United States,Q932977,Anthrax-Rock im Park 2014 by 2eight DSC8216.jpg,Stefan Brending (2eight),CC BY-SA 3.0,https://creativecommons.org/licenses/by-sa/3.0,,,
Q5192236,Cubic 22,group,,Belgium,Q112663444,,,,,,,
Q519289,Big Joe Williams,person,1903,United States,Q1127539,Big Joe Williams 14 11 1971.JPG,Patrickdenoreaz Patrick Denoréaz,CC BY-SA 3.0,http://creativecommons.org/licenses/by-sa/3.0/,,,
Q5195487,Elena Burke,person,1940,Cuba,Q5393053,,,,,La Gloria Eres Tu,387959291,lWpVNaBAfqw
Q519588,André Hazes,person,1959,Kingdom of the Netherlands,Q2138639,André Hazes(Cropped).jpg,AVRO,CC BY-SA 3.0 nl,https://creativecommons.org/licenses/by-sa/3.0/nl/deed.en,Zeg Maar Niets Meer,3101818,R22urvGcWy4
Q5197720,Cyber People,group,,,Q4049849,,,,,Void Vision,108560824,H5Dc8HMbedw
Q519965,Professor Jay,person,1989,Tanzania,Q630689,Professor-jay-songs465315764..jpg,Erickmwemutsi,CC BY-SA 4.0,https://creativecommons.org/licenses/by-sa/4.0,Njoo,3229019111,ymFYlQijBl4
Q52004084,Billy Strings,person,2013,United States,Q107982599,Billy Strings.jpeg,Jelliso2,CC0,http://creativecommons.org/publicdomain/zero/1.0/deed.en,Carry Us Home,4098276961,W74Efm4ZBGw
Q5202535,César Concepción,person,1909,United States,Q2715398,,,,,,,
Q520296,John Prine,person,1971,United States,Q1773654,John Prine by Ron Baker.jpg,Ron Baker (https://www.flickr.com/photos/kingsnake),CC BY 3.0,https://creativecommons.org/licenses/by/3.0,In Spite of Ourselves,2999586641,gA-vD5pyuS4
Q5204449,DBridge,person,1994,United Kingdom,Q106404300|Q135553474,,,,,Creatures of Habit,3474603301,2yULW-rOCH8
Q5205253,DJ Baby Anne,person,1992,United States,Q2396639,,,,,Probe,570527042,3PN-IXgJmhc
Q5205305,DJ EZ,person,,United Kingdom,Q1165777,"DJ EZ, 2012.jpg","Flickr user ""Gareth Morton""",CC BY 2.0,https://creativecommons.org/licenses/by/2.0,,,
Q5205330,DJ Godfather,person,,United States,Q1521688,DJ Godfather.jpg,Alkivar,CC BY-SA 2.5,https://creativecommons.org/licenses/by-sa/2.5,Blast Off,4206911502,RAvIfPinG4s
Q5205343,DJ Icey,person,,United States,Q2396639,Dj icey-wiki.jpg,Info dj icey,CC BY 3.0,https://creativecommons.org/licenses/by/3.0,Low Down Good Girl,969767892,tCC1dCReWfs
Q5205368,DJ Luck & MC Neat,group,1999,United Kingdom,Q1751409,,,,,Poision,142683392,
Q5205387,DJ Mujava,person,,South Africa,Q135369460,,,,,Township Funk,29396461,_l1bjtjzZFo
Q5205411,DJ Q,person,2001,United Kingdom,Q4846346,DJ Q on PLAYvirtuoso.jpg,PLAYvirtuoso,CC BY 3.0,https://creativecommons.org/licenses/by/3.0,Zip Zap,2311814925,hxSSZFd_P2k
Q5207316,Da Tweekaz,group,2007,Norway,Q223840|Q108297238,2016 Open Beatz - Da Tweekaz - by 2eight -DSC 4580.jpg,Stefan Brending (2eight),CC BY-SA 3.0,https://creativecommons.org/licenses/by-sa/3.0,Dancefloor Therapy,4090034771,15nnANILqrQ
Q5211857,Đàm Vĩnh Hưng,person,1996,Vietnam,Q5398894,Đàm Vĩnh Hưng 2026.png,MEOW LABEL,CC BY 4.0,https://creativecommons.org/licenses/by/4.0,Thành Phố Buồn,1653767522,rzBWq1ICasM
Q521396,Angelic Upstarts,group,1977,United Kingdom,Q274401,,,,,Solidarity,3321731571,owrVQebWCtc
Q5214189,Dan Penn,person,1960,United States,Q2998920,,,,,The Dark End of the Street,5620091,iGcM_tcJ6Tk
Q5214626,Dan Zanes,person,1980,United States,Q2389651,Dan Zanes Thumb.png,Southcherryentropy,CC BY-SA 3.0,https://creativecommons.org/licenses/by-sa/3.0,Sloop John B,30822691,
Q52151598,Juice WRLD,person,2015,United States,Q12362064,Juice Wrld VMAs.png,MTV International,CC BY 3.0,https://creativecommons.org/licenses/by/3.0,Lucid Dreams,601837422,onbC6N-QGPc
Q52160540,Ben Böhmer,person,2015,Germany,Q116296482,BenBöhmer7444 (1).jpg,Ammaarahk95,CC BY-SA 4.0,https://creativecommons.org/licenses/by-sa/4.0,Breathing,807621132,xF5PzY4b3eQ
Q5218703,Daniel Savio,person,1999,Sweden,Q888137,Daniel Savio live performance May 2012.jpg,Accountboy,CC BY-SA 3.0,https://creativecommons.org/licenses/by-sa/3.0,LIKBRÄNNARFÖRENINGEN,3929457691,
Q521949,Marifé de Triana,person,1955,Spain,Q15042720,Marifé de Triana Copla.jpg,Jantonioreynolds,CC BY-SA 3.0,https://creativecommons.org/licenses/by-sa/3.0,Torre de Arena,1005138,gMoznGd_BlI
Q5222024,Darach Ó Catháin,person,1922,Ireland,Q771291,,,,,,,
Q522463,Circle Jerks,group,1994,United States,Q10922,MUSIC Circle Jerks.jpg,Grueslayer,CC BY-SA 4.0,https://creativecommons.org/licenses/by-sa/4.0,Wild in the Streets,1534202022,sDwcHUeG6Nc
Q522849,Winger,group,1987,United States,Q3908370,Winger 2007.jpg,rick,CC BY 2.0,https://creativecommons.org/licenses/by/2.0,Seventeen,3785439242,GlN3oEjMpUQ
Q5229964,Dave Tarras,person,1895,United States,Q212944,,,,,Papirossen,857583,
Q523178,André Verchuren,person,1920,France,Q7770873,,,,,La paloma,95942262,AqWC1yTknUU
Q523184,The Flaming Lips,group,1983,United States,Q703778|Q383982,Flaming Lips smog Coyne Scurlock.jpg,Flickr user Mrmatt,CC BY-SA 2.0,https://creativecommons.org/licenses/by-sa/2.0,Do You Realize??,2657834,lPXWt2ESxVY
Q52345352,Lady Donli,person,1996,Nigeria,Q110592306,Lady Donli NdaniTV (cropped).png,NdaniTV,CC BY 3.0,https://creativecommons.org/licenses/by/3.0,Classic,602049402,Q3BTt6Ha4b8
Q523957,Funkadelic,group,1968,United States,Q835891|Q2743435|Q577080,George Clinton 2006.jpg,Richard Anderson,CC BY-SA 2.0,https://creativecommons.org/licenses/by-sa/2.0,Maggot Brain,1551922342,JOKn33-q4Ao
Q5240437,David Tipper,person,1997,United Kingdom,Q106514601,Tipper 2010.jpg,Tipper,Public domain,,,,
Q524331,Pierre Guédron,person,1570,France,Q122034643,,,,,,,
Q52433533,Clairo,person,2012,United States,Q28746819,Clairo - Sabrina Carpenter at BST Hyde Park - 20250706 - 100 (cropped).jpg,Raph_PH,CC BY 4.0,https://creativecommons.org/licenses/by/4.0,Juna,2759124521,TsxAVFQkXQ8
Q5244658,Jason & the Scorchers,group,1981,United States,Q2268922,Jason Ringenberg 2015 by Brian Mansfield.jpg,Brian Mansfield,CC BY-SA 4.0,https://creativecommons.org/licenses/by-sa/4.0,Route 66,3501990,yAetssTE3qY
Q524495,Týr,group,1998,Faroe Islands,Q213149,Tyr in Hamburg 0224.JPG,Arne List,CC BY-SA 3.0,http://creativecommons.org/licenses/by-sa/3.0/,Hold the Heathen Hammer High,137811665,fu2bgwcv43o
Q5245804,Deafheaven,group,2010,United States,Q16855754,Deafheaven @ A Colossal Weekend 2017 42.jpg,Grywnn,CC BY-SA 4.0,https://creativecommons.org/licenses/by-sa/4.0,Doberman,3215474771,Yt9l0mb4Nt0
Q5246133,Dean Elliott,person,1950,United States,Q1779294,,,,,,,
Q52463,Wu-Tang Clan,group,1992,United States,Q876171|Q529742|Q966564,Wu Tang Clan on Stage.jpg,Napalm filled tires,CC BY-SA 2.0,https://creativecommons.org/licenses/by-sa/2.0,C.R.E.A.M. (Cash Rules Everything Around Me),541322,8SHgUHw4KA0
Q524822,Cobra Starship,group,2003,United States,Q25099691,Cobra Starship Jul08.jpg,BlueGold73 (talk),Public domain,,You Make Me Feel...,14172440,HpyZEzrDf4c
Q5249375,Declan Nerney,person,1959,Ireland,Q5177472,,,,,Stop the World,2224757217,tvKkpe9FEcU
Q524953,Steve Coleman,person,1956,United States,Q742341,Steve Coleman 1611.JPG,No machine-readable author provided. Mbase1235 assumed (based on copyright claims).,Public domain,,Cerebellum Lean,1378690912,0Uk82CycTaE
Q5250040,Deenanath Mangeshkar,person,1900,British Raj,Q6981036,Dinanath Mangeshkar.jpg,Unknown author,Public domain,,,,
Q5250362,Deep Wound,group,1982,United States,Q1995569,Deepwound2004.jpg,Bsiart at English Wikipedia,Public domain,,Video Prick,769750292,O3hAZRt9zU0
Q5252624,Deize Tigrona,person,2002,Brazil,Q1931130,,,,,Sadomasoquista (Vem de Chicote),3258227821,2nNIg0o7fDc
Q5252933,Del McCoury,person,1958,United States,Q213714|Q7832321,HSB 2005 - Del McCoury.jpg,Ron Baker (https://www.flickr.com/photos/kingsnake),CC BY-SA 2.0,https://creativecommons.org/licenses/by-sa/2.0,High On A Mountain,109167752,yeUkgHzTOQo
Q5254556,Delta 5,group,1979,United Kingdom,Q1643549,,,,,Mind Your Own Business,30516301,a38HYryTiUA
Q5256493,Diomedes Díaz,person,1977,Colombia,Q1574985,Diomedesdiaz2.png,Zero Gravity at English Wikipedia,Public domain,,Sin Medir Distancias,431501782,Mnv8CLE5fhI
Q5257702,Denise LaSalle,person,1967,United States,Q2521569,Denise-LaSalle-2009-Monterey.jpg,Mike Shea,CC BY-SA 3.0,https://creativecommons.org/licenses/by-sa/3.0,My Tu-Tu,404667522,yR8Ht8VtHqw
Q526132,Entombed,group,1987,Sweden,Q483251|Q65943557|Q1181308,Entombed.jpg,Anders Rune Jensen,CC BY-SA 2.0,https://creativecommons.org/licenses/by-sa/2.0,Wolverine Blues,70990387,uNi0tsCU-6g
Q526424,Francisco Canaro,person,1906,Uruguay,Q14390274,Francisco Canaro.JPG,Unknown author,Public domain,,,,
Q527564,Jesse Saunders,person,1977,United States,Q1071961,Promotional photo! 2013-08-09 00-25.jpeg,User:Jessesndrs,CC BY-SA 3.0,https://creativecommons.org/licenses/by-sa/3.0,ON & ON,6169146,t3QSW_CuZb0
Q5276830,Diljit Dosanjh,person,2004,United States,Q854844,Diljit Dosanjh grace the media meet of Phillauri 4 (cropped).jpg,Bollywood Hungama,CC BY 3.0,https://creativecommons.org/licenses/by/3.0,,,
Q5276931,Dillon Francis,person,2010,United States,Q21092,Dillon Francis at Spring Awakening 2014.jpg,swimfinfan,CC BY-SA 2.0,https://creativecommons.org/licenses/by-sa/2.0,Bun Up the Dance,104786806,3ArOBAt5Ml0
Q5277249,Dimension Costeña,group,,Nicaragua,Q16615430,,,,,Tululu,2193124287,qU5LFRhkK4o
Q527787,Front 242,group,1981,Belgium,Q372103,Front242 3.jpg,Whitecode,CC BY-SA 3.0,https://creativecommons.org/licenses/by-sa/3.0,No Shuffle,137029002,G7krOfbVe9E
Q528103,Jimmy Giuffre,person,1934,United States,Q539089,,,,,Crazy She Calls Me,737839,lYzaPql5HgE
Q5281517,Disco Biscuits,group,1999,United States,Q6658771,The Disco Biscuits Red Rocks Amphitheatre 5-30-2010 Photo Mike Hardaker.jpg,Mike Hardaker,CC BY-SA 3.0,https://creativecommons.org/licenses/by-sa/3.0,Portal to an Empty Head,83087694,-YT6L86rKwM
Q528413,Technoboy,person,1992,Italy,Q2611143,Airbeat One 2015 Technoboy by Denis Apel-1683.jpg,Denis Apel,CC BY-SA 4.0,https://creativecommons.org/licenses/by-sa/4.0,,,
Q528912,Crowbar,group,1989,United States,Q720959|Q56353998,Crowbar Full Force 2019 04.jpg,S. Bollmann,Attribution,,,,
Q528937,Shirley Collins,person,1955,United Kingdom,Q43343,Shirley-Collins-Norwich-78 (cropped).jpg,Tony 1212,CC BY 4.0,https://creativecommons.org/licenses/by/4.0,,,
Q5290443,Dominguinhos,person,1941,Brazil,Q586110|Q2879962|Q502808,Dominguinhos de Morais.jpg,Victor Soares/ABr,CC BY 3.0 br,https://creativecommons.org/licenses/by/3.0/br/deed.en,Eu Só Quero um Xodó,1844734,2kLytB2g2u8
Q529340,Anestos Delias,person,1912,Greece,Q220528,Piraeus Quartet.jpg,Unknown author,FAL,http://artlibre.org/licence/lal/en,,,
Q5293828,Donae'o,person,1999,United Kingdom,Q9364028,,,,,,,
Q5296675,Donnie McClurkin,person,1975,United States,Q5967604,Donnie McClurkin (16280371905).png,Simon Beckford,CC BY-SA 2.0,https://creativecommons.org/licenses/by-sa/2.0,Only You Are Holy,13184624,PCTjyZdIJfk
Q5297785,Dorian Electra,person,2009,United States,Q104695865,Dorian Electra on Thrift Haul.png,Tatered,CC BY 3.0,https://creativecommons.org/licenses/by/3.0,Hips Don’t Lie,3930398291,LYXDGWhHd9g
Q5300654,Doug Lazy,person,,United States,Q601235,,,,,Let It Roll,381166461,31wqTibOM4g
Q530251,Estampie,group,1985,Germany,Q446241,Estampie 2010.jpg,"Eric Bryan from Stanton, USA",CC BY-SA 2.0,https://creativecommons.org/licenses/by-sa/2.0,Estampie V,792193,zU1cG3HlGAI
Q530413,Palmy,person,2001,Belgium,Q3328764,Palmy.jpg,Sry85,CC BY 3.0,https://creativecommons.org/licenses/by/3.0,,,
Q53068,Claudio Monteverdi,person,1582,Republic of Venice,Q1583807|Q8361|Q1344|Q193217,Bernardo Strozzi - Claudio Monteverdi (c.1630).jpg,Bernardo Strozzi,Public domain,,Madrigals Book 7 (Symphonia-Tempro La Cetra),499936162,
Q5307900,Bob Childers,person,1978,United States,Q3422697,Bob Childers (1).jpg,Kmzundel at en.wikipedia,CC BY-SA 3.0,https://creativecommons.org/licenses/by-sa/3.0,A Regular Guy,77285983,
Q5309106,Drumagick,group,,,Q3179786,,,,,Easy Boom,385661161,o19f362gGbM
Q5309380,Drupatee Ramgoonai,person,1945,Trinidad and Tobago,Q1090048|Q5118383,,,,,Roll up the Tassa,3257379091,
Q531934,Angel Witch,group,1977,United Kingdom,Q370515,Angel Witch live 2010.jpg,Lewismaster,CC BY-SA 3.0,https://creativecommons.org/licenses/by-sa/3.0,Angel Witch,1393771,bR4gK6tmIvQ
Q5320134,Dâm-Funk,person,1988,United States,Q30632022,DâM-FunK at the Pitchfork Music Festival 2010 (4809952574).jpg,digboston,CC BY 2.0,https://creativecommons.org/licenses/by/2.0,Morphing,2999146331,
Q5321456,Issah Mmari Wangui,person,2001,Kenya,Q4943457,,,,,,,
Q532475,Nathan Abshire,person,1981,United States,Q1026089,,,,,Chere Te Mon,935854042,
Q533478,The Alan Parsons Project,group,1975,United Kingdom,Q65937817,Alan Parsons live.jpg,P199,CC BY-SA 3.0,https://creativecommons.org/licenses/by-sa/3.0,Eye In The Sky,328213571,56hqrlQxMMI
Q5335090,Ed Lincoln,person,1951,Brazil,Q10367259,"Ed Lincoln, sem data.tif",Unknown,Public domain,,Eu Não Vou Mais,66761280,vc9FoLMKSD0
Q5336444,Eddie Richards,person,,United Kingdom,Q598593,Eddie Richards (Orlando 2007).jpg,"Vincent from Orlando, FL, USA",CC BY 2.0,https://creativecommons.org/licenses/by/2.0,,,
Q533658,Angelcorpse,group,1995,United States,Q2599472,Angel Corpse Paris 280408 03.jpg,Vassil,CC BY 3.0,https://creativecommons.org/licenses/by/3.0,Kill Again,74777881,qSfl1IEgpZc
Q534389,Best Coast,group,2009,United States,Q110141586,Bestcoast.jpg,parttimemusic,CC BY-SA 2.0,https://creativecommons.org/licenses/by-sa/2.0,California Nights,95109116,7U5LWokfRHY
Q534454,Oval,group,1991,Germany,Q1100989,"Oval (Berlin, Astra Kulturhaus 2009-11-25).jpg",Kurt Jansson,CC BY-SA 3.0,https://creativecommons.org/licenses/by-sa/3.0,Do While ⌘X,491676112,xdT-cd2pWHQ
Q534842,Hank Mobley,person,1949,United States,Q181010,,,,,,,
Q5351010,El Chicano,group,1969,United States,Q185162|Q109048162,,,,,Viva Tirado,729596102,fai-fjwslDE
Q535188,Aristide Bruant,person,1862,France,Q2956171,Aristide Bruant by Nadar ca. 1898 bw restored cut.jpg,Nadar,Public domain,,Nini peau de chien,277676,FOUCWjWu2A8
Q5352290,El Trono de Mexico,group,2005,Mexico,Q907799,Trono De Mexico en Acceso Total.jpg,"Lunchbox LP from Culver City, CA, USA",CC BY 2.0,https://creativecommons.org/licenses/by/2.0,Prometiste Volver,95654714,OhrWEW-jJD4
Q535308,George Russell,person,1923,United States,Q539089,George Russell the jazz musician.jpg,Unknown author,Public domain,,"Livingstone, I Presume",121587268,nDYYEABxo8U
Q53567275,Bryant Myers,person,2015,United States,Q54329757,Bryant Myers - Sarala TV - Cápsula 15 (cropped).png,José Javy Ferrer,CC BY 3.0,https://creativecommons.org/licenses/by/3.0,Triste,531563411,Cs90oZAAsho
Q535815,Angelo Debarre,person,1984,France,Q844245,Angelo Debarre Cosmopolite (221433).jpg,Tore Sætre,CC BY-SA 4.0,https://creativecommons.org/licenses/by-sa/4.0,Swing for You,431467032,8ZSFUJCYKFM
Q5359582,Number Girl,group,1995,,Q1055871,,,,,Teppuu Surudoku Natte,671365402,zGcAZ9z4PPw
Q536322,George Duke,person,1966,United States,Q38656,Stanley Clarke and George Duke.jpg,The original uploader was Mind meal at English Wikipedia.,CC BY 2.0,https://creativecommons.org/licenses/by/2.0,Reach Out,69096097,DavckVZylkg
Q536566,Laurel Aitken,person,1942,Cuba,Q108807661,Aitken14.jpg,Mbdortmund,CC BY-SA 3.0,http://creativecommons.org/licenses/by-sa/3.0/,,,
Q536588,Capleton,person,1991,Jamaica,Q740911,Capleton1.jpg,Santos Diaz,CC BY 2.0,https://creativecommons.org/licenses/by/2.0,Who Dem?,63413281,rJWqjO8tggE
Q5367991,Flipper's Guitar,group,1989,Japan,Q11325235|Q1207347,,,,,,,
Q5368793,Miguel Aceves Mejía,person,1945,United States,Q3089524,Miguel Aceves en 1954 (cropped).jpg,Asociación Nacional de Actores,Public domain,,La Malagueña,13332983,pKE4z1Yk0zI
Q537954,August Burns Red,group,2003,United States,Q4490718,August Burns Red – Elbriot 2014 04.jpg,Frank Schwichtenberg,CC BY-SA 3.0,https://creativecommons.org/licenses/by-sa/3.0,Cerebral Malfunction,4051713251,33lGwGz3heo
Q5380516,Entheogenic,group,1999,,Q749475,,,,,Bioluminescence,369295361,VfG1BEnzZyU
Q538289,High Contrast,person,2000,Wales,Q2082572,High Contrast AKA Lincoln Barrett.JPG,Bizzurp,CC BY-SA 3.0,https://creativecommons.org/licenses/by-sa/3.0,Around Me,4126361821,luB7w7JBT14
Q5383,David Bowie,person,1964,United Kingdom,Q217467|Q76092|Q25094849,David-Bowie Chicago 2002-08-08 photoby Adam-Bielawski-cropped.jpg,Adam Bielawski,CC BY-SA 3.0,https://creativecommons.org/licenses/by-sa/3.0,Starman,107471926,t365MuktYQs
Q53835066,Wally Bastiansz,person,1914,,Q2879826,,,,,Bubby Achchi,3912254221,3uBDSqXa0l0
Q538395,Linda Perhacs,person,1969,United States,Q1500364|Q136335965,Linda Perhacs 06 B&W.jpg,Joe Mabel,CC BY-SA 3.0,https://creativecommons.org/licenses/by-sa/3.0,"Hey, Who Really Cares",79778772,-6iRuav9DtE
Q538465,Spliff,group,,Germany,Q646679,,,,,Carbonara,582479,A1cMbolFc-A
Q5384910,Eraserheads,group,1989,Philippines,Q107565104,Eraserheads Final Set.jpg,charisseyorke,CC BY 2.0,https://creativecommons.org/licenses/by/2.0,Ang Huling El Bimbo,13237641,lajnSJZpI34
Q538634,Wednesday 13,person,1992,United States,Q830325,Wednesday 13 (6406508153).jpg,Man Alive!,CC BY 2.0,https://creativecommons.org/licenses/by/2.0,Bad Things,3588424,odmJfoi_RQA
Q538696,CeCe Winans,person,1984,United States,Q5967604,Cece Winans (cropped).jpg,Pastorflex,CC BY-SA 3.0,https://creativecommons.org/licenses/by-sa/3.0,Holy Forever,2477909081,2xcFM9CBiOE
Q539193,Yvonne Chaka Chaka,person,1965,South Africa,Q110230812,Yvonne Ntombizodwa Chaka Chaka - World Economic Forum Annual Meeting 2012.jpg,World Economic Forum,CC BY-SA 2.0,https://creativecommons.org/licenses/by-sa/2.0,Umqombothi,7441901,LUrPy6wG-i4
Q5393281,Ernest Hogan,person,1858,United States,Q2265295,Ernest Hogan smiling.jpg,Unknown author,Public domain,,,,
Q53939,Françoise Hardy,person,1962,France,Q1636684,Francoise hardy 1964.jpg,Roger Kasparian; Studio Boissiere,Public domain,,Le temps de l'amour,540006,QCHOvg-cJTQ
Q539567,Farida Khanum,person,1949,British Raj,Q281111,Farida Khanum rehearsing.jpg,Farida Khanum rehearsing.png: Lecartia derivative work: Hekerui (talk),CC BY-SA 3.0,https://creativecommons.org/licenses/by-sa/3.0,Aaj Jane Ki Zid Na Karo (Coke Studio Season 8),3250535181,NYOhpoA5e6A
Q539711,Shobha Gurtu,person,2004,Dominion of India,Q69596,Shobha gurtu.jpg,Batchaji,CC BY-SA 4.0,https://creativecommons.org/licenses/by-sa/4.0,,,
Q5398138,Joyryde,person,2003,United Kingdom of Israel,Q27345019,Eskimo (28).jpg,Fernando Lessa,CC BY-SA 3.0,https://creativecommons.org/licenses/by-sa/3.0,AGEN WIDA,569429192,LqZpGYhyvr4
Q539832,Yusef Lateef,person,1955,United States,Q98528204,Yusef Lateef.jpg,Tom Beetz,CC BY-SA 2.0,https://creativecommons.org/licenses/by-sa/2.0,Love Theme From Spartacus,2636119182,BhqQFs7huwU
Q539833,Sivuca,person,1930,Brazil,Q2879962,Sivuca.png,Sounds of David,Public domain,,,,
Q539955,Richard Thompson,person,1967,United Kingdom,Q2614533,Richard Thompson - 6-21-07 - Photo by Anthony Pepitone.jpg,Dxede5x,CC BY-SA 3.0,https://creativecommons.org/licenses/by-sa/3.0,1952 Vincent Black Lightning,3101855,j0kJdrfzjAg
Q540135,Juan Bautista Cabanilles,person,1644,Crown of Aragon,Q632964,"1. Joan Bta. Cabanilles, 1644-1712 (Algemesí, País Valencià).jpg",Vicenç Salvador Torres Guerola,CC BY-SA 3.0,https://creativecommons.org/licenses/by-sa/3.0,,,
Q540368,At the Gates,group,1990,Sweden,Q253918,At The Gates - Wacken Open Air 2022 03.jpg,Frank Schwichtenberg,CC BY-SA 4.0,https://creativecommons.org/licenses/by-sa/4.0,In Dark Distortion,3814054122,
Q5405984,Eino Grön,person,1957,United States,Q1762761,Eino Grön Vihreät Niityt musiikkitapahtumassa 2004.JPG,Tumi-1983,CC BY-SA 3.0,http://creativecommons.org/licenses/by-sa/3.0/,Suudelmin suljetut kirjeet - Sealed with a Kiss,78366307,A3rPgffzqUA
Q5409276,Francesc Pi de la Serra i Valero,person,1942,Spain,Q254890,Homenatge Joan Oliver Quico Pi de la Serra.jpg,Marina del Bas,CC BY-SA 4.0,https://creativecommons.org/licenses/by-sa/4.0,,,
Q541493,Leonid Utyosov,person,1895,Soviet Union,Q107539904,Leonid Utesov with piano.jpg,Главархив Москвы,CC BY 4.0,https://creativecommons.org/licenses/by/4.0,,,
Q541634,Bobby Bland,person,1951,United States,Q2521569,BobbyBland1996.jpg,Masahiro Sumori,CC BY-SA 3.0,http://creativecommons.org/licenses/by-sa/3.0/,Lovin' On Borrowed Time,120342108,g4jbN-lZaLc
Q541833,Mikhail Shufutinsky,person,1948,Soviet Union,Q1891685,Михаил Шуфутинский (03-09-2021) (cropped).png,Оператор канала Дениса Клявера,CC BY 3.0,https://creativecommons.org/licenses/by/3.0,Марджанджа,485116022,ihj0P-ea6wk
Q541940,Diane Cluck,person,2000,United States,Q574651,21214diane04.jpg,Wwwhatsup at en.wikipedia,CC BY 2.5,https://creativecommons.org/licenses/by/2.5,Easy to Be Around,1073363792,6zdNdqyGTPE
Q5419732,Excuse 17,group,1993,United States,Q677542,,,,,I'd Rather Eat Glass,30506011,nzmgmYOMiKU
Q542073,L.A. Guns,group,1983,United States,Q1785028,LA GUNS at the Chance March 2008.jpg,LindaLisa,CC BY 3.0,https://creativecommons.org/licenses/by/3.0,Let You Down,947613552,QB6CENzIsdw
Q5421047,Experience Unlimited,group,1975,United States,Q2697917,,,,,Hey You,1014498932,dMcql7iaDaA
Q5422550,Eyal Barkan,person,1998,Israel,Q4706203,,,,,,,
Q542847,Milton Nascimento,person,1962,Brazil,Q1046768,Milton do Nascimento (1972).tif,Unknown,Public domain,,Quem sabe isso quer dizer amor,65732514,oX2tbUm5Iig
Q5432821,FaltyDL,person,2007,United States,Q5510816,FaltyDL.jpg,Digboston,CC BY 2.0,https://creativecommons.org/licenses/by/2.0,,,
Q543443,Victoria Spivey,person,1906,United States,Q1309336,VictoriaSpivey1929.png,Unknown author,Public domain,,Dope Head Blues,1537854,wSX-oidnLQE
Q5434930,Fareed Ayaz,person,1952,Pakistan,Q512410,,,,,,,
Q54350,Kim Bum-soo,person,1999,South Korea,Q55648025,KIm Bum-Soo.jpg,여니수니,CC BY 2.0 kr,https://creativecommons.org/licenses/by/2.0/kr/deed.en,,,
Q5435275,Farida Mohammad Ali,person,1963,Iraq,Q12193614,,,,,,,
Q543604,Xysma,group,1988,Finland,Q1181308,,,,,Final Episode,2117554767,
Q5436372,Farruko,person,2007,United States,Q54329757,"Farruko, 2021 - interview with Tony Dandrades.jpeg",Tony Dandrades,CC BY 3.0,https://creativecommons.org/licenses/by/3.0,YAPAQUE,4001032461,dZzBa7jlXY0
Q5437960,Fatso Jetson,group,,United States,Q3322869,Fatso Jetson in Utrecht 2023.jpg,Lars van der Heide,CC BY-SA 4.0,https://creativecommons.org/licenses/by-sa/4.0,Pleasure Bent,12053333,_FN2JrmrU6s
Q543981,DJ Falcon,person,1999,France,Q1455292,DJ falcon headshot.jpg,Oliver Scherillo,CC BY 2.0,https://creativecommons.org/licenses/by/2.0,Reality,799315182,T9ZdO2YKoGA
Q544096,Chaba Fadela,person,1962,Algeria,Q839029,Raï années 80 (Algérie).jpg,Saber68,Public domain,,N'sel fik,577654602,5nvfphUNGog
Q5441484,Fefita la Grande,person,1975,Dominican Republic,Q6819034,Fefita La Grande2.jpg,Reynaldo Brito,CC BY-SA 3.0,https://creativecommons.org/licenses/by-sa/3.0,Vamos Habla Ingles,11010200,o4tzZunMxSA
Q544387,Ray Charles,person,1947,United States,Q45981|Q131272|Q2998920,Ray Charles classic piano pose.jpg,"William Morris Agency (management)/Photo by Maurice Seymour, New York.",Public domain,,I've Got a Woman,670897,rTz12bOprB4
Q544469,Pierre Henry,person,1948,France,Q1326777|Q823560|Q5969884,Pierre Henry Waiting With His Life Asisstance.jpg,"Luka Ivanovic from Belgrade, Serbia",CC BY-SA 2.0,https://creativecommons.org/licenses/by-sa/2.0,Messe pour le temps présent : Messe pour le temps présent: II. Psyché rock,7293537,
Q5447495,Fifth Column,group,1985,Canada,Q930995,,,,,,,
Q5448015,Figure Four,group,1997,Canada,Q2225757,,,,,Day by Day,11493748,
Q5449777,Finaçon,group,,Cape Verde,Q3090876,,,,,Fomi 47,113050782,ClwmRKyHEOA
Q545686,Sopor Aeternus & the Ensemble of Shadows,group,1988,Germany,Q3840596,,,,,Death Transmission - Opening Titles,3579825481,
Q5461990,Flosstradamus,group,2006,Chicago,Q47781397,Curt Cameruci Spring Awakening Music Festival 6 15 2013 (9120585055).jpg,swimfinfan from Chicago,CC BY-SA 2.0,https://creativecommons.org/licenses/by-sa/2.0,Soundclash,94555892,dDczhTMla7k
Q5462201,Flower Travellin' Band,group,1967,Japan,Q1055871,Flowerknitting.png,Alex Lozupone,CC BY-SA 3.0,https://creativecommons.org/licenses/by-sa/3.0,,,
Q5462258,Flowered Up,group,1990,United Kingdom,Q4841596,,,,,Weekender,1209925252,LMa7iqPaKPk
Q546235,Kandia Kouyaté,person,1959,Mali,Q107123896,Les Amazones d'Afrique - Festival du Bout du Monde 2016 - 008.jpg,Thesupermat,CC BY-SA 4.0,https://creativecommons.org/licenses/by-sa/4.0,Kandali,369651571,gIWrjT5FnpA
Q546592,Isao Tomita,person,1952,Empire of Japan,Q79784514,Isao Tomita 1977.png,Unknown photographer,Public domain,,"Canon in D Major, P. 37",71937315,MqZXJ5RqVqI
Q546930,Thievery Corporation,group,1995,United States,Q757143|Q251192,Thievery Corporation.jpg,Vincent &amp; Bella Productions,CC BY 2.0,https://creativecommons.org/licenses/by/2.0,All That We Perceive,3826798501,eSRNzNF9rgM
Q547034,Anne Sylvestre,person,1957,France,Q2956176,Fanclub1965AnneSylvestre.jpg,Photographer: R. Frings,CC BY-SA 3.0 nl,https://creativecommons.org/licenses/by-sa/3.0/nl/deed.en,Les gens qui doutent,13312763,M4fyOY7O0YI
Q547272,Animal Collective,group,1999,United States,Q703778|Q2404568|Q9162904,,,,,My Girls,4315555,zol2MJf6XNE
Q54738460,Hailu Mergia,person,1946,Ethiopia,Q3591962,Hailu Mergia Perth Festival 2025.jpg,MuggedMelon,CC BY-SA 4.0,https://creativecommons.org/licenses/by-sa/4.0,Yegle Nesh,100357738,FLjOUhBgc_I
Q547666,Animals as Leaders,group,2007,United States,Q2532560,Animals as Leaders Full Force 2019 06.jpg,S. Bollmann,Attribution,,Kascade,3412821571,kVSQnsuTs-g
Q548149,Gérard Grisey,person,1946,France,Q1245902,Gerardgrisey.jpg,Jackie Carson Music,CC BY-SA 4.0,https://creativecommons.org/licenses/by-sa/4.0,,,
Q548168,Stefanie Hertel,person,1979,German Democratic Republic,Q2532274,Stefanie Hertel - 2025271 123420 2025-09-28 ZDF-Fernsehgarten - Sven - 5DS R - 0028 - 5DSR3833.jpg,Sven Mandel,CC BY-SA 4.0,https://creativecommons.org/licenses/by-sa/4.0,So a Stückerl heile Welt,3802985772,oh0jS18ztmw
Q5483929,Francisco Santiago,person,1889,Philippines,Q6444335,Francisco Santiago Chicago.jpg,Unknown author,Public domain,,,,
Q548844,Mastodon,group,2000,United States,Q484344,"Ursynalia 2012, Mastodon 12.jpg","When reusing, please credit me as author: Adam Kliczek, http://memoriesstay.com (CC-BY-SA-3.0) If you use my image on yo",CC BY-SA 3.0,https://creativecommons.org/licenses/by-sa/3.0,Barbarians Blood,4236617692,GeaWavfBcVY
Q54885,Jean Ferrat,person,1958,France,Q2956176,Jean Ferrat (chanteur).jpg,Guy Thomas &amp; Marie-Thérèse Grappe &amp; Arnaud 25,CC BY-SA 3.0,https://creativecommons.org/licenses/by-sa/3.0,Ma France,1820871657,9ccbZxhcvsI
Q54887666,Scarlxrd,person,2014,United Kingdom,Q55644985,Scardlxrd - Cool Stage - Madrid (41605164110) (cropped).jpg,Muzike Org,CC0,http://creativecommons.org/publicdomain/zero/1.0/deed.en,SI SOLTA,4294881402,7XAL20RJq8Q
Q548990,Poco,group,1968,United States,Q613408,PocoBand07.jpg,Carl Lender at https://www.flickr.com/photos/clender/,CC BY-SA 3.0,http://creativecommons.org/licenses/by-sa/3.0/,Call It Love,559010,cGEBXL11THc
Q548994,Infected Mushroom,group,1996,Israel,Q622871|Q10286190,InfectedMushroom02.jpg,maxim303,CC BY-SA 2.0,https://creativecommons.org/licenses/by-sa/2.0,The Pretender,929144052,8zH2JP4LgaE
Q549233,Samuel Hui,person,1967,British Hong Kong,Q853873,Sam Hui 20240331 (cropped).jpg,Will629,CC0,http://creativecommons.org/publicdomain/zero/1.0/deed.en,,,
Q549373,Kerri Chandler,person,1990,United States,Q20502|Q928825|Q97277483|Q874038,,,,,Atmosphere (The Lost Dubs),3427612591,asoyyAS5RlM
Q549442,Helmut Lachenmann,person,1935,Germany,Q109589562,,,,,,,
Q5495583,Fred Jewell,person,1875,,Q7438911,,,,,,,
Q5496741,Freddie Jackson,person,1979,United States,Q2746831|Q3963051,FreddieJackson2019.png,Sister Circle TV,CC BY 3.0,https://creativecommons.org/licenses/by/3.0,You Are My Lady,3464346,PyjAOelCPtQ
Q549768,Dying Fetus,group,1991,United States,Q2265866,Dyingfetus tuska2008.jpg,Jaakonam,CC BY 3.0,https://creativecommons.org/licenses/by/3.0,In the Trenches,33698711,Kf4Wt27x9U4
Q549960,Magic Sam,person,1937,United States,Q1071873,AABF 1969 Magic Sam JT.jpg,Eatonland,CC BY-SA 4.0,https://creativecommons.org/licenses/by-sa/4.0,All Your Love,5635345,7S5DGqCfk8o
Q549981,Norah Jones,person,2000,United States,Q2104067,NorahJones-byPhilipRomano.jpg,PhilipRomanoPhoto,CC BY 4.0,https://creativecommons.org/licenses/by/4.0,Sunrise,3130150,fd02pGJx0s0
Q55004,Kurt Weill,person,1900,United States,Q111535905,"Bundesarchiv Bild 146-2005-0119, Kurt Weill.jpg",Unknown,CC BY-SA 3.0 de,https://creativecommons.org/licenses/by-sa/3.0/de/deed.en,,,
Q55006974,Dynoro,person,2013,Lithuania,Q106493832,Dynoro live @ Airbeat One 2019.jpg,Q1q2q3qwertz,CC BY-SA 4.0,https://creativecommons.org/licenses/by-sa/4.0,In My Mind,505204262,5gga8E43clk
Q5505351,From Ashes Rise,group,1997,United States,Q112628069,,,,,Hell In The Darkness,378416751,YNpPYVQf7fY
Q550541,James P. Johnson,person,1894,United States,Q181897,JPJ CD2.gif,Unknown author,Public domain,,,,
Q550602,Poison,group,1980,United States,Q188539|Q3908370,Poison3.JPG,Osvaldo Loiacono,CC BY-SA 3.0,http://creativecommons.org/licenses/by-sa/3.0/,Nothin' But A Good Time,3119140,_88L-CU7PD4
Q55075209,Not3s,person,2016,United Kingdom,Q85740017,Not3s 2018.png,MTV International,CC BY 3.0,https://creativecommons.org/licenses/by/3.0,Addison Lee (Peng Ting Called Maddison),345224621,6yVxR0QqtWQ
Q551576,Mory Kanté,person,1971,Guinea,Q107123896|Q2064394,Mory Kanté.jpg,Aboubacarkhoraa,CC BY-SA 4.0,https://creativecommons.org/licenses/by-sa/4.0,Yeke Yeke,1696118167,bJNiMNUSrw8
Q552245,Burial,person,2001,United Kingdom,Q5510816|Q20474|Q106130091|Q85765918,Burial1.svg,Original Burial design.,Public domain,,Moth,1635226042,TJ_7-n02nEg
Q552377,Diamond Head,group,1976,United Kingdom,Q370515,Hellfest2019DiamondHead 05.jpg,Selbymay,CC BY-SA 4.0,https://creativecommons.org/licenses/by-sa/4.0,Am I Evil,665427042,GnupfNwf62M
Q552511,Bill Laswell,person,1978,United States,Q3613770,Bill-laswell.jpg,nomo/michael hoefnerhttp://www.zwo5.de,CC BY-SA 2.5,https://creativecommons.org/licenses/by-sa/2.5,Enharmonic,102668274,
Q5526109,Gary War,person,1999,United States,Q25345818,,,,,,,
Q5538379,George Darko,person,1951,Ghana,Q1014887,,,,,Medo Menuanom,3265908551,rcEu4tv-gFc
Q553861,Squarepusher,person,1992,United Kingdom,Q660984|Q1259016,2012 Squarepusher @ Royale Bostno (8148077592).jpg,digboston,CC BY 2.0,https://creativecommons.org/licenses/by/2.0,Midi Sans Frontieres (Avec Batterie),895093822,X_k2lih0T6U
Q553908,Thomas Weelkes,person,1576,United Kingdom,Q193217,,,,,,,
Q5539359,"George Formby, Sr.",person,1875,United Kingdom of Great Britain and Ireland,Q940462,"George Formby Sr, 1919.jpg",Unknown (Life time of subject: 4 October 1875 – 8 February 1921),Public domain,,,,
Q554168,Kool G Rap,person,1986,United States,Q9302696,Kool G Rap (cropped).jpg,"Kanamedia from Tokyo, Japan",CC BY 2.5,https://creativecommons.org/licenses/by/2.5,ILL Street Blues,38087751,wkzIcWycU1g
Q5551605,Pedro Messone,person,1962,Chile,Q6040713,Pedro Messone (7352281704).jpg,tu Foto con el Presidente,CC BY 2.0,https://creativecommons.org/licenses/by/2.0,El Solitario,3246774731,cZX1h2X6-5I
Q555195,Héctor Lavoe,person,1968,United States,Q208239|Q7405759,"Estatua de Héctor Lavoe en Tablado La Guancha, Barrio Playa, Ponce, PR (DSC01187).jpg",Tito Caraballo,CC BY-SA 2.0,https://creativecommons.org/licenses/by-sa/2.0,Periódico De Ayer,688751902,LMIrkCL8Zg0
Q55524,Marc-Antoine Charpentier,person,1670,Kingdom of France,Q1123381,MA Charpentier II.jpg,Unknown author,Public domain,,Te Deum (Prélude),4143914952,uQof69ujtgs
Q55525789,Yorushika,group,2017,Japan,Q113563746,,,,,Sunny,2595471032,-VKIqrvVOpo
Q5554341,Spazz,group,1992,United States,Q1784106,,,,,,,
Q555552,Gareth Emery,person,2002,United Kingdom,Q1027999,Gareth Emery.jpg,"Dan Reid (photographer), Gareth Emery Music (copyright holder).",CC BY-SA 3.0,https://creativecommons.org/licenses/by-sa/3.0,Under The Sky (Broken Tides),4122218681,x1YfIoy4lvk
Q555623,Edward Sharpe and the Magnetic Zeros,group,2005,United States,Q123421101,Edward Sharpe and the Magnetic Zeros.jpg,Anonimosanhueza,CC BY-SA 3.0,https://creativecommons.org/licenses/by-sa/3.0,,,
Q5556594,Ghetts,person,2003,United Kingdom,Q1166726,Ghetts Cloud x.jpg,Amy Martin Photography,CC BY-SA 4.0,https://creativecommons.org/licenses/by-sa/4.0,Skengman,1204807332,kuQPdO-ysic
Q555770,Luís Goes,person,1933,Portugal,Q5141514,,,,,,,
Q55584618,Chino Amobi,person,2010,United States,Q96376113,,,,,GÆNOVA,889002662,
Q556024,Sasha,person,1989,United Kingdom,Q915152|Q2260696,Sashaspooky (cropped).jpg,Dosio Dosev,CC BY 2.5,https://creativecommons.org/licenses/by/2.5,Xpander,995732,2qXqaZGrP2g
Q55635797,Those Poor Bastards,group,,United States,Q65052052,Those Poor Bastards Madison WI 2018.jpg,DallasFletcher,CC BY-SA 4.0,https://creativecommons.org/licenses/by-sa/4.0,Glory Amen,77094941,Qlq07_8nRGc
Q55640062,Islam Chipsy,person,2013,,Q25230739,,,,,Moulid El Gomgoma,1677549967,
Q557,Patti Smith,person,1971,United States,Q3071,Patti Smith at the 81st Venice International Film Festival in 2024.jpg,Harald Krichel,CC BY-SA 4.0,https://creativecommons.org/licenses/by-sa/4.0,Because the Night,13438425,c_BcivBprM0
Q557003,Grigoris Bithikotsis,person,1922,Greece,Q2087267,,,,,,,
Q557465,Fast Eddie,person,1987,United States,Q601235,,,,,Can U Dance,3593767682,5GpN1B4a25o
Q557535,Martin Denny,person,1911,United States,Q1779294|Q916387,,,,,The Enchanted Sea,4011680,ZOBQMPtH_Qo
Q557775,Linton Kwesi Johnson,person,1978,Jamaica,Q1113204,Linton Kwesi Johnson (1756331326).jpg,Bryan Ledgard,CC BY 2.0,https://creativecommons.org/licenses/by/2.0,Inglan Is A Bitch,530300571,isMjvRpAckU
Q558226,Sami Yusuf,person,2003,United Kingdom,Q783874,Sami Yusuf 2011 (cropped2).jpg,work for hire; copyright owned by Sami Yusuf,CC BY 3.0,https://creativecommons.org/licenses/by/3.0,Hasbi Rabbi,64209465,cMmcuGO0uCM
Q558464,Goethes Erben,group,1989,Germany,Q1362878,2015-07-25 Goethes Erben (Amphi festival 2015) 021.jpg,Atamari,CC BY-SA 4.0,https://creativecommons.org/licenses/by-sa/4.0,,,
Q558709,Roberto Goyeneche,person,1926,Argentina,Q14390274,RobertoGoyeneche.jpg,unknow. uploader Claudio Elias,Public domain,,Balada para un Loco,13249399,IrG5ernfF88
Q5587383,Gospel Gangstaz,group,1994,United States,Q2238236,,,,,,,
Q558799,Muslim Magomayev,person,1962,Soviet Union,Q107539904,"Muslim Magomayev, Azerbaijani singer.jpg",Post of Azerbaijan/Azermarka,Public domain,,Синяя вечность,1867820487,Hge_pupTHMg
Q559269,José Afonso,person,1952,Portugal,Q5141514|Q109350090,José Afonso by Henrique Matos 001.jpg,Henrique José Teixeira Matos,CC BY-SA 3.0,https://creativecommons.org/licenses/by-sa/3.0,Os bravos,61107745,mGlm6Q84BAA
Q5593993,Gran Coquivacoa,group,1968,Venezuela,Q535328,,,,,La Negra Cocoa Coa,702465862,2eY7orc8q50
Q559529,Francesco Guccini,person,1960,Italy,Q108297209,Francesco Guccini - Lucca Comics & Games 2016 01.jpg,Niccolò Caranti,CC BY-SA 4.0,https://creativecommons.org/licenses/by-sa/4.0,Don Chisciotte,3462376,pUR2QxLJRE8
Q55955701,Snail's House,person,2012,Japan,Q106577542,,,,,Hot Milk,373959721,N8nGig78lNs
Q560153,UB40,group,1978,United Kingdom,Q98528253,UB40in2010.jpg,Egghead06,CC BY 3.0,https://creativecommons.org/licenses/by/3.0,Kingston Town,3167612,9c4KAnQpdGw
Q5604524,Greensky Bluegrass,group,2000,United States,Q107982599,Greensky Bluegrass at Delfest.jpg,Mr.schultz,CC BY-SA 4.0,https://creativecommons.org/licenses/by-sa/4.0,Burn Them,84813669,w4_h452wTrE
Q560505,Benny Moré,person,1944,Cuba,Q1646666|Q15830404|Q1552806|Q4428744,Benny Moré 2.jpg,"Ibrahim Arce (Narcy Studios photographer), most likely",Public domain,,,,
Q560635,David Del Tredici,person,1959,United States,Q105697818,,,,,,,
Q560642,Buju Banton,person,1987,Jamaica,Q474027|Q740911,"Buju Banton at Ilosaarirock, Joensuu, July 2006.jpg",Flickr user wili_hybrid,CC BY 2.0,https://creativecommons.org/licenses/by/2.0,Hills And Valleys,63429145,0k27suBmV0U
Q56074,Rocío Dúrcal,person,1959,Spain,Q5747258,Rocio Durcal 1962.jpg,"Unknown, none visible",Public domain,,La Gata Bajo la Lluvia,13186750,CSEuKZua1U4
Q560788,Alceu Valença,person,1968,Brazil,Q586110,26 Prêmio da Música Brasileira (18085831543) (cropped).jpg,26° Prêmio da Música Brasileira,CC BY 2.0,https://creativecommons.org/licenses/by/2.0,Tropicana (Morena Tropicana),44399811,N0WqMtvwf1c
Q5608,Eminem,person,1988,United States,Q11401,Eminem 2021 Color Corrected.jpg,Brendan_linden,CC0,http://creativecommons.org/publicdomain/zero/1.0/deed.en,Lose Yourself,1109731,xFYQQPAOz7Y
Q560953,Pablo Milanés,person,1956,Cuba,Q1151259|Q497957,Pablo Milanés (cropped).jpg,FNPI,CC BY-SA 2.0,https://creativecommons.org/licenses/by-sa/2.0,Yolanda,1555691412,qCwLbI1IMog
Q561142,Benjamin Zephaniah,person,1980,United Kingdom,Q1113204,Benjamin Zephaniah 20181206.jpg,Edwardx,CC BY-SA 4.0,https://creativecommons.org/licenses/by-sa/4.0,Palestine,937172662,hoQztCV5NQo
Q561205,Raphael,person,1961,Spain,Q5747258|Q6496560,Raphael (RPS 09-10-2023) Premio Ciudad de Alcalá de las Artes y las Letras.png,Raimundo Pastor,CC BY-SA 4.0,https://creativecommons.org/licenses/by-sa/4.0,Caravane,3129431,0M1WB_7elG8
Q5612232,Grupo Límite,group,2003,Mexico,Q5612172,,,,,Te Aprovechas,750118172,JqgRE88HOeo
Q561390,Béla Fleck,person,1976,United States,Q3307225,Belafleck.jpg,Tom Martorelli from United States,CC BY 2.0,https://creativecommons.org/licenses/by/2.0,Vertigo,3750640022,k42r0kxmP60
Q561596,Johnny Clegg,person,1976,South Africa,Q2064394,Johnny-clegg-valenciennes-davidata-14 07 2009.jpg,davidata,CC BY-SA 3.0,https://creativecommons.org/licenses/by-sa/3.0,,,
Q5620648,Gus Elen,person,1862,United Kingdom of Great Britain and Ireland,Q940462,Gus Elen 1900.jpg,Unknown author,Public domain,,,,
Q562148,Cachao,person,1926,Cuba,Q1646666|Q28219760,Cachao (2).jpg,The original uploader was Tonklis at English Wikipedia.,Public domain,,,,
Q562158,Thomas A. Dorsey,person,1899,United States,Q180268,,,,,,,
Q562440,Aziz Mian,person,1966,British Raj,Q512410,,,,,Dard e Dil Mai Kami Nahi Hoti,2387371975,
Q56248912,Deche-Charge,group,1990,Canada,Q89423271|Q9050551,,,,,,,
Q56281544,Common Kings,group,2011,United States,Q7122786,Common Kings Boston 2 (2022).jpg,Sue Kastle,CC BY-SA 4.0,https://creativecommons.org/licenses/by-sa/4.0,Queen Majesty,826224902,UU5AnS0rFDc
Q562912,Les McCann,person,1935,United States,Q1615483,Les McCann.jpg,Brianmcmillen,CC BY-SA 4.0,https://creativecommons.org/licenses/by-sa/4.0,Burnin' Coal,730380,xKEDpEjveFM
Q56305544,The Sickest Squad,group,,,Q1455487,,,,,Coeur Du Frenchcore,2867045062,aqDBlCsUmMU
Q563057,Charlie Rich,person,1958,United States,Q106561868|Q2998920,Charlie Rich 1973.JPG,Epic Records,Public domain,,The Most Beautiful Girl,849363,qLbGeZSUrhg
Q563162,Tim Berne,person,1979,United States,Q742341,Tim Berne Montreuil Les Instants Chavires 1995 03 08.jpg,Crobeur,Public domain,,,,
Q563386,Lenny Dee,person,1984,United States,Q388906,Lennydee.jpg,No machine-readable author provided. MarkGGN assumed (based on copyright claims).,CC BY-SA 3.0,http://creativecommons.org/licenses/by-sa/3.0/,Forgotten Moments,4844862,l1StqlzzfYQ
Q563517,Derek Bailey,person,1930,United Kingdom,Q592060,Bailey1.jpg,Graham Burnett,CC BY-SA 3.0,http://creativecommons.org/licenses/by-sa/3.0/,You Go To My Head,2560666452,
Q5645273,Hamilton de Holanda,person,1981,Brazil,Q1076539,Hamiltondeholandaparis.jpg,Fernanda Peruzzo/Ministério da Cultura,CC BY 2.0,https://creativecommons.org/licenses/by/2.0,Flor de Lis,2439697955,uBZL14tWWoQ
Q56461128,Kojo Funds,person,2015,,Q85740017,,,,,Check,452884922,ncu3eYkmTxk
Q5657172,Hari Om Sharan,person,1973,Dominion of India,Q854775,,,,,,,
Q5659662,Agarrate Catalina,group,2001,Uruguay,Q6032965,"Agarrate Catalina en el Concierto por la Paz en el CCK, octubre de 2023.jpg",Ministerio de Cultura de la Nación,CC BY-SA 2.0,https://creativecommons.org/licenses/by-sa/2.0,La Violencia,1222663082,RiW_x7WaYSg
Q5661029,Didi Kempot,person,1984,Indonesia,Q3274667,Didi Kempot.jpg,"Government of Purbalingga Regency, Indonesia",Public domain,,,,
Q566173,Forever the Sickest Kids,group,2007,United States,Q25099691,FTSK Bamboozle.jpg,Esposimi,CC BY-SA 3.0,https://creativecommons.org/licenses/by-sa/3.0,Bipolar Baby!,10092029,MUKQ0k0kVXQ
Q566555,Bohren & der Club of Gore,group,1992,Germany,Q31837446,Bohren dcog (12843586343).jpg,hds,CC BY 2.0,https://creativecommons.org/licenses/by/2.0,Constant Fear,134456526,W2zkN74s72M
Q5671685,Amanda Portales,person,1961,Peru,Q2307786,Amandap.JPG,Costa Julia,CC BY-SA 3.0,https://creativecommons.org/licenses/by-sa/3.0,Gatito Miau Miau,101330966,gNIYNPzjSX8
Q567714,Anorexia Nervosa,group,1995,France,Q1621467,Anorexia Nervosa band 4.jpg,Małgorzata Kiedrowicz (email: hole666@wp.pl),Public domain,,Stabat Mater Dolorosa,216752,
Q567872,Carlos Lyra,person,1954,Brazil,Q486263,Carlos Lyra.jpg,TV Brasil,CC BY 3.0 br,https://creativecommons.org/licenses/by/3.0/br/deed.en,Influência Do Jazz,1577530272,-f96W5ta2r0
Q56811731,Arcaño y sus Maravillas,group,1937,,Q107195014,Arcaño y sus Maravillas.jpg,Unknown author,Public domain,,,,
Q569003,Brian Eno,person,1970,United Kingdom,Q193207,Brian Eno 2015.png,How We Get To Next,CC BY 3.0,https://creativecommons.org/licenses/by/3.0,An Ending (Ascent),674055242,OlaTeXX3uH8
Q569408,Meshuggah,group,1987,Sweden,Q2532560,Meshuggah 2008 Melbourne 2.jpg,"Leposava from Melbourne, Australia",CC BY 2.0,https://creativecommons.org/licenses/by/2.0,Bleed,3065403241,qc98u-eGzlc
Q569462,Neuroticfish,group,1998,Germany,Q828243,Neuroticfish-blackfieldfestival-2013.jpg,Exoport,CC BY-SA 3.0,https://creativecommons.org/licenses/by-sa/3.0,They're Coming To Take Me Away,751511482,4A1A97sFF9Q
Q5694936,Heavens to Betsy,group,1991,United States,Q677542,,,,,Terrorist,30505701,xD8rWjx90-w
Q5698073,Heera Group UK,group,1981,United Kingdom,Q854844,,,,,,,
Q5699952,Antonio Tarragó Ros,person,1947,Argentina,Q1060475,,,,,,,
Q570025,Screeching Weasel,group,1986,United States,Q487914,Ben-weasel2.jpg,Ken Schmidt,CC BY 2.0,https://creativecommons.org/licenses/by/2.0,I Can See Clearly,145634250,Pyh_V8L40TU
Q570393,Editors,group,2002,United Kingdom,Q1899347,Deichbrand2018-Editors-66.JPG,Chris W. Braunschweiger (talk),CC BY-SA 4.0,https://creativecommons.org/licenses/by-sa/4.0,Seriously,4217305652,Lpxqp3ClBnY
Q5704807,Armonía 10,group,1972,Peru,Q7171184|Q131334621,"Programes de la festa de San Sebastián de Cruzpampa, Yapatera a Chulucanas (cropped).jpg",Pitxiquin,CC BY-SA 4.0,https://creativecommons.org/licenses/by-sa/4.0,Mi Primer Amor,2303059315,l60bIdMFnn8
Q570610,Tanghetto,group,2003,Argentina,Q362515,Tanghetto Live.jpg,Marlon Perrone,CC BY-SA 3.0,https://creativecommons.org/licenses/by-sa/3.0,Bahia Blanca,64694743,OWbQqV0CXQc
Q5706948,Hellbastard,group,1985,United Kingdom,Q825769|Q112593597,Hellbastard Eindhoven.jpg,Megatronicus,CC BY-SA 4.0,https://creativecommons.org/licenses/by-sa/4.0,Deadlock,70989503,mW9lsMqBv5I
Q571125,Waka Flocka Flame,person,2008,United States,Q2913982,Waka Flocka 2016.png,Max Goldberg,CC BY 2.0,https://creativecommons.org/licenses/by/2.0,No Hands,7303329,skhxizRYxps
Q57138,Within Temptation,group,1996,Netherlands,Q486415,Bevrijdingsfestival 2008 - Within Tempation 02 cropped.jpg,Bryan Tong Minh,GFDL 1.2,http://www.gnu.org/licenses/old-licenses/fdl-1.2.html,Faster,1222202262,iQVei5C2N4E
Q571707,Mohamed Mounir,person,1977,Egypt,Q2610186,"Mohamed Mounir, b.jpg",Euku,CC BY-SA 3.0,https://creativecommons.org/licenses/by-sa/3.0,Madad Ya Rasoul Allah,138355577,wHSvTLaUvd0
Q5719338,Barbarito Díez,person,1935,Cuba,Q1165358,,,,,,,
Q572077,La Bouche,group,1994,United States,Q216961,"Melanie Thornton at Leipzig, Germany, November 2001.jpg",Privat,Public domain,,Be My Lover,4096754,ViP87WipSm0
Q57213,James Last,person,1946,Germany,Q848399,WP2015 JamesLast FFM.jpg,Sven-Sebastian Sajak,CC BY-SA 4.0,https://creativecommons.org/licenses/by-sa/4.0,Einsamer Hirte,885599762,vFDYwlOSGis
Q572174,Oomph!,group,1989,Germany,Q213572,Oomph! Wave-Gotik-Treffen 2018 27.jpg,S. Bollmann,Attribution,,Augen auf!,567164,fuLPJg2gwjQ
Q57244,Paul Hindemith,person,1895,United States,Q106576145,Paul Hindemith 1923.jpg,Foto vom Hindemith-Institut als Rechteinhaber unter GFDL zur Verfügung gestellt Hochgeladen nach de.wikipedia von de:Ben,CC BY-SA 3.0,http://creativecommons.org/licenses/by-sa/3.0/,,,
Q57247,Edgard Varèse,person,1883,France,Q1326777|Q2332751,Edgar Varèse - John French Sloan.jpg,John Sloan,Public domain,,,,
Q572821,Big Black,group,1981,United States,Q181861|Q131535243,Big Black (1986).jpg,"Photograph by John Bohnen (""Spell it right, fucker"").",Public domain,,,,
Q572924,Anthony Braxton,person,1968,United States,Q790188|Q742341,Anthony Braxton 76.jpg,"Tom Marcello Webster, New York, USA",CC BY-SA 2.0,https://creativecommons.org/licenses/by-sa/2.0,6-77AR-36K (Opus 23B),389944481,E30adQV-mTA
Q573017,Swans,group,1982,United States,Q1641839|Q181861,Swans warsaw 10 12 2010 poland m kutera.jpg,M kutera,CC BY-SA 4.0,https://creativecommons.org/licenses/by-sa/4.0,Love Will Save You,110185696,HXbcErP-Xok
Q573067,The Gaslight Anthem,group,2006,United States,Q747717,GaslightAnthemHammersmith2010.jpg,Alexander Hugo,CC BY 3.0,https://creativecommons.org/licenses/by/3.0,Autumn,2343496405,lYx9o-GVPF0
Q5742219,Camilo Zapata,person,1917,Nicaragua,Q6132088,,,,,,,
Q57444866,City Morgue,group,2017,United States,Q55644985,,,,,DRAINO,827433922,m-BOnqtmMnQ
Q574728,Anti-Nowhere League,group,1980,United Kingdom,Q383615,Anti-NowhereLeague-8-Augustibuller2007.jpg,Liftarn,Public domain,,So What,1647751452,AH7pOUm5s9k
Q574739,Basic Channel,group,1993,Germany,Q1262781,,,,,Phylyps Trak,486250732,CUD4RaRSSio
Q574789,Anti Cimex,group,1981,Sweden,Q1151260,,,,,Dogfight,2210120957,ch7HeBK90O0
Q5750432,Hi Tension,group,2014,United Kingdom,Q4969182,,,,,,,
Q57512,Joseph Michel Martelly,person,1988,Haiti,Q2726026,"Michel Martelly on April 20, 2011.jpg",US Department of State,Public domain,,,,
Q5752293,Carlota Jaramillo,person,1922,Ecuador,Q7142141,"MUSEO-CASA DE CARLOTA JARAMILLO ""LA REINA DE LA CANCIÓN NACIONAL"" (39986307341) (cropped).jpg",Agencia de Noticias ANDES,CC BY-SA 2.0,https://creativecommons.org/licenses/by-sa/2.0,La Ingratitud (Albazo Ecuador),575832722,
Q5759771,Cecilia Barraza,person,1952,Peru,Q2509521,Cecilia Barraza.png,Radio Felicidad (Grupo RPP),CC BY 3.0,https://creativecommons.org/licenses/by/3.0,Cuando Llora Mi Guitarra,108658010,V6zrDkt6YH8
Q576420,Ojos de Brujo,group,1996,Spain,Q3053954,Ojos de brujo 2.jpg,Axelv,CC BY 3.0,https://creativecommons.org/licenses/by/3.0,Ventilaor R-80,5413531,37bp_rO4tas
Q5767112,Cholo Valderrama,person,1951,Colombia,Q1202208|Q108951349,,,,,Soy el Llano,11786943,GB1Y0cYFIlU
Q57701496,Dance with the Dead,group,,United States,Q60973191,HF2023DanceWithTheDead 7.jpg,Selbymay,CC BY 4.0,https://creativecommons.org/licenses/by/4.0,Riot,118768860,W_5unoZTpoQ
Q57784,Markus Schulz,person,1990,United States,Q2260696,Markus-shulz at mysteryland.jpg,The original uploader was Skatebiker at English Wikipedia.,CC BY-SA 3.0,http://creativecommons.org/licenses/by-sa/3.0/,Loops & Tings,53868871,fQ6-lVpsKk0
Q578270,Explosions in the Sky,group,1999,United States,Q209137,Explosions in the Sky.jpg,Greg Neate,CC BY 2.0,https://creativecommons.org/licenses/by/2.0,A Song for Our Fathers,62742416,MAmqJjyDH48
Q578376,Clutch,group,1990,United States,Q617240,Clutch - Reload Festival 2024 01.jpg,Frank Schwichtenberg,CC BY-SA 4.0,https://creativecommons.org/licenses/by-sa/4.0,Wasted Lands,4224621442,Z4kgKBCIGFE
Q578979,Slint,group,1986,United States,Q209137|Q1132152,Slint-1.jpg,michael morel,CC BY 2.0,https://creativecommons.org/licenses/by/2.0,"Good Morning, Captain",125953479,XBE2EUT34aY
Q580563,Inul Daratista,person,1990,Indonesia,Q1159539|Q31174954,Inul Daratista 2004.JPG,Meutia Chaerani / Indradi Soemardjan http://www.indrani.net,CC BY 2.5,https://creativecommons.org/licenses/by/2.5,Buaya Buntung,1248765182,4DhgJ3dsUxM
Q5807252,Dimitri Vegas & Like Mike,group,2007,Belgium,Q15300817,Dimitri Vegas & Like Mike in TomorrowWorld 2013.jpg,Mixtribe,CC BY 2.0,https://creativecommons.org/licenses/by/2.0,,,
Q580736,Aruna Lama,person,1952,Dominion of India,Q55642856,,,,,,,
Q580823,The Impressions,group,1958,United States,Q1269729,"The Impressions, 1964.png",Unknown author,Public domain,,It's All Right,810701932,Y1LLwC7N1h8
Q580943,Nitzer Ebb,group,1982,United Kingdom,Q372103,Nitzer Ebb.JPG,Gripweed,CC BY-SA 3.0,https://creativecommons.org/licenses/by-sa/3.0,Join In The Chant,1763124757,AGHMS_zh0zM
Q5819161,Eduardo Davidson,person,1910,Cuba,Q367751,,,,,,,
Q581966,Juaneco y su Combo,group,1966,Peru,Q7171184|Q1143741|Q5643186,,,,,Ya Se Ha Muerto Mi Abuelo,92337882,cBQi8PVq4uI
Q58207,Dimmu Borgir,group,1993,Norway,Q1621467,DimmuBorgirTuska2005.jpg,Original uploader was Matthew McPherson at en.wikipedia,CC BY-SA 3.0,http://creativecommons.org/licenses/by-sa/3.0/,Progenies of the Great Apocalypse,668831822,NiNTrKsQ8TU
Q582152,Yuri Vizbor,person,1934,Soviet Union,Q4056436,,,,,,,
Q5822268,El Kinto,group,1967,Uruguay,Q24935256,,,,,Muy Lejos Te Vas,103625534,hbq3hj15YcE
Q58257004,El Alfa,person,2008,Dominican Republic,Q16491869,"El Alfa, 2023 - interview with Tony Dandrades.jpeg",Tony Dandrades,CC BY 3.0,https://creativecommons.org/licenses/by/3.0,4K,2309786905,Y_Xm72p6ruY
Q582813,Robert Hood,person,1990,United States,Q170611|Q1430587,"Robert Hood Live @ Kennedys, Dublin, Ireland 2009.JPG",Ventolin,CC BY-SA 3.0,https://creativecommons.org/licenses/by-sa/3.0,,,
Q583025,Patricio Manns,person,1959,Chile,Q3879286,"Manns, Patricio 20171028 fRF01.jpg",Rodrigo Fernández,CC BY-SA 4.0,https://creativecommons.org/licenses/by-sa/4.0,Llego Volando,3240677151,Ettbs4A5LL8
Q583344,Mercury Rev,group,1989,United States,Q703778,Mercury rev.jpg,Stinco di Porco,CC BY 2.0,https://creativecommons.org/licenses/by/2.0,Goddess on a Hiway,1021507952,Nj39W-AoThs
Q5836951,Ernesto Montiel,person,1916,Argentina,Q1060475,Ernesto Montiel.jpg,Polydor,Public domain,,,,
Q58381,Duran Duran,group,1978,United Kingdom,Q597240|Q2281409,Duran Duran 1983.jpg,Brian Aris; Distributed by Capitol Records,Public domain,,Ordinary World,3130430,FqIACCH20JU
Q584391,Pavel Chesnokov,person,1877,Soviet Union,Q7382074,,,,,,,
Q584447,"Chunk! No, Captain Chunk!",group,2008,France,Q3046632,Chunk no Captain Chunk.jpg,Andy Collegian,CC BY 2.0,https://creativecommons.org/licenses/by/2.0,,,
Q584835,Blue Diamonds,group,1959,Netherlands,Q2097664,The Blue Diamonds 914-2294.jpg,"Nationaal Archief, Den Haag, Rijksfotoarchief: Fotocollectie Algemeen Nederlands Fotopersbureau (ANEFO), 1945-1989 - neg",CC BY-SA 3.0 nl,https://creativecommons.org/licenses/by-sa/3.0/nl/deed.en,,,
Q5851484,Shut Up and Dance,group,1988,United Kingdom,Q1585075|Q898709,,,,,,,
Q585972,Gigi D'Alessio,person,1992,Italy,Q6993291,Gigi dAlessio.jpg,Famiglia Iaconianni (Original uploader was Cotton at it.wikipedia),CC BY-SA 3.0,https://creativecommons.org/licenses/by-sa/3.0,Un nuovo bacio,538753,FwuIOnGppmY
Q58608,Arcade Fire,group,2001,Canada,Q183504,Arcade Fire live 20050315.ext.jpg,Andersju (Anders Jensen-Urstad),CC BY-SA 3.0,http://creativecommons.org/licenses/by-sa/3.0/,The Suburbs,377386421,5Euj9f3gdyM
Q5866998,Francisco Palaviccini,person,1912,El Salvador,Q6169362,,,,,,,
Q586994,Lennie Tristano,person,1919,United States,Q327547,Lennie Tristano 1947 (Gottlieb).jpg,William P. Gottlieb,Public domain,,Turkish Mambo,670842,G6dQHdBfkmg
Q587086,Charanga Habanera,group,1988,Cuba,Q371745,,,,,Arriba De Lo Mal Hecho,1260586862,
Q5872203,Félix Chappottín,person,1919,Cuba,Q290869,Conjunto Chappottín.jpg,Unknown author,Public domain,,,,
Q587694,DJ Marlboro,person,1963,Brazil,Q117745223|Q1931130,Dj marlboro bsb.jpg,Olimor,CC BY-SA 3.0,https://creativecommons.org/licenses/by-sa/3.0,Rap Da Felicidade,2674498862,nZH3byvS0B4
Q587713,The Shamen,group,1985,United Kingdom,Q2187392,The Shamen (1990).jpg,"Greg Neate from Sussex, UK",CC BY 2.0,https://creativecommons.org/licenses/by/2.0,Ebeneezer Goode,2629683362,_OGS5sStP50
Q5881397,Glorior Belli,group,2002,France,Q108297198,,,,,,,
Q588315,Georgie Fame,person,1959,United Kingdom,Q4971442,Georgie Fame in Sweden 1968.jpg,Pressens Bild / Scanpix,Public domain,,Sunny,1561027,
Q588382,Shocking Blue,group,1967,Netherlands,Q2639210|Q1936659,"Popgroep Shocking Blue gaf persconferentie in verband met succes van plaat Ve, Bestanddeelnr 923-1956.jpg",Joost Evers / Anefo,CC0,http://creativecommons.org/publicdomain/zero/1.0/deed.en,Venus,60703394,dBjWwGYxcnU
Q588392,Roy Brown,person,1945,United States,Q1515757,Roy brown.jpg,Probably Jonas Bernholm,CC BY-SA 4.0,https://creativecommons.org/licenses/by-sa/4.0,Good Rockin Tonight,8017359,cgdzS4OSQ1M
Q588551,Roy Ayers,person,1962,United States,Q38656,Roy Ayers 2019 Glastonbury Festival 09 crop.jpg,Edwardx,CC BY-SA 4.0,https://creativecommons.org/licenses/by-sa/4.0,Everybody Loves The Sunshine,549279042,nC9dQOnUyao
Q5886009,Grupo 5,group,1973,Peru,Q7171184|Q131334621,,,,,La Culebritica,673780942,IneMGm3N1Nw
Q588820,Cocteau Twins,group,1979,United Kingdom,Q592330|Q284543,"Cocteau Twins, The Moon and the Melodies 1986 (cropped) (cropped).jpg",Unknown author,Public domain,,Cico Buff,948638,kkxixKRfEnk
Q589580,Belphegor,group,1991,Austria,Q2599472,Belphegor Tons of Rock 2025-033.jpg,Birgit Fostervold,CC BY-SA 4.0,https://creativecommons.org/licenses/by-sa/4.0,Virtus Asinaria - Prayer,1695139627,ZVWuutfWY8M
Q589846,Beenie Man,person,1980,Jamaica,Q474027,Beenie Man 01716.JPG,Alphakaya,Public domain,,Dude,3393740,v3Xuz6u6tYA
Q5899965,Hopeton Lewis,person,1965,Jamaica,Q573484,,,,,Boom Shaka Laka,3254144811,JPEYVfNjFbQ
Q590911,Lou Harrison,person,1917,United States,Q4745477,Lou Harrison 1940s.jpg,Unknown author,CC BY-SA 4.0,https://creativecommons.org/licenses/by-sa/4.0,Four Pieces for Harp: Avalokiteshvara (Produced),64161195,
Q5911095,Hotdog,group,1972,Philippines,Q6749708,,,,,Manila,658078812,PE1f6VzVTwE
Q59149232,Sonny Terry & Brownie McGhee,group,,United States,Q1109497,,,,,,,
Q591691,Sublime,group,1988,United States,Q460674|Q7308175|Q3990466,,,,,Santeria,127245051,AEYN5w4T_aM
Q59185,Busta Rhymes,person,1986,United States,Q3791697,Busta Rhymes (52380599657) (cropped).jpg,All-Pro Reels,CC BY-SA 2.0,https://creativecommons.org/licenses/by-sa/2.0,I Know What You Want,13202000,WDaNJW_jEBo
Q5921,Chuck Berry,person,1953,United States,Q11399|Q7749,Chuck Berry (8275961).jpeg,Pablo Vaz,CC BY 3.0,https://creativecommons.org/licenses/by/3.0,Roll Over Beethoven,540188892,sagmwSY-ZEY
Q5921010,Isaco Abitbol,person,1917,Argentina,Q1060475,Isaco Abitbol 1979.jpg,Music Hall (MH),Public domain,,,,
Q59241691,DJ Seinfeld,person,1991,Sweden,Q108555812,,,,,Now U Do,2285452567,VyLbEEwd7FI
Q5928796,Hudson Mohawke,person,1996,United Kingdom,Q1136045|Q123922710|Q22908553,Hudson Mohawke.jpg,Shaun Murphy,CC BY-SA 2.0,https://creativecommons.org/licenses/by-sa/2.0,Chimes,86562811,k_MWuP2Qj7U
Q5929728,Huggy Bear,group,1991,United Kingdom,Q677542,"Huggy Bear, 1994.jpg","Greg Neate from Sussex, UK",CC BY 2.0,https://creativecommons.org/licenses/by/2.0,Putting Out,2778322991,
Q593139,D. Train,group,1980,United States,Q4942839,,,,,,,
Q593741,Project Pat,person,1991,United States,Q6010117,ProjectPat.jpg,theogeo,CC BY 2.0,https://creativecommons.org/licenses/by/2.0,Take Da Charge,70546076,y5POWTgILk0
Q593809,Assemblage 23,group,1988,United States,Q828243,Assemblage 23 Nocturnal Culture Night 13 2018 02.jpg,S. Bollmann,Attribution,,Barren,129416626,tva6fxl4Xfs
Q5941036,Ilegales,group,1982,Spain,Q3855113,Ilegales en Extremúsika 2009.jpg,BigSus,CC BY 2.5,https://creativecommons.org/licenses/by/2.5,,,
Q594166,Machinedrum,person,2000,United States,Q3108920,Machine Drum.jpg,Zoe,CC BY 2.0,https://creativecommons.org/licenses/by/2.0,ZOOM,2662623502,JlV8zVUgdLM
Q594644,Félix Leclerc,person,1950,Canada,Q2956164,Félix Leclerc.jpg,National Film Board of Canada. Photothèque / Library and Archives Canada / PA-107872. Photographer: Devlin-Belaieff-Jous,Public domain,,Le p'tit bonheur,2420982,IOmZ_pF_XFI
Q594748,Culture Beat,group,1989,Germany,Q216961,Culture Beat.jpg,TaylorNews,CC BY-SA 3.0,http://creativecommons.org/licenses/by-sa/3.0/,Mr. Vain,17347911,ZMtf_ouMTHw
Q59485,Otto Waalkes,person,1948,Germany,Q1759189,Otto Waalkes 1093 (cropped).jpg,Harald Bischoff,CC BY-SA 3.0,https://creativecommons.org/licenses/by-sa/3.0,,,
Q594855,Sunn O))),group,1998,United States,Q1433387|Q650316,Sunn O))) - Brutal Assault 01.jpg,Dominik Matus,CC BY-SA 4.0,https://creativecommons.org/licenses/by-sa/4.0,Ampliphædies (E),727118922,
Q5950,James Brown,person,1954,United States,Q131272|Q164444,Jamesbrown4.jpg,Dbking @ Flickr,CC BY 2.0,https://creativecommons.org/licenses/by/2.0,"It's A Man's, Man's, Man's World",598055812,H77fRz1rybs
Q5951242,Lil B,person,2004,United States,Q16829781,Lil B 2011 (cropped).png,https://www.flickr.com/photos/generationbass/,CC BY 2.0,https://creativecommons.org/licenses/by/2.0,B.O.R. (Birth of Rap),4286436052,OeLQOfb6IBU
Q595705,Talk Talk,group,1981,United Kingdom,Q209137|Q9162904,,,,,It's My Life,3257507,cFH5JgyZK1I
Q596117,:wumpscut:,group,1991,Germany,Q1403744|Q4155078,,,,,Soylent Grün,2570175702,Nr5juHiyU_8
Q5969,Eddie Cochran,person,1952,United States,Q203720,"Eddie Cochran Publicity Photo, 1958.jpg",Michael Ochs Archives,Public domain,,C'mon Everybody,112419136,hw8MXhFupno
Q5971066,IG Culture,person,,United Kingdom,Q2406633,,,,,,,
Q5976888,Liran' Roll,group,1991,Mexico,Q5690818,,,,,Quiero Cambiar,78337844,SuBeZFR92xs
Q5977,Buddy Holly,person,1952,United States,Q7749|Q203720,Buddy Holly cropped.JPG,Buddy_Holly_Brunswick_Records.jpg: Brunswick Records derivative work: GDuwenTell me!,Public domain,,Everyday,13210871,GMezwtB1oCU
Q597911,Chelsea Grin,group,2007,United States,Q475221,Chelseagrin-1.jpg,Henry Laurisch,CC BY-SA 3.0,https://creativecommons.org/licenses/by-sa/3.0,Recreant,1761335127,7ca6B2uMCoc
Q5979474,Los Carabajal,group,1967,Argentina,Q597493,Los Carabajal - Vamos a andar la noche - 1973.jpg,Los Carabajal,Public domain,,La Pucha Con el Hombre,14840447,id2_VUaBfE8
Q5979530,Los Chileneros,group,1967,Chile,Q766240|Q5793651,,,,,,,
Q5979601,Los Corraleros de Majagual,group,1962,Colombia,Q723418|Q115625176,Los corraleros de Majagual-1.jpg,Phillipjara,CC BY-SA 4.0,https://creativecommons.org/licenses/by-sa/4.0,No Tengo Culpa,115049298,cE4eeXleW68
Q5979618,Los Cuatro Huasos,group,1927,Chile,Q124080517,,,,,,,
Q5979655,Los Destellos,group,1966,Peru,Q7171184|Q1143741,,,,,Guajira Sicodélica,133131422,2SsolOTSxo8
Q5980126,Los Palmeras,group,1969,Argentina,Q4789437|Q5794688,Los Palmeras.jpg,Ministerio de Cultura de la Nación,CC BY-SA 2.0,https://creativecommons.org/licenses/by-sa/2.0,El Bombón,127928125,JglmXFx0Pz4
Q5980563,Los Wawancó,group,1955,Argentina,Q723418,,,,,Atlantico,3317007331,NYtHSZ8Fagg
Q5980565,Los Wembler's de Iquitos,group,1968,Peru,Q5643186,Los Wembler's de Iquitos Music Peru Smithsonian Folk Festival Washington DC 7244 (19424197806).jpg,bobistraveling,CC BY 2.0,https://creativecommons.org/licenses/by/2.0,,,
Q5980597,Los Alegres de Terán,group,1948,Mexico,Q1780056|Q869210,,,,,Prenda Del Alma,2970407661,IKdHZG0b6M4
Q5981294,Los Ángeles Azules,group,1980,Mexico,Q723418|Q6826021,Los Ángeles Azules.jpg,Karla Gil / Secretaría de Cultura de la Ciudad de México,CC BY 2.0,https://creativecommons.org/licenses/by/2.0,Ella Se Olvidó De Mí,487028402,FpslVgJrty8
Q598585,Triana,group,1974,Spain,Q6110311,Triana - Billboard.jpg,Movieplay,Public domain,,,,
Q5990377,Mal que Fuma!,group,1998,Argentina,Q1143752,,,,,,,
Q599443,Rob Hubbard,person,1980,United Kingdom,Q135637,Rob Hubbard.jpg,C64Scener,CC BY-SA 4.0,https://creativecommons.org/licenses/by-sa/4.0,The Chicken Song,974533122,VKqjrPTblxA
Q59965,The Kingston Trio,group,1957,United States,Q106298881,Kingston Trio.jpg,Unknown author,CC BY-SA 3.0,http://creativecommons.org/licenses/by-sa/3.0/,Greenback Dollar (Rerecorded),54828271,
Q600184,Thee Headcoats,group,1989,United Kingdom,Q2296495,,,,,Pocahontas Was Her Name,2532835061,
Q600311,Cock Sparrer,group,1972,United Kingdom,Q274401,Cock sparrer live in london crop.jpg,Lapper at Polish Wikipedia,Public domain,,Take 'Em All,1346702342,
Q600344,The Band,group,1967,Canada,Q1929352|Q2407862,The Last Waltz.jpg,David Gans,CC BY-SA 2.0,https://creativecommons.org/licenses/by-sa/2.0,The Weight,3360965,FFqb1I-hiHE
Q6005201,Imminent,group,1999,,Q1913888,,,,,Loud Enough,597937362,
Q6010844,In Slaughter Natives,group,1985,Sweden,Q1078010,In Slaughter Natives Nocturnal Culture Night 14 2019 09.jpg,S. Bollmann,Attribution,,,,
Q601243,Cartoons,group,1996,Denmark,Q2076779,,,,,Diddley-Dee,3102119,-CDso8qlX1U
Q601427,Grant Green,person,1959,United States,Q1615483,,,,,Idle Moments,3477262,wWaH2PSREWo
Q6014924,Hakan Taşıyan,person,1973,Turkey,Q623824,,,,,Doktor,3370434051,9KLMYzwUCNQ
Q601577,Raúl Barboza,person,1938,Argentina,Q1060475,Raúl Barboza en concierto.jpg,Secretaría de Cultura de la Presidencia de la Nación,CC BY-SA 2.0,https://creativecommons.org/licenses/by-sa/2.0,,,
Q60194398,Blank Banshee,person,2010,Canada,Q15733887|Q80724932,Blank Banshee logo text.png,Blank Banshee,Public domain,,Fund My Death,1156271902,CJ9pEen4n7E
Q60194717,Unknown T,person,2017,United Kingdom,Q65943851,,,,,NO GOOD,4273848372,byW76OYuZ3U
Q601984,GBH,group,1978,United Kingdom,Q383615|Q1750088,GBH live in 2006.jpg,GothEric from Italy,CC BY-SA 2.0,https://creativecommons.org/licenses/by-sa/2.0,Population Bomb,421782902,ti3PsG3dfEc
Q602802,Antonio Lauro,person,1917,Venezuela,Q7919873,,,,,El Niño,3023816631,HUyQMkWLnwA
Q6028735,Inezita Barroso,person,1951,Brazil,Q106594814,Inezita Barroso.jpg,Silvio Tanaka,CC BY-SA 2.0,https://creativecommons.org/licenses/by-sa/2.0,Marvada pinga,1704957897,HeMEMkgnbng
Q60297254,Consumer Electronics,group,1982,United Kingdom,Q2687544,,,,,,,
Q603123,Antonio Mairena,person,1909,Spain,Q9764,,,,,,,
Q603171,Yoshida Brothers,group,1999,Japan,Q3541635,"Yoshida Brothers at Webster Hall, in November 2012 (by May S. Young).jpg",May S. Young,CC BY-SA 2.0,https://creativecommons.org/licenses/by-sa/2.0,Ikazuchi,846537772,9fz2wjPszYo
Q60339,The Handsome Family,group,1993,United States,Q65052052,Handsome Family 2007.jpg,Erik Joling,CC BY-SA 3.0,https://creativecommons.org/licenses/by-sa/3.0,Far From Any Road,105572014,Pl6MCWMU8aE
Q603402,Dem Franchize Boyz,group,2004,United States,Q2991840,,,,,Turn Heads,66024780,nfFZOItHD4Y
Q603579,Circa Survive,group,2004,United States,Q141458789,Circa Survive (2010).jpg,Tucker Leary www.tuckerleary.com,CC BY 3.0,https://creativecommons.org/licenses/by/3.0,Act Appalled,16013275,uRuRYqzOaVI
Q604695,Voodoo Glow Skulls,group,1988,United States,Q460674|Q2657409,Voodoo Glow Skulls.jpg,leigh m aucoin!!,CC BY-SA 2.0,https://creativecommons.org/licenses/by-sa/2.0,Shoot the Moon,378275271,TPI1XEO0c64
Q604835,Milk Inc.,group,1996,Belgium,Q890887,"Milk Inc., 2008.jpg",Jaak Geebelen,CC BY-SA 3.0,https://creativecommons.org/licenses/by-sa/3.0,La Vache 2013,123247824,_H5fGKoPdQo
Q605250,José Padilla,person,1889,Spain,Q2866725,,,,,Adios Ayer,493084172,drL4lgId1cQ
Q6060,50 Cent,person,1996,United States,Q753679,"Curtis ""50 Cent"" Jackson visits Barksdale AFB (5) (cropped).jpg",Senior Airman Nia Jacobs,Public domain,,Ayo Technology,145429556,5RDSkR8_AQ0
Q6061091,Invisibl Skratch Piklz,group,1989,United States,Q1046801,,,,,,,
Q606226,The Black Keys,group,2001,United States,Q193355|Q98528290,Black-keys-sxsw-montage.jpg,Kara Murphy,CC BY 2.0,https://creativecommons.org/licenses/by/2.0,Lonely Boy,14932098,a_426RiwST8
Q606250,Goldfrapp,group,1999,United Kingdom,Q188450,Goldfrapp Live 2010.jpg,https://www.flickr.com/photos/greenwichphotography/,CC BY 2.0,https://creativecommons.org/licenses/by/2.0,Ooh La La,1014440232,uco-2V4ytYQ
Q606439,Antonis Remos,person,1996,Greece,Q109713745,Antonis Remos - Politia Live Clubbing.png,Erud,CC BY 3.0,https://creativecommons.org/licenses/by/3.0,Ma De Ginete,630085,zY4Gism1VSk
Q6065762,Iqbal Bano,person,1950,Dominion of India,Q281111,,,,,Kasrat-E-Jalwa Se,1886936,ySAcKAQeHeY
Q60659,Ute Lemper,person,1987,Germany,Q111535905,Ute Lemper.jpg,"Elena Torre from Viareggio, Italia",CC BY-SA 2.0,https://creativecommons.org/licenses/by-sa/2.0,Parler d'amour,2276649,uY_XkZWtElc
Q6068302,Iration,group,2004,United States,Q7308175,Iration Eugene Oregon 8.jpg,Basilisk4u,CC0,http://creativecommons.org/publicdomain/zero/1.0/deed.en,Already Gold,472598642,Qofk1dmnRgU
Q60694463,Marcus Intalex,person,1991,United Kingdom,Q2082572,Marcus Intalex.jpg,Andrew Gerrand,CC BY-SA 2.5,https://creativecommons.org/licenses/by-sa/2.5,Virgo,2755087711,u7MSFNQHxDk
Q6070186,Iris DeMent,person,1991,United States,Q1773654,Iris Dement - Ron Baker - 2007.jpg,Ron Baker (https://www.flickr.com/photos/kingsnake),CC BY-SA 3.0,https://creativecommons.org/licenses/by-sa/3.0,Let the Mystery Be,375076701,nlaoR5m4L80
Q60724,Johann Jakob Froberger,person,1616,Duchy of Württemberg,Q116875252,,,,,,,
Q6073645,Petrona Martínez,person,1939,Colombia,Q4996773,,,,,Las Penas Alegres (bullerengue Chalupiao),7115408,
Q60736888,Headie One,person,2010,United Kingdom,Q15697534|Q65943851,Headie One.png,Mixtape Madness,CC BY-SA 3.0,https://creativecommons.org/licenses/by-sa/3.0,Link in the Ends,1992479747,pXx7bT282dk
Q60740260,Double 99,group,1995,United Kingdom,Q780517,,,,,Ripgroove,1925795617,uR3Vw8J8vUo
Q60743679,Adriatique,group,2009,Switzerland,Q110185782,,,,,Closer (Adriatique x GENESI),4158561702,3Bw2WU0NZBQ
Q60744025,Eidola,group,2011,United States,Q115684103,,,,,Purity Ladder,3772700772,mKI88o1JxdY
Q607448,Guitar Slim,person,1926,United States,Q515074|Q516568,Guitar SlimThe Things I used to do.jpg,http://thehoundblog.blogspot.com/2009/04/guitar-slim.html,Public domain,,The Things That I Used To Do,892890,fj33EGMbazY
Q60763800,Ross from Friends,person,2015,,Q108555812,,,,,Talk To Me You'll Understand,466214272,l2r04_x31Qk
Q607725,Drive-By Truckers,group,1996,United States,Q1929352|Q852767|Q438476,DBT Live.JPG,Saverivers at English Wikipedia,CC BY-SA 3.0,http://creativecommons.org/licenses/by-sa/3.0/,Birmingham,2491218,AApvHDeA-q4
Q6077732,Isabel Parra,person,1959,Chile,Q3879286,Isabel Parra en 2018 (cropped).jpg,Rodrigo Fernández,CC BY-SA 4.0,https://creativecommons.org/licenses/by-sa/4.0,Ni Toda la Tierra Entera,3237294991,_u2dO6oZekU
Q6078,Dr. Dre,person,1984,United States,Q1045541,Dr. Dre in 2011.jpg,Commondr3ads,CC BY-SA 3.0,https://creativecommons.org/licenses/by-sa/3.0,Still D.R.E.,128743581,_CL6n0FJZpk
Q607838,Frans Bauer,person,1994,Kingdom of the Netherlands,Q2138639,Fransbauer.jpg,Picture is made by Flickr user Thuiz,CC BY-SA 2.0,https://creativecommons.org/licenses/by-sa/2.0,Heb Je Even Voor Mij,4275498082,MW7dZmXrXHQ
Q608233,The Brand New Heavies,group,1985,United States,Q221772,Brand New Heavies at the Porgy & Bess in Vienna 2008h.jpg,Manfred Werner / Tsui,CC BY-SA 3.0,http://creativecommons.org/licenses/by-sa/3.0/,Never Stop,131764858,iyRPfK-U0Oc
Q60824605,Mono Blanco,group,1977,Mexico,Q1797650,Mono blanco en el festival del cristo negro en Otatitlan 01.jpg,Koffermejia,CC BY-SA 4.0,https://creativecommons.org/licenses/by-sa/4.0,,,
Q60827,Yawning Man,group,1986,United States,Q3322869,Yawning Man 2019.jpg,Jaroslaw Jablonski,CC BY-SA 4.0,https://creativecommons.org/licenses/by-sa/4.0,Perpetual Oyster,78182463,ib0E5OkQXbg
Q6088401,Issues,group,2012,United States,Q2084353,Issues 2018.jpg,Jax 0677,CC BY-SA 4.0,https://creativecommons.org/licenses/by-sa/4.0,,,
Q6096,Snoop Dogg,person,1991,United States,Q429264|Q753679|Q137441526|Q1045541,Snoop Dogg 2019 by Glenn Francis.jpg,Toglenn,CC BY-SA 4.0,https://creativecommons.org/licenses/by-sa/4.0,"Young, Wild & Free",14954267,Wa5B22KAkEk
Q60989925,Zutomayo,group,2018,Japan,Q113563746,,,,,TAIDADA,3017892051,IeyCdm9WwXM
Q61011,Sven Väth,person,1982,Germany,Q170435,Väth 0047.jpg,SvenVaeth,CC BY-SA 3.0,https://creativecommons.org/licenses/by-sa/3.0,Dein Schweiss,1704265787,6PTbcWUSBnU
Q610228,The Righteous Brothers,group,1962,United States,Q885561,TheRighteousBrothersperformingKBF.jpg,Author unknown; Photo courtesy Orange County Archives,No restrictions,https://www.flickr.com/commons/usage/,Unchained Melody,468253402,pm2Z9yAp_CE
Q61061591,Dodecahedron,group,2006,Netherlands,Q126954549,,,,,Allfather,62665579,ci025yFmGw4
Q6107,Tupac Shakur,person,1989,United States,Q11401|Q429264|Q753679,2pac edit cropped further.jpg,Unknown author,Public domain,,Changes,910693,eXvBjCO19QY
Q6107195,J. T. Meirelles,person,1957,Brazil,Q13634037,,,,,,,
Q6110449,Rodolfo Aicardi,person,1965,Colombia,Q115625176,,,,,Que No Quede Huella,113029396,UrtmrbE0cck
Q611179,Jonathan Coulton,person,2003,United States,Q2324411,Jonathan Coulton 13 November 2009.jpg,"Vivan Jayant, taken by Vanderdecken",CC BY 2.0,https://creativecommons.org/licenses/by/2.0,Re: Your Brains,82160172,L4Ghlgn61Pw
Q611466,Tego Calderón,person,1996,United States,Q202930,TegoCalderon.jpg,Ventura Mendoza,CC BY 2.0,https://creativecommons.org/licenses/by/2.0,Pa' Que Retozen,38217121,YIyiT96Ojqg
Q611878,Kula Shaker,group,1988,United Kingdom,Q1702909,Kula Shaker - Parkpop 2008.jpg,Michiel1972,CC BY-SA 3.0,https://creativecommons.org/licenses/by-sa/3.0,Hush,4074540741,gsdjZi0CIjU
Q612068,St Germain,person,1995,France,Q105637110|Q1136331,,,,,Sure Thing,35946871,zMM044eL56c
Q612185,José Manuel Calderón,person,1941,Dominican Republic,Q40461,,,,,Borracho De Amor,2414751365,epX9fDiasTw
Q6128039,James A. Bland,person,1854,United States,Q1937548,,,,,,,
Q6129841,James Blackshaw,person,1981,United Kingdom,Q466445,James Blackshaw La Maroquinerie cropped.jpg,James Blackshaw La Maroquinerie.jpg: Lost bird derivative work: Hekerui,CC BY 3.0,https://creativecommons.org/licenses/by/3.0,Cross,32614191,O7C6YKyzjdo
Q613022,Anvil,group,1978,Canada,Q211723,Anvil – Headbangers Open Air 2014 01.jpg,Frank Schwichtenberg,CC BY-SA 3.0,https://creativecommons.org/licenses/by-sa/3.0,Metal On Metal,68075623,1qSEwYaSlWk
Q613838,Inner Circle,group,1968,Jamaica,Q98528253,Inner Circle @ Supreme Court Gardens (24 1 2009) (3296738332).jpg,Stuart Sevastos,CC BY 2.0,https://creativecommons.org/licenses/by/2.0,Bad Boys,2557399732,aL1heFR12nA
Q6139361,Kurosawa Kinko,person,1710,Japan,Q3075498,,,,,,,
Q61415,DJ Manian,person,2007,Germany,Q733804,,,,,Ravers in the UK,4960818,
Q6147534,Tito Francia,person,1926,Argentina,Q9051102,,,,,,,
Q615207,Incognito,group,1979,United Kingdom,Q221772|Q4969182,Incognito Band.jpg,Incognito,CC BY-SA 4.0,https://creativecommons.org/licenses/by-sa/4.0,Night,3118135021,FsUvNqMq9-Y
Q6153427,Janet Kay,person,1977,United Kingdom,Q1872505,,,,,Wishing On a Star,810153032,wk018eAubRs
Q615867,Telex,group,1978,Belgium,Q98528149,Eurovision Song Contest 1980 - Telex.jpg,Hans van Dijk for Anefo,CC0,http://creativecommons.org/publicdomain/zero/1.0/deed.en,Raised By Snakes,2200642887,HbyqnpcmPXI
Q6160277,Veneno,group,1975,Spain,Q6110311,,,,,,,
Q6161554,Victoria Santa Cruz,person,1922,Peru,Q5445668,Victoria Santa Cruz (compositora peruana).jpg,El Comercio,Public domain,,,,
Q6162757,Jason Isbell,person,2000,United States,Q2407862,Jason Isbell - Cambridge Folk Festival 50th Anniversary.jpg,"Bryan Ledgard from Yorkshire, UK",CC BY 2.0,https://creativecommons.org/licenses/by/2.0,I Follow Rivers,94539432,ZdMav-PA5g4
Q616371,Biosphere,person,1983,Norway,Q9149801,Jenssen cracow.jpg,Wojciech Aniszewski,CC BY-SA 3.0,https://creativecommons.org/licenses/by-sa/3.0,,,
Q6164438,Vina Panduwinata,person,1978,Indonesia,Q118640019,,,,,Surat Cinta,84139695,Kpd5F8Mxg7o
Q61679307,Mind Against,group,2011,Germany,Q110185782,,,,,Overture,4014362741,QPqHbMJe3sk
Q6174732,Óscar Avilés,person,1924,Peru,Q6950428|Q2509521,,,,,Mueve Tu Cu Cu,104809454,6_u7VmzEKls
Q6176881,Jelly Roll,person,2003,United States,Q2706919,"Jellyroll Performing at Global Citizen Festival – September 28, 2024 (cropped).jpg",Setoxxx,CC BY-SA 4.0,https://creativecommons.org/licenses/by-sa/4.0,I Am Not Okay,3036566481,Qop5XLgwkNc
Q617822,Jars of Clay,group,1993,United States,Q753520|Q1379958,Jars of Clay.jpg,Ian Muttoo,CC BY-SA 2.0,https://creativecommons.org/licenses/by-sa/2.0,Dead Man (Carry Me),6096192,eZuA0CxbO1M
Q6183761,Jerry Holland,person,1955,Canada,Q2447797,,,,,,,
Q619303,Omar Souleyman,person,1994,Syria,Q1156570,Omar Souleyman @ Becks Music Box (5 3 2011) (5519121452).jpg,Stuart Sevastos,CC BY 2.0,https://creativecommons.org/licenses/by/2.0,Warni Warni,71631727,lVlgMEFu1PI
Q6193271,Jim & Jesse,group,1945,United States,Q7832321,Jim & Jesse.png,Epic Records,Public domain,,,,
Q619332,Megaherz,group,1993,Germany,Q213572,20160130 Bochum Megaherz Erdwärts Tour Megaherz 0013.jpg,© Markus Felix / PushingPixels (contact me),CC BY-SA 3.0,https://creativecommons.org/licenses/by-sa/3.0,Himmelsstürmer,137706895,Zm5IDVv-WtE
Q619710,Apoptygma Berzerk,group,1989,Norway,Q828243,2014-07-27 Apoptygma Berzerk (Amphi festival 2014) 012.JPG,Atamari,CC BY-SA 4.0,https://creativecommons.org/licenses/by-sa/4.0,In This Together,705170162,dZmWOK-xVxs
Q6199827,Jimmy Clanton,person,1956,United States,Q106522115,Jimmy Clanton 1975.JPG,"William Morris Agency (management); photographer: James Kriegsmann, New York.",Public domain,,Venus In Blue Jeans,14026221,_13davmxPb4
Q6201257,Jimmy Shand,person,1908,United Kingdom of Great Britain and Ireland,Q118744381,"Jimmy Shand Memorial Statue, Auchtermuchty (modified background).jpg",Original image: Smart Community Fife *Modifications: Ubcule,CC BY 2.0,https://creativecommons.org/licenses/by/2.0,Gay Gordons,3100790,5TI2SgCIZ0g
Q62030625,Uada,group,2014,United States,Q2997058,,,,,Djinn,2135637977,29pekV40PO4
Q6203251,Jitendra Abhisheki,person,1929,Dominion of India,Q6981036,,,,,,,
Q620454,Architects,group,2004,United Kingdom,Q183862,Architects – Reload Festival 2015 03.jpg,Frank Schwichtenberg,CC BY-SA 3.0,https://creativecommons.org/licenses/by-sa/3.0,Machine,4286401762,z5e-Fud8Nxs
Q6208009,Jodle Birge,person,1945,Kingdom of Denmark,Q12307741,,,,,Rigtige Venner,13569501,fDSbOqdDb3w
Q62098804,Force & Styles,group,,,Q339906,,,,,Heart Of Gold '98,140754959,Na2aFr-AYZ0
Q62140662,girl in red,person,2017,Norway,Q28746819,Girl In Red @ Greek Theatre 05 30 2024 (53839303268) (cropped).jpg,Justin Higuchi,CC BY 2.0,https://creativecommons.org/licenses/by/2.0,we fell in love in october,1861248217,iggmiF7DNoM
Q622636,Spike Jones,person,1937,Japan,Q5151495,Spike Jones Billboard 2.jpg,Unknown author,Public domain,,Monster Movie Ball,79657506,WulY3A2ngPA
Q62278589,The Partridge Family,group,1970,United States,Q997481,,,,,"Baby I Love, Love, I Love You",13188362,BtHwuaVfb2g
Q622944,Dinosaur Jr.,group,1984,United States,Q108123046,Dinosaur Jr. at WTAI in Stockholm.jpg,Johannes Scherman,CC BY 3.0,https://creativecommons.org/licenses/by/3.0,Everything At Once,4059648471,rouiJX5lcjc
Q622947,Jane's Addiction,group,1985,United States,Q20378,Janes Addiction @ Steel Blue Oval (1 3 2010) (4416154323).jpg,Stuart Sevastos,CC BY 2.0,https://creativecommons.org/licenses/by/2.0,Just Because,3090834,sb3FJdRk-tI
Q622988,Wings,group,1971,United Kingdom,Q12702016,Paul McCartney with Linda McCartney - Wings - 1976.jpg,Jim Summaria,CC BY-SA 3.0,https://creativecommons.org/licenses/by-sa/3.0,Goodnight Tonight,126367789,tbKjMVcB7No
Q624627,Negativland,group,1979,United States,Q1744304|Q7205507,Negativland performance.jpg,Nelson Pavlosky,CC BY-SA 2.0,https://creativecommons.org/licenses/by-sa/2.0,Pip Digs Pep,829087652,
Q624790,Hole,group,1989,United States,Q11365,HoleSXSW2010(wide).jpg,"georgia from brooklyn, usa",CC BY 2.0,https://creativecommons.org/licenses/by/2.0,Celebrity Skin,2229884,O3dWBLoU--E
Q625547,Song Dae Kwan,person,1946,South Korea,Q485915,Song Dae-Kwan.jpg,wasabcon,CC BY 2.0 kr,https://creativecommons.org/licenses/by/2.0/kr/deed.en,,,
Q62554723,Peshay,person,1991,United Kingdom,Q9011351,PESHAY028bright.jpg,Fiibroptik,CC BY-SA 4.0,https://creativecommons.org/licenses/by-sa/4.0,On The Nile,4208812682,4fUQa66aDFM
Q62591281,Lil Nas X,person,2015,United States,Q2706919,Lil Nas X back stage at the MTV Video Music Awards 2019.jpg,Fabebk,CC BY-SA 4.0,https://creativecommons.org/licenses/by-sa/4.0,INDUSTRY BABY,1439691952,UTHLKHL_whs
Q625917,Nadja,group,2003,Canada,Q1433387|Q124080511,"Nadja live in Toronto, 2009.jpg",Mark Coatsworth,CC BY-SA 3.0,https://creativecommons.org/licenses/by-sa/3.0,Пусть зажгутся звезды,3952950361,CYz0npqr0Bo
Q62617,Armin van Buuren,person,1995,Kingdom of the Netherlands,Q170435|Q1027999|Q1136765,Armin van Buuren Armin Only Embrace 2017.jpg,"Vitaliy from Kharkiv, Ukraine",CC BY 2.0,https://creativecommons.org/licenses/by/2.0,Blah Blah Blah,757592622,mfJhMfOPWdE
Q626440,Arashi,group,1999,Japan,Q131578,ARASHI mengguncang Jakarta! 1m 5s.jpg,Japanese Station,CC BY 3.0,https://creativecommons.org/licenses/by/3.0,Love so sweet,793847322,EAgACSowE5k
Q6266499,Johnny Colon,person,1942,United States,Q892958,"Johnny Colon in El Barrio in Spanish Harlem, NYC..jpg",Adjoajo,CC BY-SA 3.0,https://creativecommons.org/licenses/by-sa/3.0,Merecumbe,686087352,
Q62708,Neidhart von Reuental,person,1180,Duchy of Bavaria,Q141187502,Codex Manesse Neidhart.jpg,Master of the Codex Manesse,Public domain,,,,
Q6270848,Los Huasos Quincheros,group,1937,Chile,Q766240|Q124080517,Huasos Quincheros Templo Votivo 2.jpg,Jorge Barrios,Public domain,,El Corralero,13268294,KAojlz8YNYg
Q62724,Joachim Witt,person,1977,Germany,Q213572,Joachim witt bochum 2014.jpg,Exoport,CC BY-SA 3.0,https://creativecommons.org/licenses/by-sa/3.0,Goldener Reiter,700835,4AxBgJ6wOAA
Q62745180,MoStack,person,2008,,Q85740017,,,,,Body Tea,4006985551,L0orTUPl31Y
Q627470,The Turtles,group,1965,United States,Q2461933,The Turtles.png,White Whale Records,Public domain,,Elenore,1467044,f09itrlXcic
Q6275943,Jonzun Crew,group,1981,United States,Q1325963,,,,,,,
Q62766,Jay-Z,person,1986,United States,Q11401|Q876171|Q9302696,Jay-Z meets with New York Senate Majority Leader in Albany (cropped).webp,Photo Courtesy of NYS Senate Media Services,CC BY 2.0,https://creativecommons.org/licenses/by/2.0,Empire State Of Mind,90533119,vk6014HuxcE
Q6278435,Jorge Oñate,person,1968,Colombia,Q1574985,Jorge Oñate.jpg,CanalCNCValledupar,CC BY 3.0,https://creativecommons.org/licenses/by/3.0,No Comprendi Tu Amor,65582457,L6xMZJA3YTE
Q62945,Kai Tracid,person,1997,Germany,Q832665,Kai Tracid 2002.jpg,Fotograf Olaf Heine im Auftrag von Sony Music und Kai Mac Donald (Diskussion),CC BY-SA 3.0 de,https://creativecommons.org/licenses/by-sa/3.0/de/deed.en,,,
Q6298712,Jua Cali,person,1998,Kenya,Q5533135,Juacali 2.jpg,Crapudo,CC BY-SA 3.0,https://creativecommons.org/licenses/by-sa/3.0,,,
Q6300893,Juan Reynoso Portillo,person,1912,Mexico,Q7560612,,,,,,,
Q6303872,Krizz Kaliko,person,1999,United States,Q3791697,Krizz Kaliko on 2008-07-01.JPG,Mizery Made,CC BY-SA 3.0,https://creativecommons.org/licenses/by-sa/3.0,Way Out,61823317,KYQG-q6_ra8
Q63067885,Tyrannosaurus Rex,group,1967,England,Q1500364,,,,,,,
Q6306853,Julia Wolfe,person,1958,United States,Q98528143,Julia Wolfe.jpg,Louisa Dedalus,CC BY-SA 3.0,https://creativecommons.org/licenses/by-sa/3.0,,,
Q630808,Ten Years After,group,1966,United Kingdom,Q918542,Ten Years After (1970).png,Deram / London Records,Public domain,,I Can't Keep From Crying Sometimes,2505249,B5ID88XigO4
Q6313495,Junior Vasquez,person,1980,United States,Q202925,,,,,This Joy (Razor-N-Guido Extended),131179274,
Q6313822,Junk Yard Band,group,1980,United States,Q2697917,,,,,,,
Q6313983,Junko Yagami,person,1978,Japan,Q11307326,八神純子20210916.jpeg,1978takanori,CC BY-SA 4.0,https://creativecommons.org/licenses/by-sa/4.0,Imagination,4092760811,sSYfYNxtHPU
Q631589,Arcana,group,1994,Sweden,Q899116,Arcana2008Mithras.jpg,"Hans D. from Utrecht, The Netherlands",CC BY 2.0,https://creativecommons.org/licenses/by/2.0,Guillotine,3869944481,5yMMZQWYTZA
Q6317600,Plump DJs,group,,United Kingdom,Q663519|Q1756101|Q65937774,,,,,,,
Q632229,Blut Aus Nord,group,1994,France,Q126954549,,,,,Sybelius,727008742,
Q633,Neil Young,person,1961,United States,Q89363113,Neil Young Stavernfestivalen 2016 (220929).jpg,Tore Sætre,CC BY-SA 4.0,https://creativecommons.org/licenses/by-sa/4.0,Heart of Gold,3826694,c7eB7Wns1-M
Q633405,Type O Negative,group,1989,United States,Q178145,"Type O Negative in performance (Columbiahalle, Berlin - 15 June 2007).jpg","melle, slight crop by User:Wickethewok",CC BY-SA 2.0,https://creativecommons.org/licenses/by-sa/2.0,I Don't Wanna Be Me,3583465,LXIWRan3XGY
Q6334752,KOAN Sound,group,2008,United Kingdom,Q106514601,,,,,Lost In Thought,96255028,0lCH4gGillI
Q636,Kate Bush,person,1975,United Kingdom,Q65937817|Q217467|Q25094849|Q3397882|Q95469495|Q9162904,Kate Bush 1981.jpg,Distributed by USA network,Public domain,,Running Up That Hill,2173954687,wp43OdtAAkM
Q636135,Earth Crisis,group,1989,United States,Q183862,"Earth Crisis at the Emerson Theater in Indianapolis, IN (with Jihad and Birthright in November 1996) - 17 (5767599624).jpg",veganstraightedge,CC BY 2.0,https://creativecommons.org/licenses/by/2.0,Forced March,1288073832,JX9QP6VhFf8
Q63699444,Tommy Wright III,person,1990,,Q6010117,Tommy Wright III at Broken Neck 2019.png,Logan Guerra,CC BY 3.0,https://creativecommons.org/licenses/by/3.0,Street Sh*t,2977668371,
Q6371986,Karl King,person,1891,United States,Q211025|Q7438911,Karl King portrait.jpg,Unknown author,Public domain,,,,
Q6372726,Im Bang-ul,person,1905,South Korea,Q482981,,,,,,,
Q637380,Ketama,group,1984,Spain,Q3053954,Antonio Carmona.jpg,Junta Granada Informa,CC BY-SA 2.0,https://creativecommons.org/licenses/by-sa/2.0,,,
Q6375048,Katalepsy,group,2003,Russia,Q6130346,Katalepsy Party.San Metal Open Air 2016 18.jpg,S. Bollmann,CC BY-SA 4.0,https://creativecommons.org/licenses/by-sa/4.0,Cold Flesh Citadel,3642212842,rxSmsfFCNxA
Q6375866,Kate Wolf,person,1976,United States,Q1773654,,,,,Across the Great Divide,1232246752,fOs29m0IRqw
Q637771,Wilco,group,1993,United States,Q438476,Wilco MassMoca AustinNelson.jpg,Austin Nelson,CC BY-SA 4.0,https://creativecommons.org/licenses/by-sa/4.0,Via Chicago,779193,x4PQmH1dE0A
Q638241,Arcturus,group,1987,Norway,Q641357,Arcturus 2005.JPG,Krzysztof Raś,CC BY-SA 2.5,https://creativecommons.org/licenses/by-sa/2.5,Crashland,1977702717,XxTcdsndj4w
Q638286,Silverstein,group,2000,Canada,Q131481683,Silverstein group shot.jpg,Anna Lee,CC BY-SA 3.0,https://creativecommons.org/licenses/by-sa/3.0,Smile In Your Sleep,1286105002,mgtaRbx4pPQ
Q638331,Arcángel,person,2004,United States,Q54329757,Arcángel 2023 Interview - Tony Dandrades.png,Tony Dandrades,CC BY 3.0,https://creativecommons.org/licenses/by/3.0,La Jumpa,2042243747,ubbE6gyBf8k
Q638889,Cuby + Blizzards,group,1964,Netherlands,Q2639210,Cuby & the Blizzards.png,NCRV,CC BY-SA 3.0 nl,https://creativecommons.org/licenses/by-sa/3.0/nl/deed.en,,,
Q6391192,Kenny Roberts,person,1926,United States,Q3696098,,,,,Choc'late Ice Cream Cone,2231832057,LpWwEgGnMwI
Q639124,Acetone,group,,United States,Q1490170,,,,,,,
Q6393036,Keola Beamer,person,1951,United States,Q98528264,,,,,Pua Līlīlehua,2581263602,
Q639510,Arditi,group,2001,Sweden,Q1078010,Arditi Logo.svg,Arditi (musikgrupp),Public domain,,,,
Q6395755,Kevin Aviance,person,1989,United States,Q106522098,Fierce Hiro at the Maritime Hotel 20070910.10D.45792 SML (1389640840).jpg,"See-ming Lee from Hong Kong SAR, China",CC BY-SA 2.0,https://creativecommons.org/licenses/by-sa/2.0,Cunty,12097058,hYTuzFNZftY
Q64009886,Fred Again,person,2010,United Kingdom,Q126175574,Fred Again 2025 (cropped).jpg,Raph_PH,CC BY 4.0,https://creativecommons.org/licenses/by/4.0,Marea (we’ve lost dancing),1239694902,l4UkYBr1NnA
Q6404409,Kid606,person,1998,Venezuela,Q903735|Q1100989,"Kid606 cropped, 2011.jpg","Roͬͬ͠͠͡͠͠͠͠͠͠͠͠sͬͬ͠͠͠͠͠͠͠͠͠aͬͬ͠͠͠͠͠͠͠ Menkman from amsterdam, Netherlands crop by czar",CC BY 2.5,https://creativecommons.org/licenses/by/2.5,,,
Q6408607,Kim English,person,1994,United States,Q116875230,,,,,Missing You,63397607,UFVgfRwrIFM
Q6411833,King Louie,person,2007,United States,Q115691081,,,,,B.o.n.,94692614,NHZDQ10WzCc
Q641531,Corvus Corax,group,1989,Germany,Q446241,,,,,Skál,527252381,FJwY1dZ1ito
Q641858,Yeah Yeah Yeahs,group,2000,United States,Q98528290|Q1899347,Yeah Yeah Yeahs.jpg,Max Knies from New York City,CC BY-SA 3.0,http://creativecommons.org/licenses/by-sa/3.0/,Spitting Off the Edge of the World,1745402797,ckM_TklU_AQ
Q64211521,Obrafour,person,1999,Ghana,Q1619932,,,,,Heavy,3532654591,GP8aJl_b7Vk
Q642730,Six Organs of Admittance,group,,,Q2404568|Q98528183,6ooa.jpg,El Humilde Fotero del Pánico,CC BY 2.0,https://creativecommons.org/licenses/by/2.0,Elk River,12010202,yuYbzlC8ihE
Q642988,Jimmy Eat World,group,1993,United States,Q10926|Q3724735,2018 RiP - Jimmy Eat World - by 2eight - 8SC8095.jpg,Stefan Brending (2eight),CC BY-SA 4.0,https://creativecommons.org/licenses/by-sa/4.0,The Middle,623714212,oKsxPW6i3pM
Q6430491,Koo Nimo,person,1934,Ghana,Q5480212,Agya Koo Nimo.jpg,Samuel Kweku Johnson,CC BY-SA 4.0,https://creativecommons.org/licenses/by-sa/4.0,Odo Akosomo,14466347,6iG9fy5HtiE
Q6432349,Korla Pandit,person,1940,United States,Q916387,,,,,Estrellita,12414986,Ownr1fGsoQk
Q644458,Xmal Deutschland,group,1980,West Germany,Q485395|Q3840596,,,,,Incubus Succubus II,946021,
Q644768,James Blood Ulmer,person,1964,United States,Q5500244,James Blood Ulmer.jpg,"Christian Sahm Aschaffenburg, Deutschland",CC BY-SA 2.0,https://creativecommons.org/licenses/by-sa/2.0,,,
Q644865,Vikingarna,group,1958,Sweden,Q105757139,Christer Sjögren.jpg,Daniel Åhs Karlsson,CC BY 3.0,https://creativecommons.org/licenses/by/3.0,Leende guldbruna ögon,130890804,8Vm8i-2a3is
Q644876,Wizex,group,1973,Sweden,Q105757139,Wizex på Cinderella 01.jpg,AleWi,CC0,http://creativecommons.org/publicdomain/zero/1.0/deed.en,Tomten kommer snart,3885120,MsOdaFyU9SA
Q644975,Zapp,group,1977,United States,Q1325963|Q30632022,,,,,Be Alright,4132687,UvZAt7VnJls
Q645373,Rockets,group,1972,France,Q2608506,,,,,,,
Q6455846,L'Trimm,group,1987,United States,Q546206,,,,,Cars That Go Boom,12377528,y3VFwvaw2Ys
Q645980,Mogwai,group,1995,United Kingdom,Q209137,"Mogwai live at Castello Visconteo, Pavia - July 11th, 2018.jpg",SuperVirtual,CC BY-SA 4.0,https://creativecommons.org/licenses/by-sa/4.0,Take Me Somewhere Nice,3839407,Mgq_EhrWvGw
Q646170,Skyy,group,1976,United States,Q4942839,,,,,Here's to You,488518032,Ea1TFx3HIL8
Q646218,The Bodysnatchers,group,1979,United Kingdom,Q209498,,,,,Too Experienced,1787682687,hjxuX9JgbL8
Q6463596,La Mafia,group,1980,United States,Q431415,,,,,Me Estoy Enamorando,7812533,YO-JGE1c8hE
Q646546,Math the Band,group,2002,United States,Q2035976,MaththebandApril2012.jpg,Jhsounds,CC BY-SA 3.0,https://creativecommons.org/licenses/by-sa/3.0,Didn't Have Time to Think,949803652,E1ZmhylH27A
Q6470729,Zehra Deović,person,1960,Bosnia and Herzegovina,Q674684,,,,,"Snijeg Pade Na Behar,Na Voće",2998397461,T1VCDFqDxpU
Q647279,Midnight Star,group,1976,United States,Q30632022,,,,,,,
Q6483624,Lancelot Layne,person,,,Q650505,,,,,Funky Calypso,485446942,2jzB8KBLd60
Q64853384,Yung Bae,person,2014,United States,Q80725127,Yung Bae dehors le Belmont.png,Bull-Doser,Public domain,,FACE2FACE,4257160991,ZgckKIyjD7U
Q648750,Roy Hargrove,person,1987,United States,Q14546558,Roy Hargrove (Photo Eddy Westveer).jpg,"Eddy Westveer, Permission granted by E-mail",CC BY-SA 2.0,https://creativecommons.org/licenses/by-sa/2.0,Strasbourg / St. Denis,885737,1w3FVfkBVTE
Q648940,Symphony X,group,1994,United States,Q725011|Q484344,Symphony X in Carrboro 2022.jpg,Austin Kokel,CC BY-SA 4.0,https://creativecommons.org/licenses/by-sa/4.0,Without You,659721942,IhhMCRvdsqA
Q6490966,Larry Polansky,person,1954,United States,Q9089200,Polansky.JPG,Allan J. CroninCanticle,CC BY-SA 3.0,https://creativecommons.org/licenses/by-sa/3.0,,,
Q6496167,Latimore,person,1965,United States,Q2521569,Latimore.jpg,Lioneldecoster,CC BY 3.0,https://creativecommons.org/licenses/by/3.0,Out to Get'cha,1412042342,KZMbwSJYAdg
Q6498768,Laura Canales,person,1973,United States,Q431415,,,,,Avísame,487037922,5_6S10gXpbk
Q650008,DJ Outblast,person,2000,Kingdom of the Netherlands,Q1983750,20101003-0223 Syndicate 2010 Korsakoff vs Outblast.jpg,_moep_,CC BY-SA 3.0,https://creativecommons.org/licenses/by-sa/3.0,,,
Q65053184,Havana D'Primera,group,2008,,Q371745,,,,,,,
Q65056403,Fontaines D.C.,group,2017,Ireland,Q1899347,Fontaines DC at Loose Ends 2019.jpg,Gruesome Gary,CC BY-SA 4.0,https://creativecommons.org/licenses/by-sa/4.0,Marianne,4179203002,lWNxWy012Ro
Q65071082,Rema,person,2019,Nigeria,Q25099840,Rema at 2019 LFW (cropped).png,Thealfe Studios,CC BY-SA 4.0,https://creativecommons.org/licenses/by-sa/4.0,Calm Down,1873297197,CQLsdm1ZYAw
Q65117623,SeeYouSpaceCowboy,group,2016,San Diego,Q106594784,,,,,,,
Q651231,Boyz II Men,group,1988,United States,Q850412,Boyz II Men - Walmart (1).jpg,"Lunchbox LP from Culver City, CA, USA",CC BY 2.0,https://creativecommons.org/licenses/by/2.0,End Of The Road,2426056,zDKO6XYXioc
Q65169266,Sound Rush,group,2014,Netherlands,Q108297238,Sound Rush 04.jpg,Krd,CC BY-SA 3.0,https://creativecommons.org/licenses/by-sa/3.0,Stay With Me,3440552151,3o9zmq8M9W4
Q652294,Golden Gate Quartet,group,1931,United States,Q123909197,The Golden Gate Quartet (1964).jpg,F.N. Broers / Anefo,CC0,http://creativecommons.org/publicdomain/zero/1.0/deed.en,,,
Q65231869,Bulimundo,group,1978,Cape Verde,Q3090876,,,,,Djâm Brancu Dja,379789521,Eg5dSwk0QJ4
Q6525230,Leonard Dembo,person,1982,Zimbabwe,Q109538468,,,,,Mutadzi Ngaaregererwe,1412244482,3we3821CAiA
Q6525874,Leonard Zhakata,person,1989,Zimbabwe,Q109538468,,,,,,,
Q6530807,Leslie Fish,person,1944,United States,Q1414130,Leslie fish DCP 0716.jpg,David Gillett,CC BY 2.0,https://creativecommons.org/licenses/by/2.0,,,
Q6532216,Let's Active,group,1981,United States,Q1190565,Mitch Easter and Suzi Ziegler.JPG,Edazarian,CC BY-SA 4.0,https://creativecommons.org/licenses/by-sa/4.0,Every Word Means No,3533601,AvuetnVoxIs
Q653480,Four Tops,group,1954,United States,Q11700065|Q9078960,"Grand Gala du Disque . The Four Tops, Bestanddeelnr 921-1504.jpg",Ron Kroon / Anefo,CC0,http://creativecommons.org/publicdomain/zero/1.0/deed.en,"I Can't Help Myself (Sugar Pie, Honey Bunch)",1582310,s3bksUSPB4c
Q653491,Ari Babakhanov,person,1934,Uzbekistan,Q3091180,,,,,,,
Q6541,Heino,person,1961,Germany,Q959583,2015 Heino - by 2eight - DSC8839.jpg,Stefan Brending (2eight),CC BY-SA 3.0 de,https://creativecommons.org/licenses/by-sa/3.0/de/deed.en,Radetzky Marsch,1007187,zbHVeWUm5Vk
Q654147,All That Remains,group,1998,United States,Q4490718,All That Remains - Rock am Ring 2015-8564.jpg,"Andreas Lawen, Fotandi",CC BY-SA 3.0,https://creativecommons.org/licenses/by-sa/3.0,Two Weeks,1758875717,gGtW4AFyLyM
Q6545995,Light Crust Doughboys,group,1931,United States,Q1730388,,,,,,,
Q6546214,Light of the World,group,,United Kingdom,Q4969182,,,,,Pete's Crusade,1787622867,3Odu0K1fHh8
Q654716,"Peter, Paul and Mary",group,1961,United States,Q106298881,"Peter, Paul and Mary 2006.jpg",Original uploader was BassPlyr23 at en.wikipedia,CC BY-SA 3.0,http://creativecommons.org/licenses/by-sa/3.0/,500 Miles,3906902,YrDLI57ubU0
Q65491,Hannes Wader,person,1960,Germany,Q98528299,2010-02-25 Hannes Wader IMG 5047.jpg,Eckhard Henkel,CC BY-SA 3.0 de,https://creativecommons.org/licenses/by-sa/3.0/de/deed.en,"Heute hier, morgen dort",6974201,vNbFqgSbG7w
Q6549903,Limp Wrist,group,1998,United States,Q930995,Limpwrist1.jpg,Flickr user pusgums,CC BY 2.0,https://creativecommons.org/licenses/by/2.0,Fake Fags,119172826,EciVjiuXKM0
Q6553529,Los Fronterizos,group,1953,Argentina,Q597493|Q3106448,Los Fronterizos - Album 25 años - 1979 - Madeo (izq) - Moreno (abajo) - Lopez (dcha).jpg,Los Fronterizos,Public domain,,Zamba Del Negro Alegre,4853727,w4y50ybXa3w
Q6554860,Shazza,person,1990,Poland,Q1185390,Shazza.jpg,Fryta 73,CC BY-SA 2.0,https://creativecommons.org/licenses/by-sa/2.0,,,
Q65550251,Myke Towers,person,2016,United States,Q54329757,Myke Towers in interview - Tony Dandrades - 2021.png,Tony Dandrades,CC BY 3.0,https://creativecommons.org/licenses/by/3.0,LALA,2159990627,BVdngsy95mY
Q655629,Subway to Sally,group,1990,Germany,Q641318|Q15629158|Q446241,Subway to Sally Metal Frenzy 2024 28.jpg,S. Bollmann,Attribution,,Räuber und Narren,3623572362,5u53rhLONFA
Q655652,Mekong Delta,group,1985,Germany,Q56377253,Mekong Delta (band) 2011 02.JPG,Andrius Vanagas,CC BY-SA 3.0,https://creativecommons.org/licenses/by-sa/3.0,True Lies,1001591142,AXYYh4wbhK4
Q6558178,Lisa Lashes,person,1996,United Kingdom,Q1585015,Lisa Lashes.jpg,Mg86uk,CC BY-SA 3.0,https://creativecommons.org/licenses/by-sa/3.0,Looking Good,6145354,g3eoz_NZDvs
Q656291,The Stanley Brothers,group,1946,United States,Q213714|Q7832321|Q21327441,IHearMySaviorCalling.jpg,author is unknown,Public domain,,Angel Band,529928661,WIHFxIQfSxc
Q658182,Sade,group,1982,United Kingdom,Q2746831|Q2104067|Q264289,Sade Adu Band.jpg,Thilo Parg,CC BY-SA 3.0,https://creativecommons.org/licenses/by-sa/3.0,Smooth Operator,10686127,4TYv2PhG89A
Q65829,Marc Trauner,person,1989,Germany,Q388906|Q1242484,,,,,,,
Q6583188,Pumpuang Duangjan,person,1975,Thailand,Q665286,Pumpuang Duangjan singer.jpg,DancingPower,CC BY-SA 4.0,https://creativecommons.org/licenses/by-sa/4.0,,,
Q658733,Christian Wolff,person,1934,United States,Q4993367,Christian Wolff prepared piano performance 2007 Feb.jpg,Critical Miami from Miami Beach,CC BY-SA 2.0,https://creativecommons.org/licenses/by-sa/2.0,,,
Q659238,Ariel Pink,person,1996,United States,Q25345818,"Ariel Pink's Haunted Graffiti, Austin 2011 (5546175863).jpg","Todd Dominey from Decatur, USA",CC BY 2.0,https://creativecommons.org/licenses/by/2.0,Another Weekend,3063905081,2oK7UGErV7I
Q65972849,T. Buckley,person,,Canada,Q649634,,,,,Holding My Place,1492789152,MGs7hWS-9qY
Q66054,Special D.,person,2003,Germany,Q733804,Special d.jpg,ChrisHH,CC BY-SA 3.0,https://creativecommons.org/licenses/by-sa/3.0,,,
Q660599,Arif Sağ,person,1960,Turkey,Q1810546,,,,,Seher Yıldızı,445348252,dmPRIwAvhF0
Q660835,Nile,group,1993,United States,Q1076092,Nile at Party.San Open Air 2012.jpg,Jonas Rogowski,CC BY-SA 3.0,https://creativecommons.org/licenses/by-sa/3.0,Sacrifice Unto Sebek,10970039,FRM1zw_v-NM
Q66151972,Ancient Methods,group,2007,,Q29480448,,,,,Knights & Bishops,486351112,b80DqcFLI-c
Q6617244,Nam Jin,person,1965,South Korea,Q485915,Nam Jin.jpg,여니수니,CC BY 2.0 kr,https://creativecommons.org/licenses/by/2.0/kr/deed.en,,,
Q662577,The Chieftains,group,1963,Ireland,Q43343|Q854451|Q7482056,Chieftains-anoriant2008.png,Maelor,Public domain,,The Foggy Dew,548797,keWnPZOd2cw
Q663116,Alexander Rosenbaum,person,1968,Soviet Union,Q1891685,Alexander Rosenbaum (2022-05-27) 01.jpg,Михаил Фролов,CC BY 4.0,https://creativecommons.org/licenses/by/4.0,Вальс-бостон,119819264,gPTrHHu9V04
Q6640518,Suthep Wongkamhaeng,person,1934,Thailand,Q6701559,Suthepweb.jpg,Ct44mr2,FAL,http://artlibre.org/licence/lal/en,,,
Q664132,Artful Dodger,group,1997,United Kingdom,Q1165777|Q1751409,,,,,Moving Too Fast,55131141,DW5eVa-s_uI
Q664871,Saosin,group,2003,United States,Q141458789,Saosin5.png,Skalorski,CC BY-SA 4.0,https://creativecommons.org/licenses/by-sa/4.0,Just Be Honest,4229783272,46MYLbjKmGI
Q6650524,Little Joe,person,1955,United States,Q431415,,,,,Acábame de Matar,88877177,ww4Fpq97MTo
Q665090,G.E.M.,person,2008,People's Republic of China,Q1192110,2018.09.22 大连商演 邓紫棋 (1).jpg,GEM_Ady,CC BY 2.5,https://creativecommons.org/licenses/by/2.5,光年之外 (電影 《Passengers》 中國區主題曲),139025897,T4SimnaiktU
Q665143,Wovenhand,group,2001,United States,Q65052052,David Eugene Edwards live 20040525.jpg,Anders Jensen-Urstad,CC BY-SA 3.0,https://creativecommons.org/licenses/by-sa/3.0,Ain't No Sunshine,3741346622,XzesfqXqMhk
Q6653482,Liu Dehai,person,1963,People's Republic of China,Q106634987,"Dehai Liu, un grand maître du Pipa au musée Guimet (5153867190).jpg","Jean-Pierre Dalbéra from Paris, France",CC BY 2.0,https://creativecommons.org/licenses/by/2.0,,,
Q66551093,Cuco,person,2015,United States,Q28746819,CUCO at Tropicália Music & Taco Fest.png,Praxis Collective,CC BY 3.0,https://creativecommons.org/licenses/by/3.0,My 45,3348952691,vEv1qv88W-8
Q665798,Elbow,group,1997,United Kingdom,Q3231749,Elbow.jpg,Andreas Nowak,Public domain,,One Day Like This,429946002,0NFV8dHrZYM
Q66584231,Benny the Butcher,person,2004,United States,Q109303336,Benny the Butcher November 2023.png,MILLION DOLLAZ WORTH OF GAME,CC BY 3.0,https://creativecommons.org/licenses/by/3.0,Johnny P's Caddy,1634585192,klZNvJArVSE
Q665979,Reel Big Fish,group,1992,United States,Q460674|Q3990466,Reel Big Fish live in Santa Cruz.jpg,"Miles Gehm from San Jose, USA",CC BY 2.0,https://creativecommons.org/licenses/by/2.0,Take On Me,2971047511,QHpU0ZfXZ_g
Q666495,Trilok Gurtu,person,1970,India,Q6025624,Trilok Gurtu WarszawaSep2007.jpg,Henryk Kotowski,CC BY-SA 3.0,http://creativecommons.org/licenses/by-sa/3.0/,Maya,2507032,xhYAy-zBYoY
Q666697,Primal Scream,group,1982,United Kingdom,Q97942949|Q2187392,Primal Scream.jpg,Phil Guest,CC BY-SA 2.0,https://creativecommons.org/licenses/by-sa/2.0,Miss Lucifer,14882002,A3_YBPdKw2I
Q6668297,Euah Suntornsanan,person,1910,Thailand,Q6701559,,,,,,,
Q6668481,Lojze Slak,person,1947,Kingdom of Yugoslavia,Q15975701,Slak lojze DYK.jpg,Slak_lojze.jpg: Marko Pirc derivative work: Crisco 1492 (talk),CC BY-SA 3.0,https://creativecommons.org/licenses/by-sa/3.0,Polka,62051745,4BPtgrBEzK0
Q667042,Paysage D'Hiver,group,1997,Switzerland,Q65937017,,,,,König Winter,1976969957,_hCgGqqtaTk
Q667342,Count Five,group,1964,United States,Q135112757,Count Five.png,Double Shot Records,Public domain,,Declaration of Independence,86490517,yDXD4uu8cS4
Q667389,The Pretenders,group,1978,United Kingdom,Q187760,Pretenders Dubai 200702.jpg,Calan,Public domain,,I'll Stand by You,3590282,ABGPMw_ir08
Q6675941,Loose Ends,group,1980,United Kingdom,Q106876903,,,,,,,
Q6679405,Lord Huron,group,2010,United States,Q123421101,Lord Huron.jpg,Abby Gillardi,CC BY 2.0,https://creativecommons.org/licenses/by/2.0,The Night We Met,499988832,KtlgYxa6BMU
Q6679777,Lord Melody,person,1926,,Q752785,,,,,Yours Sincerely,3806511312,PVye52ZYat0
Q66817366,Beabadoobe,person,2017,Philippines,Q28746819,MitskiAPE180824 (13 of 116) (53941099308) (cropped 2).jpg,Raph_PH,CC BY 2.0,https://creativecommons.org/licenses/by/2.0,the perfect pair,1641651592,HwtEBQiuX-c
Q668236,Der Blutharsch,group,1996,Austria,Q1078010,,,,,,,
Q6682540,Los Bukis,group,1975,Mexico,Q5612172,"Los Bukis — American Family Insurance Amphitheater, Milwaukee (2023).jpg",Dontuseurrealname,CC BY-SA 4.0,https://creativecommons.org/licenses/by-sa/4.0,Acepto Mi Derrota,519119412,HiYyP_7S0OE
Q6683325,Los Tucanes de Tijuana,group,1987,Mexico,Q1780056|Q869210|Q221934,Tucastar.jpg,3phd,CC BY-SA 3.0,https://creativecommons.org/licenses/by-sa/3.0,La Chona,421649542,4gA5iaZ11lU
Q6683362,Los Yonic's,group,1975,Mexico,Q5612172,,,,,Pero Te Vas A Arrepentir,54788161,6D4N-6S_Ypg
Q6683393,Los de Ramón,group,,Chile,Q6040713,,,,,El Curanto,3247176741,kVEmsfNxsJE
Q668538,Emmanuel Top,person,1993,France,Q341395|Q481900,,,,,Acid Phase,7897971,SfqVKScM490
Q668808,Dead Infection,group,1990,Poland,Q1147692,,,,,Satan's Hole,2749084451,PLzHh-xkC1o
Q669042,Deeds of Flesh,group,1993,United States,Q2265866,,,,,Infested Beneath the Earth,746307752,YrHYq4_pcDg
Q6691331,Love Spirals Downwards,group,1991,United States,Q284543,,,,,City Moon,9046480,5AYvyk2PLI0
Q6702758,Lula Côrtes,person,1950,Brazil,Q10387147,Lula Côrtes (cropped).jpg,"Carlos Ebert from São Paulo, BrazilGRU",CC BY 2.0,https://creativecommons.org/licenses/by/2.0,Trilha de Sumé / Culto à Terra / Bailado das Muscarias (Terra),728684742,
Q6713084,M. S. Fernando,person,1956,,Q2879826,,,,,,,
Q67154301,Ian Van Dahl,group,2000,,Q890887,AnnaGrace live in Hasselt.jpg,Philippe Schellekens,CC BY-SA 2.0,https://creativecommons.org/licenses/by-sa/2.0,Movin On,60831397,tdxktMNRhts
Q672432,Necrophagist,group,1992,Germany,Q1076092,Necrophagist.png,Cornhub,CC BY-SA 3.0,https://creativecommons.org/licenses/by-sa/3.0,Stabwound,10970492,rEEkKWXAAII
Q6725992,Mad Lion,person,1901,Jamaica,Q1109947,,,,,Take It Easy,63394939,VSpNJrppImg
Q67311,Scot Project,person,1990,Germany,Q4049849|Q832665,,,,,H2 (Steal Your Heart),3882585271,XmUFfTXQtWk
Q6731948,Magnolia Shorty,person,1994,United States,Q4949812,,,,,Smoking Gun,2022375747,uhn3T9rA4K4
Q67372,Chris Liebing,person,1968,Germany,Q107697221|Q3084222|Q307054,Chris Liebing at his best.jpg,"Amnesia Ibiza from Ibiza, Spain",CC BY 2.0,https://creativecommons.org/licenses/by/2.0,,,
Q673758,Arkona,group,2002,Russia,Q484179,Arkona Party.San Metal Open Air 2019 08.jpg,S. Bollmann,Attribution,,,,
Q6751197,Manoj Tiwari,person,1983,India,Q134589204,Manoj Tiwari at the launch of T P Aggarwal's trade magazine 'Blockbuster' 22.jpg,Bollywood Hungama,CC BY 3.0,https://creativecommons.org/licenses/by/3.0,,,
Q6751214,Manolis Angelopoulos,person,1939,Greece,Q2087267,,,,,Kali Tihi,90265341,
Q6754546,Maracaibo 15,group,1974,Venezuela,Q535328,,,,,Amparito,563623942,mJaLxTf6vrk
Q67556784,100 gecs,group,2015,United States,Q104695865,"100 Gecs @ 930 Club, 10-29-2021.jpg",Mcrsftdog,CC BY-SA 4.0,https://creativecommons.org/licenses/by-sa/4.0,Dumbest Girl Alive,2159623877,oXrbMDww9ss
Q6762922,Marie Lloyd,person,1870,United Kingdom of Great Britain and Ireland,Q940462,Marie Lloyd by Langfier Ltd.jpg,Louis Saul Langfier (1859–1916),Public domain,,,,
Q676522,The Style Council,group,1983,United Kingdom,Q264289,,,,,You're The Best Thing,2230225,0HMAVU1k7kg
Q676620,Autopsy,group,1987,United States,Q65943557,Autopsy - Setembro Negro.jpg,Bruno Bergamini,CC BY 2.0,https://creativecommons.org/licenses/by/2.0,Possess,3731707472,oSSprFdCGuw
Q6772701,Marquis de Sade,group,1977,France,Q2343562,,,,,,,
Q677304,Ben Sims,person,2000,United Kingdom,Q107697221,,,,,Dubs 3,11964371,-y1BCrhYOqY
Q677600,Pete Namlook,person,1992,Germany,Q9149801,Namlook-FAX-Logo.jpg,FAX Records,Copyrighted free use,,The Space Driver,1279948172,3P_v6vx-urI
Q677891,Pig Destroyer,group,1997,United States,Q188534,ScottHullMDDeathfest.jpg,Dale Wilsey (PissAngel at en.wikipedia),Public domain,,Army of Cops,506232462,OezdOxCq3mk
Q678099,Armando,person,1949,Kingdom of the Netherlands,Q341364,"Armando, geboren als Herman Dirk van Dodeweerd.jpg",Oscar van Dillen,CC BY-SA 3.0,https://creativecommons.org/licenses/by-sa/3.0,Amiga,654247722,yhqMy36fRMQ
Q678410,Marillion,group,1979,United Kingdom,Q1051843,Marillion2.jpg,Lrheath,CC BY-SA 3.0,https://creativecommons.org/licenses/by-sa/3.0,Kayleigh,3346318,FiM0JiE0h5I
Q679287,Crimson Glory,group,1982,United States,Q108665742,Crimson-Glory-2011-05-02-n01.jpg,Katja Verloop,CC BY 3.0,https://creativecommons.org/licenses/by/3.0,Deep Inside Your Heart,26012161,asnFgCKFqGs
Q6793578,Mauricio & Palodeagua,group,2003,Colombia,Q535402,Mauricio Palo de Agua2.jpg,Diegorp02,CC BY-SA 3.0,https://creativecommons.org/licenses/by-sa/3.0,,,
Q679697,Faust,group,1971,Germany,Q320592,Faust (band) May2007.jpg,jd lennon,CC BY 2.0,https://creativecommons.org/licenses/by/2.0,,,
Q6798087,Mayumi Miyata,person,1950,Japan,Q718540,,,,,,,
Q679818,Born of Osiris,group,2003,United States,Q30587784,Born of Osiris Full Force 2023 20.jpg,S. Bollmann,Attribution,,Elevate,3316668451,y_epPJr52LA
Q6815694,Memory Tapes,person,2009,United States,Q2626684,,,,,Bicycle,1383422742,SxdawMWBtmo
Q681634,Julián Carrillo,person,1875,Mexico,Q109678435,"Julián Carrillo en París, 4 sep 1899.jpg",Unknown author,Public domain,,,,
Q682089,John Wilbye,person,1598,Kingdom of England,Q193217,,,,,,,
Q6827833,Mica Paris,person,1985,United Kingdom,Q106876903,,,,,I Want To Know What Love Is,1161009642,wcKdQjbnT_8
Q683009,Alva Noto,person,1994,Germany,Q1100989,RasterNoton-NotoLive.png,The original uploader was AlexReynolds at English Wikipedia.,CC BY 2.5,https://creativecommons.org/licenses/by/2.5,Conversation 8,4150794242,
Q683397,Slavko Avsenik,person,1953,Kingdom of Yugoslavia,Q15975701,Slavko Avsenik 1961.jpg,Dragiša Modrinjak,Public domain,,,,
Q683478,Lightning Bolt,group,1994,United States,Q181861,Lightning Bolt.jpg,Jason Carlisle (personal homepage),CC BY-SA 3.0,http://creativecommons.org/licenses/by-sa/3.0/,,,
Q6844110,Mighty Clouds of Joy,group,1960,United States,Q880270,,,,,,,
Q6849417,Mikel Rouse,person,1957,,Q9089200,,,,,,,
Q685595,De La Soul,group,1987,United States,Q255406|Q438503|Q7410145,De La Soul by foto di matti.jpg,Matti Hillig,CC BY-SA 3.0,https://creativecommons.org/licenses/by-sa/3.0,Stakes Is High,2104708217,radJQyaC5kY
Q686550,Obscura,group,2002,Germany,Q1076092,Obscura Hellfest 2010 (3).jpg,Anders Rune Jensen,CC BY-SA 2.0,https://creativecommons.org/licenses/by-sa/2.0,The Anticosmic Overload,11015019,CJrNQiMbSFA
Q686915,Mr. Children,group,1988,Japan,Q131578,Misuchiru.gif,http://chilpoko.gozaru.jp,Attribution,,,,
Q687651,The Gathering,group,1989,Netherlands,Q178145,The Gathering @ Monterrey.jpg,Faridee Cruz,CC BY 2.0,https://creativecommons.org/licenses/by/2.0,Returning to Center (528 Hz),3855181631,
Q687760,Coroner,group,1985,Switzerland,Q56377253,Coroner (cropped).jpg,David Tyler,CC BY 2.0,https://creativecommons.org/licenses/by/2.0,Consequence,3484563171,Ooa01reWlEU
Q687866,Silver Apples,group,1967,United States,Q325504,Silver Apples-8.jpg,alterna2,CC BY 2.0,https://creativecommons.org/licenses/by/2.0,Lovefingers,130412274,Vp_0-9wJyeM
Q689234,Cock and Ball Torture,group,1997,Germany,Q584752,,,,,,,
Q689306,Chicks on Speed,group,1997,United States,Q861823,Chicks On Speed by foto-di-matti 8421.jpg,Fotodimatti,CC BY-SA 3.0,https://creativecommons.org/licenses/by-sa/3.0,Kaltes Klares Wasser,473238672,uP7G3X8ZDzE
Q689341,Sybreed,group,2003,Switzerland,Q3008122,,,,,Doomsday Party,4377387,wf7DptGBw2o
Q6894452,Mohsen Yeganeh,person,2004,Iran,Q7170257,Mohsen Yeganeh performing a concert at Ministry of Interior Main Hall.jpg,Hossein Heidarpour,CC BY 4.0,https://creativecommons.org/licenses/by/4.0,Behet Ghol Midam,904930192,cDNDVtoJhik
Q689598,Fennesz,person,1962,Austria,Q1100989,"Fennesz in Bethesda, Maryland, on September 21, 2010 (5027816082).jpg",IntangibleArts,CC BY 2.0,https://creativecommons.org/licenses/by/2.0,Before I Leave,3257465221,n-hxKtIRY-w
Q689823,Army of Lovers,group,1987,Sweden,Q517415,Army of Lovers.png,Makakaaaa,Public domain,,Crucified,3826173451,di18hTFTwIw
Q6899403,Yusuf ʻOmar,person,1918,Iraq,Q12193614,,,,,,,
Q6899840,Moni Bilé,person,1957,Cameroon,Q1815364,,,,,Osi tapa lambo lam,99420644,ouo1d-TKas4
Q690138,The Everly Brothers,group,1957,United States,Q135687210,Everlys Brothers in concert.jpg,Savannah Grandfather,CC BY 2.0,https://creativecommons.org/licenses/by/2.0,Wake up Little Susie,691215,YFxeZErpNjU
Q690543,Link 80,group,1993,United States,Q2657409,Link80LiveatGilman.jpg,Clarkandellen,CC BY-SA 3.0,https://creativecommons.org/licenses/by-sa/3.0,Verbal Kint,2834357242,jiVWHOEnQI4
Q6907524,Moon Mullican,person,1926,United States,Q106562392,,,,,Jambalaya,123456578,gAyl2FApdew
Q690775,Maylene and the Sons of Disaster,group,2004,United States,Q56353998,Dallastaylorlivepic.jpg,No machine-readable author provided. Chuchalinn assumed (based on copyright claims).,Public domain,,,,
Q690904,At the Drive-In,group,1993,United States,Q377910,At the Drive-In Lollapalooza.jpg,"Shane Hirschman from Hollywood, CA",CC BY-SA 2.0,https://creativecommons.org/licenses/by-sa/2.0,Rascuache,133097898,DLRa8lrznWQ
Q691139,Faun,group,2002,Germany,Q446241|Q1798870,Faun Wave-Gotik-Treffen 2019 18.jpg,S. Bollmann,Attribution,,Federkleid,143174912,zOvsyamoEDg
Q691490,Rahat Fateh Ali Khan,person,1985,Pakistan,Q512410,Rahat Fateh Ali Khan.jpg,Thomas Rome,CC BY 2.0,https://creativecommons.org/licenses/by/2.0,O Re Piya,1203803042,iv7lcUkFVSc
Q691568,Belle and Sebastian,group,1996,United Kingdom,Q370778|Q46046|Q842324|Q22991878,Belle and Sebastian British Band.jpeg,Marisa Privitera,CC BY-SA 2.5,https://creativecommons.org/licenses/by-sa/2.5,"Get Me Away from Here, I'm Dying",2639771,wcKsxHURj24
Q6915818,Moses Hogan,person,1957,United States,Q139566448,,,,,,,
Q69263,Roland Kaiser,person,1952,Germany,Q959583,2016-07-29 Kaisermania 2016 in Dresden by Sandro Halank–2 (cropped).jpg,"Sandro Halank, Wikimedia Commons",CC BY-SA 3.0,https://creativecommons.org/licenses/by-sa/3.0,Ich werde da sein,3017842021,FlNBc0aPv-s
Q692668,Beirut,group,2006,United States,Q22991878,Zachcondonbeirut2013.jpg,Oxfordwhites,CC BY-SA 4.0,https://creativecommons.org/licenses/by-sa/4.0,Nantes,426572052,R781LDKOVJE
Q6928394,Mr.B The Gentleman Rhymer,person,,United Kingdom,Q5072880,,,,,Nicknackatory,400084282,-eRD-uVgvEo
Q6928518,Mr. Capone-E,person,2000,United States,Q1399695,MrCapone-E.jpg,Aeg12521,CC BY-SA 3.0,https://creativecommons.org/licenses/by-sa/3.0,Sumertime Anthem,385711871,
Q692872,Tactical Sekt,group,2002,,Q1091450,TSLogo.png,TacticalRobert,CC BY 3.0,https://creativecommons.org/licenses/by/3.0,Bring Me Violence,118179866,gzQuUV-2b_8
Q6935664,Munchi,person,2009,Kingdom of the Netherlands,Q21092,Munchi in 2011.jpg,Generation Bass,CC BY 2.0,https://creativecommons.org/licenses/by/2.0,,,
Q693583,As I Lay Dying,group,2000,United States,Q4490718,As I Lay Dying - 2022218174823 2022-08-06 Wacken - Sven - 5DS R - 0526 - 5DSR8634 (cropped).jpg,Sven Mandel,CC BY-SA 4.0,https://creativecommons.org/licenses/by-sa/4.0,Polarized,4221804632,aE_bJgctpu8
Q693597,Herman's Hermits,group,1963,United Kingdom,Q546264,Herman's Hermits 1968 US television concert special.JPG,NBC Television,Public domain,,There's A Kind Of Hush,6063154,F0RrC_n-OTc
Q693671,Sean Tyas,person,1999,United States,Q1136765,Sean Tyas (3495991089).jpg,"Scott Sandars from Melbourne, Australia",CC BY-SA 2.0,https://creativecommons.org/licenses/by-sa/2.0,Momentum,1350829832,08Cf1yN6bGY
Q6948700,Mysore Ananthaswamy,person,1936,Dominion of India,Q15720097,,,,,,,
Q695653,Mario Merola,person,1959,Italy,Q1195630,Mario Merola.jpeg,Mark Merola,Public domain,,Cient' anne,16210785,_mTRH4ck7D8
Q696274,Sven-Ingvars,group,1956,Sweden,Q105757139,Sven-Ingvars 2016-5.jpg,Frankie Fouganthin,CC BY-SA 4.0,https://creativecommons.org/licenses/by-sa/4.0,Torparrock,15666599,Lm7RMyX14-M
Q6968206,Natalie MacMaster,person,1989,Canada,Q2447797,Natalie MacMaster - Seattle - 2010.jpg,(Kirk Stauffer),CC BY-SA 3.0,https://creativecommons.org/licenses/by-sa/3.0,David's Jig,3257134571,RnmjO8QHzhk
Q696898,Gaye Bykers on Acid,group,1984,United Kingdom,Q1987105,,,,,Zen Express,735117292,0Wt847v9GIk
Q697508,Das Ich,group,1989,Germany,Q1362878,2013 WGT 11 Das Ich.jpg,Ralf Lotys (Sicherlich),CC BY 3.0,https://creativecommons.org/licenses/by/3.0,Destillat,143667644,FjJ5lOSR8Kg
Q6978753,Trees,group,1969,United Kingdom,Q134889869,Trees band 1970.jpg,J Park,Public domain,,,,
Q697954,Atari Teenage Riot,group,1992,Germany,Q56580,Atari Teenage Riot 2010 01.jpg,Libertinus,CC BY-SA 2.0,https://creativecommons.org/licenses/by-sa/2.0,Revolution Action,9919148,i8JBUktSxvQ
Q698224,Coldcut,group,1986,United Kingdom,Q7410145,Matt Black - Coldcut (Vienna 2006).jpg,fffriendly,CC BY 2.0,https://creativecommons.org/licenses/by/2.0,True Skool,10237884,PRHCP-Czj0Y
Q6983583,Nação Zumbi,group,1991,Brazil,Q1759189,Nação Zumbi @ Maquinária Festival 01.jpg,"Silvio Tanaka from Sao Paulo, Brazil",CC BY 2.0,https://creativecommons.org/licenses/by/2.0,Novas Auroras,1418854562,wJsJK1fLHos
Q698362,Falkenbach,group,198,Germany,Q213149,,,,,...The Ardent Awaited Land,1978210137,KsXxlQzPPsE
Q69870,Claire Waldoff,person,1903,Germany,Q16154635,"Bundesarchiv Bild 183-R07878, Claire Waldoff.jpg",Unknown author,CC BY-SA 3.0 de,https://creativecommons.org/licenses/by-sa/3.0/de/deed.en,,,
Q699534,Arrested Development,group,1988,United States,Q438503,Arrested Development 004.jpg,Joris Peeters,CC BY 2.0,https://creativecommons.org/licenses/by/2.0,Mr. Wendal,3100808,QCDUsMA7O80
Q7007840,New Grass Revival,group,1971,United States,Q3307225,,,,,Callin' Baton Rouge,3324215,00AFX_2aDJ4
Q700817,Ash Ra Tempel,group,1970,Germany,Q530750|Q320592,,,,,Day-Dream,2651049102,J6IC5zHg6Ck
Q700978,Suidakra,group,1994,Germany,Q2525544,Suidakra.JPG,Gripweed,CC BY-SA 3.0,https://creativecommons.org/licenses/by-sa/3.0,Stone of the Seven Suns,90598821,0ADzplwOKe0
Q7009927,New Lost City Ramblers,group,1958,United States,Q972424,New Lost City Ramblers 1960s LOC.jpg,"American Folklife Center, Library of Congress",Public domain,,,,
Q701692,D.A.F.,group,1978,Germany,Q372103|Q646679,Deutsch Amerikanische Freundschaft.jpg,Tilman Brembs,CC BY-SA 3.0,https://creativecommons.org/licenses/by-sa/3.0,Der Mussolini,468609242,eYcUGO-ISXQ
Q701735,Camo & Krooked,group,2007,Austria,Q2082572,Amadeus Award 2010 entree Camo and Krooked.jpg,Manfred Werner - Tsui,CC BY-SA 3.0,https://creativecommons.org/licenses/by-sa/3.0,Redemption,4128540551,E9bDnKs5QnY
Q7022497,Ngola Ritmos,group,1947,Angola,Q1470503,NgolaRitmos.jpg,Ana Ngola Forgotten Souls,CC BY-SA 4.0,https://creativecommons.org/licenses/by-sa/4.0,,,
Q70278516,Dem 2,group,1994,Thurrock,Q780517,,,,,,,
Q702867,Qntal,group,1991,Germany,Q446241,Qntal 2010.jpg,"Eric Bryan from Stanton, USA",CC BY-SA 2.0,https://creativecommons.org/licenses/by-sa/2.0,Entre moi et mon ami,97068370,D_Yc5SQ-ROk
Q703936,Diary of Dreams,group,1989,Germany,Q3840596,Diary of Dreams.jpg,Oliwia Piotrowska,CC BY 3.0,https://creativecommons.org/licenses/by/3.0,Butterfly:Dance!,61706315,26x5P5MY9aw
Q704041,Eason Chan,person,1995,British Hong Kong,Q853873,陈奕迅 Eason Chan.jpg,George Chen,CC BY-SA 2.0,https://creativecommons.org/licenses/by-sa/2.0,这样很好 (Isha's Song),3984403211,Q6Vd85loaT8
Q704112,Eduardo Mateo,person,1960,Uruguay,Q24935256,Eduardo Mateo disco Mateo solo bien se Lame 1972 Argentina.jpg,Horacio Molina,Public domain,,Señora Diana La Ví,103771440,jyCxHzdGzZQ
Q704154,Gunther Schuller,person,1925,United States,Q539089,Gunther Schuller (2008).jpg,The original uploader was Nrswanson at English Wikipedia.,Public domain,,Transformation,71018598,TfD18tr508Q
Q7044051,No Comment,group,1987,United States,Q1784106,,,,,Control Machine,860275942,5YKWhFEixyc
Q704541,Eisbrecher,group,2003,Germany,Q213572,Eisbrecher Rockharz 2018 25.jpg,S. Bollmann,Attribution,,Was Ist Hier Los?,391737462,BGthmYzpGv0
Q704705,Arsenio Rodríguez,person,1929,Cuba,Q4428744|Q290869,Conjunto de Arsenio Rodríguez.JPG,Unknown author,Public domain,,,,
Q704757,The Alchemist,person,1993,United States,Q109303336,TheAlchemist2014.jpg,Carl Pocket,CC BY-SA 2.0,https://creativecommons.org/licenses/by-sa/2.0,E. Coli,587862632,cMaIjdfsRrs
Q7047756,Noisex,group,1990,,Q1913888,,,,,,,
Q7049430,Nonini,person,2002,Kenya,Q5533135,,,,,,,
Q7050137,Nora Ney,person,1952,Brazil,Q4215151,Nora Ney (1961).tif,Unknown,Public domain,,Regra Três,139856419,7818_nh8f2o
Q705015,Speedy J,person,1969,Kingdom of the Netherlands,Q9149801,Speedy J (Seattle 2006).jpg,basic_sounds,CC BY 2.0,https://creativecommons.org/licenses/by/2.0,,,
Q705037,DJ Rush,person,1991,United States,Q3084222,DJ Rush.jpg,Julien Christ,CC BY-SA 3.0,https://creativecommons.org/licenses/by-sa/3.0,Look and See,93961178,S2jTAwuDCD4
Q705040,Leo Kottke,person,1966,United States,Q466445,Leo Kottke 6-16-07 Photo by Anthony Pepitone.jpg,Anthony Pepitone,CC BY-SA 3.0,https://creativecommons.org/licenses/by-sa/3.0,Vaseline Machine Gun,13198913,u2OmGV7-TPM
Q705221,Haruomi Hosono,person,1969,Japan,Q112159506,YMOHosono2008(cropped).jpg,"YMOHosono2008(wide).jpg: JJ Hall from Peckham Rye, London, UK derivative work: Solid State Survivor (talk)",CC BY 2.0,https://creativecommons.org/licenses/by/2.0,Figlio Perduto,4091889881,
Q705382,Cluster,group,1971,Germany,Q79784514|Q320592,Dieter Moebius from German krautrock band Cluster performing at Fusion Festival 2010.jpg,Alice d25,CC BY-SA 3.0,https://creativecommons.org/licenses/by-sa/3.0,,,
Q705406,Art Bears,group,1978,United Kingdom,Q3630966,,,,,Freedom,1493348302,ZHoOIbVROig
Q705413,Maxi Priest,person,1984,United Kingdom,Q98528253|Q1872505,MaxiPriestJan2011.jpg,Eva Rinaldi,CC BY-SA 2.0,https://creativecommons.org/licenses/by-sa/2.0,Close To You,3125893,MbcPSXkRVgQ
Q705530,Art Ensemble of Chicago,group,1966,United States,Q790188|Q742341,Art Ensemble of Chicago Kongsberg Jazzfestival 2017 (001645).jpg,Tore Sætre,CC BY-SA 4.0,https://creativecommons.org/licenses/by-sa/4.0,,,
Q705532,Egyptian Lover,person,1977,United States,Q217597|Q1325963,Egyptian Lover.jpg,"Dave Walkerfrom Royal Oak, MI, USA",CC BY 2.0,https://creativecommons.org/licenses/by/2.0,,,
Q705689,Snap!,group,1989,Germany,Q216961,Snap! 2017.jpg,Mario Sedlak,CC BY-SA 4.0,https://creativecommons.org/licenses/by-sa/4.0,Rhythm Is a Dancer,3785942552,JYIaWeVL1JM
Q705790,Art Zoyd,group,1969,France,Q3630966,Gerard Hourbette.jpg,Isabelle Françaix,CC BY-SA 4.0,https://creativecommons.org/licenses/by-sa/4.0,"Sortie 134, Pt. 2",900466022,
Q705847,Tito Rodríguez,person,1936,United States,Q1646666,,,,,,,
Q7059558,Northlane,group,2009,Australia,Q30587784,Northlane 2019 gen use lores.jpg,Beneath thecanopy,CC BY-SA 4.0,https://creativecommons.org/licenses/by-sa/4.0,Crucified,4277610922,6WPQFIiBqqw
Q706252,Mutabaruka,person,1952,Jamaica,Q1113204,,,,,,,
Q706422,Hank Thompson,person,1946,United States,Q1730388|Q3140141,Hank Thompson 1966.JPG,"Jim Halsey Management/photographer-""Bruno of Hollywood""",Public domain,,,,
Q706820,Boys Noize,person,2004,Germany,Q627906,Boys noize juicy beats 2011 5.jpg,Arne Müseler,CC BY-SA 3.0,https://creativecommons.org/licenses/by-sa/3.0,1+1+1,4264024022,
Q706941,Evan Parker,person,1944,United Kingdom,Q211781|Q592060,Evan Parker by Benjamin Amure.jpg,"Benjamin Amure from Central London, United Kingdom",CC BY-SA 2.0,https://creativecommons.org/licenses/by-sa/2.0,Whispering,4006216481,
Q707084,DJ Spooky,person,1996,United States,Q1658757,Spooky.jpg,Eddie Codel (Ekai),CC BY-SA 3.0,http://creativecommons.org/licenses/by-sa/3.0/,,,
Q7071588,Nēnēs,group,1990,Japan,Q2278881,,,,,,,
Q7072798,oOoOO,group,2008,United States,Q1840167,OOoOO.png,Dougsams,CC BY-SA 3.0,https://creativecommons.org/licenses/by-sa/3.0,Burnout Eyess,366060871,GXx5Qk1iP1M
Q7073354,O Yuki Conjugate,group,1982,United Kingdom,Q98528139,,,,,Ba-Makala,9843179,v4PBm8Ah_gM
Q707967,Bonobo,person,1999,United Kingdom,Q757143|Q251192,RF 2806 Bonobo Krists Luhaers-16 (35611151756).jpg,Krists Luhaers,CC BY 2.0,https://creativecommons.org/licenses/by/2.0,Uncasually,4075412731,zqLw0MITsmA
Q708129,M. J. Cole,person,1997,United Kingdom,Q1165777|Q1751409,,,,,Waking Up,631353162,SHKxRwrYFaw
Q708136,Edwin Starr,person,1942,United States,Q1928583,,,,,War,646312932,01-2pNCZiNk
Q708220,Schandmaul,group,1998,Germany,Q641318|Q15629158|Q446241,20180816 Dinkelsbühl Summer Breeze Schandmaul 0052.jpg,© Markus Felix | PushingPixels (contact me),CC BY-SA 4.0,https://creativecommons.org/licenses/by-sa/4.0,Der Teufel...,98643804,Lka-2-5BVzM
Q7082705,Oku Onuora,person,1952,Jamaica,Q1113204,,,,,Sun Dub (Solar Dub),30866871,6xgqDQa792s
Q7082838,Ola Belle Reed,person,1916,United States,Q108616106,,,,,Ola Belle's Blues,6687661,6ewNmgW5zBA
Q708501,Tristan Murail,person,1947,France,Q1245902,,,,,,,
Q708506,David Banner,person,1994,United States,Q936573,David Banner at FOB Brassfield-Mora 2009-01-26 3.jpg,Sgt. Kani Ronningen,Public domain,,Like A Pimp,410111602,MKGQ5cIw_ew
Q708582,Chyi Yu,person,1978,Taiwan,Q5934478,Chyiyu (cropped).jpg,Hweimeng,CC BY-SA 4.0,https://creativecommons.org/licenses/by-sa/4.0,,,
Q708721,Kenny Wayne Shepherd,person,1990,United States,Q65937937,Kenny Wayne Sheperd 2005.jpg,chascar,CC BY 2.0,https://creativecommons.org/licenses/by/2.0,Blue on Black,4094731,t6VKce4KspQ
Q708757,Jazzanova,group,1995,Germany,Q1136331,Root Down Special ZMF 2015 jm43939.jpg,joergens.mi,CC BY-SA 3.0,https://creativecommons.org/licenses/by-sa/3.0,Wasted Time,67660213,fUgF9kpoi4c
Q708922,Smiley Lewis,person,1947,United States,Q3658336|Q516568,,,,,"She's Got Me Hook, Line and Sinker",1563730742,O8Inh9WI77k
Q709092,James Dillon,person,1950,United Kingdom,Q3736603,,,,,,,
Q70913044,Oscar Davey-Wraight,person,1984,New Zealand,Q106514601,,,,,La Fong,124463840,IuMGdMKL0YE
Q709143,Pg. 99,group,1998,United States,Q11363,Live-pg.99.jpg,Derek Neuland,CC BY 2.0,https://creativecommons.org/licenses/by/2.0,,,
Q7092163,Ondekoza,group,1969,Japan,Q109526125,Ondekoza.odaiko2.png,TaikoSkin,CC BY-SA 3.0,https://creativecommons.org/licenses/by-sa/3.0,Yumigahama,2126054897,k71N_pxPtk8
Q709234,Yoji,person,1990,Japan,Q832665,DJ YOJI.jpg,MIXTRIBE,CC BY-SA 3.0,https://creativecommons.org/licenses/by-sa/3.0,,,
Q709640,Paul Wall,person,1998,United States,Q136908587,Paul Wall.jpg,Bradley G.,CC BY 2.0,https://creativecommons.org/licenses/by/2.0,Sittin' Sidewayz,3869540,-zDQFFpSgfg
Q709859,Ferdi Tayfur,person,1967,Turkey,Q623824,Ferdi Tayfur.jpg,Ferhat Kayabas,CC BY 3.0,https://creativecommons.org/licenses/by/3.0,Bana Sor,3432357271,AYktQlOpWGk
Q70991,Hildegard of Bingen,person,1098,Holy Roman Empire,Q163775,Hildegard von Bingen.jpg,Unknown author,Public domain,,Kyrie,1077734932,UmvGJxRFUZ0
Q709977,Michał Kleofas Ogiński,person,1788,Grand Duchy of Tuscany,Q11821942,"Michał Kleafas Aginski. Міхал Клеафас Агінскі (F. Fabre, 1805).jpg",François-Xavier Fabre,Public domain,,,,
Q7104019,Orquesta América,group,,,Q16986699|Q107195014,,,,,Rico Vacilón,861290072,W6moGBPTYWA
Q710402,Wu Yingyin,person,1945,People's Republic of China,Q7496127|Q1499262,Yingyin Wu 1940.jpg,Unknown author,Public domain,,,,
Q710539,Arthur Mafokate,person,1994,South Africa,Q956717,,,,,,,
Q710574,Praga Khan,group,1980,Belgium,Q112663444,Lords of Acid.jpg,Liquidland (talk),CC BY-SA 3.0,https://creativecommons.org/licenses/by-sa/3.0,Injected with a Poison,568624902,gZTT_OeA0fw
Q7107123,Osmani García,person,2011,Cuba,Q108297222,Osmani García 4.jpg,AMERICA CON LAS ESTRELLAS TV,CC BY 3.0,https://creativecommons.org/licenses/by/3.0,El Taxi,76295709,hECrIvrALkI
Q710733,George Rochberg,person,1918,United States,Q105697818,,,,,,,
Q711059,Kenny Garrett,person,1978,United States,Q14546558,Kenny Garrett (2013).jpg,Jens Vajen,CC BY-SA 4.0,https://creativecommons.org/licenses/by-sa/4.0,Sing a Song of Song,5620913,pn8Cs-PZfX8
Q71107071,M-Beat,person,1992,United Kingdom,Q1102161|Q2710523,,,,,Incredible,4481741,7Fm2V20gZhM
Q711197,Otis Rush,person,1956,United States,Q1071873,Otis Rush at Notodden bluesfestival.jpg,Svein M Agnalt,CC BY-SA 3.0,https://creativecommons.org/licenses/by-sa/3.0,I Can't Quit You Baby,3705932,Uy2tEP3I3DM
Q711198,Fats Navarro,person,1923,United States,Q105513,Fats Navarro (Gottlieb 06551).jpg,William P. Gottlieb,Public domain,,,,
Q711228,Yellowman,person,1974,Jamaica,Q474027|Q98528252,"Yellowman backed by Sagittarius Band, Bersenbrueck 2007 -1 (cropped).jpg",Flickr user kat_geb,CC BY 2.0,https://creativecommons.org/licenses/by/2.0,,,
Q711260,Shabba Ranks,person,1985,Jamaica,Q474027|Q740911,Shabba Ranks at Reggae Land Festival 2024.jpg,DON SINCLAIR REGGAE VIBES,CC BY 3.0,https://creativecommons.org/licenses/by/3.0,Mr. Loverman,623627,AcyGovsbQNI
Q711294,Dennis Brown,person,1968,Jamaica,Q9794,Dennis Brown.jpg,Lioneldecoster,CC BY-SA 3.0,https://creativecommons.org/licenses/by-sa/3.0,,,
Q711339,Johnny Burnette,person,1952,United States,Q203720,Johnny Burnette.png,Fotografía antigua (desconocido),CC0,http://creativecommons.org/publicdomain/zero/1.0/deed.en,"You're Sixteen, You're Beautiful (And You're Mine)",3511202,Wjy-OMIyXbg
Q711406,Frankie Ruiz,person,1971,United States,Q7405765,Frankie Ruiz (80s & 90s).jpg,Salsero90s,CC BY-SA 4.0,https://creativecommons.org/licenses/by-sa/4.0,Deseándote,769774502,rrpacD8fjzg
Q711442,Gene Chandler,person,1957,United States,Q1269729,Gene Chandler.jpg,"Kingkongphoto &amp; www.celebrity-photos.com from Laurel Maryland, USA",CC BY-SA 2.0,https://creativecommons.org/licenses/by-sa/2.0,Duke of Earl (Rerecorded),6061130,
Q711454,Marco V,person,1991,Kingdom of the Netherlands,Q2302695,MarcoV 2007.jpg,Rickysts at English Wikipedia,Public domain,,Simulated,61682328,m0z7MkHIR0c
Q7117378,P. Kalinga Rao,person,1914,Dominion of India,Q15720097,,,,,,,
Q711892,David Allan Coe,person,1967,United States,Q964658,David Allan Coe concert poster (cropped).jpg,David Allan Coe,Public domain,,You Never Even Called Me by My Name,84162357,SCd3jH5CbDw
Q7122056,Pacho Alonso,person,1928,Cuba,Q23925185,Pacho Alonso (cropped).jpg,Santos,Public domain,,El Manisero (Pregón),93232988,AhLAZvgB9uI
Q712353,Buck Owens,person,1945,United States,Q5128236|Q804401,Buck Owens.jpg,Warner Brothers Records.,Public domain,,Made In Japan,103470976,udHeBbv0RcI
Q7124160,Pagan Altar,group,1978,United Kingdom,Q108979517,Pagan Altar.jpg,"Bulgakoff (talk) 09:15, 1 February 2009 (UTC)",Public domain,,Pagan Altar,3515718131,YTHS9qcwR_8
Q7125397,Pak Tongjin,person,1916,South Korea,Q482981,,,,,,,
Q712586,Blind Willie Johnson,person,1927,United States,Q98528141,Blind Willie Johnson.jpg,"Columbia Records ""race series""",Public domain,,"Dark Was the Night, Cold Was the Ground",70579210,W6V9xGgkl3g
Q712683,Percy Faith,person,1908,United States,Q848399,Percy Faith 1949.jpg,"Radio Album magazine, published by Dell Publications; page 3 of PDF identifies publisher and year of copyright.",Public domain,,Crunchy Granola Suite,366402511,pvB8_f2bb4A
Q7128978,Orlando Silva,person,1934,Brazil,Q10370216,Orlando Silva cropped.jpg,Unknown author,Public domain,,Carinhoso,13310427,dRIcjihfq3I
Q7129012,Waldick Soriano,person,1959,Brazil,Q2464314,Waldick Soriano (1975-1978).jpg,Unknown author,Public domain,,Tortura de Amor (Ao Vivo),571251052,
Q712910,Jeffrey Lewis,person,1997,United States,Q574651,Jeffrey Lewis.jpg,"Annette Lee from Hackney, London, United Kingdom",CC BY 2.0,https://creativecommons.org/licenses/by/2.0,,,
Q713025,Gerald Finzi,person,1901,United Kingdom,Q48810672,,,,,,,
Q713099,Dwight Yoakam,person,1984,United States,Q458480|Q804401,DwightYoakam-01.jpg,dirkhansen,CC BY 2.0,https://creativecommons.org/licenses/by/2.0,Fast as You,6631880,A2qo1x9rcCc
Q713461,A-Mei,person,1996,Taiwan,Q973150,A-Mei World Tour in Taipei Arena 20100319 (cropped).jpg,me,Public domain,,I Want To Be Happy,3913972,
Q713477,Jacques Dutronc,person,1961,France,Q1636684,Dutronc1.jpg,La fleur de Kerampuilh,Public domain,,"Il est cinq heures, Paris s'éveille",540432,Nz-njDzl4Wc
Q713575,Han Bennink,person,1942,Kingdom of the Netherlands,Q592060,Han Bennink-38.jpg,Seth Tisue,CC BY-SA 2.0,https://creativecommons.org/licenses/by-sa/2.0,,,
Q714,Stevie Wonder,person,1961,United States,Q131272|Q105334717|Q9078960,Stevie Wonder 1994.jpg,"Kingkongphoto &amp; www.celebrity-photos.com from Laurel Maryland, USA",CC BY-SA 2.0,https://creativecommons.org/licenses/by-sa/2.0,Part-Time Lover,24967291,74mL5f7tr5w
Q714033,Chris Tomlin,person,1993,United States,Q1339121,,,,,Good Good Father,108648268,CqybaIesbuA
Q714325,Max Richter,person,1994,United Kingdom,Q65943744,Max-Richter-3 (cropped).jpg,Henry W. Laurisch,CC BY-SA 3.0,https://creativecommons.org/licenses/by-sa/3.0,While The Flood Rages,4293672712,DCefss6aEGk
Q7143495,Pat Green,person,1995,United States,Q14493900,Pat-Green-(edited).jpg,Pat-Green-June-2008.jpg: jvh33 derivative work: Cousin Kevin (talk),CC BY 2.0,https://creativecommons.org/licenses/by/2.0,Wave on Wave,2544181,fJWnIFlYKjs
Q714423,Roger Sanchez,person,1990,United States,Q949369,"Roger Sanchez, July 2018.jpg",97.8 Dance FM,CC BY 3.0,https://creativecommons.org/licenses/by/3.0,Go Again,2959689411,lIbrOnhmb4M
Q714449,Alan Tam,person,1969,British Hong Kong,Q853873,-i---i- (527082787).jpg,"craparu from San Francisco, USA",CC BY-SA 2.0,https://creativecommons.org/licenses/by-sa/2.0,,,
Q714470,Steve Roach,person,1982,United States,Q16625659|Q98528139|Q530750,"Steve Roach, Tucson (bright).jpg",Linda Kohanov derivative work: Keraunoscopia,CC BY-SA 3.0,https://creativecommons.org/licenses/by-sa/3.0,Mica,2582427912,T5fwh_ekdis
Q714526,Niyazi,person,1934,Soviet Union,Q12845743,Niyazi.jpg,Unknown author,Public domain,,,,
Q7148160,Patrulla 81,group,1981,,Q907799,,,,,Cómo Pude Enamorarme De Ti,63319990,5miH9o2J7kk
Q715345,Mance Lipscomb,person,1960,United States,Q1271752|Q98528141,Mance Lipscomb 1960s LOC.jpg,"American Folklife Center, Library of Congress",Public domain,,"When Death Come Creeping in Your Room (Run, Sinner, Run)",720593,
Q715384,Liu Tianhua,person,1895,Qing dynasty,Q106634987|Q5619688,刘天华.jpg,The original uploader was Huowax at Chinese Wikipedia.,Public domain,,,,
Q7155240,Paul Job Kafeero,person,1970,Uganda,Q17108262,Paul kafeero.jpg,Ssemmanda will,CC0,http://creativecommons.org/publicdomain/zero/1.0/deed.en,,,
Q715624,Witold Szalonek,person,1927,Poland,Q615418,Witold Szalonek.jpg,Unknown author,Public domain,,,,
Q715853,Sidney Samson,person,1999,Kingdom of the Netherlands,Q1228230,Sidney Samson 2013.jpg,Jasper K,CC BY-SA 3.0,https://creativecommons.org/licenses/by-sa/3.0,The Officer,461634182,or3tw1jbefM
Q715890,Arty,person,2009,Russia,Q106634944,Arty-001.jpg,Arty,CC BY-SA 4.0,https://creativecommons.org/licenses/by-sa/4.0,Save Me Tonight,617796402,b_Hx5NnfyCg
Q716022,JJ Lin,person,2003,Singapore,Q1192110|Q973150,第十二屆 KKBOX 風雲榜－林俊傑演出.jpg,Liveislife,CC BY-SA 4.0,https://creativecommons.org/licenses/by-sa/4.0,Careful with Fate,3860997771,j8yO0LkqA7s
Q7166241,Pepe Sánchez,person,1856,Cuba,Q2420447|Q15830404,PepeS.jpg,self-scanned; original photographer unknown,Public domain,,Sentimiento,1177157002,vI2Q5Llf3J4
Q7169164,Perlla,person,2006,Brazil,Q10286515,Perla Fernandes dos Santos (born 1988) in the video 'Boas Novas no Ar - Perlla- 22-02-2017'.png,Boas Novas,CC BY 3.0,https://creativecommons.org/licenses/by/3.0,Tremendo Vacilão,95946500,e8kFA1_ocwI
Q7169608,Perrey and Kingsley,group,1965,United States,Q111387914|Q1779294,,,,,,,
Q7171305,Perú Negro,group,1969,Peru,Q5445668|Q3217069,,,,,Toro Mata,12004195,4NY0FqpZ1jQ
Q717239,Michael Stearns,person,1970,United States,Q16625659,,,,,Organics,118995928,RazLASamtXY
Q717408,Arvingarna,group,1989,Sweden,Q105757139,Arvingarna 2013-04-11 001.jpg,BingoLotto,CC BY 3.0,https://creativecommons.org/licenses/by/3.0,Eloise,98754990,a6MCRuE6tx8
Q717755,Ary Barroso,person,1921,Brazil,Q10367220,Ary Barroso 1939.jpg,Unknown author,Public domain,,Brasil Moreno,1543923022,YMzH4GvxRLw
Q71787,Widespread Panic,group,1986,United States,Q106581777,Widespread Panic Red Rocks Amphitheatre 6-24-2010.jpg,Mike Hardaker,CC BY-SA 3.0,https://creativecommons.org/licenses/by-sa/3.0,Ain't Life Grand,76189787,5_qKSMitgNE
Q7180927,Phase II Pan Groove,group,1972,,Q100330555,,,,,Misbehave (Reprise),488715442,
Q7181551,Phi Nhung,person,1993,United States,Q61127902,Phi Nhung (cropped).png,Chua Ba Vang,CC BY 3.0,https://creativecommons.org/licenses/by/3.0,Trách Ai Vô Tình,2907049731,gTg7MDrIcUs
Q718180,Camané,person,1966,Portugal,Q185676,FADO CAMANE a film by Bruno de Almeida 4 crop.jpg,Bruno de Almeida,CC BY-SA 4.0,https://creativecommons.org/licenses/by-sa/4.0,Sei de um rio,3140082,pJouVU0jlH0
Q7182272,Phil Phillips,person,1926,United States,Q106522115,,,,,Darling,83942655,38A-yxiyF7s
Q7186118,Philomena Begley,person,1968,Ireland,Q5177472,Philomenabegley2.jpg,MaxPride,CC BY-SA 3.0,https://creativecommons.org/licenses/by-sa/3.0,,,
Q7190493,Picaflor de los Andes,person,1928,Peru,Q2307786,,,,,Mi Chiquitin,1135925392,yY6Sr1wjRNs
Q719110,Notis Sfakianakis,person,1985,Greece,Q109713745,Notis Sfakianakis.jpg,Lukelagis,Public domain,,Giftissa Mera,476454602,
Q71915,Joe Bataan,person,1942,United States,Q6496549|Q892958,Joe Bataan.jpg,Tseville21,CC BY-SA 4.0,https://creativecommons.org/licenses/by-sa/4.0,Para Puerto Rico Voy,686080242,gTq2VE44GY8
Q719447,Herman Brood,person,1964,Kingdom of the Netherlands,Q1936659,Herman Brood 1979.png,Herman_Brood.png: AVRO derivative work: Gobonobo (talk),CC BY-SA 3.0 nl,https://creativecommons.org/licenses/by-sa/3.0/nl/deed.en,My Way,1024581,5V9vRauwj-c
Q7205578,Plus-Tech Squeeze Box,group,1997,Japan,Q12199824,,,,,rocket coaster,1009068222,E83w1XXoW1U
Q7205605,Jack Beats,group,2007,United Kingdom,Q2365784,"Jack Beats, Glasgow, 2010.jpg",TheArches,CC BY 2.0,https://creativecommons.org/licenses/by/2.0,Fast Girls,401943522,
Q720649,Shy FX,person,1992,United Kingdom,Q1102161|Q2710523,Shyfx.jpg,Addictco1,CC BY-SA 4.0,https://creativecommons.org/licenses/by-sa/4.0,Soon Come,444534312,rW-AHPZ5YEM
Q7208447,Poison Clan,group,1995,United States,Q546206,,,,,Dance All Nite,143988152,JDAuRLjHCVw
Q72092,Rage Against the Machine,group,1991,United States,Q856872|Q877693,Rage Against The Machine.jpg,Penner,CC BY-SA 3.0,https://creativecommons.org/licenses/by-sa/3.0,Killing In The Name,62082829,bWXazVhlyxQ
Q72096,Chet Atkins,person,1942,United States,Q1751782,Chet Atkins.jpg,Gretsch Guitar News,Public domain,,,,
Q721043,Tyrone Davis,person,1968,United States,Q1269729,Tyrone Davis oct 1970.jpg,Dakar Records,Public domain,,In the Mood,831125,p2N7WFKwiaQ
Q721943,Eddy Arnold,person,1918,United States,Q106561868|Q1751782,Eddie Arnold 1969.JPG,NBC Television,Public domain,,Make the World Go Away,7625135,lq0Ri9e6SY0
Q722042,Master P,person,1989,United States,Q1253172|Q8560269,Master p-02.jpg,Mikamote,CC BY-SA 3.0,https://creativecommons.org/licenses/by-sa/3.0,Make Em' Say Uhh,5400347,bQSHAfzU5ks
Q722484,Nikos Vertis,person,2003,Greece,Q109713745,Nikos Vertis - October 2021.jpg,Moshe Chitayat,CC BY-SA 4.0,https://creativecommons.org/licenses/by-sa/4.0,An Eisai Ena Asteri,3752533362,6Ye0NOn7nrI
Q722618,Mario Bauzá Cárdenas,person,1927,Cuba,Q3163340,Mario Bauzá.jpg,Enrique Cervera,CC BY-SA 3.0,https://creativecommons.org/licenses/by-sa/3.0,,,
Q722627,Juan García Esquivel,person,1918,Mexico,Q1779294|Q1141081,Esquivel!.jpg,Unknown photographer,Public domain,,La Bikina,13211280,
Q722778,Boards of Canada,group,1986,United Kingdom,Q660984|Q85765918,Boards of Canada Warp Lighthouse Party 1999.jpg,The original uploader was Angular at English Wikipedia.,CC BY 2.0,https://creativecommons.org/licenses/by/2.0,Prophecy At 1420 MHz,4047670901,74NluS3jzTo
Q722960,Vildhjarta,group,2005,Sweden,Q2532560|Q133601921,Vildhjarta Euroblast 2014 10.jpg,Grywnn,CC BY-SA 4.0,https://creativecommons.org/licenses/by-sa/4.0,"+ röda läppar, söta äpplen +",3243282661,-wWD0IoBchU
Q723546,Maurizio De Jorio,person,1991,Italy,Q848852,,,,,,,
Q723821,Lou Donaldson,person,1952,United States,Q1615483,Lou Donaldson Quartet 2015 (20259143008).jpg,Todd Van Hoosear,CC BY-SA 2.0,https://creativecommons.org/licenses/by-sa/2.0,Autumn Nocturne,3148681,Otzyz_9RSKk
Q7245230,Prins Thomas,person,1975,Norway,Q4045538,,,,,Feel The Love (Diskomiks),878438492,5o-voKHIqkA
Q724783,The Tiger Lillies,group,1989,United Kingdom,Q1166158,Tigerlillies.jpg,"User Mohylek on en.wikipedia, increased brightness by Phrood~commonswiki",CC BY-SA 3.0,http://creativecommons.org/licenses/by-sa/3.0/,Heroin,141615213,r_XhlZrL64Q
Q7248144,Professor Elemental,person,2005,United Kingdom,Q106582953|Q5072880,Professor Elemental.jpg,MangakaMaiden Photography,CC BY 4.0,https://creativecommons.org/licenses/by/4.0,Fighting Trousers,2738662271,0iRTB-FTMdk
Q724998,Michael Torke,person,1961,United States,Q98528143,,,,,"Being, Pt. 4",1042631772,
Q7250165,Proper Dos,group,1992,United States,Q1399695,Frank-V-of-Proper-Dos.jpg,Angelasong,CC BY-SA 3.0,https://creativecommons.org/licenses/by-sa/3.0,Sexy Thing (Like You),15898822,
Q7252901,Proxyon,group,1987,Netherlands,Q4049849,,,,,Space Hopper,61692531,mmjjs6LrDxg
Q725341,Tiga,person,2001,Canada,Q861823,Tiga (3).jpg,luciane gomes,CC BY 2.0,https://creativecommons.org/licenses/by/2.0,Party Time,4105791281,S4VK6_w0zMI
Q7256203,Psychedelic Horseshit,group,,United States,Q120867282,,,,,Rather Dull,64138631,jswTL6THsSk
Q7256860,The Prodigy,group,1990,United Kingdom,Q851213|Q663519|Q858579|Q1585075|Q22909461|Q898709|Q325504,Prodigy-rock-am-ring-2009.jpg,Herr Stern,CC BY 2.0,https://creativecommons.org/licenses/by/2.0,Breathe,62126185,6_PAHbqq-o4
Q725945,Luckey Roberts,person,1887,United States,Q181897,"Charles L. ""Luckey"" Roberts standing with his much taller pal, Willie ""The Lion"" Smith, in 1958.jpg",Art Kane,Public domain,,,,
Q725953,Ashley MacIsaac,person,1992,Canada,Q2447797,Ashley MacIsaac.jpg,Tabercil,CC BY-SA 3.0,https://creativecommons.org/licenses/by-sa/3.0,Sleepy Maggie,3255661931,bz4HtlbS5DI
Q726018,Boney James,person,1976,United States,Q831354,Boney James 2013.jpg,Concord Music Group,CC BY-SA 3.0,https://creativecommons.org/licenses/by-sa/3.0,I Belong To You,4192720092,HSv3xM9B6s0
Q726071,Jimmy Buffett,person,1965,United States,Q6153278,Jimmy Buffett 1.jpg,Chief Mass Communication Specialist Michael W. Pendergrass,Public domain,,Margaritaville,2491667,mrF4nF8VUb4
Q72608,Big Star,group,1971,United States,Q837837,Big Star at Hyde Park.jpg,Marcelo Costa,CC BY 2.0,https://creativecommons.org/licenses/by/2.0,Thirteen,4307728,9tZT_FdAxpY
Q726100,Jimmy McGriff,person,1960,United States,Q1615483,Jimmy McGriff.jpg,Atael Weissman,CC BY-SA 3.0,http://creativecommons.org/licenses/by-sa/3.0/,The Bird,63634611,OiZV6faZ1cI
Q7261330,Purna Das Baul,person,1933,Dominion of India,Q13058900,PURNA DAS BAUL Debkumar.jpg,BORAGORIDEV,CC BY-SA 3.0,https://creativecommons.org/licenses/by-sa/3.0,,,
Q7261422,The Purple Hearts,group,,Australia,Q2280273,,,,,,,
Q7261732,Push Button Objects,person,,,Q3108920,,,,,,,
Q726649,Dynamix II,group,1986,United States,Q106522238,,,,,Just Give The DJ A Break,6158100,C7Okvrwtg6k
Q7268270,Quad City DJ’s,group,1988,United States,Q546206,,,,,Space Jam,135872772,m_SzzgmxeYc
Q727115,Mobb Deep,group,1992,United States,Q876171|Q529742|Q966564,Out4Fame-Festival 2015 - Mobb Deep.JPG,Lipstar &amp; Fred Production,CC BY-SA 2.5,https://creativecommons.org/licenses/by-sa/2.5,"Shook Ones, Pt. II",1044157,yoYZf-lBF_U
Q727124,VNV Nation,group,1990,United Kingdom,Q828243,VNV Nation Argentina.jpg,User:Isha,Public domain,,Beloved,2367304295,Kfc3zcnrWMQ
Q727187,Olavi Virta,person,1939,Grand Duchy of Finland,Q1762761,Olavivirta.jpg,Unknown author,Public domain,,Tango Desiree,104154964,62xMN7ziVbM
Q727362,Ayreon,group,1995,Netherlands,Q253137,Arjen Anthony Lucassen.jpg,Paranoideo,CC BY-SA 2.0,https://creativecommons.org/licenses/by-sa/2.0,"The Theory Of Everything, Pt. 1",1590203612,PyjXW5xDxwA
Q727418,Nicholas Payton,person,1990,United States,Q14546558,NicholasPayton5deMayo07Playing.jpg,Infrogmation,CC BY 2.5,https://creativecommons.org/licenses/by/2.5,So What,4159337282,9DQZpQ5cl9o
Q72759173,Tems,person,2015,Nigeria,Q110592306,Tems on NdaniTV Sessions -cropped.png,NdaniTV,CC BY 3.0,https://creativecommons.org/licenses/by/3.0,Me & U,2481308251,1JltlSJH5bY
Q7278635,Rabbit in the Moon,group,1991,United States,Q2396639,Rabbit in the moon live.jpg,Rabbitinthemoon,CC BY-SA 4.0,https://creativecommons.org/licenses/by-sa/4.0,Out Of Body Experience,4247881791,fcNvj12W5Gw
Q728029,Harold Budd,person,1962,United States,Q193207,Harold Budd (cropped).jpg,Masao Nakagami,CC BY-SA 2.0,https://creativecommons.org/licenses/by-sa/2.0,Late October,3121560,y93cXtTjU9o
Q728049,Golden Earring,group,1961,Netherlands,Q2639210|Q1936659,Golden Earring - TopPop 1974 7.png,AVRO,CC BY-SA 3.0 nl,https://creativecommons.org/licenses/by-sa/3.0/nl/deed.en,Radar Love,60702996,aRlSHG5hRY4
Q728109,Iced Earth,group,1985,United States,Q108665742,Iced Earth December 2012.jpg,Florian Stangl,CC BY 2.0,https://creativecommons.org/licenses/by/2.0,I Died For You,125960281,22eFBfrA6Mc
Q728170,Exodus,group,1980,United States,Q483352,Exodus Rockharz 2018 43.jpg,S. Bollmann,Attribution,,Blacklist,651502642,IebbyCAU2YA
Q7282075,Rafael Cepeda,person,1940,United States,Q2278063,,,,,,,
Q7283409,Rahim Fahimuddin Dagar,person,1927,Dominion of India,Q59158,,,,,,,
Q7284050,Railroad Earth,group,2001,United States,Q107982599,Railroad Earth Richmond Va 05-21-2010-2.jpg,JCWilmore,CC BY-SA 3.0,https://creativecommons.org/licenses/by-sa/3.0,Good Bones,4113356571,F1w_2V2wq28
Q728559,Quicksand,group,1990,United States,Q377910,Quicksand Rock am Ring 2014 (113).JPG,User:Goroth (Jan Brauer),CC BY-SA 3.0,https://creativecommons.org/licenses/by-sa/3.0,Fazer,5884375,HGPzJs1WK88
Q7289323,Ramdew Chaitoe,person,1978,Suriname,Q4848738,,,,,,,
Q729101,Dionysis Savvopoulos,person,1964,Greece,Q53806314|Q3559240,"Dionysis Savvopoulos at Alsos, Jan 2020 n1 (cropped).jpg",FocalPoint,CC BY-SA 4.0,https://creativecommons.org/licenses/by-sa/4.0,O Fortino Samano,99359796,
Q7291909,Raheem Jarbo,person,2006,United States,Q1754592,Random musician (cropped).jpeg,Workerbee9 at English Wikipedia,CC BY-SA 3.0,http://creativecommons.org/licenses/by-sa/3.0/,Wily,544574712,
Q7292403,Randy Rogers Band,group,2000,United States,Q14493900,,,,,In My Arms Instead,2296741,_5t7Cl6W-Ag
Q729293,Muhal Richard Abrams,person,2017,United States,Q742341,Muhal Richard Abrams 06N4854.jpg,Nomo michael hoefner http://www.zwo5.de,CC BY-SA 3.0,https://creativecommons.org/licenses/by-sa/3.0,Charlie In The Parker,1586810952,
Q7294,Johannes Brahms,person,1843,Hamburg,Q9730|Q131269|Q4797274|Q216860|Q1063010|Q207591|Q215911|Q3328774|Q9734|Q9748|Q214981|Q6941842,JohannesBrahms.jpg,"C. Brasch, Berlin (biography)",Public domain,,,,
Q729444,Leroy Carr,person,1905,United States,Q2603965,,,,,"How Long, How Long Blues",73821662,PXtvuz5S9PM
Q7294514,Rare Essence,group,1976,United States,Q2697917,,,,,Still Gettin' Buzy,1172138572,
Q7294674,Ras Shorty I,person,1963,Trinidad and Tobago,Q1051735,,,,,,,
Q729505,Soft Machine,group,1966,United Kingdom,Q944465|Q727803,Soft Machine Cosmopolite 2018 (211402).jpg,Tore Sætre,CC BY-SA 4.0,https://creativecommons.org/licenses/by-sa/4.0,The Floating World,1686936177,bjhdbwYvgPk
Q7295154,Rasoolan Bai,person,1902,Dominion of India,Q69596,,,,,,,
Q7298,Antonín Dvořák,person,1841,Cisleithania,Q215911,Dvorak.jpg,Unknown author,Public domain,,,,
Q72984,Bing Crosby,person,1923,United States,Q1443316|Q1196752,Bing Crosby Paramount Pictures.jpg,AnonymousUnknown author,Public domain,,I Wish You A Merry Christmas,3399696,L6Bz1vOMxOg
Q729933,Sabicas,person,1912,Spain,Q9764,PacoPena-Sabicas.png,Joaobr1996,CC BY-SA 4.0,https://creativecommons.org/licenses/by-sa/4.0,Milonga Flamenca,682608,1Z68pq46S2k
Q729952,Prezioso,person,1971,Italy,Q930592,Giorgio Prezioso.jpg,Mattia.bramb,CC BY-SA 3.0,https://creativecommons.org/licenses/by-sa/3.0,Halo,1906352887,iv9PP1QZAOc
Q729964,Tomatito,person,1958,Spain,Q9764,Tomatito in 2016.jpg,NotimexTV,CC BY 3.0,https://creativecommons.org/licenses/by/3.0,Al Tío Juan Habichuela,78161617,wJarELMRIxo
Q729973,Enrique Morente,person,1967,Spain,Q9764,Enrique Morente.jpg,Enrique_morente_3353510495_26547d0a8c_o.jpg: alterna2 https://www.alterna2.com/ derivative work: Kadellar (talk),CC BY 2.0,https://creativecommons.org/licenses/by/2.0,Pedro el Morato (Taranto en Tono de Rondeña),1010166,mhV3-Iq7J9w
Q730158,The Human League,group,1977,United Kingdom,Q1298934,The Human League 2007.jpg,Andi064 Andy Mac Giolla Eoin,CC BY-SA 3.0,https://creativecommons.org/licenses/by-sa/3.0,Don't You Want Me,3092940,uPudE8nDog0
Q7302,George Frideric Handel,person,1702,Holy Roman Empire,Q8361|Q174873|Q1344|Q85477|Q116875252|Q210216,George Frideric Handel by Balthasar Denner.jpg,Attributed to Balthasar Denner,Public domain,,,,
Q730248,Living Sacrifice,group,1989,United States,Q822914,,,,,,,
Q7304,Gustav Mahler,person,1860,Austria,Q4797274|Q216860|Q2028627|Q3328774|Q9734|Q2142754,Gustav-Mahler-Kohut.jpg,Leonard Berlin / E. Bieber,Public domain,,,,
Q730481,Alfredo Marceneiro,person,1891,Portugal,Q185676,Alfredo Marceneiro.jpg,Vdm produções,CC BY-SA 4.0,https://creativecommons.org/licenses/by-sa/4.0,O Pagem,1618329,wiKbrluHVO0
Q7306953,Reeps One,person,1989,United Kingdom,Q213608,Harry Yeff.jpg,Pr0fess0r,CC BY-SA 4.0,https://creativecommons.org/licenses/by-sa/4.0,,,
Q7311,Giacomo Puccini,person,1876,Grand Duchy of Tuscany,Q1344,GiacomoPuccini.jpg,Unknown author,Public domain,,Tosca: E lucevan le stelle... Ed olezzava la terra (Act Three),71205665,
Q731178,Albert Ammons,person,1949,United States,Q212952,Ammons and Johnson.jpg,Unknown author,Public domain,,Boogie Woogie Stomp,2801013532,tBmVtW5qxGs
Q7312,Franz Schubert,person,1810,Archduchy of Austria,Q131269|Q4797274|Q216860|Q1063010|Q852027|Q207591|Q11487510,Franz Schubert by Wilhelm August Rieder 1875 larger version.png,Wilhelm August Rieder,Public domain,,,,
Q731231,Slim Harpo,person,1950,United States,Q534606|Q515074,,,,,I'm Your Bread Maker Baby,613093022,12UeZR4tR8w
Q7313342,Rennie Pilgrem,person,1965,United Kingdom,Q1756101|Q65937774,,,,,2 Freaks,39186121,b3Q8TBbXH20
Q7313417,Reno and Smiley,group,1951,United States,Q7832321,"Reno and Smiley, Anderson, IN, 1962.jpg",Ann Milovsoroff,CC BY-SA 4.0,https://creativecommons.org/licenses/by-sa/4.0,,,
Q7314,Igor Stravinsky,person,1882,Switzerland,Q1583807|Q9730|Q65937946|Q106576145|Q4851628,Igor Stravinsky LOC 32392u.jpg,George Grantham Bain Collection,Public domain,,,,
Q731422,Gangubai Hangal,person,1931,Dominion of India,Q62128,Gangubai Hangal.jpg,Unknown author,Public domain,,,,
Q7315,Pyotr Ilyich Tchaikovsky,person,1859,Russian Empire,Q9730|Q4851628|Q207591|Q215911|Q3328774|Q9748|Q8701407|Q7382074,Porträt des Komponisten Pjotr I. Tschaikowski (1840-1893).jpg,Nikolai Kuznetsov,Public domain,,,,
Q731642,Asking Alexandria,group,2008,United Kingdom,Q2084353,Asking Alexandria at Soundwave 2014.jpg,Maria Nayef from Australia,CC BY 2.0,https://creativecommons.org/licenses/by/2.0,Alone In A Room,3389613481,4cHb8AJDR5Y
Q7317,Giuseppe Verdi,person,1830,Kingdom of Italy,Q1344|Q6941842,Giuseppe Verdi xilografia.jpg,Disegnatore: A. Cairoli - Incisore: Ernesto Mancastroppa,Public domain,,,,
Q7319236,Rex Lawson,person,1938,Nigeria,Q963061,,,,,Okina,5698926,
Q7319541,Reynaldo Armas,person,1973,Venezuela,Q1202208|Q108951349,Reynaldo Armas.jpg,Guillermo Ramos Flamerich,CC BY 2.5,https://creativecommons.org/licenses/by/2.5,,,
Q732135,Chrisye,person,1965,Indonesia,Q118640019,"Chrisye, Jakarta Govt website.jpg",Unknown author,Public domain,,Seperti Yang Kau Minta,585433122,bVPtgpp2Ch4
Q732205,Oblivians,group,1993,United States,Q2551540,Oblivians at Lido (29319334747).jpg,"iZilla at flickR from Berlin, Germany",CC0,http://creativecommons.org/publicdomain/zero/1.0/deed.en,Call the Police,67408634,3xX703OzESo
Q7322526,Ricardo Aguirre,person,1958,Venezuela,Q535328,Statue in honor of Ricardo Aguirre.jpg,Wilfredor,CC0,http://creativecommons.org/publicdomain/zero/1.0/deed.en,La Grey Zuliana,3778530852,tE0DaYX5ikI
Q732733,Asleep at the Wheel,group,1970,United States,Q1730388,Asleep at the Wheel 1976.JPG,"Magna Artists Corporation/Joe Kerr, manager",Public domain,,The Letter That Johnny Walker Read,675339562,nPNdcSqI0fo
Q7330563,Richie Ray & Bobby Cruz,group,1963,United States,Q7405759|Q892958,,,,,Sonido Bestial,686084222,BfRkhhODkKA
Q733182,Hall & Oates,group,1972,United States,Q885561,"Daryl Hall and John Oates ""Voices"" (1980 RCA press photo).jpg",Distributed by RCA Records,Public domain,,Maneater,569561,yRYFKcMa_Ek
Q733400,Gerry and the Pacemakers,group,1959,United Kingdom,Q546264|Q2344635,Gerry and the Pacemakers group photo 1964.JPG,"Photographer: Paul Schumach, Metropolitan Photo Service, New York City.",Public domain,,You'll Never Walk Alone,3164746,OV5_LQArLa0
Q7334080,Rikki Jai,person,1988,,Q1090048|Q5118383,,,,,CSM 20,102526074,u4kr7fdWfhU
Q7335050,Rinken Band,group,1977,Japan,Q2278881,,,,,Kariyushi Doh,976743762,
Q733863,Fountains of Wayne,group,1995,United States,Q837837,Fountains of Wayne live 2007.jpg,Rob Kennedy,CC BY 2.0,https://creativecommons.org/licenses/by/2.0,Stacy's Mom,3090887,
Q7339869,Roaring Lion,person,1999,,Q752785,Roaring Lion 1930s.jpg,Unknown author,Public domain,,,,
Q734062,Skream,person,2003,United Kingdom,Q20474,Skream live.jpg,retinafunk,CC BY-SA 2.0,https://creativecommons.org/licenses/by-sa/2.0,Otto's Chant,688488242,ONyYUadRZTM
Q7340888,Robbie Dupree,person,1978,United States,Q28401124,Robbie Dupree (cropped).jpg,slgckgc,CC BY 2.0,https://creativecommons.org/licenses/by/2.0,Steal Away,671871032,qvvhCzDobRE
Q734098,Sebastian,person,2005,France,Q113493820,SebastiAn Low Club.JPG,Chtfn,CC BY 3.0,https://creativecommons.org/licenses/by/3.0,Embody,11272924,awtiZEiiAE8
Q734326,Ryan Paris,person,1982,Italy,Q744417,Ryan Paris - 2023141124609 2023-05-21 ZDF-Fernsehgarten - Sven - 1D X MK II - 0235 - AK8I1664.jpg,Sven Mandel,CC BY-SA 4.0,https://creativecommons.org/licenses/by-sa/4.0,Dolce Vita,914062362,EXmABxvHTG4
Q734580,Jorge Negrete,person,1931,Mexico,Q464129|Q727634,Jorge Negrete en 1953 (cropped).jpg,Asociación Nacional de Actores,Public domain,,,,
Q7346,John Coltrane,person,1945,United States,Q790188|Q8341|Q1127530|Q98528204,John Coltrane 1963 cropped ver2.jpg,"Gelderen, Hugo van / Anefo",CC0,http://creativecommons.org/publicdomain/zero/1.0/deed.en,"My Favorite Things, Pt. 1",679548,
Q7349,Joseph Haydn,person,1740,Archduchy of Austria,Q131269|Q85477|Q17723|Q11487510|Q3328774|Q9734|Q1136846|Q217295,"Joseph Haydn, målning av Thomas Hardy från 1792.jpg",Thomas Hardy,Public domain,,,,
Q734907,Whitehouse,group,1980,United Kingdom,Q2687544,Whitehouse live 2006.jpg,Michael Moll,CC BY 2.5,https://creativecommons.org/licenses/by/2.5,,,
Q7351,Robert Schumann,person,1830,Kingdom of Saxony,Q4797274|Q216860|Q1063010|Q207591,Robert-schumann.jpg,Williamtosun,Public domain,,Scenes from Childhood No. 1 Op. 15: Of Foreign Lands and Peoples,512352152,
Q7351847,Roberto Parra Sandoval,person,1921,Chile,Q5793651,,,,,,,
Q7353659,Roc Marciano,person,1999,United States,Q109303336,Roc Marciano December 9 2022 Garden Grove Amp.jpg,Devon Guerrero,CC BY-SA 4.0,https://creativecommons.org/licenses/by-sa/4.0,Quantum Leap,1862208827,87Z2Kds4KPo
Q735407,Humberto Teixeira,person,1915,Brazil,Q2879962,"Humberto Teixeira, sem data.tif",Unknown,Public domain,,,,
Q7356117,Rod Bernard,person,1958,United States,Q106522115,RodBernard781.jpg,Shane K. Bernard,CC BY-SA 4.0,https://creativecommons.org/licenses/by-sa/4.0,This Should Go on Forever,65135386,NYc79R4vnrY
Q7356279,Rod Lee,person,1901,United States,Q4852979,,,,,Dance My Pain Away,736751,uVNASfeQwWo
Q735736,Koffi Olomide,person,1978,Democratic Republic of the Congo,Q3453150|Q1752683,Koffi-bercy-medium.jpg,Ptityorobo,CC BY-SA 3.0,https://creativecommons.org/licenses/by-sa/3.0,Gabriel,4311756402,4obDsfkvLqA
Q7359590,Rogério Duprat,person,1932,Brazil,Q1413061,,,,,Cinderella-Rockefella,80871446,
Q736099,Renato Carosone,person,1935,Italy,Q1195630,Renato Carosone - fotografia di Augusto De Luca.jpg,Augusto De Luca,CC BY-SA 2.0,https://creativecommons.org/licenses/by-sa/2.0,Tu vuo' fa l'americano,1945268597,BqlJwMFtMCs
Q7361393,Rolo Tomassi,group,2005,United Kingdom,Q616679,Rolo Tomassi 2011.jpg,chersland,CC BY 2.0,https://creativecommons.org/licenses/by/2.0,Tempest,3606254682,ByTR5OKmVCY
Q736274,Papa Wemba,person,1960,Democratic Republic of the Congo,Q3453150|Q1752683,Papa Wemba.jpg,Radio Okapi,CC BY 2.0,https://creativecommons.org/licenses/by/2.0,Yolele,99268666,QemzwQ839tE
Q736281,Sam Mangwana,person,1963,Democratic Republic of the Congo,Q3453150|Q1752683,,,,,Fati Mata,16300042,JC3EOZjTeYc
Q737199,Asphyx,group,1987,Netherlands,Q2089511|Q65943557,AsphyxBand.jpg,Hervegirod at English Wikipedia,CC BY 3.0,https://creativecommons.org/licenses/by/3.0,Deathhammer,108559588,IXhyzGc7_pc
Q737403,Reggie Rockstone,person,1990,Ghana,Q1619932,,,,,Plan Ben (What Plan?),3231380251,z7kEeG1KUAQ
Q737751,Roberto Murolo,person,1936,Italy,Q1195630,Roberto Murolo - fotografia di Augusto De Luca.jpg,Augusto De Luca,CC BY-SA 2.0,https://creativecommons.org/licenses/by-sa/2.0,Casa sulitaria,236308,o6ix3JUIjxw
Q7378794,Ruins,group,2000,Australia,Q100151423|Q196999,Ruins 15 March 08 Sydney TheMetro.jpg,E. Swann,CC BY 3.0,https://creativecommons.org/licenses/by/3.0,,,
Q737903,Stelios Kazantzidis,person,1952,Greece,Q2087267,Stelios Kazantzidis.png,Unknown author,Public domain,,Den Tha Xanagapiso,409476402,
Q738139,Nils Petter Molvær,person,1979,Norway,Q1136331,Nils Petter Molvær 2022.jpg,Birgit Fostervold,CC BY-SA 4.0,https://creativecommons.org/licenses/by-sa/4.0,Khmer,1114106,xFGHhmxCU_k
Q7382510,Rustie,person,2007,United Kingdom,Q98528158|Q1136045|Q123922710,Rustie.jpg,weekly dig,CC BY 2.0,https://creativecommons.org/licenses/by/2.0,Attak,81811816,_mO2VcJAkOw
Q7383955,Ryan Cayabyab,person,1971,Philippines,Q107565104,Ryan Cayabyab.jpg,Titopao,CC BY-SA 4.0,https://creativecommons.org/licenses/by-sa/4.0,Tsismis,659613262,KlIMir4BKd0
Q738404,Juan Gabriel,person,1971,Mexico,Q18345375|Q6496560,Juan Gabriel in 1985 (cropped).jpg,"Press photo, BMG International",Public domain,,Abrázame Muy Fuerte,4272418,_tNVEhSelH0
Q738714,The Merseybeats,group,1961,United Kingdom,Q2344635,,,,,Don’t Turn Around,1255666,RvEB7-vP4zg
Q7387465,S. E. Rogie,person,1994,Sierra Leone,Q5480212,,,,,,,
Q73882406,Subtronics,person,2013,United States,Q65065491,,,,,Black Ice,2605115242,uA05p1Z7Z1U
Q7390721,SL2,group,1985,United Kingdom,Q1585075|Q898709,,,,,On A Ragga Tip,104366936,gXCN1DhHTZA
Q7396372,Sabrepulse,person,2005,,Q135637,Sabrepulse live.jpg,Ash Eskrett,Public domain,,Termination Shock,91294716,xS9S9G1SPoY
Q739657,Current 93,group,1982,United Kingdom,Q775614|Q106621114|Q936942,Current 93 at All Tomorrow's Parties 17 May 2007.jpg,Taken by flickr user Paulpod (thanks).,CC BY 2.0,https://creativecommons.org/licenses/by/2.0,The Policeman Is Dead,581946812,
Q7399579,Saheed Osupa,person,1983,Nigeria,Q3509353,,,,,,,
Q7399791,Sai Htee Saing,person,1969,Myanmar,Q109050964,,,,,,,
Q740099,Ray Barretto,person,1949,United States,Q7405759|Q837389|Q6496549|Q892958,Ray Barretto.jpg,Brianmcmillen,CC BY-SA 4.0,https://creativecommons.org/licenses/by-sa/4.0,Margie,687821002,JlYnaVPICss
Q740159,Sabaton,group,1999,Sweden,Q57143,Hellfest2017Sabaton 01.jpg,Selbymay,CC BY-SA 4.0,https://creativecommons.org/licenses/by-sa/4.0,The Last Stand,679862562,i9BupglHdtM
Q7403497,Salakavala,group,,Finland,Q2497323,,,,,,,
Q740388,Blockhead,person,1999,United States,Q1077172,Blockhead 2014.jpg,Jester Jay Goldman,CC BY-SA 3.0 us,https://creativecommons.org/licenses/by-sa/3.0/us/deed.en,,,
Q740430,Isis,group,1997,United States,Q98528292|Q41343,"Isis performing live at the Great American Music Hall in San Francisco--June 29, 2009.jpg",Peter Alfred Hess,CC BY 2.0,https://creativecommons.org/licenses/by/2.0,Low Tide,79736214,y7TUnZXEVxM
Q740623,White Zombie,group,1985,United States,Q241662|Q208494,,,,,Thunder Kiss '65,2294415,yPNFVj-pISU
Q740711,Kaysha,person,1992,France,Q8074636|Q1597549,Kaysha.jpg,Charly971,CC BY-SA 3.0,https://creativecommons.org/licenses/by-sa/3.0,,,
Q740729,Townes Van Zandt,person,1965,United States,Q1773654|Q2407862,Townes Van Zandt.jpg,Schorle,CC BY-SA 3.0,https://creativecommons.org/licenses/by-sa/3.0,Waiting Around to Die,596577332,LGMOX8NpuR0
Q7409698,Sammy Adams,person,2009,United States,Q19708376,Sam Adams Crowd Surfing.jpg,John C. Sorensen,Public domain,,L.A. Story,67466453,tV4Q5dpq8ww
Q741119,Albert Collins,person,1952,United States,Q1271752|Q98528142,Albert Collins.jpg,Lioneldecoster,CC BY-SA 3.0,https://creativecommons.org/licenses/by-sa/3.0,Ice Pick,3873976081,BXw0zkKVdpY
Q741316,The KLF,group,1987,United Kingdom,Q2465085,2K Barbican performance (Fuck the Millennium).jpg,The original uploader was Vinoir at English Wikipedia.,CC BY 1.0,https://creativecommons.org/licenses/by/1.0,Justified & Ancient,1181472142,XP5oHL3zBDg
Q741658,Mohammad Hussain Sarahang,person,1924,Afghanistan,Q6419747,,,,,,,
Q741836,Primus,group,1984,United States,Q20378|Q667659,Primus 2011 composite.jpg,"User:Watermastermonkey, [1] (Les, LaLonde and Jay)",CC BY 2.0,https://creativecommons.org/licenses/by/2.0,My Name Is Mud,2125079,953PkxFNiko
Q741850,Faudel,person,1978,Algeria,Q839029|Q3908372,Faudel 1999.jpg,Georges Biard,CC BY-SA 3.0,https://creativecommons.org/licenses/by-sa/3.0,Mon pays,391533052,Kj3vSLy4Wl4
Q742028,Lasse Stefanz,group,1967,Sweden,Q105757139,Lasse Stefanz.jpg,Frankie Fouganthin,CC BY-SA 3.0,https://creativecommons.org/licenses/by-sa/3.0,Semesteräventyret,3899880,knOFWFmc7TU
Q742396,Blind Blake,person,1926,United States,Q1109497,,,,,,,
Q7424230,Sarkodie,person,2005,Ghana,Q1619932,Sarkodie-1 (cropped).jpg,Owula kpakpo,CC BY-SA 4.0,https://creativecommons.org/licenses/by-sa/4.0,Chingam,3425724681,B61AXd72R1k
Q7425068,Sasha & John Digweed,group,1994,United Kingdom,Q915152,SashaDiggers 001.jpg,Leest3,Public domain,,,,
Q742804,TLC,group,1991,United States,Q850412,TLC 2016.jpg,The Come Up Show from Canada,CC BY 2.0,https://creativecommons.org/licenses/by/2.0,No Scrubs,1075781,FrLequ6dUdM
Q743353,Iron Butterfly,group,1966,United States,Q236932,Iron Butterfly (1969).png,Atco Records,Public domain,,In-A-Gadda-Da-Vida (Re-Recorded),10024145,
Q743478,DJ Screw,person,1983,United States,Q2261628|Q136908587,,,,,Sailin' Da South (Screwed),64347210,
Q743869,Pablo Ziegler,person,1944,Argentina,Q1632601,Pablo Ziegler Cosmopolite (210311).jpg,Tore Sætre,CC BY-SA 4.0,https://creativecommons.org/licenses/by-sa/4.0,Por Amor A Buenos Aires,4181201982,
Q744723,Higher Intelligence Agency,group,1992,United Kingdom,Q9149801|Q3613770,,,,,Midpoint,672402182,DB-DHwnLnq8
Q744772,Clipse,group,1992,United States,Q137541541,Clipse3.jpg,Ben Sisto from Boston,CC BY-SA 2.0,https://creativecommons.org/licenses/by-sa/2.0,Chains & Whips,3453936781,
Q7451036,Sensient,person,,Australia,Q109715837,,,,,Tropicana,14432723,7eBA26h787U
Q7451749,Sepalcure,group,2011,United States,Q5510816,,,,,Hold On,78143983,ruMifYOkSec
Q745517,Bad Company,group,1973,United Kingdom,Q1335569|Q967654,Bad Company - 1976.jpg,Jim Summaria,CC BY-SA 3.0,https://creativecommons.org/licenses/by-sa/3.0,If You Needed Somebody,7571478,_AMKtiS6UEQ
Q745741,Madness,group,1979,United Kingdom,Q54365|Q209498,Madness Scarborough Open Air 2024.jpg,Ash Youd,CC0,http://creativecommons.org/publicdomain/zero/1.0/deed.en,One Step Beyond,3069857841,SOJSM46nWwo
Q745915,Cryptopsy,group,1988,Canada,Q1076092,Cryptopsy Party.San Metal Open Air 2017 20.jpg,S. Bollmann,CC BY-SA 4.0,https://creativecommons.org/licenses/by-sa/4.0,The Nimis Adoration,3244891211,14DRWO79qCI
Q746955,Gotan Project,group,2000,France,Q362515|Q14390274,Gotan Project.jpg,Feliciano Guimarães,CC BY 2.0,https://creativecommons.org/licenses/by/2.0,Santa María (del Buen Ayre),825823,bp55S6Wta4M
Q74703053,Romain Perrot,person,1996,France,Q39046859,Romain Perrot.jpg,Paola.ortiz.fr,CC BY-SA 4.0,https://creativecommons.org/licenses/by-sa/4.0,,,
Q747112,Dag Nasty,group,1985,United States,Q542703,,,,,Can I Say,1717831797,e_HQ06SfK9Y
Q747512,The Moldy Peaches,group,1994,United States,Q574651,MOLDY204.JPG,Wwwhatsup at English Wikipedia (Original text: Joly MacFie),CC BY 3.0,https://creativecommons.org/licenses/by/3.0,Lazy Confessions,140740493,17qAJnwavAU
Q748646,Darkspace,group,1999,Switzerland,Q65937017,Darkspace @ Hellfest 2012.jpg,cinzia bertodatto,CC BY-SA 2.0,https://creativecommons.org/licenses/by-sa/2.0,,,
Q7489104,Truckfighters,group,2001,Sweden,Q617240,Truckfighters - Wacken Open Air 2015 - 2015212151028 2015-07-31 Wacken - Sven - 5DS R - 0088 - 5DSR1540 mod.jpg,Sven Mandel,CC BY-SA 3.0,https://creativecommons.org/licenses/by-sa/3.0,Calm Before the Storm,133094942,cIFw48eV61Y
Q7489953,"Sharon, Lois & Bram",group,1978,Canada,Q2389651,,,,,Susannah's A Funny Old Man,2049138307,9hU0_Y0zLxs
Q749019,Morcheeba,group,1995,United Kingdom,Q205560,Morcheeba.jpg,Stefan64,CC BY-SA 3.0,https://creativecommons.org/licenses/by-sa/3.0,Otherwise,685405,2YEQIAk5ECI
Q749050,Toy-Box,group,1995,Denmark,Q2076779,Toybox-1575671161.jpg,Rudi van Hemert,CC BY-SA 4.0,https://creativecommons.org/licenses/by-sa/4.0,The Sailor Song,60734859,qlti8Q-gU-Q
Q749426,Trace,group,1974,Netherlands,Q1335569,Trace1974.jpg,Rob Mieremet (ANEFO),CC0,http://creativecommons.org/publicdomain/zero/1.0/deed.en,Run It Up,637354472,S7L3kBoBero
Q7498714,Shirley Caesar,person,1951,United States,Q180268,Shirley Ceasar 1997.jpg,"Kingkongphoto &amp; www.celebrity-photos.com from Laurel Maryland, USA",CC BY-SA 2.0,https://creativecommons.org/licenses/by-sa/2.0,Strong Man,134498438,YJ6UaT0i61k
Q7502608,Shotts and Dykehead Pipe Band,group,1910,United Kingdom,Q108055228,,,,,,,
Q750593,Paradise Lost,group,1988,United Kingdom,Q2089511|Q178145,Paradise Lost - Reload Festival 2024 11.jpg,Frank Schwichtenberg,CC BY-SA 4.0,https://creativecommons.org/licenses/by-sa/4.0,Small Town Boy,456930682,f9XiD_2K7-Q
Q7507373,Sic Alps,group,2004,United States,Q120867282,,,,,Cement Surfboard,480918812,rH4Pf9M9o4o
Q750943,Yuliy Kim,person,1960,Soviet Union,Q4056436,,,,,,,
Q750954,Filter,group,1993,United States,Q968730,"Filter, 2008.JPG",U.S. Army photo by PFC. Sarah De Boise,Public domain,,Take A Picture,1444388582,h8MAHQhKe7Q
Q7514167,Silas Hogan,person,1911,United States,Q534606,,,,,Dark Clouds Rollin',111405934,CFjzjwQ7eC8
Q751814,The Sisters of Mercy,group,1980,United Kingdom,Q485395,Sisters of Mercy - 2019213001206 2019-07-31 Wacken - 0165 - 5DSR2823.jpg,Sven Mandel,CC BY-SA 4.0,https://creativecommons.org/licenses/by-sa/4.0,Temple of Love (1992),397107082,xK7QM5C7pBU
Q7518805,Simon Fraser University Pipe Band,group,1966,,Q108055228,Simon Fraser University Pipe Band in George Square (2008).jpg,Pipeband77 at en.wikipedia,CC BY-SA 3.0,https://creativecommons.org/licenses/by-sa/3.0,,,
Q753066,Baccara,group,1977,Spain,Q1374731,"Ad Visser geeft het zangduo Baccara een gouden plaat Vlnr Mayte Mateos (Ba, Bestanddeelnr 929-3096.jpg",Fotograaf Onbekend / Anefo,CC0,http://creativecommons.org/publicdomain/zero/1.0/deed.en,"Yes Sir, I Can Boogie",16235816,32wDFCM7iSI
Q75361,Stephan Bodzin,person,1969,Germany,Q110185782,Stephan Bodzin 2009 by Tim.jpg,https://www.flickr.com/photos/_timl/,CC BY-SA 2.0,https://creativecommons.org/licenses/by-sa/2.0,Singularity,99272940,AaxFuXpcQmE
Q753905,The Platters,group,1952,United States,Q546359,The Platters First Promo Photo crop.JPG,Martha Robi,CC BY-SA 3.0,https://creativecommons.org/licenses/by-sa/3.0,Only You (And You Alone),108306082,rAUJSc6unAg
Q754051,Pennywise,group,1988,United States,Q542703|Q828305,PENNYWISE (5238752641).jpg,"Alex Carvalho from Rio de Janeiro, Brasil",CC BY-SA 2.0,https://creativecommons.org/licenses/by-sa/2.0,Bro Hymn,378296181,_n8TuSVmOrw
Q7542,Prince,person,1974,United States,Q835891|Q6868046|Q164444|Q30632022,Prince Brussels 1986 (retouched).jpg,Yves Lorson,CC BY 2.0,https://creativecommons.org/licenses/by/2.0,Purple Rain,374283061,uW1UIDYmYyI
Q7542670,Small Black,group,2009,United States,Q2626684,,,,,Boys Life,107827652,p8bswaJma_M
Q754323,Fates Warning,group,1982,United States,Q484344,Fates Warning in Bratislava (2017) (cropped).jpg,PAG,CC BY 3.0,https://creativecommons.org/licenses/by/3.0,Seven Stars,127675459,Q87WWwDuB6I
Q7547407,Snarky Puppy,group,2004,United States,Q105527|Q5928480,Snarkypuppy-photo-michalgarcia.jpg,michalgarcia.com,CC BY-SA 3.0,https://creativecommons.org/licenses/by-sa/3.0,While We're Young,610847502,YMdckRq9SPg
Q7547506,Sneaky Feelings,group,1981,New Zealand,Q267287,,,,,Husband House,97952792,okYMUMEYQVo
Q755034,Atheist,group,1984,United States,Q1076092,Atheist Evolution Festival 7.jpg,"Shadowgate from Novara, ITALY",CC BY 2.0,https://creativecommons.org/licenses/by/2.0,,,
Q7560616,Son de Madera,group,,,Q1797650,,,,,Los chiles verdes,2782067692,75QPFSAPMOY
Q7562018,Sonny Chillingworth,person,1932,United States,Q98528264,,,,,Moe 'Uhane (Dream Slack Key),2581024342,I7xWXFWymOc
Q756237,Atlantean Kodex,group,,Germany,Q5834708,Atlantean Kodex @ Hell over Hammaburg 2018-03-10 010.jpg,Grywnn,CC BY-SA 4.0,https://creativecommons.org/licenses/by-sa/4.0,People of the Moon (Dawn of Creation),729930312,WzI3Y9R9TzY
Q7563397,Sore Throat,group,1987,United Kingdom,Q89423271|Q9050551,,,,,A Bow To Capital,70990600,MbkIbHb7rDE
Q7575024,Specimen,group,1980,United Kingdom,Q1164252,,,,,,,
Q757508,Atmosphere,group,1994,United States,Q965635,Atmosphere 8-17-2023.jpg,Constantino14,CC BY-SA 4.0,https://creativecommons.org/licenses/by-sa/4.0,,,
Q75763471,Indian Summer,person,2010,Australia,Q11363|Q3724778,Gabriel-Gleeson-2019.jpg,Alexandra Drewniak,CC BY-SA 3.0,https://creativecommons.org/licenses/by-sa/3.0,Shiner,2008409507,3VgGfHX3Fw8
Q757859,Attack Attack!,group,2007,United States,Q2084353,Attack2010TIAFT.jpg,Gunmetal Angel,CC BY-SA 3.0,https://creativecommons.org/licenses/by-sa/3.0,Dance!,3189132081,yepUXS9k6DM
Q75788,Eluveitie,group,2002,Switzerland,Q484179|Q2525544,"Eluveitie, 3-Majówka 2023, 056.jpg",Wojciech Pędzich,CC BY 4.0,https://creativecommons.org/licenses/by/4.0,The Call of the Mountains,659721152,Eew1P51zceE
Q75854,Georg Philipp Telemann,person,1705,Holy Roman Empire,Q8361|Q174873|Q781815,Telemann.jpg,Valentin Daniel Preisler,Public domain,,Sonata in A Minor - (1) Andante (siziliano),10018866,mhpjDCqr1AU
Q758845,Audio Adrenaline,group,1989,United States,Q753520,,,,,Sound of the Saints,1182528292,zemjJhquxH8
Q7600283,Stanton Warriors,group,,United Kingdom,Q663519|Q1756101|Q65937774,,,,,Get Up,96498546,B44aEUawQM0
Q7600720,Star Fucking Hipsters,group,2005,United States,Q116148184,,,,,Two Cups of Tea,1645604492,h-KoReUJyeY
Q761119,Tiamat,group,1987,Sweden,Q178145,Tiamat Rockharz Open Air 2014 20.JPG,S. Bollmann,CC BY-SA 3.0,https://creativecommons.org/licenses/by-sa/3.0,Brighter Than the Sun,108671636,ISG4pqTWw48
Q7613783,Steve Roden,person,1985,United States,Q310871,,,,,,,
Q7619416,Stoney LaRue,person,2002,United States,Q3422697,Stoney LaRue (4).jpg,Philip Nelson at flickr.com,CC BY-SA 2.0,https://creativecommons.org/licenses/by-sa/2.0,Oklahoma Breakdown,106834126,Qs0xJq5GK4M
Q7621157,Straitjacket Fits,group,1986,New Zealand,Q267287,Straitjacket Fits 1991.jpg,Unknown photographer,CC BY 3.0 nz,https://creativecommons.org/licenses/by/3.0/nz/deed.en,She Speeds,103845750,OMIddxUAAQw
Q7622239,Stratos Dionysiou,person,1935,Greece,Q2087267,,,,,,,
Q76244,Epica,group,2002,Netherlands,Q486415,"Epica, 3-Majówka 2022 96.jpg",Wojciech Pędzich,CC BY 4.0,https://creativecommons.org/licenses/by/4.0,"Cry for the Moon (The Embrace That Smothers , Pt. 4)",1597804992,vqjAAtfQ4Qc
Q763092,Planxty,group,1972,Ireland,Q854451|Q7482056,,,,,Raggle Taggle Gypsy - Tabhair Dom Do Lamh,1357034602,my-ldnHKxhQ
Q7632349,Suburban Lawns,group,1978,United States,Q106654134,,,,,Janitor,130850862,UYLb4Zxl3Yc
Q7634434,Sueño Latino,group,,,Q2465085|Q2702280|Q2866725,,,,,Sueño Latino,2952779821,ZpvTsTl0z1I
Q76364,Hans Zimmer,person,1977,United States,Q106594706,Hans-Zimmer-profile.jpg,ColliderVideo. Uploader cropped.,CC BY 3.0,https://creativecommons.org/licenses/by/3.0,Cornfield Chase,1137370842,JuSsvM8B4Jc
Q763765,Seals and Crofts,group,1969,United States,Q217191,Seals and Crofts 1975.JPG,Warner Brothers Records,Public domain,,Diamond Girl,760295,U8unmD6tmgk
Q763887,Wolves in the Throne Room,group,2004,United States,Q65937017,Wolves In The Throne Room With Full Force 2018 27.jpg,S. Bollmann,Attribution,,Vastness And Sorrow,16367238,GkJamcKXNrw
Q7639216,Sundar Popo,person,1969,,Q1090048,Sundarpopo.jpg,Rattans,CC BY-SA 4.0,https://creativecommons.org/licenses/by-sa/4.0,Don't Fall in Love,3257636741,k2OfK-wN9As
Q7642402,Super Heroines,group,1981,United States,Q1164252,,,,,Take a Trip,91867126,
Q76428,Carl Philipp Emanuel Bach,person,1725,Germany,Q17723,Carl Philipp Emanuel Bach.jpg,After Johann Philipp Bach,Public domain,,,,
Q7643057,Superblue,person,1956,Trinidad and Tobago,Q109930142,Superblue performing at a boat cruise.jpg,MelonyMejias,CC BY-SA 4.0,https://creativecommons.org/licenses/by-sa/4.0,,,
Q7643966,Supermerk2,group,2003,Argentina,Q1143752,,,,,La Resaka,5827393,htc-knWf018
Q764514,Joe Harriott,person,1928,Jamaica,Q6025624,,,,,The Song Is You,3789216602,
Q7645874,Surf Punks,group,1976,United States,Q107697441,,,,,My Wave,1064658,CdFj1oDNAQs
Q764671,Madball,group,1988,United States,Q131286017,Madball - Reload Festival 2018 03.jpg,Frank Schwichtenberg,CC BY-SA 4.0,https://creativecommons.org/licenses/by-sa/4.0,Don't MisStep,3962063121,Blu3GYwIDo0
Q7649908,Sutcliffe Jügend,group,1982,United Kingdom,Q2687544,,,,,,,
Q765177,The Standells,group,1962,United States,Q211573,The Standells.png,Tower Records,Public domain,,,,
Q765409,Grandmaster Flash and the Furious Five,group,1978,United States,Q11401|Q868855,POS17 @Kristsll-297 (35873060291).jpg,Krists Luhaers,CC BY 2.0,https://creativecommons.org/licenses/by/2.0,The Message,3824620,gYMkEMCHtJ4
Q765861,The Tornados,group,1962,United Kingdom,Q1650296,,,,,Telstar,10395798,
Q7663688,System Tazvida,person,1988,Zimbabwe,Q109538468,,,,,,,
Q7666101,Sérgio Reis,person,1960,Brazil,Q1958273,Sergioreis.jpg,Sergio_reis1.PNG: myself derivative work: Yanguas (talk),Public domain,,Cavalo Preto,14838354,9By6Lpi11pA
Q76675,Andrea Berg,person,1966,Germany,Q959583,Andrea Berg - 2017287201033 2017-10-14 Die Schlagernacht des Jahres - Sven - 1D X MK II - 0857 - AK8I8938 (cropped).jpg,Sven Mandel,CC BY-SA 4.0,https://creativecommons.org/licenses/by-sa/4.0,Du hast mich tausendmal belogen,1008665,wCON7JlxuEI
Q7668495,T. M. Krishna,person,1988,India,Q956883,TM Krishna.jpg,Vedaj89,CC BY-SA 3.0,https://creativecommons.org/licenses/by-sa/3.0,,,
Q7670542,TKA,group,1984,United States,Q655514,,,,,,,
Q7670560,TKZee,group,,,Q956717,,,,,,,
Q7670867,TNGHT,group,2011,United Kingdom,Q47781397,TNGHT Mezzanine San Francisco 4-20-2013.jpg,kalicos,CC BY 2.0,https://creativecommons.org/licenses/by/2.0,,,
Q7677031,Chikuzan Takahashi,person,1910,Empire of Japan,Q3541635,,,,,,,
Q7678153,Takeshi Terauchi,person,1960,Empire of Japan,Q108297234,,,,,Ai No Kizuna,1728847577,
Q768132,Poison Girls,group,1976,United Kingdom,Q486365,Poisongirls.jpg,Graham Burnett at English Wikipedia,CC BY-SA 3.0,http://creativecommons.org/licenses/by-sa/3.0/,Ideologically Unsound,3656875512,l1dSQ0q5hUg
Q768410,Ken Boothe,person,1950,Jamaica,Q573484,"Ras Tingle and Ken Boothe on the set of 'Touch you"".JPG",MichaelTingling,CC BY-SA 3.0,https://creativecommons.org/licenses/by-sa/3.0,,,
Q768718,Francisco Correa de Araujo,person,1584,Crown of Castile,Q632964,Francisco Correa de Araujo (1626) Libro de tientos y discursos de musica practica y theoríca de organo.png,Francisco Correa de Araujo,Public domain,,,,
Q7688054,Tati Quebra Barraco,person,1995,Brazil,Q117745223|Q1931130,Tati-Quebra-Barraco.jpg,Humor Multishow,CC BY-SA 4.0,https://creativecommons.org/licenses/by-sa/4.0,Boladona,2417087725,USO_Dfu-6Yg
Q7688132,Tatico Henriquez,person,1943,Dominican Republic,Q6819034,Jesusrodriguezmamajuana.jpg,Z31992,CC BY-SA 3.0,https://creativecommons.org/licenses/by-sa/3.0,La corrida de santa ana,3819054071,t1D7ixyLAeE
Q7689943,Taylor Deupree,person,1971,United States,Q3503814|Q310871,Taylor Deupree (cropped).jpg,Non Event,CC BY-SA 2.0,https://creativecommons.org/licenses/by-sa/2.0,Sundown,2182570337,
Q769123,The Blue Hearts,group,1985,Japan,Q1055871,,,,,,,
Q76913,Chicane,person,1994,United Kingdom,Q16837290|Q1027999,Chicane 2013.jpg,Riza Nugraha,CC BY 2.0,https://creativecommons.org/licenses/by/2.0,Offshore,55073951,nK14Xwg4Tgs
Q769325,Versailles,group,2007,Japan,Q131425,Versailles 001.jpg,Kira-san,CC BY-SA 4.0,https://creativecommons.org/licenses/by-sa/4.0,Vampire,12441093,v5HJYPF9cDE
Q769803,Fania All-Stars,group,1968,United States,Q208239|Q28219760,,,,,El Rey De La Puntualidad,42192641,mlZPzYeMayA
Q77002,ATB,person,1998,Germany,Q1027999|Q890887,ATB 2015 (cropped).jpg,Brian Roberts,CC BY 2.0,https://creativecommons.org/licenses/by/2.0,Your Love (9PM),1200359872,pk1btLJQjTw
Q7701476,Tera Melos,group,2004,United States,Q1132152,Tera Melos.jpg,Joshua Zacarias,CC BY-SA 3.0,https://creativecommons.org/licenses/by-sa/3.0,Melody 3,3325328041,vLxabFvpGaQ
Q77034,Paul van Dyk,person,1990,Germany,Q170435|Q2260696|Q1136765,Paul van Dyk NO (cropped).JPG,JoeJoeJoe93,CC BY-SA 3.0,https://creativecommons.org/licenses/by-sa/3.0,For An Angel,1626487942,--3eIRSg2RY
Q7704407,Terry Francis,person,1966,United Kingdom,Q598593,,,,,Change,881266112,jas2Zz4oG74
Q770687,Dustin O'Halloran,person,1994,United States,Q65943744,Dustin PR - Photos - Portrait - 2014 2.jpg,Doghugs,CC BY-SA 4.0,https://creativecommons.org/licenses/by-sa/4.0,Lion Theme,136804064,jlebdhv7HEs
Q7706997,Tetuzi Akiyama,person,1964,Japan,Q2484587,Tetuziakiyama.png,taken 2003,CC BY-SA 4.0,https://creativecommons.org/licenses/by-sa/4.0,,,
Q770732,The Ventures,group,1958,United States,Q220830|Q106581470|Q1650296,The Ventures.png,Liberty Records,Public domain,,,,
Q7712717,The Advisory Circle,person,2001,United Kingdom,Q85765918,,,,,"Farmland, Freeland",9889053,
Q7718487,The Blackbyrds,group,1973,United States,Q38656,,,,,Mysterious Vibes,122882318,yaZ2ftgZVCM
Q771912,The Glitch Mob,group,2006,United States,Q106514601,The Glitch Mob 2014.jpg,Ralph Arvesen,CC BY 2.0,https://creativecommons.org/licenses/by/2.0,We Can Make The World Stop,12630133,H-k_Eg7zXuc
Q771968,Mob 47,group,1982,Sweden,Q1151260,Mob 47.jpg,Tikkenborg,CC BY-SA 4.0,https://creativecommons.org/licenses/by-sa/4.0,Religiös Farsot,3051582211,
Q7720909,The Cadets,group,,,Q128631435,,,,,I Got Loaded,9986140,avDWgSKUrh4
Q7721110,The Campbell Brothers,group,,United States,Q7397320,The Campbell Brothers (All) @ Richmond Folk Festival (21949164579).jpg,Mobilus In Mobili,CC BY-SA 2.0,https://creativecommons.org/licenses/by-sa/2.0,,,
Q7721684,The Catalinas,group,,United States,Q4875789,,,,,,,
Q7722658,The Chords,group,1951,United States,Q2280273,,,,,,,
Q7726628,The Cold Crush Brothers,group,1979,United States,Q868855,Weekend Photo Cold Crush Brothers.JPG,Easy AD,CC BY-SA 3.0,https://creativecommons.org/licenses/by-sa/3.0,,,
Q7727671,The Correspondents,group,,,Q602561,,,,,Puppet Loosely Strung,4014189271,HPRJDamCotE
Q77297835,Kabza De Small,person,2009,South Africa,Q85741139,,,,,,,
Q7729893,The Devil's Blood,group,2006,Netherlands,Q55296418,,,,,,,
Q7731864,The Embers,group,,Australia,Q4875789,,,,,,,
Q7733724,The Field Mice,group,1987,United Kingdom,Q370778|Q842324,,,,,Letting Go,30837471,Run47hZ0_xM
Q7734637,The Focus Group,group,2004,United Kingdom,Q85765918,,,,,,,
Q7737020,The Golden Cups,group,1966,Yokohama,Q3117305,GoldenCups201311-4207.jpg,Earthmatics,CC BY-SA 4.0,https://creativecommons.org/licenses/by-sa/4.0,Got My Mojo Working,74005312,UuDrdz86bVQ
Q773793,Sona Jobarteh,person,1987,The Gambia,Q107123896,Aid for Trade Global Review 2017 – Day 1 Sona Jobarteh tuning kora.jpg,"World Trade Organization from Switzerland, cropped by User:HLHJ",CC BY-SA 2.0,https://creativecommons.org/licenses/by-sa/2.0,Gambia,1929650677,PtmmlOQnTXM
Q7738577,The Gypsies,group,2000,,Q2879826,,,,,Ojaye,836616262,oTvzS2TrITo
Q7739259,The Heatmakerz,group,2000,United States,Q1074569,,,,,,,
Q773953,Death from Above 1979,group,2002,Canada,Q133501932,Death from Above 1979 Paredes de Coura.jpg,Bene Riobó,CC BY-SA 3.0,https://creativecommons.org/licenses/by-sa/3.0,Caught Up,388894531,DxWnnCqta0c
Q774863,George Butterworth,person,1885,United Kingdom of Great Britain and Ireland,Q48810672,George Sainton Kaye Butterworth (1885–1916).png,Unknown author,Public domain,,English Idyll No. 2,10866677,
Q7752222,The Mops,group,1966,Japan,Q3117305,,,,,,,
Q7753567,The New Deal,group,1998,Canada,Q6658771,The New Deal TATS Buffalo.jpg,Varco,CC BY-SA 3.0,https://creativecommons.org/licenses/by-sa/3.0,,,
Q7755692,The Outside Agency,group,1991,,Q11830421|Q1191299,,,,,,,
Q7755711,The Outsiders,group,,United Kingdom,Q2639210,,,,,,,
Q775629,Aurelio Martínez,person,2004,Honduras,Q283405,Aurelio at KEXP.JPG,MH778866,CC BY-SA 4.0,https://creativecommons.org/licenses/by-sa/4.0,Túmari Tibarimu,516003582,
Q7756866,Sam the Sham & the Pharaohs,group,1961,United States,Q3752342|Q107197766,Sam the sham 1965.jpg,MGM Records Uploaded by We hope at en.wikipedia,Public domain,,,,
Q775883,Solomon Linda,person,1931,South Africa,Q6799787,Solomon-linda.jpg,Unknown author,Public domain,,,,
Q776170,Laserdance,group,1981,Netherlands,Q4049849,Laserdance.jpg,Blackbeardedd,Public domain,,Shotgun (Into The Night),59661631,mLbLz-XcM4k
Q7762693,The Screamers,group,1975,United States,Q476983,The Screamers.jpg,WalrusLT,Public domain,,kill me Now,4140368621,
Q7763250,The Seldom Scene,group,1971,United States,Q3307225,,,,,,,
Q7765848,The Spiders,group,1961,Japan,Q3117305,The Spiders.jpg,Jack de Nijs for Anefo,No restrictions,https://www.flickr.com/commons/usage/,,,
Q7766405,The Statesmen Quartet,group,1948,United States,Q2022163,,,,,,,
Q7769269,The Tigers,group,1966,Japan,Q3117305,,,,,,,
Q7769580,The Tony Williams Lifetime,group,1969,United States,Q105527,,,,,,,
Q7771583,Units,group,1978,United States,Q476983,Units play Windows 1979.jpg,Dr Tex Nology at English Wikipedia,CC BY 3.0,https://creativecommons.org/licenses/by/3.0,,,
Q7772770,The Vipers Skiffle Group,group,,United Kingdom,Q606089,,,,,,,
Q77745,Franz Josef Degenhardt,person,1963,Germany,Q98528299,Franz Josef Degenhardt (1987) by Guenter Prust.jpg,Günter Prust,CC BY 3.0,https://creativecommons.org/licenses/by/3.0,Sacco und Vanzetti,15914002,PkgXLO5D80Q
Q778278,Murderdolls,group,2002,United States,Q830325,Murderdolls concert.jpg,Ruben86,CC BY-SA 4.0,https://creativecommons.org/licenses/by-sa/4.0,White Wedding,2693282,a8d-Kx4S9OE
Q7793491,Thomas Rhett,person,2010,United States,Q138314533,Thomas Rhett 2013.jpg,Lunchbox LP,CC BY 2.0,https://creativecommons.org/licenses/by/2.0,Somethin' 'Bout A Woman,3080915821,65aNPjAwGnw
Q779451,Vladislav Delay,person,1997,Finland,Q1931555|Q1262781,Vladislavdelay.jpg,"Jonas Ahrentorp from Göteborg, Sweden",CC BY-SA 2.0,https://creativecommons.org/licenses/by-sa/2.0,Raamat,1299540,UNSlqa7pJKo
Q7801491,Tiger Trap,group,1992,United States,Q370778,,,,,Super Crush,102620288,mD3CN6VQMI0
Q780588,Ulver,group,1993,Norway,Q641357,ULVER KRAKÓW.JPG,Krzysztof Kucharski,CC BY-SA 4.0,https://creativecommons.org/licenses/by-sa/4.0,I Troldskog Faren Vild,627306662,M3Ubctz2ywA
Q7806850,Timmy Trumpet,person,2005,Australia,Q20047305,Timmy Trumpet @ Airbeat One 2017.png,Q1q2q3qwertz,CC BY-SA 4.0,https://creativecommons.org/licenses/by-sa/4.0,All My Life,3949761081,axlkYsorFMs
Q781042,Thergothon,group,1989,Finland,Q2738113,,,,,Yet The Watchers Guard,3706935,GcmLjvTkjC0
Q7810465,Tiwa Savage,person,1996,Nigeria,Q25099840,Tiwa Savage's studio portrait.jpg,TCD Photography,CC BY-SA 3.0,https://creativecommons.org/licenses/by-sa/3.0,Koroba,1040540382,5goMslKxEWs
Q7810556,Tião Carreiro & Pardinho,group,1958,Brazil,Q106594814|Q10331354,,,,,Rei do gado,3902622,2gjlZ4cTEUg
Q7812349,Todd Edwards,person,1992,United States,Q1165777,Toddedwardstogether2012 (cropped).jpg,Rohrm,CC BY-SA 3.0,https://creativecommons.org/licenses/by-sa/3.0,The Chant,1269822192,fU3tXW5Nt1c
Q781634,Steve Earle,person,1973,United States,Q747717|Q2407862,20180705-Rudolstadt-Festival-Steve Earle-and-the-Dukes-4821.jpg,User:Carstor,CC BY 4.0,https://creativecommons.org/licenses/by/4.0,The Galway Girl,371707621,mee5eb8eyJ4
Q7819562,Tommy Jarrell,person,1901,United States,Q108616106|Q972424,,,,,Little Maggie,103833286,
Q7819686,Tommy McLain,person,1940,United States,Q106522115,Tommy McLain.png,Jamie/Guyden Distributing Corporation,Public domain,,I Need You So,65133116,5W3SDajoNxc
Q781972,Mordechai Ben David,person,1973,United States,Q110555065,מרדכי בן דוד.jpg,"""רווח הפקות""",CC BY-SA 4.0,https://creativecommons.org/licenses/by-sa/4.0,Maaminim - מאמינים,3682518832,bMTqm-kNbY0
Q7821003,Tongai Moyo,person,1988,Zimbabwe,Q109538468,,,,,,,
Q782134,Unk,person,1998,United States,Q2991840,,,,,,,
Q7821391,Tonico & Tinoco,group,1946,Brazil,Q1958273|Q106594814|Q10331354,Casa de Tonico e Tinoco em Pratânia.jpg,"Dario Sanches from SÃO PAULO, BRASIL",CC BY-SA 2.0,https://creativecommons.org/licenses/by-sa/2.0,,,
Q7826218,Toroidh,group,,,Q1078010,,,,,,,
Q7827686,Toshiki Kadomatsu,person,1981,Japan,Q11307326,Toshiki Kadomatsu (cropped).jpg,Kamasami Kong,CC0,http://creativecommons.org/publicdomain/zero/1.0/deed.en,,,
Q7828521,Totó la Momposina,person,1964,Colombia,Q723418|Q115625176,Toto la Momposina.jpg,Ehollis1,CC BY-SA 4.0,https://creativecommons.org/licenses/by-sa/4.0,,,
Q782889,Aventura,group,1994,Dominican Republic,Q40461,Agrupación musical Aventura.jpg,Reynaldo Brito,CC BY-SA 3.0,https://creativecommons.org/licenses/by-sa/3.0,Obsesion,64848628,8_QY5gFQUTg
Q783669,Greater Than One,group,1985,United Kingdom,Q106522080,Greater Than One.jpg,Tilman Brembs,CC BY-SA 3.0,https://creativecommons.org/licenses/by-sa/3.0,G-Force,3475072181,1C9hvkx9b3Y
Q7840359,Tribe 8,group,1991,United States,Q930995,,,,,Lezbophobia,8338874,EscvnsDCYOk
Q784381,Etnica,group,1993,Italy,Q835131,,,,,Party Droid,72381971,p2DRqh1G0I4
Q7845381,Trompies,group,,,Q956717,,,,,Sweety Lavo,2147870257,UHKBXAgmo1g
Q78475,Alban Berg,person,1907,Austria,Q613707|Q507246,Alban Berg (1885–1935) ~1930 © Max Fenichel (1885–1942).jpg,Max Fenichel,Public domain,,"Wozzeck: Wozzeck, Er ist ein guter Mensch, aber... (Act One)",63897445,
Q7847550,True West,group,1981,United States,Q1432934,,,,,Hollywood Holiday,654586672,wSQARW4_aq0
Q7849095,Tránsito Cocomarola,person,1918,Argentina,Q1060475,Tránsito Cocomarola - 1950.jpg,EMI - Odeón,Public domain,,,,
Q78524,Alexander von Zemlinsky,person,1871,Austria–Hungary,Q2028627,Zemlinsky.jpg,The original uploader was Eaaumi at German Wikipedia. (Original text: nicht bekannt),Public domain,,,,
Q7856100,Turnpike Troubadours,group,2007,United States,Q3422697,Turnpike Troubadours.jpg,Cal Quinn,CC BY-SA 4.0,https://creativecommons.org/licenses/by-sa/4.0,Good Lord Lorrie,18164467,Y6keCiy4TPw
Q7857806,Twenty One Pilots,group,2009,United States,Q877693,Twentyone Pilots at Press conference of Soundbox in Bangkok.JPG,Sry85,CC BY-SA 4.0,https://creativecommons.org/licenses/by-sa/4.0,Stressed Out,99976952,pXRviuL6vMY
Q7859785,Ty Dolla Sign,person,2004,United States,Q109941986,Ty Dolla Sign 2018.jpg,Toglenn,CC BY-SA 4.0,https://creativecommons.org/licenses/by-sa/4.0,DON'T KILL THE PARTY,3606605812,M2HctpHfaQU
Q7859802,Tye Tribbett,person,1976,United States,Q5967604,Tye Tribbett.jpg,gkrew,CC BY 2.0,https://creativecommons.org/licenses/by/2.0,New,1761437267,uxmguZS_KZo
Q786980,The Albion Band,group,1971,United Kingdom,Q2614533,"The Albion Band, outdoor concert at Holland House, London, summer 1983.jpg",Tony 1212,CC BY-SA 4.0,https://creativecommons.org/licenses/by-sa/4.0,Ragged Heroes,3851606,WW_Lm8MHPtU
Q787191,Ramón Ayala,person,1963,Mexico,Q1780056,Ramón Ayala.jpg,aaronmarkham,CC BY 2.0,https://creativecommons.org/licenses/by/2.0,El Disgusto,74632847,4fURZieTORE
Q787391,Sugar Minott,person,1969,Jamaica,Q1872505,Sugarminott.jpg,FidelAstro,Public domain,,Strictly Sensi - Sensi Dub (Album),5195892,
Q7876960,Uday Bhawalkar,person,1990,India,Q59158,,,,,,,
Q7881749,Umphrey's McGee,group,1997,United States,Q106581777,Umphreysmcgee.jpg,"Shawn Hogendorf from West Saint Paul, United States",CC BY 2.0,https://creativecommons.org/licenses/by/2.0,Come as Your Kids,131107730,2YYOXSIy0RY
Q7888496,Sacramentum,group,1990,Sweden,Q2997058,,,,,Fog's Kiss,879926572,0GcZS2jI4Rs
Q7899283,Upsilon Acrux,group,1998,United States,Q100151423,,,,,Bicycle Race,67225747,55VY_xkUWK8
Q7899931,Urban Hype,group,1988,United Kingdom,Q22909461,,,,,Ruve,1201473752,qOc9Pz-45Rc
Q7902265,Usurp Synapse,group,1998,United States,Q9253748,,,,,Modulator/Demodulator,11151368,LirANAGblmM
Q7907572,VST & Co.,group,1976,Philippines,Q6749708,,,,,Ikaw Ang Aking Mahal,659625532,rHYZsbM7Dp8
Q7916376,Vasantrao Deshpande,person,1928,Dominion of India,Q6981036,Vasantrao Deshpande.jpg,Ujjwal Nikam,CC BY-SA 3.0,https://creativecommons.org/licenses/by-sa/3.0,Ya Bhavanatil Geet,2066613897,eTRMBTez_yU
Q79191,Jelena Karleuša,person,1995,Serbia,Q786815,Jelena Karleuša (Oct 2024) (cropped).png,RTV Stara Pazova,CC BY 3.0,https://creativecommons.org/licenses/by/3.0,Mata Hari,4154581412,nFyDeVxLRn4
Q7926207,Victor Olaiya,person,1930,Nigeria,Q963061,,,,,,,
Q794148,Aztec Camera,group,1981,United Kingdom,Q11325235|Q264289,Aztec-camera-roddy-frame.png,"Andwhatsnext, aka Nancy J Price - http://andwhatsnext.com/bands",CC BY-SA 3.0,https://creativecommons.org/licenses/by-sa/3.0,Somewhere in My Heart,1882123117,2w1Q8ZkXZ1Q
Q794747,Big Youth,person,1949,Jamaica,Q98528252,Big Youth skankin.jpg,Alyssa Tomfohrde,CC BY 2.0,https://creativecommons.org/licenses/by/2.0,Cool Breeze,65783311,wxCyuU1Fo3s
Q794815,János Bihari,person,1764,Hungary,Q220535,Donát Bihari.jpg,János Donát,Public domain,,,,
Q795254,B12,group,1990,United Kingdom,Q9149801,,,,,Scriptures,587151932,Ci4j0qWAiK8
Q7965248,Walter Jagiello,person,1930,United States,Q137441035,,,,,,,
Q7967244,Wanderléa,person,1963,Brazil,Q6296743,By Carlos Barretta stk 001955 (11015803036).jpg,"Zé Carlos Barretta from São Paulo, Brasil",CC BY 2.0,https://creativecommons.org/licenses/by/2.0,Prova de Fogo,104549916,2vvuHpP9Hjw
Q7970504,Warren Storm,person,1956,United States,Q106522115,,,,,Jambalaya,75648543,NK4ueSVWsRw
Q797247,BZN,group,1966,Netherlands,Q1936659|Q2047814,"Filmopnamen BZN in het Linnaeushof, 1974 - 16.jpg",Fotopersbureau De Boer,CC0,http://creativecommons.org/publicdomain/zero/1.0/deed.en,Just An Illusion,101295662,9idmedIj5pk
Q7973034,Watazumi Doso,person,1910,Empire of Japan,Q3075498,,,,,,,
Q7976922,Wazimbo,person,1948,Mozambique,Q1786724,,,,,Nwahulwana,130126103,FOskk0xlUG0
Q7979339,Weedeater,group,1997,United States,Q1772422,Weedeater live at thefunhouse 2008.jpg,"Bridget Christian from Seattle, USA",CC BY-SA 2.0,https://creativecommons.org/licenses/by-sa/2.0,,,
Q798671,Bad Brains,group,1977,United States,Q10922,Bad Brains.jpg,JASON ANFINSEN,CC BY-SA 2.0,https://creativecommons.org/licenses/by-sa/2.0,Rise,13245682,Q5WkZ_M1PPQ
Q798739,Bad Manners,group,1976,United Kingdom,Q209498,Bad Manners.jpg,milesgehm,CC BY 2.0,https://creativecommons.org/licenses/by/2.0,Lip up Fatty,13651494,F6fQnTyEniM
Q798993,Badfinger,group,1961,United Kingdom,Q837837,Badfinger ad 1970.jpg,Apple Records,Public domain,,Baby Blue,7346242,yfgrIRzvZco
Q7999,Lluís Llach,person,1965,Spain,Q254890,Investidura de Lluís Llach i Miquel Martí i Pol (38338293204).jpg,univgirona,CC BY-SA 2.0,https://creativecommons.org/licenses/by-sa/2.0,L'Estaca,3220192771,aX4eZ1fpYwA
Q80002798,Chimbala,person,2008,Dominican Republic,Q16491869,,,,,Se Me Nota (Agarrame) (Prod by B-One),1352072082,
Q8008040,William Duckworth,person,1943,United States,Q98528143,,,,,,,
Q80135,Dmitri Shostakovich,person,1919,Soviet Union,Q65937946|Q181014|Q11487510|Q9734|Q2142754,Dmitri Shostakovich credit Deutsche Fotothek adjusted.jpg,Fotothek_df_roe-neg_0002792_002_Portrait_Dmitri_Dmitrijewitsch_Schostakowitchs_im_Publikum_der_Bachfeier.jpg: Roger &amp,CC BY-SA 3.0 de,https://creativecommons.org/licenses/by-sa/3.0/de/deed.en,,,
Q8016354,William Onyeabor,person,1977,Nigeria,Q106641536,,,,,Fantastic Man,70769616,xyL4c_LDCl0
Q8024793,Windward Caribbean Kulture,group,1988,Dominica,Q4950496,,,,,,,
Q8026083,Winston Fitzgerald,person,1914,Canada,Q2447797,,,,,,,
Q80304,Korn,group,1993,United States,Q263734,"Korn, 2013.jpg",Sébastien Paquet,CC BY-SA 3.0,https://creativecommons.org/licenses/by-sa/3.0,Freak On a Leash,134523750,jRGrNDV2mKc
Q803876,Biohazard,group,1987,United States,Q856872|Q131286017,Biohazard-band.jpg,Hunter Desportes,CC BY 2.0,https://creativecommons.org/licenses/by/2.0,Judgment Night,13254185,ZYfwoWM2uCc
Q80399,Edita Piekha,person,1955,Soviet Union,Q107539904,PiekhaE.jpg,Leo Medvedev/Лев Леонидович Медведев,CC BY-SA 4.0,https://creativecommons.org/licenses/by-sa/4.0,,,
Q804177,Bajofondo,group,2001,Uruguay,Q362515,Bajofondo Tangoclub.jpg,Schorle,CC BY-SA 3.0,http://creativecommons.org/licenses/by-sa/3.0/,Pa' Bailar (Siempre Quiero Mas),1052646392,kRowHwfxbxA
Q804260,Black Uhuru,group,1972,Jamaica,Q1299260,Black-Uhuru.jpg,Michael Arnhem,CC BY 2.0,https://creativecommons.org/licenses/by/2.0,Sponji Reggae,3041887,fcEP801Xlow
Q804567,Blue Cheer,group,1967,United States,Q236932|Q98528291,Blue Cheer 1968.jpg,Jack de Nijs for Anefo,CC BY-SA 3.0 nl,https://creativecommons.org/licenses/by-sa/3.0/nl/deed.en,Summertime Blues,2114431,as1NcX31szs
Q8046034,YTCracker,person,1997,United States,Q1754592,YTCracker Performing Live.jpg,Kopf1988,CC BY-SA 3.0,https://creativecommons.org/licenses/by-sa/3.0,Bitcoin Baron,620529472,ebmRWd9Oqh0
Q8049252,Yarbrough and Peoples,group,1980,United States,Q4942839,,,,,,,
Q805038,Balkan Beat Box,group,2003,United States,Q2715283,Balkan Beat Box-3.jpg,Timothy Lloyd,CC BY 2.0,https://creativecommons.org/licenses/by/2.0,,,
Q8050892,Year of No Light,group,2001,France,Q98528292,Droneberg Berlin Year of No Light Apr 16 2015 110.jpg,Denis Barthel,CC BY-SA 4.0,https://creativecommons.org/licenses/by-sa/4.0,"Interdit aux Vivants, aux Morts et aux Chiens",1340992412,QHp9jL22dpE
Q80510,Alla Pugacheva,person,1965,Soviet Union,Q107539904,"Bundesarchiv Bild 183-R0428-0022, Berlin, Palast der Republik, Ala Pugatschowa.jpg","Koard, Peter",CC BY-SA 3.0 de,https://creativecommons.org/licenses/by-sa/3.0/de/deed.en,Позови меня с собой,129740564,lzqHF2pUKBA
Q8054914,Yonder Mountain String Band,group,1998,United States,Q107982599,,,,,Didn't Go Wrong,2935986121,C43037835Pw
Q8058534,Young and in the Way,group,2009,United States,Q28070612,,,,,Fuck This Life,802116402,
Q805877,Balzac,group,1992,Japan,Q830325,Balzac in Vienna.jpg,OddstarDeluxe,FAL,http://artlibre.org/licence/lal/en,,,
Q806020,Bamses Venner,group,1973,Denmark,Q12307741,Bamses Venner.jpg,BKP,CC BY-SA 3.0,https://creativecommons.org/licenses/by-sa/3.0,Jeg elsker kun dig,73021790,KvASdgGNlrU
Q80621,Edvard Grieg,person,1843,Norway,Q1063010,(Edvard Grieg portrait) (3470673354).jpg,"Bergen Public Library Norway from Bergen, Norway",No restrictions,https://www.flickr.com/commons/usage/,,,
Q806246,Banda Eva,group,1993,Brazil,Q1435485,Bandaeva carnaval2014 flickr.jpg,Juliana Gabriela/Setur Bahia,CC BY-SA 2.0,https://creativecommons.org/licenses/by-sa/2.0,Beleza Rara (Ao Vivo),2178732,tfdNO5LpdOw
Q8069993,Zezé Di Camargo & Luciano,group,1991,Brazil,Q1958273|Q106594830,Zezé Di Camargo & Luciano in 2015.JPG,Renan Katayama,CC BY-SA 2.0,https://creativecommons.org/licenses/by-sa/2.0,"Irmão da Lua, Amigo das Estrelas",70581197,
Q8071293,Zia Mohiuddin Dagar,person,1929,Dominion of India,Q59158,,,,,,,
Q8072106,Zimbo Trio,group,1964,Brazil,Q13634037,Amilton Godoy - Zimbo Trio (2457862164).jpg,As fotos da Virada!,CC BY-SA 2.0,https://creativecommons.org/licenses/by-sa/2.0,,,
Q8074653,Zounds,group,1977,United Kingdom,Q486365,,,,,Dirty Squatters,64163151,
Q8075741,Zydeco Force,group,1988,United States,Q111186967,,,,,Hoochie Coochie,75356600,FXCdyk3K7EU
Q807957,Barclay James Harvest,group,1966,United Kingdom,Q719927,Some old (really old) gig photos (4693581988).jpg,"Paul Carless from St Albans, UK",CC BY 2.0,https://creativecommons.org/licenses/by/2.0,Play To The World,63564798,bGZujKcV3Io
Q808235,Bark Psychosis,group,1986,United Kingdom,Q209137,Bark Psychosis.jpg,Phil Nicholls,CC BY-SA 4.0,https://creativecommons.org/licenses/by-sa/4.0,The Loom,3393284,aQfZWtUp4FM
Q808863,Barren Cross,group,1983,United States,Q822914,Barren Cross EoR 2012 1.jpg,Lahminewski Lab,CC BY 3.0,https://creativecommons.org/licenses/by/3.0,Imaginary Music,3666785,sI_r7-KvvOY
Q809077,Barry McGuire,person,1962,United States,Q6188299,"Barry McGuire at the 3 day Music & Alternatives festival, New Zealand 1979..jpg",The original uploader was Mombas at English Wikipedia.,CC BY 2.5,https://creativecommons.org/licenses/by/2.5,Eve Of Destruction,1137255,qfZVu0alU0I
Q810016,Basil Coetzee,person,1944,South Africa,Q1034231,,,,,,,
Q810481,Bassekou Kouyate,person,1966,Mali,Q107123896,Bassekou Kouyate photo.jpg,Richard Kaby,CC BY 2.0,https://creativecommons.org/licenses/by/2.0,Miri,614734292,vd1DcuRVUAI
Q811021,Battles,group,2003,United States,Q1132152,Battles 22-11-07.jpg,Pueril,CC BY-SA 4.0,https://creativecommons.org/licenses/by-sa/4.0,Atlas,5785866,IpGp-22t0lU
Q81120980,Hamid El Kasri,person,1961,Morocco,Q2000173,Hamid el Kasri.jpg,Michael Coghlan,CC BY-SA 2.0,https://creativecommons.org/licenses/by-sa/2.0,Moulay Ahmed,1663174942,K-xymUfJCgw
Q812842,Beach House,group,2004,United States,Q592330,Beach House at House of Blues San Diego on July 1 2012.jpg,Tristan Loper,CC BY-SA 2.0,https://creativecommons.org/licenses/by-sa/2.0,Master of None,373082541,EmRBqX2xbNU
Q813076,Beat Happening,group,1982,United States,Q370778|Q842324,Beat Happening (1988 Rough Trade publicity photo).jpg,Distributed by Rough Trade US. Photographer unknown.,Public domain,,What's Important,102620032,InkVxDNkris
Q813553,Bebo Valdés,person,1938,Cuba,Q3163340,Bebo Valdés - 2008 (cropped).jpg,livepict.com,CC BY-SA 3.0,https://creativecommons.org/licenses/by-sa/3.0,,,
Q814482,Beherit,group,1989,Finland,Q13586773,,,,,The Gate Of Nanna,2077304897,CMoMlo8MgKU
Q81509,Minor Threat,group,1980,United States,Q25554481|Q10922,Minor-threat-malcolm-riviera.jpg,Malco23,CC BY-SA 3.0,https://creativecommons.org/licenses/by-sa/3.0,Filler,1717941057,kLD-2o5fkSo
Q815610,Believer,group,1986,United States,Q822914,,,,,Imagine Dragons,426057802,7wtfhZwyrcc
Q816495,Ben Folds Five,group,1993,United States,Q2090023,Benfoldsfivereunionlive.jpg,ColdandComposed (talk),CC BY-SA 3.0,https://creativecommons.org/licenses/by-sa/3.0,Brick,582003,Wt5EHAqhR1c
Q816527,Ben Johnston,person,1926,United States,Q109678435,,,,,,,
Q816535,Ben Klock,person,1998,Germany,Q170611,,,,,October,486397952,MFY69h4U82U
Q81698554,Pop Smoke,person,2018,United States,Q15697534|Q126281100,Pop Smoke 2020.jpg,"user ""E-Trill"" at Twitter",Attribution,,What You Know Bout Love,3823782821,uuodbSVO3z0
Q81752,Anton Bruckner,person,1824,Cisleithania,Q3328774|Q9734|Q8812109|Q217295,Joseph Anton Bruckner (1868).jpg,Unknown author,Public domain,,,,
Q819299,Hardfloor,group,1991,Germany,Q341395|Q481900,,,,,Dubdope (Mixed),12266087,
Q8195511,Ayinde Barrister,person,1965,Nigeria,Q3509353,,,,,,,
Q820664,Triarii,group,2004,Germany,Q1078010,,,,,,,
Q820968,Thomas Brinkmann,person,1959,Germany,Q1430587,Thomas Brinkmann (cropped 2).jpg,The original uploader was Mind meal at English Wikipedia.,CC BY-SA 2.0,https://creativecommons.org/licenses/by-sa/2.0,Tina,485041622,vdwUog4yCU4
Q82179,Punch Brothers,group,2006,United States,Q3307225,2008 Punch Brothers - credit Cassandra Jenkins SMALL for website.jpg,"credit: Cassandra Jenkins, owner: IMG Artists, LLC",CC BY-SA 3.0,https://creativecommons.org/licenses/by-sa/3.0,Passepied (Debussy),93477358,q_y_l4c5knE
Q82199,Hande Yener,person,2000,Turkey,Q7855391,Hande Yener Harbiye 2015 - 20 (cropped).JPG,Emre Yanık,CC BY 2.0,https://creativecommons.org/licenses/by/2.0,Naber?,3289960421,2uDXJU_1S20
Q82222,Little Richard,person,1951,United States,Q7749,Little Richard in 2007 (cropped).jpg,Anna Bleker,Public domain,,Lucille,2203637,hCPTLd3ZPX8
Q82250,Conway Twitty,person,1955,United States,Q5128236,Conway Twitty 1974.JPG,United Talent Inc. (management)/MCA Records,Public domain,,"Louisiana Woman, Mississippi Man",120737856,Rm5-sZLBPfs
Q82311,Gene Vincent,person,1955,United States,Q203720,Genevincent015e.jpg,Roland Godefroy,CC BY-SA 3.0,https://creativecommons.org/licenses/by-sa/3.0,Lotta Lovin',121135518,Dp-0-xgGzLM
Q82545,Sex Pistols,group,1975,United Kingdom,Q25554481|Q3071,Sex Pistols in Paradiso.jpg,"Photograph: Koen Suyk. In: Nationaal Archief, Den Haag, Rijksfotoarchief: Fotocollectie Algemeen Nederlands Fotopersbure",CC0,http://creativecommons.org/publicdomain/zero/1.0/deed.en,Lonely Boy,33256951,VRHCNU9M3uI
Q826255,Suede,group,1989,United Kingdom,Q189045,"Suede, Brighton Centre.jpg",Bex Walton,CC BY 4.0,https://creativecommons.org/licenses/by/4.0,Trash,1758521567,tUjXqpwf1r0
Q8298,David Guetta,person,1984,France,Q851213|Q101109587,"2023-11-16 Gala de los Latin Grammy, 22 (David Guetta).jpg",Junta de Andalucía,CC BY-SA 2.0,https://creativecommons.org/licenses/by-sa/2.0,Titanium,62847142,JRfuAukYTKg
Q830316,MC5,group,1964,United States,Q27190,MC50 - Fabrik Hamburg 2018 02.jpg,Frank Schwichtenberg,CC BY-SA 4.0,https://creativecommons.org/licenses/by-sa/4.0,,,
Q830379,Modern Jazz Quartet,group,1952,United States,Q327547|Q539089,Modern Jazz Quartet.png,Philips Records,Public domain,,,,
Q830536,Bestial Warlust,group,1993,Australia,Q13586773,,,,,Bestial Warlust,10763137,
Q830586,New York Dolls,group,1971,United States,Q1123745|Q27190,New York Dolls (2006).jpg,Jay Rusnock,CC BY 2.0,https://creativecommons.org/licenses/by/2.0,Personality Crisis,2598226,2aQTGqqXHw4
Q830761,Possessed,group,1983,United States,Q483251|Q65943557,Possessed - Wacken Open Air 2017 01.jpg,Frank Schwichtenberg,CC BY-SA 4.0,https://creativecommons.org/licenses/by-sa/4.0,,,
Q831480,Beto Barbosa,person,1955,Brazil,Q533946,Beto Barbosa - Camarote Skol (5508520537) (cropped).jpg,Ambev Brasil from Brasil,CC BY-SA 2.0,https://creativecommons.org/licenses/by-sa/2.0,Adocica,13152379,USdR2uCkGGY
Q83182,Ludovico Einaudi,person,1980,Italy,Q65943744,Ludovico Einaudi in Tehran 12 (cropped)2.jpg,Meghdad Madadi,CC BY 4.0,https://creativecommons.org/licenses/by/4.0,Fly,1386411742,
Q832086,Dave Matthews Band,group,1991,United States,Q106581777,Dave Matthews Band - Band Shot Melbourne 2005.jpg,Diliff,CC BY 2.5,https://creativecommons.org/licenses/by/2.5,Crash into Me,7675118,k7in-9E3ImQ
Q83309,Johann Strauss II,person,1844,Cisleithania,Q11821889|Q8701407,Johann Strauss II (3).jpg,Fritz Luckhardt,Public domain,,,,
Q83326,Béla Bartók,person,1881,United States,Q65937946|Q788460|Q11487510|Q96870628,Béla Bartók 1943.jpg,RIA Novosti,CC BY-SA 3.0,https://creativecommons.org/licenses/by-sa/3.0,Contrasts: Verbunkos,16215615,uKYY0vC3H24
Q833370,Clawfinger,group,1989,Sweden,Q856872,HF2024Clawfinger 6.jpg,Selbymay,CC BY 4.0,https://creativecommons.org/licenses/by/4.0,Biggest & the Best,382367691,NDYzZ5fvEm0
Q83431,Megadeth,group,1983,United States,Q483352,Megadeth - Wacken Open Air 2023 12.jpg,Frank Schwichtenberg,CC BY-SA 4.0,https://creativecommons.org/licenses/by-sa/4.0,Symphony Of Destruction,61382107,vfpgpf6QVnI
Q83468,Judas Priest,group,1969,United Kingdom,Q12326776|Q38848,Judas Priest - Wacken Open Air 2018 01.jpg,Frank Schwichtenberg,CC BY-SA 4.0,https://creativecommons.org/licenses/by-sa/4.0,Breaking the Law,557625,L397TWLwrUU
Q8349,"""Weird Al"" Yankovic",person,1976,United States,Q1391336|Q5151495,AlYankovicByKristineSlipson.jpg,Kristine Slipson,CC BY 3.0,https://creativecommons.org/licenses/by/3.0,"Amish Paradise (Parody of ""Gangsta's Paradise"" by Coolio)",7266615,aknI9s01NV0
Q83499,Safet Isović,person,1956,Bosnia and Herzegovina,Q674684,,,,,Moj dilbere,472625012,UTG7pBsbsTo
Q83505290,Ms Nina,person,2015,Argentina,Q96395212,MsNina (32386778097).jpg,El Bloque TV,CC BY-SA 2.0,https://creativecommons.org/licenses/by-sa/2.0,,,
Q835289,The Merton Parkas,group,,United Kingdom,Q2280273,,,,,Put Me in the Picture,942014,kgU96Fo1JFI
Q836609,Tanzwut,group,1998,Germany,Q15629158,TANZWUT 2015 Band3 klein.jpg,Tanzwut,CC BY-SA 4.0,https://creativecommons.org/licenses/by-sa/4.0,Brüder im Geiste,92060314,vXhhCVAwHhw
Q836686,Mad Sin,group,1987,Germany,Q13627677,Hellfest2019MadSin 03.jpg,Selbymay,CC BY-SA 4.0,https://creativecommons.org/licenses/by-sa/4.0,,,
Q83688261,Imanbek,person,2017,Kazakhstan,Q106493832,Imanbek (2021).png,Forbes,CC BY 3.0,https://creativecommons.org/licenses/by/3.0,Belly Dancer,1650410302,bEacVcAtiKU
Q83717,Kayhan Kalhor,person,1973,Iran,Q11223087,Kayhan Kalhor.jpg,Reza1615,Public domain,,Wayfarers of the Legends,2207055897,ldjnPoPmkFs
Q837482,Shoukichi Kina,person,1967,Japan,Q2278881,,,,,Subete No Hito No Kokoro Ni Hanna O,12516465,
Q83814,Agent Orange,group,1979,United States,Q107697441,Agent Orange 2011-10-03 06.jpg,IllaZilla,CC BY-SA 3.0,https://creativecommons.org/licenses/by-sa/3.0,Bloodstains,14403530,sbT4pj0mfa8
Q838410,Dave and Ansell Collins,group,1971,,Q1277532,,,,,,,
Q838942,Blessthefall,group,2004,United States,Q131481683,Blessthefall live at Warped Tour 2012.jpg,Edu Mabbitt,CC BY-SA 3.0,https://creativecommons.org/licenses/by-sa/3.0,Cutthroat,3750645812,fAusXZwek-4
Q839408,In the Nursery,group,1981,United Kingdom,Q899116,In the Nursery.jpg,Hans D.,CC BY 2.0,https://creativecommons.org/licenses/by/2.0,After Great Pain,1855914797,qLSwV-V89PI
Q839817,Runrig,group,1973,United Kingdom,Q2662148,,,,,Loch Lomond,116812096,RJ7f0HUk8OU
Q839904,Dead Meadow,group,1998,United States,Q98528291,DeadMeadow.jpg,Goodnight London,CC BY 2.0,https://creativecommons.org/licenses/by/2.0,Greensky Greenlake,12064489,dsAP8yIlH4Q
Q840197,Candlemass,group,1984,Sweden,Q186170|Q5834708,Candlemass at Inferno Metal Festival Norway 2024 (53627528728) (cropped).jpg,"Birgit Fostervold from Arendal, Norge",CC BY-SA 2.0,https://creativecommons.org/licenses/by-sa/2.0,Solitude,138788341,woe_4gkS4XU
Q840882,Klaxons,group,2005,United Kingdom,Q1995980|Q133501932,Klaxon mg 6541.jpg,Rama,CC BY-SA 2.0 fr,https://creativecommons.org/licenses/by-sa/2.0/fr/deed.en,It's Not Over Yet,1157385,dGm1B9784nk
Q841042,My Bloody Valentine,group,1983,Ireland,Q272167,My Bloody Valentine - Manchester 2013.jpg,Martie Donohoe,CC BY-SA 3.0,https://creativecommons.org/licenses/by-sa/3.0,new you,1265941812,VpoOjoiYcWY
Q84114,John Adams,person,1973,United States,Q572901|Q98528143,JA-portrait-1-LW.jpg,The original uploader was Macror at English Wikipedia. (Original text: Deborah O'Grady),CC BY-SA 3.0,http://creativecommons.org/licenses/by-sa/3.0/,,,
Q841778,Mahavishnu Orchestra,group,1971,United States,Q105527,,,,,Jazz,466181182,
Q842336,Crass,group,1977,United Kingdom,Q486365,Crass pete steve andy.png,Trunt,CC BY-SA 3.0,https://creativecommons.org/licenses/by-sa/3.0,Big a Little A,2629561402,YIdcDL64KCE
Q842415,Buena Vista Social Club,group,1966,Cuba,Q4428744,FIL 2012 - Orquesta Buena Vista Social Club 2.JPG,XIIIfromTOKYO,CC BY-SA 3.0,https://creativecommons.org/licenses/by-sa/3.0,Chan Chan,3750650202,fE4Sf7vXgbo
Q842642,Transglobal Underground,group,1990,United Kingdom,Q4020968,Transglobal Underground Athens 2007.jpg,Badseed,CC BY-SA 3.0,http://creativecommons.org/licenses/by-sa/3.0/,Delta Disco,620501342,GCIszXujhYw
Q843742,Aki Yashiro,person,1971,Japan,Q873478,"Aki Yashiro on December 2, 2016.jpg",海上自衛隊東京音楽隊,CC BY 4.0,https://creativecommons.org/licenses/by/4.0,Ame No Bojou,2459766475,k9rPgPPpK4Q
Q844524,Gang Starr,group,1985,United States,Q255406|Q529742,DJ Premier and Guru.jpg,DJ Premier 2008.jpg: Alan Mildor and Guru.jpg: Barbara Mürdter derivative work: Karppinen (talk),CC BY 3.0,https://creativecommons.org/licenses/by/3.0,Mass Appeal,3130920,y9lNbNGbo24
Q845084,REO Speedwagon,group,1967,United States,Q379033|Q16527140,REO Speedwagon.jpg,Tonya Stinson,CC BY 2.0,https://creativecommons.org/licenses/by/2.0,How The Story Goes,5749036,IDc5eqXMPgo
Q845265,Public Image Ltd.,group,1978,United Kingdom,Q598929,Public Image Ltd. live 27 10 2013 photo 1.JPG,Σπάρτακος,CC BY-SA 3.0,https://creativecommons.org/licenses/by-sa/3.0,One Drop,27139321,tHYUGBq5JsQ
Q845449,The Skatalites,group,1964,Jamaica,Q54365|Q108807661,Skatalites-njoki-horn section.jpg,Yerpo,CC BY-SA 3.0,http://creativecommons.org/licenses/by-sa/3.0/,Swing Easy,1123876,8aURXtmM2QQ
Q845465,Toots and the Maytals,group,1966,Jamaica,Q9794|Q108807661|Q1277532,TootsMaytals2011.jpg,Michig,CC BY-SA 3.0,https://creativecommons.org/licenses/by-sa/3.0,54-46 Was My Number,3856488771,jEfrbtN_HLA
Q845926,Voivod,group,1982,Canada,Q56377253|Q641357,W0937-Hellfest2013 Voivod 70864 (cropped).JPG,Llann Wé²,CC BY-SA 3.0,https://creativecommons.org/licenses/by-sa/3.0,Angel Rat,392027082,
Q846016,Hieroglyphics,group,1995,United States,Q965635,,,,,Make Your Move,11998185,8ji134Evkbk
Q846373,The Temptations,group,1960,United States,Q2743435|Q9078960,The-Temptations (1964 publicity photo by Kriegsmann).jpg,James J. Kriegsmann,Public domain,,My Girl,538643262,y3KJ7d2qBoA
Q847191,The Fleshtones,group,1976,United States,Q98528290,Fleshtones-gibus-tickets.jpg,Trace,CC BY-SA 3.0,https://creativecommons.org/licenses/by-sa/3.0,Float Your Showboat,4015339941,
Q848428,Botch,group,1993,United States,Q616679,,,,,,,
Q848590,Bounty Killer,person,1992,Jamaica,Q474027|Q740911,BountyKiller.jpg,"Stefan Klauke from Kingston, Jamaica",CC BY-SA 2.0,https://creativecommons.org/licenses/by-sa/2.0,Ride (Road Cut),2557508492,
Q849429,Underworld,group,1979,United Kingdom,Q817138,Underworld (223233).jpg,Tore Sætre,CC BY-SA 4.0,https://creativecommons.org/licenses/by-sa/4.0,,,
Q849875,Neutral Milk Hotel,group,1989,United States,Q1317816,Jeff Mangum Boston Jan 16 2014.jpg,Abraham Oosten,CC BY-SA 3.0,https://creativecommons.org/licenses/by-sa/3.0,Oh Sister (1995),3552503051,
Q85014708,22Gz,person,2015,United States,Q126281100,22gz 2017 mugshot.webp,Miami-Dade County Corrections and Rehabilitation,Public domain,,Twirlanta,1272458542,63FjrdZZfp4
Q850290,Kool & The Gang,group,1964,United States,Q164444,Kool & the Gang - Leverkusener Jazztage 2017-1963 (cropped).jpg,"Foto: Andreas Lawen, Fotandi",CC BY-SA 4.0,https://creativecommons.org/licenses/by-sa/4.0,Fresh,541622012,sTJ1XwGDcA4
Q850616,Between the Buried and Me,group,2000,United States,Q484344|Q30587784,Between the Buried and Me.jpg,Stéphane Gallay,CC BY 4.0,https://creativecommons.org/licenses/by/4.0,The Coma Machine,106938186,R40wAZxMsTg
Q850645,New Found Glory,group,1997,United States,Q487914,New Found Glory.jpg,Evil Disco Guy,CC BY-SA 3.0,https://creativecommons.org/licenses/by-sa/3.0,My Friends Over You,980198,QfcLcDBII78
Q851798,Hybrid,group,1996,United Kingdom,Q663519|Q25389262,Hybrid Press Shots 2018 -1.jpg,HybridLottie,CC BY-SA 4.0,https://creativecommons.org/licenses/by-sa/4.0,Experiment IV,1126662932,bJfqJspjA7k
Q85199678,Marwan Pablo,person,1995,Egypt,Q115063525,,,,,Shoft Kalam,4170855672,CCRxEbi75iE
Q852335,Fleet Foxes,group,2001,United States,Q1317816,Fleetfoxes08.jpg,Danishdrummer,Public domain,,"If You Need To, Keep Time on Me",369693771,T6rVJYmQFiY
Q852435,Steely Dan,group,1972,United States,Q944465|Q28401124|Q2104067,Steely Dan - Donald Fagen - Luzern 2007.jpg,Stephan Neuner,Public domain,,Do It Again,1987726127,aQnW-MxAU6U
Q853266,Beyond,group,1983,British Hong Kong,Q853873,,,,,,,
Q853545,Malice Mizer,group,1992,Japan,Q131425,MALICE MIZER session DSV.png,David kls,CC BY-SA 4.0,https://creativecommons.org/licenses/by-sa/4.0,,,
Q854590,Yellow Magic Orchestra,group,1978,Japan,Q1298934|Q98528149,Yellow Magic Orchestra in 2008.jpg,YMO2008.jpg: The_Junes of Flickr.com derivative work: Solid State Survivor (talk),CC BY 2.0,https://creativecommons.org/licenses/by/2.0,Technopolis,413315002,zFADf3CW8zI
Q855109,Bhundu Boys,group,1983,Zimbabwe,Q95366506,,,,,Foolish Harp/Waerera,3653725022,ngNEk3sJgfQ
Q8559966,Dina Páucar,person,1969,Peru,Q2307786,Dina Paucar Reinicia el Culturaymi de los Para Panamericanos - 48587235102.jpg,Legado Lima 2019,Public domain,,Mil Años,1239027172,8kiBjdx3mAM
Q85740447,Alaap,group,1977,,Q854844,,,,,,,
Q858388,The Cars,group,1976,United States,Q187760,The Cars 1984 (Elektra Press Kit Photo).jpg,E.J. Camp; Distributed by Elektra Records,Public domain,,Heartbeat City,5094181,d5ZnXMUXr3w
Q85846077,Harlem Spartans,group,2014,,Q65943851,,,,,Kennington Bop,369915491,LhDXyyQHW_g
Q858464,Big Bad Voodoo Daddy,group,1989,United States,Q447962,BigBadVoodooDaddy.jpg,"eric wittman from Wichita, Kansas, United States",CC BY 2.0,https://creativecommons.org/licenses/by/2.0,Mr. Pinstripe Suit,2184700,19MMvOPd7Eg
Q858688,Big Brother and the Holding Company,group,1965,United States,Q236932,Janis Joplin Big Brother and the Holding Company.jpg,"Albert B. Grossman. His management information is shown on the identical, autographed copy of the image.",Public domain,,Piece of My Heart,15613151,SCngPse1iiI
Q858738,Big Country,group,1981,United Kingdom,Q2662148,,,,,In A Big Country,1581552,657TZDHZqj4
Q85875015,Kevin O Chris,person,1996,Brazil,Q117745223,Kevin o Chris - TVZ 2023 (1).png,Humor Multishow,CC BY 3.0,https://creativecommons.org/licenses/by/3.0,,,
Q858880,Cascada,group,2004,Germany,Q733804,2016-02-01 Cascada.jpg,9EkieraM1,CC BY-SA 3.0,https://creativecommons.org/licenses/by-sa/3.0,Everytime We Touch,79976878,LjZ2zwXbta4
Q858908,Big Hawk,person,1992,United States,Q2261628,,,,,You Already Know,64962785,aNCi9u_nBJU
Q859053,Big Moe,person,1995,United States,Q2261628,,,,,Barre Baby,2751734051,PBi2xWtEYII
Q859116,Big Mountain,group,1988,United States,Q98528253,2018 - Pol’and’Rock Festival - Big Mountain 33.jpg,Ralf Lotys (Sicherlich),CC BY 4.0,https://creativecommons.org/licenses/by/4.0,"Baby, I Love Your Way",846215,utXwIqQj7oE
Q860153,Bikini Kill,group,1990,United States,Q677542,Bikini Kill in 1991.jpg,jonathancharles,CC BY-SA 2.0,https://creativecommons.org/licenses/by-sa/2.0,Rebel Girl,109805290,bOCWma5vOiQ
Q860556,Flanders and Swann,group,1956,United Kingdom,Q5151495,Michael Flanders and Donald Swann (1966 publicity photo).jpg,"Photograph by Bill Doll and Company, a New York-based publicity agency",Public domain,,Twenty Tons of Tnt,364758841,
Q861190,The 13th Floor Elevators,group,1965,United States,Q135112757|Q206159,The 13th Floor Elevators (1960s Photo).jpg,Published in Not Fade Away by Doug Hanners,Public domain,,,,
Q862097,Bill Fay,person,1967,United Kingdom,Q136335965,Bill Fay By Erica Parrott 2012.jpg,Ericaparrott,CC BY-SA 3.0,https://creativecommons.org/licenses/by-sa/3.0,I Hear You Calling (Still Some Light),1512184532,
Q862223,Hüsker Dü,group,1979,United States,Q542703|Q377910,Hüsker Dü (1986 Warner Bros publicity photo).jpg,Photograph by Daniel Corrigan. Distributed by Warner Bros. Records.,Public domain,,Hardly Getting over It,866397,HbTKQIeStFE
Q863212,Billy Paul,person,1952,United States,Q1546028,Billy Paul.jpg,PhillyCAM,CC BY 2.0,https://creativecommons.org/licenses/by/2.0,Me and Mrs. Jones,82321678,NYOQDnWFXYI
Q863227,Billy Stewart,person,1955,United States,Q1269729,,,,,Summertime,455916462,XWxYx9mmr7U
Q863573,The Lonely Island,group,2001,United States,Q1391336|Q5151495|Q602646,The Lonely Island.jpg,Awesometown (Akiva Schaffer) David Shankbone (Andy Samberg) Christopher Peterson (Jorma Taccone),CC BY-SA 3.0,https://creativecommons.org/licenses/by-sa/3.0,I Just Had Sex,731535952,lQlIhraqL7o
Q864524,Lydia Mendoza,person,1927,United States,Q431415,Lydia Mendoza.jpeg,Unknown author,Public domain,,Palida Luna,5956257,OJR9-m6ISDU
Q864991,Metro Station,group,2006,United States,Q25099691,Metro Station.jpg,"Dan Cox from Fraser, United States",CC BY 2.0,https://creativecommons.org/licenses/by/2.0,Shake It,1277448,_wjFahULCK8
Q867706,City of Caterpillar,group,2000,United States,Q11363,Cityofcaterpillarband.jpg,AResultOfSignalsBeingCrossed,CC BY-SA 4.0,https://creativecommons.org/licenses/by-sa/4.0,And You're Wondering How a Top Floor Could Replace Heaven,94158116,LPZSO4M_-5c
Q868265,Flight of the Conchords,group,1998,New Zealand,Q1391336|Q5151495,Flight Of The Conchords - Soho Theatre - Sunday 25th February 2018 ConchordsSoho250218-7 (38761512730) (cropped).jpg,Raph_PH,CC BY 2.0,https://creativecommons.org/licenses/by/2.0,Foux Du Fafa,1137190232,DzZ3EYzjzuE
Q869427,Country Joe and the Fish,group,1965,United States,Q236932,Country Joe and the Fish.png,Vanguard Records,Public domain,,Death Sound,3128694,aZG9itgg6gI
Q874358,Allerseelen,group,1987,Austria,Q775614,Allerseelen and Sal Solaris.jpg,Finstergeist,Public domain,,Riflessioni,116748374,
Q877512,Hot Chip,group,2000,United Kingdom,Q325397,Hot Chip by Mike Mantin.jpg,Mike Mantin,CC BY 2.0,https://creativecommons.org/licenses/by/2.0,Flutes,34945401,99z1_IMJNl8
Q877525,Radu Malfatti,person,1975,Austria,Q7306376,20081128 Radu Malfatti.jpg,Miguel Prado,Public domain,,,,
Q87800198,Mall Grab,person,1994,,Q108555812,,,,,Liverpool Street In The Rain,4051773751,9gDnGxcB0TU
Q879793,Michael Hoenig,person,1971,Germany,Q530750,,,,,Hanging Garden Transfer,1645199412,9LJdy_RLK2c
Q87996,Peter Rauhofer,person,1965,Austria,Q202925,DJ Peter Rauhofer in Sauípe Hell & Heaven.JPG,(User: Hentzer),Public domain,,Do It Properly (Victor & Peter's NY Club Anthem),11115989,
Q880116,Black Box,group,1989,Italy,Q3032212|Q30917612|Q2702280,,,,,Ride on Time,70051871,M0quXl_od3g
Q880229,Black Dyke Band,group,1855,United Kingdom,Q110230168,Black Dyke Band World Band Festival Luzern 2012.jpg,Cobrecht,CC BY-SA 3.0,https://creativecommons.org/licenses/by-sa/3.0,The Trombone King,76686302,
Q880574,Black Star,group,1997,United States,Q141459,Black Star - Ilosaarirock 2012.jpg,Tuomas Vitikainen,CC BY-SA 3.0,https://creativecommons.org/licenses/by-sa/3.0,,,
Q881957,Blasphemy,group,1984,Canada,Q13586773,2009-10-25blasphemy.JPG,EfAston,CC BY-SA 3.0,https://creativecommons.org/licenses/by-sa/3.0,Weltering in Blood,2766783801,r71v7FdO09E
Q882464,Kante,group,1995,Germany,Q896513,Kante berlin05 1.JPG,Dirk Ingo Franke,CC BY-SA 2.0 de,https://creativecommons.org/licenses/by-sa/2.0/de/deed.en,Zombi,557468742,H_ZrNXBGu6Q
Q88296934,Saor,group,2012,Scotland,Q65937017,Saor Dark Troll 2023 02.jpg,S. Bollmann,Attribution,,Amidst the Ruins,3049024201,uVIFEwa9JZg
Q883407,Colour Haze,group,1994,Germany,Q98528291,Colour Haze Group Photo.jpg,cause.perdue,CC BY-SA 2.0,https://creativecommons.org/licenses/by-sa/2.0,Aquamaria,63622707,K7QNffGb86I
Q884460,Blitz,group,1981,United Kingdom,Q274401|Q1750088,,,,,Você Não Soube Me Amar,3401132,Sd2JTUJ1obY
Q884489,Blitzkid,group,1997,United States,Q830325,Blitzkid (Last Bandphoto 2012 (3)).jpg,Fotobarb,CC BY-SA 4.0,https://creativecommons.org/licenses/by-sa/4.0,,,
Q885101,Blood Ceremony,group,2006,Canada,Q55296418,Blood Ceremony Danforth.jpg,Rshowler,CC BY-SA 3.0,https://creativecommons.org/licenses/by-sa/3.0,,,
Q885152,Blood Stain Child,group,1999,Japan,Q5690120,,,,,Sirius VI,77289927,djLJt_HFfX4
Q885177,Blood on the Dance Floor,group,2007,United States,Q2426383,Blood on the dance floor 2011.png,"""chriichriix"" on YouTube",CC BY-SA 3.0,https://creativecommons.org/licenses/by-sa/3.0,Scream for My Icecream,26014361,xaavsNmPvIo
Q886036,Blues Incorporated,group,1961,United Kingdom,Q918542,,,,,,,
Q886072,John Mayall & the Bluesbreakers,group,1963,United Kingdom,Q918542,"John Mayall met zijn Bluesbreakers in Amsterdam. John Mayall met lp So many roa, Bestanddeelnr 920-8325.jpg",Jack de Nijs for Anefo / Anefo,CC0,http://creativecommons.org/publicdomain/zero/1.0/deed.en,Hideaway,540810532,msdn5OkU1Dg
Q88756847,K-Trap,person,2013,United Kingdom,Q65943851,,,,,Warm,3835131871,K_hUaDUjGOU
Q887911,Bomba Estéreo,group,2000,Colombia,Q1143744,Bomba Estéreo Up Close and Personal 2012.jpg,CAMOGRAPHY,CC BY 2.0,https://creativecommons.org/licenses/by/2.0,Soy Yo,100115954,bxWxXncl53U
Q888012,Bob James,person,1939,United States,Q846833|Q831354,"Bob James, jazz musician (2004).jpg",Meutia Chaerani / Indradi Soemardjan http://www.indrani.net,CC BY 2.5,https://creativecommons.org/licenses/by/2.5,Angela,531413901,kqw3UNXUdbU
Q888326,Bob Wills,person,1929,United States,Q1730388,Bob Wills photograph - Cropped.jpg,Paul Parry,Public domain,,,,
Q888972,Sweet Sensation,group,1986,United States,Q655514,,,,,If Wishes Came True,2813404,pbb_6e6W-rU
Q890064,Body Count,group,1990,United States,Q856872,Body Count feat. Ice-T (cropped2).jpg,Sven Mandel,CC BY-SA 4.0,https://creativecommons.org/licenses/by-sa/4.0,Civil War,145425380,2Rm4lzas-rw
Q891919,Bombino,person,1997,Niger,Q7800608,Bombino-Niger.JPG,Аркадий Зарубин,CC BY-SA 3.0,https://creativecommons.org/licenses/by-sa/3.0,Iyat Ninhay / Jaguar (A Great Desert I Saw),140252069,uZIGvLEH0KU
Q892294,Bone Crusher,person,1996,United States,Q936573,Bonecrusher @ A3C 2008 with the Juice Crew.jpg,"Dom Brady from Atlanta, Georgia, United States",CC BY 2.0,https://creativecommons.org/licenses/by/2.0,,,
Q892409,Zola,person,2000,South Africa,Q956717,,,,,NETFLIX CHILL,4047900401,MMrukVegwz0
Q892422,Bongo Maffin,group,1996,South Africa,Q956717,Bongo Maffin Vienna-6.2008e.jpg,Manfred Werner - Tsui,CC BY-SA 3.0,http://creativecommons.org/licenses/by-sa/3.0/,Thathisigubhu,2222668297,xNoO_WCzg0w
Q892968,Boogie Down Productions,group,1985,United States,Q969663|Q529742|Q966564,,,,,The Bridge Is Over,125311154,UXhyNMryitk
Q893007,Booker T. & the M.G.'s,group,1962,United States,Q1650296|Q1567032,Booker T. & the M.G's 1967 press photo.jpg,Stax Records,Public domain,,,,
Q893231,Boozoo Chavis,person,1954,United States,Q245296,Boozoochavis.jpg,David Simpson,CC BY-SA 2.0,https://creativecommons.org/licenses/by-sa/2.0,Bottle Up And Go,1762357627,
Q893604,Boris,group,1992,Japan,Q1433387,Boris 2012 au.jpg,Gwendolyn Lee,CC BY-SA 2.0,https://creativecommons.org/licenses/by-sa/2.0,Electric,1455990412,obYFjBkxMZ8
Q894958,Boubacar Traoré,person,1942,Mali,Q2907328,Boubacar Traoré (2).jpg,Fanny Schertzer,CC BY-SA 3.0,https://creativecommons.org/licenses/by-sa/3.0,Hona,92724384,wIGU11nopN0
Q89525,Parov Stelar,person,1998,Austria,Q602561,Parov Stelar 2024 (c) Tanja Schalling (cropped).jpg,Tanja Schalling,CC BY-SA 4.0,https://creativecommons.org/licenses/by-sa/4.0,Booty Swing,13851424,
Q896109,Boz Scaggs,person,1963,United States,Q28401124|Q885561,"Boz Scaggs - Coral Springs, FL - 22886393275.jpg",Carl Lender,CC BY 2.0,https://creativecommons.org/licenses/by/2.0,Lowdown,563391,I-hKBmTAADo
Q8961801,Flor Pucarina,person,1935,Peru,Q2307786,,,,,Vida Bohemia,3464227001,N3V0jCowCYU
Q8962695,Frank Wilson,person,1965,United States,Q1928583,,,,,Do I Love You (Indeed I Do),3219655551,1OvaglT9EB4
Q896398,Extrabreit,group,1978,Germany,Q646679,Extrabreit mai 2008.jpg,Tbachner,CC BY-SA 3.0,https://creativecommons.org/licenses/by-sa/3.0,"Flieger, grüß mir die Sonne",1140787,7e61KF2eH3g
Q89689870,XS Project,group,,Russia,Q28458027,,,,,"Bochka, Bass, Kolbaser",129107338,mM14xW7edWM
Q897564,Bugge Wesseltoft,person,1983,Norway,Q1136331,Bugge-wesseltoft.jpg,No machine-readable author provided. Nomo assumed (based on copyright claims).,CC BY-SA 2.5,https://creativecommons.org/licenses/by-sa/2.5,Yellow is the Colour,618729972,LydYEu1frR8
Q898207,Scientist,person,1960,Jamaica,Q212688,,,,,,,
Q898820,Mudhoney,group,1988,United States,Q11365,Mudhoney June 2007.jpg,Original uploader was Rm w a vu at en.wikipedia,CC BY-SA 2.0,https://creativecommons.org/licenses/by-sa/2.0,Touch Me I'm Sick,1137174412,_nGsT_qFMBs
Q899032,Nuclear Assault,group,1984,United States,Q932977,Nuclear Assault Party.San 2016 06.jpg,S. Bollmann,CC BY-SA 4.0,https://creativecommons.org/licenses/by-sa/4.0,Brainwashed,74392996,sZfeB_RGY6A
Q899341,Suicidal Tendencies,group,1981,United States,Q932977|Q828305,Suicidal Tendencies - Elbriot 2018 02 (cropped).jpg,Frank Schwichtenberg,CC BY-SA 4.0,https://creativecommons.org/licenses/by-sa/4.0,You Can't Bring Me Down,1056760,e-DjQMveKnU
Q9001292,Guillermina Motta,person,1942,Spain,Q254890,,,,,,,
Q900578,Muzsikás,group,1973,,Q722989,Muzsikás együttes (2012).jpg,Solymári,CC BY-SA 4.0,https://creativecommons.org/licenses/by-sa/4.0,"Szerelem, Szerelem",1382881552,4uoGpCacsog
Q900864,The Nice,group,1967,United Kingdom,Q719927,Nice 1970.JPG,Dr. Ronald Kunze,CC BY 3.0,https://creativecommons.org/licenses/by/3.0,,,
Q9012837,Jorge Velosa,person,1949,Colombia,Q5753407,Velossa.jpg,Nandhoz,CC BY-SA 4.0,https://creativecommons.org/licenses/by-sa/4.0,Te Digo Adiós,2702724522,R2gkNogK1N4
Q9015071,João Bosco & Vinícius,group,1994,Brazil,Q10370558,,,,,"Chora, Me Liga (Ao Vivo)",3567685,tqSr19HNPlM
Q9021150,Leda Valladares,person,1919,Argentina,Q5716336,Leda Valladares.jpg,Unknown author,Public domain,,Ya Se Murió el Burro,101025908,
Q9023870,Los Amaya,group,1969,Spain,Q2707994,,,,,Vete,132197940,9MbKgsbFtrE
Q9024019,Los Hermanos Ábalos,group,1939,Argentina,Q597493,,,,,,,
Q9024079,Los Morochucos,group,1946,Peru,Q6950428|Q2509521,,,,,Cuando Llora Mi Guitarra,105193400,QiE2RFyv35I
Q9027531,Mansyur S.,person,1969,Indonesia,Q1159539,,,,,,,
Q902881,Fishbone,group,1979,United States,Q835891|Q667659,Fishbone-15.jpg,auggie tolosa,CC BY-SA 2.0,https://creativecommons.org/licenses/by-sa/2.0,Party at Ground Zero,608798,vrONIb9gQ-k
Q903033,Deathspell Omega,group,1998,France,Q126954549,,,,,Abscission,521005762,IM9PUegDRz8
Q903496,Delerium,group,1987,Canada,Q1027999,20160305-Frontline-Assembly-E-tropolis-Oberhausen-5662.jpg,Carstor,CC BY 3.0,https://creativecommons.org/licenses/by/3.0,,,
Q903536,Bread,group,1968,United States,Q217191,Bread 1971.JPG,Elektra Records,Public domain,,Everything I Own,675098,hlOwOFJJ-RI
Q903674,Breakbot,person,2006,France,Q4045538,Breakbot (cropped).jpg,Irina.dakeva,CC BY-SA 3.0,https://creativecommons.org/licenses/by-sa/3.0,Baby I'm Yours,57630641,6okxuiiHx2w
Q904214,Dernière Volonté,group,1995,France,Q1078010,,,,,L'ombre des Réverbères,1109337182,q53v0WQvgmg
Q904921,The Sonics,group,1960,United States,Q211573|Q27190,Sonics.JPG,Donutte,CC BY-SA 3.0,https://creativecommons.org/licenses/by-sa/3.0,,,
Q905073,175R,group,1998,,Q11661531,,,,,,,
Q9074523,Sara González Gómez,person,1970,Cuba,Q497957,Sara González.jpg,Alfredo Avila,CC BY-SA 3.0,https://creativecommons.org/licenses/by-sa/3.0,,,
Q90811030,Loketo,group,1986,Republic of the Congo,Q1752683,,,,,Malou,69490223,ENlEcnWo2mk
Q90872620,Lim Young-woong,person,1991,South Korea,Q485915,Lim Young-woong in an ad for 구전녹용 (June 2020) (cropped).jpg,구전녹용,CC BY 3.0,https://creativecommons.org/licenses/by/3.0,Love Always Run Away,1515577462,yY73MpQoCGE
Q908848,Devo,group,1972,United States,Q187760|Q659599|Q106654134,Devo 2025.jpg,Ian Abbott,CC BY 4.0,https://creativecommons.org/licenses/by/4.0,Whip It,4382923,j_QLzthSkfM
Q908933,Donna Summer,person,1968,United States,Q58339,Donna Summer C26796-19 (cropped).jpg,President (1981-1989 : Reagan). White House Photographic Office. 1981-1989 (Most Recent),Public domain,,I Feel Love,1560033,yEbaeLv-aOo
Q909017,Brennan Heart,person,2006,Kingdom of the Netherlands,Q223840|Q108297238,Brennan Heart at X-Qlusive Headhunterz.jpg,Rudy van Haandel,CC BY-SA 3.0,https://creativecommons.org/licenses/by-sa/3.0,Imaginary,70559985,h9I-9Sj4sKs
Q909916,The Fall,group,1976,United Kingdom,Q598929,The Fall-10.jpg,Commonorgarden,CC BY-SA 2.0,https://creativecommons.org/licenses/by-sa/2.0,Totally Wired,3785991062,trXegBAZ8_g
Q910170,Mongol800,group,1998,Japan,Q11661531,Mongol800.JPG,애콜라이트,CC BY-SA 3.0,https://creativecommons.org/licenses/by-sa/3.0,,,
Q910354,Wisin & Yandel,group,1998,Puerto Rico,Q202930,Wisin & Yandel.jpg,jorgemejia,CC BY 2.0,https://creativecommons.org/licenses/by/2.0,Rakata,2960711,ZaPSdDBnpZ4
Q91178,Watchtower,group,1983,United States,Q56377253,,,,,Hidden Instincts,3785943992,xM26wMIr1LA
Q912581,Enter Shikari,group,2003,United Kingdom,Q2084353,Enter Shikari Live @ Heaven.jpg,Tribalninja,CC BY-SA 3.0,https://creativecommons.org/licenses/by-sa/3.0,{ The Dreamer's Hotel },2073634017,hJOiQo2ulyw
Q912800,Stars of the Lid,group,1993,United States,Q193207|Q650316,Stars of the Lid.jpg,rawkblog.blogspot.com,CC BY 2.0,https://creativecommons.org/licenses/by/2.0,"Articulate Silences, Pt. 1",62319141,RkUa7cZwIew
Q912990,The Flower Kings,group,1994,Sweden,Q106621063,Flowerkings2004.jpg,Michael Hanselmann,CC BY-SA 3.0,http://creativecommons.org/licenses/by-sa/3.0/,"The Gods of Rome, Pt. 2",4263928052,QLHf26U42go
Q913059,El Gran Combo de Puerto Rico,group,1962,United States,Q7405759,El Gran Combo de Puerto Rico.jpg,Magiciandude,CC BY-SA 3.0,https://creativecommons.org/licenses/by-sa/3.0,Un Verano en NY,12700693,
Q913194,Roll Deep,group,2002,United Kingdom,Q1166726,RollDeep.jpg,Charlie,CC BY-SA 3.0,http://creativecommons.org/licenses/by-sa/3.0/,Green Light,13464191,1k2D90QtZeE
Q913245,Lustmord,person,1980,United Kingdom,Q756956,Lustmord cropped.jpg,Lustmord.jpg: Henrik Strömberg from Sweden derivative work: Alison ❤,CC BY-SA 2.0,https://creativecommons.org/licenses/by-sa/2.0,,,
Q913560,The Brides of Funkenstein,group,1978,United States,Q577080,,,,,,,
Q913590,The Rippingtons,group,1985,United States,Q831354,Eric Marienthal & Russ Freeman.jpg,Hugh Pickens at hughpickens.com c/o his Flickr account pcol,CC BY 2.0,https://creativecommons.org/licenses/by/2.0,,,
Q913673,Underoath,group,1997,United States,Q2225757,Underoath.jpg,No machine-readable author provided. Mauricio500 assumed (based on copyright claims).,CC BY-SA 3.0,http://creativecommons.org/licenses/by-sa/3.0/,Reinventing Your Exit,3091798,ENLw_1TK6Ms
Q914074,Moonspell,group,1992,Portugal,Q178145,Moonspell Studio Kraków 2007 10.JPG,Lilly M real name: Małgorzata Miłaszewska,CC BY 2.5,https://creativecommons.org/licenses/by/2.5,Alma Mater,108599102,JYNhdLSnJ8k
Q914209,Vibrasphere,group,1998,Sweden,Q2385862,Vibrasphere.jpg,Lironpulse,CC BY-SA 3.0,https://creativecommons.org/licenses/by-sa/3.0,Ensueno,6403270,CEmMuUzotCU
Q9143241,Akcent,group,1989,Poland,Q1185390,Zenon Martyniuk and Ryszard Warot - Akcent (Polish music band) 02.JPG,real name: Karol Głąb pl.wiki: Karol007 commons: Karol007 e-mail: kamikaze007 (at) tlen.pl,CC BY-SA 3.0,https://creativecommons.org/licenses/by-sa/3.0,That's My Name,131869054,MOzE4MpXzTY
Q914489,Magma,group,1969,France,Q196999,Magma Roadburn 2017.jpg,Blacklake,CC BY-SA 4.0,https://creativecommons.org/licenses/by-sa/4.0,Hakëhn deïs,2088604167,UmgJkEajQUo
Q915714,Bright Eyes,group,1995,United States,Q28401204,BrightEyespicture.jpg,pic from Björn Carlsson at Flickr,CC BY 2.0,https://creativecommons.org/licenses/by/2.0,First Day of My Life,1357792772,pDm7xWsf3VM
Q91573,Hauschka,person,1966,Germany,Q65943744,Volker Bertelmann Nochtspeicher (cropped).jpg,hds,CC BY 2.0,https://creativecommons.org/licenses/by/2.0,Dew and Spiderwebs,562773222,
Q916461,The Jam,group,1972,United Kingdom,Q2280273,Thejam.gif,"Neil Twink Tinning,",CC BY 2.5,https://creativecommons.org/licenses/by/2.5,That's Entertainment,984214,m-H0uIH5HHQ
Q916688,Enslaved,group,1991,Norway,Q213149,Enslaved 2026.jpg,Birgit Fostervold,CC BY-SA 4.0,https://creativecommons.org/licenses/by-sa/4.0,Tales of Trees,4184363752,ftGt0SvbhI8
Q917450,Premiata Forneria Marconi,group,1970,Italy,Q2842043|Q106621063,Premiata Fornería Marconi after a live show (2007-08-25).jpg,passo_variabile,CC BY-SA 2.0,https://creativecommons.org/licenses/by-sa/2.0,Impressioni di settembre,1016960,X2-F9UuQFyQ
Q917541,Brinsley Schwarz,group,1969,United Kingdom,Q1431327,,,,,Happy Doing What We're Doing,3361556,4MJGKACmXM4
Q9178266,Boys,group,1990,Poland,Q1185390,,,,,Szalona,95437038,c2i4h7Q-8sA
Q917861,Flogging Molly,group,1997,United States,Q1990122,Flogging Molly – Reload Festival 2015 02.jpg,F. Schwichtenberg,CC BY-SA 3.0,https://creativecommons.org/licenses/by-sa/3.0,Devil's Dance Floor,3872318871,Q2OC_lDrsRw
Q9179347,Brighter Death Now,group,1989,,Q2687544|Q3487358,Brighter Death Now Nocturnal Culture Night 13 2018 05.jpg,S. Bollmann,Attribution,,,,
Q918447,Professor Longhair,person,1948,United States,Q3658336|Q2603965|Q515074|Q516568,New Orleans Jazz Fest 1975 - Jambalaya - Fess.jpg,Unknown author,Public domain,,Big Chief,11564726,voB6WiP83NU
Q918458,Mad Professor,person,1979,United Kingdom,Q212688,TIFUS Y MAD PROFESSOR.jpg,No machine-readable author provided. Capitantifus assumed (based on copyright claims).,CC BY-SA 3.0,http://creativecommons.org/licenses/by-sa/3.0/,,,
Q918497,Bukka White,person,1920,United States,Q1127539,Booker White 1968 by JT.jpg,Eatonland,CC BY-SA 4.0,https://creativecommons.org/licenses/by-sa/4.0,,,
Q918592,Rahzel,person,1967,United States,Q213608,Rahzel 2010 (cropped).jpg,Mysekurity,CC BY 3.0,https://creativecommons.org/licenses/by/3.0,Suga Sista,1763068267,BNiqZk4uVt0
Q919386,Trick Daddy,person,1993,United States,Q8560269,Trick Daddy.jpg,Miami-Dade County Sheriff's Department,Public domain,,Let's Go,662061,-YnO8vCDCHU
Q919565,Marty Robbins,person,1948,United States,Q1425111,Marty Robbins 1966.JPG,AMD Inc.-management,Public domain,,Big Iron,850955,-NuX79Ud8zI
Q919632,Eubie Blake,person,1887,United States,Q185652,EubieBlake.jpg,Unknown author,Public domain,,"Blues, Why Don't You Let Me Alone",837935402,
Q919666,Guillermo Portabales,person,1928,Cuba,Q787663,,,,,,,
Q919961,Busdriver,person,1992,United States,Q98528482,Busdriver1.jpg,https://www.flickr.com/photos/mteson/478458155/in/set-72157600160061864. Taken by mteson (thanks).,CC BY 2.0,https://creativecommons.org/licenses/by/2.0,Imaginary Places,112558254,-Rl4pTl832A
Q920288,Dave Bartholomew,person,1936,United States,Q3658336,Dave Bartholemew.jpg,"Dave_Bartholomew_on_left,_Fats_Domino_at_right.jpg: Klaus Hiltscher derivative work: SpinningSpark",CC BY-SA 2.0,https://creativecommons.org/licenses/by-sa/2.0,,,
Q920964,Jayne County,person,1947,United States,Q1123745,Jayne County by David Shankbone.JPG,David Shankbone,CC BY-SA 3.0,http://creativecommons.org/licenses/by-sa/3.0/,Man Enough To Be A Woman,141111729,QxpKcn5pgGs
Q921236,LTJ Bukem,person,1967,United Kingdom,Q188994|Q2842043,,,,,Atlantis (I Need You),71701361,-oqjCtUJ11c
Q921267,Phish,group,1983,United States,Q106581777,Phish 2009-12-30.jpg,Dan Shinneman,CC BY-SA 3.0,https://creativecommons.org/licenses/by-sa/3.0,Everything's Right,916714122,unFQogrCsrs
Q921588,Charlie Palmieri,person,1927,United States,Q367751,,,,,Either You Have It Or You Don’t,686150052,EW_HYpy1aM0
Q921937,Gundecha Brothers,group,1985,,Q59158,Gundecha Brothers 02A.jpg,Joe Mabel,CC BY-SA 3.0,https://creativecommons.org/licenses/by-sa/3.0,,,
Q922034,Municipal Waste,group,2001,United States,Q932977,Municipal Waste Haus Auensee Leipzig 2023 17 (cropped).jpg,S. Bollmann,Attribution,,The Art of Partying,40582521,89rvBQwWUOc
Q922397,Coone,person,2002,Belgium,Q223840,COONE PRESS 2026 1.jpg,MarloesHendrickx,CC BY-SA 4.0,https://creativecommons.org/licenses/by-sa/4.0,Don't tell your dreams,4266195082,k9LyCx-fJ7w
Q922445,Pavement,group,1989,United States,Q183504|Q108123046,"Pavement, the band, in Tokyo.jpg",Masao Nakagami,CC BY-SA 2.0,https://creativecommons.org/licenses/by-sa/2.0,Harness Your Hopes (B-side),2539362,ofOh-BSsV2M
Q922528,Cameo,group,1974,United States,Q30632022,,,,,Word Up,2600934,MZjAantupsA
Q923012,Jacob do Bandolim,person,1934,Brazil,Q1076539,Jacob do Bandolim cropped upright.png,Unknown author,CC0,http://creativecommons.org/publicdomain/zero/1.0/deed.en,Assanhado,65936099,eadFunvjE04
Q923090,Kevin Saunderson,person,1964,United States,Q170611|Q526463,,,,,Good Life (Pig & Dan Less Is More Extended Dub),140698893,
Q923104,Derrick May,person,1986,United States,Q170611|Q526463,Derrick May.jpg,ThatChickOverThere aka Natalie Chickee,CC BY-SA 4.0,https://creativecommons.org/licenses/by-sa/4.0,Strings of Life,3297153791,1w72OtqjRro
Q923731,Hardwell,person,2008,Kingdom of the Netherlands,Q1228230|Q15300817,Hardwell 2018 (cropped).jpg,Rudgrcom,CC BY-SA 4.0,https://creativecommons.org/licenses/by-sa/4.0,Bang On The Drums,4060165521,dp7fXbEFqa8
Q924292,Swervedriver,group,1989,United Kingdom,Q272167,Swervedriver @ Becks Music Box (20 2 2011) (5477804755).jpg,Stuart Sevastos,CC BY 2.0,https://creativecommons.org/licenses/by/2.0,Flawed,4217348992,MFZ_Jt5HIFo
Q924413,24-7 Spyz,group,1986,United States,Q667659,,,,,Break the Chains,6615705,nbpMqDqBHr0
Q924606,4hero,group,1989,United Kingdom,Q1585075|Q9011351|Q11693017|Q2406633,Marc Mac from 4hero.jpg,Nicola Dracoulis,CC BY 2.0,https://creativecommons.org/licenses/by/2.0,Conceptions,2133823987,YoVQqkz3rDw
Q924993,The Orb,group,1988,England,Q193207|Q2465085|Q3613770|Q757143,OrbCopenhagen.jpg,Sebastian Larsen,CC BY-SA 2.5,https://creativecommons.org/licenses/by-sa/2.5,Doughnuts Forever,3652881492,QbpA3Jgu03o
Q925601,Flux of Pink Indians,group,1980,United Kingdom,Q486365,Flux (1).jpg,Quercusrobur at English Wikipedia,CC BY-SA 3.0,http://creativecommons.org/licenses/by-sa/3.0/,Progress,2629671112,HXx1akRY_18
Q925641,Echo & the Bunnymen,group,1978,United Kingdom,Q703778,Bunnymen 2005-08-06.jpg,GothEric,CC BY-SA 2.0,https://creativecommons.org/licenses/by-sa/2.0,The Killing Moon,751126,
Q925946,Brokencyde,group,2006,United States,Q2426383,"Brokencyde Warped Tour Hartford, CT (3761005114).jpg",Victoria Morse from United States,CC BY-SA 2.0,https://creativecommons.org/licenses/by-sa/2.0,Teach Me How to Scream,7501827,Zbg6lwq5yS4
Q927112,Less Than Jake,group,1992,United States,Q460674|Q3990466,LessThanJake.jpg,bendus from Germany,CC BY 2.0,https://creativecommons.org/licenses/by/2.0,All My Best Friends Are Metalheads,3136977,UZmneQDCx60
Q927538,Kyoto Jazz Massive,group,1994,Japan,Q1136331,,,,,Impulsive Procession,2813511132,8kxJ7O9ng60
Q927618,The Paragons,group,1960,Jamaica,Q573484,,,,,,,
Q928093,Windir,group,1994,Norway,Q213149,Vreid Paris 21207 03.jpg,Vassil,CC BY 3.0,https://creativecommons.org/licenses/by/3.0,1184,627314532,QqvE9uoBeHw
Q928905,Nightmares on Wax,person,1988,United Kingdom,Q106522080|Q251192,DJ E.A.S.E. (Nightmares on Wax) at Sidarta Lounge.jpg,Martin Terber,CC BY 2.0,https://creativecommons.org/licenses/by/2.0,You Wish,4230955232,TwDOa-lvizM
Q929476,Richard Barrett,person,1959,United Kingdom,Q3736603,Richard Barrett in June 2015.jpg,Veronika lenz,CC BY-SA 4.0,https://creativecommons.org/licenses/by-sa/4.0,,,
Q929731,Insane Clown Posse,group,1989,United States,Q1139136,Insane clown posse 2017.jpg,"SullyDC from Alexandria, VA, USA",CC BY 2.0,https://creativecommons.org/licenses/by/2.0,In My Room,97303354,B4EX-3JoRNQ
Q930112,The Decemberists,group,2000,United States,Q1317816,,,,,Severed,470730282,ksTFj6L0mao
Q931607,Earl King,person,1953,United States,Q516568,EarlKingatJazzFest1997.jpg,Masahiro Sumori (Sumori),CC BY-SA 3.0,http://creativecommons.org/licenses/by-sa/3.0/,Mother's Love,116037686,HxsmlWsXEIs
Q93341,Miles Davis,person,1944,United States,Q8341|Q1092837|Q327547|Q105527|Q1127530,"Miles Davis (Three Deuces, New York, N.Y. 1947).jpg",William P. Gottlieb,Public domain,,So What,2711778,ylXk1LBvIqU
Q93346,The Who,group,1964,United Kingdom,Q11399|Q253137|Q56351111|Q98528293,Who - 1975.jpg,Jim Summaria,CC BY-SA 3.0,https://creativecommons.org/licenses/by-sa/3.0,Baba O'Riley,2121805,QRTNm6GLJYI
Q93349,Bessie Smith,person,1912,United States,Q9759|Q1309336,Bessiesmith-2.jpg,Carl Van Vechten,Public domain,,,,
Q933490,The Walkers,group,1976,Mexico,Q5612172,Loscaminantes.jpg,The Source Within,CC BY-SA 4.0,https://creativecommons.org/licenses/by-sa/4.0,Unity,2522606691,9DSMgVG0--8
Q933550,Mark Murphy,person,1956,United States,Q2299060,Mark Murphy (1975).jpg,Rob Bogaerts for Anefo,CC BY-SA 3.0 nl,https://creativecommons.org/licenses/by-sa/3.0/nl/deed.en,My Favorite Things,2150403,yieBzubE-fM
Q933598,D’Angelo,person,1991,United States,Q268253,D'Angelo Pori Jazz 2012 (cropped).jpg,Roquai,CC BY-SA 3.0,https://creativecommons.org/licenses/by-sa/3.0,Brown Sugar,139103999,H_WzjiTzZBA
Q933673,Scott Brown,person,1992,United Kingdom,Q339906|Q3066180,,,,,Taking Drugs?,16232945,72WxCSwBjl0
Q933710,Original Dixieland Jass Band,group,1916,United States,Q906647,ODJBcard.JPG,Unknown author,Public domain,,,,
Q934493,Bai Hong,person,1920,People's Republic of China,Q7496127,Bai Hong.jpg,Unknown author,Public domain,,,,
Q935241,DJ Arafat,person,1986,Ivory Coast,Q513357,Arafat Dj en prestation 4 (cropped).jpg,Jacquitoz,CC BY-SA 4.0,https://creativecommons.org/licenses/by-sa/4.0,Jonathan,236672,acbFuniHo-4
Q9353279,Bayer full,person,1984,Poland,Q1185390,Slawomir Swierzynski.jpg,Ja Fryta from Strzegom,CC BY-SA 2.0,https://creativecommons.org/licenses/by-sa/2.0,Wszyscy Polacy,780389842,SHtsOzkxCDo
Q935401,Yerba Brava,group,1997,Argentina,Q1143752,,,,,La Cumbia De Los Trapos,1708236627,mzpIMywe648
Q9355427,Tamba Trio,group,1960,Brazil,Q13634037,,,,,Nós E O Mar,564952702,o6ctWK3N4XI
Q935746,Joe Cuba,person,1950,United States,Q6496549|Q892958,,,,,Tu Lo Sientes? (Do You Feel It?),687105552,_wHKqNLilIw
Q935884,The Staple Singers,group,1948,United States,Q180268,Staple Singers on Soul Train.jpg,In upper left corner of the page is the notation that this section was sponsored by friends and associated of Soul Train,Public domain,,,,
Q935982,Vagif Mustafazadeh,person,1958,Soviet Union,Q17988509,Vaqif Mustafazadə.jpg,Eldar Mansurov,CC BY-SA 4.0,https://creativecommons.org/licenses/by-sa/4.0,,,
Q936001,Fikret Amirov,person,1942,Soviet Union,Q12845743,Fikret Emirov.jpg,Unknown author,Public domain,,,,
Q9360045,Top One,group,1986,Poland,Q1185390,Top One.JPG,Fryta73,CC BY-SA 2.0,https://creativecommons.org/licenses/by-sa/2.0,Miła moja,912624942,svTTFfBM6fM
Q936010,Vengaboys,group,1997,Netherlands,Q2076779,Vengaboys Gouden Pijl 2013 02.jpg,Richard Broekhuijzen,CC BY-SA 3.0,https://creativecommons.org/licenses/by-sa/3.0,We Like To Party! (The Vengabus),1802244617,6Zbi0XmGtMw
Q93604,Lotte Lenya,person,1928,Austria,Q111535905,Lotte Lenya.jpg,Carl Van Vechten,Public domain,,The Threepenny Opera: Moritat von Mackie Messer (Mack the Knife),71890232,
Q936479,Wiley,person,1994,United Kingdom,Q1166726,Rapper Wiley.jpg,Clozone,CC0,http://creativecommons.org/publicdomain/zero/1.0/deed.en,Boasty,3783076252,Vo6XYUJ7Eys
Q936480,Hot Butter,group,1970,United States,Q111387914,,,,,Slag Solution,108312326,zO-i9a07Ncc
Q936538,Alim Qasimov,person,1977,Soviet Union,Q1474372,Alim Gasimov.jpg,Vugarİbadov,CC BY-SA 3.0,https://creativecommons.org/licenses/by-sa/3.0,Trace of Grace,631371452,sgqdb4_mljA
Q937020,Najee,person,1986,United States,Q831354,NAJEE.JPG,KIM FIELDS,Public domain,,Betcha Don't Know,3328179,n2GDVG4T5so
Q9371848,Weekend,group,2000,Poland,Q1185390,,,,,,,
Q938043,Fanny Lu,person,1998,Colombia,Q535402,Fanny Lu en 2023.jpg,TiempoX,CC BY 3.0,https://creativecommons.org/licenses/by/3.0,Celos,743752142,jGTcXOWplL8
Q938082,Lord Kitchener,person,1922,Trinidad and Tobago,Q752785,1945 - Lord Kitchener.jpg,Unknown author,Public domain,,Love in the Cemetery,13846039,B_aSemA6Mks
Q938630,Dropkick Murphys,group,1996,United States,Q1990122,"Dropkick Murphys, Leeds Festival 2005 (2).jpg",User:Responsible?,CC BY-SA 2.5,https://creativecommons.org/licenses/by-sa/2.5,I'm Shipping Up To Boston,378350101,x-64CaD8GXw
Q939139,Poison the Well,group,1997,United States,Q183862,Poison The Well 2008 (2329336991).jpg,Gergely Csatari,CC BY-SA 2.0,https://creativecommons.org/licenses/by-sa/2.0,Soma (Poison The Well),11118951,
Q939329,Buzzcocks,group,1976,United Kingdom,Q25554481|Q3071|Q487914,"Buzzcocks in Porto Alegre, Brasil.jpg","Luiz Alberto Fiebig Junior [tatu] from Porto Alegre, Brasil",CC BY 2.0,https://creativecommons.org/licenses/by/2.0,Ever Fallen in Love?,376015631,
Q939347,Sérgio Godinho,person,1971,Portugal,Q109350090,Sérgio Godinho Cosmopolite (212359).jpg,Tore Sætre,CC BY-SA 4.0,https://creativecommons.org/licenses/by-sa/4.0,Liberdade,4109878,HVCt3RGcjRQ
Q939429,Cybotron,group,1980,United States,Q217597|Q1325963,,,,,Clear,2551269312,YT4qqZHN8no
Q939556,Stabbing Westward,group,1985,United States,Q968730,Stabbing Westward.jpg,Jax 0677,CC BY-SA 4.0,https://creativecommons.org/licenses/by-sa/4.0,Save Yourself,624910,5NZsCYOM4j0
Q939829,Djavan,person,1972,Brazil,Q1046768,Djavan San Javier Jazz 2023 26 (cropped).jpg,Tsaorin,CC BY-SA 4.0,https://creativecommons.org/licenses/by-sa/4.0,Se...,74617711,ZSZyth38-zk
Q940536,The Damned,group,1976,United Kingdom,Q3071,The Damned.jpg,Amber,CC BY 2.0,https://creativecommons.org/licenses/by/2.0,Life Goes On,3803554062,TaDbMZlN2Pg
Q940848,Nara Leão,person,1964,Brazil,Q486263|Q1413061,NaraLeão.jpg,Kuroro Lúcifer,CC BY-SA 4.0,https://creativecommons.org/licenses/by-sa/4.0,O Barquinho,17467113,1v-NeQrmm3E
Q941559,Low,group,1993,United States,Q1490170,Low-2008-09-11-Barby-06.jpg,Amir E. Aharoni,CC BY-SA 3.0,https://creativecommons.org/licenses/by-sa/3.0,,,
Q941738,DJ Fresh,person,1996,United Kingdom,Q107332291,DJ Fresh.jpg,Alkivar,CC BY-SA 2.5,https://creativecommons.org/licenses/by-sa/2.5,Hot Right Now,144543232,N7OPZOBJZyI
Q942076,Brotha Lynch Hung,person,1986,United States,Q1139136,Brotha Lynch Hung.jpg,Kevin21555,CC BY 3.0,https://creativecommons.org/licenses/by/3.0,Sweeney Todd,63435619,hSiIqMdrL8s
Q942165,Graveland,group,1990,Poland,Q12882577,Graveland (Kolovorot fest).jpg,JurgenPhotography,CC BY-SA 4.0,https://creativecommons.org/licenses/by-sa/4.0,,,
Q942311,Matching Mole,group,1971,United Kingdom,Q727803,,,,,God Song,92407944,sMUx_9_trGw
Q942668,Ying Yang Twins,group,1997,United States,Q936573,Ying Yang Twins Afghanistan 1.jpg,Sgt. Charles Brice,Public domain,,Wait (The Whisper Song),2375108,HAnXIIv5He8
Q943253,The Troggs,group,1964,United Kingdom,Q211573,The Troggs (1966).png,Fontana Records,Public domain,,Wild Thing,729595152,gSWInYFVksg
Q943592,Wreckx-n-Effect,group,1988,United States,Q840065,,,,,Rump Shaker,1762377537,vJXwFc7OqXs
Q943904,Fonseca,person,1997,Colombia,Q535402,Fonseca en el FIA 2026 02.jpg,Adriana Romero Bustos/Ministerio de Cultura y Juventud de Costa Rica,Public domain,,,,
Q943982,Rites of Spring,group,1984,United States,Q10926|Q3724778,Guy Picciotto.jpg,User: Skittles266,CC BY-SA 3.0,https://creativecommons.org/licenses/by-sa/3.0,For Want Of,1717956527,Ra5y1SwQIb8
Q944058,Heavenly,group,1989,United Kingdom,Q370778|Q842324,Heanly point ephemere mai 2024.jpg,Le-sens-commun,CC BY-SA 4.0,https://creativecommons.org/licenses/by-sa/4.0,Lost in Your Eyes,90596083,o70DTcfBV_A
Q944143,Integrity,group,1988,United States,Q183862,Integrity @ Roadburn Festival 2017 04.jpg,Grywnn,CC BY-SA 4.0,https://creativecommons.org/licenses/by-sa/4.0,,,
Q944365,D'banj,person,2004,Nigeria,Q25099840,D'banjawards.jpg,Tobennandu at English Wikipedia,CC BY-SA 3.0,https://creativecommons.org/licenses/by-sa/3.0,Oliver Twist,496323572,PjVvHFnkXwU
Q945778,Chuck Mangione,person,1960,United States,Q846833,Chuck Mangione 1998.jpg,"John Mathew Smith and celebrity-photos.com from Laurel, Maryland",CC BY-SA 2.0,https://creativecommons.org/licenses/by-sa/2.0,Feels So Good,548727132,ZOtxTyJmxVI
Q94579368,King Von,person,2018,United States,Q15697534|Q115691081,King Von.png,Danny Rome,CC BY 3.0,https://creativecommons.org/licenses/by/3.0,,,
Q946505,Nicola Conte,person,1964,Italy,Q1136331,Nicola Conte.jpg,Gergely Csatari,CC BY-SA 2.0,https://creativecommons.org/licenses/by-sa/2.0,Bossa Per Due,211277,YHPFXEooQOc
Q946728,Keith Sweat,person,1975,United States,Q840065,LTG Vereen Hosts R&B singer Keith Sweat (1) (cropped).jpg,Christopher Kaufmann,Public domain,,Twisted,3616531,cP4yAnbtDZE
Q947198,D4L,group,2003,United States,Q2991840,,,,,Laffy Taffy,3896443,4eVxoIL_Nq0
Q947955,The Residents,group,1972,United States,Q1640319,Residents 2013.jpg,Own work,CC BY-SA 2.0 de,https://creativecommons.org/licenses/by-sa/2.0/de/deed.en,,,
Q948214,Necrophobic,group,1989,Sweden,Q2997058|Q2599472,Necrophobic Saarbrücken 2011.JPG,Gripweed,CC BY-SA 3.0,https://creativecommons.org/licenses/by-sa/3.0,Tsar Bomba,439184162,CzLFHRCNwmk
Q94831,Blake Shelton,person,2001,United States,Q16954055,Blake Shelton July 2017 (cropped).jpg,DoD News,CC BY 2.0,https://creativecommons.org/licenses/by/2.0,God's Country,654789872,ZEWGyyLiqY4
Q948868,Kurt Elling,person,1995,United States,Q2299060,KE Upward Spiral headshot (300x300) (cropped).png,Palma Kolansky,Attribution,,Blue Gardenia,126024869,uTN4zeVw23A
Q949424,DDT,group,1980,Soviet Union,Q4078107,DDT Caesarea 2012.JPG,Levg,CC BY-SA 3.0,https://creativecommons.org/licenses/by-sa/3.0,,,
Q95008,John Carpenter,person,1969,United States,Q107985638,Portrait of John Carpenter.jpg,Kyle Cassidy,CC BY-SA 4.0,https://creativecommons.org/licenses/by-sa/4.0,Halloween Theme,555263792,gqVyois9mp4
Q950290,Crazyhead,group,1986,United Kingdom,Q1987105,Crazyhead (1995).jpg,"Greg Neate from Sussex, UK",CC BY 2.0,https://creativecommons.org/licenses/by/2.0,Have Love Will Travel,3200150,pKBICLPNWDQ
Q950309,The B-52's,group,1976,United States,Q187760|Q106654134,The B-52's (1980 Warner publicity photo).jpg,Lynn Goldsmith; Distributed by Warner Bros. Records,Public domain,,Love Shack,3819055,9SOryJvTAGs
Q951170,Strike Anywhere,group,1999,United States,Q542703,"Strike Anywhere, Taipei 2-28-07.jpg",camilo gomez from Taipei,CC BY 2.0,https://creativecommons.org/licenses/by/2.0,Refusal,378424721,NOe_jh6nGCs
Q951819,Scratch Acid,group,1982,United States,Q131535243,Scratch Acid Union Transfer 2011 01.jpg,Vladimir,CC BY-SA 2.0,https://creativecommons.org/licenses/by-sa/2.0,Greatest Gift,3223021191,eFUykAcj5j8
Q952337,Hooverphonic,group,1995,Belgium,Q205560,Hooverphonic Atlas Weekend 2019.jpg,Anntinomy,CC BY-SA 4.0,https://creativecommons.org/licenses/by-sa/4.0,Mad About You,850423,xVKGXgHDMvQ
Q952468,Sentenced,group,1989,Finland,Q178145,"Sentenced, Wacken Open Air 2005.jpg",Ester,Public domain,,Nepenthe,680599312,j55oEnYKhVM
Q952965,Carlos Paredes,person,1939,Portugal,Q5141514,Carlos Paredes.jpg,Bottelho,CC BY-SA 3.0,https://creativecommons.org/licenses/by-sa/3.0,"Canção Verdes Anos (Do Filme ""Os Verdes Anos"")",2042134,
Q953083,I See Stars,group,2006,United States,Q2084353,I See Stars Warped 2010.jpg,http://en.wikipedia.org/wiki/User:Krazycev13,CC BY 3.0,https://creativecommons.org/licenses/by/3.0,Anomaly,3419289651,Ttu1Hzix9fs
Q953117,Olga Guillot,person,1945,Cuba,Q15830404|Q489913,Olga guillot.jpg,Callelinea,Public domain,,Lágrimas Negras,861315072,US5sOnrMwME
Q953450,Seu Jorge,person,1998,Brazil,Q834959,Seu Jorge.jpg,"José Goulão from Lisbon, Portugal",CC BY-SA 2.0,https://creativecommons.org/licenses/by-sa/2.0,Amiga da Minha Mulher,3261211561,NSB8CxJif5M
Q953918,Mumford & Sons,group,2007,United Kingdom,Q11700058|Q123421101,"Mumford & Sons, performing at Aviemore, Scotland 2015.jpg","Stefan Schäfer, Lich",CC BY-SA 4.0,https://creativecommons.org/licenses/by-sa/4.0,Little Lion Man,3026049971,X7bHe--mp1g
Q954332,Moonsorrow,group,1995,Finland,Q213149|Q12882577|Q484179,Moonsorrow MTR 20110617 23.jpg,Cecil,CC BY-SA 3.0,https://creativecommons.org/licenses/by-sa/3.0,Pakanajuhla,2141984797,eO4oyiEKHzs
Q954348,Gorefest,group,1989,Netherlands,Q1181308,"Gorefest, Moscow.jpg",Mexican81,CC BY 3.0,https://creativecommons.org/licenses/by/3.0,Erase,668824872,25Wgpi7JVaY
Q954623,Mike Jones,person,2001,United States,Q136908587,,,,,Still Tippin',790424,7ZAYzLjQAd4
Q954681,Lucho Gatica,person,1946,Chile,Q489913,Lucho Gatica (2011).jpg,08-07-2011_Presidente_Piñera_-_Lucho_Gatica.jpg: tu Foto con el Presidente derivative work: Rec79 (talk),CC BY 2.0,https://creativecommons.org/licenses/by/2.0,,,
Q95494604,Takashi Kokubo,person,1956,Japan,Q112159506,,,,,Yakushima-Forest Full of Life,1055635132,
Q954997,Michael Nesmith,person,1965,United States,Q136206036,Michael Nesmith 2013.jpg,Michael Borkson,CC BY 2.0,https://creativecommons.org/licenses/by/2.0,Rio,345467281,yciLq5kYFnU
Q955863,Swing Out Sister,group,1985,United Kingdom,Q264289,Swing Out Sister.JPG,CorinneDrewerySOS06.jpg: Carl Lender at https://www.flickr.com/photos/clender/ AndyConnellSOS06.jpg: Carl Lender at http,CC BY-SA 3.0,https://creativecommons.org/licenses/by-sa/3.0,Am I The Same Girl?,1566910032,3zYiON0HB7o
Q956500,Orchestral Manoeuvres in the Dark,group,1978,United Kingdom,Q1298934,O.M.D. Bandpic.jpg,Andrew D. Hurley,CC BY-SA 2.0,https://creativecommons.org/licenses/by-sa/2.0,Electricity,3156220,Y43XLVqjytQ
Q956870,Just Blaze,person,1997,United States,Q1074569,Just Blaze Broccoli City 2014 (cropped).jpg,fuseboxradio from USA,CC BY-SA 2.0,https://creativecommons.org/licenses/by-sa/2.0,Higher,69754854,FcrCiBVbNvo
Q95688943,Yoasobi,group,2019,Japan,Q113563746,Yoasobi.jpg,Colleen Sturtevant,CC BY-SA 4.0,https://creativecommons.org/licenses/by-sa/4.0,アイドル,2210493097,ZRtdQ81jPUQ
Q95694810,42 Dugg,person,2017,United States,Q106839650,42 Dugg.png,Mitch 3600 (formerly Mitch PNF),CC BY 3.0,https://creativecommons.org/licenses/by/3.0,4 Da Gang,1378240212,x6LBEoIF1mk
Q95698148,Fivio Foreign,person,2013,United States,Q15697534|Q126281100,Fivio in 2020.jpg,X3000LCE,CC BY 3.0,https://creativecommons.org/licenses/by/3.0,City of Gods,1652438572,0yVdBlGSgRw
Q95699749,Charlie Monttana,person,1984,Mexico,Q5690818,Charlie Monttana @ Ruta 61 (cropped).jpg,Esparta Palma,CC BY 2.0,https://creativecommons.org/licenses/by/2.0,Vaquero Rockanrolero,87430097,aY5vJn2yVu4
Q957090,The Obsessed,group,1976,United States,Q108979517,Obsessed 7erClub Mannheim.JPG,w:de:User:Smalltown Boy (Diskussion),CC0,http://creativecommons.org/publicdomain/zero/1.0/deed.en,Colombia,3573248021,NdAr0EaWPmE
Q958578,Lloyd Price,person,1933,United States,Q3658336,LloydPrice1996.jpg,Masahiro Sumori,CC BY-SA 4.0,https://creativecommons.org/licenses/by-sa/4.0,Personality,1560215,MvPU-cvaKCM
Q958708,Bubba Sparxxx,person,1996,United States,Q2706919,BubbaSparxxxSign.jpg,Erik Schultz at https://www.flickr.com/photos/radphoto,CC BY-SA 3.0,https://creativecommons.org/licenses/by-sa/3.0,Ms. New Booty,3405985,
Q958875,Israel Vibration,group,1970,Jamaica,Q1299260,Israelvibrationphoto.jpg,IVAD,CC BY-SA 4.0,https://creativecommons.org/licenses/by-sa/4.0,The Same Song,3496865,0B-magM6wNs
Q959100,Sham 69,group,1975,United Kingdom,Q274401,Sham 69.jpg,Conall,CC BY 4.0,https://creativecommons.org/licenses/by/4.0,If The Kids Are United,1495951572,2GQMIXGRjaw
Q959655,Four Tet,person,1998,United Kingdom,Q817138|Q1435509,Four Tet 2004-04-04 (cropped).jpg,Chris Pimlott,CC BY-SA 3.0,http://creativecommons.org/licenses/by-sa/3.0/,Loved,2576022002,k2DR-ZEPHa4
Q96047,Mickie Krause,person,1970,Germany,Q114443489,Mickie-Krause 0684.jpg,Sven Teschke,CC BY-SA 3.0 de,https://creativecommons.org/licenses/by-sa/3.0/de/deed.en,Baila Baila,3466713041,mqqoJZTm8Ps
Q9609477,Amado Batista,person,1951,Brazil,Q2464314,Amado batista.jpg,Olimor - original e remix,CC BY-SA 3.0,https://creativecommons.org/licenses/by-sa/3.0,Alucinação (Ao Vivo),3912036641,
Q960974,Paul Elstak,person,1987,Kingdom of the Netherlands,Q388906|Q820049|Q339906,Dj-paul-elstak-1305292754.jpg,Kristel van den Hooven,CC BY 3.0,https://creativecommons.org/licenses/by/3.0,,,
Q961447,Kurtis Blow,person,1979,United States,Q868855,"Kurtis Blow im Musiktheater Bad (Hannover, Germany), 2012-03-30.JPG",Ferhat Ataman,CC BY-SA 3.0,https://creativecommons.org/licenses/by-sa/3.0,The Breaks,1580525,5ZDUEilS5M4
Q961810,The Chariot,group,2003,United States,Q616679|Q2225757,Scogin Cornerstone06.jpg,Daniel Leininger,CC BY 2.0,https://creativecommons.org/licenses/by/2.0,,,
Q96187424,Satoshi Ashikawa,person,1974,,Q112159506,,,,,Landscape Of Wheels,752855532,IMn1qGBc_co
Q9619,Tame Impala,group,2007,Australia,Q206159|Q703778|Q383982,Tame Impala.jpg,Michael Spencer,CC BY 2.0,https://creativecommons.org/licenses/by/2.0,Dracula,3818963601,xnP7qKxwzjg
Q962197,Carl Craig,person,1989,United States,Q170611|Q526463,Carl Craig.jpg,"Copyright: Monty Luke, Planet E Communications, https://www.planet-e.net",CC BY-SA 3.0,https://creativecommons.org/licenses/by-sa/3.0,The Melody,144858134,ZFHD9QpQDFA
Q962366,Morton Subotnick,person,1933,United States,Q105763581,Simultaneous MIDI control and Buchla touch keyboard.jpg,Ethan Hein,CC BY 2.0,https://creativecommons.org/licenses/by/2.0,,,
Q962524,Mentallo & the Fixer,group,1988,United States,Q1403744,,,,,,,
Q962528,The Chocolate Watchband,group,1965,United States,Q135112757,Chocolate Watchband c. 1966.jpg,Unknown author,Public domain,,,,
Q963044,Allen Toussaint,person,1938,United States,Q3658336,AllenToussaintFreretStFestival2009DSBNOLA (cropped).jpg,Flickr photographer dsb nola / Derek Bridges,CC BY 2.0,https://creativecommons.org/licenses/by/2.0,Night People,10133363,SJZXg3fQkUo
Q96308743,Boy Pablo,group,2015,Bergen,Q28746819,Boy Pablo Piknik i Parken 2019 (170641).jpg,Tore Sætre,CC BY-SA 4.0,https://creativecommons.org/licenses/by-sa/4.0,,,
Q963107,Herbert Howells,person,1892,United Kingdom,Q48810672|Q8812109,Herbert Howells 1892-1983 Composer and Teacher lived here 1946-1983.jpg,Spudgun67,CC BY-SA 4.0,https://creativecommons.org/licenses/by-sa/4.0,,,
Q963142,Ernest Tubb,person,1914,United States,Q5128236|Q3140141|Q65943778,Ernest Tubb publicity portrait - Cropped.jpg,Atlas Artist Bureau,Public domain,,Thanks A Lot,132631090,mx3PIIk8tZk
Q963396,Valentín Elizalde,person,1998,Mexico,Q221934,Valentín Elizalde in 2006.jpg,Perruñauña50,CC BY-SA 4.0,https://creativecommons.org/licenses/by-sa/4.0,Te Quiero Así,125542144,sT_WvWbdHvw
Q96375829,DJ Lag,person,2012,South Africa,Q29973057,,,,,WaWaWa,3589010831,fU_dI2uwgTc
Q96381993,Imperial Triumphant,group,2005,,Q126954549,,,,,Gomorrah Nouveaux,3128447251,7Ios6fwqrSU
Q963827,Tennessee Ernie Ford,person,1949,United States,Q106562392,Tennessee Ernie Ford 1957.JPG,NBC Television,Public domain,,Peace Like A River,1483898372,tRCXzWIJiBI
Q96386222,Kolohe Kai,group,,,Q136537479,,,,,Cool Down,9169360,TNw6pjk-RxU
Q9639349,Ave Sangria,group,1969,Brazil,Q10387147,"2024-02-10 Carnaval de Olinda 2024, 017.jpg",Prefeitura de Olinda,CC BY 2.0,https://creativecommons.org/licenses/by/2.0,Dois Navegantes,2362256865,rfeli7lyb-8
Q964002,Roni Size,person,1988,United Kingdom,Q188994|Q9011351,Roni Size.jpg,Eoindkelly (talk),CC BY-SA 3.0,https://creativecommons.org/licenses/by-sa/3.0,Brown Paper Bag,2133889207,cwI0gbGEyuI
Q964219,Fred McDowell,person,1926,United States,Q5762403,Mississippi Fred McDowell.jpg,[1],CC BY-SA 2.0,https://creativecommons.org/licenses/by-sa/2.0,Woke Up This Morning With My Mind On Jesus,13223556,54g1mnHTz-o
Q965154,Terrorizer,group,1986,United States,Q188534|Q888612,,,,,Fear Of Napalm,70977920,AG-menlRlAg
Q9654390,Benito di Paula,person,1968,Brazil,Q10367222,Benito-di-paula.jpg,material promocional do programa Samba da Gamboa,CC BY 3.0 br,https://creativecommons.org/licenses/by/3.0/br/deed.en,Retalhos De Cetim (Ao Vivo),1386481422,Mk4XngicZtY
Q965455,Alesso,person,2010,Sweden,Q106634944,Alesso playing live at Ushuaia Ibiza.jpeg,Fiesta Hotels &amp; Resorts S.L..The original uploader was Alice Rising at English Wikipedia..,CC BY-SA 3.0,https://creativecommons.org/licenses/by-sa/3.0,Heroes (we could be),100068938,a7SouU3ECpU
Q965493,Samla Mammas Manna,group,1969,Sweden,Q3630966,,,,,Dundrets fröjder,2863261802,gwouLphkxiA
Q965888,Carlos Vives,person,1978,Colombia,Q1574985|Q535402,Carlos Vives - World Economic Forum on Latin America 2010.jpg,World Economic Forum,CC BY-SA 2.0,https://creativecommons.org/licenses/by-sa/2.0,La Bicicleta,420364332,-UV0QGLmYys
Q966088,Kepa Junkera,person,1983,Spain,Q29252685,Kepa junkera 0001.jpg,paulbaker,CC BY 2.0,https://creativecommons.org/licenses/by/2.0,Bok-Espok,3521626,r-qF1yezXPc
Q9661296,Bonde do Tigrão,group,2000,Brazil,Q1931130,,,,,O Baile Todo,15834159,m2AHbiIX3_0
Q966231,Skinless,group,1992,United States,Q2265866,,,,,,,
Q966565,Tex Ritter,person,1905,United States,Q1425111,Tex Ritter 1966.JPG,Capitol Records,Public domain,,Blood On The Saddle,12345493,k7Wf6_baka4
Q966845,J Balvin,person,2004,Colombia,Q202930,"J Balvin, Noisey Meets; Oct 2018.jpg",Jeff Pinilla,CC BY 3.0,https://creativecommons.org/licenses/by/3.0,Azul,903698362,bcaLBKH-Yfc
Q967230,Terence Blanchard,person,1980,United States,Q14546558,Terence Blanchard.jpg,"Derek Bridges New Orleans, LA",CC BY 2.0,https://creativecommons.org/licenses/by/2.0,Blut Und Boden (Blood and Soil),913731552,JmIVNXYRn3M
Q9674234,Calcinha Preta,group,1995,Brazil,Q10283582,Calcinha Preta - Logo.png,BANDA CALCINHA PRETA PRODUÇÕES E EDIÇÕES MUSICAIS LTDA.,Public domain,,Mágica,74455869,t_igZoSUwGc
Q968313,Chicken Shack,group,1965,United Kingdom,Q918542,,,,,I’d Rather Go Blind,2148396857,Ohx9Ve7-GS0
Q968938,Johnnie Taylor,person,1953,United States,Q2521569,Johnnie Taylor at the 1973 PUSH Black Expo.gif,en:John H. White (photojournalist),Public domain,,Good Love,404963522,Ccgb_lGNbc4
Q96945267,Wally Seck,person,2009,Senegal,Q556959,Wallybseck.jpg,Edjeezy,CC BY-SA 4.0,https://creativecommons.org/licenses/by-sa/4.0,,,
Q9695,Henry Purcell,person,1679,Kingdom of England,Q8361,Henry Purcell by John Closterman.jpg,anonymous,Public domain,,Abdelazer Suite: Z. 570: II. Rondeau in D,66669589,
Q9696192,Capiba,person,1904,Brazil,Q1455932|Q10285947,,,,,,,
Q969629,Floyd Cramer,person,1953,United States,Q1751782,Floyd Cramer (1965).jpg,Jack de Nijs for Anefo / Anefo,CC0,http://creativecommons.org/publicdomain/zero/1.0/deed.en,,,
Q970502,The Kingsmen,group,1959,United States,Q211573|Q3752342,The Kingsmen 1966.jpg,Scandore/Shayne (personal management),Public domain,,,,
Q97096739,DJ Spanish Fly,person,,United States,Q6010117,DJ Spanish Fly in 2025.png,Mr. Zee's,CC BY 3.0,https://creativecommons.org/licenses/by/3.0,Gangsta Walk (Hip-Hop Evolution/Netflix),2347922125,
Q97122096,Pierre Didy Tchakounté,person,1950,Cameroon,Q6748746,,,,,Meguela,97332084,7Iy5EdH7RSQ
Q9726,Gioachino Rossini,person,1810,Papal States,Q1344,Composer Rossini G 1865 by Carjat.jpg,Étienne Carjat,Public domain,,,,
Q972623,Hatfield and the North,group,1972,United Kingdom,Q727803,,,,,,,
Q973104,Cockney Rejects,group,1979,United Kingdom,Q274401,Cockney Rejects (Ruhrpott Rodeo 2013) IMGP5741 smial wp.jpg,Smial (talk),FAL,http://artlibre.org/licence/lal/en,Bad Man,13459848,EIceLNzqYb8
Q973113,Eyehategod,group,1988,United States,Q720959,Eyehategod - Roskilde Festival 2011.jpg,Bill Ebbesen,CC BY-SA 3.0,https://creativecommons.org/licenses/by-sa/3.0,Blank,108566214,SqSKTUJvFIE
Q973166,Wilfrido Vargas,person,1972,Dominican Republic,Q282131,Wilfrido Vargas3.jpg,Reynaldo Brito,CC BY-SA 3.0,https://creativecommons.org/licenses/by-sa/3.0,Abusadora,13270385,WmBTS0niDbM
Q973400,Alexander Bashlachev,person,1983,Soviet Union,Q4078107,Cropped Башлачёв.jpg,Alexander Bashlachev 1987.jpg: Игорь Владимирович Мухин derivative work: Чръный человек,CC BY-SA 3.0,https://creativecommons.org/licenses/by-sa/3.0,,,
Q974298,Rusko,person,2006,United Kingdom,Q20474,DJRusko.jpg,John Puddephatt,CC BY-SA 2.0,https://creativecommons.org/licenses/by-sa/2.0,Rubix Cube,3170630481,mLg4Uk4mzpg
Q974670,Joe Liggins,person,1987,United States,Q1515757,,,,,Louisiana Woman,4124878,_9PAWWRPvTA
Q97483826,Ayinla Omowura,person,1970,Nigeria,Q617338,,,,,,,
Q974970,Ruben Rada,person,1955,Uruguay,Q1033073,Ruben Rada2.jpg,Unknown author,Public domain,,Sera Posible,117380890,6pQNuuGxCKo
Q975016,Chiclete com Banana,group,1980,Brazil,Q1435485,Chiclete com Banana no carnaval de Salvador.jpg,Patrick Silva,CC BY-SA 3.0,https://creativecommons.org/licenses/by-sa/3.0,100% Você,13304593,nqHcwf3Z3OI
Q976090,Mannie Fresh,person,1984,United States,Q4949812,Mannie Fresh interview on The Come Up Show (34808848805) (cropped).jpg,Photograph by Erin Cazes; The Come Up Show from Canada,CC BY 2.0,https://creativecommons.org/licenses/by/2.0,Real Big,1761333797,dp9ch-dAKk0
Q97671621,Dave Nada,person,,,Q21092,,,,,Blass Is Talking Right Now,454982912,
Q976851,Disembowelment,group,1989,Australia,Q2089511,,,,,The Tree of Life and Death,864956432,Wt3zAcOJrRM
Q976991,Dashboard Confessional,group,1999,United States,Q10926,DashboardConfessional 2006 cropped.JPG,"Ian Wilson from London, England",CC BY 2.0,https://creativecommons.org/licenses/by/2.0,Hands Down,661533112,Jt-U1wcn_QU
Q977373,The Blue Sky Boys,group,,United States,Q135687210,,,,,,,
Q977786,Soul II Soul,group,1988,United Kingdom,Q106876903,"Soul II Soul feat MC Chickaboo, Lambeth Country Show 2010, Brockwell Park (4803779361).jpg","Loz Pycock from London, UK",CC BY-SA 2.0,https://creativecommons.org/licenses/by-sa/2.0,Back To Life,3125988,TB54dZkzZOY
Q977845,Eddie Santiago,person,1984,United States,Q7405765,Eddie Santiago.jpg,Darwin Durán,CC BY-SA 2.0,https://creativecommons.org/licenses/by-sa/2.0,Que Locura Enamorarme De Ti,429989492,8npywMdv0Sw
Q9783121,Clube do Balanço,group,,Brazil,Q834959,Marco Mattoli.jpg,Patricia Oliveira,CC BY 2.0,https://creativecommons.org/licenses/by/2.0,Paz e Arroz,84470097,cuc2VskwBXE
Q979411,Jerry Jeff Walker,person,1967,United States,Q14493900|Q4490991,Jerry Jeff Walker.jpg,Duke53 at English Wikipedia,CC BY-SA 3.0,http://creativecommons.org/licenses/by-sa/3.0/,Mr. Bojangles,670748,98ubPmqjqLk
Q981180,The Number Twelve Looks Like You,group,2002,United States,Q106594784,The-Number-Twelve-Looks-Like-You-2017-08-16 21-40-2.jpg,Itokyl,CC BY-SA 4.0,https://creativecommons.org/licenses/by-sa/4.0,Don't Get Blood on My Prada Shoes,3954932801,JBwVKuZYhxY
Q981236,Paco Ibáñez,person,1956,Spain,Q98528181,Paco Ibañez 005.JPG,Simoncio,CC BY-SA 4.0,https://creativecommons.org/licenses/by-sa/4.0,La mala reputación,3259647041,9j1jumnQeSw
Q981397,Skepticism,group,1991,Finland,Q2738113,Hammer of Doom X Würzburg Skepticism 14.jpg,Denis Barthel,CC BY-SA 4.0,https://creativecommons.org/licenses/by-sa/4.0,The Swan and the Raven,1391201912,05rjYI8hom8
Q982314,Luiz Gonzaga,person,1940,Brazil,Q586110|Q2879962|Q502808,Luiz Gonzaga (1957).jpg,Unknown,Public domain,,Asa Branca,13290609,zsFSHg2hxbc
Q982678,King Sunny Adé,person,1960,Nigeria,Q1715700,King Sunny Ade.jpg,master_xpo,CC BY 2.0,https://creativecommons.org/licenses/by/2.0,Sunny Ti De,1506173732,Col5h0_3dfw
Q982784,Kavinsky,person,1997,France,Q113493820|Q140369806|Q19938910,Kavinsky 2.jpg,Delrem at English Wikipedia cropped by MRCLD,CC BY-SA 4.0,https://creativecommons.org/licenses/by-sa/4.0,Nightcall,2992806421,MV_3Dpw-BRY
Q982857,Ebenezer Obey,person,1950,Nigeria,Q1715700,Ebenezer Obey.jpg,SaharaTV,CC BY 3.0,https://creativecommons.org/licenses/by/3.0,Iba F'Oluwa/Ajokodabi Ile (Highlife Juju Yoruba),17203629,
Q982872,Femi Kuti,person,1978,Nigeria,Q388296,Femi-Kuti.jpg,Carlos Fernández San Millán,CC BY-SA 2.0,https://creativecommons.org/licenses/by-sa/2.0,,,
Q983329,Freddie Aguilar,person,1973,Philippines,Q107565104,Freddie- aguilar.jpg,Martine Girard,CC BY 2.0,https://creativecommons.org/licenses/by/2.0,Anak,1670879092,ibmh64itn1M
Q983338,Tony Joe White,person,1968,United States,Q675553|Q2998920,Tony Joe White with guitar.jpg,Leann White,CC BY-SA 4.0,https://creativecommons.org/licenses/by-sa/4.0,Polk Salad Annie,67515798,MCSsVvlj6YA
Q983479,Carlos do Carmo,person,1964,Portugal,Q185676,Carlos do Carmo 2013.jpg,Manuelvbotelho,CC BY-SA 3.0,https://creativecommons.org/licenses/by-sa/3.0,Lisboa Menina E Moça,4229599,rO-McbaFC10
Q983496,Cheb Hasni,person,1986,Algeria,Q839029|Q3908372,Hasni 5.svg,Mouh2jijel,Public domain,,Sbaart Ou Tal Adabi,2655952272,mIEaGZhan8o
Q983914,José Mário Branco,person,1963,Portugal,Q109350090,José Mário Branco by Rita Carmo.jpg,Rita Carmo,CC BY-SA 4.0,https://creativecommons.org/licenses/by-sa/4.0,Inquietação,61103146,KLxJrkMpDSY
Q983920,Issac Delgado,person,1962,Cuba,Q371745,IsaacDelgado.jpg,Adalbertotorres,CC BY 3.0,https://creativecommons.org/licenses/by/3.0,Necesito Una Amiga,1677920,li5j03lrC6U
Q984122,Rafael Cortijo,person,1928,United States,Q2278063|Q2715398,,,,,Un Minuto De Silencio (Bolero),33472211,
Q984331,Kurt Vile,person,2003,United States,Q108123046,Kurt Vile - Roskilde Festival 2011.jpg,Bill Ebbesen,CC BY-SA 3.0,https://creativecommons.org/licenses/by-sa/3.0,Pretty Pimpin,107741676,659pppwniXA
Q98456012,Carlos Burity,person,1952,Angola,Q1470503,,,,,Tona Caxi,102683326,
Q98597125,DJ Tameil,person,,,Q4965901,,,,,Rude Boy Giddy Up,556114492,8obDZ7YkQpg
Q98641279,Backyard Band,group,,,Q2697917,,,,,,,
Q98740205,Sleepy Hallow,person,2017,United States,Q126281100,Sleepy Hallow in 2019.png,DOGGTOWN DIGIT4L,CC BY 3.0,https://creativecommons.org/licenses/by/3.0,ANXIETY,2444401025,AkUeD0kzWaI
Q992295,The Gap Band,group,1967,United States,Q30632022,Gap Band.jpg,Lionel decoster,CC BY-SA 3.0,https://creativecommons.org/licenses/by-sa/3.0,Early In The Morning,539098422,
Q99386320,Sheff G,person,2016,United States,Q126281100,Sheff G.png,Nicholassuarezf05,CC BY-SA 4.0,https://creativecommons.org/licenses/by-sa/4.0,Weight On Me,941616562,z9a3pXKvNTE
Q994671,Brutal Truth,group,1990,United States,Q188534,BrutalTruth by Christian Misje 02.jpg,Christian Misje,CC BY-SA 3.0,https://creativecommons.org/licenses/by-sa/3.0,Birth of Ignorance,70981984,r2a8hhm4OPs
Q99527593,Nahawa Doumbia,person,1959,Mali,Q7972788,,,,,Kungo Sogoni,62717114,oaDxiuikx70
Q99674255,Uk Apache,person,,,Q2710523,,,,,Original Nuttah 25,735965072,GclYmrvWyuY
Q999313,Buck-Tick,group,1983,Japan,Q131425,,,,,Dress,2120716257,cyD4d6EovNw
Q999968,Buckwheat Zydeco,person,1971,United States,Q245296,Buckwheat Zydeco.jpg,No machine-readable author provided. HorsePunchKid assumed (based on copyright claims).,CC BY-SA 3.0,http://creativecommons.org/licenses/by-sa/3.0/,Ma Tit Fille,2760157,Sfdc4-LiSNg
