genre_id,genre,artists
Q9778,electronic music,Aphex Twin | Daft Punk | Giorgio Moroder | Jean-Michel Jarre | Karlheinz Stockhausen | Kraftwerk | Tangerine Dream | The Chemical Brothers
Q863539,binaural beats,
Q111387914,moogsploitation,Dick Hyman | Hot Butter | Perrey and Kingsley
Q193207,ambient music,Aphex Twin | Brian Eno | Global Communication | Harold Budd | Hiroshi Yoshimura | Stars of the Lid | The Orb | William Basinski
Q213121,new age music,Andreas Vollenweider | Enya | George Winston | Kitaro | Paul Winter | Steven Halpern | Vangelis | Yanni
Q613874,neoclassical new-age music,
Q622688,Andean new age music,
Q98528207,Celtic new age,Clannad | Enya | Loreena McKennitt | Secret Garden
Q112593424,Native American new age music,Mary Youngblood | R. Carlos Nakai
Q16625659,space ambient,Jonn Serrie | Michael Stearns | Steve Roach
Q98528139,tribal ambient,O Yuki Conjugate | Robert Rich | Steve Roach | Vidna Obmana
Q756956,dark ambient,Atrium Carceri | Coil | Deutsch Nepal | Lustmord | Raison d'être
Q48971892,dungeon synth,Burzum | Depressive Silence | Erang | Fief | Mortiis | Old Tower
Q112118786,winter synth,Vinterriket
Q112118783,comfy synth,Hole Dweller
Q140630035,dungeon chip,
Q140369600,keller synth,
Q106642137,black ambient,
Q12671486,ritual ambient,Aghast | Inade
Q113447222,ambient americana,Chuck Johnson | SUSS | William Tyler
Q112159506,kankyō ongaku,Haruomi Hosono | Hiroshi Yoshimura | Midori Takada | Satoshi Ashikawa | Takashi Kokubo | Yoshio Ojima
Q79784514,progressive electronic music,Ashra | Cluster | Isao Tomita | Jean-Michel Jarre | Klaus Schulze | Kraftwerk | Tangerine Dream | Vangelis
Q530750,Berlin School of electronic music,Ash Ra Tempel | Klaus Schulze | Michael Hoenig | Redshift | Steve Roach | Tangerine Dream
Q851213,electronic dance music,Avicii | Daft Punk | David Guetta | Deadmau5 | Frankie Knuckles | Skrillex | The Chemical Brothers | The Prodigy
Q217597,electro,Afrika Bambaataa | Arabian Prince | Cybotron | Drexciya | Egyptian Lover | Mantronix | Newcleus | World Class Wreckin' Cru
Q4049849,spacesynth,Cyber People | Hypnosis | Koto | Laserdance | Proxyon
Q108297232,doskpop,
Q372103,electronic body music,Deutsch Amerikanische Freundschaft | Die Krupps | Front 242 | Front Line Assembly | Liaisons Dangereuses | Nitzer Ebb | Skinny Puppy
Q1890098,new beat,A Split-Second | Code 61 | Confetti's | Lords of Acid
Q106577108,hard beat,
Q828243,futurepop,Apoptygma Berzerk | Assemblage 23 | Covenant | Icon of Coil | Neuroticfish | Rotersand | Seabound | VNV Nation
Q2693142,techno body music,
Q655514,freestyle music,Company B | Debbie Deb | Exposé | Lisa Lisa and Cult Jam | Shannon | Stevie B | Sweet Sensation | TKA
Q20502,house music,Daft Punk | Frankie Knuckles | Kerri Chandler | Larry Heard | Marshall Jefferson | Masters at Work | Phuture | Todd Terry
Q1071961,Chicago house,"DJ Pierre | Farley Jackmaster Funk | Frankie Knuckles | Jesse Saunders | Larry Heard | Marshall Jefferson | Ron Hardy | Steve ""Silk"" Hurley"
Q928825,garage house,Adeva | Blaze | Jomanda | Kerri Chandler | Larry Levan | Masters at Work | Ten City | Tony Humphries
Q97277483,New Jersey sound,Adeva | Blaze | Jomanda | Kerri Chandler | Tony Humphries
Q874038,deep house,Chez Damier | Frankie Knuckles | Joe Smooth | Kerri Chandler | Larry Heard | Moodymann | Ron Trent | Theo Parrish
Q108555812,lo-fi house,Baltra | DJ Boring | DJ Seinfeld | Mall Grab | Ross From Friends
Q341364,acid house,808 State | A Guy Called Gerald | Adonis | Armando | Bam Bam | Phuture | Sleezy D | Tyree Cooper
Q116875230,gospel house,Blaze | Joe Smooth | Kim English | Ten City
Q3056538,Latin house,Masters at Work
Q2465085,ambient house,Global Communication | Mixmaster Morris | Sueño Latino | System 7 | The Future Sound of London | The KLF | The Orb
Q4852979,Baltimore club,Blaqstarr | DJ Class | KW Griff | Rod Lee | Scottie B
Q3032212,diva house,Black Box | CeCe Peniston | Crystal Waters | Kristine W | Loleatta Holloway | Martha Wash | Robin S. | Ultra Naté
Q5655695,hardbag,
Q30917612,Eurohouse,49ers | Black Box | Cappella | Technotronic
Q601235,hip house,Doug Lazy | Fast Eddie | Jungle Brothers | Kool Rock Steady | The Beatmasters | Tyree Cooper
Q2702280,Italo house,49ers | Black Box | Mixmaster | Starlight | Sueño Latino
Q202925,tribal house,Danny Tenaglia | Junior Vasquez | Peter Rauhofer
Q111678759,guaracha,
Q106522098,ballroom,Kevin Aviance | MikeQ | Vjuan Allure
Q915152,progressive house,Deadmau5 | Eric Prydz | Hernán Cattáneo | John Digweed | Leftfield | Sasha | Spooky
Q140637712,epic house,
Q109538574,vinahouse,
Q2748817,ghetto house,DJ Deeon | DJ Funk | DJ Milton | DJ Slugo | Paul Johnson
Q1521688,ghettotech,DJ Assault | DJ Funk | DJ Godfather | Disco D
Q24885387,juke,DJ Clent | DJ Nate | DJ Rashad | DJ Spinn | Jlin | RP Boo | Traxman
Q1585015,hard house,Anne Savage | BK | Lisa Lashes | Paul Glazby | Tidy Boys | Tony De Vit
Q106522190,scouse house,
Q28458027,hardbass,Hard Bass School | XS Project
Q949369,funky house,Bob Sinclar | Full Intention | Roger Sanchez | Stonebridge
Q598593,tech house,Eddie Richards | Fisher | Green Velvet | Hot Since 82 | Jamie Jones | Mr. C | Nathan Coles | Terry Francis
Q112829330,deep tech,
Q122474257,rominimal,Cezar | Petre Inspirescu | Priku | Raresh | Rhadoo
Q1455292,French house,Alan Braxe | Bob Sinclar | Cassius | DJ Falcon | Daft Punk | Modjo | Stardust | Étienne de Crécy
Q1931555,microhouse,Akufen | Isolée | Jan Jelinek | Luomo | Matthew Herbert | Ricardo Villalobos
Q5071702,changa tuki,
Q627906,electro house,Benny Benassi | Boys Noize | Deadmau5 | Justice | Laidback Luke | MSTRKRFT | The Bloody Beetroots | Wolfgang Gartner
Q113493820,French electro,DJ Mehdi | Justice | Kavinsky | Mr. Oizo | SebastiAn | Vitalic
Q2365784,fidget house,Crookers | Hervé | Jack Beats | Riva Starr | Sinden | Switch
Q1228230,Dutch house,Afrojack | Chuckie | Hardwell | Laidback Luke | Quintino | R3hab | Sidney Samson
Q130301602,noiadance,
Q11691380,complextro,Feed Me | Knife Party | Madeon | Mord Fustang | Porter Robinson | Wolfgang Gartner | Zedd
Q20047305,Melbourne bounce,Bombs Away | Joel Fletcher | Timmy Trumpet | Will Sparks
Q956717,kwaito,Arthur Mafokate | Bongo Maffin | Boom Shaka | Mafikizolo | Mandoza | TKZee | Trompies | Zola
Q135369460,bacardi,DJ Mujava | DJ Spoko
Q108321657,jackin' house,
Q108297203,bubbling house,DJ Moortje
Q388100,Afro house,Black Coffee | Caiiro | Culoe De Song | Da Capo | Enoo Napa | Shimza | Themba
Q127606394,3-step,
Q109378734,popcorn music,
Q106634944,festival progressive house,Alesso | Arty | Avicii | Nicky Romero | Otto Knows | Swedish House Mafia
Q15300817,big room house,Blasterjaxx | Dimitri Vegas & Like Mike | Hardwell | KSHMR | Martin Garrix | Nicky Romero | Showtek | W&W
Q109148913,organic house,Be Svendsen | Bedouin | Sabo
Q119438497,UK jackin',
Q80725127,future funk,Macross 82-99 | Moe Shop | Night Tempo | Saint Pepsi | Yung Bae
Q18358879,outsider house,
Q110101956,eletrofunk,
Q85741139,Amapiano,DJ Maphorisa | Focalistic | Kabza De Small | Kelvin Momo | Mas Musiq | Tyler ICU | Uncle Waffles | Young Stunna
Q116745991,Afropiano,Asake
Q27345019,bass house,AC Slater | Chris Lorenzo | Habstrakt | Jauz | Joyryde | Malaa
Q114878571,speed house,
Q85748774,Brazilian bass,Alok | Cat Dealers | Dubdogz | Vintage Culture
Q29973057,gqom,Babes Wodumo | Citizen Boy | DJ Lag | Distruction Boyz | Rudeboyz
Q18342587,tropical house,Felix Jaehn | Klingande | Kygo | Lost Frequencies | Matoma | Robin Schulz | Sam Feldt | Thomas Jack
Q20021059,future house,Brooks | Curbi | Don Diablo | Mesto | Oliver Heldens | Tchami
Q106634926,future bounce,
Q106493832,slap house,Dynoro | Imanbek
Q107697041,g-house,
Q126175574,stutter house,Fred again.. | Joy Anonymous | Salute
Q123753500,phonk house,
Q105637110,jazz house,St Germain
Q116296482,melodic house,Ben Böhmer | Lane 8 | Nora En Pure | Tinlicker | Yotto
Q173844,vocal house,Barbara Tucker | CeCe Peniston | Crystal Waters | Robin S. | Ultra Naté
Q170611,techno,Ben Klock | Carl Craig | Derrick May | Jeff Mills | Juan Atkins | Kevin Saunderson | Richie Hawtin | Robert Hood
Q526463,Detroit techno,Carl Craig | Derrick May | Drexciya | Eddie Fowlkes | Juan Atkins | Kevin Saunderson | Underground Resistance
Q341395,acid techno,Chris Liberator | D.A.V.E. The Drummer | Emmanuel Top | Hardfloor | Plastikman
Q106522080,bleep techno,Forgemasters | LFO | Nightmares on Wax | Sweet Exorcist | Tricky Disco | Unique 3
Q112663444,Belgian hardcore techno,Cubic 22 | Praga Khan | Quadrophonia | T99
Q29480448,industrial techno,Adam X | Ancient Methods | Blawan | Perc | Regis | Surgeon
Q16951912,Birmingham sound,Female | Regis | Surgeon
Q1430587,minimal techno,Daniel Bell | Magda | Marco Carola | Ricardo Villalobos | Richie Hawtin | Robert Hood | Thomas Brinkmann
Q107697221,hardgroove techno,Adam Beyer | Ben Sims | Chris Liebing | Jeff Mills
Q10856835,wonky techno,
Q111182811,peak time techno,Adam Beyer | Amelie Lens | Charlotte de Witte | Enrico Sangiuliano | Joseph Capriati
Q110185782,melodic techno,Adriatique | Innellea | Kölsch | Maceo Plex | Mind Against | Recondite | Stephan Bodzin | Tale of Us
Q106521662,deep techno,
Q9149801,ambient techno,Aphex Twin | B12 | Biosphere | Global Communication | Higher Intelligence Agency | Pete Namlook | Speedy J | The Black Dog
Q1262781,dub techno,Basic Channel | Deadbeat | Deepchord | Monolake | Pole | Porter Ricks | Rhythm & Sound | Vladislav Delay
Q3084222,hard techno,Chris Liebing | DJ Rush | Marco Bailey | Sven Wittekind
Q1524033,free tekno,Spiral Tribe
Q3048168,mákina,Pastis & Buenri
Q307054,schranz,Arkus P | Chris Liebing | Frank Kvitta | Robert Natus | Sven Wittekind
Q2866725,Balearic beat,Alfredo Fiorito | José Padilla | Paul Oakenfold | Sueño Latino
Q663519,breakbeat,Adam Freeland | Fatboy Slim | Hybrid | Plump DJs | Stanton Warriors | The Chemical Brothers | The Crystal Method | The Prodigy
Q2634010,acid breaks,
Q858579,big beat,Bentley Rhythm Ace | Fatboy Slim | Lionrock | Monkey Mafia | Propellerheads | The Chemical Brothers | The Crystal Method | The Prodigy
Q25389262,progressive breaks,BT | Hybrid | Way Out West
Q110874814,West Coast breaks,The Crystal Method | Uberzone
Q2396639,Florida breaks,DJ Baby Anne | DJ Icey | Rabbit in the Moon
Q1756101,nu skool breaks,Adam Freeland | Meat Katie | Plump DJs | Rennie Pilgrem | Stanton Warriors
Q11680297,psybreaks,
Q106636289,breakbeat kota,
Q106636283,jungle dutch,
Q106521759,funky breaks,A.Skillz | Freestylers | Krafty Kuts
Q848852,Eurobeat,Dave Rodgers | Ken Laszlo | Max Coveri | Mega NRG Man | Michael Fortunati | Niko
Q216961,Eurodance,2 Unlimited | Corona | Culture Beat | Dr. Alban | Haddaway | La Bouche | Real McCoy | Snap!
Q930592,Italo dance,Eiffel 65 | Floorfilla | Gigi D'Agostino | Molella | Prezioso
Q109589387,manyao,
Q2076779,bubblegum dance,Aqua | Bambee | Cartoons | Daze | Smile.dk | Toy-Box | Vengaboys
Q170435,trance,Above & Beyond | Armin van Buuren | BT | Ferry Corsten | Paul Oakenfold | Paul van Dyk | Sven Väth | Tiësto
Q481900,acid trance,Emmanuel Top | Hardfloor | Union Jack
Q16837290,Balearic trance,Chicane
Q832665,hard trance,DJ Scot Project | Kai Tracid | Yoji Biomehanika
Q2260696,progressive trance,BT | Markus Schulz | Paul van Dyk | Sasha
Q622871,psychedelic trance,Ace Ventura | Astrix | Hallucinogen | Infected Mushroom | Juno Reactor | Man With No Name | Shpongle | Vini Vici
Q835131,Goa trance,Astral Projection | Doof | Eat Static | Etnica | Goa Gil | Hallucinogen | Juno Reactor | Man With No Name
Q4706203,nitzhonot,Eyal Barkan | Holy Men
Q2452152,dark psytrance,Kindzadza | Xenomorph
Q105404852,hi-tech psytrance,
Q114107195,psycore,
Q2497323,suomisaundi,Salakavala | Squaremeat | Texas Faggott
Q109714096,forest psytrance,
Q10286190,full-on,Astrix | GMS | Infected Mushroom | Skazi | Vibe Tribe
Q109714084,twilight psytrance,
Q2385862,progressive psytrance,Ace Ventura | Captain Hook | Liquid Soul | Neelix | Perfect Stranger | Ticon | Vibrasphere
Q109715837,zenonesque,Grouch | Sensient | Tetrameth
Q1027999,vocal trance,ATB | Above & Beyond | Andain | Armin van Buuren | Chicane | Delerium | Gareth Emery
Q2302695,tech trance,Marco V | Mauro Picotto | Sander van Doorn
Q1339027,dream trance,Nylon Moon | Robert Miles
Q5402470,hard NRG,
Q890887,Eurotrance,ATB | Alice Deejay | DJ Sammy | Darude | Ian Van Dahl | Lasgo | Milk Inc. | Sash!
Q733804,hands up,Cascada | DJ Manian | Groove Coverage | Scooter | Special D.
Q132165415,buchiage trance,
Q1136765,uplifting trance,Aly & Fila | Armin van Buuren | Ferry Corsten | John O'Callaghan | Paul van Dyk | Sean Tyas | Solarstone | Tiësto
Q108831582,big room trance,
Q11877639,electro trance,
Q134997891,hi-tech full-on,
Q139807789,trance 2.0,
Q388906,hardcore,Angerfist | Lenny Dee | Marc Acardipane | Neophyte | Paul Elstak | Rotterdam Terror Corps
Q1585075,breakbeat hardcore,4hero | Acen | Altern-8 | Liquid | SL2 | Shut Up and Dance | The Prodigy | Utah Saints
Q1102161,jungle,Congo Natty | DJ Hype | Goldie | M-Beat | Omni Trio | Remarc | Shy FX | Tom & Jerry
Q2710523,ragga jungle,Congo Natty | General Levy | M-Beat | Remarc | Shy FX | UK Apachi
Q188994,drum and bass,Andy C | Chase & Status | Goldie | LTJ Bukem | Noisia | Pendulum | Photek | Roni Size
Q2842043,atmospheric drum and bass,Big Bud | Blame | LTJ Bukem | Makoto | PFM | Photek | Seba
Q2121992,drumfunk,Equinox | Paradox
Q2640307,hardstep,
Q9011351,jazzstep,4hero | Alex Reece | Peshay | Photek | Roni Size
Q46649,jump-up,Aphrodite | DJ Hype | DJ Zinc | Hazard | Macky Gee | Serum | Taxman
Q1335569,techstep,Bad Company | Dom & Roland | Ed Rush & Optical | Konflict | Trace
Q1166321,darkstep,Dieselboy | Limewax | Panacea | Technical Itch
Q108716407,skullstep,
Q11830421,crossbreed,Counterstrike | Current Value | Katharsys | The Outside Agency
Q2082572,liquid drum and bass,Calibre | Camo & Krooked | High Contrast | Hybrid Minds | Logistics | London Elektricity | Marcus Intalex | Netsky
Q967654,neurofunk,Bad Company | Black Sun Empire | Ed Rush & Optical | Mefjus | Noisia | Phace | Spor | Teddy Killerz
Q3179786,sambass,DJ Marky | Drumagick | Patife | XRS
Q646165,trancestep,
Q107332291,dancefloor drum and bass,Chase & Status | DJ Fresh | Pendulum | Sigma | Sub Focus | Wilkinson
Q10268931,dubwise drum and bass,
Q106404300,minimal drum and bass,Commix | Consequence | Instra:mental | dBridge
Q135437342,microfunk,
Q135553474,autonomic,Instra:mental | dBridge
Q107010574,halftime,Alix Perez | Ivy Lab | Om Unit
Q111804002,deep drum and bass,
Q4181927,technoid,
Q11693017,darkcore,4hero | Doc Scott | Goldie
Q4177625,hardcore breaks,
Q140528499,jungle techno,
Q1191299,industrial hardcore,Ophidian | The Outside Agency
Q341396,acidcore,
Q56580,digital hardcore,Atari Teenage Riot | Christoph De Babalon | EC8OR | Shizuo
Q820049,gabber,3 Steps Ahead | DJ Buzz Fuzz | Euromasters | Neophyte | Party Animals | Paul Elstak | Rotterdam Terror Corps
Q1983750,mainstream hardcore,Angerfist | Endymion | Evil Activities | Korsakoff | Neophyte | Outblast | Tha Playah
Q339906,happy hardcore,Charly Lownoise & Mental Theo | Dougal & Gammer | Force & Styles | Hixxy | Paul Elstak | Scott Brown
Q3066180,bouncy techno,Q-Tex | Scott Brown | Ultra-Sonic
Q2374619,UK hardcore,Darren Styles | Gammer | Hixxy
Q117750973,powerstomp,
Q1242484,doomcore,Marc Acardipane
Q903735,breakcore,Bong-Ra | DJ Scud | Enduser | Igorrr | Kid606 | Shitmat | Venetian Snares
Q1275972,raggacore,Aaron Spectre | Bong-Ra | DJ Scud | Enduser
Q109322851,mashcore,Knifehandchop | Shitmat
Q5978495,lolicore,
Q848457,speedcore,
Q3062629,extratone,
Q11312853,splittercore,
Q2181965,freeform hardcore,Kevin Energy | Sharkey
Q1265050,terrorcore,Delta 9 | Drokz
Q1455487,Frenchcore,Dr. Peacock | Radium | Sefa | The Sickest Squad
Q106594174,uptempo hardcore,
Q125854043,amigacore,
Q123543092,darkcore,
Q122839839,deathchant hardcore,
Q136696186,frapcore,
Q140716476,hard renaissance,
Q3098078,J-core,DJ Sharpnel | m1dy | t+pazolite
Q113621229,future core,
Q30902501,tecnorumba,Camela
Q108297187,balani show,
Q22909461,toytown techno,Smart E's | The Prodigy | Urban Hype
Q660984,intelligent dance music,Aphex Twin | Autechre | Boards of Canada | Plaid | Squarepusher | The Black Dog | Venetian Snares | µ-Ziq
Q1259016,drill and bass,Aphex Twin | Luke Vibert | Squarepusher | µ-Ziq
Q2406633,broken beat,4hero | Bugz in the Attic | IG Culture
Q1165777,UK garage,Artful Dodger | Craig David | DJ EZ | MJ Cole | Oxide & Neutrino | So Solid Crew | Todd Edwards | Wookie
Q780517,speed garage,187 Lockdown | Armand Van Helden | Dem 2 | Double 99
Q1751409,2-step garage,Artful Dodger | Craig David | DJ Luck & MC Neat | MJ Cole | Shanks & Bigfoot | Sweet Female Attitude | Wookie
Q1987980,breakstep,
Q4846346,bassline,"DJ Q | H ""Two"" O | T2"
Q5510816,future garage,Burial | FaltyDL | Mount Kimbie | Sepalcure
Q139488139,dark garage,
Q602561,electro swing,Caravan Palace | Club des Belugas | Parov Stelar | Tape Five | The Correspondents
Q106520965,nerdcore techno,
Q106876075,bubbling,
Q861823,electroclash,Chicks on Speed | Felix da Housecat | Fischerspooner | Ladytron | Miss Kittin & The Hacker | Peaches | Tiga
Q5466607,footwork,DJ Nate | DJ Rashad | DJ Spinn | Jlin | RP Boo | Traxman
Q110967939,footwork jungle,
Q223840,hardstyle,Brennan Heart | Coone | Da Tweekaz | Headhunterz | Noisecontrollers | Showtek | The Prophet | Wildstylez
Q108297238,euphoric hardstyle,Atmozfears | Brennan Heart | Da Tweekaz | Headhunterz | Sound Rush | Wildstylez
Q21000514,rawstyle,Adaro | Delete | Radical Redemption | Ran-D | Warface
Q114594005,rawphoric,
Q139567721,xtra raw,
Q2428625,dubstyle,
Q114743580,psystyle,
Q2611143,early hardstyle,DJ Zany | Showtek | Technoboy | The Prophet
Q136206123,nustyle,
Q11332204,funkot,
Q1191544,kuduro,Buraka Som Sistema | Os Lambas | Titica | Tony Amado
Q108297194,batida,DJ Marfox | Nídia
Q1243254,lento violento,Gigi D'Agostino
Q382343,Nortec,Nortec Collective
Q513357,coupé-décalé,DJ Arafat | Douk Saga | Serge Beynaud
Q362515,electrotango,Bajofondo | Gotan Project | Otros Aires | Tanghetto
Q7844612,tribal guarachero,3Ball MTY
Q20474,dubstep,Benga | Burial | Caspa | Digital Mystikz | Kode9 | Loefah | Rusko | Skream
Q109335331,dungeon sound,
Q118798959,tearout dubstep,
Q20903,brostep,Borgore | Datsik | Doctor P | Excision | Flux Pavilion | Knife Party | Skrillex | Zomboy
Q24876318,drumstep,
Q106528420,deathstep,
Q109713720,minatory,
Q65065491,riddim,Subfiltronik | Subtronics
Q115690999,future riddim,
Q136539124,liquid riddim,
Q108197774,colour bass,
Q119259589,tearout brostep,
Q123421084,briddim,
Q98528158,purple sound,Gemmy | Joker | Rustie
Q2963621,chillstep,Blackmill
Q106404229,melodic dubstep,Illenium | Seven Lions
Q1166726,grime,Dizzee Rascal | Ghetts | JME | Kano | Roll Deep | Skepta | Stormzy | Wiley
Q106654239,weightless,Logos | Mumdance
Q123009321,neo-grime,
Q4965901,Jersey club,DJ Sliink | DJ Tameil
Q111442385,Japanese artcore,
Q888137,skweee,Daniel Savio | Eero Johannes | Mesak
Q140369806,outrun,Kavinsky | Lazerhawk | Miami Nights 1984 | Mitch Murder
Q9364028,UK funky,Crazy Cousinz | Donae'o | Roska
Q1136045,wonky,Flying Lotus | Hudson Mohawke | Joker | Rustie
Q123922710,aquacrunk,Hudson Mohawke | Rustie
Q106514601,glitch hop (EDM),KOAN Sound | Opiuo | The Glitch Mob | Tipper
Q18432631,neurohop,
Q120715859,ghetto funk,
Q106594102,Philly club,
Q17146868,shangaan electro,Nozinja | Tshetsha Boys
Q19358266,electro latino,Juan Magán | Pitbull
Q100922002,budots,
Q96376113,deconstructed club,Amnesia Scanner | Arca | Chino Amobi | Elysia Crampton | Lotic | M.E.S.H. | Rabit | Sophie
Q47781397,EDM trap music,Baauer | Carnage | Flosstradamus | RL Grime | TNGHT | UZ | Yellow Claw
Q111628716,festival trap,
Q107407607,hard trap,
Q111653578,hybrid trap,
Q109753757,twerk,
Q111971785,heaven trap,
Q22908553,future bass,Cashmere Cat | Flume | Hudson Mohawke | Illenium | Louis the Child | San Holo | Wave Racer
Q106577542,kawaii future bass,Snail's House
Q6907397,moombahcore,
Q21092,moombahton,Dave Nada | Dillon Francis | Munchi
Q106591506,bubblegum bass,A. G. Cook | Danny L Harle | GFOTY | Sophie
Q31836693,jungle terror,Wiwek
Q106477753,midtempo bass,1788-L | Rezz
Q106576261,bérite club,
Q109873537,dark disco,
Q108297243,flex dance music,
Q135493744,melodic bass,
Q107697201,hard drum,
Q30594541,hardvapour,
Q65330805,singeli,
Q106388388,hardwave,
Q117198196,cruise,
Q101109587,future rave,David Guetta | Morten
Q120484427,dariacore,Jane Remover
Q65937774,breaks,Adam Freeland | Freestylers | Krafty Kuts | Plump DJs | Rennie Pilgrem | Stanton Warriors
Q140221083,hardtekk,
Q126335126,hypertechno,
Q389631,jumpstyle,Patrick Jumpen
Q131529620,krushclub,
Q139567714,neo rave,
Q122932896,ori deck,
Q114443489,partyschlager,DJ Ötzi | Mickie Krause
Q106130091,post-dubstep,Burial | James Blake | Jamie xx | Joy Orbison | Mount Kimbie | SBTRKT
Q898709,rave music,Acen | Altern-8 | SL2 | Shut Up and Dance | The Prodigy | Utah Saints
Q113600471,hardtek,
Q137442001,pumpcore,
Q117405746,raggatek,
Q116952929,hyper techno,
Q134380635,slimepunk,
Q6865341,minimal wave,Ohama | Oppenheimer Analysis | Solid Space
Q98528171,minimal synth,Oppenheimer Analysis | Solid Space
Q106422444,bit music,
Q135637,chiptune,Anamanaguchi | Bit Shifter | Chipzel | Rob Hubbard | Sabrepulse | YMCK
Q106424145,FM synthesis,
Q773880,bitpop,Anamanaguchi | YMCK
Q22964975,black MIDI,
Q110942239,bytebeat,
Q125799361,demostyle,
Q107985638,horror synth,Goblin | John Carpenter | Zombi
Q817138,electronica,Aphex Twin | Björk | Four Tet | Moby | Orbital | Röyksopp | The Chemical Brothers | Underworld
Q106641525,Celtic electronica,Afro Celt Sound System | Martyn Bennett | Peatbog Faeries
Q3613770,ambient dub,Banco de Gaia | Bill Laswell | Higher Intelligence Agency | The Orb
Q1435509,folktronica,Caribou | Four Tet | The Books | Tunng
Q325397,indietronica,Hot Chip | Metronomy | Múm | Passion Pit | Ratatat | Stereolab | The Postal Service
Q6658771,livetronica,Lotus | Sound Tribe Sector 9 | The Disco Biscuits | The New Deal
Q1091056,funktronica,
Q757143,chill-out music,Air | Bonobo | Groove Armada | Kruder & Dorfmeister | Moby | The Orb | Thievery Corporation | Zero 7
Q251192,downtempo,Air | Bonobo | Kruder & Dorfmeister | Nightmares on Wax | Thievery Corporation | Tycho | Zero 7
Q205560,trip hop,DJ Shadow | Hooverphonic | Lamb | Massive Attack | Morcheeba | Portishead | Sneaker Pimps | Tricky
Q4993553,ambient trance,
Q749475,psybient,Carbon Based Lifeforms | Entheogenic | Ott | Shpongle | Solar Fields
Q115456684,barber beats,
Q1658757,illbient,DJ Spooky
Q85765918,hauntology,Belbury Poly | Boards of Canada | Burial | The Advisory Circle | The Caretaker | The Focus Group
Q3876770,nightcore,
Q115063474,digital fusion,
Q19938910,synthwave,Carpenter Brut | College | FM-84 | Gunship | Kavinsky | Lazerhawk | Perturbator | The Midnight
Q60973191,darksynth,Carpenter Brut | Dance with the Dead | Gost | Perturbator
Q110620412,chillsynth,
Q140005978,dreamwave,
Q30895273,Sovietwave,
Q1840167,witch house,Balam Acab | Holy Other | Salem | White Ring | oOoOO
Q2626684,chillwave,Ducktails | Memory Tapes | Neon Indian | Small Black | Toro y Moi | Washed Out
Q15733887,vaporwave,2814 | Blank Banshee | James Ferraro | Luxury Elite | Macintosh Plus | Saint Pepsi
Q107697260,broken transmission,
Q106594177,utopian virtual,
Q80724932,vaportrap,Blank Banshee
Q117193815,slushwave,
Q106583068,dreampunk,
Q124170473,eccojams,Oneohtrix Point Never
Q138081554,slowed & reverb,
Q109771345,vapornoise,
Q3476798,seapunk,
Q106369996,wave,
Q107697234,HexD,
Q124851801,acholitronix,
Q106582942,cyberpunk music,
Q105763581,experimental electronic music,Aphex Twin | Arca | Autechre | Holly Herndon | Karlheinz Stockhausen | Morton Subotnick | Oneohtrix Point Never | Pan Sonic
Q1100989,glitch,Alva Noto | Autechre | Fennesz | Kid606 | Matmos | Oval | Pan Sonic | Ryoji Ikeda
Q3108920,glitch hop,Dabrye | Machinedrum | Prefuse 73 | Push Button Objects
Q3503814,microsound,Kim Cascone | Richard Chartier | Ryoji Ikeda | Taylor Deupree
Q108297242,flashcore,
Q16002495,algorave,
Q5597175,graphical sound,
Q65937906,leftfield electronic,
Q11399,rock music,Chuck Berry | Led Zeppelin | Nirvana | Pink Floyd | Queen | The Beatles | The Rolling Stones | The Who
Q7749,rock and roll,Bill Haley & His Comets | Bo Diddley | Buddy Holly | Chuck Berry | Elvis Presley | Fats Domino | Jerry Lee Lewis | Little Richard
Q203720,rockabilly,Buddy Holly | Carl Perkins | Eddie Cochran | Elvis Presley | Gene Vincent | Jerry Lee Lewis | Johnny Burnette | Wanda Jackson
Q65943390,neo-rockabilly,Stray Cats | The Polecats | The Reverend Horton Heat
Q2097664,Indorock,The Blue Diamonds | The Tielman Brothers
Q185162,Latin rock,Azteca | El Chicano | Los Lobos | Malo | Ritchie Valens | Santana
Q220830,surf music,Dick Dale | Jan and Dean | The Beach Boys | The Chantays | The Surfaris | The Trashmen | The Ventures
Q106581470,surf rock,Dick Dale | The Bel-Airs | The Chantays | The Surfaris | The Trashmen | The Ventures
Q17065399,wong shadow,
Q108297234,eleki,Takeshi Terauchi | Yuzo Kayama
Q112939200,hot rod music,Jan and Dean | Ronny & the Daytonas | The Beach Boys | The Rip Chords
Q16011695,vocal surf,Jan and Dean | The Beach Boys | The Rip Chords
Q193355,blues rock,Cream | Free | Johnny Winter | Led Zeppelin | Stevie Ray Vaughan | The Allman Brothers Band | The Black Keys | The Jimi Hendrix Experience
Q2266376,boogie rock,Canned Heat | Foghat | Status Quo | ZZ Top
Q211573,garage rock,? and the Mysterians | The Kingsmen | The Remains | The Seeds | The Sonics | The Standells | The Trashmen | The Troggs
Q3752342,frat rock,Paul Revere & the Raiders | Sam the Sham and the Pharaohs | The Kingsmen | The McCoys
Q98528290,garage rock revival,The Black Keys | The Chesterfield Kings | The Fleshtones | The Hives | The Strokes | The Vines | The White Stripes | Yeah Yeah Yeahs
Q135112757,garage psych,Count Five | The 13th Floor Elevators | The Chocolate Watchband | The Electric Prunes | The Seeds
Q1650296,instrumental rock,Booker T. & the M.G.'s | Dick Dale | Duane Eddy | Joe Satriani | Link Wray | The Shadows | The Tornados | The Ventures
Q4390945,rautalanka,
Q944465,jazz rock,"Blood, Sweat & Tears | Chicago | Colosseum | Nucleus | Soft Machine | Steely Dan"
Q186472,folk rock,"Bob Dylan | Buffalo Springfield | Crosby, Stills, Nash & Young | Fairport Convention | Simon & Garfunkel | The Byrds | The Mamas & the Papas"
Q2614533,British folk rock,Fairport Convention | Lindisfarne | Pentangle | Richard and Linda Thompson | Steeleye Span | The Albion Band
Q2662148,Celtic rock,Alan Stivell | Big Country | Horslips | Runrig | The Pogues | The Waterboys
Q641318,medieval folk rock,Gryphon | In Extremo | Saltatio Mortis | Schandmaul | Subway to Sally
Q6665252,Phleng phuea chiwit,Carabao | Caravan
Q5389389,Alpenrock,Hubert von Goisern
Q123360735,rock rural,"Sá, Rodrix & Guarabyra"
Q483740,Anatolian rock,Barış Manço | Cem Karaca | Erkin Koray | Fikret Kızılok | Moğollar | Selda Bağcan
Q613408,country rock,Eagles | Linda Ronstadt | New Riders of the Purple Sage | Poco | The Byrds | The Flying Burrito Brothers
Q136206036,cosmic country,Gram Parsons | Michael Nesmith | Sturgill Simpson
Q325504,electronic rock,Gary Numan | Nine Inch Nails | Silver Apples | Suicide | The Prodigy | Ultravox
Q484641,pop rock,Bryan Adams | Elton John | Fleetwood Mac | Maroon 5 | Sheryl Crow | The Beach Boys | The Beatles | The Police
Q2090023,piano rock,Ben Folds Five | Billy Joel | Elton John | Jerry Lee Lewis | Keane | Something Corporate | The Fray | Tori Amos
Q837837,power pop,Badfinger | Big Star | Cheap Trick | Fountains of Wayne | Matthew Sweet | Raspberries | The Knack | Weezer
Q217191,soft rock,Air Supply | America | Bread | Carpenters | Christopher Cross | Fleetwood Mac | James Taylor | Seals and Crofts
Q28401124,yacht rock,Ambrosia | Boz Scaggs | Christopher Cross | Kenny Loggins | Robbie Dupree | Steely Dan | The Doobie Brothers | Toto
Q2746831,quiet storm,Anita Baker | Freddie Jackson | Luther Vandross | Peabo Bryson | Sade | Smokey Robinson | Teddy Pendergrass
Q546264,beat music,Gerry and the Pacemakers | Herman's Hermits | Manfred Mann | The Animals | The Beatles | The Dave Clark Five | The Hollies | The Searchers
Q2344635,Merseybeat,Billy J. Kramer with the Dakotas | Cilla Black | Gerry and the Pacemakers | The Beatles | The Fourmost | The Merseybeats | The Searchers | The Swinging Blue Jeans
Q2639210,Nederbeat,Cuby + Blizzards | Golden Earring | Q65 | Shocking Blue | The Motions | The Outsiders
Q2607836,freakbeat,John's Children | The Action | The Birds | The Creation | The Eyes | The Smoke
Q3117305,group sounds,The Blue Comets | The Golden Cups | The Mops | The Spiders | The Tempters | The Tigers
Q24935256,Candombe beat,Eduardo Mateo | El Kinto
Q6296743,jovem guarda,Erasmo Carlos | Jerry Adriani | Os Incríveis | Renato e Seus Blue Caps | Roberto Carlos | Ronnie Von | Wanderléa
Q6153278,tropical rock,Jimmy Buffett
Q6749708,Manila sound,Apo Hiking Society | Hajji Alejandro | Hotdog | Rico J. Puno | VST & Company
Q1190565,jangle pop,Let's Active | R.E.M. | The Bangles | The Church | The Go-Betweens | The La's | The Smiths | The dB's
Q97942949,C86,McCarthy | Primal Scream | Shop Assistants | The Bodines | The Mighty Lemon Drops | The Pastels | The Soup Dragons | The Wedding Present
Q11325235,neo-acoustic,Aztec Camera | Everything but the Girl | Flipper's Guitar | Orange Juice | The Pale Fountains
Q1432934,Paisley Underground,Green on Red | Rain Parade | The Bangles | The Dream Syndicate | The Long Ryders | The Three O'Clock | True West
Q370778,twee pop,Beat Happening | Belle and Sebastian | Camera Obscura | Heavenly | Talulah Gosh | The Field Mice | The Vaselines | Tiger Trap
Q126281483,cuddlecore,Cub
Q8770312,Donosti sound,Aventuras de Kirlian | La Buena Vida | Le Mans
Q189045,Britpop,Blur | Elastica | Oasis | Ocean Colour Scene | Pulp | Suede | Supergrass | The Verve
Q11331157,beat rock,BOØWY
Q109050964,Burmese stereo,Sai Htee Saing
Q12701217,pop yeh-yeh,A. Ramlie | Jeffrydin | M. Osman
Q206159,psychedelic rock,13th Floor Elevators | Cream | Grateful Dead | Jefferson Airplane | Pink Floyd | Tame Impala | The Doors | The Jimi Hendrix Experience
Q236932,acid rock,Big Brother and the Holding Company | Blue Cheer | Country Joe and the Fish | Grateful Dead | Iron Butterfly | Jefferson Airplane | Quicksilver Messenger Service | The Jimi Hendrix Experience
Q1702909,raga rock,Kula Shaker | The Beatles | The Byrds | The Kinks | The Yardbirds
Q236913,space rock,Gong | Hawkwind | Loop | Monster Magnet | Ozric Tentacles | Pink Floyd | Spacemen 3 | Spiritualized
Q109077288,space rock revival,Bardo Pond | Loop | Ozric Tentacles | Spacemen 3 | Spiritualized
Q703778,neo-psychedelia,Animal Collective | Echo & the Bunnymen | MGMT | Mercury Rev | Tame Impala | The Flaming Lips | The Soft Boys | The Teardrop Explodes
Q4841596,baggy,Flowered Up | Happy Mondays | Inspiral Carpets | Northside | The Charlatans | The Farm | The Soup Dragons | The Stone Roses
Q25345818,hypnagogic pop,Ariel Pink | Ducktails | Gary War | James Ferraro | Oneohtrix Point Never
Q16254929,Italian occult psychedelia,Cannibal Movie | Heroin in Tahiti | Mai Mai Mai
Q617240,stoner rock,Clutch | Fu Manchu | Karma to Burn | Kyuss | Monster Magnet | Queens of the Stone Age | Sleep | Truckfighters
Q3322869,Palm Desert Scene,Eagles of Death Metal | Fatso Jetson | Kyuss | Queens of the Stone Age | Unida | Yawning Man
Q98528291,heavy psych,Blue Cheer | Colour Haze | Dead Meadow | Earthless | Sir Lord Baltimore
Q135493769,psychploitation,
Q135112758,xian psych,Agape | All Saved Freak Band
Q1641839,experimental rock,Can | Captain Beefheart | Frank Zappa | Pere Ubu | Radiohead | Sonic Youth | Swans | The Velvet Underground
Q320592,Krautrock,Amon Düül II | Ash Ra Tempel | Can | Cluster | Faust | Kraftwerk | Neu! | Tangerine Dream
Q209137,post-rock,Bark Psychosis | Explosions in the Sky | Godspeed You! Black Emperor | Mogwai | Sigur Rós | Slint | Talk Talk | Tortoise
Q1929352,roots rock,Creedence Clearwater Revival | Drive-By Truckers | Los Lobos | The Band | The Black Crowes | The Blasters | The Georgia Satellites
Q675553,swamp rock,Creedence Clearwater Revival | Dr. John | Tony Joe White
Q107197766,Tex-Mex,Flaco Jiménez | Freddy Fender | Sam the Sham & the Pharaohs | Sir Douglas Quintet
Q83270,hard rock,AC/DC | Aerosmith | Deep Purple | Guns N' Roses | Kiss | Led Zeppelin | Thin Lizzy | Van Halen
Q12702016,rock kapak,Lefthanded | May | Search | Wings | XPDC
Q55296418,occult rock,Black Widow | Blood Ceremony | Coven | Ghost | Jex Thoth | The Devil's Blood | Uncle Acid & the Deadbeats
Q49451,progressive rock,"Emerson, Lake & Palmer | Genesis | Jethro Tull | King Crimson | Pink Floyd | Porcupine Tree | Rush | Yes"
Q727803,Canterbury scene,Caravan | Egg | Gong | Hatfield and the North | Henry Cow | Matching Mole | National Health | Soft Machine
Q106621063,symphonic prog,"Banco del Mutuo Soccorso | Camel | Emerson, Lake & Palmer | Genesis | Premiata Forneria Marconi | Renaissance | The Flower Kings | Yes"
Q100151423,brutal prog,Koenjihyakkei | Ruins | Upsilon Acrux
Q1051843,neo-prog,Arena | IQ | Marillion | Pallas | Pendragon | Twelfth Night
Q65937817,crossover prog,Electric Light Orchestra | Kate Bush | Peter Gabriel | Supertramp | The Alan Parsons Project | The Moody Blues
Q253137,rock opera,Ayreon | Green Day | My Chemical Romance | Pink Floyd | Queensrÿche | The Pretty Things | The Who
Q217467,art rock,David Bowie | Kate Bush | Radiohead | Roxy Music | Sparks | St. Vincent | Talking Heads | The Velvet Underground
Q753520,Christian rock,Audio Adrenaline | DC Talk | Jars of Clay | Larry Norman | Newsboys | Petra | Skillet | Third Day
Q106581777,jam band music,Dave Matthews Band | Gov't Mule | Grateful Dead | Phish | The Allman Brothers Band | The String Cheese Incident | Umphrey's McGee | Widespread Panic
Q852767,Southern rock,Drive-By Truckers | Lynyrd Skynyrd | Molly Hatchet | Outlaws | The Allman Brothers Band | The Black Crowes | The Marshall Tucker Band | ZZ Top
Q76092,glam rock,Alice Cooper | David Bowie | Mott the Hoople | Roxy Music | Slade | Suzi Quatro | Sweet | T. Rex
Q1123745,glam punk,Hanoi Rocks | Jayne County | New York Dolls
Q835891,funk rock,Fishbone | Funkadelic | Mother's Finest | Prince | Red Hot Chili Peppers | Sly and the Family Stone
Q6868046,Minneapolis sound,Alexander O'Neal | André Cymone | Mazarati | Prince | Sheila E. | The Family | The Time | Vanity 6
Q12326776,metal music,Black Sabbath | Iron Maiden | Judas Priest | Metallica | Motörhead | Pantera | Slayer | Slipknot
Q38848,heavy metal music,Accept | Black Sabbath | Dio | Iron Maiden | Judas Priest | Motörhead | Saxon | Scorpions
Q370515,new wave of British heavy metal,Angel Witch | Def Leppard | Diamond Head | Girlschool | Iron Maiden | Saxon | Tygers of Pan Tang | Venom
Q211723,speed metal,Accept | Agent Steel | Anvil | Exciter | Motörhead | Razor | Venom
Q108665742,US power metal,Crimson Glory | Helstar | Iced Earth | Jag Panzer | Liege Lord | Omen | Riot V | Vicious Rumors
Q822914,Christian metal,Barren Cross | Believer | Demon Hunter | Extol | Living Sacrifice | Mortification | Stryper | Tourniquet
Q725011,neo-classical metal,Jason Becker | Symphony X | Tony MacAlpine | Uli Jon Roth | Vinnie Moore | Yngwie Malmsteen
Q188539,glam metal,Bon Jovi | Cinderella | Def Leppard | Mötley Crüe | Poison | Quiet Riot | Ratt | Twisted Sister
Q1785028,sleaze rock,Buckcherry | Crashdïet | Faster Pussycat | Guns N' Roses | Hanoi Rocks | L.A. Guns
Q186170,doom metal,Black Sabbath | Candlemass | Cathedral | Electric Wizard | My Dying Bride | Pentagram | Saint Vitus | Trouble
Q108979517,traditional doom metal,Count Raven | Pagan Altar | Pentagram | Reverend Bizarre | Saint Vitus | The Obsessed | Trouble | Witchfinder General
Q5834708,epic doom metal,Atlantean Kodex | Candlemass | Doomsword | Isole | Solitude Aeturnus | Solstice | While Heaven Wept
Q2738113,funeral doom metal,Ahab | Esoteric | Evoken | Mournful Congregation | Shape of Despair | Skepticism | Thergothon | Worship
Q2089511,death-doom,Anathema | Asphyx | Disembowelment | Hooded Menace | My Dying Bride | Paradise Lost | Swallow the Sun | Winter
Q483352,thrash metal,Anthrax | Exodus | Kreator | Megadeth | Metallica | Sepultura | Slayer | Testament
Q932977,crossover thrash,Corrosion of Conformity | Cryptic Slaughter | Dirty Rotten Imbeciles | Excel | Municipal Waste | Nuclear Assault | Stormtroopers of Death | Suicidal Tendencies
Q56377253,technical thrash metal,Coroner | Mekong Delta | Realm | Sieges Even | Toxik | Vektor | Voivod | Watchtower
Q57143,power metal,Blind Guardian | DragonForce | Gamma Ray | HammerFall | Helloween | Rhapsody of Fire | Sabaton | Stratovarius
Q484344,progressive metal,Between the Buried and Me | Dream Theater | Fates Warning | Mastodon | Opeth | Queensrÿche | Symphony X | Tool
Q2532560,djent,Animals as Leaders | Meshuggah | Monuments | Periphery | Tesseract | Textures | Uneven Structure | Vildhjarta
Q20378,alternative metal,Alice in Chains | Deftones | Faith No More | Helmet | Jane's Addiction | Primus | System of a Down | Tool
Q667659,funk metal,24-7 Spyz | Faith No More | Fishbone | Infectious Grooves | Living Colour | Mordred | Primus | Red Hot Chili Peppers
Q856872,rap metal,Biohazard | Body Count | Clawfinger | Limp Bizkit | Rage Against the Machine | Stuck Mojo
Q263734,nu metal,Deftones | Disturbed | Korn | Limp Bizkit | Linkin Park | Papa Roach | Slipknot | System of a Down
Q641357,avant-garde metal,Arcturus | Celtic Frost | Diablo Swing Orchestra | Kayo Dot | Mr. Bungle | Sigh | Ulver | Voivod
Q132438,black metal,Bathory | Burzum | Darkthrone | Emperor | Gorgoroth | Immortal | Mayhem | Venom
Q213149,viking metal,Amon Amarth | Bathory | Einherjer | Enslaved | Falkenbach | Moonsorrow | Týr | Windir
Q13586773,war metal,Archgoat | Beherit | Bestial Warlust | Blasphemy | Conqueror | Revenge | Sarcófago
Q111971710,black noise,Abruptum | Gnaw Their Tongues | Wold
Q1621467,symphonic black metal,Anorexia Nervosa | Carach Angren | Cradle of Filth | Dimmu Borgir | Emperor | Graveworm | Limbonic Art | Old Man's Child
Q2997058,melodic black metal,Dawn | Dissection | Naglfar | Necrophobic | Sacramentum | Uada | Unanimated | Vinterland
Q65937017,atmospheric black metal,Agalloch | Burzum | Darkspace | Drudkh | Paysage d'Hiver | Saor | Summoning | Wolves in the Throne Room
Q16855754,blackgaze,Alcest | Amesoeurs | An Autumn for Crippled Children | Deafheaven | Ghost Bath | Harakiri for the Sky | Lantlôs | Les Discrets
Q28949059,depressive black metal,Forgotten Tomb | Leviathan | Lifelover | Nocturnal Depression | Shining | Silencer | Strid | Xasthur
Q12882577,pagan black metal,Drudkh | Graveland | Kroda | Moonsorrow | Negură Bunget | Nokturnal Mortum
Q108297198,black 'n' roll,Carpathian Forest | Darkthrone | Glorior Belli | Khold | Kvelertak | Sarke | Satyricon | Vreid
Q126954549,dissonant black metal,Blut Aus Nord | Deathspell Omega | Dodecahedron | Imperial Triumphant | Krallice | Plebeian Grandstand | Serpent Column | Svartidauði
Q483251,death metal,Cannibal Corpse | Carcass | Death | Deicide | Entombed | Morbid Angel | Obituary | Possessed
Q65943557,old school death metal,Asphyx | Autopsy | Death | Entombed | Incantation | Morbid Angel | Obituary | Possessed
Q1076092,technical death metal,Atheist | Cryptopsy | Cynic | Gorguts | Necrophagist | Nile | Obscura | Suffocation
Q112144256,dissonant death metal,Artificial Brain | Baring Teeth | Gorguts | Portal | Pyrrhon | Ulcerate
Q2265866,brutal death metal,Cannibal Corpse | Deeds of Flesh | Devourment | Disgorge | Dying Fetus | Internal Bleeding | Skinless | Suffocation
Q6130346,slam death metal,Abominable Putridity | Cephalotripsy | Devourment | Ingested | Internal Bleeding | Katalepsy | Waking the Cadaver
Q253918,melodic death metal,Amon Amarth | Arch Enemy | At the Gates | Children of Bodom | Dark Tranquillity | In Flames | Insomnium | Soilwork
Q1181308,death 'n' roll,Entombed | Gorefest | Xysma
Q2599472,blackened death metal,Akercocke | Angelcorpse | Behemoth | Belphegor | Dissection | Necrophobic | Zyklon
Q178145,gothic metal,Lacuna Coil | Moonspell | Paradise Lost | Sentenced | The Gathering | Theatre of Tragedy | Tiamat | Type O Negative
Q241662,groove metal,DevilDriver | Exhorder | Lamb of God | Machine Head | Pantera | Prong | Sepultura | White Zombie
Q1772422,stoner metal,Acid King | Bongzilla | Electric Wizard | High on Fire | Monolord | Red Fang | Sleep | Weedeater
Q484179,folk metal,Arkona | Eluveitie | Ensiferum | Finntroll | Korpiklaani | Moonsorrow | Orphaned Land | Skyclad
Q2525544,Celtic metal,Cruachan | Eluveitie | Mael Mórdha | Primordial | Suidakra | Waylander
Q15629158,medieval metal,In Extremo | Saltatio Mortis | Schandmaul | Subway to Sally | Tanzwut
Q1433387,drone metal,Boris | Corrupted | Earth | Khanate | Nadja | Sunn O)))
Q720959,sludge metal,Acid Bath | Buzzov•en | Crowbar | Down | Eyehategod | Iron Monkey | Kylesa | Melvins
Q98528292,atmospheric sludge metal,Amenra | Callisto | Cult of Luna | Isis | Minsk | Neurosis | Rosetta | Year of No Light
Q486415,symphonic metal,After Forever | Delain | Epica | Haggard | Nightwish | Therion | Within Temptation | Xandria
Q41343,post-metal,Amenra | Cult of Luna | Isis | Jesu | Neurosis | Pelican | Rosetta | Russian Circles
Q124080511,doomgaze,Jesu | Nadja
Q5690120,trance metal,Blood Stain Child
Q16096634,kawaii metal,Babymetal | Ladybaby
Q3908370,pop metal,Bon Jovi | Def Leppard | Europe | Poison | Warrant | Winger
Q56353998,Southern metal,Alabama Thunderpussy | Corrosion of Conformity | Crowbar | Down | Maylene and the Sons of Disaster | Pantera
Q107267446,rock andino,Los Jaivas
Q1431327,pub rock,Brinsley Schwarz | Chilli Willi and the Red Hot Peppers | Dr. Feelgood | Ducks Deluxe | Eddie and the Hot Rods | Graham Parker | Kilburn and the High Roads | The 101ers
Q145980,Zamrock,Amanaz | Chrissy Zebby Tembo | Musi-O-Tunya | Ngozi Family | WITCH
Q747717,heartland rock,Bob Seger | Bruce Springsteen | John Mellencamp | Melissa Etheridge | Steve Earle | The Gaslight Anthem | The War on Drugs | Tom Petty and the Heartbreakers
Q187760,new wave,Blondie | Devo | Elvis Costello | Talking Heads | The B-52's | The Cars | The Police | The Pretenders
Q597240,New Romantic,ABC | Adam and the Ants | Culture Club | Duran Duran | Japan | Spandau Ballet | Ultravox | Visage
Q11366,alternative rock,Alice in Chains | Blur | Nine Inch Nails | Nirvana | Red Hot Chili Peppers | The Cure | The White Stripes | U2
Q1055871,Japanese rock,Asian Kung-Fu Generation | BOØWY | Flower Travellin' Band | Happy End | L'Arc-en-Ciel | Number Girl | The Blue Hearts | X Japan
Q113563746,yakousei,Yoasobi | Yorushika | Zutomayo
Q485395,gothic rock,Bauhaus | Fields of the Nephilim | Siouxsie and the Banshees | Southern Death Cult | The Cure | The Mission | The Sisters of Mercy | Xmal Deutschland
Q1164252,deathrock,45 Grave | Alien Sex Fiend | Christian Death | Cinema Strange | Kommunity FK | Specimen | Super Heroines | Voodoo Church
Q183504,indie rock,Arcade Fire | Arctic Monkeys | Built to Spill | Modest Mouse | Pavement | The Smiths | The Strokes | Yo La Tengo
Q267287,Dunedin sound,Look Blue Go Purple | Sneaky Feelings | Straitjacket Fits | Tall Dwarfs | The Bats | The Chills | The Clean | The Verlaines
Q592330,dream pop,Beach House | Cigarettes After Sex | Cocteau Twins | Galaxie 500 | Julee Cruise | Mazzy Star | This Mortal Coil
Q2545135,noise pop,Black Tambourine | Sleigh Bells | The Jesus and Mary Chain | Times New Viking | Vivian Girls | Wavves | Yo La Tengo
Q108123046,slacker rock,Car Seat Headrest | Courtney Barnett | Dinosaur Jr. | Kurt Vile | Mac DeMarco | Parquet Courts | Pavement | Sebadoh
Q1490170,slowcore,Acetone | Bedhead | Codeine | Duster | Galaxie 500 | Idaho | Low | Red House Painters
Q110141586,indie surf,Allah-Las | Beach Fossils | Best Coast | La Luz | Surfer Blood | The Drums | Wavves
Q896513,Hamburger Schule,Blumfeld | Die Goldenen Zitronen | Die Sterne | Kante | Tocotronic
Q10926,emo,American Football | Cap'n Jazz | Dashboard Confessional | Jimmy Eat World | My Chemical Romance | Rites of Spring | Sunny Day Real Estate | The Get Up Kids
Q3724735,emo pop,Fall Out Boy | Jimmy Eat World | Motion City Soundtrack | Paramore | Saves the Day | The Get Up Kids | The Promise Ring | The Starting Line
Q11363,screamo,City of Caterpillar | Envy | Heroin | Indian Summer | Jeromes Dream | Orchid | Pg. 99 | Saetia
Q9253748,emo violence,In/Humanity | Jeromes Dream | Orchid | Usurp Synapse
Q131481683,mall screamo,A Skylit Drive | Alesana | Blessthefall | Chiodos | Emarosa | Hawthorne Heights | Senses Fail | Silverstein
Q39052425,Midwest emo,American Football | Braid | Cap'n Jazz | Joan of Arc | Mineral | Owls | The Promise Ring
Q2187392,alternative dance,EMF | Happy Mondays | Jesus Jones | LCD Soundsystem | New Order | Primal Scream | Saint Etienne | The Shamen
Q1987105,grebo,Crazyhead | Gaye Bykers on Acid | Ned's Atomic Dustbin | Pop Will Eat Itself | The Wonder Stuff | Zodiac Mindwarp and the Love Reaction
Q1995980,new rave,Hadouken! | Klaxons | Late of the Pier | New Young Pony Club | Shitdisco | Test Icicles | The Sunshine Underground
Q11365,grunge,Alice in Chains | Green River | Hole | Mudhoney | Nirvana | Pearl Jam | Screaming Trees | Soundgarden
Q272167,shoegaze,Catherine Wheel | Chapterhouse | Lush | My Bloody Valentine | Pale Saints | Ride | Slowdive | Swervedriver
Q379671,post-grunge,3 Doors Down | Bush | Creed | Foo Fighters | Live | Nickelback | Silverchair | Staind
Q2324411,geek rock,Barenaked Ladies | Jonathan Coulton | Nerf Herder | They Might Be Giants | Weezer
Q3231749,post-Britpop,Coldplay | Doves | Elbow | Embrace | Keane | Snow Patrol | Starsailor | Travis
Q2526653,mainstream rock,Bon Jovi | Bryan Adams | Foo Fighters | Foreigner | Journey | Tom Petty and the Heartbreakers | Van Halen | ZZ Top
Q877693,rap rock,311 | Beastie Boys | Kid Rock | Linkin Park | Rage Against the Machine | Run-DMC | Twenty One Pilots
Q2281409,dance-rock,Bloc Party | Duran Duran | Franz Ferdinand | INXS | New Order | Scissor Sisters | Talking Heads | The Killers
Q131425,visual kei,Buck-Tick | Dead End | Dir En Grey | Luna Sea | Malice Mizer | The Gazette | Versailles | X Japan
Q124361699,loud kei,
Q133826304,soft visual,
Q1132152,math rock,Battles | Chon | Don Caballero | Hella | Slint | Tera Melos | Toe | Tricot
Q113676976,math pop,Minus the Bear | TTNG
Q13060093,Sufi rock,Junoon | Mekaal Hasan Band
Q65936391,acoustic rock,
Q3606268,Afro-rock,Assagai | Blo | Monomono | Ofege | Osibisa | The Funkees | WITCH
Q379033,arena rock,Bon Jovi | Boston | Foreigner | Journey | Kiss | Queen | REO Speedwagon | Styx
Q16527140,adult-oriented rock,Boston | Foreigner | Journey | Kansas | REO Speedwagon | Styx | Survivor | Toto
Q56351111,classic rock,Eagles | Led Zeppelin | Pink Floyd | Queen | The Beatles | The Jimi Hendrix Experience | The Rolling Stones | The Who
Q1391336,comedy rock,"""Weird Al"" Yankovic | Bonzo Dog Doo-Dah Band | Flight of the Conchords | Steel Panther | Tenacious D | The Lonely Island | Ween"
Q6110311,flamenco rock,Medina Azahara | Pata Negra | Smash | Triana | Veneno
Q6453929,könsrock,Eddie Meduza | Onkel Kånkel
Q9261178,miejski folk,
Q98528293,mod,Small Faces | The Action | The Birds | The Creation | The Kinks | The Who
Q2280273,mod revival,Secret Affair | Squire | The Chords | The Jam | The Lambrettas | The Merton Parkas | The Purple Hearts
Q25554481,punk music,Black Flag | Buzzcocks | Dead Kennedys | Green Day | Minor Threat | Ramones | Sex Pistols | The Clash
Q27190,proto-punk,MC5 | New York Dolls | Suicide | The Modern Lovers | The Sonics | The Stooges | The Velvet Underground
Q3071,punk rock,Buzzcocks | Patti Smith | Ramones | Sex Pistols | The Clash | The Damned | Wire | X
Q486365,anarcho-punk,Conflict | Crass | Dirt | Flux of Pink Indians | Poison Girls | Rudimentary Peni | Subhumans | Zounds
Q646679,Neue Deutsche Welle,Der Plan | Deutsch Amerikanische Freundschaft | Extrabreit | Fehlfarben | Ideal | Nena | Spliff | Trio
Q2296495,garage punk,Guitar Wolf | Teengenerate | The Dirtbombs | The Gories | The Mummies | The Oblivians | The Reatards | Thee Headcoats
Q140626408,budget rock,The Mummies | The Phantom Surfers
Q274401,oi!,Angelic Upstarts | Blitz | Cock Sparrer | Cockney Rejects | Sham 69 | The 4-Skins | The Business | The Oppressed
Q1784032,viking rock,Ultima Thule
Q487914,pop-punk,Blink-182 | Buzzcocks | Descendents | Green Day | New Found Glory | Screeching Weasel | Sum 41 | The Undertones
Q25099691,neon pop-punk,3OH!3 | Cobra Starship | Forever the Sickest Kids | Hellogoodbye | Metro Station
Q11661531,seishun punk,175R | Ging Nang Boyz | Going Steady | Mongol800
Q460674,ska punk,Goldfinger | Less Than Jake | Operation Ivy | Reel Big Fish | Streetlight Manifesto | Sublime | The Mighty Mighty Bosstones | Voodoo Glow Skulls
Q2657409,skacore,Choking Victim | Leftöver Crack | Link 80 | Operation Ivy | The Mighty Mighty Bosstones | The Suicide Machines | Voodoo Glow Skulls
Q116148184,crack rock steady,Choking Victim | Leftöver Crack | Star Fucking Hipsters
Q107697441,surf punk,Agent Orange | Surf Punks
Q10922,hardcore punk,Agnostic Front | Bad Brains | Black Flag | Circle Jerks | Cro-Mags | Dead Kennedys | Discharge | Minor Threat
Q1151260,D-beat,Anti Cimex | Discharge | Disclose | Doom | Mob 47 | Skitsystem | Totalitär | Wolfbrigade
Q118640020,raw punk,Disclose | Framtid
Q1995569,thrashcore,Cryptic Slaughter | Deep Wound | Dirty Rotten Imbeciles | Heresy | Siege
Q542703,melodic hardcore,Bad Religion | Comeback Kid | Dag Nasty | Descendents | Hüsker Dü | Pennywise | Rise Against | Strike Anywhere
Q383615,street punk,Anti-Nowhere League | Chaos UK | GBH | The Casualties | The Exploited | The Varukers
Q1750088,UK82,Abrasive Wheels | Blitz | Chaos UK | Discharge | GBH | The Exploited | The Partisans | Vice Squad
Q89423271,noisecore,Anal Cunt | Deche-Charge | Gerogerigege | Seven Minutes of Nausea | Sore Throat
Q106839582,burning spirits,Bastard | Death Side
Q188534,grindcore,Assück | Brutal Truth | Extreme Noise Terror | Napalm Death | Nasum | Pig Destroyer | Repulsion | Terrorizer
Q888612,deathgrind,Cattle Decapitation | Exhumed | Misery Index | Terrorizer
Q1147692,goregrind,Carcass | Dead Infection | Exhumed | General Surgery | Haemorrhage | Impetigo | Last Days of Humanity | Regurgitate
Q584752,pornogrind,Cock and Ball Torture | Gut
Q108297250,gorenoise,
Q3008180,cybergrind,
Q18915482,mincecore,Agathocles
Q9050551,noisegrind,Anal Cunt | Deche-Charge | Sore Throat
Q825769,crust punk,Amebix | Antisect | Doom | Hellbastard | His Hero Is Gone | Nausea | Tragedy | Wolfbrigade
Q28070612,blackened crust,Iskra | Young and in the Way
Q112628069,neocrust,Fall of Efrafa | From Ashes Rise | His Hero Is Gone | Tragedy
Q112593597,stenchcore,Axegrinder | Deviated Instinct | Hellbastard | Sacrilege
Q1784106,powerviolence,Capitalist Casualties | Charles Bronson | Crossed Out | Despise You | Infest | Man Is the Bastard | No Comment | Spazz
Q5724040,beatdown hardcore,Bulldoze | Hoods | Next Step Up
Q183862,metalcore,Architects | Converge | Earth Crisis | Hatebreed | Integrity | Killswitch Engage | Parkway Drive | Poison the Well
Q475221,deathcore,Carnifex | Chelsea Grin | Despised Icon | Job for a Cowboy | Lorna Shore | Suicide Silence | Thy Art Is Murder | Whitechapel
Q616679,mathcore,Botch | Car Bomb | Coalesce | Converge | Norma Jean | Rolo Tomassi | The Chariot | The Dillinger Escape Plan
Q110121422,downtempo deathcore,Black Tongue | Traitors
Q4490718,melodic metalcore,All That Remains | As I Lay Dying | Atreyu | August Burns Red | Bullet for My Valentine | Killswitch Engage | Shadows Fall | Trivium
Q2084353,electronicore,Asking Alexandria | Attack Attack! | Crossfaith | Enter Shikari | I See Stars | Issues
Q3046632,easycore,"A Day to Remember | Chunk! No, Captain Chunk! | Four Year Strong | Set Your Goals"
Q30587784,progressive metalcore,Between the Buried and Me | Born of Osiris | Erra | Invent Animate | Monuments | Northlane | Periphery | Veil of Maya
Q133601921,thall,Humanity's Last Breath | Vildhjarta
Q2225757,Christian hardcore,Figure Four | Norma Jean | The Chariot | Underoath | War of Ages | Zao
Q2035976,Nintendocore,HORSE the Band | Math the Band | Minibosses
Q131286017,tough guy hardcore,Biohazard | Hatebreed | Madball | Merauder | Terror
Q830325,horror punk,Balzac | Blitzkid | Calabrese | Misfits | Murderdolls | Samhain | Wednesday 13
Q13627677,psychobilly,Demented Are Go | Guana Batz | Mad Sin | Nekromantix | The Cramps | The Meteors | The Reverend Horton Heat | Tiger Army
Q1990122,Celtic punk,Black 47 | Dropkick Murphys | Flatfoot 56 | Flogging Molly | Neck | The Pogues | The Real McKenzies | The Tossers
Q930995,queercore,Fifth Column | God Is My Co-Pilot | Limp Wrist | Pansy Division | Team Dresch | Tribe 8
Q828305,skate punk,JFA | Lagwagon | Millencolin | No Use for a Name | NOFX | Pennywise | Strung Out | Suicidal Tendencies
Q677542,riot grrrl,7 Year Bitch | Bikini Kill | Bratmobile | Excuse 17 | Heavens to Betsy | Huggy Bear | Le Tigre | Sleater-Kinney
Q2715283,Gypsy punk,Balkan Beat Box | Firewater | Gogol Bordello | Kultur Shock
Q65089257,punk rap,$uicideboy$ | Ghostemane | Lil Pump | Playboi Carti | Ski Mask the Slump God | Smokepurpp | XXXTentacion
Q65936979,alternative punk,
Q476983,synth-punk,Nervous Gender | Suicide | The Screamers | Units
Q598929,post-punk,Gang of Four | Joy Division | Pere Ubu | Public Image Ltd | Siouxsie and the Banshees | Talking Heads | The Fall | Wire
Q1643549,dance-punk,!!! | A Certain Ratio | Delta 5 | ESG | Gang of Four | LCD Soundsystem | Liquid Liquid | The Rapture
Q2343562,coldwave,Asylum Party | Clair Obscur | Kas Product | Marquis de Sade | Martin Dupont | Norma Loy | Opera Multi Steel | Trisomie 21
Q823080,no wave,Bush Tetras | DNA | Glenn Branca | James Chance and the Contortions | Mars | Teenage Jesus and the Jerks | Theoretical Girls
Q3840596,dark wave,Clan of Xymox | Dead Can Dance | Diary of Dreams | Lebanon Hanover | She Past Away | Sopor Aeternus & the Ensemble of Shadows | Xmal Deutschland
Q284543,ethereal wave,Black Tape for a Blue Girl | Cocteau Twins | Cranes | Dead Can Dance | Faith and the Muse | Love Spirals Downwards | Lycia | This Mortal Coil
Q899116,neoclassical dark wave,Arcana | Ataraxia | Dead Can Dance | Elend | In the Nursery | Stoa
Q1362878,Neue Deutsche Todeskunst,Das Ich | Goethes Erben | Lacrimosa | Relatives Menschsein
Q1899347,post-punk revival,Bloc Party | Editors | Fontaines D.C. | Franz Ferdinand | Interpol | The Futureheads | The Strokes | Yeah Yeah Yeahs
Q133501932,dance-punk revival,!!! | Death from Above 1979 | Klaxons | LCD Soundsystem | Out Hud | Radio 4 | The Rapture
Q659599,art punk,Devo | Minutemen | Mission of Burma | Pere Ubu | Swell Maps | Television | The Ex | Wire
Q377910,post-hardcore,At the Drive-In | Drive Like Jehu | Fugazi | Glassjaw | Hüsker Dü | Quicksand | Refused | Thursday
Q3724778,emotional hardcore,Embrace | Gray Matter | Indian Summer | Moss Icon | One Last Wish | Rites of Spring
Q106594784,sass,An Albatross | Daughters | SeeYouSpaceCowboy | The Blood Brothers | The Number Twelve Looks Like You
Q2426383,crunkcore,3OH!3 | Blood on the Dance Floor | Brokencyde | Millionaires
Q141458789,progressive post-hardcore,Circa Survive | Dance Gavin Dance | Hail the Sun | Saosin | The Fall of Troy
Q115684103,swancore,A Lot Like Birds | Dance Gavin Dance | Eidola | Hail the Sun | Sianvar | Stolas
Q2268922,cowpunk,Jason & the Scorchers | Meat Puppets | Rank and File | The Gun Club | The Knitters | The Long Ryders
Q1425661,folk punk,"Against Me! | AJJ | Billy Bragg | Defiance, Ohio | Mischief Brew | The Men They Couldn't Hang | The Pogues | Violent Femmes"
Q2551540,punk blues,Oblivians | The Gun Club | The Jon Spencer Blues Explosion | The White Stripes
Q7308175,reggae rock,311 | Dirty Heads | Iration | Pepper | Rebelution | Slightly Stoopid | Sublime | The Police
Q7354827,rock musical,Andrew Lloyd Webber | Galt MacDermot | Jonathan Larson
Q719927,symphonic rock,"Barclay James Harvest | Electric Light Orchestra | Emerson, Lake & Palmer | Procol Harum | Renaissance | The Moody Blues | The Nice | Trans-Siberian Orchestra"
Q106654134,zolo,Devo | Oingo Boingo | Suburban Lawns | The B-52's | XTC
Q43343,folk music,Bob Dylan | Ewan MacColl | Joan Baez | Lead Belly | Pete Seeger | Shirley Collins | The Chieftains | Woody Guthrie
Q4400125,runo song,
Q3228974,seto leelo,
Q1195630,canzone napoletana,Enrico Caruso | Mario Merola | Massimo Ranieri | Nino D'Angelo | Renato Carosone | Roberto Murolo | Sergio Bruni
Q674684,sevdalinka,Amira Medunjanin | Damir Imamović | Himzo Polovina | Nada Mamula | Safet Isović | Silvana Armenulić | Zaim Imamović | Zehra Deović
Q1692318,modinha,Domingos Caldas Barbosa
Q3622181,tonadilla,Blas de Laserna | Pablo Esteve
Q208341,pasodoble,
Q8261759,asturianada,
Q1026089,Cajun music,BeauSoleil | D. L. Menard | Doug Kershaw | Iry LeJeune | Joe Falcon | Nathan Abshire | Steve Riley and the Mamou Playboys | The Balfa Brothers
Q212024,spirituals,Fisk Jubilee Singers | Marian Anderson | Odetta | Paul Robeson
Q139566448,concert spiritual,Hall Johnson | Harry T. Burleigh | Marian Anderson | Moses Hogan | Paul Robeson | Roland Hayes | William L. Dawson
Q482981,pansori,Ahn Sook-sun | Im Bang-ul | Kim So-hee | Park Dong-jin
Q3083000,kan ha diskan,Erik Marchand | Les Sœurs Goadec | Yann-Fañch Kemener
Q220528,Rebetiko,Anestis Delias | Giorgos Batis | Markos Vamvakaris | Rita Abatzi | Rosa Eskenazi | Sotiria Bellou | Vassilis Tsitsanis
Q2389651,children's music,"Dan Zanes | Ella Jenkins | Laurie Berkner | Raffi | Sharon, Lois & Bram | The Wiggles"
Q185676,fado,Alfredo Marceneiro | Amália Rodrigues | Ana Moura | Camané | Carlos do Carmo | Cristina Branco | Hermínia Silva | Mariza
Q5141514,coimbra fado,Adriano Correia de Oliveira | António Menano | Artur Paredes | Carlos Paredes | José Afonso | Luiz Goes
Q106298881,contemporary folk music,"Bob Dylan | Joan Baez | Joni Mitchell | Pete Seeger | Peter, Paul and Mary | Phil Ochs | Simon & Garfunkel | The Kingston Trio"
Q606089,skiffle,Chas McDevitt | Chris Barber | Johnny Duncan | Ken Colyer | Lonnie Donegan | The Quarrymen | The Vipers Skiffle Group
Q649634,progressive folk,Comus | Fairport Convention | John Martyn | Nick Drake | Pentangle | Roy Harper | The Incredible String Band | Tim Buckley
Q1414130,filk,Julia Ecklar | Leslie Fish
Q466445,American primitive guitar,Jack Rose | James Blackshaw | John Fahey | Leo Kottke | Peter Lang | Robbie Basho | Sandy Bull
Q1500364,psychedelic folk,Comus | Donovan | Espers | Linda Perhacs | Pearls Before Swine | The Incredible String Band | Tyrannosaurus Rex
Q2404568,freak folk,Akron/Family | Animal Collective | CocoRosie | Devendra Banhart | Espers | Joanna Newsom | Six Organs of Admittance | Vetiver
Q98528183,free folk,Charalambides | MV & EE | Pelt | Six Organs of Admittance | Sunburned Hand of the Man | The Tower Recordings
Q10387147,udigrudi,Ave Sangria | Lula Côrtes | Marconi Notaro | Zé Ramalho
Q134889869,wyrd folk,Comus | Trees
Q1773654,country folk,Gillian Welch | Guy Clark | Iris DeMent | John Prine | Kate Wolf | Nanci Griffith | Townes Van Zandt
Q775614,neofolk,Allerseelen | Current 93 | Death in June | Forseti | Of the Wand & the Moon | Rome | Sol Invictus
Q106621114,dark folk,Current 93 | Death in June | Sol Invictus | Tenhi | Wardruna
Q574651,anti-folk,Daniel Johnston | Diane Cluck | Jeffrey Lewis | Lach | Paleface | Regina Spektor | The Moldy Peaches
Q1317816,indie folk,Bon Iver | Fleet Foxes | Iron & Wine | José González | Laura Marling | Neutral Milk Hotel | Sufjan Stevens | The Decemberists
Q28401204,alternative folk,Ani DiFranco | Bright Eyes | Sufjan Stevens | The Mountain Goats
Q108297184,avant-folk,Joanna Newsom | Richard Dawson
Q5934478,campus folk song,Chyi Yu | Hou Dejian
Q98528178,chamber folk,Joanna Newsom | Nick Drake | Sufjan Stevens
Q11700058,folk-pop,Donovan | Jack Johnson | Mumford & Sons | Simon & Garfunkel | Suzanne Vega | The Mamas & the Papas | Tracy Chapman
Q123421101,stomp and holler,Edward Sharpe and the Magnetic Zeros | Lord Huron | Mumford & Sons | Of Monsters and Men | Phillip Phillips | The Head and the Heart | The Lumineers
Q136335965,loner folk,Bill Fay | Bob Desper | Linda Perhacs | Vashti Bunyan
Q6040713,neofolklore,Los de las Condes | Los de Ramón | Pedro Messone | Rolando Alarcón
Q617338,apala,Ayinla Omowura | Haruna Ishola | Musiliu Haruna Ishola
Q245296,zydeco,Beau Jocque | Boozoo Chavis | Buckwheat Zydeco | C. J. Chenier | Clifton Chenier | Keith Frank | Queen Ida | Rockin' Dopsie
Q111186967,nouveau zydeco,Beau Jocque | Chris Ardoin | Keith Frank | Zydeco Force
Q1470503,semba,Bonga | Carlos Burity | Elias Diá Kimuezo | Ngola Ritmos | Paulo Flores
Q2087267,laïko,Giorgos Dalaras | Grigoris Bithikotsis | Haris Alexiou | Manolis Angelopoulos | Marinella | Poly Panou | Stelios Kazantzidis | Stratos Dionysiou
Q109713745,modern laika,Anna Vissi | Antonis Remos | Despina Vandi | Giorgos Mazonakis | Nikos Vertis | Notis Sfakianakis | Pantelis Pantelidis | Peggy Zina
Q7535166,skiladiko,
Q446241,neo-medieval music,Corvus Corax | Estampie | Faun | In Extremo | Qntal | Saltatio Mortis | Schandmaul | Subway to Sally
Q96647680,bardcore,Hildegard von Blingin'
Q1798870,pagan folk,Faun | Hagalaz' Runedance | Heilung | Omnia | Wardruna
Q786815,turbo-folk,Aca Lukas | Ceca | Dragana Mirković | Indira Radić | Jelena Karleuša | Lepa Brena | Mile Kitić | Seka Aleksić
Q6039799,aboio,
Q30632442,agbadza,
Q4691650,agbekor,
Q4696445,ahwash,
Q22949256,aita,
Q4735603,Alpini song,
Q4741152,ambasse bey,
Q108616106,Appalachian folk music,Clarence Ashley | Doc Watson | Dock Boggs | Jean Ritchie | Ola Belle Reed | Roscoe Holcomb | The Carter Family | Tommy Jarrell
Q12302,bagad,Bagad de Lann-Bihoué | Bagad Kemper
Q7770873,bal-musette,André Verchuren | Émile Vacher | Gus Viseur | Jo Privat | Marcel Azzola | Tony Murena | Yvette Horner
Q108297188,balitaw,
Q527675,bambuco,
Q25458248,bantengan,
Q2891921,batuque,Orlando Pantera
Q13058900,baul gaan,Lalon | Paban Das Baul | Purna Das Baul | Shah Abdul Karim
Q97159655,bedoui oranais,
Q4889602,benna,
Q55593233,biraha,
Q4936212,bocet,
Q4936753,boduberu,
Q4937089,boedra,
Q18702741,bogino duu,
Q4947422,Bosnian root music,
Q5000356,Burra katha,
Q2929369,bélé,
Q1033073,candombe,Jaime Roos | Rubén Rada
Q19754215,cante alentejano,
Q5747874,canto a lo poeta,
Q107254627,cantoria,
Q3656466,cantu a chiterra,
Q774475,cantu a tenore,Tenores di Bitti
Q2936886,cantèra,
Q2447797,Cape Breton fiddling,Ashley MacIsaac | Buddy MacMaster | Jerry Holland | Natalie MacMaster | Winston Fitzgerald
Q854451,Celtic music,Alan Stivell | Altan | Capercaillie | Clannad | Planxty | The Bothy Band | The Chieftains | The Dubliners
Q5058545,Celtic chant,
Q110606359,Central Asian throat singing,Alash Ensemble | Huun-Huur-Tu | Kongar-ol Ondar | Sainkho Namtchylak | Yat-Kha
Q4208567,kai,Altai Kai
Q597493,chacarera,Atahualpa Yupanqui | Los Carabajal | Los Chalchaleros | Los Fronterizos | Los Hermanos Ábalos | Mercedes Sosa
Q1060475,chamamé,Antonio Tarragó Ros | Chango Spasiuk | Ernesto Montiel | Isaco Abitbol | Raúl Barboza | Teresa Parodi | Tránsito Cocomarola
Q136653443,chamamé tropical,
Q108297212,chamarrita açoriana,
Q108297213,chamarrita rioplatense,
Q461406,change ringing,
Q124851788,changjak gugak,
Q5096318,Chicken scratch,
Q106634987,Chinese classical music,Abing | Guan Pinghu | Liu Dehai | Liu Tianhua | Min Huifen | Wu Man
Q4848674,Baisha xiyue,
Q131854045,Chinese literati music,
Q5295946,dongjing,
Q700805,nanguan,
Q15917095,yanyue,
Q15056301,yayue,
Q2159891,chopi timbila,Venancio Mbande
Q108297216,chotis madrileño,
Q1443316,Christmas music,Andy Williams | Bing Crosby | Brenda Lee | Mannheim Steamroller | Mariah Carey | Nat King Cole | Perry Como | Trans-Siberian Orchestra
Q136933450,son de pascua,
Q4349839,chèo,
Q331810,colindă,
Q89423571,contra dance music,
Q15042720,copla,Concha Piquer | Estrellita Castro | Isabel Pantoja | Juanita Reina | Lola Flores | Marifé de Triana | Miguel de Molina | Rocío Jurado
Q766240,cueca,Los Chileneros | Los Huasos Quincheros | Margot Loyola
Q5793651,cueca brava,Los Chileneros | Roberto Parra Sandoval
Q1145867,cururu,
Q5202988,cải lương,
Q1156570,dabke,Ali Deek | Omar Souleyman
Q10265571,desgarrada,
Q16960459,dhaanto,
Q125754839,dhol tasha,
Q5276535,Dikir barat,
Q15931253,dimotiko,
Q108297231,djanba,
Q25620807,dohori,
Q2138543,doina,Maria Tănase
Q5295546,Dondang Sayang,
Q2165184,drinking song,
Q2583965,duma,
Q17048822,Fakaseasea,
Q5431633,falak,
Q1130969,fandango,
Q109369576,fandango caiçara,
Q5448207,fijiri,
Q2489759,football chant,
Q5509175,fungi,
Q121437389,fusion gugak,Ak Dan Gwang Chil | Black String | Jambinai | Leenalchi | Ssing Ssing
Q65067835,Gaelic psalm singing,
Q535328,gaita zuliana,Cardenales del Éxito | Gran Coquivacoa | Guaco | Maracaibo 15 | Ricardo Aguirre
Q882985,garba,Falguni Pathak
Q2000173,Gnawa music,Hamid El Kasri | Hassan Hakmoun | Mahmoud Guinia
Q10973951,gondang,
Q107123896,griot music,Bako Dagnon | Ballaké Sissoko | Bassekou Kouyaté | Foday Musa Suso | Kandia Kouyaté | Mory Kanté | Sona Jobarteh | Toumani Diabaté
Q82469,Gstanzl,
Q1399566,Guggenmusik,
Q1452401,għana,
Q5639767,Haitian vodou drumming,
Q1430717,Hambo,
Q136031262,haozi,
Q123028778,hapa haole,
Q25339674,harana,
Q5765288,Himene tarava,
Q23637018,hornpipe,
Q2307786,huayno,Amanda Portales | Dina Páucar | Flor Pucarina | Pastorita Huaracina | Picaflor de los Andes
Q1154911,carnavalito,
Q8345377,chimayche,
Q5903971,huayno ancashino,Pastorita Huaracina
Q722989,Hungarian folk music,Muzsikás | Márta Sebestyén
Q11691916,csárdás,
Q1162475,nóta,
Q137900601,pásztordal,
Q220535,verbunkos,János Bihari
Q627181,industrial folk music,A. L. Lloyd | Ewan MacColl
Q13164291,red music,
Q7482056,Irish folk music,Altan | Clannad | De Dannan | Planxty | The Bothy Band | The Chieftains | The Clancy Brothers | The Dubliners
Q771291,sean-nós singing,Darach Ó Catháin | Iarla Ó Lionáird | Joe Heaney
Q9009342,Isa,
Q17630580,Izlan,
Q3160589,Jaipongan,Gugum Gumbira
Q6421060,Kliningan,
Q111394868,James Bay fiddling,
Q744327,joik,Jon Henrik Fjällgren | Mari Boine | Nils-Aslak Valkeapää | Sofia Jannok | Wimme
Q505343,jongo,
Q1202208,joropo,Cholo Valderrama | Grupo Cimarrón | Juan Vicente Torrealba | Reynaldo Armas | Simón Díaz
Q252626,jota,
Q1571388,Jácara,
Q122658157,kalattut,
Q6365333,kantan chamorrita,
Q1737691,Kecak,
Q20427333,ketuk tilu,
Q108845022,kilapanga,
Q947155,kirtan,Jai Uttal | Krishna Das
Q118114324,shabad kirtan,
Q1428470,klapa,Klapa Cambi | Klapa Intrade
Q212944,klezmer,Andy Statman | Brave Old World | Dave Tarras | Giora Feidman | Kapelye | Klezmer Conservatory Band | Naftule Brandwein | The Klezmatics
Q11459349,kouta,
Q648283,krakowiak,
Q3181943,kuda kepang,
Q2360319,kujawiak,
Q6444335,kundiman,Francisco Santiago | Nicanor Abelardo
Q2722134,lavani,
Q16572889,liscio,Raoul Casadei | Secondo Casadei
Q5684704,liwa,
Q1785243,Long song,Namjilyn Norovbanzad
Q193605,lullaby,
Q131681303,batonebi songs,
Q2396005,Iavnana,
Q1499839,lundu,
Q1879175,ländler music,
Q6741049,malagueña,
Q6754164,Mappila song,
Q1753071,maracatu,
Q151942,mazurka,
Q2500734,meykhana,
Q942955,milonga,Alfredo Zitarrosa | Atahualpa Yupanqui
Q901610,min'yō,Michiya Mihashi | Min'yo Crusaders | Takio Itō
Q2278881,shima-uta,Chitose Hajime | Nenes | Rinken Band | Shoukichi Kina
Q11693803,montea,
Q1550501,muiñeira,
Q9035712,muliza,
Q4207331,musok eumak,
Q3333303,méringue,
Q6950147,Métis fiddle,
Q139907417,música festera,
Q15975701,narodnozabavna glasba,Lojze Slak | Slavko Avsenik
Q140369612,nepali lok geet,
Q109589714,Ngoma music,
Q663833,unyago,
Q125544586,ngâm thơ,
Q7042505,Njuup,
Q3347093,néo-trad,
Q11794650,oberek,
Q972424,old-time music,Carolina Chocolate Drops | Charlie Poole | Fiddlin' John Carson | Gid Tanner and His Skillet Lickers | New Lost City Ramblers | The Carter Family | Tommy Jarrell | Uncle Dave Macon
Q7092205,ondo,
Q118395684,orkes gambus,
Q359607,paghjella,A Filetta | Canta u Populu Corsu
Q3365745,parang,
Q5955539,payada,
Q122034415,Philippine rondalla,
Q108055228,pipe band music,Field Marshal Montgomery Pipe Band | Shotts and Dykehead Caledonia Pipe Band | Simon Fraser University Pipe Band
Q13118900,Powada,
Q1540495,puirt à beul,
Q497674,pungmul,
Q3525838,quan họ,
Q7273050,quyi,
Q138588714,rabbit song,
Q132362695,ring shout,McIntosh County Shouters
Q7335754,ripsaw music,
Q16327884,rizitika,
Q3867028,rōkyoku,
Q133826466,sa'idi,
Q958982,saeta,
Q9300201,samba de roda,
Q710917,sanjo,
Q109719071,sarala gee,
Q1413570,sardana,
Q63197384,saya afroboliviana,
Q329385,schottische,
Q118744381,Scottish country dance music,Jimmy Shand
Q1973457,seguidilla,
Q7487815,shan'ge,
Q115812361,sigidrigi,
Q4216001,Sinawi,
Q89363113,singer-songwriter music,Bob Dylan | Carole King | James Taylor | Joni Mitchell | Leonard Cohen | Neil Young | Nick Drake | Paul Simon
Q4056436,bard song,Alexander Galich | Bulat Okudzhava | Vladimir Vysotsky | Yuliy Kim | Yuri Vizbor
Q4078107,bard rock,Alexander Bashlachev | Aquarium | DDT
Q108297209,canzone d'autore,Fabrizio De André | Francesco De Gregori | Francesco Guccini | Franco Battiato | Gino Paoli | Lucio Dalla | Luigi Tenco | Paolo Conte
Q1151259,nueva canción,Atahualpa Yupanqui | Inti-Illimani | Mercedes Sosa | Pablo Milanés | Quilapayún | Silvio Rodríguez | Violeta Parra | Víctor Jara
Q497957,nueva trova,Carlos Varela | Noel Nicola | Pablo Milanés | Sara González | Silvio Rodríguez | Vicente Feliú
Q3879286,nueva canción chilena,Illapu | Inti-Illimani | Isabel Parra | Patricio Manns | Quilapayún | Violeta Parra | Víctor Jara | Ángel Parra
Q98528181,nueva canción española,Chicho Sánchez Ferlosio | José Antonio Labordeta | Luis Eduardo Aute | Paco Ibáñez
Q9051102,nuevo cancionero,Mercedes Sosa | Oscar Matus | Tito Francia
Q2956176,chanson à texte,Anne Sylvestre | Barbara | Georges Brassens | Jacques Brel | Jean Ferrat | Léo Ferré
Q12257561,euskal kantagintza berria,Benito Lertxundi | Lourdes Iriondo | Mikel Laboa | Xabier Lete
Q106917640,kleinkunst,Herman van Veen | Jules de Corte
Q98528299,Liedermacher,Franz Josef Degenhardt | Hannes Wader | Konstantin Wecker | Reinhard Mey | Wolf Biermann
Q109350090,música de intervenção,Adriano Correia de Oliveira | Fausto Bordalo Dias | José Afonso | José Mário Branco | Sérgio Godinho
Q254890,nova cançó,Francesc Pi de la Serra | Guillermina Motta | Joan Manuel Serrat | Lluís Llach | Maria del Mar Bonet | Marina Rossell | Ovidi Montllor | Raimon
Q98528264,slack-key guitar,Gabby Pahinui | Keola Beamer | Ledward Kaapana | Ray Kane | Sonny Chillingworth
Q1093232,stornello,
Q988502,sutartinė,
Q109526125,taiko music,Kodo | Ondekoza
Q7676784,tajaraste,
Q105883401,takamba,
Q7679165,talempong,
Q3980452,talking blues,Bob Dylan | Chris Bouchillon | Woody Guthrie
Q6138499,tamborito,
Q10970468,Taquirari,
Q324617,tarantella,
Q2036172,pizzica,Canzoniere Grecanico Salentino
Q3980643,tammurriata,E Zezi | Nuova Compagnia di Canto Popolare
Q128792625,tarawangsa,
Q110241400,tassu,
Q108575656,tchinkoumé,
Q124428373,tivaner inngernerlu,
Q7810544,tizita,
Q16844015,toada de boi,
Q109406646,tonada potosina,
Q108981355,traditional séga,Ti Frère
Q139565726,séga tambour,
Q1432540,trallalero,
Q29252685,trikiti,Joseba Tapia | Kepa Junkera
Q3541635,tsugaru-jamisen,Agatsuma | Takahashi Chikuzan | Yoshida Brothers
Q2738469,tumba,
Q1810546,Turkish folk music,Arif Sağ | Aşık Veysel | Belkıs Akkale | Mahzuni Şerif | Musa Eroğlu | Neşet Ertaş | Ruhi Su
Q1799871,uzun hava,
Q106654144,zeybek,
Q89099707,özgün müzik,Ahmet Kaya | Zülfü Livaneli
Q123556216,tân cổ giao duyên,
Q127835715,uaajeerneq,
Q123105792,unakesa,
Q108665895,upopo,
Q110242082,urumi melam,
Q123699455,vaigat music,
Q1232283,villancico,
Q3482281,visa,
Q115776141,vude,
Q7967858,wangga,
Q127624,white voice,
Q502658,work song,
Q4993817,military cadence,
Q1195253,sea shanty,Fisherman's Friends | Stan Hugill
Q7975176,waulking song,
Q3570841,xaxado,
Q10836741,xẩm,
Q106558878,yaraví,
Q60030725,yodel,Franzl Lang | Jimmie Rodgers
Q1193421,yukar,
Q2738178,zamacueca,
Q3106448,zamba,Eduardo Falú | Los Chalchaleros | Los Fronterizos | Mercedes Sosa
Q106654137,zinli,
Q106654136,zohioliin duu,
Q3408409,čalgija,
Q3357584,ʻōteʻa,
Q18345375,Latin music,Antônio Carlos Jobim | Celia Cruz | Gloria Estefan | Juan Gabriel | Julio Iglesias | Santana | Shakira | Tito Puente
Q18217098,New Mexico music,Al Hurricane
Q9764,flamenco,Antonio Mairena | Camarón de la Isla | Enrique Morente | La Niña de los Peines | Paco de Lucía | Sabicas | Tomatito | Vicente Amigo
Q3053954,new flamenco,Ketama | Ojos de Brujo | Paco de Lucía | Pata Negra | Radio Tarifa | Rosalía | Vicente Amigo
Q1426909,flamenco jazz,Carles Benavent | Chano Domínguez | Jorge Pardo | Paco de Lucía | Pedro Iturralde
Q108297241,flamenco pop,Chambao | Gipsy Kings | Las Grecas | Niña Pastori | Rosalía | Rosario Flores
Q282131,merengue,Eddy Herrera | Fernando Villalona | Johnny Ventura | Juan Luis Guerra | Los Hermanos Rosario | Milly Quezada | Sergio Vargas | Wilfrido Vargas
Q3855113,merenhouse,Fulanito | Ilegales | Proyecto Uno | Sandy & Papo
Q116316147,mambo urbano,
Q9031739,merecumbé,Pacho Galán
Q6819034,merengue típico,Fefita la Grande | Tatico Henríquez | Ñico Lora
Q6140143,tecnomerengue,
Q7142141,pasillo,Carlota Jaramillo | Julio Jaramillo | Olimpo Cárdenas
Q1076539,choro,Altamiro Carrilho | Chiquinha Gonzaga | Ernesto Nazareth | Hamilton de Holanda | Jacob do Bandolim | Joaquim Callado | Pixinguinha | Waldir Azevedo
Q3889661,marchinha,Braguinha | Carmen Miranda | Chiquinha Gonzaga | Lamartine Babo
Q752785,calypso,Calypso Rose | David Rudder | Harry Belafonte | Lord Invader | Lord Kitchener | Lord Melody | Mighty Sparrow | Roaring Lion
Q117223398,calipso venezolano,
Q1090048,chutney music,Drupatee Ramgoonai | Rikki Jai | Sundar Popo
Q586110,forró,Alceu Valença | Dominguinhos | Elba Ramalho | Falamansa | Jackson do Pandeiro | Luiz Gonzaga | Marinês | Trio Nordestino
Q10283582,electronic forró,Aviões do Forró | Calcinha Preta | Limão com Mel | Mastruz com Leite | Wesley Safadão
Q124637903,forró de favela,
Q108857881,piseiro,Barões da Pisadinha | João Gomes | Tarcísio do Acordeon | Vitor Fernandes | Zé Vaqueiro
Q10283584,forró universitário,Bicho de Pé | Falamansa | Rastapé
Q835562,habanera,
Q2420447,trova,Alberto Villalón | Manuel Corona | María Teresa Vera | Pepe Sánchez | Sindo Garay
Q1574985,Vallenato,Alejo Durán | Binomio de Oro de América | Carlos Vives | Diomedes Díaz | Jorge Oñate | Rafael Escalona | Silvestre Dangond
Q11403,samba,Adoniran Barbosa | Beth Carvalho | Cartola | Clara Nunes | Martinho da Vila | Noel Rosa | Paulinho da Viola | Zeca Pagodinho
Q3470688,samba de gafieira,
Q834959,samba rock,Bebeto | Clube do Balanço | Jorge Ben Jor | Seu Jorge | Trio Mocotó
Q108556056,samba soul,Banda Black Rio
Q3360459,pagode,Exaltasamba | Fundo de Quintal | Grupo Revelação | Jovelina Pérola Negra | Zeca Pagodinho
Q25448883,pagode baiano,Harmonia do Samba | Parangolé | Psirico | É o Tchan!
Q100139647,arrochadeira,
Q10343541,pagode romântico,Exaltasamba | Katinguelê | Negritude Júnior | Raça Negra | Sorriso Maroto | Soweto | Só Pra Contrariar
Q19816,batucada,
Q1420722,partido alto,Aniceto do Império | Bezerra da Silva | Zeca Pagodinho
Q10367246,samba de breque,Moreira da Silva
Q10367249,samba de terreiro,
Q10367225,samba rap,Marcelo D2
Q4215151,samba-canção,Dolores Duran | Lupicínio Rodrigues | Maysa | Nora Ney
Q10367217,samba-choro,
Q3470692,samba-enredo,Jamelão | Neguinho da Beija-Flor
Q10367220,samba-exaltação,Ary Barroso | Francisco Alves
Q13634037,samba-jazz,Bossa Três | Edison Machado | J.T. Meirelles | Sérgio Mendes | Tamba Trio | Zimbo Trio
Q10367222,samba-joia,Benito di Paula | Luiz Ayrão
Q10367259,sambalanço,Ed Lincoln | Elza Soares | Jorge Ben | Miltinho | Orlann Divo | Wilson Simonal
Q208239,salsa,Celia Cruz | Eddie Palmieri | Fania All-Stars | Héctor Lavoe | Marc Anthony | Rubén Blades | Tito Puente | Willie Colón
Q7405759,salsa dura,Eddie Palmieri | El Gran Combo de Puerto Rico | Héctor Lavoe | Johnny Pacheco | Ray Barretto | Richie Ray & Bobby Cruz | Willie Colón
Q371745,timba,Bamboleo | Havana D'Primera | Issac Delgado | La Charanga Habanera | Los Van Van | Manolito y su Trabuco | NG La Banda | Paulo FG
Q20016116,salsa choke,Junior Jein
Q7405765,salsa romántica,Eddie Santiago | Frankie Ruiz | Gilberto Santa Rosa | Jerry Rivera | Lalo Rodríguez | Luis Enrique | Marc Anthony | Tito Nieves
Q1958273,sertanejo,Chitãozinho & Xororó | Jorge & Mateus | Leandro & Leonardo | Marília Mendonça | Milionário & José Rico | Sérgio Reis | Tonico & Tinoco | Zezé Di Camargo & Luciano
Q4011109,rasqueado,
Q106594814,sertanejo de raiz,Almir Sater | Cascatinha & Inhana | Inezita Barroso | Pena Branca & Xavantinho | Renato Teixeira | Tião Carreiro & Pardinho | Tonico & Tinoco
Q10331354,moda de viola,Almir Sater | Pena Branca & Xavantinho | Tião Carreiro & Pardinho | Tonico & Tinoco
Q106594830,sertanejo romântico,Chitãozinho & Xororó | Chrystian & Ralf | Gian & Giovani | João Paulo & Daniel | Leandro & Leonardo | Zezé Di Camargo & Luciano
Q10370558,sertanejo universitário,Gusttavo Lima | Henrique & Juliano | João Bosco & Vinícius | Jorge & Mateus | Luan Santana | Maiara & Maraisa | Marília Mendonça | Michel Teló
Q138617267,agronejo,Ana Castela | Luan Pereira
Q113205225,arrocha sertanejo,
Q108297247,funknejo,
Q1646666,mambo,Beny Moré | Cachao | Machito | Pérez Prado | Tito Puente | Tito Rodríguez
Q2707994,Catalan rumba,El Pescaílla | Gato Pérez | Gipsy Kings | Los Amaya | Los Manolos | Peret
Q155119,cuarteto,Cuarteto Leo | La Mona Jiménez | Rodrigo | Ulises Bueno | Walter Olmos
Q367751,pachanga,Charlie Palmieri | Eduardo Davidson | Johnny Pacheco
Q3069904,porro,Lucho Bermúdez | Pacho Galán
Q486263,bossa nova,Antônio Carlos Jobim | Astrud Gilberto | Baden Powell | Carlos Lyra | João Gilberto | Nara Leão | Stan Getz | Vinicius de Moraes
Q40461,bachata,Antony Santos | Aventura | Frank Reyes | José Manuel Calderón | Juan Luis Guerra | Luis Vargas | Raulín Rodríguez | Romeo Santos
Q4848738,baithak gana,Ramdew Chaitoe
Q23925185,pilón,Pacho Alonso
Q1046768,música popular brasileira,Caetano Veloso | Chico Buarque | Djavan | Elis Regina | Gal Costa | Gilberto Gil | Maria Bethânia | Milton Nascimento
Q1413061,tropicália,Caetano Veloso | Gal Costa | Gilberto Gil | Nara Leão | Os Mutantes | Rogério Duprat | Tom Zé
Q2932658,cadence-lypso,Exile One | Grammacks
Q1051735,soca music,Alison Hinds | Arrow | Bunji Garlin | David Rudder | Destra Garcia | Kes | Machel Montano | Ras Shorty I
Q121437377,bashment soca,
Q5118383,chutney soca,Drupatee Ramgoonai | Rikki Jai | Sonny Mann
Q108297227,dennery segment,
Q109930142,power soca,Bunji Garlin | Iwer George | Machel Montano | Super Blue
Q650505,rapso,3canal | Brother Resistance | Lancelot Layne
Q283405,punta,Andy Palacio | Aurelio Martínez | Pen Cayetano
Q1435485,axé,Asa de Águia | Banda Eva | Chiclete com Banana | Claudia Leitte | Daniela Mercury | Ivete Sangalo | Luiz Caldas | Timbalada
Q455686,samba reggae,Ilê Aiyê | Olodum | Timbalada
Q1061165,champeta,Charles King | Louis Towers | Mr. Black | Viviano Torres
Q227045,zouk,Edith Lefel | Francky Vincent | Jean-Michel Rotin | Kassav' | Zouk Machine
Q5618068,gumbé,
Q16525381,Afro-zouk,
Q16534955,cabo zouk,Gil Semedo | Suzanna Lubrano
Q8074636,zouk-love,Edith Lefel | Jean-Michel Rotin | Kaysha
Q4950496,bouyon,Triple Kay International | Windward Caribbean Kulture
Q117745223,Brazilian funk,Anitta | DJ Marlboro | Kevin o Chris | Ludmilla | MC Kevinho | MC Livinho | MC Marcinho | Tati Quebra Barraco
Q1931130,funk carioca,Anitta | Bonde do Tigrão | Claudinho & Buchecha | Deize Tigrona | DJ Marlboro | Ludmilla | MC Marcinho | Tati Quebra Barraco
Q10354439,funk proibidão,
Q15893013,funk ostentação,MC Daleste | MC Gui | MC Guimê | MC Lon | MC Rodolfinho
Q10286515,funk melody,Claudinho & Buchecha | MC Leozinho | MC Marcinho | Perlla
Q20716146,rasteirinha,
Q97181439,arrocha funk,
Q107010629,funk mandelão,
Q113622724,beat bruxaria,
Q130391349,funk automotivo,
Q128792618,ritmada,
Q124661614,beat bolha,
Q124728302,beat fino,
Q138314537,funk consciente,
Q119580609,funk de BH,
Q122474184,mega funk,
Q127835664,trapfunk,
Q202930,reggaeton,Bad Bunny | Daddy Yankee | Don Omar | El General | Ivy Queen | J Balvin | Tego Calderón | Wisin & Yandel
Q6111428,romantic style,
Q96395212,neoperreo,Bad Gyal | Ms Nina | Tomasa del Real
Q4838724,bachatón,
Q108297222,cubaton,Chacal y Yakarta | Gente de Zona | Jacob Forever | Osmani García
Q124713283,reparto,Chocolate MC
Q118678057,cumbiaton,
Q137171613,doble paso,
Q111357005,RKT,Callejero Fino | L-Gante
Q1759189,mangue bit,Chico Science & Nação Zumbi | Mestre Ambrósio | Mundo Livre S/A | Otto
Q16491869,Dominican dembow,Chimbala | El Alfa | Rochy RD | Shelow Shaq | Tokischa
Q383530,afoxê,Filhos de Gandhy
Q65447927,aleke,
Q5713112,avanzada,
Q5716336,baguala,Leda Valladares
Q2879962,baião,Carmélia Alves | Dominguinhos | Humberto Teixeira | Luiz Gonzaga | Sivuca
Q111241124,bandinha,
Q814402,biguine,Al Lirvat | Alexandre Stellio | Malavoi
Q15830404,bolero,Beny Moré | Olga Guillot | Pepe Sánchez | Sindo Garay | Trío Matamoros
Q6397421,Bolero son,Trío Matamoros
Q5393053,filin,Ángel Díaz | César Portillo de la Luz | Elena Burke | Frank Domínguez | José Antonio Méndez | Marta Valdés | Omara Portuondo
Q489913,bolero,Agustín Lara | Armando Manzanero | Javier Solís | Julio Jaramillo | Los Panchos | Lucho Gatica | Luis Miguel | Olga Guillot
Q2278063,bomba,Cortijo y su Combo | Rafael Cepeda
Q2464314,brega,Amado Batista | Fernando Mendes | Odair José | Reginaldo Rossi | Waldick Soriano | Wando
Q8251828,brega pop,Banda Calypso
Q1634085,tecno brega,Gaby Amarantos | Gang do Eletro | Viviane Batidão
Q97278139,brega funk,Dadá Boladão | MC Loma e as Gêmeas Lacração | Shevchenko e Elloco
Q97178866,batidão romântico,
Q117193818,tecnofunk,
Q2863648,arrocha,Pablo | Silvanno Salles
Q3191747,cadence rampa,Webert Sicot
Q123253590,caporal,
Q1036183,carimbó,Dona Onete | Mestre Lucindo | Mestre Verequete | Pinduca
Q16986699,cha-cha-chá,Enrique Jorrín | José Fajardo | Orquesta América | Orquesta Aragón
Q1062199,changüí,Elio Revé
Q961146,chilena,
Q502448,coco,Jackson do Pandeiro | Selma do Coco
Q504476,Ciranda,Lia de Itamaracá
Q1335045,embolada,Caju e Castanha | Jackson do Pandeiro
Q1125657,conga,
Q140129045,coplas cajamarquinas,
Q107195014,Cuban charanga,Arcaño y sus Maravillas | José Fajardo | Orquesta América | Orquesta Aragón
Q388475,Cuban rumba,Clave y Guaguancó | Los Muñequitos de Matanzas | Los Papines | Yoruba Andabo
Q3322619,Guaguancó,Los Muñequitos de Matanzas | Los Papines | Yoruba Andabo
Q723418,cumbia,Andrés Landero | Aniceto Molina | Celso Piña | Los Ángeles Azules | Los Corraleros de Majagual | Los Wawanco | Totó la Momposina
Q7171184,Peruvian cumbia,Agua Marina | Armonía 10 | Chacalón | Grupo 5 | Juaneco y Su Combo | Los Destellos | Los Mirlos | Los Shapis
Q1143741,chicha,Chacalón | Juaneco y Su Combo | Los Destellos | Los Mirlos | Los Shapis
Q5643186,cumbia amazónica,Juaneco y Su Combo | Los Mirlos | Los Wembler's de Iquitos
Q131334621,cumbia norteña peruana,Agua Marina | Armonía 10 | Corazón Serrano | Grupo 5 | Hermanos Yaipén
Q140528496,cumbia sureña peruana,
Q1143744,digital cumbia,Bomba Estéreo | Chancha Vía Circuito | Dengue Dengue Dengue | El Remolón | Frikstailers
Q4789437,Argentine cumbia,Antonio Ríos | Damas Gratis | Gilda | Leo Mattioli | Los Palmeras | Ráfaga
Q1143752,cumbia villera,Damas Gratis | Flor de Piedra | Mala Fama | Pibes Chorros | Supermerk2 | Yerba Brava
Q107455228,cumbia turra,
Q4996773,bullerengue,Etelvina Maldonado | Petrona Martínez
Q5794676,Chilean cumbia,Américo | La Sonora de Tommy Rey | La Sonora Palacios | Los Viking's 5
Q115625176,Colombian cumbia,Andrés Landero | Aniceto Molina | Los Corraleros de Majagual | Los Gaiteros de San Jacinto | Lucho Bermúdez | Pacho Galán | Rodolfo Aicardi | Totó la Momposina
Q5794686,cumbia salvadoreña,
Q5794688,cumbia santafesina,Leo Mattioli | Los Palmeras
Q6826021,Mexican cumbia,Celso Piña | La Sonora Dinamita | Los Ángeles Azules | Rigo Tovar
Q5794682,cumbia norteña mexicana,Celso Piña | Rigo Tovar
Q108297224,cumbia sonidera,
Q85867089,cumbia rebajada,
Q9051042,new Chilean cumbia,Banda Conmoción | Chico Trujillo | Juana Fe | La Mano Ajena
Q125850367,cuplé,La Fornarina | Raquel Meller
Q5794983,currulao,Grupo Bahía | Herencia de Timbiquí
Q1165358,danzón,Acerina y su Danzonera | Antonio María Romeu | Barbarito Diez | Miguel Failde
Q28219760,descarga,Alegre All-Stars | Cachao | Fania All-Stars | Julio Gutiérrez
Q1455932,frevo,Capiba | Claudionor Germano | Nelson Ferreira | Spok Frevo Orquestra
Q10285948,frevo de bloco,
Q130600756,frevo de rua,
Q134589282,frevo elétrico,Dodô & Osmar
Q10285947,frevo-canção,Capiba | Claudionor Germano | Nelson Ferreira
Q5583956,goombay,
Q787663,guajira,Guillermo Portabales | Joseíto Fernández
Q1552806,guaracha,Beny Moré | Celia Cruz | La Sonora Matancera | Ñico Saquito
Q124630346,guaracha santiagueña,
Q3278092,guarania,José Asunción Flores | Luis Alberto del Paraná
Q2915789,gwo ka,Gérard Lockel | Guy Konket | Vélo
Q5654316,harawi,
Q3141879,huaylarsh,
Q120233553,jazz guachaca,
Q106634508,junkanoo,
Q610022,kaseko,Lieve Hugo | Max Nijman
Q60722009,Kasékò,
Q2726026,konpa,Carimi | Coupé Cloué | Nemours Jean-Baptiste | Skah Shah | Sweet Micky | T-Vice | Tabou Combo | Webert Sicot
Q533946,lambada,Beto Barbosa | Kaoma
Q10292943,guitarrada,Mestre Vieira
Q117193811,mambo chileno,
Q430075,maxixe,Chiquinha Gonzaga | Ernesto Nazareth
Q113133172,merequetengue,
Q1640587,morenada,
Q1452181,murga,
Q6032965,murga uruguaya,Agarrate Catalina | Contrafarsa | Falta y Resto
Q108951349,music of the Llanos,Cholo Valderrama | Grupo Cimarrón | Juan Vicente Torrealba | Reynaldo Armas | Simón Díaz
Q6950428,música criolla,Arturo Cavero | Chabuca Granda | Eva Ayllón | Felipe Pinglo Alva | Los Morochucos | Lucha Reyes | Óscar Avilés | Susana Baca
Q5445668,festejo,Eva Ayllón | Nicomedes Santa Cruz | Perú Negro | Susana Baca | Victoria Santa Cruz
Q3217069,landó,Nicomedes Santa Cruz | Perú Negro | Susana Baca
Q222445,marinera,
Q2509521,Peruvian waltz,Arturo Cavero | Cecilia Barraza | Chabuca Granda | Felipe Pinglo Alva | Jesús Vásquez | Los Morochucos | Lucha Reyes | Óscar Avilés
Q3531526,tondero,
Q124080517,música típica chilena,Los Cuatro Huasos | Los Huasos Quincheros
Q6050834,onda nueva,Aldemaro Romero
Q16615430,Palo de Mayo,Dimensión Costeña
Q140369829,pandilla,
Q7134728,Paraguayan polka,
Q2715398,plena,César Concepción | Cortijo y su Combo | Mon Rivera | Plena Libre
Q3410882,punto guajiro,Celina González | Ramón Veloz
Q3419744,rara,
Q7295057,rasin,Boukan Ginen | Boukman Eksperyans | RAM
Q7309098,regional Mexican,Banda El Recodo | Chalino Sánchez | Jenni Rivera | Los Tigres del Norte | Pedro Infante | Peso Pluma | Selena | Vicente Fernández
Q464129,mariachi,Javier Solís | Jorge Negrete | Lola Beltrán | Mariachi Cobre | Mariachi Vargas de Tecalitlán | Pedro Infante | Vicente Fernández
Q1780056,norteño,Cornelio Reyna | Intocable | Los Alegres de Terán | Los Invasores de Nuevo León | Los Tigres del Norte | Los Tucanes de Tijuana | Ramón Ayala
Q101440473,sierreña,Eslabón Armado | Los Dareyes de la Sierra | Los Plebes del Rancho de Ariel Camacho
Q108665706,corridos tumbados,Fuerza Regida | Gabito Ballesteros | Junior H | Natanael Cano | Peso Pluma
Q727634,ranchera,Antonio Aguilar | Chavela Vargas | Javier Solís | Jorge Negrete | José Alfredo Jiménez | Lola Beltrán | Pedro Infante | Vicente Fernández
Q7560612,son calentano,Juan Reynoso
Q431415,tejano music,Emilio Navaira | Flaco Jiménez | La Mafia | Laura Canales | Little Joe | Lydia Mendoza | Mazz | Selena
Q5612172,grupera,Bronco | Grupo Límite | Los Bukis | Los Caminantes | Los Temerarios | Los Yonic's
Q2812726,banda music,Banda El Recodo | Banda MS | Banda Sinaloense Los Recoditos | Julión Álvarez | La Arrolladora Banda El Limón
Q10932272,technobanda,Banda El Mexicano | Banda Machos | Banda Maguey
Q5747877,canto cardenche,
Q869210,corrido,Antonio Aguilar | Chalino Sánchez | Los Alegres de Terán | Los Tigres del Norte | Los Tucanes de Tijuana
Q221934,narcocorrido,Chalino Sánchez | El Komander | Gerardo Ortiz | Los Tigres del Norte | Los Tucanes de Tijuana | Valentín Elizalde
Q109406736,movimiento alterado,Buknas de Culiacán | El Komander | Los Buitres de Culiacán
Q907799,Duranguense,Alacranes Musical | El Trono de México | Grupo Montez de Durango | Horóscopos de Durango | K-Paz de la Sierra | Patrulla 81
Q3089524,huapango,Los Camperos de Valles | Miguel Aceves Mejía
Q616425,pirekua,
Q7560584,son huasteco,Los Camperos de Valles
Q6132086,son istmeño,
Q1797650,son jarocho,Andrés Huesca | Los Cojolites | Mono Blanco | Son de Madera
Q5643998,trova yucateca,Guty Cárdenas | Ricardo Palmerín
Q2936879,repente,
Q5690818,rock urbano mexicano,Charlie Monttana | El Tri | Heavy Nopal | Liran' Roll
Q21684437,rumba,
Q5753407,carranga,Jorge Velosa | Los Carrangueros de Ráquira
Q7489094,Shanto,
Q4428744,son cubano,Arsenio Rodríguez | Beny Moré | Buena Vista Social Club | Compay Segundo | Septeto Nacional | Sexteto Habanero | Trío Matamoros
Q290869,son montuno,Arsenio Rodríguez | Félix Chappottín
Q6132088,son nica,Camilo Zapata
Q1756680,songo music,Los Van Van
Q100330555,steel band music,Desperadoes Steel Orchestra | Phase II Pan Groove
Q6138491,tamborera,
Q14390274,tango,Aníbal Troilo | Astor Piazzolla | Carlos Gardel | Francisco Canaro | Gotan Project | Juan D'Arienzo | Osvaldo Pugliese | Roberto Goyeneche
Q1632601,nuevo tango,Astor Piazzolla | Pablo Ziegler | Rodolfo Mederos
Q115327281,tropicanibalismo,
Q976802,tumba francesa,
Q108556409,tumbélé,
Q2406900,twoubadou,
Q3554510,vanera,
Q502808,xote,Dominguinhos | Falamansa | Luiz Gonzaga
Q6169362,xuc,Paquito Palaviccini
Q1583807,art music,Arnold Schoenberg | Claude Debussy | Claudio Monteverdi | Igor Stravinsky | Johann Sebastian Bach | Ludwig van Beethoven | Richard Wagner | Wolfgang Amadeus Mozart
Q9730,classical music,Claude Debussy | Frédéric Chopin | Igor Stravinsky | Johann Sebastian Bach | Johannes Brahms | Ludwig van Beethoven | Pyotr Ilyich Tchaikovsky | Wolfgang Amadeus Mozart
Q163775,medieval music,Adam de la Halle | Francesco Landini | Guillaume de Machaut | Hildegard of Bingen | Léonin | Pérotin
Q163491,ars antiqua,Adam de la Halle | Franco of Cologne | Léonin | Petrus de Cruce | Pérotin
Q210854,ars nova,Francesco Landini | Guillaume de Machaut | Jacopo da Bologna | Philippe de Vitry
Q141187502,medieval lyric poetry,Bernart de Ventadorn | Neidhart von Reuental | Walther von der Vogelweide
Q2956246,Mozarabic chant,
Q188285,motet,Giovanni Pierluigi da Palestrina | Guillaume de Machaut | Johann Sebastian Bach | Josquin des Prez | Orlande de Lassus | William Byrd
Q201405,Renaissance music,Giovanni Pierluigi da Palestrina | Guillaume Du Fay | Johannes Ockeghem | Josquin des Prez | Orlande de Lassus | Thomas Tallis | Tomás Luis de Victoria | William Byrd
Q2995521,contenance angloise,Gilles Binchois | Guillaume Du Fay | John Dunstaple | Leonel Power
Q8361,Baroque music,Antonio Vivaldi | Arcangelo Corelli | Claudio Monteverdi | Georg Philipp Telemann | George Frideric Handel | Henry Purcell | Jean-Philippe Rameau | Johann Sebastian Bach
Q174873,cantata,Alessandro Scarlatti | Dieterich Buxtehude | Georg Philipp Telemann | George Frideric Handel | Johann Sebastian Bach
Q1344,opera,Claudio Monteverdi | George Frideric Handel | Giacomo Puccini | Gioachino Rossini | Giuseppe Verdi | Richard Strauss | Richard Wagner | Wolfgang Amadeus Mozart
Q131269,sonata,Arcangelo Corelli | Domenico Scarlatti | Franz Schubert | Johannes Brahms | Joseph Haydn | Ludwig van Beethoven | Sergei Prokofiev | Wolfgang Amadeus Mozart
Q85477,oratorio,Edward Elgar | Felix Mendelssohn | George Frideric Handel | Giacomo Carissimi | Johann Sebastian Bach | Joseph Haydn
Q17723,Classical period,Antonio Salieri | Carl Philipp Emanuel Bach | Christoph Willibald Gluck | Joseph Haydn | Ludwig van Beethoven | Luigi Boccherini | Muzio Clementi | Wolfgang Amadeus Mozart
Q65937946,modern classical music,Arnold Schoenberg | Béla Bartók | Claude Debussy | Dmitri Shostakovich | Igor Stravinsky | John Cage | Olivier Messiaen | Steve Reich
Q613707,expressionist music,Alban Berg | Anton Webern | Arnold Schoenberg
Q2195355,futurism,Francesco Balilla Pratella | Luigi Russolo
Q507246,serialism,Alban Berg | Anton Webern | Arnold Schoenberg | Karlheinz Stockhausen | Luigi Nono | Milton Babbitt | Pierre Boulez
Q3391334,integral serialism,Jean Barraqué | Karel Goeyvaerts | Karlheinz Stockhausen | Luigi Nono | Milton Babbitt | Olivier Messiaen | Pierre Boulez
Q612024,contemporary classical music,Arvo Pärt | György Ligeti | Iannis Xenakis | Kaija Saariaho | Karlheinz Stockhausen | Luciano Berio | Pierre Boulez | Steve Reich
Q1326777,electroacoustic music,Bernard Parmegiani | Edgard Varèse | François Bayle | Iannis Xenakis | Karlheinz Stockhausen | Luciano Berio | Pierre Henry | Pierre Schaeffer
Q823560,musique concrète,Bernard Parmegiani | François Bayle | Luc Ferrari | Michel Chion | Pierre Henry | Pierre Schaeffer
Q423918,acousmatic music,Bernard Parmegiani | Denis Smalley | Francis Dhomont | François Bayle | Robert Normandeau
Q3587612,electroacoustic improvisation,AMM | Otomo Yoshihide | Sachiko M | Taku Sugimoto | Toshimaru Nakamura
Q106594706,cinematic classical,Bernard Herrmann | Erich Wolfgang Korngold | Hans Zimmer | Howard Shore | Jerry Goldsmith | John Williams
Q105697818,neoromantic music,David Del Tredici | George Rochberg | Howard Hanson | John Corigliano
Q3512282,process music,Alvin Lucier | Philip Glass | Steve Reich | Terry Riley
Q572901,minimalist music,John Adams | La Monte Young | Michael Nyman | Philip Glass | Steve Reich | Terry Riley
Q2164565,holy minimalism,Arvo Pärt | Giya Kancheli | Henryk Górecki | John Tavener | Pēteris Vasks
Q98528143,post-minimalism,David Lang | John Adams | Julia Wolfe | Kyle Gann | Louis Andriessen | Michael Gordon | Michael Torke | William Duckworth
Q9089200,totalism,Ben Neill | Kyle Gann | Larry Polansky | Michael Gordon | Mikel Rouse
Q105697765,impressionist music,Charles Tomlinson Griffes | Claude Debussy | Frederick Delius | Lili Boulanger | Maurice Ravel
Q109678435,microtonal classical music,Alois Hába | Ben Johnston | Georg Friedrich Haas | Harry Partch | Ivan Wyschnegradsky | Julián Carrillo
Q106576145,neoclassical music,Albert Roussel | Bohuslav Martinů | Darius Milhaud | Francis Poulenc | Igor Stravinsky | Paul Hindemith | Sergei Prokofiev
Q4993367,indeterminacy,Christian Wolff | Earle Brown | John Cage | Morton Feldman
Q4797274,art song,Benjamin Britten | Franz Schubert | Gabriel Fauré | Gustav Mahler | Hugo Wolf | Johannes Brahms | Richard Strauss | Robert Schumann
Q216860,Lied,Carl Loewe | Franz Schubert | Gustav Mahler | Hugo Wolf | Johannes Brahms | Richard Strauss | Robert Schumann
Q2737175,mélodie,Claude Debussy | Ernest Chausson | Francis Poulenc | Gabriel Fauré | Hector Berlioz | Henri Duparc | Maurice Ravel | Reynaldo Hahn
Q6705418,lute song,John Danyel | John Dowland | Philip Rosseter | Thomas Campion
Q2028627,orchestral song,Alexander Zemlinsky | Gustav Mahler | Hector Berlioz | Richard Strauss
Q140045099,spiritual art song,
Q788460,bagatelle,Anton Webern | Béla Bartók | Ludwig van Beethoven
Q4851628,ballet,Aaron Copland | Adolphe Adam | Aram Khachaturian | Igor Stravinsky | Ludwig Minkus | Léo Delibes | Pyotr Ilyich Tchaikovsky | Sergei Prokofiev
Q122034643,ballet de cour,Jean-Baptiste Lully | Pierre Guédron
Q1123381,comédie-ballet,Jean-Baptiste Lully | Marc-Antoine Charpentier
Q116875252,Baroque suite,François Couperin | George Frideric Handel | Jean-Philippe Rameau | Johann Jakob Froberger | Johann Sebastian Bach
Q207683,canzona,Andrea Gabrieli | Giovanni Gabrieli | Girolamo Frescobaldi
Q876812,capriccio,
Q1063010,character piece,Edvard Grieg | Felix Mendelssohn | Franz Schubert | Frédéric Chopin | Johannes Brahms | Robert Schumann
Q194172,nocturne,Frédéric Chopin | Gabriel Fauré | John Field
Q2976236,classic rag,James Scott | Joseph Lamb | Scott Joplin | Tom Turpin
Q1230604,divertissement,
Q86729224,dobrado,
Q48810672,English Pastoral School,E. J. Moeran | Frederick Delius | George Butterworth | Gerald Finzi | Gustav Holst | Herbert Howells | Ivor Gurney | Ralph Vaughan Williams
Q836571,fantasia,
Q181014,fugue,Dmitri Shostakovich | Johann Sebastian Bach | Ludwig van Beethoven
Q852027,impromptu,Franz Schubert | Frédéric Chopin | Gabriel Fauré
Q193217,madrigal,Carlo Gesualdo | Cipriano de Rore | Claudio Monteverdi | Jacques Arcadelt | John Wilbye | Luca Marenzio | Thomas Morley | Thomas Weelkes
Q109589562,musique concrète instrumentale,Helmut Lachenmann
Q3736603,New Complexity,Brian Ferneyhough | Chris Dench | James Dillon | Michael Finnissy | Richard Barrett
Q202287,overture,
Q781815,passion,Arvo Pärt | Georg Philipp Telemann | Heinrich Schütz | Johann Sebastian Bach | Krzysztof Penderecki
Q11821889,polka,Frankie Yankovic | Jimmy Sturr | Johann Strauss II | Josef Strauss
Q137441035,Chicago polka,Eddie Blazonczyk | Li'l Wally
Q127270988,dechovka,Jaromír Vejvoda | Karel Vacek | Moravanka
Q137767022,Eastern-style polka,Jimmy Sturr
Q116158395,polka criolla,
Q11821942,polonaise,Frédéric Chopin | Michał Kleofas Ogiński
Q65943744,post-classical,A Winged Victory for the Sullen | Dustin O'Halloran | Hauschka | Jóhann Jóhannsson | Ludovico Einaudi | Max Richter | Nils Frahm | Ólafur Arnalds
Q212148,prelude,Alexander Scriabin | Claude Debussy | Frédéric Chopin | Johann Sebastian Bach | Sergei Rachmaninoff
Q746743,ricercar,Andrea Gabrieli | Girolamo Frescobaldi
Q207591,Romantic music,Franz Liszt | Franz Schubert | Frédéric Chopin | Hector Berlioz | Johannes Brahms | Pyotr Ilyich Tchaikovsky | Richard Wagner | Robert Schumann
Q215911,serenade,Antonín Dvořák | Johannes Brahms | Pyotr Ilyich Tchaikovsky | Wolfgang Amadeus Mozart
Q10370216,seresta,Nelson Gonçalves | Orlando Silva | Silvio Caldas
Q615418,sonorism,Henryk Górecki | Kazimierz Serocki | Krzysztof Penderecki | Witold Szalonek
Q1245902,spectral music,Georg Friedrich Haas | Giacinto Scelsi | Gérard Grisey | Horațiu Rădulescu | Hugues Dufourt | Jonathan Harvey | Kaija Saariaho | Tristan Murail
Q2350507,stochastic music,Iannis Xenakis
Q11487510,string quartet,Béla Bartók | Dmitri Shostakovich | Franz Schubert | Joseph Haydn | Kronos Quartet | Ludwig van Beethoven | Wolfgang Amadeus Mozart
Q3328774,symphonic music,Anton Bruckner | Gustav Mahler | Jean Sibelius | Johannes Brahms | Joseph Haydn | Ludwig van Beethoven | Pyotr Ilyich Tchaikovsky | Wolfgang Amadeus Mozart
Q9734,symphony,Anton Bruckner | Dmitri Shostakovich | Gustav Mahler | Jean Sibelius | Johannes Brahms | Joseph Haydn | Ludwig van Beethoven | Wolfgang Amadeus Mozart
Q2142754,choral symphony,Dmitri Shostakovich | Gustav Mahler | Hector Berlioz | Ludwig van Beethoven | Ralph Vaughan Williams
Q1136846,sinfonia concertante,Johann Christian Bach | Joseph Haydn | Wolfgang Amadeus Mozart
Q12845743,symphonic mugham,Fikret Amirov | Niyazi
Q9748,concerto,Antonio Vivaldi | Felix Mendelssohn | Johann Sebastian Bach | Johannes Brahms | Ludwig van Beethoven | Pyotr Ilyich Tchaikovsky | Sergei Rachmaninoff | Wolfgang Amadeus Mozart
Q210216,concerto grosso,Alfred Schnittke | Antonio Vivaldi | Arcangelo Corelli | Francesco Geminiani | George Frideric Handel | Giuseppe Torelli | Johann Sebastian Bach
Q96870628,concerto for orchestra,Béla Bartók | Elliott Carter | Witold Lutosławski | Zoltán Kodály
Q271802,symphonic poem,Bedřich Smetana | Camille Saint-Saëns | Franz Liszt | Jean Sibelius | Ottorino Respighi | Paul Dukas | Richard Strauss
Q214981,theme and variation,Johann Sebastian Bach | Johannes Brahms | Ludwig van Beethoven | Sergei Rachmaninoff
Q632964,tiento,Antonio de Cabezón | Francisco Correa de Arauxo | Juan Cabanilles
Q140544,toccata,Charles-Marie Widor | Claudio Merulo | Dieterich Buxtehude | Girolamo Frescobaldi | Johann Sebastian Bach
Q8701407,waltz,Frédéric Chopin | Johann Strauss I | Johann Strauss II | Joseph Lanner | Pyotr Ilyich Tchaikovsky | Émile Waldteufel
Q108226936,slow waltz,
Q107254577,valsa brasileira,
Q7919873,Venezuelan waltz,Antonio Lauro
Q207841,étude,Alexander Scriabin | Carl Czerny | Claude Debussy | Franz Liszt | Frédéric Chopin | György Ligeti | Sergei Rachmaninoff
Q708228,Korean court music,
Q710673,aak,
Q5215959,dangak,
Q5369664,hyangak,
Q389372,jeongak,
Q846219,gagok,
Q2743,musical play,
Q6027927,industrial musical,
Q7439349,Scrumpy and Western,The Wurzels
Q7397088,Sacred Harp,
Q1937548,minstrel music,Christy's Minstrels | James A. Bland | Stephen Foster | Virginia Minstrels
Q2265295,coon song,Ernest Hogan | May Irwin
Q109719462,vaudeville,Al Jolson | Bert Williams | Eddie Cantor | Fanny Brice | Nora Bayes | Sophie Tucker
Q2332751,avant-garde music,Edgard Varèse | Iannis Xenakis | John Cage | Karlheinz Stockhausen | La Monte Young | Morton Feldman | Pauline Oliveros
Q790188,avant-garde jazz,Albert Ayler | Anthony Braxton | Art Ensemble of Chicago | Cecil Taylor | Eric Dolphy | John Coltrane | Ornette Coleman | Sun Ra
Q211781,free jazz,Albert Ayler | Archie Shepp | Cecil Taylor | Don Cherry | Evan Parker | Ornette Coleman | Peter Brötzmann | Pharoah Sanders
Q98528203,experimental big band,Globe Unity Orchestra | Jazz Composer's Orchestra | London Jazz Composers' Orchestra | Sun Ra
Q3630966,avant-prog,Art Bears | Art Zoyd | Henry Cow | Present | Samla Mammas Manna | Thinking Plague | Univers Zero
Q196999,Zeuhl,Eskaton | Koenjihyakkei | Magma | Ruins | Weidorje | Zao
Q130711589,banga,
Q4371786,beompae,
Q854775,bhajan,Anup Jalota | Anuradha Paudwal | Hari Om Sharan | M. S. Subbulakshmi
Q110230168,British brass band music,Black Dyke Band | Brighouse and Rastrick Band | Cory Band | Grimethorpe Colliery Band
Q111535905,cabaret music,Friedrich Hollaender | Kurt Weill | Lotte Lenya | Marlene Dietrich | Ute Lemper
Q1166158,dark cabaret,Jill Tracy | Katzenjammer Kabarett | Rasputina | The Dresden Dolls | The Tiger Lillies
Q106582953,steampunk music,Abney Park | Professor Elemental | Steam Powered Giraffe | Vernian Process
Q5151495,comedy music,"""Weird Al"" Yankovic | Bonzo Dog Doo-Dah Band | Flanders and Swann | Flight of the Conchords | Spike Jones | Tenacious D | The Lonely Island | Tom Lehrer"
Q107194780,break-in,Dickie Goodman
Q16154635,Kabarett,Claire Waldoff | Friedrich Hollaender | Georg Kreisler
Q11817196,piosenka aktorska,
Q108297215,chazzanut,Gershon Sirota | Leib Glantz | Moshe Koussevitzky | Yossele Rosenblatt | Zawel Kwartin
Q125346598,Ashkenazi cantorial music,Gershon Sirota | Moshe Koussevitzky | Yossele Rosenblatt | Zawel Kwartin
Q8812109,church music,Anton Bruckner | Giovanni Pierluigi da Palestrina | Heinrich Schütz | Herbert Howells | Johann Sebastian Bach | John Rutter | Thomas Tallis | William Byrd
Q4763551,Anglican chant,
Q106810831,Byzantine chant,
Q1339121,contemporary worship music,Bethel Music | Chris Tomlin | Delirious? | Elevation Worship | Hillsong Worship | Matt Redman | Maverick City Music | Michael W. Smith
Q5640052,shout,
Q18324847,Kievan chant,
Q217295,mass,Anton Bruckner | Giovanni Pierluigi da Palestrina | Guillaume de Machaut | Johann Sebastian Bach | Joseph Haydn | Josquin des Prez | Ludwig van Beethoven | Wolfgang Amadeus Mozart
Q6941842,music for the Requiem Mass,Benjamin Britten | Gabriel Fauré | Giuseppe Verdi | Hector Berlioz | Johannes Brahms | Johannes Ockeghem | Maurice Duruflé | Wolfgang Amadeus Mozart
Q2707688,plainsong,
Q4083733,Beneventan chant,
Q26473,Gregorian chant,
Q109523071,Sarum chant,
Q1428162,Ambrosian chant,
Q2956240,Gallican chant,
Q4440575,Old Roman chant,
Q7382074,Russian liturgical music,Alexander Kastalsky | Dmitry Bortniansky | Pavel Chesnokov | Pyotr Ilyich Tchaikovsky | Sergei Rachmaninoff
Q140528502,Valaam chant,
Q965834,Znamenny chant,
Q130391382,chöd,
Q135965645,concertina band,
Q128631435,drum and bugle corps music,Blue Devils | Carolina Crown | Phantom Regiment | Santa Clara Vanguard | The Cadets | The Cavaliers
Q952404,drumline,
Q30324607,Ethiopian chant,
Q4752840,fife and drum corps,Otha Turner
Q718540,gagaku,Hideki Togi | Mayumi Miyata
Q5562953,ginans,
Q5619688,guoyue,Abing | Liu Tianhua
Q134005844,sizhu music,
Q6942109,Guangdong music,Lü Wencheng
Q6191683,Jiangnan sizhu,
Q7701003,Teochew string music,
Q1323698,Indian classical music,Ali Akbar Khan | Bhimsen Joshi | Bismillah Khan | Hariprasad Chaurasia | Lalgudi Jayaraman | M. S. Subbulakshmi | Ravi Shankar | Zakir Hussain
Q7077860,Odissi music,
Q956883,Carnatic music,Bombay Jayashri | Lalgudi Jayaraman | M. Balamuralikrishna | M. S. Subbulakshmi | Semmangudi Srinivasa Iyer | T. M. Krishna | Tyagaraja | U. Srinivas
Q3521984,konnakol,T. H. Subash Chandran | Trichy Sankaran | V. Selvaganesh
Q1770695,Hindustani classical music,Ali Akbar Khan | Bhimsen Joshi | Bismillah Khan | Hariprasad Chaurasia | Kishori Amonkar | Ravi Shankar | Vilayat Khan | Zakir Hussain
Q512410,qawwali,Amir Khusrau | Aziz Mian | Fareed Ayaz | Nusrat Fateh Ali Khan | Rahat Fateh Ali Khan | Sabri Brothers
Q70076,tappa,Girija Devi | Shori Miyan
Q2641862,Abhang,Bhimsen Joshi | Tukaram
Q59158,dhrupad,Gundecha Brothers | Rahim Fahimuddin Dagar | Tansen | Uday Bhawalkar | Zia Mohiuddin Dagar
Q62128,Khyal,Amir Khan | Bade Ghulam Ali Khan | Bhimsen Joshi | Gangubai Hangal | Kishori Amonkar | Kumar Gandharva | Mallikarjun Mansur | Pandit Jasraj
Q6419747,Klasik,Mohammad Hussain Sarahang
Q3981034,tarana,Amir Khan
Q69596,Thumri,Bade Ghulam Ali Khan | Begum Akhtar | Girija Devi | Rasoolan Bai | Shobha Gurtu | Siddheshwari Devi
Q106586236,Japanese classical music,Michio Miyagi | Yatsuhashi Kengyō
Q3129432,heikyoku,
Q3075498,Honkyoku,Goro Yamaguchi | Kurosawa Kinko | Watazumi Doso
Q11162353,jiuta,
Q112144219,meiji shinkyoku,
Q3080963,nagauta,
Q7497655,shinkyoku,Michio Miyagi
Q1760256,shōmyō,
Q11603109,sokyoku,Michio Miyagi | Yatsuhashi Kengyō
Q5219995,Danmono,Yatsuhashi Kengyō
Q109012701,kumiuta,Yatsuhashi Kengyō
Q1361891,jōruri,Takemoto Gidayū
Q6346110,Kafi,Abida Parveen | Pathanay Khan
Q1348260,Kagura,
Q6365528,kanto,
Q124399721,kete,
Q1337498,Kontakion,Romanos the Melodist
Q574784,lauda,
Q5683605,Maddahi,
Q135840551,shoor,
Q6030291,maftirim,
Q131510,mantra,
Q124670108,Tibetan Buddhist chant,Gyuto Monks Tantric Choir
Q98528260,maqāmic music,
Q623904,Andalusi classical music,Abdelkrim Rais | Cheikh Raymond | Mohamed Tahar Fergani | Ziryab
Q19820570,ma'luf,Cheikh Raymond | Mohamed Tahar Fergani
Q12193614,Iraqi maqam,Farida Mohammad Ali | Hamid al-Saadi | Muhammad al-Qubbanchi | Yusuf Omar
Q1474372,mugham,Alim Qasimov | Jabbar Garyaghdioglu | Khan Shushinski
Q2608710,muqam,
Q1518063,Ottoman classical music,Buhurizade Mustafa Itri | Dimitrie Cantemir | Hacı Arif Bey | Hammamizade İsmail Dede Efendi | Tanburi Cemil Bey
Q11223087,Persian traditional music,Hossein Alizadeh | Kayhan Kalhor | Mohammad-Reza Lotfi | Mohammad-Reza Shajarian | Parisa | Shahram Nazeri
Q3091180,shashmaqam,Ari Babakhanov | Munadjat Yulchieva | Turgun Alimatov
Q3511593,Sufiana kalam,
Q211025,march,Edwin Franko Goldman | John Philip Sousa | Julius Fučík | Karl King | Kenneth J. Alford
Q1677377,funeral march,
Q7438911,screamer,Fred Jewell | Henry Fillmore | Karl King
Q124354571,mataali,
Q39046042,menzuma,
Q940462,music hall,Albert Chevalier | Dan Leno | George Formby Sr. | Gus Elen | Harry Champion | Harry Lauder | Marie Lloyd | Vesta Tilley
Q122616091,muzika yehudit mekorit,
Q783874,nasheed,Maher Zain | Native Deen | Sami Yusuf | Zain Bhikha
Q6981036,Natya Sangeet,Bal Gandharva | Deenanath Mangeshkar | Jitendra Abhisheki | Vasantrao Deshpande
Q1989725,nigun,
Q226887,noh,
Q115063561,pep band music,
Q781402,piyyut,
Q2880274,baqashot,
Q2891357,zemirot,
Q1457753,pìobaireachd,
Q918727,revue,
Q106586998,Southeast Asian classical music,
Q3517436,tembang sunda,
Q108297205,Burmese classical music,
Q194492,gamelan,
Q5520018,gamelan salendro,
Q4745477,American gamelan,Evan Ziporyn | Lou Harrison
Q11210968,Gamelan Bali,
Q5520021,Gamelan selunding,
Q1493069,gamelan gong kebyar,
Q12472139,gamelan angklung,
Q4882148,gamelan beleganjur,
Q5520014,gamelan gender wayang,
Q5520015,gamelan gong gede,
Q5520017,gamelan jegog,
Q5520022,gamelan semar pegulingan,
Q5520020,gamelan degung,
Q12487960,gamelan joged bumbung,
Q5520010,gamelan sekaten,
Q5520007,gamelan siteran,
Q11215782,Javanese gamelan,
Q5520009,gamelan surakarta,
Q6741534,Malay gamelan,
Q3191713,kacapi suling,
Q131459053,kakawin,
Q106634883,kulintang,
Q4355815,mahori,
Q6149344,pinpeat,
Q110241080,saluang klasik,
Q13025600,Thai classical music,
Q13018408,fon leb,
Q6629917,khrueang sai,
Q478176,piphat,
Q116875242,tanjidor music,
Q3296779,Taoist music,
Q919516,troparion,
Q48723594,Vedic chant,
Q106654247,Vietnamese classical music,
Q81105,ca trù,Quách Thị Hồ
Q10830180,tuồng,
Q11401,hip-hop,Eminem | Grandmaster Flash and the Furious Five | Jay-Z | Kendrick Lamar | Public Enemy | Run-DMC | The Notorious B.I.G. | Tupac Shakur
Q969663,political hip-hop,Boogie Down Productions | Dead Prez | Immortal Technique | Paris | Public Enemy | The Coup
Q141459,conscious hip-hop,Black Star | Common | Kendrick Lamar | KRS-One | Lupe Fiasco | The Roots
Q429264,West Coast hip-hop,Cypress Hill | Ice-T | Kendrick Lamar | N.W.A | Snoop Dogg | Too Short | Tupac Shakur | Warren G
Q876171,East Coast hip-hop,A Tribe Called Quest | Eric B. & Rakim | Jay-Z | Mobb Deep | Nas | Run-DMC | The Notorious B.I.G. | Wu-Tang Clan
Q868855,old-school hip-hop,Afrika Bambaataa | DJ Kool Herc | Grandmaster Flash and the Furious Five | Kurtis Blow | Spoonie Gee | The Cold Crush Brothers | The Sugarhill Gang | Treacherous Three
Q12302979,battle rap,Dizaster | Loaded Lux | Murda Mook | Supernatural
Q213608,beatboxing,Beardyman | Biz Markie | Doug E. Fresh | Rahzel | Reeps One
Q6010117,Memphis rap,8Ball & MJG | DJ Spanish Fly | Kingpin Skinny Pimp | Project Pat | Three 6 Mafia | Tommy Wright III
Q119889473,dungeon rap,
Q2572585,pop rap,DJ Jazzy Jeff & the Fresh Prince | Drake | Flo Rida | Macklemore & Ryan Lewis | MC Hammer | Nelly | Tone Lōc | Vanilla Ice
Q19708376,frat rap,Asher Roth | Hoodie Allen | Mac Miller | Sammy Adams
Q1253172,Southern hip-hop,Geto Boys | Goodie Mob | Lil Wayne | Master P | OutKast | T.I. | Three 6 Mafia | UGK
Q4949812,bounce music,5th Ward Weebie | Big Freedia | DJ Jubilee | Juvenile | Katey Red | Magnolia Shorty | Mannie Fresh
Q136653467,sissy bounce,Big Freedia | Katey Red | Sissy Nobby
Q2238236,Christian hip-hop,Andy Mineo | Cross Movement | Gospel Gangstaz | John Reuben | KB | Lecrae | Trip Lee
Q255406,jazz rap,A Tribe Called Quest | De La Soul | Digable Planets | Gang Starr | Jungle Brothers | Pete Rock & CL Smooth | The Roots | Us3
Q546206,Miami bass,2 Live Crew | 95 South | Afro-Rican | DJ Magic Mike | L'Trimm | Poison Clan | Quad City DJ's
Q106522238,techno bass,Dynamix II
Q119438481,tamborzão,
Q1109947,ragga hip hop,Mad Lion | Shinehead
Q98528482,abstract hip-hop,Aesop Rock | Busdriver | cLOUDDEAD | Company Flow | MF Doom | Shabazz Palaces
Q529742,boom bap,Big L | Boogie Down Productions | Gang Starr | Joey Badass | Mobb Deep | Nas | Pete Rock & CL Smooth | Wu-Tang Clan
Q438503,alternative hip-hop,"A Tribe Called Quest | Arrested Development | Beastie Boys | De La Soul | OutKast | The Pharcyde | The Roots | Tyler, the Creator"
Q602646,comedy hip-hop,Afroman | Lil Dicky | The Lonely Island
Q5072880,chap hop,Mr. B The Gentleman Rhymer | Professor Elemental
Q966564,hardcore hip-hop,Boogie Down Productions | DMX | Geto Boys | M.O.P. | Mobb Deep | Onyx | Public Enemy | Wu-Tang Clan
Q753679,gangsta rap,50 Cent | Geto Boys | Ice-T | N.W.A | Schoolly D | Snoop Dogg | The Notorious B.I.G. | Tupac Shakur
Q1399695,Chicano rap,A Lighter Shade of Brown | Cypress Hill | Kid Frost | Mr. Capone-E | Proper Dos | Psycho Realm | South Park Mexican
Q137541541,coke rap,Clipse | Freddie Gibbs | Jeezy | Raekwon | Rick Ross
Q9302696,mafioso rap,AZ | Ghostface Killah | Jay-Z | Kool G Rap | Nas | Raekwon | Rick Ross | The Notorious B.I.G.
Q122143484,scam rap,Kasher Quon | Teejayx6
Q918095,Britcore,Gunshot | Hijack | Silver Bullet
Q3791697,chopper,Bone Thugs-n-Harmony | Busta Rhymes | Krizz Kaliko | Tech N9ne | Twista
Q965635,underground hip-hop,Aesop Rock | Atmosphere | Company Flow | Hieroglyphics | Immortal Technique | Jedi Mind Tricks | Madlib | MF Doom
Q2706919,country rap,Bubba Sparxxx | Colt Ford | Cowboy Troy | Jelly Roll | Lil Nas X | Upchurch
Q1619932,hiplife,Kwaw Kese | Obrafour | Okyeame Kwame | Reggie Rockstone | Sarkodie | Tic Tac
Q1139136,horrorcore,Brotha Lynch Hung | Esham | Flatlinerz | Gravediggaz | Insane Clown Posse | Necro | Twiztid
Q17995961,mobb music,C-Bo | E-40 | Mac Mall | Spice 1 | Too Short
Q2913982,trap music,21 Savage | Future | Gucci Mane | Jeezy | Migos | T.I. | Travis Scott | Waka Flocka Flame
Q54329757,Latin trap,Anuel AA | Arcángel | Bad Bunny | Bryant Myers | De La Ghetto | Farruko | Myke Towers | Ozuna
Q116314630,rare phonk,DJ Smokey | SpaceGhostPurrp
Q109382160,plugg music,BeatPluggz | MexikoDro | StoopidXool
Q116679787,dark plugg,Autumn! | Kankan | Summrs
Q111133885,pluggnb,Autumn! | Kashpaid | Summrs
Q120715924,asian rock,
Q134613334,ambient plugg,
Q136348971,terror plugg,
Q26234147,Afro trap,MHD
Q55644985,trap metal,City Morgue | Ghostemane | Scarlxrd
Q104847619,tread rap,Louie Ray | Rio Da Yung OG | RMC Mike
Q111133884,rage,Destroy Lonely | Ken Carson | Playboi Carti | Trippie Redd | Yeat
Q115485183,sigilkore,
Q125346571,new jazz,
Q116960000,no melody trap,
Q122474221,regalia,
Q115063525,trap shaabi,Marwan Pablo | Wegz
Q119889474,trap soul,6lack | Bryson Tiller | PartyNextDoor | Tory Lanez
Q1046801,turntablism,Cut Chemist | DJ Craze | DJ Shadow | Grand Wizzard Theodore | Grandmixer DST | Invisibl Skratch Piklz | Kid Koala | The X-Ecutioners
Q630689,bongo flava,Ali Kiba | Diamond Platnumz | Harmonize | Juma Nature | Lady Jaydee | Professor Jay
Q1754592,nerdcore,MC Chris | MC Frontalot | MC Lars | Mega Ran | YTCracker
Q936573,crunk,Bone Crusher | David Banner | Lil Jon & the East Side Boyz | Pastor Troy | Three 6 Mafia | Trillville | Ying Yang Twins | Youngbloodz
Q2991840,snap music,D4L | Dem Franchize Boyz | Hurricane Chris | Soulja Boy | Unk | Yung Joc
Q2043175,hyphy,E-40 | Federation | Keak da Sneak | Mac Dre | Mistah F.A.B. | Turf Talk
Q135239105,jerk rap,Audio Push | New Boyz
Q1074569,chipmunk soul,Just Blaze | Kanye West | The Heatmakerz
Q97265899,lofi hip-hop,Idealism | J Dilla | Jinsang | Nujabes | Tomppabeats
Q16829781,cloud rap,A$AP Rocky | Bones | Clams Casino | Lil B | Main Attrakionz | Yung Lean
Q109303336,drumless hip hop,Benny the Butcher | Billy Woods | Boldy James | Conway the Machine | Mach-Hommy | Roc Marciano | The Alchemist | Westside Gunn
Q15697534,drill,Chief Keef | Digga D | Fivio Foreign | G Herbo | Headie One | King Von | Lil Durk | Pop Smoke
Q115691081,Chicago drill,Chief Keef | Fredo Santana | G Herbo | King Louie | King Von | Lil Bibby | Lil Durk | Lil Reese
Q108297200,bop,DLow | Sicko Mobb
Q65943851,UK drill,67 | Central Cee | Digga D | Harlem Spartans | Headie One | K-Trap | Loski | Unknown T
Q110643230,sample drill,B-Lovee | Cash Cobain | Dougie B | Kay Flock
Q115483855,Jersey drill,Bandmanrill
Q132473088,free car music,
Q126281100,New York drill,22Gz | Bizzy Banks | Fivio Foreign | Kay Flock | Pop Smoke | Sheff G | Sleepy Hallow
Q127129068,sexy drill,Cash Cobain | Chow Lee
Q134997892,philly drill,
Q109941986,ratchet music,Mustard | Ty Dolla Sign | YG
Q12362064,emo rap,"Juice WRLD | Lil Peep | Lil Tracy | Lil Uzi Vert | Nothing,Nowhere | Trippie Redd | XXXTentacion"
Q112997482,drift phonk,Dvrst | Kordhell | MoonDeity | PlayaPhonk
Q125455905,Brazilian phonk,
Q107515261,digicore,ericdoa | glaive | midwxst | quinn
Q124692508,jerk,Xaviersobased
Q85740017,Afroswing,Belly Squad | J Hus | Kojo Funds | Mostack | Not3s | NSG | Yxng Bane
Q107267643,arabesque rap,Taladro
Q2261628,chopped and screwed,"Big Hawk | Big Moe | DJ Screw | Fat Pat | Lil' Keke | Michael ""5000"" Watts | OG Ron C"
Q106839650,Detroit sound,42 Dugg | Babyface Ray | Icewear Vezzo | Sada Baby | Tee Grizzley | Veeze
Q8560269,dirty south,8Ball & MJG | Goodie Mob | Juvenile | Ludacris | Master P | OutKast | Trick Daddy | UGK
Q5421158,experimental hip-hop,Antipop Consortium | clipping. | Danny Brown | Death Grips | Dälek | JPEGMafia | Shabazz Palaces
Q2004156,industrial hip-hop,clipping. | Consolidated | Death Grips | Dälek | Tackhead | Techno Animal | The Disposable Heroes of Hiphoprisy
Q5533135,genge,Jua Cali | Nonini
Q122034475,gengetone,Boondocks Gang | Ethic | Mejja | Sailors | Trio Mio
Q97169418,hanmai,MC Tianyou
Q28490034,hipco,Takun J
Q136908587,Houston sound,DJ Screw | Geto Boys | Mike Jones | Paul Wall | Slim Thug | Travis Scott | UGK | Z-Ro
Q1077172,instrumental hip-hop,Blockhead | DJ Krush | DJ Shadow | Flying Lotus | J Dilla | Madlib | Nujabes | RJD2
Q124399713,Jersey club rap,Bandmanrill
Q122474149,lowend,
Q125653755,Philly club rap,
Q137441526,stoner rap,Afroman | Curren$y | Cypress Hill | Devin the Dude | Kid Cudi | Redman | Snoop Dogg | Wiz Khalifa
Q37073,pop music,ABBA | Beyoncé | Elvis Presley | Madonna | Michael Jackson | Taylor Swift | The Beatles | Whitney Houston
Q3305039,malhun,
Q1062400,chanson,Barbara | Charles Aznavour | Charles Trenet | Georges Brassens | Jacques Brel | Léo Ferré | Serge Gainsbourg | Édith Piaf
Q2956171,chanson réaliste,Aristide Bruant | Berthe Sylva | Damia | Fréhel | Marie Dubas | Édith Piaf
Q2956164,Quebec chanson,Claude Léveillée | Diane Dufresne | Félix Leclerc | Gilles Vigneault | Jean-Pierre Ferland | Pauline Julien | Richard Desjardins | Robert Charlebois
Q959583,schlager music,Andrea Berg | Freddy Quinn | Heino | Helene Fischer | Peter Alexander | Roland Kaiser | Roy Black | Udo Jürgens
Q2532274,Volkstümliche Musik,Florian Silbereisen | Hansi Hinterseer | Kastelruther Spatzen | Marianne & Michael | Original Naabtal Duo | Stefan Mross | Stefanie Hertel
Q1051575,humppa,Dallapé | Eläkeläiset
Q1564596,taarab,Bi Kidude | Culture Musical Club | Siti binti Saad
Q4400837,Russian romance,Alexander Vertinsky | Anastasia Vyaltseva | Isabella Yurieva | Pyotr Leshchenko | Vadim Kozin
Q2138639,Levenslied,André Hazes | Frans Bauer | Jan Smit | Johnny Jordaan | Koos Alberts | Tante Leen | Willy Alberti | Zangeres Zonder Naam
Q5433431,famo,Puseletso Seema
Q839029,raï,Chaba Fadela | Cheb Hasni | Cheb Mami | Cheikha Rimitti | Faudel | Khaled
Q7496127,shidaiqu,Bai Guang | Bai Hong | Gong Qiuxia | Li Jinhui | Li Xianglan | Wu Yingyin | Yao Lee | Zhou Xuan
Q1196752,traditional pop,Bing Crosby | Dean Martin | Doris Day | Frank Sinatra | Nat King Cole | Perry Como | Rosemary Clooney | Tony Bennett
Q1121111,Tin Pan Alley,Cole Porter | George Gershwin | Harry Von Tilzer | Irving Berlin | Jerome Kern
Q5747258,canción melódica,Camilo Sesto | José José | José Luis Perales | Julio Iglesias | Nino Bravo | Raphael | Roberto Carlos | Rocío Dúrcal
Q108297199,bolero-beat,
Q85787413,música cebolla,
Q107539904,estrada music,Alla Pugacheva | Edita Piekha | Iosif Kobzon | Leonid Utyosov | Lev Leshchenko | Muslim Magomayev | Sofia Rotaru | Valery Leontiev
Q6701559,luk krung,Eua Sunthornsanan | Suthep Wongkamhaeng
Q860196,bikutsi,Anne-Marie Nzié | K-Tino | Les Têtes Brûlées | Messi Martin
Q3453150,Congolese rumba,Fally Ipupa | Franco Luambo | Joseph Kabasele | Koffi Olomide | Papa Wemba | Sam Mangwana | Tabu Ley Rochereau | Wendo Kolosoy
Q1752683,soukous,Diblo Dibala | Kanda Bongo Man | Koffi Olomide | Loketo | Papa Wemba | Pepe Kalle | Sam Mangwana | Zaïko Langa Langa
Q3868787,muziki wa dansi,DDC Mlimani Park Orchestra | Mbaraka Mwinshehe | Remmy Ongala
Q2362669,kwassa kwassa,Diblo Dibala | Kanda Bongo Man
Q1779294,space age pop,Arthur Lyman | Dean Elliott | Enoch Light | Esquivel | Ferrante & Teicher | Les Baxter | Martin Denny | Perrey and Kingsley
Q6301761,benga music,D.O. Misiani | George Ramogi
Q873478,enka,Aki Yashiro | Harumi Miyako | Hibari Misora | Hiroshi Itsuki | Kiyoshi Hikawa | Saburō Kitajima | Sayuri Ishikawa | Takashi Hosokawa
Q1418683,kayōkyoku,Akina Nakamori | Candies | Hibari Misora | Kyu Sakamoto | Momoe Yamaguchi | Pink Lady | Seiko Matsuda | The Peanuts
Q11319232,techno kayō,
Q107985650,idol kayō,Akina Nakamori | Candies | Kyōko Koizumi | Momoe Yamaguchi | Pink Lady | Seiko Matsuda
Q10296747,mood kayō,Frank Nagai | Hiroshi Wada and Mahina Stars
Q25094849,art pop,Björk | David Bowie | FKA Twigs | Kate Bush | Laurie Anderson | Roxy Music | St. Vincent | Talking Heads
Q1636684,yé-yé,Chantal Goya | Claude François | France Gall | Françoise Hardy | Jacques Dutronc | Johnny Hallyday | Sheila | Sylvie Vartan
Q997481,bubblegum music,Ohio Express | The 1910 Fruitgum Company | The Archies | The Cowsills | The Monkees | The Osmonds | The Partridge Family | Tommy Roe
Q1159539,dangdut,A. Rafiq | Elvy Sukaesih | Iis Dahlia | Inul Daratista | Mansyur S. | Meggy Z. | Rhoma Irama | Via Vallen
Q31174954,koplo,Inul Daratista | Nella Kharisma | Via Vallen
Q110168453,omutibo,
Q3032090,Salegy,Jaojoby
Q3328764,Thai pop,Christina Aguilar | Grand Ex' | Palmy | Tata Young | Thongchai McIntyre
Q53806314,éntekhno,Dionysis Savvopoulos | Giorgos Dalaras | Haris Alexiou | Manos Hatzidakis | Manos Loizos | Maria Farantouri | Mikis Theodorakis | Stavros Xarchakos
Q3559240,neo kyma,Arleta | Dionysis Savvopoulos | Yannis Spanos
Q1936659,Nederpop,BZN | Doe Maar | Earth and Fire | George Baker Selection | Golden Earring | Herman Brood | Shocking Blue | The Cats
Q2047814,Palingsound,BZN | The Cats
Q46046,baroque pop,Belle and Sebastian | Love | Scott Walker | The Beach Boys | The Divine Comedy | The Left Banke | The Zombies
Q517415,Europop,ABBA | Ace of Base | Aqua | Army of Lovers | Boney M. | Eiffel 65 | Modern Talking | Roxette
Q963061,highlife,Alex Konadu | E. T. Mensah | Ebo Taylor | Nana Ampadu | Pat Thomas | Prince Nico Mbarga | Rex Lawson | Victor Olaiya
Q1014887,burger-highlife,Charles Amoah | George Darko | Pat Thomas
Q3397882,progressive pop,10cc | Electric Light Orchestra | Kate Bush | Tears for Fears | The Beach Boys | The Beatles | Todd Rundgren
Q383982,psychedelic pop,Donovan | MGMT | Tame Impala | The Beach Boys | The Beatles | The Flaming Lips | The Hollies | The Zombies
Q2461933,sunshine pop,Harpers Bizarre | Sagittarius | The 5th Dimension | The Association | The Beach Boys | The Mamas & the Papas | The Millennium | The Turtles
Q12307741,dansktop,Bamses Venner | Birthe Kjær | Jodle Birge | Kandis
Q388296,Afrobeat,Antibalas | Ebo Taylor | Fela Kuti | Femi Kuti | Orlando Julius | Seun Kuti | Tony Allen
Q5099460,chimurenga music,Thomas Mapfumo
Q11307326,city pop,Anri | Junko Yagami | Mariya Takeuchi | Miki Matsubara | Taeko Ohnuki | Tatsuro Yamashita | Tomoko Aran | Toshiki Kadomatsu
Q113086512,neo city pop,Cero | Suchmos | Yogee New Waves
Q547137,Latin pop,Enrique Iglesias | Gloria Estefan | Juanes | Luis Miguel | Ricky Martin | Selena | Shakira | Thalía
Q6496560,Latin ballad,Camilo Sesto | José José | Juan Gabriel | Julio Iglesias | Luis Miguel | Nino Bravo | Raphael | Roberto Carlos
Q535402,tropipop,Cabas | Carlos Vives | Fanny Lu | Fonseca | Mauricio & Palodeagua
Q21059341,cumbia pop,
Q556959,mbalax,Coumba Gawlo | Omar Pene | Thione Seck | Viviane Chidid | Wally Seck | Youssou N'Dour
Q1298934,synth-pop,Depeche Mode | Erasure | Eurythmics | Orchestral Manoeuvres in the Dark | Pet Shop Boys | Soft Cell | The Human League | Yellow Magic Orchestra
Q11339397,pon-chak disco,Lee Park-sa
Q2280497,country pop,Anne Murray | Dolly Parton | Faith Hill | Glen Campbell | John Denver | Kenny Rogers | Shania Twain | Taylor Swift
Q138314533,boyfriend country,Brett Young | Chris Lane | Dan + Shay | Kane Brown | Thomas Rhett
Q16954055,bro-country,Blake Shelton | Chase Rice | Cole Swindell | Florida Georgia Line | Jason Aldean | Luke Bryan
Q106561868,countrypolitan,Charlie Rich | Eddy Arnold | Glen Campbell | Jim Reeves | Lynn Anderson | Patsy Cline | Ray Price | Tammy Wynette
Q16295131,urban cowboy,Eddie Rabbitt | Johnny Lee | Kenny Rogers | Mickey Gilley
Q3090876,funaná,Bulimundo | Codé di Dona | Ferro Gaita | Finaçon
Q2104067,jazz pop,Al Jarreau | George Benson | Michael Franks | Norah Jones | Sade | Steely Dan
Q3025242,pimba,Emanuel | Quim Barreiros | Ruth Marlene
Q188450,electropop,Chvrches | Gary Numan | Goldfrapp | La Roux | Lady Gaga | Ladytron | Little Boots | Robyn
Q1597549,kizomba,Anselmo Ralph | C4 Pedro | Eduardo Paim | Kaysha | Nelson Freitas | Yuri da Cunha
Q110241185,tarraxinha,
Q850412,contemporary R&B,Alicia Keys | Beyoncé | Boyz II Men | Janet Jackson | Mariah Carey | TLC | Usher | Whitney Houston
Q106876903,UK street soul,Loose Ends | Mica Paris | Soul II Soul
Q840065,new jack swing,Al B. Sure! | Bell Biv DeVoe | Blackstreet | Bobby Brown | Guy | Johnny Kemp | Keith Sweat | Wreckx-n-Effect
Q2256407,hip-hop soul,Aaliyah | Faith Evans | Jodeci | Mary J. Blige | SWV | Total | Xscape
Q7118426,alternative R&B,FKA Twigs | Frank Ocean | Jhené Aiko | Kelela | Miguel | Solange | SZA | The Weeknd
Q211756,dance-pop,Britney Spears | Dua Lipa | Janet Jackson | Kylie Minogue | Lady Gaga | Madonna | Paula Abdul | Rihanna
Q1185390,disco polo,Akcent | Bayer Full | Boys | Shazza | Top One | Weekend
Q110230812,township bubblegum,Brenda Fassie | Chicco Twala | Mercy Pakela | Yvonne Chaka Chaka
Q842324,indie pop,Beat Happening | Belle and Sebastian | Camera Obscura | Heavenly | Orange Juice | Talulah Gosh | The Field Mice | The Pastels
Q22991878,chamber pop,Andrew Bird | Beirut | Belle and Sebastian | Rufus Wainwright | Scott Walker | Sufjan Stevens | The Divine Comedy | The Left Banke
Q28746819,bedroom pop,Beabadoobee | Boy Pablo | Clairo | Cuco | Girl in Red | Gus Dapperton | Mac DeMarco | Rex Orange County
Q123773619,tontipop,
Q6124308,jaiva,
Q6993291,neomelodic music,Franco Ricciardi | Gianni Celeste | Gigi D'Alessio | Nino D'Angelo | Tommy Riccio
Q9095433,waka music,Batile Alake | Salawa Abeni
Q95469495,alternative pop,Billie Eilish | Björk | Charli XCX | Florence and the Machine | Grimes | Kate Bush | Lana Del Rey | Lorde
Q264289,sophisti-pop,ABC | Aztec Camera | Everything but the Girl | Prefab Sprout | Sade | Swing Out Sister | The Blue Nile | The Style Council
Q2064394,worldbeat,Angélique Kidjo | Johnny Clegg | Mory Kanté | Paul Simon | Peter Gabriel | Salif Keita | Youssou N'Dour
Q131578,J-pop,Arashi | Ayumi Hamasaki | B'z | Dreams Come True | Hikaru Utada | Mr. Children | Namie Amuro | Southern All Stars
Q11660484,denpa song,Haruko Momoi | Mosaic.wav
Q119844080,moe song,
Q133520038,J-euro,
Q135493776,wa euro,
Q213665,K-pop,Big Bang | Blackpink | BTS | Girls' Generation | H.O.T. | Seo Taiji and Boys | TVXQ | Twice
Q3575673,zoblazo,Meiway
Q590662,bend-skin,Kouchoum Mbada
Q106528422,glitch pop,Dntel | Múm | The Postal Service
Q1207347,Shibuya-kei,Cornelius | Fantastic Plastic Machine | Flipper's Guitar | Kahimi Karie | Original Love | Pizzicato Five | Towa Tei
Q11282754,Akishibu-kei,
Q12199824,picopop,Capsule | Plus-Tech Squeeze Box
Q642983,manele,Adi de la Vâlcea | Adrian Minune | Florin Salam | Nicolae Guță
Q2961766,Algerian chaabi,Amar Ezzahi | Boudjemaa El Ankis | Dahmane El Harrachi | El Hachemi Guerouabi | Mohamed El Anka
Q784310,electro hop,
Q25099840,Afrobeats,2Baba | Burna Boy | D'banj | Davido | P-Square | Rema | Tiwa Savage | Wizkid
Q110592306,alté,Cruel Santino | Lady Donli | Odunsi (The Engine) | Tems
Q28055053,Q-pop,Ninety One
Q55642856,adhunik geet,Aruna Lama | Narayan Gopal | Tara Devi
Q2610186,al jeel,Amr Diab | Ehab Tawfik | Hamid El Shaeri | Hisham Abbas | Mohamed Mounir
Q16526296,alloukou,
Q33160145,ambient pop,Enya | Julee Cruise
Q623824,arabesque,Bülent Ersoy | Ferdi Tayfur | Hakan Taşıyan | İbrahim Tatlıses | Müslüm Gürses | Orhan Gencebay
Q2867170,assiko,Jean Bikoko Aladin
Q9162904,avant-pop,Animal Collective | Björk | Julia Holter | Kate Bush | Laurie Anderson | Robert Wyatt | Scott Walker | Talk Talk
Q2879826,baila,M. S. Fernando | The Gypsies | Wally Bastiansz
Q804596,baladi,
Q3735422,Bandari music,
Q55605210,beni,
Q854844,bhangra,Alaap | Bally Sagoo | Daler Mehndi | Diljit Dosanjh | Gurdas Maan | Heera | Malkit Singh | Panjabi MC
Q17053024,folkhop,
Q15720097,bhavageete,C. Aswath | Mysore Ananthaswamy | P. Kalinga Rao
Q4943457,boomba music,E-Sir | Nameless
Q28206879,Brill Building,Carole King | Little Eva | Neil Diamond | Neil Sedaka | The Chiffons | The Crystals | The Drifters | The Shirelles
Q109050954,Burmese mono,
Q1192110,C-pop,Faye Wong | G.E.M. | Jacky Cheung | Jay Chou | JJ Lin | Leslie Cheung | Mayday | Teresa Teng
Q83330307,Gufeng music,
Q973150,mandopop,A-mei | Faye Wong | Jay Chou | JJ Lin | Jolin Tsai | Mayday | Teresa Teng | Wang Leehom
Q10874829,zhongguo feng,Jay Chou | Wang Leehom
Q3274667,campursari,Didi Kempot | Manthous
Q853873,cantopop,Alan Tam | Andy Lau | Anita Mui | Beyond | Eason Chan | Jacky Cheung | Leslie Cheung | Sam Hui
Q870340,chalga,Andrea | Azis | Gloria | Preslava | Tsvetelina Yaneva
Q56342556,classical crossover,Andrea Bocelli | Charlotte Church | Hayley Westenra | Il Divo | Il Volo | Josh Groban | Katherine Jenkins | Sarah Brightman
Q2336819,operatic pop,Andrea Bocelli | Il Divo | Il Volo | Josh Groban | Mario Lanza | Sarah Brightman
Q2982341,coladeira,Bana | Cesária Évora
Q105757139,dansband music,Arvingarna | Lasse Stefanz | Streaplers | Sven-Ingvars | Thorleifs | Vikingarna | Wizex
Q123945693,egwu ogene,
Q6016474,Fantezi,
Q1762761,Finnish tango,Arja Koriseva | Eino Grön | Olavi Virta | Reijo Taipale
Q3509353,fuji music,Adewale Ayuba | Kollington Ayinla | Saheed Osupa | Sikiru Ayinde Barrister | Wasiu Ayinde Marshal
Q5515214,gaana,Gana Bala
Q11185609,Gambang kromong,
Q281111,ghazal,Begum Akhtar | Farida Khanum | Ghulam Ali | Iqbal Bano | Jagjit Singh | Mehdi Hassan | Pankaj Udhas
Q104695865,hyperpop,100 gecs | A. G. Cook | Charli XCX | Dorian Electra | Glaive | Hannah Diamond | SOPHIE
Q3535998,Indian pop,Alisha Chinai | Baba Sehgal | Colonial Cousins | Daler Mehndi | Euphoria | Lucky Ali | Shaan | Silk Route
Q134589204,Bhojpuri pop,Khesari Lal Yadav | Manoj Tiwari | Pawan Singh
Q7170257,Iranian pop,Dariush | Ebi | Googoosh | Hayedeh | Moein | Mohsen Yeganeh | Shadmehr Aghili | Viguen
Q1673922,isicathamiya,Ladysmith Black Mambazo
Q95366506,Jit,Bhundu Boys
Q1715700,Jùjú music,Dele Abiodun | Ebenezer Obey | I. K. Dairo | King Sunny Adé | Shina Peters | Tunde Nightingale
Q17108262,Kadongo kamu,Paulo Kafeero
Q1669802,kalindula,Emmanuel Mulemena
Q4925966,kantrum,Darkie
Q6404580,kidandali,
Q3815106,kidumbaki,
Q55648025,Korean ballad,Baek Ji-young | Byun Jin-sub | Kim Bum-soo | Lee Moon-se | Shin Seung-hun | Sung Si-kyung
Q112066384,oriental ballad,
Q1930107,kroncong,Gesang Martohartono | Waldjinah
Q108297217,cilokaq,
Q12493867,langgam jawa,Waldjinah
Q665286,luk thung,Pumpuang Duangjan | Sayan Sanya | Suraphol Sombatcharoen | Tai Orathai | Yodrak Salakjai
Q1815364,makossa,Ben Decca | Eboa Lotin | Grace Decca | Manu Dibango | Moni Bilé | Petit-Pays
Q496929,maloya,Christine Salem | Danyèl Waro | Firmin Viry | Granmoun Lélé | Lindigo | Ziskakan
Q129098689,maloya électronique,
Q109426115,maloya élektrik,
Q6748746,mangambeu,Pierre Didy Tchakounté
Q1786724,marrabenta,Dilon Djindji | Fany Mpfumo | Orchestra Marrabenta Star de Moçambique | Wazimbo
Q6783396,maskandi,Ihhashi Elimhlophe | Mfaz' Omnyama | Phuzekhemisi | Shiyani Ngcobo
Q115612369,mbolé,
Q6799787,mbube,Solomon Linda
Q118255449,mchiriku,Jagwa Music
Q101002867,mgodro,
Q2738544,Mizrahi music,Avihu Medina | Eyal Golan | Haim Moshe | Margalit Tzan'ani | Ofra Haza | Omer Adam | Sarit Hadad | Zohar Argov
Q16130554,muzikat dika'on,
Q1753803,mor lam,Angkanang Kunchai | Chaweewan Dumnern | Jintara Poonlarp | Pornsak Songsaeng
Q6908884,mor lam sing,
Q502535,morna,B.Leza | Bana | Cesária Évora | Ildo Lobo | Mayra Andrade | Tito Paris
Q2961759,Moroccan chaabi,Abdelaziz Stati | Najat Aatabou
Q17115009,mugithi,John De'Mathew
Q107970042,mulatós,
Q135112773,mūsīqā lubnāniyya,Fairuz | Majida El Roumi | Sabah | Wadih El Safi
Q11324951,new music,Miyuki Nakajima | Off Course | Yumi Matsutoya
Q7023411,nhạc đỏ,
Q107565104,original Pilipino music,APO Hiking Society | Eraserheads | Freddie Aguilar | Gary Valenciano | Jose Mari Chan | Regine Velasquez | Rivermaya | Ryan Cayabyab
Q110555065,Orthodox pop,Avraham Fried | Lipa Schmeltzer | Mordechai Ben David | Yaakov Shwekey
Q5480212,palm-wine music,Ebenezer Calender | Koo Nimo | S. E. Rogie
Q110230816,pop ghazal,Jagjit Singh | Pankaj Udhas
Q118640019,pop kreatif,Chrisye | Fariz RM | Vina Panduwinata
Q117745444,pop minang,Elly Kasim
Q123141133,talempong goyang,
Q3908372,pop raï,Cheb Hasni | Cheb Mami | Faudel | Khaled
Q98528253,pop reggae,Big Mountain | Inner Circle | Maxi Priest | Shaggy | UB40
Q4372158,pop Sunda,Detty Kurnia | Doel Sumbang
Q10801096,Purple music,
Q122589702,puxa,
Q25683514,Qaraami,
Q110230818,qasidah modern,Nasida Ria
Q3415943,rabiz,Aram Asatryan
Q2612458,rigsar,
Q7361460,rom kbach,
Q1891685,Russian chanson,Alexander Rosenbaum | Arkady Severny | Ivan Kuchin | Lyubov Uspenskaya | Mikhail Krug | Mikhail Shufutinsky | Willi Tokarev
Q7385628,Ryūkōka,Hibari Misora | Ichiro Fujiyama | Noriko Awaya | Shizuko Kasagi
Q7410295,samri,
Q17088735,santé engagé,
Q2516031,sawt,
Q1781796,sega,Alain Ramanisum | Cassiya | Serge Lebrasse | Ti Frère
Q16323732,shaabi,Ahmed Adaweya | Hakim | Shaaban Abdel Rahim
Q25230739,mahraganat,Hamo Bika | Hassan Shakosh | Islam Chipsy | Oka Wi Ortega
Q3328762,staifi music,
Q109538468,sungura,Alick Macheso | Leonard Dembo | Leonard Zhakata | Nicholas Zakaria | System Tazvida | Tongai Moyo
Q17153632,tallava,
Q739138,teen pop,Backstreet Boys | Britney Spears | Christina Aguilera | Debbie Gibson | Hilary Duff | New Kids on the Block | NSYNC | Tiffany
Q133687529,toypop,
Q133862566,toytown pop,
Q98528236,tradi-moderne congolais,
Q125854050,tradi-moderne ivoirien,
Q485915,trot,Jang Yoon-jeong | Joo Hyun-mi | Lee Mi-ja | Lim Young-woong | Na Hoon-a | Nam Jin | Song Dae-kwan | Tae Jin-ah
Q108151076,semi-trot,
Q25093633,tsapiky,
Q108667604,Tsonga disco,Paul Ndlovu | Penny Penny | Peta Teanet
Q7855391,Turkish pop,Ajda Pekkan | Hande Yener | Kenan Doğulu | Mustafa Sandal | Nilüfer | Sertab Erener | Sezen Aksu | Tarkan
Q5398894,V-pop,Hồ Ngọc Hà | Mỹ Tâm | Sơn Tùng M-TP | Đàm Vĩnh Hưng
Q61127902,Vietnamese bolero,Chế Linh | Hương Lan | Phi Nhung | Thanh Thúy
Q7972788,Wassoulou music,Coumba Sidibé | Nahawa Doumbia | Oumou Sangaré
Q1499262,yellow music,Bai Guang | Gong Qiuxia | Wu Yingyin | Yao Lee | Yoshiko Yamaguchi | Zhou Xuan
Q8059887,Yu-Mex,Nikola Karović | Slavko Perović
Q199415,ziglibithy,Ernesto Djédjé
Q227036,zouglou,Espoir 2000 | Magic System | Soum Bill | Yodé & Siro
Q8341,jazz,Billie Holiday | Charlie Parker | Duke Ellington | Ella Fitzgerald | John Coltrane | Louis Armstrong | Miles Davis | Thelonious Monk
Q906647,Dixieland jazz,Bix Beiderbecke | Jelly Roll Morton | Kid Ory | King Oliver | Louis Armstrong | New Orleans Rhythm Kings | Original Dixieland Jass Band | Sidney Bechet
Q2798694,marabi,
Q1736883,kwela,Lemmy Mabaso | Spokes Mashiyane
Q1914924,mbaqanga,Mahlathini and the Mahotella Queens | Makgona Tsohle Band | Soul Brothers
Q3807537,orchestral jazz,Duke Ellington | Fletcher Henderson | Gil Evans | Paul Whiteman | Stan Kenton
Q203775,swing,Artie Shaw | Benny Goodman | Cab Calloway | Chick Webb | Count Basie | Duke Ellington | Glenn Miller | Tommy Dorsey
Q447962,swing revival,Big Bad Voodoo Daddy | Brian Setzer Orchestra | Cherry Poppin' Daddies | Royal Crown Revue | Squirrel Nut Zippers
Q1530455,vocal jazz,Betty Carter | Billie Holiday | Carmen McRae | Dinah Washington | Ella Fitzgerald | Frank Sinatra | Nat King Cole | Sarah Vaughan
Q2299060,vocalese,"Eddie Jefferson | King Pleasure | Kurt Elling | Lambert, Hendricks & Ross | Mark Murphy | The Manhattan Transfer"
Q844245,Gypsy jazz,Angelo Debarre | Biréli Lagrène | Django Reinhardt | Stéphane Grappelli | Tchavolo Schmitt | The Rosenberg Trio
Q837389,Latin jazz,Cal Tjader | Eddie Palmieri | Irakere | Machito | Mongo Santamaría | Poncho Sanchez | Ray Barretto | Tito Puente
Q3163340,Afro-Cuban jazz,Bebo Valdés | Chano Pozo | Chico O'Farrill | Dizzy Gillespie | Irakere | Machito | Mario Bauzá
Q105513,bebop,Bud Powell | Charlie Parker | Dexter Gordon | Dizzy Gillespie | Fats Navarro | Kenny Clarke | Max Roach | Thelonious Monk
Q181010,hard bop,Art Blakey | Cannonball Adderley | Clifford Brown | Freddie Hubbard | Hank Mobley | Horace Silver | Lee Morgan | Sonny Rollins
Q14546558,neo-bop jazz,Branford Marsalis | Joshua Redman | Kenny Garrett | Marcus Roberts | Nicholas Payton | Roy Hargrove | Terence Blanchard | Wynton Marsalis
Q1092837,post-bop,Andrew Hill | Freddie Hubbard | Herbie Hancock | Joe Henderson | McCoy Tyner | Miles Davis | Sam Rivers | Wayne Shorter
Q327547,cool jazz,Chet Baker | Dave Brubeck | Gerry Mulligan | Lee Konitz | Lennie Tristano | Miles Davis | Modern Jazz Quartet | Stan Getz
Q848399,easy listening,Bert Kaempfert | Burt Bacharach | Henry Mancini | Herb Alpert | James Last | Mantovani | Percy Faith | Ray Conniff
Q916387,exotica,Arthur Lyman | Korla Pandit | Les Baxter | Martin Denny | Yma Sumac
Q134417733,sitarsploitation,
Q1141081,lounge music,Burt Bacharach | Combustible Edison | Henry Mancini | Juan García Esquivel | Pink Martini
Q80725067,mallsoft,Disconscious | 猫 シ Corp.
Q108297218,cocktail nation,Combustible Edison
Q105527,jazz fusion,Herbie Hancock | Mahavishnu Orchestra | Miles Davis | Pat Metheny | Return to Forever | Snarky Puppy | The Tony Williams Lifetime | Weather Report
Q539089,third stream,George Russell | Gunther Schuller | Jimmy Giuffre | Modern Jazz Quartet | Ran Blake
Q1127530,modal jazz,Bill Evans | Herbie Hancock | John Coltrane | McCoy Tyner | Miles Davis | Wayne Shorter
Q17988509,jazz mugham,Aziza Mustafa Zadeh | Vagif Mustafazadeh
Q3591962,Ethio-jazz,Getatchew Mekurya | Hailu Mergia | Mulatu Astatke
Q38656,jazz-funk,Donald Byrd | George Duke | Grover Washington Jr. | Herbie Hancock | Lonnie Liston Smith | Ronnie Laws | Roy Ayers | The Blackbyrds
Q5500244,free funk,James Blood Ulmer | Ornette Coleman | Ronald Shannon Jackson
Q846833,crossover jazz,Bob James | Chuck Mangione | George Benson | Grover Washington Jr. | Spyro Gyra
Q831354,smooth jazz,Bob James | Boney James | Dave Koz | David Sanborn | Grover Washington Jr. | Kenny G | Najee | The Rippingtons
Q221772,acid jazz,Galliano | Incognito | Jamiroquai | The Brand New Heavies | The James Taylor Quartet | Us3
Q1136331,nu jazz,Bugge Wesseltoft | Jazzanova | Koop | Kyoto Jazz Massive | Nicola Conte | Nils Petter Molvær | St Germain | The Cinematic Orchestra
Q6168369,Afro-jazz,Abdullah Ibrahim | Hugh Masekela | Manu Dibango
Q26906566,Beat poetry,
Q105756581,big band music,Artie Shaw | Benny Goodman | Count Basie | Duke Ellington | Glenn Miller | Stan Kenton | Tommy Dorsey | Woody Herman
Q1034231,cape jazz,Abdullah Ibrahim | Basil Coetzee | Robbie Jansen | Winston Mankunku Ngozi
Q5928480,contemporary jazz,Brad Mehldau | Esbjörn Svensson Trio | Esperanza Spalding | Joshua Redman | Kamasi Washington | Pat Metheny | Robert Glasper | Snarky Puppy
Q124504713,Creole jazz,Jelly Roll Morton | Kid Ory | King Oliver | Sidney Bechet
Q113493826,crime jazz,Henry Mancini | Lalo Schifrin | Pete Rugolo
Q31837446,dark jazz,Angelo Badalamenti | Bohren & der Club of Gore | Dale Cooper Quartet & the Dictaphones | The Kilimanjaro Darkjazz Ensemble
Q6025624,Indo jazz,Joe Harriott | Rudresh Mahanthappa | Shakti | Trilok Gurtu
Q65937893,instrumental jazz,
Q1684520,jazz blues,Big Joe Turner | Jimmy Rushing | Jimmy Witherspoon | Mose Allison
Q6168405,jazz poetry,Gil Scott-Heron | The Last Poets
Q591990,jazz standard,
Q2178442,paramaribop,
Q7139128,parlour music,
Q185652,ragtime,Eubie Blake | James Scott | Jelly Roll Morton | Joseph Lamb | Scott Joplin | Tom Turpin
Q181897,stride piano,"Art Tatum | Donald Lambert | Fats Waller | James P. Johnson | Luckey Roberts | Willie ""The Lion"" Smith"
Q1026113,cakewalk,
Q2909943,novelty piano,Billy Mayerl | Roy Bargy | Zez Confrey
Q3417531,ragtime song,
Q98528204,spiritual jazz,Alice Coltrane | Don Cherry | John Coltrane | Kamasi Washington | Lonnie Liston Smith | Pharoah Sanders | Sun Ra | Yusef Lateef
Q137799958,sweet jazz,Guy Lombardo | Kay Kyser | Paul Whiteman | Sammy Kaye
Q4020968,world fusion,Afro Celt Sound System | Oregon | Shakti | Transglobal Underground
Q1640319,experimental music,Alvin Lucier | Captain Beefheart | John Cage | Karlheinz Stockhausen | La Monte Young | Meredith Monk | Pauline Oliveros | The Residents
Q726239,noise music,Hijokaidan | Incapacitants | Luigi Russolo | Masonna | Merzbow
Q181861,noise rock,Big Black | Boredoms | Butthole Surfers | Lightning Bolt | Sonic Youth | Swans | The Jesus Lizard | Unsane
Q131535243,pigfuck,Big Black | Butthole Surfers | Cows | Killdozer | Pussy Galore | Scratch Acid
Q120867282,shitgaze,Eat Skull | Psychedelic Horseshit | Sic Alps | Times New Viking
Q1913888,power noise,Converter | Hypnoskull | Imminent | Noisex | Synapscape | Winterkälte
Q9149798,ambient noise wall,
Q16562829,harsh noise,Hijokaidan | Incapacitants | Masonna | Merzbow | The Gerogerigegege
Q39046859,harsh noise wall,The Rita | Vomir
Q650316,drone music,Charlemagne Palestine | Earth | La Monte Young | Phill Niblock | Stars of the Lid | Sunn O))) | Tony Conrad | Éliane Radigue
Q592060,free improvisation,AMM | Derek Bailey | Evan Parker | Han Bennink | Peter Brötzmann | Spontaneous Music Ensemble
Q2484587,onkyokei,Otomo Yoshihide | Sachiko M | Taku Sugimoto | Tetuzi Akiyama | Toshimaru Nakamura
Q742341,modern creative,Anthony Braxton | Art Ensemble of Chicago | Dave Douglas | Henry Threadgill | John Zorn | Muhal Richard Abrams | Steve Coleman | Tim Berne
Q487965,industrial music,Cabaret Voltaire | Clock DVA | Coil | Einstürzende Neubauten | Nurse With Wound | SPK | Test Dept | Throbbing Gristle
Q2687544,power electronics,Brighter Death Now | Con-Dom | Consumer Electronics | Genocide Organ | Prurient | Ramleh | Sutcliffe Jügend | Whitehouse
Q3487358,death industrial,Atrax Morgue | Brighter Death Now | Megaptera
Q936942,post-industrial music,Coil | Current 93 | Death in June | Einstürzende Neubauten | Laibach | Nine Inch Nails | Psychic TV | Skinny Puppy
Q968730,industrial rock,Chrome | Filter | Killing Joke | KMFDM | Marilyn Manson | Ministry | Nine Inch Nails | Stabbing Westward
Q138830160,machine rock,
Q1078010,martial industrial,Arditi | Der Blutharsch | Dernière Volonté | In Slaughter Natives | Laibach | Puissance | Toroidh | Triarii
Q1403744,electro-industrial,:wumpscut: | Front Line Assembly | Haujobb | Leæther Strip | Mentallo & the Fixer | Numb | Skinny Puppy | Velvet Acid Christ
Q4155078,dark electro,:wumpscut: | Leæther Strip | Placebo Effect | Suicide Commando | Yelworc
Q1091450,aggrotech,Agonoize | Combichrist | Grendel | Hocico | Nachtmahr | Psyclon Nine | Suicide Commando | Tactical Sekt
Q208494,industrial metal,Fear Factory | Godflesh | Ministry | Nine Inch Nails | Rammstein | Static-X | Strapping Young Lad | White Zombie
Q213572,Neue Deutsche Härte,Eisbrecher | Joachim Witt | Megaherz | Oomph! | Rammstein | Stahlmann
Q3008122,cyber metal,Mortiis | Red Harvest | Sybreed | The Kovenant
Q108297220,conducted improvisation,Butch Morris | John Zorn
Q112593459,data sonification music,
Q7306376,reductionism,Keith Rowe | Radu Malfatti | Sachiko M | Toshimaru Nakamura
Q310871,lowercase,Bernhard Günter | Richard Chartier | Steve Roden | Taylor Deupree
Q1744327,sound art,Alvin Lucier | Bill Fontana | Christina Kubisch | Max Neuhaus
Q1808721,sound poetry,Bob Cobbing | Henri Chopin | Jaap Blonk | Kurt Schwitters
Q5969884,tape music,Daphne Oram | Delia Derbyshire | Louis and Bebe Barron | Otto Luening | Pierre Henry | Pierre Schaeffer | Steve Reich | Vladimir Ussachevsky
Q1744304,sound collage,John Oswald | Negativland | People Like Us | Steinski | The Avalanches | The Books | The Tape-beatles
Q108297235,epic collage,
Q7205507,plunderphonics,Girl Talk | John Oswald | Negativland | People Like Us | The Avalanches | The Tape-beatles
Q115725860,MAD Movie music,
Q7410145,sampledelia,Beastie Boys | Coldcut | De La Soul | DJ Shadow | The Avalanches
Q115725821,YouTube poop music video,
Q137442003,spamwave,
Q45981,rhythm and blues,Big Joe Turner | Etta James | Fats Domino | LaVern Baker | Louis Jordan | Ray Charles | Ruth Brown | Wynonie Harris
Q180268,gospel music,Andraé Crouch | Kirk Franklin | Mahalia Jackson | Shirley Caesar | Sister Rosetta Tharpe | The Soul Stirrers | The Staple Singers | Thomas A. Dorsey
Q2022163,Southern gospel,Gaither Vocal Band | The Blackwood Brothers | The Cathedrals | The Oak Ridge Boys | The Speer Family | The Statesmen Quartet
Q1379958,contemporary Christian music,Amy Grant | Casting Crowns | DC Talk | Jars of Clay | Michael W. Smith | Petra | Sandi Patty | Steven Curtis Chapman
Q6188299,Jesus music,2nd Chapter of Acts | Barry McGuire | Keith Green | Larry Norman | Love Song | Phil Keaggy | Randy Stonehill
Q1381447,gospel hymn,
Q123909197,jubilee,Fisk Jubilee Singers | The Dixie Hummingbirds | The Golden Gate Quartet
Q7397320,Sacred Steel,Aubrey Ghent | Calvin Cooke | Robert Randolph and the Family Band | The Campbell Brothers | Willie Eason
Q880270,traditional black gospel,Clara Ward | James Cleveland | Mahalia Jackson | Sister Rosetta Tharpe | The Blind Boys of Alabama | The Mighty Clouds of Joy | The Soul Stirrers | The Swan Silvertones
Q5967604,urban contemporary gospel,CeCe Winans | Donnie McClurkin | Fred Hammond | Kirk Franklin | Mary Mary | The Winans | Tye Tribbett | Yolanda Adams
Q546359,doo-wop,Dion and the Belmonts | Frankie Lymon & the Teenagers | The Drifters | The Flamingos | The Moonglows | The Orioles | The Penguins | The Platters
Q3658336,New Orleans rhythm and blues,Allen Toussaint | Dave Bartholomew | Ernie K-Doe | Fats Domino | Irma Thomas | Lloyd Price | Professor Longhair | Smiley Lewis
Q4875789,beach music,Chairmen of the Board | Maurice Williams and the Zodiacs | The Catalinas | The Drifters | The Embers | The Tams
Q131272,soul,Al Green | Aretha Franklin | James Brown | Marvin Gaye | Otis Redding | Ray Charles | Sam Cooke | Stevie Wonder
Q1615483,soul jazz,Cannonball Adderley | Grant Green | Horace Silver | Jimmy McGriff | Jimmy Smith | Les McCann | Lou Donaldson | Ramsey Lewis
Q1567032,Southern soul,Al Green | Booker T. & the M.G.'s | Carla Thomas | James Carr | Otis Redding | Percy Sledge | Sam & Dave | Wilson Pickett
Q6496549,Latin soul,Joe Bataan | Joe Cuba | Pete Rodriguez | Ray Barretto
Q1269729,Chicago soul,Billy Stewart | Gene Chandler | Jerry Butler | Major Lance | The Chi-Lites | The Dells | The Impressions | Tyrone Davis
Q885561,blue-eyed soul,Boz Scaggs | Dusty Springfield | Hall & Oates | Michael McDonald | Simply Red | Teena Marie | The Rascals | The Righteous Brothers
Q105334717,progressive soul,Curtis Mayfield | Donny Hathaway | Isaac Hayes | Marvin Gaye | Sly and the Family Stone | Stevie Wonder
Q2743435,psychedelic soul,Funkadelic | Rotary Connection | Sly and the Family Stone | The Chambers Brothers | The Isley Brothers | The Temptations | The Undisputed Truth
Q1928583,Northern soul,Dobie Gray | Edwin Starr | Frank Wilson | Gloria Jones | Major Lance | R. Dean Taylor
Q3963051,smooth soul,Anita Baker | Barry White | Freddie Jackson | Luther Vandross | Peabo Bryson | Smokey Robinson | Teddy Pendergrass
Q268253,neo soul,Angie Stone | D'Angelo | Erykah Badu | India.Arie | Jill Scott | Lauryn Hill | Maxwell | Musiq Soulchild
Q2998920,country soul,Arthur Alexander | Bobbie Gentry | Charlie Rich | Dan Penn | Joe Tex | Ray Charles | Solomon Burke | Tony Joe White
Q96376126,deep soul,Candi Staton | James Carr | O. V. Wright | Otis Clay | Otis Redding | Percy Sledge | Solomon Burke
Q1546028,Philadelphia soul,Billy Paul | Harold Melvin & the Blue Notes | MFSB | The Delfonics | The Intruders | The O'Jays | The Spinners | The Stylistics
Q11700065,pop soul,Dionne Warwick | Four Tops | Lionel Richie | The Jackson 5 | The Supremes | Whitney Houston
Q9078960,Motown,Four Tops | Martha and the Vandellas | Marvin Gaye | Stevie Wonder | The Jackson 5 | The Miracles | The Supremes | The Temptations
Q892958,boogaloo,Joe Bataan | Joe Cuba | Johnny Colón | Pete Rodriguez | Ray Barretto | Richie Ray & Bobby Cruz
Q4971442,British rhythm and blues,Georgie Fame | Manfred Mann | The Animals | The Pretty Things | The Rolling Stones | The Spencer Davis Group | The Yardbirds | Them
Q164444,funk,"Earth, Wind & Fire | James Brown | Kool & the Gang | Ohio Players | Parliament | Prince | Sly and the Family Stone | The Meters"
Q2697917,go-go,Backyard Band | Chuck Brown | Experience Unlimited | Junkyard Band | Rare Essence | Trouble Funk
Q128792610,bounce beat,
Q2742436,porn groove,
Q577080,P-Funk,Bootsy's Rubber Band | Funkadelic | Parlet | Parliament | The Brides of Funkenstein
Q1045541,G-funk,Above the Law | DJ Quik | Dr. Dre | Nate Dogg | Snoop Dogg | Tha Dogg Pound | Warren G
Q106641536,Afro-funk,Ebo Taylor | Fela Kuti | Geraldo Pino | Manu Dibango | Orlando Julius | The Funkees | William Onyeabor
Q4969182,Brit funk,Beggar & Co | Central Line | Freeez | Hi-Tension | Incognito | Level 42 | Light of the World | Linx
Q1182371,deep funk,Sharon Jones & The Dap-Kings | The Poets of Rhythm
Q1325963,electro funk,Afrika Bambaataa | Cybotron | Egyptian Lover | Hashim | Mantronix | Newcleus | The Jonzun Crew | Zapp
Q109048162,Latin funk,Azteca | El Chicano | Malo | Mandrill | War
Q30632022,synth funk,Cameo | Dâm-Funk | Midnight Star | Prince | The Gap Band | The Time | Zapp
Q58339,disco,Bee Gees | Chic | Donna Summer | Gloria Gaynor | KC and the Sunshine Band | Sylvester | The Trammps | Village People
Q1374731,Eurodisco,ABBA | Amanda Lear | Arabesque | Baccara | Boney M. | Dschinghis Khan | Giorgio Moroder | Silver Convention
Q98528149,electro-disco,Cerrone | Giorgio Moroder | Patrick Cowley | Space | Telex | Yellow Magic Orchestra
Q2608506,space disco,Cerrone | Droids | Lindstrøm | Meco | Rockets | Space
Q606393,Hi-NRG,Bobby Orlando | Dead or Alive | Divine | Evelyn Thomas | Hazell Dean | Miquel Brown | Patrick Cowley | Sylvester
Q744417,Italo disco,Baltimora | Den Harrow | Gazebo | Kano | Righeira | Ryan Paris | Savage | Scotch
Q110226234,red disco,
Q4045538,nu-disco,Aeroplane | Breakbot | Escort | Hercules and Love Affair | Lindstrøm | Prins Thomas | Todd Terje
Q106588727,Latin disco,Santa Esmeralda
Q4942839,boogie,Change | D-Train | Kashif | Mtume | Shalamar | Skyy | The Peech Boys | Yarbrough & Peoples
Q807820,barbershop music,The Buffalo Bills
Q106522115,swamp pop,Cookie and the Cupcakes | Dale and Grace | Jimmy Clanton | Johnnie Allan | Phil Phillips | Rod Bernard | Tommy McLain | Warren Storm
Q83440,country music,Dolly Parton | Garth Brooks | George Jones | Hank Williams | Johnny Cash | Patsy Cline | The Carter Family | Willie Nelson
Q1730388,Western swing,Asleep at the Wheel | Bob Wills | Hank Thompson | Light Crust Doughboys | Milton Brown | Spade Cooley | Tex Williams
Q1751782,Nashville sound,Brenda Lee | Chet Atkins | Don Gibson | Eddy Arnold | Floyd Cramer | Jim Reeves | Patsy Cline | Skeeter Davis
Q5177472,country and Irish,Big Tom | Brendan Shine | Daniel O'Donnell | Declan Nerney | Nathan Carter | Philomena Begley | Susan McCann
Q14493900,Texas country music,Cory Morrow | George Strait | Jack Ingram | Jerry Jeff Walker | Kevin Fowler | Pat Green | Randy Rogers Band | Robert Earl Keen
Q4490991,progressive country,Commander Cody and His Lost Planet Airmen | Doug Sahm | Guy Clark | Jerry Jeff Walker | Kris Kristofferson | Michael Martin Murphey | Willie Nelson
Q964658,outlaw country,Billy Joe Shaver | David Allan Coe | Jessi Colter | Johnny Cash | Kris Kristofferson | Tompall Glaser | Waylon Jennings | Willie Nelson
Q3422697,red dirt,Bob Childers | Cross Canadian Ragweed | Jason Boland & the Stragglers | Stoney LaRue | The Great Divide | Turnpike Troubadours
Q438476,alternative country,Drive-By Truckers | Lucinda Williams | Old 97's | Son Volt | The Jayhawks | Uncle Tupelo | Whiskeytown | Wilco
Q65052052,gothic country,16 Horsepower | Slim Cessna's Auto Club | The Handsome Family | Those Poor Bastards | Wovenhand
Q2407862,Americana,Brandi Carlile | Emmylou Harris | Gillian Welch | Jason Isbell | Lucinda Williams | Steve Earle | The Band | Townes Van Zandt
Q5128236,classic country,Buck Owens | Conway Twitty | Ernest Tubb | George Jones | Hank Williams | Loretta Lynn | Merle Haggard | Tammy Wynette
Q65937954,contemporary country,Brad Paisley | Carrie Underwood | Garth Brooks | Kenny Chesney | Luke Bryan | Morgan Wallen | Shania Twain | Tim McGraw
Q458480,neotraditional country,Alan Jackson | Clint Black | Dwight Yoakam | George Strait | Keith Whitley | Patty Loveless | Randy Travis | Ricky Skaggs
Q5179572,cowboy poetry,
Q5201841,Czech tramping music,Brontosauři | Greenhorns | Hop Trop | Pacifik | Wabi Daněk
Q3140141,honky tonk,Ernest Tubb | George Jones | Hank Thompson | Hank Williams | Kitty Wells | Lefty Frizzell | Ray Price | Webb Pierce
Q804401,Bakersfield sound,Buck Owens | Dwight Yoakam | Merle Haggard | Red Simpson | Tommy Collins | Wynn Stewart
Q65943778,traditional country music,Bill Monroe | Ernest Tubb | Hank Williams | Jimmie Rodgers | Kitty Wells | Roy Acuff | The Carter Family | Uncle Dave Macon
Q213714,bluegrass music,Alison Krauss | Bill Monroe | Del McCoury | Flatt & Scruggs | Jimmy Martin | The Country Gentlemen | The Osborne Brothers | The Stanley Brothers
Q7832321,traditional bluegrass,Bill Monroe | Del McCoury | Flatt & Scruggs | Jim & Jesse | Jimmy Martin | Mac Wiseman | Reno and Smiley | The Stanley Brothers
Q21327441,bluegrass gospel,Doyle Lawson & Quicksilver | The Lewis Family | The Stanley Brothers
Q3307225,progressive bluegrass,Béla Fleck | David Grisman | New Grass Revival | Nickel Creek | Punch Brothers | The Country Gentlemen | The Seldom Scene | Tony Rice
Q107982599,jamgrass,Billy Strings | Greensky Bluegrass | Leftover Salmon | Railroad Earth | The Infamous Stringdusters | The String Cheese Incident | Yonder Mountain String Band
Q5110317,Christian country music,
Q135687210,close harmony,The Blue Sky Boys | The Delmore Brothers | The Everly Brothers | The Louvin Brothers | The Monroe Brothers
Q106562392,country boogie,Arthur Smith | Merrill Moore | Moon Mullican | Tennessee Ernie Ford | The Delmore Brothers
Q3696098,country yodel,Elton Britt | Jimmie Rodgers | Kenny Roberts | Patsy Montana | Slim Whitman | Wilf Carter
Q7847156,truck-driving country,C. W. McCall | Dave Dudley | Dick Curless | Red Simpson | Red Sovine
Q1425111,western music,Gene Autry | Marty Robbins | Michael Martin Murphey | Rex Allen | Riders in the Sky | Roy Rogers | Sons of the Pioneers | Tex Ritter
Q9759,blues,B.B. King | Bessie Smith | Charley Patton | Howlin' Wolf | John Lee Hooker | Lead Belly | Muddy Waters | Robert Johnson
Q212952,boogie-woogie,Albert Ammons | Cow Cow Davenport | Jimmy Yancey | Meade Lux Lewis | Pete Johnson | Pinetop Smith
Q1309336,classic female blues,Alberta Hunter | Bessie Smith | Ethel Waters | Ida Cox | Ma Rainey | Mamie Smith | Sippie Wallace | Victoria Spivey
Q1271752,Texas blues,Albert Collins | Blind Lemon Jefferson | Freddie King | Johnny Winter | Lightnin' Hopkins | Mance Lipscomb | Stevie Ray Vaughan | T-Bone Walker
Q98528141,acoustic Texas blues,Blind Lemon Jefferson | Blind Willie Johnson | Henry Thomas | Lead Belly | Lightnin' Hopkins | Mance Lipscomb | Texas Alexander
Q649823,country blues,Blind Lemon Jefferson | Blind Willie McTell | Charley Patton | Lead Belly | Mississippi John Hurt | Robert Johnson | Skip James | Son House
Q1127539,Delta blues,Big Joe Williams | Bukka White | Charley Patton | Robert Johnson | Skip James | Son House | Tommy Johnson
Q5762403,hill country blues,Jessie Mae Hemphill | Junior Kimbrough | Mississippi Fred McDowell | North Mississippi Allstars | Othar Turner | R. L. Burnside
Q1109497,Piedmont blues,Blind Blake | Blind Boy Fuller | Blind Willie McTell | Elizabeth Cotten | Etta Baker | John Cephas | Reverend Gary Davis | Sonny Terry & Brownie McGhee
Q1515757,jump blues,Amos Milburn | Big Jay McNeely | Big Joe Turner | Joe Liggins | Louis Jordan | Roy Brown | Roy Milton | Wynonie Harris
Q640097,electric blues,Albert King | B.B. King | Buddy Guy | Elmore James | Howlin' Wolf | Muddy Waters | Stevie Ray Vaughan | T-Bone Walker
Q1071873,Chicago blues,Buddy Guy | Howlin' Wolf | Jimmy Reed | Little Walter | Magic Sam | Muddy Waters | Otis Rush | Willie Dixon
Q534606,swamp blues,Lazy Lester | Lightnin' Slim | Lonesome Sundown | Silas Hogan | Slim Harpo
Q918542,British blues,Blues Incorporated | Chicken Shack | Cream | Fleetwood Mac | John Mayall & the Bluesbreakers | Savoy Brown | Ten Years After
Q98528142,electric Texas blues,"Albert Collins | Clarence ""Gatemouth"" Brown | Freddie King | Johnny Copeland | Johnny Winter | Stevie Ray Vaughan | T-Bone Walker | The Fabulous Thunderbirds"
Q65937937,modern blues,Buddy Guy | Gary Clark Jr. | Joe Bonamassa | Kenny Wayne Shepherd | Robert Cray | Stevie Ray Vaughan
Q2603965,piano blues,Champion Jack Dupree | Leroy Carr | Memphis Slim | Otis Spann | Pinetop Perkins | Professor Longhair | Roosevelt Sykes | Sunnyland Slim
Q515074,Louisiana blues,Guitar Slim | Lazy Lester | Lightnin' Slim | Lonesome Sundown | Professor Longhair | Slim Harpo
Q516568,New Orleans blues,Champion Jack Dupree | Earl King | Guitar Slim | Professor Longhair | Smiley Lewis | Snooks Eaglin
Q2521569,soul blues,"Bobby ""Blue"" Bland | Denise LaSalle | Johnnie Taylor | Latimore | Little Milton | O. V. Wright | Z. Z. Hill"
Q65936357,acoustic blues,Keb' Mo' | Lead Belly | Mississippi John Hurt | Reverend Gary Davis | Robert Johnson | Son House | Taj Mahal
Q106641530,acoustic Chicago blues,Big Bill Broonzy | Memphis Minnie | Tampa Red | Washboard Sam
Q2907328,African blues,Ali Farka Touré | Boubacar Traoré | Vieux Farka Touré
Q7800608,desert blues,Bombino | Mdou Moctar | Tamikrest | Terakaft | Tinariwen
Q5447390,fife and drum blues,Napoleon Strickland | Othar Turner | Sid Hemphill
Q1075338,jug band,Cannon's Jug Stompers | Jim Kweskin Jug Band | Memphis Jug Band | The Dixieland Jug Blowers | Whistler's Jug Band
Q9794,reggae,Bob Marley and the Wailers | Burning Spear | Dennis Brown | Gregory Isaacs | Jimmy Cliff | Peter Tosh | Steel Pulse | Toots and the Maytals
Q1262697,mento,Count Lasher | Lord Flea | Stanley Beckford | The Jolly Boys
Q54365,ska,Desmond Dekker | Madness | Millie Small | Prince Buster | The Mighty Mighty Bosstones | The Selecter | The Skatalites | The Specials
Q108807661,Jamaican ska,Byron Lee and the Dragonaires | Derrick Morgan | Desmond Dekker | Laurel Aitken | Millie Small | Prince Buster | The Skatalites | Toots and the Maytals
Q209498,2 tone,Bad Manners | Madness | The Beat | The Bodysnatchers | The Selecter | The Specials
Q7580152,spouge,Jackie Opel
Q3990466,third wave ska,Less Than Jake | No Doubt | Operation Ivy | Reel Big Fish | Save Ferris | Streetlight Manifesto | Sublime | The Mighty Mighty Bosstones
Q212688,dub music,"Augustus Pablo | King Jammy | King Tubby | Lee ""Scratch"" Perry | Mad Professor | Scientist"
Q108107635,novo dub,Brain Damage | High Tone | Kaly Live Dub | Zenzile
Q1277532,early reggae,Dave and Ansell Collins | Desmond Dekker | Harry J Allstars | Jimmy Cliff | Symarip | The Pioneers | The Upsetters | Toots and the Maytals
Q573484,rocksteady,Alton Ellis | Hopeton Lewis | Ken Boothe | Phyllis Dillon | The Heptones | The Melodians | The Paragons | The Techniques
Q3931695,gospel reggae,
Q1299260,roots reggae,Black Uhuru | Bob Marley and the Wailers | Burning Spear | Culture | Israel Vibration | Steel Pulse | The Abyssinians | The Congos
Q1113204,dub poetry,Benjamin Zephaniah | Jean Binta Breeze | Linton Kwesi Johnson | Mutabaruka | Oku Onuora
Q474027,dancehall,Beenie Man | Bounty Killer | Buju Banton | Sean Paul | Shabba Ranks | Super Cat | Vybz Kartel | Yellowman
Q740911,ragga,Bounty Killer | Buju Banton | Capleton | Cutty Ranks | Ninjaman | Shabba Ranks | Super Cat | Tiger
Q116192789,gommance,
Q109653544,shatta,
Q137441533,trap dancehall,
Q121285291,zess,
Q1872505,lovers rock,Carroll Thompson | Dennis Bovell | Janet Kay | Louisa Mark | Maxi Priest | Sugar Minott
Q7122786,Pacific reggae,Common Kings | Fiji | Herbs | J Boog | Katchafire | Kora
Q136537479,jawaiian,Ekolu | Fiji | Kolohe Kai | Three Plus
Q3192617,kaneka,
Q3477737,seggae,Kaya
Q98528252,deejay,Big Youth | Dennis Alcapone | Dillinger | I-Roy | Prince Far I | U-Roy | Yellowman
