genre,parent
http://www.wikidata.org/entity/Q1344,http://www.wikidata.org/entity/Q9730
http://www.wikidata.org/entity/Q1344,http://www.wikidata.org/entity/Q207628
http://www.wikidata.org/entity/Q1344,http://www.wikidata.org/entity/Q7777494
http://www.wikidata.org/entity/Q1344,http://www.wikidata.org/entity/Q123777276
http://www.wikidata.org/entity/Q2743,http://www.wikidata.org/entity/Q25379
http://www.wikidata.org/entity/Q2743,http://www.wikidata.org/entity/Q2431196
http://www.wikidata.org/entity/Q2743,http://www.wikidata.org/entity/Q43099500
http://www.wikidata.org/entity/Q2743,http://www.wikidata.org/entity/Q123777276
http://www.wikidata.org/entity/Q3071,http://www.wikidata.org/entity/Q25554481
http://www.wikidata.org/entity/Q3858,http://www.wikidata.org/entity/Q1503406
http://www.wikidata.org/entity/Q4797,http://www.wikidata.org/entity/Q16942070
http://www.wikidata.org/entity/Q6010,http://www.wikidata.org/entity/Q11401
http://www.wikidata.org/entity/Q6010,http://www.wikidata.org/entity/Q6942562
http://www.wikidata.org/entity/Q7749,http://www.wikidata.org/entity/Q11399
http://www.wikidata.org/entity/Q8341,http://www.wikidata.org/entity/Q373342
http://www.wikidata.org/entity/Q8361,http://www.wikidata.org/entity/Q9730
http://www.wikidata.org/entity/Q8361,http://www.wikidata.org/entity/Q3328676
http://www.wikidata.org/entity/Q9730,http://www.wikidata.org/entity/Q1583807
http://www.wikidata.org/entity/Q9734,http://www.wikidata.org/entity/Q207628
http://www.wikidata.org/entity/Q9748,http://www.wikidata.org/entity/Q207628
http://www.wikidata.org/entity/Q9759,http://www.wikidata.org/entity/Q373342
http://www.wikidata.org/entity/Q9759,http://www.wikidata.org/entity/Q107718737
http://www.wikidata.org/entity/Q9764,http://www.wikidata.org/entity/Q201022
http://www.wikidata.org/entity/Q9764,http://www.wikidata.org/entity/Q964987
http://www.wikidata.org/entity/Q9764,http://www.wikidata.org/entity/Q18345375
http://www.wikidata.org/entity/Q9778,http://www.wikidata.org/entity/Q115484611
http://www.wikidata.org/entity/Q9794,http://www.wikidata.org/entity/Q572717
http://www.wikidata.org/entity/Q10922,http://www.wikidata.org/entity/Q3071
http://www.wikidata.org/entity/Q10926,http://www.wikidata.org/entity/Q11366
http://www.wikidata.org/entity/Q10926,http://www.wikidata.org/entity/Q25554481
http://www.wikidata.org/entity/Q11363,http://www.wikidata.org/entity/Q10926
http://www.wikidata.org/entity/Q11363,http://www.wikidata.org/entity/Q377910
http://www.wikidata.org/entity/Q11365,http://www.wikidata.org/entity/Q11366
http://www.wikidata.org/entity/Q11366,http://www.wikidata.org/entity/Q11399
http://www.wikidata.org/entity/Q11366,http://www.wikidata.org/entity/Q1695023
http://www.wikidata.org/entity/Q11399,http://www.wikidata.org/entity/Q373342
http://www.wikidata.org/entity/Q11401,http://www.wikidata.org/entity/Q373342
http://www.wikidata.org/entity/Q11403,http://www.wikidata.org/entity/Q899215
http://www.wikidata.org/entity/Q12302,http://www.wikidata.org/entity/Q910606
http://www.wikidata.org/entity/Q12302,http://www.wikidata.org/entity/Q1426710
http://www.wikidata.org/entity/Q17723,http://www.wikidata.org/entity/Q9730
http://www.wikidata.org/entity/Q17723,http://www.wikidata.org/entity/Q3328676
http://www.wikidata.org/entity/Q18846,http://www.wikidata.org/entity/Q115484611
http://www.wikidata.org/entity/Q19816,http://www.wikidata.org/entity/Q11403
http://www.wikidata.org/entity/Q20378,http://www.wikidata.org/entity/Q1695023
http://www.wikidata.org/entity/Q20378,http://www.wikidata.org/entity/Q12326776
http://www.wikidata.org/entity/Q20474,http://www.wikidata.org/entity/Q114880130
http://www.wikidata.org/entity/Q20502,http://www.wikidata.org/entity/Q851213
http://www.wikidata.org/entity/Q20903,http://www.wikidata.org/entity/Q20474
http://www.wikidata.org/entity/Q21092,http://www.wikidata.org/entity/Q851213
http://www.wikidata.org/entity/Q23965,http://www.wikidata.org/entity/Q727781
http://www.wikidata.org/entity/Q23965,http://www.wikidata.org/entity/Q5645984
http://www.wikidata.org/entity/Q24383,http://www.wikidata.org/entity/Q11399
http://www.wikidata.org/entity/Q24383,http://www.wikidata.org/entity/Q2743758
http://www.wikidata.org/entity/Q25116,http://www.wikidata.org/entity/Q338450
http://www.wikidata.org/entity/Q25116,http://www.wikidata.org/entity/Q14390274
http://www.wikidata.org/entity/Q25116,http://www.wikidata.org/entity/Q110207339
http://www.wikidata.org/entity/Q26473,http://www.wikidata.org/entity/Q827775
http://www.wikidata.org/entity/Q26473,http://www.wikidata.org/entity/Q2707688
http://www.wikidata.org/entity/Q27190,http://www.wikidata.org/entity/Q25554481
http://www.wikidata.org/entity/Q37073,http://www.wikidata.org/entity/Q373342
http://www.wikidata.org/entity/Q38656,http://www.wikidata.org/entity/Q8341
http://www.wikidata.org/entity/Q38656,http://www.wikidata.org/entity/Q164444
http://www.wikidata.org/entity/Q38848,http://www.wikidata.org/entity/Q12326776
http://www.wikidata.org/entity/Q40461,http://www.wikidata.org/entity/Q316930
http://www.wikidata.org/entity/Q40461,http://www.wikidata.org/entity/Q3328778
http://www.wikidata.org/entity/Q40461,http://www.wikidata.org/entity/Q6942370
http://www.wikidata.org/entity/Q41270,http://www.wikidata.org/entity/Q178122
http://www.wikidata.org/entity/Q41343,http://www.wikidata.org/entity/Q12326776
http://www.wikidata.org/entity/Q42201,http://www.wikidata.org/entity/Q115484611
http://www.wikidata.org/entity/Q43343,http://www.wikidata.org/entity/Q115484611
http://www.wikidata.org/entity/Q45981,http://www.wikidata.org/entity/Q373342
http://www.wikidata.org/entity/Q46046,http://www.wikidata.org/entity/Q37073
http://www.wikidata.org/entity/Q46649,http://www.wikidata.org/entity/Q188994
http://www.wikidata.org/entity/Q47112,http://www.wikidata.org/entity/Q179465
http://www.wikidata.org/entity/Q47112,http://www.wikidata.org/entity/Q106641595
http://www.wikidata.org/entity/Q48445,http://www.wikidata.org/entity/Q373342
http://www.wikidata.org/entity/Q48445,http://www.wikidata.org/entity/Q7205507
http://www.wikidata.org/entity/Q49451,http://www.wikidata.org/entity/Q11399
http://www.wikidata.org/entity/Q49451,http://www.wikidata.org/entity/Q7248857
http://www.wikidata.org/entity/Q54365,http://www.wikidata.org/entity/Q373342
http://www.wikidata.org/entity/Q56580,http://www.wikidata.org/entity/Q388906
http://www.wikidata.org/entity/Q56580,http://www.wikidata.org/entity/Q25554481
http://www.wikidata.org/entity/Q57143,http://www.wikidata.org/entity/Q12326776
http://www.wikidata.org/entity/Q58339,http://www.wikidata.org/entity/Q45981
http://www.wikidata.org/entity/Q58339,http://www.wikidata.org/entity/Q11787389
http://www.wikidata.org/entity/Q59158,http://www.wikidata.org/entity/Q1770695
http://www.wikidata.org/entity/Q62128,http://www.wikidata.org/entity/Q1770695
http://www.wikidata.org/entity/Q63885,http://www.wikidata.org/entity/Q3071
http://www.wikidata.org/entity/Q63885,http://www.wikidata.org/entity/Q6452410
http://www.wikidata.org/entity/Q69596,http://www.wikidata.org/entity/Q1770695
http://www.wikidata.org/entity/Q70076,http://www.wikidata.org/entity/Q685884
http://www.wikidata.org/entity/Q70076,http://www.wikidata.org/entity/Q1770695
http://www.wikidata.org/entity/Q70076,http://www.wikidata.org/entity/Q6821898
http://www.wikidata.org/entity/Q76092,http://www.wikidata.org/entity/Q11399
http://www.wikidata.org/entity/Q76092,http://www.wikidata.org/entity/Q65937876
http://www.wikidata.org/entity/Q81105,http://www.wikidata.org/entity/Q184485
http://www.wikidata.org/entity/Q81105,http://www.wikidata.org/entity/Q106654247
http://www.wikidata.org/entity/Q82469,http://www.wikidata.org/entity/Q5151790
http://www.wikidata.org/entity/Q82469,http://www.wikidata.org/entity/Q107819512
http://www.wikidata.org/entity/Q178145,http://www.wikidata.org/entity/Q12326776
http://www.wikidata.org/entity/Q180268,http://www.wikidata.org/entity/Q6452410
http://www.wikidata.org/entity/Q180853,http://www.wikidata.org/entity/Q118738876
http://www.wikidata.org/entity/Q181010,http://www.wikidata.org/entity/Q105513
http://www.wikidata.org/entity/Q181014,http://www.wikidata.org/entity/Q9730
http://www.wikidata.org/entity/Q181014,http://www.wikidata.org/entity/Q186393
http://www.wikidata.org/entity/Q181014,http://www.wikidata.org/entity/Q207628
http://www.wikidata.org/entity/Q181861,http://www.wikidata.org/entity/Q11399
http://www.wikidata.org/entity/Q181861,http://www.wikidata.org/entity/Q726239
http://www.wikidata.org/entity/Q181897,http://www.wikidata.org/entity/Q8341
http://www.wikidata.org/entity/Q181897,http://www.wikidata.org/entity/Q185652
http://www.wikidata.org/entity/Q181999,http://www.wikidata.org/entity/Q141085413
http://www.wikidata.org/entity/Q183016,http://www.wikidata.org/entity/Q8341
http://www.wikidata.org/entity/Q183016,http://www.wikidata.org/entity/Q54365
http://www.wikidata.org/entity/Q183504,http://www.wikidata.org/entity/Q11366
http://www.wikidata.org/entity/Q183504,http://www.wikidata.org/entity/Q42201
http://www.wikidata.org/entity/Q183862,http://www.wikidata.org/entity/Q10922
http://www.wikidata.org/entity/Q183862,http://www.wikidata.org/entity/Q465978
http://www.wikidata.org/entity/Q185162,http://www.wikidata.org/entity/Q11399
http://www.wikidata.org/entity/Q185162,http://www.wikidata.org/entity/Q18345375
http://www.wikidata.org/entity/Q185298,http://www.wikidata.org/entity/Q685884
http://www.wikidata.org/entity/Q185652,http://www.wikidata.org/entity/Q373342
http://www.wikidata.org/entity/Q185652,http://www.wikidata.org/entity/Q7139128
http://www.wikidata.org/entity/Q185652,http://www.wikidata.org/entity/Q107718737
http://www.wikidata.org/entity/Q185676,http://www.wikidata.org/entity/Q106556293
http://www.wikidata.org/entity/Q185858,http://www.wikidata.org/entity/Q201405
http://www.wikidata.org/entity/Q186017,http://www.wikidata.org/entity/Q685884
http://www.wikidata.org/entity/Q186170,http://www.wikidata.org/entity/Q465978
http://www.wikidata.org/entity/Q186472,http://www.wikidata.org/entity/Q11399
http://www.wikidata.org/entity/Q187760,http://www.wikidata.org/entity/Q11399
http://www.wikidata.org/entity/Q188237,http://www.wikidata.org/entity/Q6942329
http://www.wikidata.org/entity/Q188285,http://www.wikidata.org/entity/Q9730
http://www.wikidata.org/entity/Q188285,http://www.wikidata.org/entity/Q207628
http://www.wikidata.org/entity/Q188285,http://www.wikidata.org/entity/Q1076513
http://www.wikidata.org/entity/Q188450,http://www.wikidata.org/entity/Q116985035
http://www.wikidata.org/entity/Q188534,http://www.wikidata.org/entity/Q10922
http://www.wikidata.org/entity/Q188534,http://www.wikidata.org/entity/Q465978
http://www.wikidata.org/entity/Q188539,http://www.wikidata.org/entity/Q83270
http://www.wikidata.org/entity/Q188539,http://www.wikidata.org/entity/Q12326776
http://www.wikidata.org/entity/Q188539,http://www.wikidata.org/entity/Q65937876
http://www.wikidata.org/entity/Q188994,http://www.wikidata.org/entity/Q851213
http://www.wikidata.org/entity/Q189045,http://www.wikidata.org/entity/Q11366
http://www.wikidata.org/entity/Q189045,http://www.wikidata.org/entity/Q484641
http://www.wikidata.org/entity/Q189201,http://www.wikidata.org/entity/Q9730
http://www.wikidata.org/entity/Q189201,http://www.wikidata.org/entity/Q207628
http://www.wikidata.org/entity/Q193207,http://www.wikidata.org/entity/Q373342
http://www.wikidata.org/entity/Q193217,http://www.wikidata.org/entity/Q9730
http://www.wikidata.org/entity/Q193217,http://www.wikidata.org/entity/Q179465
http://www.wikidata.org/entity/Q193217,http://www.wikidata.org/entity/Q207628
http://www.wikidata.org/entity/Q193217,http://www.wikidata.org/entity/Q3328676
http://www.wikidata.org/entity/Q193355,http://www.wikidata.org/entity/Q9759
http://www.wikidata.org/entity/Q193355,http://www.wikidata.org/entity/Q11399
http://www.wikidata.org/entity/Q193605,http://www.wikidata.org/entity/Q1123037
http://www.wikidata.org/entity/Q194172,http://www.wikidata.org/entity/Q9730
http://www.wikidata.org/entity/Q194172,http://www.wikidata.org/entity/Q1063010
http://www.wikidata.org/entity/Q194492,http://www.wikidata.org/entity/Q106586998
http://www.wikidata.org/entity/Q196999,http://www.wikidata.org/entity/Q3630966
http://www.wikidata.org/entity/Q199415,http://www.wikidata.org/entity/Q113493832
http://www.wikidata.org/entity/Q201405,http://www.wikidata.org/entity/Q9730
http://www.wikidata.org/entity/Q201405,http://www.wikidata.org/entity/Q1133779
http://www.wikidata.org/entity/Q201405,http://www.wikidata.org/entity/Q3328676
http://www.wikidata.org/entity/Q202287,http://www.wikidata.org/entity/Q9730
http://www.wikidata.org/entity/Q202287,http://www.wikidata.org/entity/Q207628
http://www.wikidata.org/entity/Q202287,http://www.wikidata.org/entity/Q639197
http://www.wikidata.org/entity/Q202925,http://www.wikidata.org/entity/Q20502
http://www.wikidata.org/entity/Q202925,http://www.wikidata.org/entity/Q106576170
http://www.wikidata.org/entity/Q202930,http://www.wikidata.org/entity/Q373342
http://www.wikidata.org/entity/Q203720,http://www.wikidata.org/entity/Q7749
http://www.wikidata.org/entity/Q203775,http://www.wikidata.org/entity/Q8341
http://www.wikidata.org/entity/Q204067,http://www.wikidata.org/entity/Q846784
http://www.wikidata.org/entity/Q204067,http://www.wikidata.org/entity/Q5413526
http://www.wikidata.org/entity/Q205049,http://www.wikidata.org/entity/Q373342
http://www.wikidata.org/entity/Q205049,http://www.wikidata.org/entity/Q115484611
http://www.wikidata.org/entity/Q205560,http://www.wikidata.org/entity/Q251192
http://www.wikidata.org/entity/Q205978,http://www.wikidata.org/entity/Q26897135
http://www.wikidata.org/entity/Q206159,http://www.wikidata.org/entity/Q11399
http://www.wikidata.org/entity/Q206159,http://www.wikidata.org/entity/Q846119
http://www.wikidata.org/entity/Q207591,http://www.wikidata.org/entity/Q9730
http://www.wikidata.org/entity/Q207683,http://www.wikidata.org/entity/Q9730
http://www.wikidata.org/entity/Q207841,http://www.wikidata.org/entity/Q9730
http://www.wikidata.org/entity/Q207841,http://www.wikidata.org/entity/Q207628
http://www.wikidata.org/entity/Q208239,http://www.wikidata.org/entity/Q316930
http://www.wikidata.org/entity/Q208239,http://www.wikidata.org/entity/Q3328778
http://www.wikidata.org/entity/Q208341,http://www.wikidata.org/entity/Q211025
http://www.wikidata.org/entity/Q208341,http://www.wikidata.org/entity/Q9048257
http://www.wikidata.org/entity/Q208341,http://www.wikidata.org/entity/Q116174743
http://www.wikidata.org/entity/Q208494,http://www.wikidata.org/entity/Q936942
http://www.wikidata.org/entity/Q208494,http://www.wikidata.org/entity/Q12326776
http://www.wikidata.org/entity/Q208593,http://www.wikidata.org/entity/Q8361
http://www.wikidata.org/entity/Q208593,http://www.wikidata.org/entity/Q964987
http://www.wikidata.org/entity/Q208593,http://www.wikidata.org/entity/Q118738876
http://www.wikidata.org/entity/Q209137,http://www.wikidata.org/entity/Q1641839
http://www.wikidata.org/entity/Q209498,http://www.wikidata.org/entity/Q54365
http://www.wikidata.org/entity/Q209741,http://www.wikidata.org/entity/Q207628
http://www.wikidata.org/entity/Q210216,http://www.wikidata.org/entity/Q9748
http://www.wikidata.org/entity/Q210854,http://www.wikidata.org/entity/Q163775
http://www.wikidata.org/entity/Q210854,http://www.wikidata.org/entity/Q179465
http://www.wikidata.org/entity/Q211025,http://www.wikidata.org/entity/Q207628
http://www.wikidata.org/entity/Q211418,http://www.wikidata.org/entity/Q37073
http://www.wikidata.org/entity/Q211573,http://www.wikidata.org/entity/Q11399
http://www.wikidata.org/entity/Q211723,http://www.wikidata.org/entity/Q38848
http://www.wikidata.org/entity/Q211723,http://www.wikidata.org/entity/Q465978
http://www.wikidata.org/entity/Q211745,http://www.wikidata.org/entity/Q11895763
http://www.wikidata.org/entity/Q211745,http://www.wikidata.org/entity/Q115484611
http://www.wikidata.org/entity/Q211756,http://www.wikidata.org/entity/Q37073
http://www.wikidata.org/entity/Q211756,http://www.wikidata.org/entity/Q11787389
http://www.wikidata.org/entity/Q211781,http://www.wikidata.org/entity/Q790188
http://www.wikidata.org/entity/Q212024,http://www.wikidata.org/entity/Q388207
http://www.wikidata.org/entity/Q212024,http://www.wikidata.org/entity/Q1541229
http://www.wikidata.org/entity/Q212024,http://www.wikidata.org/entity/Q6452410
http://www.wikidata.org/entity/Q212112,http://www.wikidata.org/entity/Q685884
http://www.wikidata.org/entity/Q212148,http://www.wikidata.org/entity/Q9730
http://www.wikidata.org/entity/Q212148,http://www.wikidata.org/entity/Q207628
http://www.wikidata.org/entity/Q212688,http://www.wikidata.org/entity/Q373342
http://www.wikidata.org/entity/Q212944,http://www.wikidata.org/entity/Q1716019
http://www.wikidata.org/entity/Q212952,http://www.wikidata.org/entity/Q9759
http://www.wikidata.org/entity/Q212952,http://www.wikidata.org/entity/Q107718737
http://www.wikidata.org/entity/Q213121,http://www.wikidata.org/entity/Q373342
http://www.wikidata.org/entity/Q213149,http://www.wikidata.org/entity/Q132438
http://www.wikidata.org/entity/Q213149,http://www.wikidata.org/entity/Q484179
http://www.wikidata.org/entity/Q213572,http://www.wikidata.org/entity/Q20378
http://www.wikidata.org/entity/Q213572,http://www.wikidata.org/entity/Q208494
http://www.wikidata.org/entity/Q213572,http://www.wikidata.org/entity/Q2743758
http://www.wikidata.org/entity/Q213608,http://www.wikidata.org/entity/Q34379
http://www.wikidata.org/entity/Q213608,http://www.wikidata.org/entity/Q2529779
http://www.wikidata.org/entity/Q213665,http://www.wikidata.org/entity/Q6942280
http://www.wikidata.org/entity/Q213665,http://www.wikidata.org/entity/Q10730335
http://www.wikidata.org/entity/Q213714,http://www.wikidata.org/entity/Q83440
http://www.wikidata.org/entity/Q213714,http://www.wikidata.org/entity/Q65943778
http://www.wikidata.org/entity/Q214981,http://www.wikidata.org/entity/Q9730
http://www.wikidata.org/entity/Q214981,http://www.wikidata.org/entity/Q207628
http://www.wikidata.org/entity/Q215911,http://www.wikidata.org/entity/Q9730
http://www.wikidata.org/entity/Q215911,http://www.wikidata.org/entity/Q207628
http://www.wikidata.org/entity/Q216860,http://www.wikidata.org/entity/Q4797274
http://www.wikidata.org/entity/Q216926,http://www.wikidata.org/entity/Q731978
http://www.wikidata.org/entity/Q216926,http://www.wikidata.org/entity/Q1323698
http://www.wikidata.org/entity/Q216961,http://www.wikidata.org/entity/Q851213
http://www.wikidata.org/entity/Q216961,http://www.wikidata.org/entity/Q3328676
http://www.wikidata.org/entity/Q217191,http://www.wikidata.org/entity/Q484641
http://www.wikidata.org/entity/Q217295,http://www.wikidata.org/entity/Q1076513
http://www.wikidata.org/entity/Q217295,http://www.wikidata.org/entity/Q8812109
http://www.wikidata.org/entity/Q217295,http://www.wikidata.org/entity/Q23687321
http://www.wikidata.org/entity/Q217295,http://www.wikidata.org/entity/Q122149755
http://www.wikidata.org/entity/Q217467,http://www.wikidata.org/entity/Q11399
http://www.wikidata.org/entity/Q217597,http://www.wikidata.org/entity/Q851213
http://www.wikidata.org/entity/Q220528,http://www.wikidata.org/entity/Q12876995
http://www.wikidata.org/entity/Q220528,http://www.wikidata.org/entity/Q60733114
http://www.wikidata.org/entity/Q220535,http://www.wikidata.org/entity/Q722989
http://www.wikidata.org/entity/Q220535,http://www.wikidata.org/entity/Q1162469
http://www.wikidata.org/entity/Q220830,http://www.wikidata.org/entity/Q11399
http://www.wikidata.org/entity/Q221686,http://www.wikidata.org/entity/Q4417620
http://www.wikidata.org/entity/Q221686,http://www.wikidata.org/entity/Q65937946
http://www.wikidata.org/entity/Q221772,http://www.wikidata.org/entity/Q11787389
http://www.wikidata.org/entity/Q221934,http://www.wikidata.org/entity/Q869210
http://www.wikidata.org/entity/Q221934,http://www.wikidata.org/entity/Q1780056
http://www.wikidata.org/entity/Q221934,http://www.wikidata.org/entity/Q2812726
http://www.wikidata.org/entity/Q222445,http://www.wikidata.org/entity/Q6950428
http://www.wikidata.org/entity/Q222445,http://www.wikidata.org/entity/Q51799726
http://www.wikidata.org/entity/Q223840,http://www.wikidata.org/entity/Q1033912
http://www.wikidata.org/entity/Q224694,http://www.wikidata.org/entity/Q121411631
http://www.wikidata.org/entity/Q226887,http://www.wikidata.org/entity/Q257533
http://www.wikidata.org/entity/Q226887,http://www.wikidata.org/entity/Q1037119
http://www.wikidata.org/entity/Q227036,http://www.wikidata.org/entity/Q6942329
http://www.wikidata.org/entity/Q82469,http://www.wikidata.org/entity/Q114805151
http://www.wikidata.org/entity/Q83270,http://www.wikidata.org/entity/Q11399
http://www.wikidata.org/entity/Q83390,http://www.wikidata.org/entity/Q45594
http://www.wikidata.org/entity/Q83390,http://www.wikidata.org/entity/Q2090950
http://www.wikidata.org/entity/Q83440,http://www.wikidata.org/entity/Q373342
http://www.wikidata.org/entity/Q83440,http://www.wikidata.org/entity/Q107718737
http://www.wikidata.org/entity/Q85477,http://www.wikidata.org/entity/Q207628
http://www.wikidata.org/entity/Q85477,http://www.wikidata.org/entity/Q7777494
http://www.wikidata.org/entity/Q105513,http://www.wikidata.org/entity/Q8341
http://www.wikidata.org/entity/Q105527,http://www.wikidata.org/entity/Q8341
http://www.wikidata.org/entity/Q118120,http://www.wikidata.org/entity/Q854451
http://www.wikidata.org/entity/Q118120,http://www.wikidata.org/entity/Q7482056
http://www.wikidata.org/entity/Q118120,http://www.wikidata.org/entity/Q110558158
http://www.wikidata.org/entity/Q118120,http://www.wikidata.org/entity/Q116173874
http://www.wikidata.org/entity/Q122772,http://www.wikidata.org/entity/Q2090712
http://www.wikidata.org/entity/Q122772,http://www.wikidata.org/entity/Q5413526
http://www.wikidata.org/entity/Q127624,http://www.wikidata.org/entity/Q235858
http://www.wikidata.org/entity/Q127624,http://www.wikidata.org/entity/Q685884
http://www.wikidata.org/entity/Q130572,http://www.wikidata.org/entity/Q525073
http://www.wikidata.org/entity/Q130572,http://www.wikidata.org/entity/Q108857328
http://www.wikidata.org/entity/Q131269,http://www.wikidata.org/entity/Q9730
http://www.wikidata.org/entity/Q131269,http://www.wikidata.org/entity/Q207628
http://www.wikidata.org/entity/Q131269,http://www.wikidata.org/entity/Q639197
http://www.wikidata.org/entity/Q131272,http://www.wikidata.org/entity/Q45981
http://www.wikidata.org/entity/Q131425,http://www.wikidata.org/entity/Q257533
http://www.wikidata.org/entity/Q131425,http://www.wikidata.org/entity/Q373342
http://www.wikidata.org/entity/Q131510,http://www.wikidata.org/entity/Q23072435
http://www.wikidata.org/entity/Q131578,http://www.wikidata.org/entity/Q10730335
http://www.wikidata.org/entity/Q132438,http://www.wikidata.org/entity/Q465978
http://www.wikidata.org/entity/Q135637,http://www.wikidata.org/entity/Q19678100
http://www.wikidata.org/entity/Q135637,http://www.wikidata.org/entity/Q106422444
http://www.wikidata.org/entity/Q138020,http://www.wikidata.org/entity/Q672134
http://www.wikidata.org/entity/Q138020,http://www.wikidata.org/entity/Q5413526
http://www.wikidata.org/entity/Q140222,http://www.wikidata.org/entity/Q624044
http://www.wikidata.org/entity/Q140544,http://www.wikidata.org/entity/Q9730
http://www.wikidata.org/entity/Q140544,http://www.wikidata.org/entity/Q207628
http://www.wikidata.org/entity/Q141459,http://www.wikidata.org/entity/Q6010
http://www.wikidata.org/entity/Q141459,http://www.wikidata.org/entity/Q11401
http://www.wikidata.org/entity/Q141459,http://www.wikidata.org/entity/Q969663
http://www.wikidata.org/entity/Q145594,http://www.wikidata.org/entity/Q6942329
http://www.wikidata.org/entity/Q145980,http://www.wikidata.org/entity/Q11399
http://www.wikidata.org/entity/Q145980,http://www.wikidata.org/entity/Q1666311
http://www.wikidata.org/entity/Q151942,http://www.wikidata.org/entity/Q473602
http://www.wikidata.org/entity/Q151942,http://www.wikidata.org/entity/Q3015675
http://www.wikidata.org/entity/Q155119,http://www.wikidata.org/entity/Q645992
http://www.wikidata.org/entity/Q155858,http://www.wikidata.org/entity/Q108857328
http://www.wikidata.org/entity/Q163491,http://www.wikidata.org/entity/Q163775
http://www.wikidata.org/entity/Q163775,http://www.wikidata.org/entity/Q436016
http://www.wikidata.org/entity/Q163775,http://www.wikidata.org/entity/Q3328676
http://www.wikidata.org/entity/Q164444,http://www.wikidata.org/entity/Q373342
http://www.wikidata.org/entity/Q166813,http://www.wikidata.org/entity/Q8341
http://www.wikidata.org/entity/Q170435,http://www.wikidata.org/entity/Q851213
http://www.wikidata.org/entity/Q170611,http://www.wikidata.org/entity/Q851213
http://www.wikidata.org/entity/Q173844,http://www.wikidata.org/entity/Q20502
http://www.wikidata.org/entity/Q174873,http://www.wikidata.org/entity/Q9730
http://www.wikidata.org/entity/Q174873,http://www.wikidata.org/entity/Q207628
http://www.wikidata.org/entity/Q177447,http://www.wikidata.org/entity/Q9759
http://www.wikidata.org/entity/Q177771,http://www.wikidata.org/entity/Q7366
http://www.wikidata.org/entity/Q177771,http://www.wikidata.org/entity/Q484692
http://www.wikidata.org/entity/Q177771,http://www.wikidata.org/entity/Q5185279
http://www.wikidata.org/entity/Q388475,http://www.wikidata.org/entity/Q1544863
http://www.wikidata.org/entity/Q388906,http://www.wikidata.org/entity/Q851213
http://www.wikidata.org/entity/Q389372,http://www.wikidata.org/entity/Q708228
http://www.wikidata.org/entity/Q389631,http://www.wikidata.org/entity/Q1033912
http://www.wikidata.org/entity/Q389671,http://www.wikidata.org/entity/Q727781
http://www.wikidata.org/entity/Q389671,http://www.wikidata.org/entity/Q1457972
http://www.wikidata.org/entity/Q389671,http://www.wikidata.org/entity/Q5645984
http://www.wikidata.org/entity/Q389671,http://www.wikidata.org/entity/Q98528197
http://www.wikidata.org/entity/Q389993,http://www.wikidata.org/entity/Q1049625
http://www.wikidata.org/entity/Q406714,http://www.wikidata.org/entity/Q207628
http://www.wikidata.org/entity/Q407916,http://www.wikidata.org/entity/Q113600088
http://www.wikidata.org/entity/Q420883,http://www.wikidata.org/entity/Q11401
http://www.wikidata.org/entity/Q420883,http://www.wikidata.org/entity/Q6457912
http://www.wikidata.org/entity/Q423918,http://www.wikidata.org/entity/Q1326777
http://www.wikidata.org/entity/Q427183,http://www.wikidata.org/entity/Q727781
http://www.wikidata.org/entity/Q427183,http://www.wikidata.org/entity/Q108151792
http://www.wikidata.org/entity/Q428656,http://www.wikidata.org/entity/Q11399
http://www.wikidata.org/entity/Q429264,http://www.wikidata.org/entity/Q3135787
http://www.wikidata.org/entity/Q430075,http://www.wikidata.org/entity/Q899215
http://www.wikidata.org/entity/Q430075,http://www.wikidata.org/entity/Q10264148
http://www.wikidata.org/entity/Q431415,http://www.wikidata.org/entity/Q6942291
http://www.wikidata.org/entity/Q431415,http://www.wikidata.org/entity/Q7309098
http://www.wikidata.org/entity/Q436016,http://www.wikidata.org/entity/Q9730
http://www.wikidata.org/entity/Q438476,http://www.wikidata.org/entity/Q83440
http://www.wikidata.org/entity/Q438476,http://www.wikidata.org/entity/Q1695023
http://www.wikidata.org/entity/Q438503,http://www.wikidata.org/entity/Q6010
http://www.wikidata.org/entity/Q438503,http://www.wikidata.org/entity/Q11401
http://www.wikidata.org/entity/Q438503,http://www.wikidata.org/entity/Q1695023
http://www.wikidata.org/entity/Q442133,http://www.wikidata.org/entity/Q179465
http://www.wikidata.org/entity/Q446241,http://www.wikidata.org/entity/Q43343
http://www.wikidata.org/entity/Q447962,http://www.wikidata.org/entity/Q203775
http://www.wikidata.org/entity/Q448738,http://www.wikidata.org/entity/Q179465
http://www.wikidata.org/entity/Q448738,http://www.wikidata.org/entity/Q1243912
http://www.wikidata.org/entity/Q454071,http://www.wikidata.org/entity/Q2743758
http://www.wikidata.org/entity/Q454071,http://www.wikidata.org/entity/Q5413526
http://www.wikidata.org/entity/Q455686,http://www.wikidata.org/entity/Q1435485
http://www.wikidata.org/entity/Q458480,http://www.wikidata.org/entity/Q65937954
http://www.wikidata.org/entity/Q460674,http://www.wikidata.org/entity/Q3071
http://www.wikidata.org/entity/Q460674,http://www.wikidata.org/entity/Q3990466
http://www.wikidata.org/entity/Q461064,http://www.wikidata.org/entity/Q26897135
http://www.wikidata.org/entity/Q461406,http://www.wikidata.org/entity/Q268673
http://www.wikidata.org/entity/Q464129,http://www.wikidata.org/entity/Q7309098
http://www.wikidata.org/entity/Q465978,http://www.wikidata.org/entity/Q12326776
http://www.wikidata.org/entity/Q466445,http://www.wikidata.org/entity/Q106298881
http://www.wikidata.org/entity/Q466445,http://www.wikidata.org/entity/Q107718737
http://www.wikidata.org/entity/Q469343,http://www.wikidata.org/entity/Q268673
http://www.wikidata.org/entity/Q469343,http://www.wikidata.org/entity/Q5413526
http://www.wikidata.org/entity/Q469630,http://www.wikidata.org/entity/Q11401
http://www.wikidata.org/entity/Q469630,http://www.wikidata.org/entity/Q6942037
http://www.wikidata.org/entity/Q470611,http://www.wikidata.org/entity/Q3679098
http://www.wikidata.org/entity/Q470611,http://www.wikidata.org/entity/Q5413526
http://www.wikidata.org/entity/Q471194,http://www.wikidata.org/entity/Q141187502
http://www.wikidata.org/entity/Q473602,http://www.wikidata.org/entity/Q16861439
http://www.wikidata.org/entity/Q473602,http://www.wikidata.org/entity/Q106507381
http://www.wikidata.org/entity/Q474027,http://www.wikidata.org/entity/Q9794
http://www.wikidata.org/entity/Q474027,http://www.wikidata.org/entity/Q572717
http://www.wikidata.org/entity/Q475221,http://www.wikidata.org/entity/Q183862
http://www.wikidata.org/entity/Q475221,http://www.wikidata.org/entity/Q483251
http://www.wikidata.org/entity/Q476091,http://www.wikidata.org/entity/Q850412
http://www.wikidata.org/entity/Q476983,http://www.wikidata.org/entity/Q325504
http://www.wikidata.org/entity/Q476983,http://www.wikidata.org/entity/Q25554481
http://www.wikidata.org/entity/Q478176,http://www.wikidata.org/entity/Q11072804
http://www.wikidata.org/entity/Q478176,http://www.wikidata.org/entity/Q13025600
http://www.wikidata.org/entity/Q481900,http://www.wikidata.org/entity/Q170435
http://www.wikidata.org/entity/Q481900,http://www.wikidata.org/entity/Q106528337
http://www.wikidata.org/entity/Q482981,http://www.wikidata.org/entity/Q12976278
http://www.wikidata.org/entity/Q482981,http://www.wikidata.org/entity/Q107000797
http://www.wikidata.org/entity/Q483251,http://www.wikidata.org/entity/Q465978
http://www.wikidata.org/entity/Q483352,http://www.wikidata.org/entity/Q465978
http://www.wikidata.org/entity/Q483740,http://www.wikidata.org/entity/Q98091634
http://www.wikidata.org/entity/Q484179,http://www.wikidata.org/entity/Q12326776
http://www.wikidata.org/entity/Q484344,http://www.wikidata.org/entity/Q7248857
http://www.wikidata.org/entity/Q484344,http://www.wikidata.org/entity/Q12326776
http://www.wikidata.org/entity/Q484641,http://www.wikidata.org/entity/Q11399
http://www.wikidata.org/entity/Q484641,http://www.wikidata.org/entity/Q37073
http://www.wikidata.org/entity/Q484692,http://www.wikidata.org/entity/Q7366
http://www.wikidata.org/entity/Q484692,http://www.wikidata.org/entity/Q1118771
http://www.wikidata.org/entity/Q484692,http://www.wikidata.org/entity/Q5185279
http://www.wikidata.org/entity/Q485395,http://www.wikidata.org/entity/Q11366
http://www.wikidata.org/entity/Q485395,http://www.wikidata.org/entity/Q598929
http://www.wikidata.org/entity/Q485915,http://www.wikidata.org/entity/Q716060
http://www.wikidata.org/entity/Q486263,http://www.wikidata.org/entity/Q373342
http://www.wikidata.org/entity/Q486263,http://www.wikidata.org/entity/Q899215
http://www.wikidata.org/entity/Q486365,http://www.wikidata.org/entity/Q3071
http://www.wikidata.org/entity/Q486365,http://www.wikidata.org/entity/Q132531661
http://www.wikidata.org/entity/Q486415,http://www.wikidata.org/entity/Q12326776
http://www.wikidata.org/entity/Q487914,http://www.wikidata.org/entity/Q3071
http://www.wikidata.org/entity/Q487914,http://www.wikidata.org/entity/Q37073
http://www.wikidata.org/entity/Q487965,http://www.wikidata.org/entity/Q1640319
http://www.wikidata.org/entity/Q489913,http://www.wikidata.org/entity/Q964987
http://www.wikidata.org/entity/Q489913,http://www.wikidata.org/entity/Q8353847
http://www.wikidata.org/entity/Q491621,http://www.wikidata.org/entity/Q207628
http://www.wikidata.org/entity/Q492067,http://www.wikidata.org/entity/Q1065742
http://www.wikidata.org/entity/Q492096,http://www.wikidata.org/entity/Q5645984
http://www.wikidata.org/entity/Q492096,http://www.wikidata.org/entity/Q6024704
http://www.wikidata.org/entity/Q492096,http://www.wikidata.org/entity/Q107718539
http://www.wikidata.org/entity/Q492264,http://www.wikidata.org/entity/Q29652773
http://www.wikidata.org/entity/Q492264,http://www.wikidata.org/entity/Q107021951
http://www.wikidata.org/entity/Q492643,http://www.wikidata.org/entity/Q8341
http://www.wikidata.org/entity/Q496929,http://www.wikidata.org/entity/Q3328757
http://www.wikidata.org/entity/Q496929,http://www.wikidata.org/entity/Q6942267
http://www.wikidata.org/entity/Q497674,http://www.wikidata.org/entity/Q1073255
http://www.wikidata.org/entity/Q497674,http://www.wikidata.org/entity/Q107000797
http://www.wikidata.org/entity/Q497957,http://www.wikidata.org/entity/Q2420447
http://www.wikidata.org/entity/Q497957,http://www.wikidata.org/entity/Q109626458
http://www.wikidata.org/entity/Q500879,http://www.wikidata.org/entity/Q9794
http://www.wikidata.org/entity/Q500879,http://www.wikidata.org/entity/Q107718509
http://www.wikidata.org/entity/Q502448,http://www.wikidata.org/entity/Q899215
http://www.wikidata.org/entity/Q502535,http://www.wikidata.org/entity/Q188237
http://www.wikidata.org/entity/Q502658,http://www.wikidata.org/entity/Q943929
http://www.wikidata.org/entity/Q502658,http://www.wikidata.org/entity/Q115159914
http://www.wikidata.org/entity/Q502808,http://www.wikidata.org/entity/Q899215
http://www.wikidata.org/entity/Q502808,http://www.wikidata.org/entity/Q10264148
http://www.wikidata.org/entity/Q503354,http://www.wikidata.org/entity/Q16684826
http://www.wikidata.org/entity/Q503354,http://www.wikidata.org/entity/Q21653344
http://www.wikidata.org/entity/Q503354,http://www.wikidata.org/entity/Q56572789
http://www.wikidata.org/entity/Q504476,http://www.wikidata.org/entity/Q502448
http://www.wikidata.org/entity/Q504476,http://www.wikidata.org/entity/Q1748869
http://www.wikidata.org/entity/Q504635,http://www.wikidata.org/entity/Q207628
http://www.wikidata.org/entity/Q505343,http://www.wikidata.org/entity/Q11639
http://www.wikidata.org/entity/Q505343,http://www.wikidata.org/entity/Q106926325
http://www.wikidata.org/entity/Q507246,http://www.wikidata.org/entity/Q65937946
http://www.wikidata.org/entity/Q508790,http://www.wikidata.org/entity/Q108821603
http://www.wikidata.org/entity/Q509901,http://www.wikidata.org/entity/Q649823
http://www.wikidata.org/entity/Q512359,http://www.wikidata.org/entity/Q18846
http://www.wikidata.org/entity/Q512410,http://www.wikidata.org/entity/Q531426
http://www.wikidata.org/entity/Q512410,http://www.wikidata.org/entity/Q762917
http://www.wikidata.org/entity/Q512410,http://www.wikidata.org/entity/Q1755959
http://www.wikidata.org/entity/Q512410,http://www.wikidata.org/entity/Q1770695
http://www.wikidata.org/entity/Q513357,http://www.wikidata.org/entity/Q227036
http://www.wikidata.org/entity/Q513357,http://www.wikidata.org/entity/Q851213
http://www.wikidata.org/entity/Q515074,http://www.wikidata.org/entity/Q9759
http://www.wikidata.org/entity/Q515074,http://www.wikidata.org/entity/Q6942158
http://www.wikidata.org/entity/Q516568,http://www.wikidata.org/entity/Q515074
http://www.wikidata.org/entity/Q517415,http://www.wikidata.org/entity/Q37073
http://www.wikidata.org/entity/Q523896,http://www.wikidata.org/entity/Q7148059
http://www.wikidata.org/entity/Q523896,http://www.wikidata.org/entity/Q48727903
http://www.wikidata.org/entity/Q525073,http://www.wikidata.org/entity/Q3328755
http://www.wikidata.org/entity/Q526463,http://www.wikidata.org/entity/Q170611
http://www.wikidata.org/entity/Q527675,http://www.wikidata.org/entity/Q920883
http://www.wikidata.org/entity/Q527675,http://www.wikidata.org/entity/Q2486179
http://www.wikidata.org/entity/Q527675,http://www.wikidata.org/entity/Q17176998
http://www.wikidata.org/entity/Q527675,http://www.wikidata.org/entity/Q98528197
http://www.wikidata.org/entity/Q529742,http://www.wikidata.org/entity/Q11401
http://www.wikidata.org/entity/Q530750,http://www.wikidata.org/entity/Q79784514
http://www.wikidata.org/entity/Q531426,http://www.wikidata.org/entity/Q98528267
http://www.wikidata.org/entity/Q533914,http://www.wikidata.org/entity/Q132438
http://www.wikidata.org/entity/Q533914,http://www.wikidata.org/entity/Q121411631
http://www.wikidata.org/entity/Q533946,http://www.wikidata.org/entity/Q899215
http://www.wikidata.org/entity/Q533946,http://www.wikidata.org/entity/Q10264148
http://www.wikidata.org/entity/Q534606,http://www.wikidata.org/entity/Q515074
http://www.wikidata.org/entity/Q534606,http://www.wikidata.org/entity/Q640097
http://www.wikidata.org/entity/Q535328,http://www.wikidata.org/entity/Q2486179
http://www.wikidata.org/entity/Q535328,http://www.wikidata.org/entity/Q98528197
http://www.wikidata.org/entity/Q535402,http://www.wikidata.org/entity/Q547137
http://www.wikidata.org/entity/Q539089,http://www.wikidata.org/entity/Q8341
http://www.wikidata.org/entity/Q541947,http://www.wikidata.org/entity/Q484692
http://www.wikidata.org/entity/Q542703,http://www.wikidata.org/entity/Q10922
http://www.wikidata.org/entity/Q665286,http://www.wikidata.org/entity/Q6665245
http://www.wikidata.org/entity/Q667659,http://www.wikidata.org/entity/Q20378
http://www.wikidata.org/entity/Q667659,http://www.wikidata.org/entity/Q835891
http://www.wikidata.org/entity/Q668657,http://www.wikidata.org/entity/Q7749
http://www.wikidata.org/entity/Q669738,http://www.wikidata.org/entity/Q8341
http://www.wikidata.org/entity/Q672134,http://www.wikidata.org/entity/Q106507873
http://www.wikidata.org/entity/Q674684,http://www.wikidata.org/entity/Q109560218
http://www.wikidata.org/entity/Q675553,http://www.wikidata.org/entity/Q1929352
http://www.wikidata.org/entity/Q677542,http://www.wikidata.org/entity/Q3071
http://www.wikidata.org/entity/Q681379,http://www.wikidata.org/entity/Q207591
http://www.wikidata.org/entity/Q682417,http://www.wikidata.org/entity/Q116256909
http://www.wikidata.org/entity/Q685884,http://www.wikidata.org/entity/Q3689704
http://www.wikidata.org/entity/Q685884,http://www.wikidata.org/entity/Q115484611
http://www.wikidata.org/entity/Q691771,http://www.wikidata.org/entity/Q27939
http://www.wikidata.org/entity/Q691771,http://www.wikidata.org/entity/Q685884
http://www.wikidata.org/entity/Q691771,http://www.wikidata.org/entity/Q4393922
http://www.wikidata.org/entity/Q693322,http://www.wikidata.org/entity/Q718540
http://www.wikidata.org/entity/Q700423,http://www.wikidata.org/entity/Q37073
http://www.wikidata.org/entity/Q700423,http://www.wikidata.org/entity/Q2090712
http://www.wikidata.org/entity/Q700440,http://www.wikidata.org/entity/Q361164
http://www.wikidata.org/entity/Q700440,http://www.wikidata.org/entity/Q6942322
http://www.wikidata.org/entity/Q700440,http://www.wikidata.org/entity/Q107819512
http://www.wikidata.org/entity/Q700805,http://www.wikidata.org/entity/Q106634987
http://www.wikidata.org/entity/Q703778,http://www.wikidata.org/entity/Q206159
http://www.wikidata.org/entity/Q704073,http://www.wikidata.org/entity/Q163775
http://www.wikidata.org/entity/Q704073,http://www.wikidata.org/entity/Q179465
http://www.wikidata.org/entity/Q706468,http://www.wikidata.org/entity/Q116256909
http://www.wikidata.org/entity/Q708228,http://www.wikidata.org/entity/Q106586249
http://www.wikidata.org/entity/Q708228,http://www.wikidata.org/entity/Q116256909
http://www.wikidata.org/entity/Q710425,http://www.wikidata.org/entity/Q3868595
http://www.wikidata.org/entity/Q710673,http://www.wikidata.org/entity/Q708228
http://www.wikidata.org/entity/Q710917,http://www.wikidata.org/entity/Q107000797
http://www.wikidata.org/entity/Q716060,http://www.wikidata.org/entity/Q3868595
http://www.wikidata.org/entity/Q718540,http://www.wikidata.org/entity/Q7832297
http://www.wikidata.org/entity/Q718540,http://www.wikidata.org/entity/Q15614479
http://www.wikidata.org/entity/Q719927,http://www.wikidata.org/entity/Q11399
http://www.wikidata.org/entity/Q720959,http://www.wikidata.org/entity/Q465978
http://www.wikidata.org/entity/Q721385,http://www.wikidata.org/entity/Q11497242
http://www.wikidata.org/entity/Q721644,http://www.wikidata.org/entity/Q8361
http://www.wikidata.org/entity/Q721644,http://www.wikidata.org/entity/Q178122
http://www.wikidata.org/entity/Q722989,http://www.wikidata.org/entity/Q932477
http://www.wikidata.org/entity/Q722989,http://www.wikidata.org/entity/Q98528192
http://www.wikidata.org/entity/Q723418,http://www.wikidata.org/entity/Q3328778
http://www.wikidata.org/entity/Q723418,http://www.wikidata.org/entity/Q17176998
http://www.wikidata.org/entity/Q724010,http://www.wikidata.org/entity/Q7097633
http://www.wikidata.org/entity/Q724104,http://www.wikidata.org/entity/Q106506985
http://www.wikidata.org/entity/Q724473,http://www.wikidata.org/entity/Q5956785
http://www.wikidata.org/entity/Q724473,http://www.wikidata.org/entity/Q64137792
http://www.wikidata.org/entity/Q724755,http://www.wikidata.org/entity/Q820049
http://www.wikidata.org/entity/Q725011,http://www.wikidata.org/entity/Q12326776
http://www.wikidata.org/entity/Q725888,http://www.wikidata.org/entity/Q49451
http://www.wikidata.org/entity/Q725888,http://www.wikidata.org/entity/Q3437854
http://www.wikidata.org/entity/Q726239,http://www.wikidata.org/entity/Q1640319
http://www.wikidata.org/entity/Q727634,http://www.wikidata.org/entity/Q207628
http://www.wikidata.org/entity/Q727634,http://www.wikidata.org/entity/Q7309098
http://www.wikidata.org/entity/Q727781,http://www.wikidata.org/entity/Q3328669
http://www.wikidata.org/entity/Q727781,http://www.wikidata.org/entity/Q18345375
http://www.wikidata.org/entity/Q727803,http://www.wikidata.org/entity/Q49451
http://www.wikidata.org/entity/Q728579,http://www.wikidata.org/entity/Q6942277
http://www.wikidata.org/entity/Q733804,http://www.wikidata.org/entity/Q890887
http://www.wikidata.org/entity/Q733804,http://www.wikidata.org/entity/Q1033912
http://www.wikidata.org/entity/Q739138,http://www.wikidata.org/entity/Q37073
http://www.wikidata.org/entity/Q740911,http://www.wikidata.org/entity/Q9794
http://www.wikidata.org/entity/Q740911,http://www.wikidata.org/entity/Q474027
http://www.wikidata.org/entity/Q741702,http://www.wikidata.org/entity/Q7777494
http://www.wikidata.org/entity/Q742341,http://www.wikidata.org/entity/Q1640319
http://www.wikidata.org/entity/Q744327,http://www.wikidata.org/entity/Q7366
http://www.wikidata.org/entity/Q744327,http://www.wikidata.org/entity/Q7409412
http://www.wikidata.org/entity/Q744417,http://www.wikidata.org/entity/Q3679098
http://www.wikidata.org/entity/Q744417,http://www.wikidata.org/entity/Q98528149
http://www.wikidata.org/entity/Q746743,http://www.wikidata.org/entity/Q9730
http://www.wikidata.org/entity/Q746743,http://www.wikidata.org/entity/Q207628
http://www.wikidata.org/entity/Q747717,http://www.wikidata.org/entity/Q11399
http://www.wikidata.org/entity/Q749475,http://www.wikidata.org/entity/Q757143
http://www.wikidata.org/entity/Q750811,http://www.wikidata.org/entity/Q20502
http://www.wikidata.org/entity/Q750811,http://www.wikidata.org/entity/Q141085400
http://www.wikidata.org/entity/Q752329,http://www.wikidata.org/entity/Q207628
http://www.wikidata.org/entity/Q752329,http://www.wikidata.org/entity/Q118738876
http://www.wikidata.org/entity/Q752785,http://www.wikidata.org/entity/Q3394906
http://www.wikidata.org/entity/Q753520,http://www.wikidata.org/entity/Q11399
http://www.wikidata.org/entity/Q753520,http://www.wikidata.org/entity/Q6452410
http://www.wikidata.org/entity/Q753679,http://www.wikidata.org/entity/Q966564
http://www.wikidata.org/entity/Q756146,http://www.wikidata.org/entity/Q9759
http://www.wikidata.org/entity/Q756956,http://www.wikidata.org/entity/Q193207
http://www.wikidata.org/entity/Q756956,http://www.wikidata.org/entity/Q936942
http://www.wikidata.org/entity/Q757143,http://www.wikidata.org/entity/Q9778
http://www.wikidata.org/entity/Q758422,http://www.wikidata.org/entity/Q7366
http://www.wikidata.org/entity/Q761163,http://www.wikidata.org/entity/Q10838732
http://www.wikidata.org/entity/Q761684,http://www.wikidata.org/entity/Q115484611
http://www.wikidata.org/entity/Q766240,http://www.wikidata.org/entity/Q17176998
http://www.wikidata.org/entity/Q766240,http://www.wikidata.org/entity/Q98528197
http://www.wikidata.org/entity/Q766240,http://www.wikidata.org/entity/Q116173499
http://www.wikidata.org/entity/Q768134,http://www.wikidata.org/entity/Q18345375
http://www.wikidata.org/entity/Q771291,http://www.wikidata.org/entity/Q185298
http://www.wikidata.org/entity/Q771291,http://www.wikidata.org/entity/Q7482056
http://www.wikidata.org/entity/Q772497,http://www.wikidata.org/entity/Q10978770
http://www.wikidata.org/entity/Q772497,http://www.wikidata.org/entity/Q15990884
http://www.wikidata.org/entity/Q773084,http://www.wikidata.org/entity/Q833189
http://www.wikidata.org/entity/Q773084,http://www.wikidata.org/entity/Q5413526
http://www.wikidata.org/entity/Q773880,http://www.wikidata.org/entity/Q106422444
http://www.wikidata.org/entity/Q2626684,http://www.wikidata.org/entity/Q9778
http://www.wikidata.org/entity/Q2626684,http://www.wikidata.org/entity/Q373342
http://www.wikidata.org/entity/Q2631396,http://www.wikidata.org/entity/Q11399
http://www.wikidata.org/entity/Q2631396,http://www.wikidata.org/entity/Q899215
http://www.wikidata.org/entity/Q2631975,http://www.wikidata.org/entity/Q1076513
http://www.wikidata.org/entity/Q2631975,http://www.wikidata.org/entity/Q5104955
http://www.wikidata.org/entity/Q2631975,http://www.wikidata.org/entity/Q11499279
http://www.wikidata.org/entity/Q2634010,http://www.wikidata.org/entity/Q663519
http://www.wikidata.org/entity/Q2634010,http://www.wikidata.org/entity/Q106528337
http://www.wikidata.org/entity/Q2635155,http://www.wikidata.org/entity/Q201022
http://www.wikidata.org/entity/Q2638634,http://www.wikidata.org/entity/Q372103
http://www.wikidata.org/entity/Q2639210,http://www.wikidata.org/entity/Q546264
http://www.wikidata.org/entity/Q2639210,http://www.wikidata.org/entity/Q1936659
http://www.wikidata.org/entity/Q2640307,http://www.wikidata.org/entity/Q188994
http://www.wikidata.org/entity/Q2641862,http://www.wikidata.org/entity/Q1770695
http://www.wikidata.org/entity/Q2657409,http://www.wikidata.org/entity/Q10922
http://www.wikidata.org/entity/Q2657409,http://www.wikidata.org/entity/Q460674
http://www.wikidata.org/entity/Q2659045,http://www.wikidata.org/entity/Q484179
http://www.wikidata.org/entity/Q2662072,http://www.wikidata.org/entity/Q107407692
http://www.wikidata.org/entity/Q2662072,http://www.wikidata.org/entity/Q107718737
http://www.wikidata.org/entity/Q2662148,http://www.wikidata.org/entity/Q186472
http://www.wikidata.org/entity/Q2665906,http://www.wikidata.org/entity/Q106506985
http://www.wikidata.org/entity/Q2668052,http://www.wikidata.org/entity/Q115484611
http://www.wikidata.org/entity/Q2682013,http://www.wikidata.org/entity/Q483251
http://www.wikidata.org/entity/Q2682013,http://www.wikidata.org/entity/Q846784
http://www.wikidata.org/entity/Q2687544,http://www.wikidata.org/entity/Q487965
http://www.wikidata.org/entity/Q2687544,http://www.wikidata.org/entity/Q726239
http://www.wikidata.org/entity/Q2693142,http://www.wikidata.org/entity/Q170611
http://www.wikidata.org/entity/Q2693142,http://www.wikidata.org/entity/Q372103
http://www.wikidata.org/entity/Q2697917,http://www.wikidata.org/entity/Q164444
http://www.wikidata.org/entity/Q2702280,http://www.wikidata.org/entity/Q20502
http://www.wikidata.org/entity/Q2706919,http://www.wikidata.org/entity/Q11401
http://www.wikidata.org/entity/Q2707298,http://www.wikidata.org/entity/Q115484611
http://www.wikidata.org/entity/Q2707688,http://www.wikidata.org/entity/Q8812109
http://www.wikidata.org/entity/Q2707688,http://www.wikidata.org/entity/Q23072435
http://www.wikidata.org/entity/Q2707688,http://www.wikidata.org/entity/Q101515433
http://www.wikidata.org/entity/Q2707994,http://www.wikidata.org/entity/Q3321920
http://www.wikidata.org/entity/Q2707994,http://www.wikidata.org/entity/Q3808055
http://www.wikidata.org/entity/Q2710523,http://www.wikidata.org/entity/Q740911
http://www.wikidata.org/entity/Q2710523,http://www.wikidata.org/entity/Q1102161
http://www.wikidata.org/entity/Q2713930,http://www.wikidata.org/entity/Q202287
http://www.wikidata.org/entity/Q2715283,http://www.wikidata.org/entity/Q3071
http://www.wikidata.org/entity/Q2715283,http://www.wikidata.org/entity/Q1268283
http://www.wikidata.org/entity/Q2715398,http://www.wikidata.org/entity/Q11639
http://www.wikidata.org/entity/Q2715398,http://www.wikidata.org/entity/Q427183
http://www.wikidata.org/entity/Q2715398,http://www.wikidata.org/entity/Q3328778
http://www.wikidata.org/entity/Q2719078,http://www.wikidata.org/entity/Q115484611
http://www.wikidata.org/entity/Q2720293,http://www.wikidata.org/entity/Q1544863
http://www.wikidata.org/entity/Q2726026,http://www.wikidata.org/entity/Q3710513
http://www.wikidata.org/entity/Q2731147,http://www.wikidata.org/entity/Q201022
http://www.wikidata.org/entity/Q2736181,http://www.wikidata.org/entity/Q3071
http://www.wikidata.org/entity/Q2737175,http://www.wikidata.org/entity/Q4797274
http://www.wikidata.org/entity/Q2738113,http://www.wikidata.org/entity/Q186170
http://www.wikidata.org/entity/Q2738178,http://www.wikidata.org/entity/Q98528197
http://www.wikidata.org/entity/Q2738469,http://www.wikidata.org/entity/Q98528191
http://www.wikidata.org/entity/Q2738544,http://www.wikidata.org/entity/Q1503406
http://www.wikidata.org/entity/Q2738544,http://www.wikidata.org/entity/Q7444764
http://www.wikidata.org/entity/Q2738544,http://www.wikidata.org/entity/Q110249967
http://www.wikidata.org/entity/Q2738838,http://www.wikidata.org/entity/Q6942329
http://www.wikidata.org/entity/Q2741465,http://www.wikidata.org/entity/Q11417
http://www.wikidata.org/entity/Q2741465,http://www.wikidata.org/entity/Q130403
http://www.wikidata.org/entity/Q2742436,http://www.wikidata.org/entity/Q164444
http://www.wikidata.org/entity/Q2742742,http://www.wikidata.org/entity/Q964987
http://www.wikidata.org/entity/Q2743435,http://www.wikidata.org/entity/Q131272
http://www.wikidata.org/entity/Q2743435,http://www.wikidata.org/entity/Q846119
http://www.wikidata.org/entity/Q2743758,http://www.wikidata.org/entity/Q106507873
http://www.wikidata.org/entity/Q2746494,http://www.wikidata.org/entity/Q9759
http://www.wikidata.org/entity/Q2746731,http://www.wikidata.org/entity/Q170539
http://www.wikidata.org/entity/Q2746731,http://www.wikidata.org/entity/Q5151495
http://www.wikidata.org/entity/Q2746831,http://www.wikidata.org/entity/Q37073
http://www.wikidata.org/entity/Q2746831,http://www.wikidata.org/entity/Q105527
http://www.wikidata.org/entity/Q2746831,http://www.wikidata.org/entity/Q217191
http://www.wikidata.org/entity/Q2746831,http://www.wikidata.org/entity/Q831354
http://www.wikidata.org/entity/Q2746831,http://www.wikidata.org/entity/Q850412
http://www.wikidata.org/entity/Q2746831,http://www.wikidata.org/entity/Q3963051
http://www.wikidata.org/entity/Q2747852,http://www.wikidata.org/entity/Q772497
http://www.wikidata.org/entity/Q2747852,http://www.wikidata.org/entity/Q1628649
http://www.wikidata.org/entity/Q2747852,http://www.wikidata.org/entity/Q23072435
http://www.wikidata.org/entity/Q2747852,http://www.wikidata.org/entity/Q117187744
http://www.wikidata.org/entity/Q2748579,http://www.wikidata.org/entity/Q201022
http://www.wikidata.org/entity/Q2748817,http://www.wikidata.org/entity/Q20502
http://www.wikidata.org/entity/Q2774511,http://www.wikidata.org/entity/Q108297251
http://www.wikidata.org/entity/Q2781896,http://www.wikidata.org/entity/Q935586
http://www.wikidata.org/entity/Q2781896,http://www.wikidata.org/entity/Q3328590
http://www.wikidata.org/entity/Q2782580,http://www.wikidata.org/entity/Q2267955
http://www.wikidata.org/entity/Q2782580,http://www.wikidata.org/entity/Q12326776
http://www.wikidata.org/entity/Q2784269,http://www.wikidata.org/entity/Q115484611
http://www.wikidata.org/entity/Q2785096,http://www.wikidata.org/entity/Q18846
http://www.wikidata.org/entity/Q2785096,http://www.wikidata.org/entity/Q3328676
http://www.wikidata.org/entity/Q2797513,http://www.wikidata.org/entity/Q201022
http://www.wikidata.org/entity/Q2798694,http://www.wikidata.org/entity/Q7565881
http://www.wikidata.org/entity/Q2812726,http://www.wikidata.org/entity/Q7309098
http://www.wikidata.org/entity/Q2812726,http://www.wikidata.org/entity/Q64140592
http://www.wikidata.org/entity/Q2823181,http://www.wikidata.org/entity/Q9759
http://www.wikidata.org/entity/Q2832970,http://www.wikidata.org/entity/Q377185
http://www.wikidata.org/entity/Q2835411,http://www.wikidata.org/entity/Q117001315
http://www.wikidata.org/entity/Q2835456,http://www.wikidata.org/entity/Q387236
http://www.wikidata.org/entity/Q2835456,http://www.wikidata.org/entity/Q2738838
http://www.wikidata.org/entity/Q2842043,http://www.wikidata.org/entity/Q2615500
http://www.wikidata.org/entity/Q2843815,http://www.wikidata.org/entity/Q5464451
http://www.wikidata.org/entity/Q341396,http://www.wikidata.org/entity/Q388906
http://www.wikidata.org/entity/Q341396,http://www.wikidata.org/entity/Q106528337
http://www.wikidata.org/entity/Q352235,http://www.wikidata.org/entity/Q1982426
http://www.wikidata.org/entity/Q354204,http://www.wikidata.org/entity/Q645992
http://www.wikidata.org/entity/Q354204,http://www.wikidata.org/entity/Q98528197
http://www.wikidata.org/entity/Q355247,http://www.wikidata.org/entity/Q201022
http://www.wikidata.org/entity/Q359607,http://www.wikidata.org/entity/Q179465
http://www.wikidata.org/entity/Q359607,http://www.wikidata.org/entity/Q116414169
http://www.wikidata.org/entity/Q360596,http://www.wikidata.org/entity/Q20502
http://www.wikidata.org/entity/Q361164,http://www.wikidata.org/entity/Q131205623
http://www.wikidata.org/entity/Q362515,http://www.wikidata.org/entity/Q851213
http://www.wikidata.org/entity/Q367751,http://www.wikidata.org/entity/Q1544863
http://www.wikidata.org/entity/Q369820,http://www.wikidata.org/entity/Q3328755
http://www.wikidata.org/entity/Q370515,http://www.wikidata.org/entity/Q38848
http://www.wikidata.org/entity/Q370515,http://www.wikidata.org/entity/Q116764487
http://www.wikidata.org/entity/Q370778,http://www.wikidata.org/entity/Q183504
http://www.wikidata.org/entity/Q370778,http://www.wikidata.org/entity/Q484641
http://www.wikidata.org/entity/Q370778,http://www.wikidata.org/entity/Q842324
http://www.wikidata.org/entity/Q371745,http://www.wikidata.org/entity/Q208239
http://www.wikidata.org/entity/Q371745,http://www.wikidata.org/entity/Q1544863
http://www.wikidata.org/entity/Q372103,http://www.wikidata.org/entity/Q851213
http://www.wikidata.org/entity/Q372103,http://www.wikidata.org/entity/Q936942
http://www.wikidata.org/entity/Q373342,http://www.wikidata.org/entity/Q115484611
http://www.wikidata.org/entity/Q373982,http://www.wikidata.org/entity/Q11639
http://www.wikidata.org/entity/Q377185,http://www.wikidata.org/entity/Q106507873
http://www.wikidata.org/entity/Q377910,http://www.wikidata.org/entity/Q25554481
http://www.wikidata.org/entity/Q378495,http://www.wikidata.org/entity/Q2498201
http://www.wikidata.org/entity/Q378495,http://www.wikidata.org/entity/Q117000933
http://www.wikidata.org/entity/Q378988,http://www.wikidata.org/entity/Q37073
http://www.wikidata.org/entity/Q379033,http://www.wikidata.org/entity/Q11399
http://www.wikidata.org/entity/Q379288,http://www.wikidata.org/entity/Q685884
http://www.wikidata.org/entity/Q379288,http://www.wikidata.org/entity/Q7050752
http://www.wikidata.org/entity/Q379671,http://www.wikidata.org/entity/Q11366
http://www.wikidata.org/entity/Q382343,http://www.wikidata.org/entity/Q851213
http://www.wikidata.org/entity/Q383103,http://www.wikidata.org/entity/Q6942044
http://www.wikidata.org/entity/Q383103,http://www.wikidata.org/entity/Q98528267
http://www.wikidata.org/entity/Q383530,http://www.wikidata.org/entity/Q899215
http://www.wikidata.org/entity/Q383615,http://www.wikidata.org/entity/Q10922
http://www.wikidata.org/entity/Q383904,http://www.wikidata.org/entity/Q178122
http://www.wikidata.org/entity/Q383982,http://www.wikidata.org/entity/Q37073
http://www.wikidata.org/entity/Q383982,http://www.wikidata.org/entity/Q846119
http://www.wikidata.org/entity/Q384064,http://www.wikidata.org/entity/Q180268
http://www.wikidata.org/entity/Q384181,http://www.wikidata.org/entity/Q6010
http://www.wikidata.org/entity/Q384181,http://www.wikidata.org/entity/Q11401
http://www.wikidata.org/entity/Q387236,http://www.wikidata.org/entity/Q11401
http://www.wikidata.org/entity/Q387236,http://www.wikidata.org/entity/Q369820
http://www.wikidata.org/entity/Q387916,http://www.wikidata.org/entity/Q7749
http://www.wikidata.org/entity/Q387916,http://www.wikidata.org/entity/Q11639
http://www.wikidata.org/entity/Q388100,http://www.wikidata.org/entity/Q20502
http://www.wikidata.org/entity/Q388207,http://www.wikidata.org/entity/Q2267955
http://www.wikidata.org/entity/Q388207,http://www.wikidata.org/entity/Q6942343
http://www.wikidata.org/entity/Q388296,http://www.wikidata.org/entity/Q6942329
http://www.wikidata.org/entity/Q227045,http://www.wikidata.org/entity/Q107025062
http://www.wikidata.org/entity/Q235858,http://www.wikidata.org/entity/Q43343
http://www.wikidata.org/entity/Q236913,http://www.wikidata.org/entity/Q206159
http://www.wikidata.org/entity/Q236932,http://www.wikidata.org/entity/Q206159
http://www.wikidata.org/entity/Q239459,http://www.wikidata.org/entity/Q11399
http://www.wikidata.org/entity/Q241662,http://www.wikidata.org/entity/Q465978
http://www.wikidata.org/entity/Q245296,http://www.wikidata.org/entity/Q6942158
http://www.wikidata.org/entity/Q245931,http://www.wikidata.org/entity/Q1503406
http://www.wikidata.org/entity/Q245931,http://www.wikidata.org/entity/Q106508039
http://www.wikidata.org/entity/Q250090,http://www.wikidata.org/entity/Q482
http://www.wikidata.org/entity/Q250090,http://www.wikidata.org/entity/Q570948
http://www.wikidata.org/entity/Q251192,http://www.wikidata.org/entity/Q757143
http://www.wikidata.org/entity/Q252626,http://www.wikidata.org/entity/Q316930
http://www.wikidata.org/entity/Q252626,http://www.wikidata.org/entity/Q9048257
http://www.wikidata.org/entity/Q252821,http://www.wikidata.org/entity/Q1413319
http://www.wikidata.org/entity/Q252821,http://www.wikidata.org/entity/Q3843655
http://www.wikidata.org/entity/Q252833,http://www.wikidata.org/entity/Q98528192
http://www.wikidata.org/entity/Q252833,http://www.wikidata.org/entity/Q118210225
http://www.wikidata.org/entity/Q253137,http://www.wikidata.org/entity/Q2743
http://www.wikidata.org/entity/Q253137,http://www.wikidata.org/entity/Q11399
http://www.wikidata.org/entity/Q253918,http://www.wikidata.org/entity/Q483251
http://www.wikidata.org/entity/Q253918,http://www.wikidata.org/entity/Q140561383
http://www.wikidata.org/entity/Q254866,http://www.wikidata.org/entity/Q201022
http://www.wikidata.org/entity/Q254866,http://www.wikidata.org/entity/Q118210225
http://www.wikidata.org/entity/Q254890,http://www.wikidata.org/entity/Q89363113
http://www.wikidata.org/entity/Q255406,http://www.wikidata.org/entity/Q11401
http://www.wikidata.org/entity/Q257533,http://www.wikidata.org/entity/Q3868595
http://www.wikidata.org/entity/Q260095,http://www.wikidata.org/entity/Q377185
http://www.wikidata.org/entity/Q260095,http://www.wikidata.org/entity/Q25554481
http://www.wikidata.org/entity/Q262533,http://www.wikidata.org/entity/Q249697
http://www.wikidata.org/entity/Q262533,http://www.wikidata.org/entity/Q64137792
http://www.wikidata.org/entity/Q263524,http://www.wikidata.org/entity/Q98528232
http://www.wikidata.org/entity/Q263734,http://www.wikidata.org/entity/Q20378
http://www.wikidata.org/entity/Q264289,http://www.wikidata.org/entity/Q37073
http://www.wikidata.org/entity/Q264922,http://www.wikidata.org/entity/Q207628
http://www.wikidata.org/entity/Q264922,http://www.wikidata.org/entity/Q1193470
http://www.wikidata.org/entity/Q267287,http://www.wikidata.org/entity/Q183504
http://www.wikidata.org/entity/Q268253,http://www.wikidata.org/entity/Q131272
http://www.wikidata.org/entity/Q268673,http://www.wikidata.org/entity/Q21971297
http://www.wikidata.org/entity/Q271802,http://www.wikidata.org/entity/Q209741
http://www.wikidata.org/entity/Q271802,http://www.wikidata.org/entity/Q3328774
http://www.wikidata.org/entity/Q272167,http://www.wikidata.org/entity/Q11366
http://www.wikidata.org/entity/Q274401,http://www.wikidata.org/entity/Q3071
http://www.wikidata.org/entity/Q277393,http://www.wikidata.org/entity/Q756615
http://www.wikidata.org/entity/Q277393,http://www.wikidata.org/entity/Q3868595
http://www.wikidata.org/entity/Q278357,http://www.wikidata.org/entity/Q131425
http://www.wikidata.org/entity/Q278409,http://www.wikidata.org/entity/Q956925
http://www.wikidata.org/entity/Q278409,http://www.wikidata.org/entity/Q1192110
http://www.wikidata.org/entity/Q280955,http://www.wikidata.org/entity/Q8341
http://www.wikidata.org/entity/Q280955,http://www.wikidata.org/entity/Q2743758
http://www.wikidata.org/entity/Q281111,http://www.wikidata.org/entity/Q207804
http://www.wikidata.org/entity/Q281111,http://www.wikidata.org/entity/Q5185279
http://www.wikidata.org/entity/Q282131,http://www.wikidata.org/entity/Q11639
http://www.wikidata.org/entity/Q282131,http://www.wikidata.org/entity/Q373342
http://www.wikidata.org/entity/Q282131,http://www.wikidata.org/entity/Q3328778
http://www.wikidata.org/entity/Q282131,http://www.wikidata.org/entity/Q6942370
http://www.wikidata.org/entity/Q283405,http://www.wikidata.org/entity/Q3394906
http://www.wikidata.org/entity/Q284543,http://www.wikidata.org/entity/Q598929
http://www.wikidata.org/entity/Q284543,http://www.wikidata.org/entity/Q3840596
http://www.wikidata.org/entity/Q286080,http://www.wikidata.org/entity/Q115484611
http://www.wikidata.org/entity/Q288824,http://www.wikidata.org/entity/Q201405
http://www.wikidata.org/entity/Q288824,http://www.wikidata.org/entity/Q978825
http://www.wikidata.org/entity/Q288824,http://www.wikidata.org/entity/Q1085001
http://www.wikidata.org/entity/Q288824,http://www.wikidata.org/entity/Q118738876
http://www.wikidata.org/entity/Q288901,http://www.wikidata.org/entity/Q5464451
http://www.wikidata.org/entity/Q288901,http://www.wikidata.org/entity/Q108950417
http://www.wikidata.org/entity/Q289505,http://www.wikidata.org/entity/Q531426
http://www.wikidata.org/entity/Q290869,http://www.wikidata.org/entity/Q4428744
http://www.wikidata.org/entity/Q302401,http://www.wikidata.org/entity/Q3071
http://www.wikidata.org/entity/Q302401,http://www.wikidata.org/entity/Q203720
http://www.wikidata.org/entity/Q307054,http://www.wikidata.org/entity/Q3084222
http://www.wikidata.org/entity/Q310871,http://www.wikidata.org/entity/Q7306376
http://www.wikidata.org/entity/Q310871,http://www.wikidata.org/entity/Q12183214
http://www.wikidata.org/entity/Q316930,http://www.wikidata.org/entity/Q62906332
http://www.wikidata.org/entity/Q318973,http://www.wikidata.org/entity/Q6942562
http://www.wikidata.org/entity/Q318973,http://www.wikidata.org/entity/Q8812109
http://www.wikidata.org/entity/Q320592,http://www.wikidata.org/entity/Q1641839
http://www.wikidata.org/entity/Q324617,http://www.wikidata.org/entity/Q6093177
http://www.wikidata.org/entity/Q325397,http://www.wikidata.org/entity/Q42201
http://www.wikidata.org/entity/Q325397,http://www.wikidata.org/entity/Q817138
http://www.wikidata.org/entity/Q325397,http://www.wikidata.org/entity/Q1695023
http://www.wikidata.org/entity/Q325504,http://www.wikidata.org/entity/Q9778
http://www.wikidata.org/entity/Q325504,http://www.wikidata.org/entity/Q11399
http://www.wikidata.org/entity/Q327547,http://www.wikidata.org/entity/Q8341
http://www.wikidata.org/entity/Q328296,http://www.wikidata.org/entity/Q11399
http://www.wikidata.org/entity/Q328296,http://www.wikidata.org/entity/Q108161008
http://www.wikidata.org/entity/Q329385,http://www.wikidata.org/entity/Q201022
http://www.wikidata.org/entity/Q329385,http://www.wikidata.org/entity/Q3328676
http://www.wikidata.org/entity/Q329385,http://www.wikidata.org/entity/Q4763331
http://www.wikidata.org/entity/Q331810,http://www.wikidata.org/entity/Q503354
http://www.wikidata.org/entity/Q331810,http://www.wikidata.org/entity/Q12736123
http://www.wikidata.org/entity/Q332478,http://www.wikidata.org/entity/Q115484611
http://www.wikidata.org/entity/Q336567,http://www.wikidata.org/entity/Q58339
http://www.wikidata.org/entity/Q338779,http://www.wikidata.org/entity/Q26473
http://www.wikidata.org/entity/Q339906,http://www.wikidata.org/entity/Q388906
http://www.wikidata.org/entity/Q341364,http://www.wikidata.org/entity/Q20502
http://www.wikidata.org/entity/Q341364,http://www.wikidata.org/entity/Q898709
http://www.wikidata.org/entity/Q341364,http://www.wikidata.org/entity/Q106528337
http://www.wikidata.org/entity/Q341395,http://www.wikidata.org/entity/Q170611
http://www.wikidata.org/entity/Q341395,http://www.wikidata.org/entity/Q106528337
http://www.wikidata.org/entity/Q2843815,http://www.wikidata.org/entity/Q16942070
http://www.wikidata.org/entity/Q2853325,http://www.wikidata.org/entity/Q1076513
http://www.wikidata.org/entity/Q2854974,http://www.wikidata.org/entity/Q6452410
http://www.wikidata.org/entity/Q2854974,http://www.wikidata.org/entity/Q11400811
http://www.wikidata.org/entity/Q2854974,http://www.wikidata.org/entity/Q64137792
http://www.wikidata.org/entity/Q2859120,http://www.wikidata.org/entity/Q58339
http://www.wikidata.org/entity/Q2863648,http://www.wikidata.org/entity/Q2464314
http://www.wikidata.org/entity/Q2864671,http://www.wikidata.org/entity/Q9730
http://www.wikidata.org/entity/Q2864671,http://www.wikidata.org/entity/Q685884
http://www.wikidata.org/entity/Q2866725,http://www.wikidata.org/entity/Q757143
http://www.wikidata.org/entity/Q2866725,http://www.wikidata.org/entity/Q851213
http://www.wikidata.org/entity/Q2867170,http://www.wikidata.org/entity/Q201022
http://www.wikidata.org/entity/Q2867170,http://www.wikidata.org/entity/Q106588687
http://www.wikidata.org/entity/Q2875011,http://www.wikidata.org/entity/Q6705418
http://www.wikidata.org/entity/Q2879826,http://www.wikidata.org/entity/Q3328768
http://www.wikidata.org/entity/Q2879857,http://www.wikidata.org/entity/Q645992
http://www.wikidata.org/entity/Q2879857,http://www.wikidata.org/entity/Q3328603
http://www.wikidata.org/entity/Q2879857,http://www.wikidata.org/entity/Q110218562
http://www.wikidata.org/entity/Q2879962,http://www.wikidata.org/entity/Q11639
http://www.wikidata.org/entity/Q2879962,http://www.wikidata.org/entity/Q899215
http://www.wikidata.org/entity/Q2880274,http://www.wikidata.org/entity/Q781402
http://www.wikidata.org/entity/Q2880274,http://www.wikidata.org/entity/Q2271589
http://www.wikidata.org/entity/Q2880274,http://www.wikidata.org/entity/Q110249967
http://www.wikidata.org/entity/Q2881236,http://www.wikidata.org/entity/Q41425
http://www.wikidata.org/entity/Q2881396,http://www.wikidata.org/entity/Q201022
http://www.wikidata.org/entity/Q2884829,http://www.wikidata.org/entity/Q8361
http://www.wikidata.org/entity/Q2886774,http://www.wikidata.org/entity/Q1518063
http://www.wikidata.org/entity/Q2891357,http://www.wikidata.org/entity/Q781402
http://www.wikidata.org/entity/Q2891357,http://www.wikidata.org/entity/Q64138195
http://www.wikidata.org/entity/Q2891921,http://www.wikidata.org/entity/Q188237
http://www.wikidata.org/entity/Q2891921,http://www.wikidata.org/entity/Q98528185
http://www.wikidata.org/entity/Q2893435,http://www.wikidata.org/entity/Q624044
http://www.wikidata.org/entity/Q2894547,http://www.wikidata.org/entity/Q943929
http://www.wikidata.org/entity/Q2894547,http://www.wikidata.org/entity/Q1229479
http://www.wikidata.org/entity/Q2897103,http://www.wikidata.org/entity/Q107189715
http://www.wikidata.org/entity/Q2902385,http://www.wikidata.org/entity/Q483352
http://www.wikidata.org/entity/Q2902385,http://www.wikidata.org/entity/Q11310298
http://www.wikidata.org/entity/Q2907328,http://www.wikidata.org/entity/Q9759
http://www.wikidata.org/entity/Q2907328,http://www.wikidata.org/entity/Q369820
http://www.wikidata.org/entity/Q2907334,http://www.wikidata.org/entity/Q9759
http://www.wikidata.org/entity/Q2909943,http://www.wikidata.org/entity/Q185652
http://www.wikidata.org/entity/Q2910735,http://www.wikidata.org/entity/Q1771297
http://www.wikidata.org/entity/Q2910735,http://www.wikidata.org/entity/Q116690343
http://www.wikidata.org/entity/Q2913982,http://www.wikidata.org/entity/Q11401
http://www.wikidata.org/entity/Q2913982,http://www.wikidata.org/entity/Q114880124
http://www.wikidata.org/entity/Q2915789,http://www.wikidata.org/entity/Q15221176
http://www.wikidata.org/entity/Q2915789,http://www.wikidata.org/entity/Q107025062
http://www.wikidata.org/entity/Q2916253,http://www.wikidata.org/entity/Q163775
http://www.wikidata.org/entity/Q2916253,http://www.wikidata.org/entity/Q3679098
http://www.wikidata.org/entity/Q2917227,http://www.wikidata.org/entity/Q3858
http://www.wikidata.org/entity/Q2917227,http://www.wikidata.org/entity/Q11399
http://www.wikidata.org/entity/Q2917508,http://www.wikidata.org/entity/Q106586248
http://www.wikidata.org/entity/Q2924151,http://www.wikidata.org/entity/Q11399
http://www.wikidata.org/entity/Q2924151,http://www.wikidata.org/entity/Q10334896
http://www.wikidata.org/entity/Q2928716,http://www.wikidata.org/entity/Q106586219
http://www.wikidata.org/entity/Q2929369,http://www.wikidata.org/entity/Q201022
http://www.wikidata.org/entity/Q2929369,http://www.wikidata.org/entity/Q98528191
http://www.wikidata.org/entity/Q2932658,http://www.wikidata.org/entity/Q107025062
http://www.wikidata.org/entity/Q2936610,http://www.wikidata.org/entity/Q15990884
http://www.wikidata.org/entity/Q2936879,http://www.wikidata.org/entity/Q899215
http://www.wikidata.org/entity/Q2941721,http://www.wikidata.org/entity/Q1145381
http://www.wikidata.org/entity/Q2956164,http://www.wikidata.org/entity/Q1062400
http://www.wikidata.org/entity/Q2956164,http://www.wikidata.org/entity/Q3328756
http://www.wikidata.org/entity/Q2956171,http://www.wikidata.org/entity/Q1062400
http://www.wikidata.org/entity/Q2956172,http://www.wikidata.org/entity/Q943929
http://www.wikidata.org/entity/Q2956172,http://www.wikidata.org/entity/Q3328732
http://www.wikidata.org/entity/Q2956176,http://www.wikidata.org/entity/Q1062328
http://www.wikidata.org/entity/Q2956176,http://www.wikidata.org/entity/Q89363113
http://www.wikidata.org/entity/Q2956178,http://www.wikidata.org/entity/Q672134
http://www.wikidata.org/entity/Q2956178,http://www.wikidata.org/entity/Q98528192
http://www.wikidata.org/entity/Q2956201,http://www.wikidata.org/entity/Q185858
http://www.wikidata.org/entity/Q2956224,http://www.wikidata.org/entity/Q1067089
http://www.wikidata.org/entity/Q2956224,http://www.wikidata.org/entity/Q7198347
http://www.wikidata.org/entity/Q2956240,http://www.wikidata.org/entity/Q2707688
http://www.wikidata.org/entity/Q2956242,http://www.wikidata.org/entity/Q23072435
http://www.wikidata.org/entity/Q2956246,http://www.wikidata.org/entity/Q2707688
http://www.wikidata.org/entity/Q2956246,http://www.wikidata.org/entity/Q109272409
http://www.wikidata.org/entity/Q2961759,http://www.wikidata.org/entity/Q2961763
http://www.wikidata.org/entity/Q2961759,http://www.wikidata.org/entity/Q11400811
http://www.wikidata.org/entity/Q2961763,http://www.wikidata.org/entity/Q11400811
http://www.wikidata.org/entity/Q2961766,http://www.wikidata.org/entity/Q2961763
http://www.wikidata.org/entity/Q2963337,http://www.wikidata.org/entity/Q3135787
http://www.wikidata.org/entity/Q2963337,http://www.wikidata.org/entity/Q6942047
http://www.wikidata.org/entity/Q2963621,http://www.wikidata.org/entity/Q20474
http://www.wikidata.org/entity/Q2976236,http://www.wikidata.org/entity/Q9730
http://www.wikidata.org/entity/Q2976236,http://www.wikidata.org/entity/Q185652
http://www.wikidata.org/entity/Q2976911,http://www.wikidata.org/entity/Q15931253
http://www.wikidata.org/entity/Q2981079,http://www.wikidata.org/entity/Q106507381
http://www.wikidata.org/entity/Q2982341,http://www.wikidata.org/entity/Q188237
http://www.wikidata.org/entity/Q2988851,http://www.wikidata.org/entity/Q11399
http://www.wikidata.org/entity/Q2988851,http://www.wikidata.org/entity/Q1417976
http://www.wikidata.org/entity/Q2991840,http://www.wikidata.org/entity/Q11401
http://www.wikidata.org/entity/Q2991840,http://www.wikidata.org/entity/Q114880124
http://www.wikidata.org/entity/Q2994332,http://www.wikidata.org/entity/Q11399
http://www.wikidata.org/entity/Q2994332,http://www.wikidata.org/entity/Q107718509
http://www.wikidata.org/entity/Q2995521,http://www.wikidata.org/entity/Q163775
http://www.wikidata.org/entity/Q2995521,http://www.wikidata.org/entity/Q179465
http://www.wikidata.org/entity/Q2995521,http://www.wikidata.org/entity/Q201405
http://www.wikidata.org/entity/Q2997058,http://www.wikidata.org/entity/Q132438
http://www.wikidata.org/entity/Q2997058,http://www.wikidata.org/entity/Q140561383
http://www.wikidata.org/entity/Q773880,http://www.wikidata.org/entity/Q116985035
http://www.wikidata.org/entity/Q774475,http://www.wikidata.org/entity/Q179465
http://www.wikidata.org/entity/Q774475,http://www.wikidata.org/entity/Q1048249
http://www.wikidata.org/entity/Q775614,http://www.wikidata.org/entity/Q106298881
http://www.wikidata.org/entity/Q780517,http://www.wikidata.org/entity/Q20502
http://www.wikidata.org/entity/Q780517,http://www.wikidata.org/entity/Q1165777
http://www.wikidata.org/entity/Q781402,http://www.wikidata.org/entity/Q1777205
http://www.wikidata.org/entity/Q781402,http://www.wikidata.org/entity/Q5185279
http://www.wikidata.org/entity/Q781402,http://www.wikidata.org/entity/Q117187744
http://www.wikidata.org/entity/Q781470,http://www.wikidata.org/entity/Q207628
http://www.wikidata.org/entity/Q781470,http://www.wikidata.org/entity/Q1642833
http://www.wikidata.org/entity/Q781815,http://www.wikidata.org/entity/Q9730
http://www.wikidata.org/entity/Q781815,http://www.wikidata.org/entity/Q8812109
http://www.wikidata.org/entity/Q781815,http://www.wikidata.org/entity/Q18460285
http://www.wikidata.org/entity/Q783097,http://www.wikidata.org/entity/Q11366
http://www.wikidata.org/entity/Q783097,http://www.wikidata.org/entity/Q183504
http://www.wikidata.org/entity/Q783243,http://www.wikidata.org/entity/Q11401
http://www.wikidata.org/entity/Q783243,http://www.wikidata.org/entity/Q3114644
http://www.wikidata.org/entity/Q783874,http://www.wikidata.org/entity/Q685884
http://www.wikidata.org/entity/Q783874,http://www.wikidata.org/entity/Q1482325
http://www.wikidata.org/entity/Q783874,http://www.wikidata.org/entity/Q109018310
http://www.wikidata.org/entity/Q784310,http://www.wikidata.org/entity/Q116985035
http://www.wikidata.org/entity/Q786815,http://www.wikidata.org/entity/Q20825943
http://www.wikidata.org/entity/Q787663,http://www.wikidata.org/entity/Q1544863
http://www.wikidata.org/entity/Q787663,http://www.wikidata.org/entity/Q3328778
http://www.wikidata.org/entity/Q788016,http://www.wikidata.org/entity/Q115484611
http://www.wikidata.org/entity/Q788460,http://www.wikidata.org/entity/Q9730
http://www.wikidata.org/entity/Q788460,http://www.wikidata.org/entity/Q207628
http://www.wikidata.org/entity/Q790188,http://www.wikidata.org/entity/Q8341
http://www.wikidata.org/entity/Q790188,http://www.wikidata.org/entity/Q2332751
http://www.wikidata.org/entity/Q804401,http://www.wikidata.org/entity/Q83440
http://www.wikidata.org/entity/Q804401,http://www.wikidata.org/entity/Q3140141
http://www.wikidata.org/entity/Q804596,http://www.wikidata.org/entity/Q18129813
http://www.wikidata.org/entity/Q805044,http://www.wikidata.org/entity/Q6966089
http://www.wikidata.org/entity/Q805044,http://www.wikidata.org/entity/Q64140592
http://www.wikidata.org/entity/Q805130,http://www.wikidata.org/entity/Q9730
http://www.wikidata.org/entity/Q805130,http://www.wikidata.org/entity/Q207591
http://www.wikidata.org/entity/Q805130,http://www.wikidata.org/entity/Q1746015
http://www.wikidata.org/entity/Q807820,http://www.wikidata.org/entity/Q185298
http://www.wikidata.org/entity/Q807820,http://www.wikidata.org/entity/Q7939193
http://www.wikidata.org/entity/Q812605,http://www.wikidata.org/entity/Q306528
http://www.wikidata.org/entity/Q812605,http://www.wikidata.org/entity/Q316930
http://www.wikidata.org/entity/Q814402,http://www.wikidata.org/entity/Q107025062
http://www.wikidata.org/entity/Q814402,http://www.wikidata.org/entity/Q118744385
http://www.wikidata.org/entity/Q815536,http://www.wikidata.org/entity/Q2587471
http://www.wikidata.org/entity/Q815536,http://www.wikidata.org/entity/Q5413526
http://www.wikidata.org/entity/Q817138,http://www.wikidata.org/entity/Q9778
http://www.wikidata.org/entity/Q819325,http://www.wikidata.org/entity/Q11639
http://www.wikidata.org/entity/Q820049,http://www.wikidata.org/entity/Q388906
http://www.wikidata.org/entity/Q820119,http://www.wikidata.org/entity/Q502658
http://www.wikidata.org/entity/Q822914,http://www.wikidata.org/entity/Q38848
http://www.wikidata.org/entity/Q822914,http://www.wikidata.org/entity/Q753520
http://www.wikidata.org/entity/Q823080,http://www.wikidata.org/entity/Q598929
http://www.wikidata.org/entity/Q823080,http://www.wikidata.org/entity/Q1641839
http://www.wikidata.org/entity/Q823560,http://www.wikidata.org/entity/Q1326777
http://www.wikidata.org/entity/Q823560,http://www.wikidata.org/entity/Q65937946
http://www.wikidata.org/entity/Q824948,http://www.wikidata.org/entity/Q6942325
http://www.wikidata.org/entity/Q824948,http://www.wikidata.org/entity/Q11285080
http://www.wikidata.org/entity/Q825769,http://www.wikidata.org/entity/Q10922
http://www.wikidata.org/entity/Q828181,http://www.wikidata.org/entity/Q274401
http://www.wikidata.org/entity/Q828181,http://www.wikidata.org/entity/Q121411631
http://www.wikidata.org/entity/Q828243,http://www.wikidata.org/entity/Q372103
http://www.wikidata.org/entity/Q828243,http://www.wikidata.org/entity/Q1298934
http://www.wikidata.org/entity/Q828305,http://www.wikidata.org/entity/Q3071
http://www.wikidata.org/entity/Q829147,http://www.wikidata.org/entity/Q7824869
http://www.wikidata.org/entity/Q830325,http://www.wikidata.org/entity/Q3071
http://www.wikidata.org/entity/Q830634,http://www.wikidata.org/entity/Q2743758
http://www.wikidata.org/entity/Q830634,http://www.wikidata.org/entity/Q141187502
http://www.wikidata.org/entity/Q831354,http://www.wikidata.org/entity/Q8341
http://www.wikidata.org/entity/Q832665,http://www.wikidata.org/entity/Q170435
http://www.wikidata.org/entity/Q832665,http://www.wikidata.org/entity/Q1033912
http://www.wikidata.org/entity/Q833189,http://www.wikidata.org/entity/Q110471193
http://www.wikidata.org/entity/Q834566,http://www.wikidata.org/entity/Q179465
http://www.wikidata.org/entity/Q834566,http://www.wikidata.org/entity/Q6966089
http://www.wikidata.org/entity/Q834566,http://www.wikidata.org/entity/Q16679594
http://www.wikidata.org/entity/Q834959,http://www.wikidata.org/entity/Q11403
http://www.wikidata.org/entity/Q835131,http://www.wikidata.org/entity/Q622871
http://www.wikidata.org/entity/Q835562,http://www.wikidata.org/entity/Q11639
http://www.wikidata.org/entity/Q835562,http://www.wikidata.org/entity/Q1544863
http://www.wikidata.org/entity/Q835891,http://www.wikidata.org/entity/Q11399
http://www.wikidata.org/entity/Q835919,http://www.wikidata.org/entity/Q850412
http://www.wikidata.org/entity/Q835919,http://www.wikidata.org/entity/Q936573
http://www.wikidata.org/entity/Q836571,http://www.wikidata.org/entity/Q9730
http://www.wikidata.org/entity/Q836571,http://www.wikidata.org/entity/Q207628
http://www.wikidata.org/entity/Q837389,http://www.wikidata.org/entity/Q8341
http://www.wikidata.org/entity/Q837389,http://www.wikidata.org/entity/Q18345375
http://www.wikidata.org/entity/Q837837,http://www.wikidata.org/entity/Q484641
http://www.wikidata.org/entity/Q839029,http://www.wikidata.org/entity/Q3328583
http://www.wikidata.org/entity/Q839029,http://www.wikidata.org/entity/Q60733114
http://www.wikidata.org/entity/Q840065,http://www.wikidata.org/entity/Q850412
http://www.wikidata.org/entity/Q840748,http://www.wikidata.org/entity/Q1672398
http://www.wikidata.org/entity/Q840748,http://www.wikidata.org/entity/Q3135793
http://www.wikidata.org/entity/Q842324,http://www.wikidata.org/entity/Q37073
http://www.wikidata.org/entity/Q842324,http://www.wikidata.org/entity/Q42201
http://www.wikidata.org/entity/Q844245,http://www.wikidata.org/entity/Q8341
http://www.wikidata.org/entity/Q845414,http://www.wikidata.org/entity/Q11573675
http://www.wikidata.org/entity/Q845414,http://www.wikidata.org/entity/Q17053898
http://www.wikidata.org/entity/Q846119,http://www.wikidata.org/entity/Q373342
http://www.wikidata.org/entity/Q846219,http://www.wikidata.org/entity/Q389372
http://www.wikidata.org/entity/Q846748,http://www.wikidata.org/entity/Q163775
http://www.wikidata.org/entity/Q3163344,http://www.wikidata.org/entity/Q8341
http://www.wikidata.org/entity/Q3163344,http://www.wikidata.org/entity/Q3328583
http://www.wikidata.org/entity/Q3163359,http://www.wikidata.org/entity/Q8341
http://www.wikidata.org/entity/Q3163359,http://www.wikidata.org/entity/Q6942212
http://www.wikidata.org/entity/Q3177825,http://www.wikidata.org/entity/Q188451
http://www.wikidata.org/entity/Q3179786,http://www.wikidata.org/entity/Q188994
http://www.wikidata.org/entity/Q3181943,http://www.wikidata.org/entity/Q6165226
http://www.wikidata.org/entity/Q3181943,http://www.wikidata.org/entity/Q6942130
http://www.wikidata.org/entity/Q3181943,http://www.wikidata.org/entity/Q108610396
http://www.wikidata.org/entity/Q3191713,http://www.wikidata.org/entity/Q104853037
http://www.wikidata.org/entity/Q3191713,http://www.wikidata.org/entity/Q106586998
http://www.wikidata.org/entity/Q3191747,http://www.wikidata.org/entity/Q3710513
http://www.wikidata.org/entity/Q3192617,http://www.wikidata.org/entity/Q3328606
http://www.wikidata.org/entity/Q3192842,http://www.wikidata.org/entity/Q201022
http://www.wikidata.org/entity/Q3207645,http://www.wikidata.org/entity/Q11401
http://www.wikidata.org/entity/Q3211884,http://www.wikidata.org/entity/Q106508039
http://www.wikidata.org/entity/Q3211884,http://www.wikidata.org/entity/Q108857328
http://www.wikidata.org/entity/Q3217069,http://www.wikidata.org/entity/Q6950428
http://www.wikidata.org/entity/Q3217069,http://www.wikidata.org/entity/Q16993565
http://www.wikidata.org/entity/Q3220874,http://www.wikidata.org/entity/Q1715700
http://www.wikidata.org/entity/Q3228974,http://www.wikidata.org/entity/Q179465
http://www.wikidata.org/entity/Q3228974,http://www.wikidata.org/entity/Q3110519
http://www.wikidata.org/entity/Q3228974,http://www.wikidata.org/entity/Q4400125
http://www.wikidata.org/entity/Q3231749,http://www.wikidata.org/entity/Q11366
http://www.wikidata.org/entity/Q3240930,http://www.wikidata.org/entity/Q27939
http://www.wikidata.org/entity/Q3246270,http://www.wikidata.org/entity/Q7366
http://www.wikidata.org/entity/Q3246270,http://www.wikidata.org/entity/Q1229479
http://www.wikidata.org/entity/Q3246270,http://www.wikidata.org/entity/Q111633950
http://www.wikidata.org/entity/Q3247353,http://www.wikidata.org/entity/Q1716019
http://www.wikidata.org/entity/Q3247534,http://www.wikidata.org/entity/Q207628
http://www.wikidata.org/entity/Q3274667,http://www.wikidata.org/entity/Q6942130
http://www.wikidata.org/entity/Q3274667,http://www.wikidata.org/entity/Q12520649
http://www.wikidata.org/entity/Q3278092,http://www.wikidata.org/entity/Q107718539
http://www.wikidata.org/entity/Q3291151,http://www.wikidata.org/entity/Q106588687
http://www.wikidata.org/entity/Q3296134,http://www.wikidata.org/entity/Q2324411
http://www.wikidata.org/entity/Q3296779,http://www.wikidata.org/entity/Q277393
http://www.wikidata.org/entity/Q3296779,http://www.wikidata.org/entity/Q1065742
http://www.wikidata.org/entity/Q3299373,http://www.wikidata.org/entity/Q4171186
http://www.wikidata.org/entity/Q3299373,http://www.wikidata.org/entity/Q107033384
http://www.wikidata.org/entity/Q3303865,http://www.wikidata.org/entity/Q11399
http://www.wikidata.org/entity/Q3303865,http://www.wikidata.org/entity/Q2347119
http://www.wikidata.org/entity/Q3304143,http://www.wikidata.org/entity/Q11399
http://www.wikidata.org/entity/Q3304143,http://www.wikidata.org/entity/Q867306
http://www.wikidata.org/entity/Q3304143,http://www.wikidata.org/entity/Q6665245
http://www.wikidata.org/entity/Q3305039,http://www.wikidata.org/entity/Q11400811
http://www.wikidata.org/entity/Q3307010,http://www.wikidata.org/entity/Q217295
http://www.wikidata.org/entity/Q3307010,http://www.wikidata.org/entity/Q116958279
http://www.wikidata.org/entity/Q3307225,http://www.wikidata.org/entity/Q213714
http://www.wikidata.org/entity/Q3307225,http://www.wikidata.org/entity/Q4490991
http://www.wikidata.org/entity/Q3310676,http://www.wikidata.org/entity/Q4794612
http://www.wikidata.org/entity/Q3310676,http://www.wikidata.org/entity/Q98528210
http://www.wikidata.org/entity/Q3322619,http://www.wikidata.org/entity/Q388475
http://www.wikidata.org/entity/Q3322869,http://www.wikidata.org/entity/Q617240
http://www.wikidata.org/entity/Q3325918,http://www.wikidata.org/entity/Q192624
http://www.wikidata.org/entity/Q3325918,http://www.wikidata.org/entity/Q2250773
http://www.wikidata.org/entity/Q3325918,http://www.wikidata.org/entity/Q108297192
http://www.wikidata.org/entity/Q3327514,http://www.wikidata.org/entity/Q10334896
http://www.wikidata.org/entity/Q3327514,http://www.wikidata.org/entity/Q108615838
http://www.wikidata.org/entity/Q3328582,http://www.wikidata.org/entity/Q3679098
http://www.wikidata.org/entity/Q3328582,http://www.wikidata.org/entity/Q121411631
http://www.wikidata.org/entity/Q3328583,http://www.wikidata.org/entity/Q11400811
http://www.wikidata.org/entity/Q3328589,http://www.wikidata.org/entity/Q6942329
http://www.wikidata.org/entity/Q3328590,http://www.wikidata.org/entity/Q8361
http://www.wikidata.org/entity/Q3328592,http://www.wikidata.org/entity/Q672134
http://www.wikidata.org/entity/Q3328593,http://www.wikidata.org/entity/Q98528267
http://www.wikidata.org/entity/Q3328599,http://www.wikidata.org/entity/Q672134
http://www.wikidata.org/entity/Q3328599,http://www.wikidata.org/entity/Q964987
http://www.wikidata.org/entity/Q3328601,http://www.wikidata.org/entity/Q11400811
http://www.wikidata.org/entity/Q3328602,http://www.wikidata.org/entity/Q10838732
http://www.wikidata.org/entity/Q3328603,http://www.wikidata.org/entity/Q727781
http://www.wikidata.org/entity/Q3328603,http://www.wikidata.org/entity/Q5645984
http://www.wikidata.org/entity/Q3328608,http://www.wikidata.org/entity/Q3211884
http://www.wikidata.org/entity/Q3328618,http://www.wikidata.org/entity/Q9730
http://www.wikidata.org/entity/Q3328618,http://www.wikidata.org/entity/Q2267955
http://www.wikidata.org/entity/Q3328619,http://www.wikidata.org/entity/Q9730
http://www.wikidata.org/entity/Q3328622,http://www.wikidata.org/entity/Q9730
http://www.wikidata.org/entity/Q3328622,http://www.wikidata.org/entity/Q88340836
http://www.wikidata.org/entity/Q3328652,http://www.wikidata.org/entity/Q26897135
http://www.wikidata.org/entity/Q3328656,http://www.wikidata.org/entity/Q116777655
http://www.wikidata.org/entity/Q3328660,http://www.wikidata.org/entity/Q37073
http://www.wikidata.org/entity/Q3328668,http://www.wikidata.org/entity/Q106586248
http://www.wikidata.org/entity/Q3328669,http://www.wikidata.org/entity/Q3328755
http://www.wikidata.org/entity/Q3328676,http://www.wikidata.org/entity/Q3328755
http://www.wikidata.org/entity/Q3328676,http://www.wikidata.org/entity/Q16243117
http://www.wikidata.org/entity/Q3328678,http://www.wikidata.org/entity/Q2587471
http://www.wikidata.org/entity/Q3328681,http://www.wikidata.org/entity/Q43343
http://www.wikidata.org/entity/Q3328681,http://www.wikidata.org/entity/Q373342
http://www.wikidata.org/entity/Q3328684,http://www.wikidata.org/entity/Q106588687
http://www.wikidata.org/entity/Q3328686,http://www.wikidata.org/entity/Q1065742
http://www.wikidata.org/entity/Q3328687,http://www.wikidata.org/entity/Q487965
http://www.wikidata.org/entity/Q3328687,http://www.wikidata.org/entity/Q672134
http://www.wikidata.org/entity/Q3328692,http://www.wikidata.org/entity/Q1503406
http://www.wikidata.org/entity/Q3328693,http://www.wikidata.org/entity/Q6942329
http://www.wikidata.org/entity/Q3328694,http://www.wikidata.org/entity/Q3328583
http://www.wikidata.org/entity/Q3328694,http://www.wikidata.org/entity/Q3328601
http://www.wikidata.org/entity/Q3328697,http://www.wikidata.org/entity/Q1503406
http://www.wikidata.org/entity/Q3328702,http://www.wikidata.org/entity/Q10838732
http://www.wikidata.org/entity/Q3328704,http://www.wikidata.org/entity/Q6942044
http://www.wikidata.org/entity/Q3328706,http://www.wikidata.org/entity/Q672134
http://www.wikidata.org/entity/Q3328706,http://www.wikidata.org/entity/Q2956178
http://www.wikidata.org/entity/Q542971,http://www.wikidata.org/entity/Q483251
http://www.wikidata.org/entity/Q542971,http://www.wikidata.org/entity/Q484344
http://www.wikidata.org/entity/Q544440,http://www.wikidata.org/entity/Q531426
http://www.wikidata.org/entity/Q544440,http://www.wikidata.org/entity/Q107736421
http://www.wikidata.org/entity/Q546206,http://www.wikidata.org/entity/Q11401
http://www.wikidata.org/entity/Q546206,http://www.wikidata.org/entity/Q11787389
http://www.wikidata.org/entity/Q546206,http://www.wikidata.org/entity/Q114880124
http://www.wikidata.org/entity/Q546264,http://www.wikidata.org/entity/Q484641
http://www.wikidata.org/entity/Q546359,http://www.wikidata.org/entity/Q45981
http://www.wikidata.org/entity/Q546359,http://www.wikidata.org/entity/Q120544
http://www.wikidata.org/entity/Q547137,http://www.wikidata.org/entity/Q37073
http://www.wikidata.org/entity/Q547137,http://www.wikidata.org/entity/Q18345375
http://www.wikidata.org/entity/Q556959,http://www.wikidata.org/entity/Q8030395
http://www.wikidata.org/entity/Q564848,http://www.wikidata.org/entity/Q178122
http://www.wikidata.org/entity/Q567915,http://www.wikidata.org/entity/Q118738876
http://www.wikidata.org/entity/Q572717,http://www.wikidata.org/entity/Q108151792
http://www.wikidata.org/entity/Q572901,http://www.wikidata.org/entity/Q12183214
http://www.wikidata.org/entity/Q572901,http://www.wikidata.org/entity/Q65937946
http://www.wikidata.org/entity/Q573484,http://www.wikidata.org/entity/Q572717
http://www.wikidata.org/entity/Q574651,http://www.wikidata.org/entity/Q106298881
http://www.wikidata.org/entity/Q574784,http://www.wikidata.org/entity/Q484692
http://www.wikidata.org/entity/Q574784,http://www.wikidata.org/entity/Q3679098
http://www.wikidata.org/entity/Q574784,http://www.wikidata.org/entity/Q16684826
http://www.wikidata.org/entity/Q577080,http://www.wikidata.org/entity/Q29025044
http://www.wikidata.org/entity/Q577996,http://www.wikidata.org/entity/Q163775
http://www.wikidata.org/entity/Q579955,http://www.wikidata.org/entity/Q2281713
http://www.wikidata.org/entity/Q582093,http://www.wikidata.org/entity/Q191609
http://www.wikidata.org/entity/Q582093,http://www.wikidata.org/entity/Q1027114
http://www.wikidata.org/entity/Q582093,http://www.wikidata.org/entity/Q23072435
http://www.wikidata.org/entity/Q584752,http://www.wikidata.org/entity/Q1147692
http://www.wikidata.org/entity/Q585588,http://www.wikidata.org/entity/Q624044
http://www.wikidata.org/entity/Q585588,http://www.wikidata.org/entity/Q1503406
http://www.wikidata.org/entity/Q586110,http://www.wikidata.org/entity/Q316930
http://www.wikidata.org/entity/Q586110,http://www.wikidata.org/entity/Q899215
http://www.wikidata.org/entity/Q590662,http://www.wikidata.org/entity/Q106588687
http://www.wikidata.org/entity/Q591990,http://www.wikidata.org/entity/Q8341
http://www.wikidata.org/entity/Q591990,http://www.wikidata.org/entity/Q1196752
http://www.wikidata.org/entity/Q591990,http://www.wikidata.org/entity/Q5849904
http://www.wikidata.org/entity/Q592060,http://www.wikidata.org/entity/Q1640319
http://www.wikidata.org/entity/Q592330,http://www.wikidata.org/entity/Q183504
http://www.wikidata.org/entity/Q592807,http://www.wikidata.org/entity/Q98528267
http://www.wikidata.org/entity/Q597240,http://www.wikidata.org/entity/Q187760
http://www.wikidata.org/entity/Q597493,http://www.wikidata.org/entity/Q645992
http://www.wikidata.org/entity/Q597493,http://www.wikidata.org/entity/Q16555308
http://www.wikidata.org/entity/Q597493,http://www.wikidata.org/entity/Q17176998
http://www.wikidata.org/entity/Q597493,http://www.wikidata.org/entity/Q98528197
http://www.wikidata.org/entity/Q598593,http://www.wikidata.org/entity/Q20502
http://www.wikidata.org/entity/Q598929,http://www.wikidata.org/entity/Q25554481
http://www.wikidata.org/entity/Q599510,http://www.wikidata.org/entity/Q4797274
http://www.wikidata.org/entity/Q599877,http://www.wikidata.org/entity/Q179465
http://www.wikidata.org/entity/Q600094,http://www.wikidata.org/entity/Q7366
http://www.wikidata.org/entity/Q600094,http://www.wikidata.org/entity/Q1065742
http://www.wikidata.org/entity/Q600094,http://www.wikidata.org/entity/Q1139787
http://www.wikidata.org/entity/Q600094,http://www.wikidata.org/entity/Q5185279
http://www.wikidata.org/entity/Q601235,http://www.wikidata.org/entity/Q6010
http://www.wikidata.org/entity/Q601235,http://www.wikidata.org/entity/Q11401
http://www.wikidata.org/entity/Q601235,http://www.wikidata.org/entity/Q20502
http://www.wikidata.org/entity/Q602498,http://www.wikidata.org/entity/Q3071
http://www.wikidata.org/entity/Q602498,http://www.wikidata.org/entity/Q121411631
http://www.wikidata.org/entity/Q602561,http://www.wikidata.org/entity/Q851213
http://www.wikidata.org/entity/Q602646,http://www.wikidata.org/entity/Q11401
http://www.wikidata.org/entity/Q602646,http://www.wikidata.org/entity/Q5151495
http://www.wikidata.org/entity/Q602859,http://www.wikidata.org/entity/Q172331
http://www.wikidata.org/entity/Q602859,http://www.wikidata.org/entity/Q18460285
http://www.wikidata.org/entity/Q604748,http://www.wikidata.org/entity/Q23072435
http://www.wikidata.org/entity/Q606089,http://www.wikidata.org/entity/Q106298881
http://www.wikidata.org/entity/Q606393,http://www.wikidata.org/entity/Q98528149
http://www.wikidata.org/entity/Q608490,http://www.wikidata.org/entity/Q98528232
http://www.wikidata.org/entity/Q608862,http://www.wikidata.org/entity/Q7366
http://www.wikidata.org/entity/Q608862,http://www.wikidata.org/entity/Q17191592
http://www.wikidata.org/entity/Q610022,http://www.wikidata.org/entity/Q3394906
http://www.wikidata.org/entity/Q612024,http://www.wikidata.org/entity/Q65937946
http://www.wikidata.org/entity/Q613408,http://www.wikidata.org/entity/Q11399
http://www.wikidata.org/entity/Q613408,http://www.wikidata.org/entity/Q107718737
http://www.wikidata.org/entity/Q613707,http://www.wikidata.org/entity/Q65937946
http://www.wikidata.org/entity/Q613874,http://www.wikidata.org/entity/Q213121
http://www.wikidata.org/entity/Q615418,http://www.wikidata.org/entity/Q2568406
http://www.wikidata.org/entity/Q616425,http://www.wikidata.org/entity/Q16942070
http://www.wikidata.org/entity/Q616425,http://www.wikidata.org/entity/Q114357486
http://www.wikidata.org/entity/Q616679,http://www.wikidata.org/entity/Q183862
http://www.wikidata.org/entity/Q617240,http://www.wikidata.org/entity/Q38848
http://www.wikidata.org/entity/Q617240,http://www.wikidata.org/entity/Q83270
http://www.wikidata.org/entity/Q617240,http://www.wikidata.org/entity/Q206159
http://www.wikidata.org/entity/Q617338,http://www.wikidata.org/entity/Q9048265
http://www.wikidata.org/entity/Q617338,http://www.wikidata.org/entity/Q98528185
http://www.wikidata.org/entity/Q620979,http://www.wikidata.org/entity/Q2082510
http://www.wikidata.org/entity/Q620979,http://www.wikidata.org/entity/Q119142737
http://www.wikidata.org/entity/Q622688,http://www.wikidata.org/entity/Q213121
http://www.wikidata.org/entity/Q622871,http://www.wikidata.org/entity/Q170435
http://www.wikidata.org/entity/Q623715,http://www.wikidata.org/entity/Q65937946
http://www.wikidata.org/entity/Q623823,http://www.wikidata.org/entity/Q1063010
http://www.wikidata.org/entity/Q623824,http://www.wikidata.org/entity/Q1074080
http://www.wikidata.org/entity/Q623904,http://www.wikidata.org/entity/Q2742742
http://www.wikidata.org/entity/Q623904,http://www.wikidata.org/entity/Q11400811
http://www.wikidata.org/entity/Q623904,http://www.wikidata.org/entity/Q107189715
http://www.wikidata.org/entity/Q624044,http://www.wikidata.org/entity/Q1503406
http://www.wikidata.org/entity/Q624044,http://www.wikidata.org/entity/Q11400811
http://www.wikidata.org/entity/Q624081,http://www.wikidata.org/entity/Q37073
http://www.wikidata.org/entity/Q624081,http://www.wikidata.org/entity/Q624044
http://www.wikidata.org/entity/Q624221,http://www.wikidata.org/entity/Q11401
http://www.wikidata.org/entity/Q3328710,http://www.wikidata.org/entity/Q1503406
http://www.wikidata.org/entity/Q3328711,http://www.wikidata.org/entity/Q6942329
http://www.wikidata.org/entity/Q3328714,http://www.wikidata.org/entity/Q3211884
http://www.wikidata.org/entity/Q3328715,http://www.wikidata.org/entity/Q10838732
http://www.wikidata.org/entity/Q3328720,http://www.wikidata.org/entity/Q612024
http://www.wikidata.org/entity/Q3328727,http://www.wikidata.org/entity/Q6942044
http://www.wikidata.org/entity/Q3328728,http://www.wikidata.org/entity/Q3328755
http://www.wikidata.org/entity/Q3328730,http://www.wikidata.org/entity/Q3211884
http://www.wikidata.org/entity/Q3328732,http://www.wikidata.org/entity/Q672134
http://www.wikidata.org/entity/Q3328732,http://www.wikidata.org/entity/Q964987
http://www.wikidata.org/entity/Q3328734,http://www.wikidata.org/entity/Q525073
http://www.wikidata.org/entity/Q3328735,http://www.wikidata.org/entity/Q98528267
http://www.wikidata.org/entity/Q3328738,http://www.wikidata.org/entity/Q6942044
http://www.wikidata.org/entity/Q3328739,http://www.wikidata.org/entity/Q1503406
http://www.wikidata.org/entity/Q3328740,http://www.wikidata.org/entity/Q98528267
http://www.wikidata.org/entity/Q3328743,http://www.wikidata.org/entity/Q10838732
http://www.wikidata.org/entity/Q3328745,http://www.wikidata.org/entity/Q107033785
http://www.wikidata.org/entity/Q3328755,http://www.wikidata.org/entity/Q115484611
http://www.wikidata.org/entity/Q3328756,http://www.wikidata.org/entity/Q6942037
http://www.wikidata.org/entity/Q3328757,http://www.wikidata.org/entity/Q106586248
http://www.wikidata.org/entity/Q3328758,http://www.wikidata.org/entity/Q1503406
http://www.wikidata.org/entity/Q3328761,http://www.wikidata.org/entity/Q1065742
http://www.wikidata.org/entity/Q3328761,http://www.wikidata.org/entity/Q7832297
http://www.wikidata.org/entity/Q3328762,http://www.wikidata.org/entity/Q3328601
http://www.wikidata.org/entity/Q3328763,http://www.wikidata.org/entity/Q1065742
http://www.wikidata.org/entity/Q3328763,http://www.wikidata.org/entity/Q61890363
http://www.wikidata.org/entity/Q3328764,http://www.wikidata.org/entity/Q867306
http://www.wikidata.org/entity/Q3328764,http://www.wikidata.org/entity/Q10730335
http://www.wikidata.org/entity/Q3328766,http://www.wikidata.org/entity/Q3211884
http://www.wikidata.org/entity/Q3328766,http://www.wikidata.org/entity/Q106507381
http://www.wikidata.org/entity/Q3328768,http://www.wikidata.org/entity/Q98528267
http://www.wikidata.org/entity/Q3328770,http://www.wikidata.org/entity/Q6942329
http://www.wikidata.org/entity/Q3328772,http://www.wikidata.org/entity/Q6942044
http://www.wikidata.org/entity/Q3328774,http://www.wikidata.org/entity/Q9730
http://www.wikidata.org/entity/Q3328774,http://www.wikidata.org/entity/Q639197
http://www.wikidata.org/entity/Q3328778,http://www.wikidata.org/entity/Q727781
http://www.wikidata.org/entity/Q3328778,http://www.wikidata.org/entity/Q3394906
http://www.wikidata.org/entity/Q3328778,http://www.wikidata.org/entity/Q18345375
http://www.wikidata.org/entity/Q3328786,http://www.wikidata.org/entity/Q1503406
http://www.wikidata.org/entity/Q3328789,http://www.wikidata.org/entity/Q6942044
http://www.wikidata.org/entity/Q3328794,http://www.wikidata.org/entity/Q18846
http://www.wikidata.org/entity/Q3328797,http://www.wikidata.org/entity/Q115484611
http://www.wikidata.org/entity/Q3333303,http://www.wikidata.org/entity/Q3710513
http://www.wikidata.org/entity/Q3333303,http://www.wikidata.org/entity/Q98528191
http://www.wikidata.org/entity/Q3334664,http://www.wikidata.org/entity/Q943929
http://www.wikidata.org/entity/Q3334664,http://www.wikidata.org/entity/Q17070502
http://www.wikidata.org/entity/Q3337088,http://www.wikidata.org/entity/Q55995
http://www.wikidata.org/entity/Q3337494,http://www.wikidata.org/entity/Q106588687
http://www.wikidata.org/entity/Q3345491,http://www.wikidata.org/entity/Q7366
http://www.wikidata.org/entity/Q3345491,http://www.wikidata.org/entity/Q3349675
http://www.wikidata.org/entity/Q3346909,http://www.wikidata.org/entity/Q3349675
http://www.wikidata.org/entity/Q3346909,http://www.wikidata.org/entity/Q98528198
http://www.wikidata.org/entity/Q3347022,http://www.wikidata.org/entity/Q6022257
http://www.wikidata.org/entity/Q3347093,http://www.wikidata.org/entity/Q6942037
http://www.wikidata.org/entity/Q3347279,http://www.wikidata.org/entity/Q829147
http://www.wikidata.org/entity/Q3347279,http://www.wikidata.org/entity/Q3328732
http://www.wikidata.org/entity/Q3347279,http://www.wikidata.org/entity/Q89363113
http://www.wikidata.org/entity/Q3349675,http://www.wikidata.org/entity/Q531426
http://www.wikidata.org/entity/Q3349990,http://www.wikidata.org/entity/Q107331898
http://www.wikidata.org/entity/Q3357584,http://www.wikidata.org/entity/Q6942287
http://www.wikidata.org/entity/Q3357584,http://www.wikidata.org/entity/Q122729865
http://www.wikidata.org/entity/Q3360459,http://www.wikidata.org/entity/Q11403
http://www.wikidata.org/entity/Q3365745,http://www.wikidata.org/entity/Q3328681
http://www.wikidata.org/entity/Q3365745,http://www.wikidata.org/entity/Q3394906
http://www.wikidata.org/entity/Q3388814,http://www.wikidata.org/entity/Q11399
http://www.wikidata.org/entity/Q3388814,http://www.wikidata.org/entity/Q3328743
http://www.wikidata.org/entity/Q3389124,http://www.wikidata.org/entity/Q57143
http://www.wikidata.org/entity/Q3389124,http://www.wikidata.org/entity/Q211723
http://www.wikidata.org/entity/Q3389124,http://www.wikidata.org/entity/Q483352
http://www.wikidata.org/entity/Q3389124,http://www.wikidata.org/entity/Q484179
http://www.wikidata.org/entity/Q3391334,http://www.wikidata.org/entity/Q507246
http://www.wikidata.org/entity/Q3391334,http://www.wikidata.org/entity/Q2568406
http://www.wikidata.org/entity/Q3392209,http://www.wikidata.org/entity/Q235858
http://www.wikidata.org/entity/Q3394906,http://www.wikidata.org/entity/Q3328669
http://www.wikidata.org/entity/Q3395292,http://www.wikidata.org/entity/Q116690343
http://www.wikidata.org/entity/Q3397325,http://www.wikidata.org/entity/Q727781
http://www.wikidata.org/entity/Q3397882,http://www.wikidata.org/entity/Q37073
http://www.wikidata.org/entity/Q3397882,http://www.wikidata.org/entity/Q7248857
http://www.wikidata.org/entity/Q3401087,http://www.wikidata.org/entity/Q163775
http://www.wikidata.org/entity/Q3401087,http://www.wikidata.org/entity/Q672134
http://www.wikidata.org/entity/Q3408028,http://www.wikidata.org/entity/Q11399
http://www.wikidata.org/entity/Q3408409,http://www.wikidata.org/entity/Q7602145
http://www.wikidata.org/entity/Q3408409,http://www.wikidata.org/entity/Q108866081
http://www.wikidata.org/entity/Q3410854,http://www.wikidata.org/entity/Q3071
http://www.wikidata.org/entity/Q3410854,http://www.wikidata.org/entity/Q672134
http://www.wikidata.org/entity/Q3410876,http://www.wikidata.org/entity/Q11399
http://www.wikidata.org/entity/Q3410882,http://www.wikidata.org/entity/Q1544863
http://www.wikidata.org/entity/Q3413969,http://www.wikidata.org/entity/Q11639
http://www.wikidata.org/entity/Q3413969,http://www.wikidata.org/entity/Q6826021
http://www.wikidata.org/entity/Q3415943,http://www.wikidata.org/entity/Q37073
http://www.wikidata.org/entity/Q3415943,http://www.wikidata.org/entity/Q2665906
http://www.wikidata.org/entity/Q3417531,http://www.wikidata.org/entity/Q185652
http://www.wikidata.org/entity/Q3419345,http://www.wikidata.org/entity/Q852210
http://www.wikidata.org/entity/Q3419345,http://www.wikidata.org/entity/Q5413526
http://www.wikidata.org/entity/Q3419347,http://www.wikidata.org/entity/Q387236
http://www.wikidata.org/entity/Q3419347,http://www.wikidata.org/entity/Q2346484
http://www.wikidata.org/entity/Q3419350,http://www.wikidata.org/entity/Q387236
http://www.wikidata.org/entity/Q3419350,http://www.wikidata.org/entity/Q6942229
http://www.wikidata.org/entity/Q3419744,http://www.wikidata.org/entity/Q3710513
http://www.wikidata.org/entity/Q3419744,http://www.wikidata.org/entity/Q107033384
http://www.wikidata.org/entity/Q2998920,http://www.wikidata.org/entity/Q131272
http://www.wikidata.org/entity/Q3008122,http://www.wikidata.org/entity/Q208494
http://www.wikidata.org/entity/Q3008180,http://www.wikidata.org/entity/Q188534
http://www.wikidata.org/entity/Q3020766,http://www.wikidata.org/entity/Q83440
http://www.wikidata.org/entity/Q3020766,http://www.wikidata.org/entity/Q1164252
http://www.wikidata.org/entity/Q3021144,http://www.wikidata.org/entity/Q11401
http://www.wikidata.org/entity/Q3023376,http://www.wikidata.org/entity/Q438476
http://www.wikidata.org/entity/Q3023376,http://www.wikidata.org/entity/Q6942063
http://www.wikidata.org/entity/Q3023376,http://www.wikidata.org/entity/Q65052052
http://www.wikidata.org/entity/Q3025242,http://www.wikidata.org/entity/Q2579987
http://www.wikidata.org/entity/Q3026173,http://www.wikidata.org/entity/Q952404
http://www.wikidata.org/entity/Q3026173,http://www.wikidata.org/entity/Q1547148
http://www.wikidata.org/entity/Q3029796,http://www.wikidata.org/entity/Q58339
http://www.wikidata.org/entity/Q3029796,http://www.wikidata.org/entity/Q164444
http://www.wikidata.org/entity/Q3032090,http://www.wikidata.org/entity/Q1091536
http://www.wikidata.org/entity/Q3032212,http://www.wikidata.org/entity/Q20502
http://www.wikidata.org/entity/Q3036886,http://www.wikidata.org/entity/Q186170
http://www.wikidata.org/entity/Q3039303,http://www.wikidata.org/entity/Q851213
http://www.wikidata.org/entity/Q3046632,http://www.wikidata.org/entity/Q183862
http://www.wikidata.org/entity/Q3046632,http://www.wikidata.org/entity/Q487914
http://www.wikidata.org/entity/Q3048168,http://www.wikidata.org/entity/Q1033912
http://www.wikidata.org/entity/Q3048168,http://www.wikidata.org/entity/Q3084222
http://www.wikidata.org/entity/Q3050572,http://www.wikidata.org/entity/Q20502
http://www.wikidata.org/entity/Q3050572,http://www.wikidata.org/entity/Q2529400
http://www.wikidata.org/entity/Q3052655,http://www.wikidata.org/entity/Q12876996
http://www.wikidata.org/entity/Q3053954,http://www.wikidata.org/entity/Q9764
http://www.wikidata.org/entity/Q3056538,http://www.wikidata.org/entity/Q20502
http://www.wikidata.org/entity/Q3056538,http://www.wikidata.org/entity/Q18345375
http://www.wikidata.org/entity/Q3062629,http://www.wikidata.org/entity/Q848457
http://www.wikidata.org/entity/Q3066180,http://www.wikidata.org/entity/Q339906
http://www.wikidata.org/entity/Q3066180,http://www.wikidata.org/entity/Q898709
http://www.wikidata.org/entity/Q3069904,http://www.wikidata.org/entity/Q3394906
http://www.wikidata.org/entity/Q3069904,http://www.wikidata.org/entity/Q107718539
http://www.wikidata.org/entity/Q3075498,http://www.wikidata.org/entity/Q492067
http://www.wikidata.org/entity/Q3075498,http://www.wikidata.org/entity/Q106586236
http://www.wikidata.org/entity/Q3080963,http://www.wikidata.org/entity/Q11544988
http://www.wikidata.org/entity/Q3080963,http://www.wikidata.org/entity/Q11638369
http://www.wikidata.org/entity/Q3083000,http://www.wikidata.org/entity/Q27939
http://www.wikidata.org/entity/Q3083000,http://www.wikidata.org/entity/Q15974722
http://www.wikidata.org/entity/Q3083000,http://www.wikidata.org/entity/Q108297202
http://www.wikidata.org/entity/Q3084222,http://www.wikidata.org/entity/Q170611
http://www.wikidata.org/entity/Q3085344,http://www.wikidata.org/entity/Q727781
http://www.wikidata.org/entity/Q3085344,http://www.wikidata.org/entity/Q5645984
http://www.wikidata.org/entity/Q3089524,http://www.wikidata.org/entity/Q5464451
http://www.wikidata.org/entity/Q3089524,http://www.wikidata.org/entity/Q7309098
http://www.wikidata.org/entity/Q3090876,http://www.wikidata.org/entity/Q188237
http://www.wikidata.org/entity/Q3090876,http://www.wikidata.org/entity/Q316930
http://www.wikidata.org/entity/Q3091180,http://www.wikidata.org/entity/Q107192370
http://www.wikidata.org/entity/Q3091180,http://www.wikidata.org/entity/Q107192506
http://www.wikidata.org/entity/Q3092733,http://www.wikidata.org/entity/Q11399
http://www.wikidata.org/entity/Q3092733,http://www.wikidata.org/entity/Q2579987
http://www.wikidata.org/entity/Q3094259,http://www.wikidata.org/entity/Q3071
http://www.wikidata.org/entity/Q3094259,http://www.wikidata.org/entity/Q16148439
http://www.wikidata.org/entity/Q3098078,http://www.wikidata.org/entity/Q388906
http://www.wikidata.org/entity/Q3098078,http://www.wikidata.org/entity/Q1046920
http://www.wikidata.org/entity/Q3106448,http://www.wikidata.org/entity/Q16555308
http://www.wikidata.org/entity/Q3106448,http://www.wikidata.org/entity/Q17176998
http://www.wikidata.org/entity/Q3106448,http://www.wikidata.org/entity/Q98528197
http://www.wikidata.org/entity/Q3108920,http://www.wikidata.org/entity/Q11401
http://www.wikidata.org/entity/Q3108920,http://www.wikidata.org/entity/Q851213
http://www.wikidata.org/entity/Q3108920,http://www.wikidata.org/entity/Q1100989
http://www.wikidata.org/entity/Q3109641,http://www.wikidata.org/entity/Q10838732
http://www.wikidata.org/entity/Q3110519,http://www.wikidata.org/entity/Q108857617
http://www.wikidata.org/entity/Q3111428,http://www.wikidata.org/entity/Q9759
http://www.wikidata.org/entity/Q3111428,http://www.wikidata.org/entity/Q180268
http://www.wikidata.org/entity/Q3114644,http://www.wikidata.org/entity/Q3328728
http://www.wikidata.org/entity/Q3116754,http://www.wikidata.org/entity/Q183504
http://www.wikidata.org/entity/Q3116754,http://www.wikidata.org/entity/Q1166726
http://www.wikidata.org/entity/Q3117305,http://www.wikidata.org/entity/Q546264
http://www.wikidata.org/entity/Q3117305,http://www.wikidata.org/entity/Q1418683
http://www.wikidata.org/entity/Q3121396,http://www.wikidata.org/entity/Q3071
http://www.wikidata.org/entity/Q3121396,http://www.wikidata.org/entity/Q3437814
http://www.wikidata.org/entity/Q3129432,http://www.wikidata.org/entity/Q5958515
http://www.wikidata.org/entity/Q3129432,http://www.wikidata.org/entity/Q7832297
http://www.wikidata.org/entity/Q3129432,http://www.wikidata.org/entity/Q12976278
http://www.wikidata.org/entity/Q3135787,http://www.wikidata.org/entity/Q11401
http://www.wikidata.org/entity/Q3135787,http://www.wikidata.org/entity/Q2267955
http://www.wikidata.org/entity/Q3135790,http://www.wikidata.org/entity/Q387236
http://www.wikidata.org/entity/Q3135791,http://www.wikidata.org/entity/Q387236
http://www.wikidata.org/entity/Q3135791,http://www.wikidata.org/entity/Q3328693
http://www.wikidata.org/entity/Q3135792,http://www.wikidata.org/entity/Q11401
http://www.wikidata.org/entity/Q3135793,http://www.wikidata.org/entity/Q11401
http://www.wikidata.org/entity/Q3135793,http://www.wikidata.org/entity/Q1503406
http://www.wikidata.org/entity/Q3135794,http://www.wikidata.org/entity/Q469630
http://www.wikidata.org/entity/Q3135794,http://www.wikidata.org/entity/Q3328756
http://www.wikidata.org/entity/Q3135796,http://www.wikidata.org/entity/Q899215
http://www.wikidata.org/entity/Q3135796,http://www.wikidata.org/entity/Q3827483
http://www.wikidata.org/entity/Q3135799,http://www.wikidata.org/entity/Q387236
http://www.wikidata.org/entity/Q3135799,http://www.wikidata.org/entity/Q17069284
http://www.wikidata.org/entity/Q3135801,http://www.wikidata.org/entity/Q2363645
http://www.wikidata.org/entity/Q3135801,http://www.wikidata.org/entity/Q5413526
http://www.wikidata.org/entity/Q3135807,http://www.wikidata.org/entity/Q2579987
http://www.wikidata.org/entity/Q3135807,http://www.wikidata.org/entity/Q5413526
http://www.wikidata.org/entity/Q3140141,http://www.wikidata.org/entity/Q83440
http://www.wikidata.org/entity/Q3141879,http://www.wikidata.org/entity/Q11639
http://www.wikidata.org/entity/Q3141879,http://www.wikidata.org/entity/Q492096
http://www.wikidata.org/entity/Q3141879,http://www.wikidata.org/entity/Q3085344
http://www.wikidata.org/entity/Q3151435,http://www.wikidata.org/entity/Q43343
http://www.wikidata.org/entity/Q3160589,http://www.wikidata.org/entity/Q3015654
http://www.wikidata.org/entity/Q3160589,http://www.wikidata.org/entity/Q7639201
http://www.wikidata.org/entity/Q846784,http://www.wikidata.org/entity/Q110471193
http://www.wikidata.org/entity/Q846833,http://www.wikidata.org/entity/Q8341
http://www.wikidata.org/entity/Q848399,http://www.wikidata.org/entity/Q373342
http://www.wikidata.org/entity/Q848457,http://www.wikidata.org/entity/Q388906
http://www.wikidata.org/entity/Q848852,http://www.wikidata.org/entity/Q851213
http://www.wikidata.org/entity/Q850412,http://www.wikidata.org/entity/Q37073
http://www.wikidata.org/entity/Q850412,http://www.wikidata.org/entity/Q45981
http://www.wikidata.org/entity/Q851213,http://www.wikidata.org/entity/Q9778
http://www.wikidata.org/entity/Q851213,http://www.wikidata.org/entity/Q11787389
http://www.wikidata.org/entity/Q852027,http://www.wikidata.org/entity/Q9730
http://www.wikidata.org/entity/Q852027,http://www.wikidata.org/entity/Q207628
http://www.wikidata.org/entity/Q852210,http://www.wikidata.org/entity/Q106507381
http://www.wikidata.org/entity/Q852767,http://www.wikidata.org/entity/Q11399
http://www.wikidata.org/entity/Q853873,http://www.wikidata.org/entity/Q37073
http://www.wikidata.org/entity/Q853873,http://www.wikidata.org/entity/Q1192110
http://www.wikidata.org/entity/Q854451,http://www.wikidata.org/entity/Q3328676
http://www.wikidata.org/entity/Q854775,http://www.wikidata.org/entity/Q762917
http://www.wikidata.org/entity/Q854775,http://www.wikidata.org/entity/Q98528267
http://www.wikidata.org/entity/Q854844,http://www.wikidata.org/entity/Q98528267
http://www.wikidata.org/entity/Q856713,http://www.wikidata.org/entity/Q1118771
http://www.wikidata.org/entity/Q856713,http://www.wikidata.org/entity/Q5185279
http://www.wikidata.org/entity/Q856713,http://www.wikidata.org/entity/Q63203971
http://www.wikidata.org/entity/Q856713,http://www.wikidata.org/entity/Q101515433
http://www.wikidata.org/entity/Q856872,http://www.wikidata.org/entity/Q20378
http://www.wikidata.org/entity/Q856872,http://www.wikidata.org/entity/Q877693
http://www.wikidata.org/entity/Q858579,http://www.wikidata.org/entity/Q663519
http://www.wikidata.org/entity/Q860196,http://www.wikidata.org/entity/Q10334892
http://www.wikidata.org/entity/Q861823,http://www.wikidata.org/entity/Q851213
http://www.wikidata.org/entity/Q863539,http://www.wikidata.org/entity/Q9778
http://www.wikidata.org/entity/Q863539,http://www.wikidata.org/entity/Q108743836
http://www.wikidata.org/entity/Q866816,http://www.wikidata.org/entity/Q3015601
http://www.wikidata.org/entity/Q867306,http://www.wikidata.org/entity/Q10838732
http://www.wikidata.org/entity/Q867914,http://www.wikidata.org/entity/Q23072435
http://www.wikidata.org/entity/Q868855,http://www.wikidata.org/entity/Q11401
http://www.wikidata.org/entity/Q869210,http://www.wikidata.org/entity/Q943929
http://www.wikidata.org/entity/Q869210,http://www.wikidata.org/entity/Q16942070
http://www.wikidata.org/entity/Q869210,http://www.wikidata.org/entity/Q116690343
http://www.wikidata.org/entity/Q869750,http://www.wikidata.org/entity/Q17053898
http://www.wikidata.org/entity/Q870340,http://www.wikidata.org/entity/Q20825943
http://www.wikidata.org/entity/Q873478,http://www.wikidata.org/entity/Q257533
http://www.wikidata.org/entity/Q874038,http://www.wikidata.org/entity/Q20502
http://www.wikidata.org/entity/Q876171,http://www.wikidata.org/entity/Q3135787
http://www.wikidata.org/entity/Q876812,http://www.wikidata.org/entity/Q9730
http://www.wikidata.org/entity/Q876812,http://www.wikidata.org/entity/Q207628
http://www.wikidata.org/entity/Q877693,http://www.wikidata.org/entity/Q6010
http://www.wikidata.org/entity/Q877693,http://www.wikidata.org/entity/Q11399
http://www.wikidata.org/entity/Q877693,http://www.wikidata.org/entity/Q11401
http://www.wikidata.org/entity/Q880270,http://www.wikidata.org/entity/Q1541229
http://www.wikidata.org/entity/Q880270,http://www.wikidata.org/entity/Q106085531
http://www.wikidata.org/entity/Q880270,http://www.wikidata.org/entity/Q110592429
http://www.wikidata.org/entity/Q882985,http://www.wikidata.org/entity/Q531426
http://www.wikidata.org/entity/Q885561,http://www.wikidata.org/entity/Q37073
http://www.wikidata.org/entity/Q885561,http://www.wikidata.org/entity/Q131272
http://www.wikidata.org/entity/Q885943,http://www.wikidata.org/entity/Q972424
http://www.wikidata.org/entity/Q885943,http://www.wikidata.org/entity/Q3696098
http://www.wikidata.org/entity/Q888137,http://www.wikidata.org/entity/Q851213
http://www.wikidata.org/entity/Q888612,http://www.wikidata.org/entity/Q188534
http://www.wikidata.org/entity/Q888612,http://www.wikidata.org/entity/Q483251
http://www.wikidata.org/entity/Q890575,http://www.wikidata.org/entity/Q10922
http://www.wikidata.org/entity/Q890575,http://www.wikidata.org/entity/Q12326776
http://www.wikidata.org/entity/Q890887,http://www.wikidata.org/entity/Q170435
http://www.wikidata.org/entity/Q890887,http://www.wikidata.org/entity/Q3328676
http://www.wikidata.org/entity/Q892958,http://www.wikidata.org/entity/Q11639
http://www.wikidata.org/entity/Q892958,http://www.wikidata.org/entity/Q45981
http://www.wikidata.org/entity/Q892958,http://www.wikidata.org/entity/Q18345375
http://www.wikidata.org/entity/Q896513,http://www.wikidata.org/entity/Q183504
http://www.wikidata.org/entity/Q896981,http://www.wikidata.org/entity/Q502658
http://www.wikidata.org/entity/Q898530,http://www.wikidata.org/entity/Q11399
http://www.wikidata.org/entity/Q898709,http://www.wikidata.org/entity/Q851213
http://www.wikidata.org/entity/Q899116,http://www.wikidata.org/entity/Q3840596
http://www.wikidata.org/entity/Q899215,http://www.wikidata.org/entity/Q727781
http://www.wikidata.org/entity/Q899215,http://www.wikidata.org/entity/Q4958788
http://www.wikidata.org/entity/Q899215,http://www.wikidata.org/entity/Q5645984
http://www.wikidata.org/entity/Q901610,http://www.wikidata.org/entity/Q106586219
http://www.wikidata.org/entity/Q903735,http://www.wikidata.org/entity/Q388906
http://www.wikidata.org/entity/Q904500,http://www.wikidata.org/entity/Q11399
http://www.wikidata.org/entity/Q904500,http://www.wikidata.org/entity/Q3328634
http://www.wikidata.org/entity/Q906647,http://www.wikidata.org/entity/Q8341
http://www.wikidata.org/entity/Q907799,http://www.wikidata.org/entity/Q7309098
http://www.wikidata.org/entity/Q910606,http://www.wikidata.org/entity/Q672134
http://www.wikidata.org/entity/Q912383,http://www.wikidata.org/entity/Q9730
http://www.wikidata.org/entity/Q915152,http://www.wikidata.org/entity/Q20502
http://www.wikidata.org/entity/Q915152,http://www.wikidata.org/entity/Q12200830
http://www.wikidata.org/entity/Q916387,http://www.wikidata.org/entity/Q848399
http://www.wikidata.org/entity/Q918095,http://www.wikidata.org/entity/Q966564
http://www.wikidata.org/entity/Q918542,http://www.wikidata.org/entity/Q640097
http://www.wikidata.org/entity/Q918727,http://www.wikidata.org/entity/Q1370345
http://www.wikidata.org/entity/Q918727,http://www.wikidata.org/entity/Q117187901
http://www.wikidata.org/entity/Q919516,http://www.wikidata.org/entity/Q40953
http://www.wikidata.org/entity/Q919516,http://www.wikidata.org/entity/Q484692
http://www.wikidata.org/entity/Q919948,http://www.wikidata.org/entity/Q26302245
http://www.wikidata.org/entity/Q920883,http://www.wikidata.org/entity/Q727781
http://www.wikidata.org/entity/Q920883,http://www.wikidata.org/entity/Q5645984
http://www.wikidata.org/entity/Q922865,http://www.wikidata.org/entity/Q388906
http://www.wikidata.org/entity/Q927425,http://www.wikidata.org/entity/Q8361
http://www.wikidata.org/entity/Q927425,http://www.wikidata.org/entity/Q202287
http://www.wikidata.org/entity/Q928825,http://www.wikidata.org/entity/Q20502
http://www.wikidata.org/entity/Q930592,http://www.wikidata.org/entity/Q216961
http://www.wikidata.org/entity/Q930995,http://www.wikidata.org/entity/Q3071
http://www.wikidata.org/entity/Q932477,http://www.wikidata.org/entity/Q106507381
http://www.wikidata.org/entity/Q3421402,http://www.wikidata.org/entity/Q839029
http://www.wikidata.org/entity/Q3421402,http://www.wikidata.org/entity/Q113509746
http://www.wikidata.org/entity/Q3422697,http://www.wikidata.org/entity/Q852767
http://www.wikidata.org/entity/Q3422697,http://www.wikidata.org/entity/Q964658
http://www.wikidata.org/entity/Q3422966,http://www.wikidata.org/entity/Q9730
http://www.wikidata.org/entity/Q3422966,http://www.wikidata.org/entity/Q109454197
http://www.wikidata.org/entity/Q3437798,http://www.wikidata.org/entity/Q11399
http://www.wikidata.org/entity/Q3437798,http://www.wikidata.org/entity/Q3328583
http://www.wikidata.org/entity/Q3437802,http://www.wikidata.org/entity/Q11399
http://www.wikidata.org/entity/Q3437802,http://www.wikidata.org/entity/Q2267955
http://www.wikidata.org/entity/Q3437814,http://www.wikidata.org/entity/Q11399
http://www.wikidata.org/entity/Q3437814,http://www.wikidata.org/entity/Q3328599
http://www.wikidata.org/entity/Q3437817,http://www.wikidata.org/entity/Q11399
http://www.wikidata.org/entity/Q3437817,http://www.wikidata.org/entity/Q3114644
http://www.wikidata.org/entity/Q3437819,http://www.wikidata.org/entity/Q11399
http://www.wikidata.org/entity/Q3437819,http://www.wikidata.org/entity/Q2587471
http://www.wikidata.org/entity/Q3437821,http://www.wikidata.org/entity/Q11399
http://www.wikidata.org/entity/Q3437821,http://www.wikidata.org/entity/Q6942037
http://www.wikidata.org/entity/Q3437823,http://www.wikidata.org/entity/Q11399
http://www.wikidata.org/entity/Q3437823,http://www.wikidata.org/entity/Q3889385
http://www.wikidata.org/entity/Q3437825,http://www.wikidata.org/entity/Q11399
http://www.wikidata.org/entity/Q3437826,http://www.wikidata.org/entity/Q11399
http://www.wikidata.org/entity/Q3437826,http://www.wikidata.org/entity/Q1236268
http://www.wikidata.org/entity/Q3437827,http://www.wikidata.org/entity/Q11399
http://www.wikidata.org/entity/Q3437827,http://www.wikidata.org/entity/Q2449418
http://www.wikidata.org/entity/Q3437832,http://www.wikidata.org/entity/Q11399
http://www.wikidata.org/entity/Q3437832,http://www.wikidata.org/entity/Q964987
http://www.wikidata.org/entity/Q3437834,http://www.wikidata.org/entity/Q11399
http://www.wikidata.org/entity/Q3437834,http://www.wikidata.org/entity/Q3110519
http://www.wikidata.org/entity/Q3437841,http://www.wikidata.org/entity/Q11399
http://www.wikidata.org/entity/Q3437841,http://www.wikidata.org/entity/Q672134
http://www.wikidata.org/entity/Q3437842,http://www.wikidata.org/entity/Q11399
http://www.wikidata.org/entity/Q3437842,http://www.wikidata.org/entity/Q1465419
http://www.wikidata.org/entity/Q3437846,http://www.wikidata.org/entity/Q11399
http://www.wikidata.org/entity/Q3437846,http://www.wikidata.org/entity/Q932477
http://www.wikidata.org/entity/Q3437850,http://www.wikidata.org/entity/Q11399
http://www.wikidata.org/entity/Q3437850,http://www.wikidata.org/entity/Q1378776
http://www.wikidata.org/entity/Q3437852,http://www.wikidata.org/entity/Q11399
http://www.wikidata.org/entity/Q3437852,http://www.wikidata.org/entity/Q2617447
http://www.wikidata.org/entity/Q3437854,http://www.wikidata.org/entity/Q11399
http://www.wikidata.org/entity/Q3437854,http://www.wikidata.org/entity/Q3679098
http://www.wikidata.org/entity/Q3437855,http://www.wikidata.org/entity/Q11399
http://www.wikidata.org/entity/Q3437855,http://www.wikidata.org/entity/Q6742070
http://www.wikidata.org/entity/Q3437856,http://www.wikidata.org/entity/Q11399
http://www.wikidata.org/entity/Q3437856,http://www.wikidata.org/entity/Q5766537
http://www.wikidata.org/entity/Q3437861,http://www.wikidata.org/entity/Q11399
http://www.wikidata.org/entity/Q3437861,http://www.wikidata.org/entity/Q185162
http://www.wikidata.org/entity/Q3437861,http://www.wikidata.org/entity/Q3397325
http://www.wikidata.org/entity/Q3437862,http://www.wikidata.org/entity/Q11399
http://www.wikidata.org/entity/Q3437862,http://www.wikidata.org/entity/Q833189
http://www.wikidata.org/entity/Q3437864,http://www.wikidata.org/entity/Q11399
http://www.wikidata.org/entity/Q3437864,http://www.wikidata.org/entity/Q377185
http://www.wikidata.org/entity/Q3437867,http://www.wikidata.org/entity/Q11399
http://www.wikidata.org/entity/Q3437867,http://www.wikidata.org/entity/Q6942216
http://www.wikidata.org/entity/Q3437868,http://www.wikidata.org/entity/Q11399
http://www.wikidata.org/entity/Q3437868,http://www.wikidata.org/entity/Q3328735
http://www.wikidata.org/entity/Q3437873,http://www.wikidata.org/entity/Q11399
http://www.wikidata.org/entity/Q3437873,http://www.wikidata.org/entity/Q3085344
http://www.wikidata.org/entity/Q3437876,http://www.wikidata.org/entity/Q11399
http://www.wikidata.org/entity/Q3437876,http://www.wikidata.org/entity/Q3328766
http://www.wikidata.org/entity/Q3437879,http://www.wikidata.org/entity/Q11399
http://www.wikidata.org/entity/Q3437879,http://www.wikidata.org/entity/Q2082510
http://www.wikidata.org/entity/Q3437882,http://www.wikidata.org/entity/Q11399
http://www.wikidata.org/entity/Q3437882,http://www.wikidata.org/entity/Q2981079
http://www.wikidata.org/entity/Q3437891,http://www.wikidata.org/entity/Q11399
http://www.wikidata.org/entity/Q3437891,http://www.wikidata.org/entity/Q1156957
http://www.wikidata.org/entity/Q3446440,http://www.wikidata.org/entity/Q15357587
http://www.wikidata.org/entity/Q3453150,http://www.wikidata.org/entity/Q116777655
http://www.wikidata.org/entity/Q3470688,http://www.wikidata.org/entity/Q11403
http://www.wikidata.org/entity/Q3470688,http://www.wikidata.org/entity/Q280336
http://www.wikidata.org/entity/Q3470688,http://www.wikidata.org/entity/Q10264148
http://www.wikidata.org/entity/Q3470692,http://www.wikidata.org/entity/Q11403
http://www.wikidata.org/entity/Q3474944,http://www.wikidata.org/entity/Q1298934
http://www.wikidata.org/entity/Q3474944,http://www.wikidata.org/entity/Q110471193
http://www.wikidata.org/entity/Q3476584,http://www.wikidata.org/entity/Q10922
http://www.wikidata.org/entity/Q3476584,http://www.wikidata.org/entity/Q6942047
http://www.wikidata.org/entity/Q3476798,http://www.wikidata.org/entity/Q9778
http://www.wikidata.org/entity/Q3477737,http://www.wikidata.org/entity/Q9794
http://www.wikidata.org/entity/Q3477737,http://www.wikidata.org/entity/Q1781796
http://www.wikidata.org/entity/Q3482281,http://www.wikidata.org/entity/Q7366
http://www.wikidata.org/entity/Q3482281,http://www.wikidata.org/entity/Q26302245
http://www.wikidata.org/entity/Q3486097,http://www.wikidata.org/entity/Q11399
http://www.wikidata.org/entity/Q3486097,http://www.wikidata.org/entity/Q3990466
http://www.wikidata.org/entity/Q3486495,http://www.wikidata.org/entity/Q474027
http://www.wikidata.org/entity/Q3486495,http://www.wikidata.org/entity/Q572717
http://www.wikidata.org/entity/Q3486495,http://www.wikidata.org/entity/Q4690168
http://www.wikidata.org/entity/Q3487087,http://www.wikidata.org/entity/Q207628
http://www.wikidata.org/entity/Q3487358,http://www.wikidata.org/entity/Q487965
http://www.wikidata.org/entity/Q3487358,http://www.wikidata.org/entity/Q2687544
http://www.wikidata.org/entity/Q3492946,http://www.wikidata.org/entity/Q932477
http://www.wikidata.org/entity/Q3492946,http://www.wikidata.org/entity/Q5413526
http://www.wikidata.org/entity/Q3492949,http://www.wikidata.org/entity/Q388906
http://www.wikidata.org/entity/Q3495144,http://www.wikidata.org/entity/Q27939
http://www.wikidata.org/entity/Q3500284,http://www.wikidata.org/entity/Q37073
http://www.wikidata.org/entity/Q3501147,http://www.wikidata.org/entity/Q388906
http://www.wikidata.org/entity/Q3501147,http://www.wikidata.org/entity/Q820049
http://www.wikidata.org/entity/Q3503814,http://www.wikidata.org/entity/Q105763581
http://www.wikidata.org/entity/Q3506890,http://www.wikidata.org/entity/Q2981079
http://www.wikidata.org/entity/Q3506890,http://www.wikidata.org/entity/Q5413526
http://www.wikidata.org/entity/Q3509353,http://www.wikidata.org/entity/Q9048265
http://www.wikidata.org/entity/Q6191683,http://www.wikidata.org/entity/Q51446080
http://www.wikidata.org/entity/Q6191683,http://www.wikidata.org/entity/Q134005844
http://www.wikidata.org/entity/Q6192596,http://www.wikidata.org/entity/Q1370345
http://www.wikidata.org/entity/Q6192596,http://www.wikidata.org/entity/Q97358130
http://www.wikidata.org/entity/Q6296743,http://www.wikidata.org/entity/Q546264
http://www.wikidata.org/entity/Q6301761,http://www.wikidata.org/entity/Q3868594
http://www.wikidata.org/entity/Q6305421,http://www.wikidata.org/entity/Q9759
http://www.wikidata.org/entity/Q6346110,http://www.wikidata.org/entity/Q1755959
http://www.wikidata.org/entity/Q6348907,http://www.wikidata.org/entity/Q19749652
http://www.wikidata.org/entity/Q6351763,http://www.wikidata.org/entity/Q5464449
http://www.wikidata.org/entity/Q6365333,http://www.wikidata.org/entity/Q106506830
http://www.wikidata.org/entity/Q6365528,http://www.wikidata.org/entity/Q1074080
http://www.wikidata.org/entity/Q6365528,http://www.wikidata.org/entity/Q1370345
http://www.wikidata.org/entity/Q6367434,http://www.wikidata.org/entity/Q685884
http://www.wikidata.org/entity/Q6379275,http://www.wikidata.org/entity/Q8564213
http://www.wikidata.org/entity/Q6379472,http://www.wikidata.org/entity/Q7832297
http://www.wikidata.org/entity/Q6379472,http://www.wikidata.org/entity/Q108833878
http://www.wikidata.org/entity/Q6392890,http://www.wikidata.org/entity/Q387236
http://www.wikidata.org/entity/Q6392890,http://www.wikidata.org/entity/Q3868594
http://www.wikidata.org/entity/Q6397421,http://www.wikidata.org/entity/Q4428744
http://www.wikidata.org/entity/Q6397421,http://www.wikidata.org/entity/Q15830404
http://www.wikidata.org/entity/Q6404580,http://www.wikidata.org/entity/Q972634
http://www.wikidata.org/entity/Q6404580,http://www.wikidata.org/entity/Q3868597
http://www.wikidata.org/entity/Q6410349,http://www.wikidata.org/entity/Q1229479
http://www.wikidata.org/entity/Q6410606,http://www.wikidata.org/entity/Q11399
http://www.wikidata.org/entity/Q6410606,http://www.wikidata.org/entity/Q2389651
http://www.wikidata.org/entity/Q6414548,http://www.wikidata.org/entity/Q2662072
http://www.wikidata.org/entity/Q6419747,http://www.wikidata.org/entity/Q383103
http://www.wikidata.org/entity/Q6419747,http://www.wikidata.org/entity/Q1770695
http://www.wikidata.org/entity/Q6421060,http://www.wikidata.org/entity/Q3160589
http://www.wikidata.org/entity/Q6425210,http://www.wikidata.org/entity/Q7016547
http://www.wikidata.org/entity/Q6430313,http://www.wikidata.org/entity/Q943929
http://www.wikidata.org/entity/Q6430313,http://www.wikidata.org/entity/Q6942257
http://www.wikidata.org/entity/Q6431989,http://www.wikidata.org/entity/Q4806789
http://www.wikidata.org/entity/Q6431989,http://www.wikidata.org/entity/Q6942280
http://www.wikidata.org/entity/Q6432024,http://www.wikidata.org/entity/Q11399
http://www.wikidata.org/entity/Q6432024,http://www.wikidata.org/entity/Q6942280
http://www.wikidata.org/entity/Q6440913,http://www.wikidata.org/entity/Q2665906
http://www.wikidata.org/entity/Q6442578,http://www.wikidata.org/entity/Q6942329
http://www.wikidata.org/entity/Q6444335,http://www.wikidata.org/entity/Q3328743
http://www.wikidata.org/entity/Q6444335,http://www.wikidata.org/entity/Q106586999
http://www.wikidata.org/entity/Q6452410,http://www.wikidata.org/entity/Q1065742
http://www.wikidata.org/entity/Q6453929,http://www.wikidata.org/entity/Q11399
http://www.wikidata.org/entity/Q6456152,http://www.wikidata.org/entity/Q37073
http://www.wikidata.org/entity/Q6456152,http://www.wikidata.org/entity/Q3328702
http://www.wikidata.org/entity/Q6480724,http://www.wikidata.org/entity/Q3328702
http://www.wikidata.org/entity/Q6480725,http://www.wikidata.org/entity/Q3328702
http://www.wikidata.org/entity/Q6480726,http://www.wikidata.org/entity/Q943929
http://www.wikidata.org/entity/Q6480726,http://www.wikidata.org/entity/Q109270949
http://www.wikidata.org/entity/Q6496549,http://www.wikidata.org/entity/Q131272
http://www.wikidata.org/entity/Q6496549,http://www.wikidata.org/entity/Q18345375
http://www.wikidata.org/entity/Q6496560,http://www.wikidata.org/entity/Q547137
http://www.wikidata.org/entity/Q6496560,http://www.wikidata.org/entity/Q1077388
http://www.wikidata.org/entity/Q6497489,http://www.wikidata.org/entity/Q11399
http://www.wikidata.org/entity/Q6497489,http://www.wikidata.org/entity/Q2503249
http://www.wikidata.org/entity/Q6510987,http://www.wikidata.org/entity/Q3135793
http://www.wikidata.org/entity/Q6510987,http://www.wikidata.org/entity/Q3328710
http://www.wikidata.org/entity/Q6516176,http://www.wikidata.org/entity/Q469343
http://www.wikidata.org/entity/Q6516176,http://www.wikidata.org/entity/Q6941931
http://www.wikidata.org/entity/Q6543501,http://www.wikidata.org/entity/Q111633950
http://www.wikidata.org/entity/Q6554176,http://www.wikidata.org/entity/Q64137792
http://www.wikidata.org/entity/Q6584641,http://www.wikidata.org/entity/Q40953
http://www.wikidata.org/entity/Q6585404,http://www.wikidata.org/entity/Q3858
http://www.wikidata.org/entity/Q6585404,http://www.wikidata.org/entity/Q8341
http://www.wikidata.org/entity/Q6593123,http://www.wikidata.org/entity/Q106586248
http://www.wikidata.org/entity/Q6629917,http://www.wikidata.org/entity/Q13025600
http://www.wikidata.org/entity/Q6654795,http://www.wikidata.org/entity/Q4806789
http://www.wikidata.org/entity/Q6654795,http://www.wikidata.org/entity/Q6665245
http://www.wikidata.org/entity/Q6658771,http://www.wikidata.org/entity/Q817138
http://www.wikidata.org/entity/Q6658771,http://www.wikidata.org/entity/Q106581777
http://www.wikidata.org/entity/Q6665245,http://www.wikidata.org/entity/Q867306
http://www.wikidata.org/entity/Q6665252,http://www.wikidata.org/entity/Q186472
http://www.wikidata.org/entity/Q6665252,http://www.wikidata.org/entity/Q6665245
http://www.wikidata.org/entity/Q6666682,http://www.wikidata.org/entity/Q3163359
http://www.wikidata.org/entity/Q6684958,http://www.wikidata.org/entity/Q11215782
http://www.wikidata.org/entity/Q6689665,http://www.wikidata.org/entity/Q11399
http://www.wikidata.org/entity/Q6701559,http://www.wikidata.org/entity/Q6665245
http://www.wikidata.org/entity/Q6705212,http://www.wikidata.org/entity/Q18345375
http://www.wikidata.org/entity/Q6705418,http://www.wikidata.org/entity/Q113600088
http://www.wikidata.org/entity/Q6723162,http://www.wikidata.org/entity/Q3328714
http://www.wikidata.org/entity/Q6723162,http://www.wikidata.org/entity/Q5413526
http://www.wikidata.org/entity/Q6741049,http://www.wikidata.org/entity/Q2486179
http://www.wikidata.org/entity/Q6741049,http://www.wikidata.org/entity/Q98528197
http://www.wikidata.org/entity/Q6741534,http://www.wikidata.org/entity/Q194492
http://www.wikidata.org/entity/Q6741534,http://www.wikidata.org/entity/Q109381505
http://www.wikidata.org/entity/Q6742056,http://www.wikidata.org/entity/Q4806789
http://www.wikidata.org/entity/Q6742056,http://www.wikidata.org/entity/Q6742070
http://www.wikidata.org/entity/Q6742070,http://www.wikidata.org/entity/Q373342
http://www.wikidata.org/entity/Q6742070,http://www.wikidata.org/entity/Q3328715
http://www.wikidata.org/entity/Q6748746,http://www.wikidata.org/entity/Q11639
http://www.wikidata.org/entity/Q6748746,http://www.wikidata.org/entity/Q106588687
http://www.wikidata.org/entity/Q6749708,http://www.wikidata.org/entity/Q484641
http://www.wikidata.org/entity/Q6754164,http://www.wikidata.org/entity/Q1482325
http://www.wikidata.org/entity/Q6754164,http://www.wikidata.org/entity/Q109271391
http://www.wikidata.org/entity/Q6754289,http://www.wikidata.org/entity/Q804596
http://www.wikidata.org/entity/Q6759033,http://www.wikidata.org/entity/Q11639
http://www.wikidata.org/entity/Q6759033,http://www.wikidata.org/entity/Q531426
http://www.wikidata.org/entity/Q6759033,http://www.wikidata.org/entity/Q624044
http://www.wikidata.org/entity/Q6774721,http://www.wikidata.org/entity/Q26897135
http://www.wikidata.org/entity/Q6783396,http://www.wikidata.org/entity/Q17111801
http://www.wikidata.org/entity/Q624221,http://www.wikidata.org/entity/Q624044
http://www.wikidata.org/entity/Q627181,http://www.wikidata.org/entity/Q235858
http://www.wikidata.org/entity/Q627181,http://www.wikidata.org/entity/Q25452063
http://www.wikidata.org/entity/Q627906,http://www.wikidata.org/entity/Q20502
http://www.wikidata.org/entity/Q630689,http://www.wikidata.org/entity/Q11401
http://www.wikidata.org/entity/Q630689,http://www.wikidata.org/entity/Q106586248
http://www.wikidata.org/entity/Q631621,http://www.wikidata.org/entity/Q2396565
http://www.wikidata.org/entity/Q632393,http://www.wikidata.org/entity/Q8341
http://www.wikidata.org/entity/Q632964,http://www.wikidata.org/entity/Q207628
http://www.wikidata.org/entity/Q638569,http://www.wikidata.org/entity/Q207628
http://www.wikidata.org/entity/Q638569,http://www.wikidata.org/entity/Q3328676
http://www.wikidata.org/entity/Q639197,http://www.wikidata.org/entity/Q115484611
http://www.wikidata.org/entity/Q640097,http://www.wikidata.org/entity/Q9759
http://www.wikidata.org/entity/Q641318,http://www.wikidata.org/entity/Q186472
http://www.wikidata.org/entity/Q641357,http://www.wikidata.org/entity/Q12326776
http://www.wikidata.org/entity/Q642760,http://www.wikidata.org/entity/Q3437802
http://www.wikidata.org/entity/Q642983,http://www.wikidata.org/entity/Q20825943
http://www.wikidata.org/entity/Q643684,http://www.wikidata.org/entity/Q2743
http://www.wikidata.org/entity/Q643684,http://www.wikidata.org/entity/Q842256
http://www.wikidata.org/entity/Q645992,http://www.wikidata.org/entity/Q727781
http://www.wikidata.org/entity/Q645992,http://www.wikidata.org/entity/Q5645984
http://www.wikidata.org/entity/Q646026,http://www.wikidata.org/entity/Q11399
http://www.wikidata.org/entity/Q646026,http://www.wikidata.org/entity/Q645992
http://www.wikidata.org/entity/Q646165,http://www.wikidata.org/entity/Q188994
http://www.wikidata.org/entity/Q646528,http://www.wikidata.org/entity/Q187760
http://www.wikidata.org/entity/Q646528,http://www.wikidata.org/entity/Q1522794
http://www.wikidata.org/entity/Q646679,http://www.wikidata.org/entity/Q3071
http://www.wikidata.org/entity/Q646679,http://www.wikidata.org/entity/Q187760
http://www.wikidata.org/entity/Q646679,http://www.wikidata.org/entity/Q2743758
http://www.wikidata.org/entity/Q647653,http://www.wikidata.org/entity/Q207628
http://www.wikidata.org/entity/Q648283,http://www.wikidata.org/entity/Q280336
http://www.wikidata.org/entity/Q648283,http://www.wikidata.org/entity/Q3015675
http://www.wikidata.org/entity/Q648283,http://www.wikidata.org/entity/Q11822344
http://www.wikidata.org/entity/Q648311,http://www.wikidata.org/entity/Q9759
http://www.wikidata.org/entity/Q648311,http://www.wikidata.org/entity/Q2267955
http://www.wikidata.org/entity/Q649634,http://www.wikidata.org/entity/Q7248857
http://www.wikidata.org/entity/Q649634,http://www.wikidata.org/entity/Q106298881
http://www.wikidata.org/entity/Q649823,http://www.wikidata.org/entity/Q9759
http://www.wikidata.org/entity/Q649823,http://www.wikidata.org/entity/Q1541229
http://www.wikidata.org/entity/Q650316,http://www.wikidata.org/entity/Q1640319
http://www.wikidata.org/entity/Q650316,http://www.wikidata.org/entity/Q12183214
http://www.wikidata.org/entity/Q650505,http://www.wikidata.org/entity/Q1051735
http://www.wikidata.org/entity/Q655514,http://www.wikidata.org/entity/Q211756
http://www.wikidata.org/entity/Q655514,http://www.wikidata.org/entity/Q851213
http://www.wikidata.org/entity/Q655514,http://www.wikidata.org/entity/Q116985035
http://www.wikidata.org/entity/Q658334,http://www.wikidata.org/entity/Q943929
http://www.wikidata.org/entity/Q659599,http://www.wikidata.org/entity/Q25554481
http://www.wikidata.org/entity/Q660984,http://www.wikidata.org/entity/Q851213
http://www.wikidata.org/entity/Q661651,http://www.wikidata.org/entity/Q7366
http://www.wikidata.org/entity/Q661651,http://www.wikidata.org/entity/Q1370345
http://www.wikidata.org/entity/Q663519,http://www.wikidata.org/entity/Q851213
http://www.wikidata.org/entity/Q663833,http://www.wikidata.org/entity/Q11639
http://www.wikidata.org/entity/Q663833,http://www.wikidata.org/entity/Q109589714
http://www.wikidata.org/entity/Q663979,http://www.wikidata.org/entity/Q2574657
http://www.wikidata.org/entity/Q3160589,http://www.wikidata.org/entity/Q104853037
http://www.wikidata.org/entity/Q3163340,http://www.wikidata.org/entity/Q837389
http://www.wikidata.org/entity/Q3163340,http://www.wikidata.org/entity/Q20715191
http://www.wikidata.org/entity/Q932977,http://www.wikidata.org/entity/Q10922
http://www.wikidata.org/entity/Q932977,http://www.wikidata.org/entity/Q483352
http://www.wikidata.org/entity/Q935086,http://www.wikidata.org/entity/Q525073
http://www.wikidata.org/entity/Q935586,http://www.wikidata.org/entity/Q1065742
http://www.wikidata.org/entity/Q935586,http://www.wikidata.org/entity/Q11787379
http://www.wikidata.org/entity/Q936552,http://www.wikidata.org/entity/Q11400811
http://www.wikidata.org/entity/Q936573,http://www.wikidata.org/entity/Q11401
http://www.wikidata.org/entity/Q936573,http://www.wikidata.org/entity/Q114880124
http://www.wikidata.org/entity/Q936942,http://www.wikidata.org/entity/Q487965
http://www.wikidata.org/entity/Q940462,http://www.wikidata.org/entity/Q117187901
http://www.wikidata.org/entity/Q942955,http://www.wikidata.org/entity/Q98528197
http://www.wikidata.org/entity/Q942955,http://www.wikidata.org/entity/Q123856101
http://www.wikidata.org/entity/Q944465,http://www.wikidata.org/entity/Q11399
http://www.wikidata.org/entity/Q944800,http://www.wikidata.org/entity/Q7366
http://www.wikidata.org/entity/Q947155,http://www.wikidata.org/entity/Q98528198
http://www.wikidata.org/entity/Q949369,http://www.wikidata.org/entity/Q20502
http://www.wikidata.org/entity/Q952404,http://www.wikidata.org/entity/Q11497242
http://www.wikidata.org/entity/Q952404,http://www.wikidata.org/entity/Q110592786
http://www.wikidata.org/entity/Q956717,http://www.wikidata.org/entity/Q20502
http://www.wikidata.org/entity/Q956717,http://www.wikidata.org/entity/Q4794612
http://www.wikidata.org/entity/Q956883,http://www.wikidata.org/entity/Q1323698
http://www.wikidata.org/entity/Q956925,http://www.wikidata.org/entity/Q3868595
http://www.wikidata.org/entity/Q958982,http://www.wikidata.org/entity/Q2338544
http://www.wikidata.org/entity/Q958982,http://www.wikidata.org/entity/Q16684826
http://www.wikidata.org/entity/Q958982,http://www.wikidata.org/entity/Q107266605
http://www.wikidata.org/entity/Q959583,http://www.wikidata.org/entity/Q37073
http://www.wikidata.org/entity/Q959583,http://www.wikidata.org/entity/Q3328676
http://www.wikidata.org/entity/Q961146,http://www.wikidata.org/entity/Q3397325
http://www.wikidata.org/entity/Q961146,http://www.wikidata.org/entity/Q5464451
http://www.wikidata.org/entity/Q963061,http://www.wikidata.org/entity/Q6942329
http://www.wikidata.org/entity/Q963369,http://www.wikidata.org/entity/Q37073
http://www.wikidata.org/entity/Q963369,http://www.wikidata.org/entity/Q110471193
http://www.wikidata.org/entity/Q964658,http://www.wikidata.org/entity/Q4490991
http://www.wikidata.org/entity/Q964987,http://www.wikidata.org/entity/Q1209421
http://www.wikidata.org/entity/Q964987,http://www.wikidata.org/entity/Q18345375
http://www.wikidata.org/entity/Q964987,http://www.wikidata.org/entity/Q110592632
http://www.wikidata.org/entity/Q965635,http://www.wikidata.org/entity/Q6010
http://www.wikidata.org/entity/Q965635,http://www.wikidata.org/entity/Q11401
http://www.wikidata.org/entity/Q965635,http://www.wikidata.org/entity/Q42201
http://www.wikidata.org/entity/Q965635,http://www.wikidata.org/entity/Q1373485
http://www.wikidata.org/entity/Q965834,http://www.wikidata.org/entity/Q23072435
http://www.wikidata.org/entity/Q965834,http://www.wikidata.org/entity/Q139566472
http://www.wikidata.org/entity/Q966438,http://www.wikidata.org/entity/Q116690343
http://www.wikidata.org/entity/Q966564,http://www.wikidata.org/entity/Q11401
http://www.wikidata.org/entity/Q967654,http://www.wikidata.org/entity/Q188994
http://www.wikidata.org/entity/Q968018,http://www.wikidata.org/entity/Q3394906
http://www.wikidata.org/entity/Q968018,http://www.wikidata.org/entity/Q5060331
http://www.wikidata.org/entity/Q968165,http://www.wikidata.org/entity/Q968018
http://www.wikidata.org/entity/Q968730,http://www.wikidata.org/entity/Q11399
http://www.wikidata.org/entity/Q968730,http://www.wikidata.org/entity/Q936942
http://www.wikidata.org/entity/Q969663,http://www.wikidata.org/entity/Q11401
http://www.wikidata.org/entity/Q969663,http://www.wikidata.org/entity/Q132531661
http://www.wikidata.org/entity/Q970409,http://www.wikidata.org/entity/Q132438
http://www.wikidata.org/entity/Q970409,http://www.wikidata.org/entity/Q822914
http://www.wikidata.org/entity/Q972424,http://www.wikidata.org/entity/Q108743983
http://www.wikidata.org/entity/Q972634,http://www.wikidata.org/entity/Q369820
http://www.wikidata.org/entity/Q972634,http://www.wikidata.org/entity/Q373342
http://www.wikidata.org/entity/Q973150,http://www.wikidata.org/entity/Q1192110
http://www.wikidata.org/entity/Q976802,http://www.wikidata.org/entity/Q1544863
http://www.wikidata.org/entity/Q985039,http://www.wikidata.org/entity/Q1683305
http://www.wikidata.org/entity/Q985039,http://www.wikidata.org/entity/Q7832297
http://www.wikidata.org/entity/Q985135,http://www.wikidata.org/entity/Q109448926
http://www.wikidata.org/entity/Q988502,http://www.wikidata.org/entity/Q179465
http://www.wikidata.org/entity/Q988502,http://www.wikidata.org/entity/Q54891495
http://www.wikidata.org/entity/Q989478,http://www.wikidata.org/entity/Q8361
http://www.wikidata.org/entity/Q997481,http://www.wikidata.org/entity/Q37073
http://www.wikidata.org/entity/Q1003981,http://www.wikidata.org/entity/Q3211884
http://www.wikidata.org/entity/Q1014887,http://www.wikidata.org/entity/Q963061
http://www.wikidata.org/entity/Q1016608,http://www.wikidata.org/entity/Q207628
http://www.wikidata.org/entity/Q1020611,http://www.wikidata.org/entity/Q7777494
http://www.wikidata.org/entity/Q1026089,http://www.wikidata.org/entity/Q6942158
http://www.wikidata.org/entity/Q1026113,http://www.wikidata.org/entity/Q11639
http://www.wikidata.org/entity/Q1026113,http://www.wikidata.org/entity/Q185652
http://www.wikidata.org/entity/Q1027999,http://www.wikidata.org/entity/Q170435
http://www.wikidata.org/entity/Q1033032,http://www.wikidata.org/entity/Q106926325
http://www.wikidata.org/entity/Q1033073,http://www.wikidata.org/entity/Q23965
http://www.wikidata.org/entity/Q1033073,http://www.wikidata.org/entity/Q98528197
http://www.wikidata.org/entity/Q1033073,http://www.wikidata.org/entity/Q116173499
http://www.wikidata.org/entity/Q1033073,http://www.wikidata.org/entity/Q123856101
http://www.wikidata.org/entity/Q1033810,http://www.wikidata.org/entity/Q2281713
http://www.wikidata.org/entity/Q1033810,http://www.wikidata.org/entity/Q2457695
http://www.wikidata.org/entity/Q1033813,http://www.wikidata.org/entity/Q7366
http://www.wikidata.org/entity/Q1033813,http://www.wikidata.org/entity/Q1288193
http://www.wikidata.org/entity/Q1033831,http://www.wikidata.org/entity/Q856713
http://www.wikidata.org/entity/Q1033831,http://www.wikidata.org/entity/Q23072435
http://www.wikidata.org/entity/Q1033912,http://www.wikidata.org/entity/Q851213
http://www.wikidata.org/entity/Q1034045,http://www.wikidata.org/entity/Q207628
http://www.wikidata.org/entity/Q1034045,http://www.wikidata.org/entity/Q207683
http://www.wikidata.org/entity/Q1034231,http://www.wikidata.org/entity/Q7565881
http://www.wikidata.org/entity/Q1036183,http://www.wikidata.org/entity/Q11639
http://www.wikidata.org/entity/Q1036183,http://www.wikidata.org/entity/Q899215
http://www.wikidata.org/entity/Q1036888,http://www.wikidata.org/entity/Q685884
http://www.wikidata.org/entity/Q1036888,http://www.wikidata.org/entity/Q932477
http://www.wikidata.org/entity/Q1037693,http://www.wikidata.org/entity/Q11399
http://www.wikidata.org/entity/Q1045541,http://www.wikidata.org/entity/Q164444
http://www.wikidata.org/entity/Q1045541,http://www.wikidata.org/entity/Q753679
http://www.wikidata.org/entity/Q1045756,http://www.wikidata.org/entity/Q65937946
http://www.wikidata.org/entity/Q1046768,http://www.wikidata.org/entity/Q899215
http://www.wikidata.org/entity/Q1046801,http://www.wikidata.org/entity/Q11401
http://www.wikidata.org/entity/Q1046801,http://www.wikidata.org/entity/Q1640319
http://www.wikidata.org/entity/Q1046838,http://www.wikidata.org/entity/Q38848
http://www.wikidata.org/entity/Q1046838,http://www.wikidata.org/entity/Q2782580
http://www.wikidata.org/entity/Q1046920,http://www.wikidata.org/entity/Q22669665
http://www.wikidata.org/entity/Q1048249,http://www.wikidata.org/entity/Q3679098
http://www.wikidata.org/entity/Q1048249,http://www.wikidata.org/entity/Q98528192
http://www.wikidata.org/entity/Q1048469,http://www.wikidata.org/entity/Q268673
http://www.wikidata.org/entity/Q1049625,http://www.wikidata.org/entity/Q214961
http://www.wikidata.org/entity/Q1049625,http://www.wikidata.org/entity/Q6942562
http://www.wikidata.org/entity/Q1051575,http://www.wikidata.org/entity/Q959583
http://www.wikidata.org/entity/Q1051575,http://www.wikidata.org/entity/Q3209069
http://www.wikidata.org/entity/Q1051735,http://www.wikidata.org/entity/Q3394906
http://www.wikidata.org/entity/Q1051843,http://www.wikidata.org/entity/Q49451
http://www.wikidata.org/entity/Q1055871,http://www.wikidata.org/entity/Q11366
http://www.wikidata.org/entity/Q1055871,http://www.wikidata.org/entity/Q257533
http://www.wikidata.org/entity/Q1060475,http://www.wikidata.org/entity/Q201022
http://www.wikidata.org/entity/Q1060475,http://www.wikidata.org/entity/Q6036543
http://www.wikidata.org/entity/Q1061165,http://www.wikidata.org/entity/Q3394906
http://www.wikidata.org/entity/Q1061165,http://www.wikidata.org/entity/Q107718539
http://www.wikidata.org/entity/Q1062199,http://www.wikidata.org/entity/Q1544863
http://www.wikidata.org/entity/Q1062328,http://www.wikidata.org/entity/Q373342
http://www.wikidata.org/entity/Q1062400,http://www.wikidata.org/entity/Q7366
http://www.wikidata.org/entity/Q1062400,http://www.wikidata.org/entity/Q672134
http://www.wikidata.org/entity/Q1062702,http://www.wikidata.org/entity/Q107021951
http://www.wikidata.org/entity/Q1063010,http://www.wikidata.org/entity/Q9730
http://www.wikidata.org/entity/Q1063010,http://www.wikidata.org/entity/Q207628
http://www.wikidata.org/entity/Q1064810,http://www.wikidata.org/entity/Q11399
http://www.wikidata.org/entity/Q1064810,http://www.wikidata.org/entity/Q122537914
http://www.wikidata.org/entity/Q1065742,http://www.wikidata.org/entity/Q26897135
http://www.wikidata.org/entity/Q1067089,http://www.wikidata.org/entity/Q27939
http://www.wikidata.org/entity/Q1067089,http://www.wikidata.org/entity/Q685884
http://www.wikidata.org/entity/Q1067089,http://www.wikidata.org/entity/Q1982569
http://www.wikidata.org/entity/Q1067089,http://www.wikidata.org/entity/Q4393922
http://www.wikidata.org/entity/Q1071244,http://www.wikidata.org/entity/Q3071
http://www.wikidata.org/entity/Q1071834,http://www.wikidata.org/entity/Q3328745
http://www.wikidata.org/entity/Q1071873,http://www.wikidata.org/entity/Q9759
http://www.wikidata.org/entity/Q1071873,http://www.wikidata.org/entity/Q640097
http://www.wikidata.org/entity/Q1071961,http://www.wikidata.org/entity/Q20502
http://www.wikidata.org/entity/Q1074080,http://www.wikidata.org/entity/Q1503406
http://www.wikidata.org/entity/Q1074080,http://www.wikidata.org/entity/Q3211884
http://www.wikidata.org/entity/Q1074569,http://www.wikidata.org/entity/Q11401
http://www.wikidata.org/entity/Q1075338,http://www.wikidata.org/entity/Q9759
http://www.wikidata.org/entity/Q1075338,http://www.wikidata.org/entity/Q1541229
http://www.wikidata.org/entity/Q1075799,http://www.wikidata.org/entity/Q3211884
http://www.wikidata.org/entity/Q1076092,http://www.wikidata.org/entity/Q483251
http://www.wikidata.org/entity/Q1076513,http://www.wikidata.org/entity/Q685884
http://www.wikidata.org/entity/Q1076539,http://www.wikidata.org/entity/Q899215
http://www.wikidata.org/entity/Q1077172,http://www.wikidata.org/entity/Q11401
http://www.wikidata.org/entity/Q1077172,http://www.wikidata.org/entity/Q639197
http://www.wikidata.org/entity/Q1077388,http://www.wikidata.org/entity/Q373342
http://www.wikidata.org/entity/Q1077388,http://www.wikidata.org/entity/Q116690343
http://www.wikidata.org/entity/Q1078010,http://www.wikidata.org/entity/Q936942
http://www.wikidata.org/entity/Q1079270,http://www.wikidata.org/entity/Q3015601
http://www.wikidata.org/entity/Q1079270,http://www.wikidata.org/entity/Q110558158
http://www.wikidata.org/entity/Q1079270,http://www.wikidata.org/entity/Q116173874
http://www.wikidata.org/entity/Q1079270,http://www.wikidata.org/entity/Q118738993
http://www.wikidata.org/entity/Q1089050,http://www.wikidata.org/entity/Q1695023
http://www.wikidata.org/entity/Q1089050,http://www.wikidata.org/entity/Q18345375
http://www.wikidata.org/entity/Q1090048,http://www.wikidata.org/entity/Q3394906
http://www.wikidata.org/entity/Q1091056,http://www.wikidata.org/entity/Q817138
http://www.wikidata.org/entity/Q1091450,http://www.wikidata.org/entity/Q4155078
http://www.wikidata.org/entity/Q1091536,http://www.wikidata.org/entity/Q106586248
http://www.wikidata.org/entity/Q1092553,http://www.wikidata.org/entity/Q854451
http://www.wikidata.org/entity/Q1092788,http://www.wikidata.org/entity/Q685884
http://www.wikidata.org/entity/Q1092837,http://www.wikidata.org/entity/Q8341
http://www.wikidata.org/entity/Q1092837,http://www.wikidata.org/entity/Q105513
http://www.wikidata.org/entity/Q1092924,http://www.wikidata.org/entity/Q2574657
http://www.wikidata.org/entity/Q1093232,http://www.wikidata.org/entity/Q1048249
http://www.wikidata.org/entity/Q1100989,http://www.wikidata.org/entity/Q5569949
http://www.wikidata.org/entity/Q1100989,http://www.wikidata.org/entity/Q105763581
http://www.wikidata.org/entity/Q1102161,http://www.wikidata.org/entity/Q188994
http://www.wikidata.org/entity/Q1102871,http://www.wikidata.org/entity/Q46649
http://www.wikidata.org/entity/Q1103669,http://www.wikidata.org/entity/Q201022
http://www.wikidata.org/entity/Q1103669,http://www.wikidata.org/entity/Q852210
http://www.wikidata.org/entity/Q1103669,http://www.wikidata.org/entity/Q98528192
http://www.wikidata.org/entity/Q1103669,http://www.wikidata.org/entity/Q118738993
http://www.wikidata.org/entity/Q1109497,http://www.wikidata.org/entity/Q649823
http://www.wikidata.org/entity/Q1109497,http://www.wikidata.org/entity/Q65936357
http://www.wikidata.org/entity/Q1109947,http://www.wikidata.org/entity/Q11401
http://www.wikidata.org/entity/Q1109947,http://www.wikidata.org/entity/Q740911
http://www.wikidata.org/entity/Q1113204,http://www.wikidata.org/entity/Q482
http://www.wikidata.org/entity/Q1113204,http://www.wikidata.org/entity/Q1299260
http://www.wikidata.org/entity/Q1113204,http://www.wikidata.org/entity/Q7168247
http://www.wikidata.org/entity/Q1121111,http://www.wikidata.org/entity/Q1196752
http://www.wikidata.org/entity/Q1121111,http://www.wikidata.org/entity/Q107718737
http://www.wikidata.org/entity/Q1123037,http://www.wikidata.org/entity/Q178715
http://www.wikidata.org/entity/Q1123037,http://www.wikidata.org/entity/Q493169
http://www.wikidata.org/entity/Q1123037,http://www.wikidata.org/entity/Q943929
http://www.wikidata.org/entity/Q1123037,http://www.wikidata.org/entity/Q5098270
http://www.wikidata.org/entity/Q1123381,http://www.wikidata.org/entity/Q8361
http://www.wikidata.org/entity/Q1123381,http://www.wikidata.org/entity/Q40831
http://www.wikidata.org/entity/Q1123381,http://www.wikidata.org/entity/Q41425
http://www.wikidata.org/entity/Q1123381,http://www.wikidata.org/entity/Q1370345
http://www.wikidata.org/entity/Q1123381,http://www.wikidata.org/entity/Q4851628
http://www.wikidata.org/entity/Q1123734,http://www.wikidata.org/entity/Q26473
http://www.wikidata.org/entity/Q1123745,http://www.wikidata.org/entity/Q76092
http://www.wikidata.org/entity/Q1123745,http://www.wikidata.org/entity/Q25554481
http://www.wikidata.org/entity/Q1123763,http://www.wikidata.org/entity/Q1268283
http://www.wikidata.org/entity/Q1125657,http://www.wikidata.org/entity/Q1544863
http://www.wikidata.org/entity/Q1125678,http://www.wikidata.org/entity/Q3595906
http://www.wikidata.org/entity/Q1125678,http://www.wikidata.org/entity/Q7777494
http://www.wikidata.org/entity/Q3510161,http://www.wikidata.org/entity/Q131272
http://www.wikidata.org/entity/Q3510161,http://www.wikidata.org/entity/Q6942292
http://www.wikidata.org/entity/Q3510528,http://www.wikidata.org/entity/Q139565726
http://www.wikidata.org/entity/Q3511593,http://www.wikidata.org/entity/Q1755959
http://www.wikidata.org/entity/Q3511593,http://www.wikidata.org/entity/Q6942044
http://www.wikidata.org/entity/Q3511593,http://www.wikidata.org/entity/Q98528260
http://www.wikidata.org/entity/Q3511593,http://www.wikidata.org/entity/Q98528267
http://www.wikidata.org/entity/Q3512282,http://www.wikidata.org/entity/Q65937946
http://www.wikidata.org/entity/Q3512563,http://www.wikidata.org/entity/Q131272
http://www.wikidata.org/entity/Q3512676,http://www.wikidata.org/entity/Q623904
http://www.wikidata.org/entity/Q3512699,http://www.wikidata.org/entity/Q3564665
http://www.wikidata.org/entity/Q3517436,http://www.wikidata.org/entity/Q12520649
http://www.wikidata.org/entity/Q3517436,http://www.wikidata.org/entity/Q104853037
http://www.wikidata.org/entity/Q3517436,http://www.wikidata.org/entity/Q106586998
http://www.wikidata.org/entity/Q3521984,http://www.wikidata.org/entity/Q956883
http://www.wikidata.org/entity/Q3525838,http://www.wikidata.org/entity/Q10757361
http://www.wikidata.org/entity/Q3527765,http://www.wikidata.org/entity/Q4400497
http://www.wikidata.org/entity/Q3527765,http://www.wikidata.org/entity/Q98807065
http://www.wikidata.org/entity/Q3529199,http://www.wikidata.org/entity/Q891374
http://www.wikidata.org/entity/Q3529199,http://www.wikidata.org/entity/Q17176998
http://www.wikidata.org/entity/Q3531526,http://www.wikidata.org/entity/Q6950428
http://www.wikidata.org/entity/Q3535998,http://www.wikidata.org/entity/Q37073
http://www.wikidata.org/entity/Q3535998,http://www.wikidata.org/entity/Q531426
http://www.wikidata.org/entity/Q3538739,http://www.wikidata.org/entity/Q388906
http://www.wikidata.org/entity/Q3538739,http://www.wikidata.org/entity/Q1524033
http://www.wikidata.org/entity/Q3541635,http://www.wikidata.org/entity/Q106586219
http://www.wikidata.org/entity/Q3542334,http://www.wikidata.org/entity/Q943929
http://www.wikidata.org/entity/Q3553356,http://www.wikidata.org/entity/Q109271585
http://www.wikidata.org/entity/Q3554510,http://www.wikidata.org/entity/Q11639
http://www.wikidata.org/entity/Q3554510,http://www.wikidata.org/entity/Q1958247
http://www.wikidata.org/entity/Q3559240,http://www.wikidata.org/entity/Q53806314
http://www.wikidata.org/entity/Q3560556,http://www.wikidata.org/entity/Q106556293
http://www.wikidata.org/entity/Q3560556,http://www.wikidata.org/entity/Q109497092
http://www.wikidata.org/entity/Q3562031,http://www.wikidata.org/entity/Q7366
http://www.wikidata.org/entity/Q3564665,http://www.wikidata.org/entity/Q1465419
http://www.wikidata.org/entity/Q3564915,http://www.wikidata.org/entity/Q105513
http://www.wikidata.org/entity/Q3564915,http://www.wikidata.org/entity/Q814402
http://www.wikidata.org/entity/Q3564915,http://www.wikidata.org/entity/Q3163340
http://www.wikidata.org/entity/Q3567452,http://www.wikidata.org/entity/Q3437802
http://www.wikidata.org/entity/Q3570024,http://www.wikidata.org/entity/Q115484611
http://www.wikidata.org/entity/Q3570841,http://www.wikidata.org/entity/Q10264148
http://www.wikidata.org/entity/Q3570841,http://www.wikidata.org/entity/Q106926325
http://www.wikidata.org/entity/Q3570841,http://www.wikidata.org/entity/Q117632917
http://www.wikidata.org/entity/Q3572737,http://www.wikidata.org/entity/Q11399
http://www.wikidata.org/entity/Q3572737,http://www.wikidata.org/entity/Q964987
http://www.wikidata.org/entity/Q3575673,http://www.wikidata.org/entity/Q106641570
http://www.wikidata.org/entity/Q3587612,http://www.wikidata.org/entity/Q592060
http://www.wikidata.org/entity/Q3587612,http://www.wikidata.org/entity/Q1326777
http://www.wikidata.org/entity/Q3591962,http://www.wikidata.org/entity/Q8341
http://www.wikidata.org/entity/Q3591962,http://www.wikidata.org/entity/Q109615856
http://www.wikidata.org/entity/Q3595117,http://www.wikidata.org/entity/Q685884
http://www.wikidata.org/entity/Q3595117,http://www.wikidata.org/entity/Q1323698
http://www.wikidata.org/entity/Q3605852,http://www.wikidata.org/entity/Q484641
http://www.wikidata.org/entity/Q3605852,http://www.wikidata.org/entity/Q1695023
http://www.wikidata.org/entity/Q3606268,http://www.wikidata.org/entity/Q11399
http://www.wikidata.org/entity/Q3606268,http://www.wikidata.org/entity/Q6942329
http://www.wikidata.org/entity/Q3613770,http://www.wikidata.org/entity/Q757143
http://www.wikidata.org/entity/Q3613770,http://www.wikidata.org/entity/Q2478478
http://www.wikidata.org/entity/Q3630966,http://www.wikidata.org/entity/Q49451
http://www.wikidata.org/entity/Q3630966,http://www.wikidata.org/entity/Q1641839
http://www.wikidata.org/entity/Q3630966,http://www.wikidata.org/entity/Q2332751
http://www.wikidata.org/entity/Q3631657,http://www.wikidata.org/entity/Q34379
http://www.wikidata.org/entity/Q3635495,http://www.wikidata.org/entity/Q1756348
http://www.wikidata.org/entity/Q3641200,http://www.wikidata.org/entity/Q83270
http://www.wikidata.org/entity/Q3641200,http://www.wikidata.org/entity/Q193355
http://www.wikidata.org/entity/Q3641200,http://www.wikidata.org/entity/Q12326776
http://www.wikidata.org/entity/Q3643031,http://www.wikidata.org/entity/Q6942174
http://www.wikidata.org/entity/Q3643031,http://www.wikidata.org/entity/Q11285080
http://www.wikidata.org/entity/Q3644819,http://www.wikidata.org/entity/Q11399
http://www.wikidata.org/entity/Q3645098,http://www.wikidata.org/entity/Q3071
http://www.wikidata.org/entity/Q3645098,http://www.wikidata.org/entity/Q268673
http://www.wikidata.org/entity/Q3650974,http://www.wikidata.org/entity/Q11399
http://www.wikidata.org/entity/Q3650974,http://www.wikidata.org/entity/Q65047322
http://www.wikidata.org/entity/Q3655696,http://www.wikidata.org/entity/Q27939
http://www.wikidata.org/entity/Q3655716,http://www.wikidata.org/entity/Q2574657
http://www.wikidata.org/entity/Q3655716,http://www.wikidata.org/entity/Q114239322
http://www.wikidata.org/entity/Q3655722,http://www.wikidata.org/entity/Q829147
http://www.wikidata.org/entity/Q3655728,http://www.wikidata.org/entity/Q3679098
http://www.wikidata.org/entity/Q3655728,http://www.wikidata.org/entity/Q16194930
http://www.wikidata.org/entity/Q3656466,http://www.wikidata.org/entity/Q685884
http://www.wikidata.org/entity/Q3656466,http://www.wikidata.org/entity/Q117632843
http://www.wikidata.org/entity/Q3656492,http://www.wikidata.org/entity/Q1195630
http://www.wikidata.org/entity/Q3656509,http://www.wikidata.org/entity/Q3401112
http://www.wikidata.org/entity/Q3656514,http://www.wikidata.org/entity/Q7366
http://www.wikidata.org/entity/Q3656521,http://www.wikidata.org/entity/Q943929
http://www.wikidata.org/entity/Q3656521,http://www.wikidata.org/entity/Q1955035
http://www.wikidata.org/entity/Q3658336,http://www.wikidata.org/entity/Q114907417
http://www.wikidata.org/entity/Q3664327,http://www.wikidata.org/entity/Q37073
http://www.wikidata.org/entity/Q3664327,http://www.wikidata.org/entity/Q854451
http://www.wikidata.org/entity/Q3679098,http://www.wikidata.org/entity/Q106508039
http://www.wikidata.org/entity/Q3683985,http://www.wikidata.org/entity/Q186472
http://www.wikidata.org/entity/Q3683985,http://www.wikidata.org/entity/Q829147
http://www.wikidata.org/entity/Q3696098,http://www.wikidata.org/entity/Q60030725
http://www.wikidata.org/entity/Q3696098,http://www.wikidata.org/entity/Q65943778
http://www.wikidata.org/entity/Q3699386,http://www.wikidata.org/entity/Q723418
http://www.wikidata.org/entity/Q3702442,http://www.wikidata.org/entity/Q3328732
http://www.wikidata.org/entity/Q3702442,http://www.wikidata.org/entity/Q98528192
http://www.wikidata.org/entity/Q3709211,http://www.wikidata.org/entity/Q11401
http://www.wikidata.org/entity/Q3710513,http://www.wikidata.org/entity/Q727781
http://www.wikidata.org/entity/Q3710513,http://www.wikidata.org/entity/Q107025062
http://www.wikidata.org/entity/Q1125678,http://www.wikidata.org/entity/Q10264148
http://www.wikidata.org/entity/Q1127157,http://www.wikidata.org/entity/Q9794
http://www.wikidata.org/entity/Q1127530,http://www.wikidata.org/entity/Q8341
http://www.wikidata.org/entity/Q1127539,http://www.wikidata.org/entity/Q9759
http://www.wikidata.org/entity/Q1127539,http://www.wikidata.org/entity/Q649823
http://www.wikidata.org/entity/Q1127578,http://www.wikidata.org/entity/Q113600088
http://www.wikidata.org/entity/Q1129422,http://www.wikidata.org/entity/Q19880374
http://www.wikidata.org/entity/Q1129422,http://www.wikidata.org/entity/Q57050725
http://www.wikidata.org/entity/Q1130969,http://www.wikidata.org/entity/Q9048257
http://www.wikidata.org/entity/Q1130969,http://www.wikidata.org/entity/Q110592632
http://www.wikidata.org/entity/Q1130969,http://www.wikidata.org/entity/Q116174743
http://www.wikidata.org/entity/Q1131855,http://www.wikidata.org/entity/Q6942044
http://www.wikidata.org/entity/Q1131855,http://www.wikidata.org/entity/Q108857328
http://www.wikidata.org/entity/Q1132152,http://www.wikidata.org/entity/Q11399
http://www.wikidata.org/entity/Q1132929,http://www.wikidata.org/entity/Q98528232
http://www.wikidata.org/entity/Q1133657,http://www.wikidata.org/entity/Q38848
http://www.wikidata.org/entity/Q1134562,http://www.wikidata.org/entity/Q541947
http://www.wikidata.org/entity/Q1134562,http://www.wikidata.org/entity/Q1076513
http://www.wikidata.org/entity/Q1134562,http://www.wikidata.org/entity/Q122149755
http://www.wikidata.org/entity/Q1136045,http://www.wikidata.org/entity/Q851213
http://www.wikidata.org/entity/Q1136047,http://www.wikidata.org/entity/Q380233
http://www.wikidata.org/entity/Q1136047,http://www.wikidata.org/entity/Q1077388
http://www.wikidata.org/entity/Q1136331,http://www.wikidata.org/entity/Q8341
http://www.wikidata.org/entity/Q1136331,http://www.wikidata.org/entity/Q817138
http://www.wikidata.org/entity/Q1136765,http://www.wikidata.org/entity/Q170435
http://www.wikidata.org/entity/Q1136846,http://www.wikidata.org/entity/Q9734
http://www.wikidata.org/entity/Q1136846,http://www.wikidata.org/entity/Q9748
http://www.wikidata.org/entity/Q1137588,http://www.wikidata.org/entity/Q541947
http://www.wikidata.org/entity/Q1137588,http://www.wikidata.org/entity/Q26897135
http://www.wikidata.org/entity/Q1139136,http://www.wikidata.org/entity/Q11401
http://www.wikidata.org/entity/Q1139136,http://www.wikidata.org/entity/Q16575965
http://www.wikidata.org/entity/Q1139787,http://www.wikidata.org/entity/Q18846
http://www.wikidata.org/entity/Q1140291,http://www.wikidata.org/entity/Q211025
http://www.wikidata.org/entity/Q1140291,http://www.wikidata.org/entity/Q106015533
http://www.wikidata.org/entity/Q1141081,http://www.wikidata.org/entity/Q848399
http://www.wikidata.org/entity/Q1141686,http://www.wikidata.org/entity/Q8361
http://www.wikidata.org/entity/Q1143741,http://www.wikidata.org/entity/Q492096
http://www.wikidata.org/entity/Q1143741,http://www.wikidata.org/entity/Q7171184
http://www.wikidata.org/entity/Q1143743,http://www.wikidata.org/entity/Q723418
http://www.wikidata.org/entity/Q1143744,http://www.wikidata.org/entity/Q723418
http://www.wikidata.org/entity/Q1143744,http://www.wikidata.org/entity/Q98528166
http://www.wikidata.org/entity/Q1143752,http://www.wikidata.org/entity/Q4789437
http://www.wikidata.org/entity/Q1145867,http://www.wikidata.org/entity/Q106926325
http://www.wikidata.org/entity/Q1147692,http://www.wikidata.org/entity/Q188534
http://www.wikidata.org/entity/Q1147752,http://www.wikidata.org/entity/Q7777494
http://www.wikidata.org/entity/Q1151259,http://www.wikidata.org/entity/Q265147
http://www.wikidata.org/entity/Q1151259,http://www.wikidata.org/entity/Q89363113
http://www.wikidata.org/entity/Q1151260,http://www.wikidata.org/entity/Q10922
http://www.wikidata.org/entity/Q1151663,http://www.wikidata.org/entity/Q5151495
http://www.wikidata.org/entity/Q1154911,http://www.wikidata.org/entity/Q2307786
http://www.wikidata.org/entity/Q1154911,http://www.wikidata.org/entity/Q16555308
http://www.wikidata.org/entity/Q1154911,http://www.wikidata.org/entity/Q17176998
http://www.wikidata.org/entity/Q1156570,http://www.wikidata.org/entity/Q48836268
http://www.wikidata.org/entity/Q1156570,http://www.wikidata.org/entity/Q123421088
http://www.wikidata.org/entity/Q1156957,http://www.wikidata.org/entity/Q10838732
http://www.wikidata.org/entity/Q1157018,http://www.wikidata.org/entity/Q1770695
http://www.wikidata.org/entity/Q1159539,http://www.wikidata.org/entity/Q373342
http://www.wikidata.org/entity/Q1159539,http://www.wikidata.org/entity/Q1210921
http://www.wikidata.org/entity/Q1159539,http://www.wikidata.org/entity/Q3328715
http://www.wikidata.org/entity/Q1159539,http://www.wikidata.org/entity/Q110794151
http://www.wikidata.org/entity/Q1162461,http://www.wikidata.org/entity/Q722989
http://www.wikidata.org/entity/Q1162461,http://www.wikidata.org/entity/Q943929
http://www.wikidata.org/entity/Q1162475,http://www.wikidata.org/entity/Q722989
http://www.wikidata.org/entity/Q1162954,http://www.wikidata.org/entity/Q37073
http://www.wikidata.org/entity/Q1162954,http://www.wikidata.org/entity/Q672134
http://www.wikidata.org/entity/Q1164252,http://www.wikidata.org/entity/Q3071
http://www.wikidata.org/entity/Q1164252,http://www.wikidata.org/entity/Q485395
http://www.wikidata.org/entity/Q1165358,http://www.wikidata.org/entity/Q1544863
http://www.wikidata.org/entity/Q1165777,http://www.wikidata.org/entity/Q851213
http://www.wikidata.org/entity/Q1166158,http://www.wikidata.org/entity/Q373342
http://www.wikidata.org/entity/Q1166158,http://www.wikidata.org/entity/Q27976507
http://www.wikidata.org/entity/Q1166197,http://www.wikidata.org/entity/Q465978
http://www.wikidata.org/entity/Q1166218,http://www.wikidata.org/entity/Q11366
http://www.wikidata.org/entity/Q1166321,http://www.wikidata.org/entity/Q188994
http://www.wikidata.org/entity/Q1166726,http://www.wikidata.org/entity/Q6010
http://www.wikidata.org/entity/Q1166726,http://www.wikidata.org/entity/Q851213
http://www.wikidata.org/entity/Q1181308,http://www.wikidata.org/entity/Q483251
http://www.wikidata.org/entity/Q1182371,http://www.wikidata.org/entity/Q164444
http://www.wikidata.org/entity/Q1185390,http://www.wikidata.org/entity/Q211756
http://www.wikidata.org/entity/Q1185390,http://www.wikidata.org/entity/Q473602
http://www.wikidata.org/entity/Q1187080,http://www.wikidata.org/entity/Q108866070
http://www.wikidata.org/entity/Q1188882,http://www.wikidata.org/entity/Q781402
http://www.wikidata.org/entity/Q1190485,http://www.wikidata.org/entity/Q11787389
http://www.wikidata.org/entity/Q1190565,http://www.wikidata.org/entity/Q11366
http://www.wikidata.org/entity/Q1190565,http://www.wikidata.org/entity/Q484641
http://www.wikidata.org/entity/Q1191299,http://www.wikidata.org/entity/Q388906
http://www.wikidata.org/entity/Q1191299,http://www.wikidata.org/entity/Q936942
http://www.wikidata.org/entity/Q1191544,http://www.wikidata.org/entity/Q851213
http://www.wikidata.org/entity/Q1191544,http://www.wikidata.org/entity/Q106588687
http://www.wikidata.org/entity/Q1191923,http://www.wikidata.org/entity/Q3071
http://www.wikidata.org/entity/Q1192110,http://www.wikidata.org/entity/Q10730335
http://www.wikidata.org/entity/Q1192110,http://www.wikidata.org/entity/Q122537914
http://www.wikidata.org/entity/Q1193421,http://www.wikidata.org/entity/Q37484
http://www.wikidata.org/entity/Q1193421,http://www.wikidata.org/entity/Q685884
http://www.wikidata.org/entity/Q1193421,http://www.wikidata.org/entity/Q3735537
http://www.wikidata.org/entity/Q1193421,http://www.wikidata.org/entity/Q120886164
http://www.wikidata.org/entity/Q1193470,http://www.wikidata.org/entity/Q107736421
http://www.wikidata.org/entity/Q1195253,http://www.wikidata.org/entity/Q502658
http://www.wikidata.org/entity/Q1195253,http://www.wikidata.org/entity/Q10669480
http://www.wikidata.org/entity/Q1195630,http://www.wikidata.org/entity/Q943929
http://www.wikidata.org/entity/Q105897737,http://www.wikidata.org/entity/Q727781
http://www.wikidata.org/entity/Q105897737,http://www.wikidata.org/entity/Q2267955
http://www.wikidata.org/entity/Q105962378,http://www.wikidata.org/entity/Q2738838
http://www.wikidata.org/entity/Q105993236,http://www.wikidata.org/entity/Q107021951
http://www.wikidata.org/entity/Q106013762,http://www.wikidata.org/entity/Q599510
http://www.wikidata.org/entity/Q106013767,http://www.wikidata.org/entity/Q599510
http://www.wikidata.org/entity/Q106015533,http://www.wikidata.org/entity/Q122149755
http://www.wikidata.org/entity/Q106085531,http://www.wikidata.org/entity/Q180268
http://www.wikidata.org/entity/Q106085531,http://www.wikidata.org/entity/Q388207
http://www.wikidata.org/entity/Q106103953,http://www.wikidata.org/entity/Q178122
http://www.wikidata.org/entity/Q106130091,http://www.wikidata.org/entity/Q851213
http://www.wikidata.org/entity/Q106239244,http://www.wikidata.org/entity/Q12274232
http://www.wikidata.org/entity/Q106286879,http://www.wikidata.org/entity/Q207628
http://www.wikidata.org/entity/Q106298881,http://www.wikidata.org/entity/Q43343
http://www.wikidata.org/entity/Q106298881,http://www.wikidata.org/entity/Q373342
http://www.wikidata.org/entity/Q106368518,http://www.wikidata.org/entity/Q3327514
http://www.wikidata.org/entity/Q106368518,http://www.wikidata.org/entity/Q29881657
http://www.wikidata.org/entity/Q106369996,http://www.wikidata.org/entity/Q9778
http://www.wikidata.org/entity/Q106388388,http://www.wikidata.org/entity/Q106369996
http://www.wikidata.org/entity/Q106388388,http://www.wikidata.org/entity/Q114880130
http://www.wikidata.org/entity/Q106404229,http://www.wikidata.org/entity/Q20474
http://www.wikidata.org/entity/Q106404300,http://www.wikidata.org/entity/Q188994
http://www.wikidata.org/entity/Q106404300,http://www.wikidata.org/entity/Q141085400
http://www.wikidata.org/entity/Q106422444,http://www.wikidata.org/entity/Q9778
http://www.wikidata.org/entity/Q106423092,http://www.wikidata.org/entity/Q2271846
http://www.wikidata.org/entity/Q106424145,http://www.wikidata.org/entity/Q1062702
http://www.wikidata.org/entity/Q106424145,http://www.wikidata.org/entity/Q106422444
http://www.wikidata.org/entity/Q106440193,http://www.wikidata.org/entity/Q2913982
http://www.wikidata.org/entity/Q106440193,http://www.wikidata.org/entity/Q12362064
http://www.wikidata.org/entity/Q106477440,http://www.wikidata.org/entity/Q11399
http://www.wikidata.org/entity/Q106477753,http://www.wikidata.org/entity/Q114880130
http://www.wikidata.org/entity/Q106493832,http://www.wikidata.org/entity/Q20021059
http://www.wikidata.org/entity/Q106493832,http://www.wikidata.org/entity/Q85748774
http://www.wikidata.org/entity/Q106506830,http://www.wikidata.org/entity/Q107033785
http://www.wikidata.org/entity/Q106506985,http://www.wikidata.org/entity/Q1503406
http://www.wikidata.org/entity/Q106506985,http://www.wikidata.org/entity/Q108857328
http://www.wikidata.org/entity/Q106507381,http://www.wikidata.org/entity/Q3328676
http://www.wikidata.org/entity/Q106507873,http://www.wikidata.org/entity/Q3328676
http://www.wikidata.org/entity/Q106508039,http://www.wikidata.org/entity/Q3328676
http://www.wikidata.org/entity/Q106508649,http://www.wikidata.org/entity/Q8341
http://www.wikidata.org/entity/Q106508649,http://www.wikidata.org/entity/Q899215
http://www.wikidata.org/entity/Q106514601,http://www.wikidata.org/entity/Q851213
http://www.wikidata.org/entity/Q106520951,http://www.wikidata.org/entity/Q164444
http://www.wikidata.org/entity/Q106520965,http://www.wikidata.org/entity/Q851213
http://www.wikidata.org/entity/Q106521662,http://www.wikidata.org/entity/Q170611
http://www.wikidata.org/entity/Q106521759,http://www.wikidata.org/entity/Q663519
http://www.wikidata.org/entity/Q106522080,http://www.wikidata.org/entity/Q170611
http://www.wikidata.org/entity/Q106522098,http://www.wikidata.org/entity/Q20502
http://www.wikidata.org/entity/Q106522098,http://www.wikidata.org/entity/Q114880124
http://www.wikidata.org/entity/Q106522115,http://www.wikidata.org/entity/Q6942158
http://www.wikidata.org/entity/Q106522115,http://www.wikidata.org/entity/Q114907417
http://www.wikidata.org/entity/Q106522190,http://www.wikidata.org/entity/Q1585015
http://www.wikidata.org/entity/Q106522238,http://www.wikidata.org/entity/Q217597
http://www.wikidata.org/entity/Q106522238,http://www.wikidata.org/entity/Q546206
http://www.wikidata.org/entity/Q106527826,http://www.wikidata.org/entity/Q11639
http://www.wikidata.org/entity/Q106528337,http://www.wikidata.org/entity/Q9778
http://www.wikidata.org/entity/Q106528420,http://www.wikidata.org/entity/Q20903
http://www.wikidata.org/entity/Q106528422,http://www.wikidata.org/entity/Q37073
http://www.wikidata.org/entity/Q106528422,http://www.wikidata.org/entity/Q325397
http://www.wikidata.org/entity/Q106538862,http://www.wikidata.org/entity/Q2032053
http://www.wikidata.org/entity/Q106538862,http://www.wikidata.org/entity/Q107013350
http://www.wikidata.org/entity/Q106538881,http://www.wikidata.org/entity/Q12876995
http://www.wikidata.org/entity/Q106544624,http://www.wikidata.org/entity/Q37073
http://www.wikidata.org/entity/Q106544624,http://www.wikidata.org/entity/Q2464314
http://www.wikidata.org/entity/Q106547149,http://www.wikidata.org/entity/Q25448883
http://www.wikidata.org/entity/Q106547171,http://www.wikidata.org/entity/Q1931130
http://www.wikidata.org/entity/Q106547179,http://www.wikidata.org/entity/Q851213
http://www.wikidata.org/entity/Q106547179,http://www.wikidata.org/entity/Q9300201
http://www.wikidata.org/entity/Q106547262,http://www.wikidata.org/entity/Q10283582
http://www.wikidata.org/entity/Q106547427,http://www.wikidata.org/entity/Q1754592
http://www.wikidata.org/entity/Q106547555,http://www.wikidata.org/entity/Q672134
http://www.wikidata.org/entity/Q106556293,http://www.wikidata.org/entity/Q2579987
http://www.wikidata.org/entity/Q106556293,http://www.wikidata.org/entity/Q98528192
http://www.wikidata.org/entity/Q106558878,http://www.wikidata.org/entity/Q98528197
http://www.wikidata.org/entity/Q106559862,http://www.wikidata.org/entity/Q11401
http://www.wikidata.org/entity/Q106559910,http://www.wikidata.org/entity/Q1065742
http://www.wikidata.org/entity/Q106560650,http://www.wikidata.org/entity/Q83440
http://www.wikidata.org/entity/Q106560650,http://www.wikidata.org/entity/Q3397325
http://www.wikidata.org/entity/Q106560659,http://www.wikidata.org/entity/Q37073
http://www.wikidata.org/entity/Q106560659,http://www.wikidata.org/entity/Q3328727
http://www.wikidata.org/entity/Q106560663,http://www.wikidata.org/entity/Q202930
http://www.wikidata.org/entity/Q106560663,http://www.wikidata.org/entity/Q500879
http://www.wikidata.org/entity/Q106560670,http://www.wikidata.org/entity/Q11639
http://www.wikidata.org/entity/Q106561117,http://www.wikidata.org/entity/Q235858
http://www.wikidata.org/entity/Q106561117,http://www.wikidata.org/entity/Q2498201
http://www.wikidata.org/entity/Q106561159,http://www.wikidata.org/entity/Q3328678
http://www.wikidata.org/entity/Q106561159,http://www.wikidata.org/entity/Q98528192
http://www.wikidata.org/entity/Q106561868,http://www.wikidata.org/entity/Q1751782
http://www.wikidata.org/entity/Q106561868,http://www.wikidata.org/entity/Q2280497
http://www.wikidata.org/entity/Q106562392,http://www.wikidata.org/entity/Q65943778
http://www.wikidata.org/entity/Q106574871,http://www.wikidata.org/entity/Q9778
http://www.wikidata.org/entity/Q106574871,http://www.wikidata.org/entity/Q959049
http://www.wikidata.org/entity/Q106574943,http://www.wikidata.org/entity/Q640097
http://www.wikidata.org/entity/Q106576127,http://www.wikidata.org/entity/Q37073
http://www.wikidata.org/entity/Q106576141,http://www.wikidata.org/entity/Q851213
http://www.wikidata.org/entity/Q106576145,http://www.wikidata.org/entity/Q65937946
http://www.wikidata.org/entity/Q106576170,http://www.wikidata.org/entity/Q9778
http://www.wikidata.org/entity/Q106576261,http://www.wikidata.org/entity/Q106576141
http://www.wikidata.org/entity/Q106577108,http://www.wikidata.org/entity/Q1890098
http://www.wikidata.org/entity/Q106577542,http://www.wikidata.org/entity/Q22908553
http://www.wikidata.org/entity/Q3710513,http://www.wikidata.org/entity/Q108151792
http://www.wikidata.org/entity/Q3724735,http://www.wikidata.org/entity/Q10926
http://www.wikidata.org/entity/Q3724735,http://www.wikidata.org/entity/Q11366
http://www.wikidata.org/entity/Q3724778,http://www.wikidata.org/entity/Q10926
http://www.wikidata.org/entity/Q3724778,http://www.wikidata.org/entity/Q377910
http://www.wikidata.org/entity/Q3726825,http://www.wikidata.org/entity/Q38848
http://www.wikidata.org/entity/Q3735422,http://www.wikidata.org/entity/Q1672398
http://www.wikidata.org/entity/Q3735537,http://www.wikidata.org/entity/Q106586250
http://www.wikidata.org/entity/Q3735537,http://www.wikidata.org/entity/Q115138321
http://www.wikidata.org/entity/Q3735853,http://www.wikidata.org/entity/Q43343
http://www.wikidata.org/entity/Q3735853,http://www.wikidata.org/entity/Q54891495
http://www.wikidata.org/entity/Q3736049,http://www.wikidata.org/entity/Q212688
http://www.wikidata.org/entity/Q3736049,http://www.wikidata.org/entity/Q105763581
http://www.wikidata.org/entity/Q3736603,http://www.wikidata.org/entity/Q2568406
http://www.wikidata.org/entity/Q3737170,http://www.wikidata.org/entity/Q2498201
http://www.wikidata.org/entity/Q3752342,http://www.wikidata.org/entity/Q211573
http://www.wikidata.org/entity/Q3752342,http://www.wikidata.org/entity/Q3437802
http://www.wikidata.org/entity/Q3753864,http://www.wikidata.org/entity/Q3437832
http://www.wikidata.org/entity/Q3753864,http://www.wikidata.org/entity/Q107611523
http://www.wikidata.org/entity/Q3765927,http://www.wikidata.org/entity/Q1482325
http://www.wikidata.org/entity/Q3783347,http://www.wikidata.org/entity/Q474027
http://www.wikidata.org/entity/Q3785730,http://www.wikidata.org/entity/Q1417976
http://www.wikidata.org/entity/Q3785730,http://www.wikidata.org/entity/Q5413526
http://www.wikidata.org/entity/Q3785731,http://www.wikidata.org/entity/Q11401
http://www.wikidata.org/entity/Q3785731,http://www.wikidata.org/entity/Q6942216
http://www.wikidata.org/entity/Q3785732,http://www.wikidata.org/entity/Q2498201
http://www.wikidata.org/entity/Q3785732,http://www.wikidata.org/entity/Q5413526
http://www.wikidata.org/entity/Q3785733,http://www.wikidata.org/entity/Q2381945
http://www.wikidata.org/entity/Q3785733,http://www.wikidata.org/entity/Q5413526
http://www.wikidata.org/entity/Q3791697,http://www.wikidata.org/entity/Q966564
http://www.wikidata.org/entity/Q3797148,http://www.wikidata.org/entity/Q207628
http://www.wikidata.org/entity/Q3807537,http://www.wikidata.org/entity/Q8341
http://www.wikidata.org/entity/Q3808055,http://www.wikidata.org/entity/Q964987
http://www.wikidata.org/entity/Q3813661,http://www.wikidata.org/entity/Q11399
http://www.wikidata.org/entity/Q3813661,http://www.wikidata.org/entity/Q3808055
http://www.wikidata.org/entity/Q3813661,http://www.wikidata.org/entity/Q20492204
http://www.wikidata.org/entity/Q3815106,http://www.wikidata.org/entity/Q106586248
http://www.wikidata.org/entity/Q3816171,http://www.wikidata.org/entity/Q131425
http://www.wikidata.org/entity/Q3820150,http://www.wikidata.org/entity/Q3071
http://www.wikidata.org/entity/Q3820150,http://www.wikidata.org/entity/Q226031
http://www.wikidata.org/entity/Q3827483,http://www.wikidata.org/entity/Q11401
http://www.wikidata.org/entity/Q3827483,http://www.wikidata.org/entity/Q9048261
http://www.wikidata.org/entity/Q3827483,http://www.wikidata.org/entity/Q18345375
http://www.wikidata.org/entity/Q3835724,http://www.wikidata.org/entity/Q201022
http://www.wikidata.org/entity/Q3835724,http://www.wikidata.org/entity/Q891374
http://www.wikidata.org/entity/Q3835724,http://www.wikidata.org/entity/Q7171186
http://www.wikidata.org/entity/Q3837980,http://www.wikidata.org/entity/Q83440
http://www.wikidata.org/entity/Q3840596,http://www.wikidata.org/entity/Q598929
http://www.wikidata.org/entity/Q3842899,http://www.wikidata.org/entity/Q193217
http://www.wikidata.org/entity/Q3842899,http://www.wikidata.org/entity/Q1065742
http://www.wikidata.org/entity/Q3843655,http://www.wikidata.org/entity/Q7366
http://www.wikidata.org/entity/Q3845811,http://www.wikidata.org/entity/Q211025
http://www.wikidata.org/entity/Q3845811,http://www.wikidata.org/entity/Q6774721
http://www.wikidata.org/entity/Q3846957,http://www.wikidata.org/entity/Q51446080
http://www.wikidata.org/entity/Q3855113,http://www.wikidata.org/entity/Q282131
http://www.wikidata.org/entity/Q3855303,http://www.wikidata.org/entity/Q546264
http://www.wikidata.org/entity/Q3855303,http://www.wikidata.org/entity/Q1379958
http://www.wikidata.org/entity/Q3867028,http://www.wikidata.org/entity/Q685884
http://www.wikidata.org/entity/Q3867028,http://www.wikidata.org/entity/Q106586219
http://www.wikidata.org/entity/Q3868594,http://www.wikidata.org/entity/Q106586248
http://www.wikidata.org/entity/Q3868595,http://www.wikidata.org/entity/Q525073
http://www.wikidata.org/entity/Q3868596,http://www.wikidata.org/entity/Q106586248
http://www.wikidata.org/entity/Q3868596,http://www.wikidata.org/entity/Q106588687
http://www.wikidata.org/entity/Q3868597,http://www.wikidata.org/entity/Q106586248
http://www.wikidata.org/entity/Q3868600,http://www.wikidata.org/entity/Q106586248
http://www.wikidata.org/entity/Q3868605,http://www.wikidata.org/entity/Q98528232
http://www.wikidata.org/entity/Q3868609,http://www.wikidata.org/entity/Q6942329
http://www.wikidata.org/entity/Q3868613,http://www.wikidata.org/entity/Q3211884
http://www.wikidata.org/entity/Q3868631,http://www.wikidata.org/entity/Q1065742
http://www.wikidata.org/entity/Q3868631,http://www.wikidata.org/entity/Q11787379
http://www.wikidata.org/entity/Q3868755,http://www.wikidata.org/entity/Q685884
http://www.wikidata.org/entity/Q3868755,http://www.wikidata.org/entity/Q3149507
http://www.wikidata.org/entity/Q3868787,http://www.wikidata.org/entity/Q1752683
http://www.wikidata.org/entity/Q3874645,http://www.wikidata.org/entity/Q189045
http://www.wikidata.org/entity/Q3874645,http://www.wikidata.org/entity/Q65937876
http://www.wikidata.org/entity/Q3874690,http://www.wikidata.org/entity/Q1051843
http://www.wikidata.org/entity/Q3875615,http://www.wikidata.org/entity/Q217191
http://www.wikidata.org/entity/Q3875615,http://www.wikidata.org/entity/Q3231749
http://www.wikidata.org/entity/Q3875615,http://www.wikidata.org/entity/Q3605852
http://www.wikidata.org/entity/Q3876770,http://www.wikidata.org/entity/Q9778
http://www.wikidata.org/entity/Q3879179,http://www.wikidata.org/entity/Q11366
http://www.wikidata.org/entity/Q3879286,http://www.wikidata.org/entity/Q109626458
http://www.wikidata.org/entity/Q3889385,http://www.wikidata.org/entity/Q727781
http://www.wikidata.org/entity/Q3889385,http://www.wikidata.org/entity/Q5645984
http://www.wikidata.org/entity/Q3889661,http://www.wikidata.org/entity/Q899215
http://www.wikidata.org/entity/Q3889661,http://www.wikidata.org/entity/Q114239322
http://www.wikidata.org/entity/Q3897519,http://www.wikidata.org/entity/Q56572789
http://www.wikidata.org/entity/Q3907451,http://www.wikidata.org/entity/Q9794
http://www.wikidata.org/entity/Q3908370,http://www.wikidata.org/entity/Q12326776
http://www.wikidata.org/entity/Q3908372,http://www.wikidata.org/entity/Q37073
http://www.wikidata.org/entity/Q3908372,http://www.wikidata.org/entity/Q839029
http://www.wikidata.org/entity/Q3918025,http://www.wikidata.org/entity/Q16682190
http://www.wikidata.org/entity/Q3922813,http://www.wikidata.org/entity/Q49451
http://www.wikidata.org/entity/Q3922813,http://www.wikidata.org/entity/Q2267955
http://www.wikidata.org/entity/Q3924081,http://www.wikidata.org/entity/Q7366
http://www.wikidata.org/entity/Q3924081,http://www.wikidata.org/entity/Q1139787
http://www.wikidata.org/entity/Q3924271,http://www.wikidata.org/entity/Q186170
http://www.wikidata.org/entity/Q3925627,http://www.wikidata.org/entity/Q164444
http://www.wikidata.org/entity/Q3925627,http://www.wikidata.org/entity/Q598929
http://www.wikidata.org/entity/Q3930216,http://www.wikidata.org/entity/Q3071
http://www.wikidata.org/entity/Q15635882,http://www.wikidata.org/entity/Q15256913
http://www.wikidata.org/entity/Q15635882,http://www.wikidata.org/entity/Q98528287
http://www.wikidata.org/entity/Q15635882,http://www.wikidata.org/entity/Q106626655
http://www.wikidata.org/entity/Q15635882,http://www.wikidata.org/entity/Q106642120
http://www.wikidata.org/entity/Q15697534,http://www.wikidata.org/entity/Q11401
http://www.wikidata.org/entity/Q15697534,http://www.wikidata.org/entity/Q114880124
http://www.wikidata.org/entity/Q15720097,http://www.wikidata.org/entity/Q482
http://www.wikidata.org/entity/Q15724280,http://www.wikidata.org/entity/Q6022257
http://www.wikidata.org/entity/Q15724280,http://www.wikidata.org/entity/Q6942230
http://www.wikidata.org/entity/Q15724280,http://www.wikidata.org/entity/Q15723771
http://www.wikidata.org/entity/Q15733887,http://www.wikidata.org/entity/Q373342
http://www.wikidata.org/entity/Q15807715,http://www.wikidata.org/entity/Q1045756
http://www.wikidata.org/entity/Q15810872,http://www.wikidata.org/entity/Q7366
http://www.wikidata.org/entity/Q15830404,http://www.wikidata.org/entity/Q727781
http://www.wikidata.org/entity/Q15830404,http://www.wikidata.org/entity/Q3328778
http://www.wikidata.org/entity/Q15845134,http://www.wikidata.org/entity/Q213665
http://www.wikidata.org/entity/Q15893013,http://www.wikidata.org/entity/Q1931130
http://www.wikidata.org/entity/Q15907187,http://www.wikidata.org/entity/Q7366
http://www.wikidata.org/entity/Q15907187,http://www.wikidata.org/entity/Q114239322
http://www.wikidata.org/entity/Q15917095,http://www.wikidata.org/entity/Q15614479
http://www.wikidata.org/entity/Q15917095,http://www.wikidata.org/entity/Q106634987
http://www.wikidata.org/entity/Q15926105,http://www.wikidata.org/entity/Q18846
http://www.wikidata.org/entity/Q15926105,http://www.wikidata.org/entity/Q277393
http://www.wikidata.org/entity/Q15931253,http://www.wikidata.org/entity/Q12876995
http://www.wikidata.org/entity/Q15957030,http://www.wikidata.org/entity/Q372103
http://www.wikidata.org/entity/Q15974722,http://www.wikidata.org/entity/Q7366
http://www.wikidata.org/entity/Q15974722,http://www.wikidata.org/entity/Q910606
http://www.wikidata.org/entity/Q15975701,http://www.wikidata.org/entity/Q252833
http://www.wikidata.org/entity/Q15975701,http://www.wikidata.org/entity/Q3328681
http://www.wikidata.org/entity/Q15975701,http://www.wikidata.org/entity/Q16679594
http://www.wikidata.org/entity/Q15981156,http://www.wikidata.org/entity/Q10838732
http://www.wikidata.org/entity/Q15990884,http://www.wikidata.org/entity/Q27939
http://www.wikidata.org/entity/Q15990884,http://www.wikidata.org/entity/Q628455
http://www.wikidata.org/entity/Q15990884,http://www.wikidata.org/entity/Q1680700
http://www.wikidata.org/entity/Q15990884,http://www.wikidata.org/entity/Q23072435
http://www.wikidata.org/entity/Q15991004,http://www.wikidata.org/entity/Q207628
http://www.wikidata.org/entity/Q16002495,http://www.wikidata.org/entity/Q645767
http://www.wikidata.org/entity/Q16002495,http://www.wikidata.org/entity/Q105763581
http://www.wikidata.org/entity/Q16011695,http://www.wikidata.org/entity/Q220830
http://www.wikidata.org/entity/Q16011695,http://www.wikidata.org/entity/Q484641
http://www.wikidata.org/entity/Q16024685,http://www.wikidata.org/entity/Q131272
http://www.wikidata.org/entity/Q16050341,http://www.wikidata.org/entity/Q1076513
http://www.wikidata.org/entity/Q16050341,http://www.wikidata.org/entity/Q1672398
http://www.wikidata.org/entity/Q16056349,http://www.wikidata.org/entity/Q11399
http://www.wikidata.org/entity/Q16056349,http://www.wikidata.org/entity/Q531426
http://www.wikidata.org/entity/Q16096634,http://www.wikidata.org/entity/Q12326776
http://www.wikidata.org/entity/Q16119301,http://www.wikidata.org/entity/Q12826678
http://www.wikidata.org/entity/Q16130554,http://www.wikidata.org/entity/Q2738544
http://www.wikidata.org/entity/Q16148439,http://www.wikidata.org/entity/Q268673
http://www.wikidata.org/entity/Q16148439,http://www.wikidata.org/entity/Q1378776
http://www.wikidata.org/entity/Q16152327,http://www.wikidata.org/entity/Q155858
http://www.wikidata.org/entity/Q16152327,http://www.wikidata.org/entity/Q117000933
http://www.wikidata.org/entity/Q16154635,http://www.wikidata.org/entity/Q7225114
http://www.wikidata.org/entity/Q16154635,http://www.wikidata.org/entity/Q27976507
http://www.wikidata.org/entity/Q16163845,http://www.wikidata.org/entity/Q497674
http://www.wikidata.org/entity/Q16168828,http://www.wikidata.org/entity/Q316930
http://www.wikidata.org/entity/Q16168828,http://www.wikidata.org/entity/Q116256909
http://www.wikidata.org/entity/Q16180065,http://www.wikidata.org/entity/Q6942280
http://www.wikidata.org/entity/Q16180065,http://www.wikidata.org/entity/Q42681198
http://www.wikidata.org/entity/Q16184076,http://www.wikidata.org/entity/Q708228
http://www.wikidata.org/entity/Q16191837,http://www.wikidata.org/entity/Q3328745
http://www.wikidata.org/entity/Q16241990,http://www.wikidata.org/entity/Q11399
http://www.wikidata.org/entity/Q16250593,http://www.wikidata.org/entity/Q3437817
http://www.wikidata.org/entity/Q16250948,http://www.wikidata.org/entity/Q3135793
http://www.wikidata.org/entity/Q16250948,http://www.wikidata.org/entity/Q3328786
http://www.wikidata.org/entity/Q16253331,http://www.wikidata.org/entity/Q932477
http://www.wikidata.org/entity/Q16253331,http://www.wikidata.org/entity/Q12326776
http://www.wikidata.org/entity/Q16254929,http://www.wikidata.org/entity/Q703778
http://www.wikidata.org/entity/Q16254929,http://www.wikidata.org/entity/Q3679098
http://www.wikidata.org/entity/Q16256450,http://www.wikidata.org/entity/Q6942095
http://www.wikidata.org/entity/Q16256450,http://www.wikidata.org/entity/Q98528185
http://www.wikidata.org/entity/Q16256450,http://www.wikidata.org/entity/Q109914781
http://www.wikidata.org/entity/Q16261643,http://www.wikidata.org/entity/Q7832297
http://www.wikidata.org/entity/Q16295131,http://www.wikidata.org/entity/Q2280497
http://www.wikidata.org/entity/Q16304401,http://www.wikidata.org/entity/Q943929
http://www.wikidata.org/entity/Q16304401,http://www.wikidata.org/entity/Q106928658
http://www.wikidata.org/entity/Q16311595,http://www.wikidata.org/entity/Q37073
http://www.wikidata.org/entity/Q16311595,http://www.wikidata.org/entity/Q17070502
http://www.wikidata.org/entity/Q16323732,http://www.wikidata.org/entity/Q624044
http://www.wikidata.org/entity/Q16323732,http://www.wikidata.org/entity/Q11400811
http://www.wikidata.org/entity/Q16327884,http://www.wikidata.org/entity/Q108615898
http://www.wikidata.org/entity/Q16344235,http://www.wikidata.org/entity/Q956883
http://www.wikidata.org/entity/Q16357920,http://www.wikidata.org/entity/Q1075799
http://www.wikidata.org/entity/Q16357920,http://www.wikidata.org/entity/Q5413526
http://www.wikidata.org/entity/Q16396625,http://www.wikidata.org/entity/Q4069711
http://www.wikidata.org/entity/Q16408598,http://www.wikidata.org/entity/Q3110519
http://www.wikidata.org/entity/Q16408598,http://www.wikidata.org/entity/Q107686154
http://www.wikidata.org/entity/Q16431771,http://www.wikidata.org/entity/Q25513043
http://www.wikidata.org/entity/Q16482233,http://www.wikidata.org/entity/Q768807
http://www.wikidata.org/entity/Q16482233,http://www.wikidata.org/entity/Q1147752
http://www.wikidata.org/entity/Q16482233,http://www.wikidata.org/entity/Q122933096
http://www.wikidata.org/entity/Q16491869,http://www.wikidata.org/entity/Q3394906
http://www.wikidata.org/entity/Q16491869,http://www.wikidata.org/entity/Q107718539
http://www.wikidata.org/entity/Q16496542,http://www.wikidata.org/entity/Q11399
http://www.wikidata.org/entity/Q16496542,http://www.wikidata.org/entity/Q899215
http://www.wikidata.org/entity/Q16497280,http://www.wikidata.org/entity/Q11639
http://www.wikidata.org/entity/Q16525381,http://www.wikidata.org/entity/Q227045
http://www.wikidata.org/entity/Q16526296,http://www.wikidata.org/entity/Q113493832
http://www.wikidata.org/entity/Q16527140,http://www.wikidata.org/entity/Q379033
http://www.wikidata.org/entity/Q16530953,http://www.wikidata.org/entity/Q1091536
http://www.wikidata.org/entity/Q6784085,http://www.wikidata.org/entity/Q130572
http://www.wikidata.org/entity/Q6784085,http://www.wikidata.org/entity/Q42681239
http://www.wikidata.org/entity/Q6785872,http://www.wikidata.org/entity/Q12499696
http://www.wikidata.org/entity/Q6796760,http://www.wikidata.org/entity/Q18846
http://www.wikidata.org/entity/Q6796760,http://www.wikidata.org/entity/Q114357486
http://www.wikidata.org/entity/Q6799044,http://www.wikidata.org/entity/Q280336
http://www.wikidata.org/entity/Q6799044,http://www.wikidata.org/entity/Q473602
http://www.wikidata.org/entity/Q6799044,http://www.wikidata.org/entity/Q3015675
http://www.wikidata.org/entity/Q6799695,http://www.wikidata.org/entity/Q98528210
http://www.wikidata.org/entity/Q6799787,http://www.wikidata.org/entity/Q185298
http://www.wikidata.org/entity/Q6799787,http://www.wikidata.org/entity/Q4794612
http://www.wikidata.org/entity/Q6812125,http://www.wikidata.org/entity/Q1071834
http://www.wikidata.org/entity/Q6817378,http://www.wikidata.org/entity/Q11399
http://www.wikidata.org/entity/Q6817378,http://www.wikidata.org/entity/Q257533
http://www.wikidata.org/entity/Q6819034,http://www.wikidata.org/entity/Q282131
http://www.wikidata.org/entity/Q6821898,http://www.wikidata.org/entity/Q1770695
http://www.wikidata.org/entity/Q6825988,http://www.wikidata.org/entity/Q7309098
http://www.wikidata.org/entity/Q6825988,http://www.wikidata.org/entity/Q16942070
http://www.wikidata.org/entity/Q6825988,http://www.wikidata.org/entity/Q116884389
http://www.wikidata.org/entity/Q6826021,http://www.wikidata.org/entity/Q723418
http://www.wikidata.org/entity/Q6826021,http://www.wikidata.org/entity/Q7309098
http://www.wikidata.org/entity/Q6826078,http://www.wikidata.org/entity/Q37073
http://www.wikidata.org/entity/Q6826078,http://www.wikidata.org/entity/Q3397325
http://www.wikidata.org/entity/Q6826151,http://www.wikidata.org/entity/Q235858
http://www.wikidata.org/entity/Q6826151,http://www.wikidata.org/entity/Q1956166
http://www.wikidata.org/entity/Q6860135,http://www.wikidata.org/entity/Q3858
http://www.wikidata.org/entity/Q6860135,http://www.wikidata.org/entity/Q25554481
http://www.wikidata.org/entity/Q6864975,http://www.wikidata.org/entity/Q2726026
http://www.wikidata.org/entity/Q6865341,http://www.wikidata.org/entity/Q141085413
http://www.wikidata.org/entity/Q6868046,http://www.wikidata.org/entity/Q835891
http://www.wikidata.org/entity/Q6868046,http://www.wikidata.org/entity/Q30632022
http://www.wikidata.org/entity/Q6873842,http://www.wikidata.org/entity/Q2893435
http://www.wikidata.org/entity/Q6873842,http://www.wikidata.org/entity/Q6942151
http://www.wikidata.org/entity/Q6874634,http://www.wikidata.org/entity/Q181014
http://www.wikidata.org/entity/Q6878168,http://www.wikidata.org/entity/Q217295
http://www.wikidata.org/entity/Q6907397,http://www.wikidata.org/entity/Q114880130
http://www.wikidata.org/entity/Q6908884,http://www.wikidata.org/entity/Q867306
http://www.wikidata.org/entity/Q6908884,http://www.wikidata.org/entity/Q1753803
http://www.wikidata.org/entity/Q6909347,http://www.wikidata.org/entity/Q8812109
http://www.wikidata.org/entity/Q6909347,http://www.wikidata.org/entity/Q114879861
http://www.wikidata.org/entity/Q6909358,http://www.wikidata.org/entity/Q108297225
http://www.wikidata.org/entity/Q6909358,http://www.wikidata.org/entity/Q114879861
http://www.wikidata.org/entity/Q6911419,http://www.wikidata.org/entity/Q2273147
http://www.wikidata.org/entity/Q6912671,http://www.wikidata.org/entity/Q235858
http://www.wikidata.org/entity/Q6912671,http://www.wikidata.org/entity/Q6912676
http://www.wikidata.org/entity/Q6912676,http://www.wikidata.org/entity/Q1065742
http://www.wikidata.org/entity/Q6918602,http://www.wikidata.org/entity/Q387236
http://www.wikidata.org/entity/Q6918602,http://www.wikidata.org/entity/Q98528232
http://www.wikidata.org/entity/Q6936014,http://www.wikidata.org/entity/Q194492
http://www.wikidata.org/entity/Q6941842,http://www.wikidata.org/entity/Q217295
http://www.wikidata.org/entity/Q6941842,http://www.wikidata.org/entity/Q18460285
http://www.wikidata.org/entity/Q6941842,http://www.wikidata.org/entity/Q111633950
http://www.wikidata.org/entity/Q6941917,http://www.wikidata.org/entity/Q2498201
http://www.wikidata.org/entity/Q6941949,http://www.wikidata.org/entity/Q2498201
http://www.wikidata.org/entity/Q6941949,http://www.wikidata.org/entity/Q6942044
http://www.wikidata.org/entity/Q6941949,http://www.wikidata.org/entity/Q98528287
http://www.wikidata.org/entity/Q6941949,http://www.wikidata.org/entity/Q110167696
http://www.wikidata.org/entity/Q6941967,http://www.wikidata.org/entity/Q2498201
http://www.wikidata.org/entity/Q6941994,http://www.wikidata.org/entity/Q106508039
http://www.wikidata.org/entity/Q6942003,http://www.wikidata.org/entity/Q964987
http://www.wikidata.org/entity/Q6942010,http://www.wikidata.org/entity/Q1503406
http://www.wikidata.org/entity/Q6942011,http://www.wikidata.org/entity/Q383103
http://www.wikidata.org/entity/Q6942011,http://www.wikidata.org/entity/Q3328772
http://www.wikidata.org/entity/Q6942012,http://www.wikidata.org/entity/Q1210921
http://www.wikidata.org/entity/Q6942022,http://www.wikidata.org/entity/Q544440
http://www.wikidata.org/entity/Q6942028,http://www.wikidata.org/entity/Q6942329
http://www.wikidata.org/entity/Q6942031,http://www.wikidata.org/entity/Q10838732
http://www.wikidata.org/entity/Q6942037,http://www.wikidata.org/entity/Q107718737
http://www.wikidata.org/entity/Q6942044,http://www.wikidata.org/entity/Q525073
http://www.wikidata.org/entity/Q6942068,http://www.wikidata.org/entity/Q727781
http://www.wikidata.org/entity/Q6942068,http://www.wikidata.org/entity/Q5645984
http://www.wikidata.org/entity/Q6942070,http://www.wikidata.org/entity/Q106586248
http://www.wikidata.org/entity/Q6942071,http://www.wikidata.org/entity/Q727781
http://www.wikidata.org/entity/Q6942071,http://www.wikidata.org/entity/Q5060331
http://www.wikidata.org/entity/Q6942076,http://www.wikidata.org/entity/Q3328745
http://www.wikidata.org/entity/Q6942076,http://www.wikidata.org/entity/Q6942176
http://www.wikidata.org/entity/Q6942095,http://www.wikidata.org/entity/Q6942329
http://www.wikidata.org/entity/Q6942096,http://www.wikidata.org/entity/Q98528267
http://www.wikidata.org/entity/Q6942105,http://www.wikidata.org/entity/Q6942329
http://www.wikidata.org/entity/Q6942109,http://www.wikidata.org/entity/Q48834207
http://www.wikidata.org/entity/Q6942109,http://www.wikidata.org/entity/Q134005844
http://www.wikidata.org/entity/Q6942110,http://www.wikidata.org/entity/Q5645984
http://www.wikidata.org/entity/Q6942118,http://www.wikidata.org/entity/Q277393
http://www.wikidata.org/entity/Q6942130,http://www.wikidata.org/entity/Q1210921
http://www.wikidata.org/entity/Q6942130,http://www.wikidata.org/entity/Q3328715
http://www.wikidata.org/entity/Q6942143,http://www.wikidata.org/entity/Q1503406
http://www.wikidata.org/entity/Q6942147,http://www.wikidata.org/entity/Q98528232
http://www.wikidata.org/entity/Q6942148,http://www.wikidata.org/entity/Q6942329
http://www.wikidata.org/entity/Q6942151,http://www.wikidata.org/entity/Q11400811
http://www.wikidata.org/entity/Q6942158,http://www.wikidata.org/entity/Q2267955
http://www.wikidata.org/entity/Q6942167,http://www.wikidata.org/entity/Q106586248
http://www.wikidata.org/entity/Q6942168,http://www.wikidata.org/entity/Q106508039
http://www.wikidata.org/entity/Q6942176,http://www.wikidata.org/entity/Q107033785
http://www.wikidata.org/entity/Q6942177,http://www.wikidata.org/entity/Q3114644
http://www.wikidata.org/entity/Q6942178,http://www.wikidata.org/entity/Q18846
http://www.wikidata.org/entity/Q6942178,http://www.wikidata.org/entity/Q1503406
http://www.wikidata.org/entity/Q6942193,http://www.wikidata.org/entity/Q106507873
http://www.wikidata.org/entity/Q6942203,http://www.wikidata.org/entity/Q106506830
http://www.wikidata.org/entity/Q6942216,http://www.wikidata.org/entity/Q3328728
http://www.wikidata.org/entity/Q6942217,http://www.wikidata.org/entity/Q727781
http://www.wikidata.org/entity/Q6942217,http://www.wikidata.org/entity/Q5060331
http://www.wikidata.org/entity/Q6942229,http://www.wikidata.org/entity/Q6942329
http://www.wikidata.org/entity/Q6942239,http://www.wikidata.org/entity/Q6942176
http://www.wikidata.org/entity/Q6942240,http://www.wikidata.org/entity/Q727781
http://www.wikidata.org/entity/Q6942240,http://www.wikidata.org/entity/Q5060331
http://www.wikidata.org/entity/Q6942260,http://www.wikidata.org/entity/Q106508039
http://www.wikidata.org/entity/Q6942262,http://www.wikidata.org/entity/Q6942037
http://www.wikidata.org/entity/Q6942263,http://www.wikidata.org/entity/Q3679098
http://www.wikidata.org/entity/Q6942267,http://www.wikidata.org/entity/Q106586248
http://www.wikidata.org/entity/Q6942271,http://www.wikidata.org/entity/Q6942329
http://www.wikidata.org/entity/Q6942275,http://www.wikidata.org/entity/Q10838732
http://www.wikidata.org/entity/Q6942277,http://www.wikidata.org/entity/Q106595599
http://www.wikidata.org/entity/Q6942280,http://www.wikidata.org/entity/Q716060
http://www.wikidata.org/entity/Q6942287,http://www.wikidata.org/entity/Q3328745
http://www.wikidata.org/entity/Q6942291,http://www.wikidata.org/entity/Q2267955
http://www.wikidata.org/entity/Q6942295,http://www.wikidata.org/entity/Q5645984
http://www.wikidata.org/entity/Q6942300,http://www.wikidata.org/entity/Q852210
http://www.wikidata.org/entity/Q6942301,http://www.wikidata.org/entity/Q3328745
http://www.wikidata.org/entity/Q6942315,http://www.wikidata.org/entity/Q964987
http://www.wikidata.org/entity/Q6942329,http://www.wikidata.org/entity/Q369820
http://www.wikidata.org/entity/Q6942343,http://www.wikidata.org/entity/Q3570024
http://www.wikidata.org/entity/Q6942354,http://www.wikidata.org/entity/Q964987
http://www.wikidata.org/entity/Q6942356,http://www.wikidata.org/entity/Q106588687
http://www.wikidata.org/entity/Q6942358,http://www.wikidata.org/entity/Q98528232
http://www.wikidata.org/entity/Q6942370,http://www.wikidata.org/entity/Q727781
http://www.wikidata.org/entity/Q6942370,http://www.wikidata.org/entity/Q107718539
http://www.wikidata.org/entity/Q6942370,http://www.wikidata.org/entity/Q108151792
http://www.wikidata.org/entity/Q6942377,http://www.wikidata.org/entity/Q98528267
http://www.wikidata.org/entity/Q6942398,http://www.wikidata.org/entity/Q6942176
http://www.wikidata.org/entity/Q6950147,http://www.wikidata.org/entity/Q17513988
http://www.wikidata.org/entity/Q6950147,http://www.wikidata.org/entity/Q123196582
http://www.wikidata.org/entity/Q6950428,http://www.wikidata.org/entity/Q3085344
http://www.wikidata.org/entity/Q6956465,http://www.wikidata.org/entity/Q11401
http://www.wikidata.org/entity/Q6956465,http://www.wikidata.org/entity/Q1071834
http://www.wikidata.org/entity/Q6956569,http://www.wikidata.org/entity/Q51446080
http://www.wikidata.org/entity/Q6966089,http://www.wikidata.org/entity/Q3211884
http://www.wikidata.org/entity/Q6966089,http://www.wikidata.org/entity/Q98528192
http://www.wikidata.org/entity/Q6979961,http://www.wikidata.org/entity/Q11401
http://www.wikidata.org/entity/Q6979961,http://www.wikidata.org/entity/Q2662072
http://www.wikidata.org/entity/Q6981664,http://www.wikidata.org/entity/Q2662072
http://www.wikidata.org/entity/Q6993291,http://www.wikidata.org/entity/Q108556049
http://www.wikidata.org/entity/Q6994496,http://www.wikidata.org/entity/Q3328735
http://www.wikidata.org/entity/Q6994496,http://www.wikidata.org/entity/Q4806789
http://www.wikidata.org/entity/Q7005181,http://www.wikidata.org/entity/Q106298881
http://www.wikidata.org/entity/Q7005540,http://www.wikidata.org/entity/Q105756581
http://www.wikidata.org/entity/Q7010517,http://www.wikidata.org/entity/Q4971422
http://www.wikidata.org/entity/Q7015151,http://www.wikidata.org/entity/Q183504
http://www.wikidata.org/entity/Q7015151,http://www.wikidata.org/entity/Q2566660
http://www.wikidata.org/entity/Q7016386,http://www.wikidata.org/entity/Q9759
http://www.wikidata.org/entity/Q7016547,http://www.wikidata.org/entity/Q3328735
http://www.wikidata.org/entity/Q7023407,http://www.wikidata.org/entity/Q1156957
http://www.wikidata.org/entity/Q7023411,http://www.wikidata.org/entity/Q265147
http://www.wikidata.org/entity/Q7023411,http://www.wikidata.org/entity/Q1156957
http://www.wikidata.org/entity/Q7042505,http://www.wikidata.org/entity/Q1065742
http://www.wikidata.org/entity/Q7042753,http://www.wikidata.org/entity/Q1507298
http://www.wikidata.org/entity/Q7050752,http://www.wikidata.org/entity/Q26302245
http://www.wikidata.org/entity/Q7050752,http://www.wikidata.org/entity/Q98528192
http://www.wikidata.org/entity/Q7060273,http://www.wikidata.org/entity/Q277393
http://www.wikidata.org/entity/Q7067688,http://www.wikidata.org/entity/Q164444
http://www.wikidata.org/entity/Q7077860,http://www.wikidata.org/entity/Q1323698
http://www.wikidata.org/entity/Q7085499,http://www.wikidata.org/entity/Q1541229
http://www.wikidata.org/entity/Q7092205,http://www.wikidata.org/entity/Q106586219
http://www.wikidata.org/entity/Q7118426,http://www.wikidata.org/entity/Q850412
http://www.wikidata.org/entity/Q7122786,http://www.wikidata.org/entity/Q9794
http://www.wikidata.org/entity/Q7122786,http://www.wikidata.org/entity/Q107033785
http://www.wikidata.org/entity/Q7124405,http://www.wikidata.org/entity/Q899215
http://www.wikidata.org/entity/Q7124405,http://www.wikidata.org/entity/Q106926325
http://www.wikidata.org/entity/Q7125889,http://www.wikidata.org/entity/Q3328740
http://www.wikidata.org/entity/Q7125889,http://www.wikidata.org/entity/Q98528198
http://www.wikidata.org/entity/Q7125896,http://www.wikidata.org/entity/Q3328740
http://www.wikidata.org/entity/Q7125896,http://www.wikidata.org/entity/Q4806789
http://www.wikidata.org/entity/Q7125908,http://www.wikidata.org/entity/Q373342
http://www.wikidata.org/entity/Q7125908,http://www.wikidata.org/entity/Q3328740
http://www.wikidata.org/entity/Q7125918,http://www.wikidata.org/entity/Q11399
http://www.wikidata.org/entity/Q7125918,http://www.wikidata.org/entity/Q3328740
http://www.wikidata.org/entity/Q7127417,http://www.wikidata.org/entity/Q3135793
http://www.wikidata.org/entity/Q7127417,http://www.wikidata.org/entity/Q3328739
http://www.wikidata.org/entity/Q7129072,http://www.wikidata.org/entity/Q282131
http://www.wikidata.org/entity/Q7129072,http://www.wikidata.org/entity/Q373342
http://www.wikidata.org/entity/Q7134728,http://www.wikidata.org/entity/Q201022
http://www.wikidata.org/entity/Q7134728,http://www.wikidata.org/entity/Q4381192
http://www.wikidata.org/entity/Q7139128,http://www.wikidata.org/entity/Q373342
http://www.wikidata.org/entity/Q7139757,http://www.wikidata.org/entity/Q107033384
http://www.wikidata.org/entity/Q7142141,http://www.wikidata.org/entity/Q727781
http://www.wikidata.org/entity/Q7170257,http://www.wikidata.org/entity/Q624081
http://www.wikidata.org/entity/Q7170257,http://www.wikidata.org/entity/Q1672398
http://www.wikidata.org/entity/Q7170259,http://www.wikidata.org/entity/Q1065742
http://www.wikidata.org/entity/Q7170259,http://www.wikidata.org/entity/Q1672398
http://www.wikidata.org/entity/Q7170259,http://www.wikidata.org/entity/Q11787379
http://www.wikidata.org/entity/Q7170263,http://www.wikidata.org/entity/Q1672398
http://www.wikidata.org/entity/Q7170263,http://www.wikidata.org/entity/Q3328774
http://www.wikidata.org/entity/Q7171184,http://www.wikidata.org/entity/Q723418
http://www.wikidata.org/entity/Q7179597,http://www.wikidata.org/entity/Q108823220
http://www.wikidata.org/entity/Q7180954,http://www.wikidata.org/entity/Q1640319
http://www.wikidata.org/entity/Q7182869,http://www.wikidata.org/entity/Q10922
http://www.wikidata.org/entity/Q7185310,http://www.wikidata.org/entity/Q3328743
http://www.wikidata.org/entity/Q7185310,http://www.wikidata.org/entity/Q106586999
http://www.wikidata.org/entity/Q7187227,http://www.wikidata.org/entity/Q685884
http://www.wikidata.org/entity/Q7196456,http://www.wikidata.org/entity/Q3328743
http://www.wikidata.org/entity/Q7196456,http://www.wikidata.org/entity/Q4806789
http://www.wikidata.org/entity/Q1195630,http://www.wikidata.org/entity/Q1048249
http://www.wikidata.org/entity/Q1196752,http://www.wikidata.org/entity/Q37073
http://www.wikidata.org/entity/Q1202208,http://www.wikidata.org/entity/Q201022
http://www.wikidata.org/entity/Q1202208,http://www.wikidata.org/entity/Q2486179
http://www.wikidata.org/entity/Q1202208,http://www.wikidata.org/entity/Q3328778
http://www.wikidata.org/entity/Q1202208,http://www.wikidata.org/entity/Q51799726
http://www.wikidata.org/entity/Q1202208,http://www.wikidata.org/entity/Q98528197
http://www.wikidata.org/entity/Q1202801,http://www.wikidata.org/entity/Q747339
http://www.wikidata.org/entity/Q1202801,http://www.wikidata.org/entity/Q1430164
http://www.wikidata.org/entity/Q1205368,http://www.wikidata.org/entity/Q3328676
http://www.wikidata.org/entity/Q1205368,http://www.wikidata.org/entity/Q14390274
http://www.wikidata.org/entity/Q1206090,http://www.wikidata.org/entity/Q943929
http://www.wikidata.org/entity/Q1206090,http://www.wikidata.org/entity/Q40039114
http://www.wikidata.org/entity/Q1206090,http://www.wikidata.org/entity/Q107819512
http://www.wikidata.org/entity/Q1206160,http://www.wikidata.org/entity/Q2743758
http://www.wikidata.org/entity/Q1206160,http://www.wikidata.org/entity/Q106298881
http://www.wikidata.org/entity/Q1207347,http://www.wikidata.org/entity/Q37073
http://www.wikidata.org/entity/Q1207347,http://www.wikidata.org/entity/Q257533
http://www.wikidata.org/entity/Q1208331,http://www.wikidata.org/entity/Q115484611
http://www.wikidata.org/entity/Q1208448,http://www.wikidata.org/entity/Q174873
http://www.wikidata.org/entity/Q1208448,http://www.wikidata.org/entity/Q685884
http://www.wikidata.org/entity/Q1210921,http://www.wikidata.org/entity/Q10838732
http://www.wikidata.org/entity/Q1228230,http://www.wikidata.org/entity/Q627906
http://www.wikidata.org/entity/Q1229479,http://www.wikidata.org/entity/Q7366
http://www.wikidata.org/entity/Q1229479,http://www.wikidata.org/entity/Q1471717
http://www.wikidata.org/entity/Q1230604,http://www.wikidata.org/entity/Q9730
http://www.wikidata.org/entity/Q1230604,http://www.wikidata.org/entity/Q207628
http://www.wikidata.org/entity/Q1232283,http://www.wikidata.org/entity/Q5185279
http://www.wikidata.org/entity/Q1232283,http://www.wikidata.org/entity/Q110592632
http://www.wikidata.org/entity/Q1233698,http://www.wikidata.org/entity/Q639197
http://www.wikidata.org/entity/Q1233698,http://www.wikidata.org/entity/Q11288436
http://www.wikidata.org/entity/Q1236108,http://www.wikidata.org/entity/Q7366
http://www.wikidata.org/entity/Q1236268,http://www.wikidata.org/entity/Q3211884
http://www.wikidata.org/entity/Q1236268,http://www.wikidata.org/entity/Q106507381
http://www.wikidata.org/entity/Q1242484,http://www.wikidata.org/entity/Q388906
http://www.wikidata.org/entity/Q1243254,http://www.wikidata.org/entity/Q1033912
http://www.wikidata.org/entity/Q1243912,http://www.wikidata.org/entity/Q207628
http://www.wikidata.org/entity/Q1245536,http://www.wikidata.org/entity/Q215380
http://www.wikidata.org/entity/Q1245902,http://www.wikidata.org/entity/Q2568406
http://www.wikidata.org/entity/Q1247105,http://www.wikidata.org/entity/Q9794
http://www.wikidata.org/entity/Q1249907,http://www.wikidata.org/entity/Q8341
http://www.wikidata.org/entity/Q1249907,http://www.wikidata.org/entity/Q1268283
http://www.wikidata.org/entity/Q1253172,http://www.wikidata.org/entity/Q3135787
http://www.wikidata.org/entity/Q1253861,http://www.wikidata.org/entity/Q107331898
http://www.wikidata.org/entity/Q1259016,http://www.wikidata.org/entity/Q660984
http://www.wikidata.org/entity/Q1262697,http://www.wikidata.org/entity/Q6127446
http://www.wikidata.org/entity/Q1262781,http://www.wikidata.org/entity/Q2478478
http://www.wikidata.org/entity/Q1262781,http://www.wikidata.org/entity/Q106521662
http://www.wikidata.org/entity/Q1265050,http://www.wikidata.org/entity/Q388906
http://www.wikidata.org/entity/Q1265067,http://www.wikidata.org/entity/Q482
http://www.wikidata.org/entity/Q1265067,http://www.wikidata.org/entity/Q155858
http://www.wikidata.org/entity/Q1268283,http://www.wikidata.org/entity/Q3211884
http://www.wikidata.org/entity/Q1269729,http://www.wikidata.org/entity/Q131272
http://www.wikidata.org/entity/Q1270332,http://www.wikidata.org/entity/Q2449418
http://www.wikidata.org/entity/Q1270332,http://www.wikidata.org/entity/Q5413526
http://www.wikidata.org/entity/Q1271752,http://www.wikidata.org/entity/Q9759
http://www.wikidata.org/entity/Q1271752,http://www.wikidata.org/entity/Q6942291
http://www.wikidata.org/entity/Q1273641,http://www.wikidata.org/entity/Q3071
http://www.wikidata.org/entity/Q1275972,http://www.wikidata.org/entity/Q903735
http://www.wikidata.org/entity/Q1277532,http://www.wikidata.org/entity/Q9794
http://www.wikidata.org/entity/Q1278710,http://www.wikidata.org/entity/Q115484611
http://www.wikidata.org/entity/Q1288193,http://www.wikidata.org/entity/Q7366
http://www.wikidata.org/entity/Q1293057,http://www.wikidata.org/entity/Q724473
http://www.wikidata.org/entity/Q1293057,http://www.wikidata.org/entity/Q856713
http://www.wikidata.org/entity/Q1294481,http://www.wikidata.org/entity/Q1085001
http://www.wikidata.org/entity/Q1294481,http://www.wikidata.org/entity/Q6093177
http://www.wikidata.org/entity/Q1294481,http://www.wikidata.org/entity/Q118738876
http://www.wikidata.org/entity/Q1298412,http://www.wikidata.org/entity/Q727781
http://www.wikidata.org/entity/Q1298412,http://www.wikidata.org/entity/Q5060331
http://www.wikidata.org/entity/Q1298934,http://www.wikidata.org/entity/Q116985035
http://www.wikidata.org/entity/Q1299260,http://www.wikidata.org/entity/Q9794
http://www.wikidata.org/entity/Q1303892,http://www.wikidata.org/entity/Q1309336
http://www.wikidata.org/entity/Q1307555,http://www.wikidata.org/entity/Q3071
http://www.wikidata.org/entity/Q1307555,http://www.wikidata.org/entity/Q7749
http://www.wikidata.org/entity/Q1309336,http://www.wikidata.org/entity/Q9759
http://www.wikidata.org/entity/Q1309336,http://www.wikidata.org/entity/Q109719462
http://www.wikidata.org/entity/Q1314422,http://www.wikidata.org/entity/Q207628
http://www.wikidata.org/entity/Q1317816,http://www.wikidata.org/entity/Q42201
http://www.wikidata.org/entity/Q1317816,http://www.wikidata.org/entity/Q106298881
http://www.wikidata.org/entity/Q1323698,http://www.wikidata.org/entity/Q1583807
http://www.wikidata.org/entity/Q1323698,http://www.wikidata.org/entity/Q98528267
http://www.wikidata.org/entity/Q1325944,http://www.wikidata.org/entity/Q851213
http://www.wikidata.org/entity/Q1325963,http://www.wikidata.org/entity/Q164444
http://www.wikidata.org/entity/Q1326777,http://www.wikidata.org/entity/Q9778
http://www.wikidata.org/entity/Q1326777,http://www.wikidata.org/entity/Q612024
http://www.wikidata.org/entity/Q1326777,http://www.wikidata.org/entity/Q1640319
http://www.wikidata.org/entity/Q1328560,http://www.wikidata.org/entity/Q3071
http://www.wikidata.org/entity/Q1335045,http://www.wikidata.org/entity/Q502448
http://www.wikidata.org/entity/Q1335045,http://www.wikidata.org/entity/Q2936879
http://www.wikidata.org/entity/Q1335569,http://www.wikidata.org/entity/Q188994
http://www.wikidata.org/entity/Q1337498,http://www.wikidata.org/entity/Q856713
http://www.wikidata.org/entity/Q1337498,http://www.wikidata.org/entity/Q3406098
http://www.wikidata.org/entity/Q1337973,http://www.wikidata.org/entity/Q2082510
http://www.wikidata.org/entity/Q1337973,http://www.wikidata.org/entity/Q5413526
http://www.wikidata.org/entity/Q1338153,http://www.wikidata.org/entity/Q9730
http://www.wikidata.org/entity/Q1339027,http://www.wikidata.org/entity/Q170435
http://www.wikidata.org/entity/Q1339121,http://www.wikidata.org/entity/Q4613441
http://www.wikidata.org/entity/Q1339121,http://www.wikidata.org/entity/Q8812109
http://www.wikidata.org/entity/Q1348260,http://www.wikidata.org/entity/Q3304462
http://www.wikidata.org/entity/Q1348260,http://www.wikidata.org/entity/Q3328761
http://www.wikidata.org/entity/Q106581470,http://www.wikidata.org/entity/Q220830
http://www.wikidata.org/entity/Q106581679,http://www.wikidata.org/entity/Q3808055
http://www.wikidata.org/entity/Q106581679,http://www.wikidata.org/entity/Q28856774
http://www.wikidata.org/entity/Q106581777,http://www.wikidata.org/entity/Q11399
http://www.wikidata.org/entity/Q106582593,http://www.wikidata.org/entity/Q38848
http://www.wikidata.org/entity/Q106582593,http://www.wikidata.org/entity/Q613408
http://www.wikidata.org/entity/Q106582942,http://www.wikidata.org/entity/Q9778
http://www.wikidata.org/entity/Q106583068,http://www.wikidata.org/entity/Q15733887
http://www.wikidata.org/entity/Q106586219,http://www.wikidata.org/entity/Q257533
http://www.wikidata.org/entity/Q106586219,http://www.wikidata.org/entity/Q106586250
http://www.wikidata.org/entity/Q106586236,http://www.wikidata.org/entity/Q7832297
http://www.wikidata.org/entity/Q106586236,http://www.wikidata.org/entity/Q106586249
http://www.wikidata.org/entity/Q106586248,http://www.wikidata.org/entity/Q369820
http://www.wikidata.org/entity/Q106586249,http://www.wikidata.org/entity/Q1583807
http://www.wikidata.org/entity/Q106586249,http://www.wikidata.org/entity/Q3868595
http://www.wikidata.org/entity/Q106586250,http://www.wikidata.org/entity/Q3868595
http://www.wikidata.org/entity/Q106586250,http://www.wikidata.org/entity/Q106635234
http://www.wikidata.org/entity/Q106586998,http://www.wikidata.org/entity/Q1583807
http://www.wikidata.org/entity/Q106586998,http://www.wikidata.org/entity/Q10838732
http://www.wikidata.org/entity/Q106586999,http://www.wikidata.org/entity/Q10838732
http://www.wikidata.org/entity/Q106586999,http://www.wikidata.org/entity/Q106635234
http://www.wikidata.org/entity/Q106588687,http://www.wikidata.org/entity/Q369820
http://www.wikidata.org/entity/Q106588693,http://www.wikidata.org/entity/Q15256913
http://www.wikidata.org/entity/Q106588693,http://www.wikidata.org/entity/Q110874824
http://www.wikidata.org/entity/Q106588727,http://www.wikidata.org/entity/Q58339
http://www.wikidata.org/entity/Q106588727,http://www.wikidata.org/entity/Q18345375
http://www.wikidata.org/entity/Q106589886,http://www.wikidata.org/entity/Q108408373
http://www.wikidata.org/entity/Q106590023,http://www.wikidata.org/entity/Q116690343
http://www.wikidata.org/entity/Q106590078,http://www.wikidata.org/entity/Q3858
http://www.wikidata.org/entity/Q106590078,http://www.wikidata.org/entity/Q106635221
http://www.wikidata.org/entity/Q106591506,http://www.wikidata.org/entity/Q114880130
http://www.wikidata.org/entity/Q106594102,http://www.wikidata.org/entity/Q107091813
http://www.wikidata.org/entity/Q106594174,http://www.wikidata.org/entity/Q388906
http://www.wikidata.org/entity/Q106594174,http://www.wikidata.org/entity/Q1033912
http://www.wikidata.org/entity/Q106594177,http://www.wikidata.org/entity/Q15733887
http://www.wikidata.org/entity/Q106594523,http://www.wikidata.org/entity/Q655514
http://www.wikidata.org/entity/Q106594523,http://www.wikidata.org/entity/Q18345375
http://www.wikidata.org/entity/Q106594706,http://www.wikidata.org/entity/Q492264
http://www.wikidata.org/entity/Q106594706,http://www.wikidata.org/entity/Q612024
http://www.wikidata.org/entity/Q106594784,http://www.wikidata.org/entity/Q377910
http://www.wikidata.org/entity/Q106594814,http://www.wikidata.org/entity/Q1958273
http://www.wikidata.org/entity/Q106594814,http://www.wikidata.org/entity/Q106926325
http://www.wikidata.org/entity/Q106594830,http://www.wikidata.org/entity/Q1958273
http://www.wikidata.org/entity/Q106595599,http://www.wikidata.org/entity/Q369820
http://www.wikidata.org/entity/Q106621063,http://www.wikidata.org/entity/Q49451
http://www.wikidata.org/entity/Q106621114,http://www.wikidata.org/entity/Q775614
http://www.wikidata.org/entity/Q106626501,http://www.wikidata.org/entity/Q235858
http://www.wikidata.org/entity/Q106626501,http://www.wikidata.org/entity/Q6941969
http://www.wikidata.org/entity/Q106626501,http://www.wikidata.org/entity/Q98528287
http://www.wikidata.org/entity/Q106626655,http://www.wikidata.org/entity/Q107524184
http://www.wikidata.org/entity/Q106626655,http://www.wikidata.org/entity/Q108857328
http://www.wikidata.org/entity/Q106626777,http://www.wikidata.org/entity/Q2498201
http://www.wikidata.org/entity/Q106634246,http://www.wikidata.org/entity/Q37073
http://www.wikidata.org/entity/Q106634508,http://www.wikidata.org/entity/Q3394906
http://www.wikidata.org/entity/Q106634883,http://www.wikidata.org/entity/Q106586998
http://www.wikidata.org/entity/Q106634926,http://www.wikidata.org/entity/Q20021059
http://www.wikidata.org/entity/Q106634944,http://www.wikidata.org/entity/Q20502
http://www.wikidata.org/entity/Q106634977,http://www.wikidata.org/entity/Q11401
http://www.wikidata.org/entity/Q106634987,http://www.wikidata.org/entity/Q51446080
http://www.wikidata.org/entity/Q106634987,http://www.wikidata.org/entity/Q106586249
http://www.wikidata.org/entity/Q106635221,http://www.wikidata.org/entity/Q1503406
http://www.wikidata.org/entity/Q106635221,http://www.wikidata.org/entity/Q106635234
http://www.wikidata.org/entity/Q106635234,http://www.wikidata.org/entity/Q235858
http://www.wikidata.org/entity/Q106635234,http://www.wikidata.org/entity/Q525073
http://www.wikidata.org/entity/Q106636250,http://www.wikidata.org/entity/Q2572585
http://www.wikidata.org/entity/Q106636250,http://www.wikidata.org/entity/Q2913982
http://www.wikidata.org/entity/Q106636283,http://www.wikidata.org/entity/Q106636289
http://www.wikidata.org/entity/Q106636289,http://www.wikidata.org/entity/Q663519
http://www.wikidata.org/entity/Q106636289,http://www.wikidata.org/entity/Q11332204
http://www.wikidata.org/entity/Q106641524,http://www.wikidata.org/entity/Q6039799
http://www.wikidata.org/entity/Q106641525,http://www.wikidata.org/entity/Q817138
http://www.wikidata.org/entity/Q106641525,http://www.wikidata.org/entity/Q854451
http://www.wikidata.org/entity/Q106641530,http://www.wikidata.org/entity/Q9759
http://www.wikidata.org/entity/Q106641536,http://www.wikidata.org/entity/Q164444
http://www.wikidata.org/entity/Q106641536,http://www.wikidata.org/entity/Q6942329
http://www.wikidata.org/entity/Q106641570,http://www.wikidata.org/entity/Q6942329
http://www.wikidata.org/entity/Q106641595,http://www.wikidata.org/entity/Q1075799
http://www.wikidata.org/entity/Q106641595,http://www.wikidata.org/entity/Q6966089
http://www.wikidata.org/entity/Q106642094,http://www.wikidata.org/entity/Q546206
http://www.wikidata.org/entity/Q106642120,http://www.wikidata.org/entity/Q4306566
http://www.wikidata.org/entity/Q106642120,http://www.wikidata.org/entity/Q98528287
http://www.wikidata.org/entity/Q106642120,http://www.wikidata.org/entity/Q106635234
http://www.wikidata.org/entity/Q106642137,http://www.wikidata.org/entity/Q756956
http://www.wikidata.org/entity/Q106647671,http://www.wikidata.org/entity/Q473602
http://www.wikidata.org/entity/Q106647671,http://www.wikidata.org/entity/Q1519864
http://www.wikidata.org/entity/Q106653596,http://www.wikidata.org/entity/Q663519
http://www.wikidata.org/entity/Q106653596,http://www.wikidata.org/entity/Q757143
http://www.wikidata.org/entity/Q106653610,http://www.wikidata.org/entity/Q83270
http://www.wikidata.org/entity/Q106653610,http://www.wikidata.org/entity/Q3437817
http://www.wikidata.org/entity/Q106654134,http://www.wikidata.org/entity/Q11399
http://www.wikidata.org/entity/Q106654136,http://www.wikidata.org/entity/Q3328727
http://www.wikidata.org/entity/Q106654137,http://www.wikidata.org/entity/Q11639
http://www.wikidata.org/entity/Q106654137,http://www.wikidata.org/entity/Q98528185
http://www.wikidata.org/entity/Q106654137,http://www.wikidata.org/entity/Q98528237
http://www.wikidata.org/entity/Q106654144,http://www.wikidata.org/entity/Q1810546
http://www.wikidata.org/entity/Q106654149,http://www.wikidata.org/entity/Q943929
http://www.wikidata.org/entity/Q106654149,http://www.wikidata.org/entity/Q98528192
http://www.wikidata.org/entity/Q106654149,http://www.wikidata.org/entity/Q108297179
http://www.wikidata.org/entity/Q106654239,http://www.wikidata.org/entity/Q1166726
http://www.wikidata.org/entity/Q106654247,http://www.wikidata.org/entity/Q1156957
http://www.wikidata.org/entity/Q3930216,http://www.wikidata.org/entity/Q877693
http://www.wikidata.org/entity/Q3931695,http://www.wikidata.org/entity/Q9794
http://www.wikidata.org/entity/Q3931695,http://www.wikidata.org/entity/Q180268
http://www.wikidata.org/entity/Q3939763,http://www.wikidata.org/entity/Q9794
http://www.wikidata.org/entity/Q3948462,http://www.wikidata.org/entity/Q257533
http://www.wikidata.org/entity/Q3951797,http://www.wikidata.org/entity/Q10922
http://www.wikidata.org/entity/Q3951797,http://www.wikidata.org/entity/Q3679098
http://www.wikidata.org/entity/Q3963047,http://www.wikidata.org/entity/Q9794
http://www.wikidata.org/entity/Q3963047,http://www.wikidata.org/entity/Q37073
http://www.wikidata.org/entity/Q3963051,http://www.wikidata.org/entity/Q131272
http://www.wikidata.org/entity/Q3967328,http://www.wikidata.org/entity/Q8341
http://www.wikidata.org/entity/Q3967328,http://www.wikidata.org/entity/Q106594706
http://www.wikidata.org/entity/Q3974631,http://www.wikidata.org/entity/Q11399
http://www.wikidata.org/entity/Q3975956,http://www.wikidata.org/entity/Q7366
http://www.wikidata.org/entity/Q3975956,http://www.wikidata.org/entity/Q3026787
http://www.wikidata.org/entity/Q3978155,http://www.wikidata.org/entity/Q11639
http://www.wikidata.org/entity/Q3980452,http://www.wikidata.org/entity/Q1541229
http://www.wikidata.org/entity/Q3980643,http://www.wikidata.org/entity/Q324617
http://www.wikidata.org/entity/Q3981034,http://www.wikidata.org/entity/Q1770695
http://www.wikidata.org/entity/Q3981262,http://www.wikidata.org/entity/Q179465
http://www.wikidata.org/entity/Q3990466,http://www.wikidata.org/entity/Q54365
http://www.wikidata.org/entity/Q4006363,http://www.wikidata.org/entity/Q3785731
http://www.wikidata.org/entity/Q4011109,http://www.wikidata.org/entity/Q11639
http://www.wikidata.org/entity/Q4011109,http://www.wikidata.org/entity/Q1958273
http://www.wikidata.org/entity/Q4020968,http://www.wikidata.org/entity/Q8341
http://www.wikidata.org/entity/Q4034145,http://www.wikidata.org/entity/Q1695023
http://www.wikidata.org/entity/Q4040357,http://www.wikidata.org/entity/Q188994
http://www.wikidata.org/entity/Q4045303,http://www.wikidata.org/entity/Q11401
http://www.wikidata.org/entity/Q4045538,http://www.wikidata.org/entity/Q58339
http://www.wikidata.org/entity/Q4045538,http://www.wikidata.org/entity/Q851213
http://www.wikidata.org/entity/Q4049849,http://www.wikidata.org/entity/Q851213
http://www.wikidata.org/entity/Q4053719,http://www.wikidata.org/entity/Q107589110
http://www.wikidata.org/entity/Q4056436,http://www.wikidata.org/entity/Q130572
http://www.wikidata.org/entity/Q4056436,http://www.wikidata.org/entity/Q155858
http://www.wikidata.org/entity/Q4056436,http://www.wikidata.org/entity/Q2498201
http://www.wikidata.org/entity/Q4056436,http://www.wikidata.org/entity/Q89363113
http://www.wikidata.org/entity/Q4056436,http://www.wikidata.org/entity/Q94499224
http://www.wikidata.org/entity/Q4058252,http://www.wikidata.org/entity/Q724104
http://www.wikidata.org/entity/Q4058252,http://www.wikidata.org/entity/Q107013350
http://www.wikidata.org/entity/Q4059163,http://www.wikidata.org/entity/Q9730
http://www.wikidata.org/entity/Q4059163,http://www.wikidata.org/entity/Q9778
http://www.wikidata.org/entity/Q4069711,http://www.wikidata.org/entity/Q2665906
http://www.wikidata.org/entity/Q4069711,http://www.wikidata.org/entity/Q107013350
http://www.wikidata.org/entity/Q4078107,http://www.wikidata.org/entity/Q11399
http://www.wikidata.org/entity/Q4078107,http://www.wikidata.org/entity/Q4056436
http://www.wikidata.org/entity/Q4083733,http://www.wikidata.org/entity/Q2707688
http://www.wikidata.org/entity/Q4083733,http://www.wikidata.org/entity/Q3679098
http://www.wikidata.org/entity/Q4088026,http://www.wikidata.org/entity/Q1891685
http://www.wikidata.org/entity/Q4100058,http://www.wikidata.org/entity/Q4118511
http://www.wikidata.org/entity/Q4100058,http://www.wikidata.org/entity/Q98528287
http://www.wikidata.org/entity/Q4100058,http://www.wikidata.org/entity/Q106635234
http://www.wikidata.org/entity/Q4117103,http://www.wikidata.org/entity/Q106595599
http://www.wikidata.org/entity/Q4119678,http://www.wikidata.org/entity/Q6942329
http://www.wikidata.org/entity/Q4130112,http://www.wikidata.org/entity/Q1523875
http://www.wikidata.org/entity/Q4130112,http://www.wikidata.org/entity/Q16682190
http://www.wikidata.org/entity/Q4138449,http://www.wikidata.org/entity/Q856713
http://www.wikidata.org/entity/Q4145692,http://www.wikidata.org/entity/Q4400837
http://www.wikidata.org/entity/Q4145841,http://www.wikidata.org/entity/Q11399
http://www.wikidata.org/entity/Q4155078,http://www.wikidata.org/entity/Q372103
http://www.wikidata.org/entity/Q4155078,http://www.wikidata.org/entity/Q1403744
http://www.wikidata.org/entity/Q4159719,http://www.wikidata.org/entity/Q8341
http://www.wikidata.org/entity/Q4159719,http://www.wikidata.org/entity/Q2665906
http://www.wikidata.org/entity/Q4171186,http://www.wikidata.org/entity/Q7832297
http://www.wikidata.org/entity/Q4177625,http://www.wikidata.org/entity/Q1585075
http://www.wikidata.org/entity/Q4179738,http://www.wikidata.org/entity/Q4400837
http://www.wikidata.org/entity/Q4181641,http://www.wikidata.org/entity/Q110250034
http://www.wikidata.org/entity/Q4181927,http://www.wikidata.org/entity/Q188994
http://www.wikidata.org/entity/Q4198071,http://www.wikidata.org/entity/Q1065742
http://www.wikidata.org/entity/Q4200851,http://www.wikidata.org/entity/Q11399
http://www.wikidata.org/entity/Q4200851,http://www.wikidata.org/entity/Q1210921
http://www.wikidata.org/entity/Q4202963,http://www.wikidata.org/entity/Q484692
http://www.wikidata.org/entity/Q4202963,http://www.wikidata.org/entity/Q919516
http://www.wikidata.org/entity/Q4203061,http://www.wikidata.org/entity/Q3328692
http://www.wikidata.org/entity/Q4203061,http://www.wikidata.org/entity/Q106635221
http://www.wikidata.org/entity/Q4207331,http://www.wikidata.org/entity/Q3868631
http://www.wikidata.org/entity/Q4207331,http://www.wikidata.org/entity/Q107000797
http://www.wikidata.org/entity/Q4208567,http://www.wikidata.org/entity/Q691771
http://www.wikidata.org/entity/Q4208567,http://www.wikidata.org/entity/Q6941949
http://www.wikidata.org/entity/Q4208567,http://www.wikidata.org/entity/Q110606359
http://www.wikidata.org/entity/Q4215151,http://www.wikidata.org/entity/Q11403
http://www.wikidata.org/entity/Q4216001,http://www.wikidata.org/entity/Q11787379
http://www.wikidata.org/entity/Q4216001,http://www.wikidata.org/entity/Q107000797
http://www.wikidata.org/entity/Q4247813,http://www.wikidata.org/entity/Q131425
http://www.wikidata.org/entity/Q4251198,http://www.wikidata.org/entity/Q25513043
http://www.wikidata.org/entity/Q4251198,http://www.wikidata.org/entity/Q98528287
http://www.wikidata.org/entity/Q4258162,http://www.wikidata.org/entity/Q2624785
http://www.wikidata.org/entity/Q4290471,http://www.wikidata.org/entity/Q446241
http://www.wikidata.org/entity/Q4306573,http://www.wikidata.org/entity/Q716060
http://www.wikidata.org/entity/Q4306575,http://www.wikidata.org/entity/Q106507873
http://www.wikidata.org/entity/Q4306577,http://www.wikidata.org/entity/Q98528232
http://www.wikidata.org/entity/Q4306578,http://www.wikidata.org/entity/Q106508039
http://www.wikidata.org/entity/Q4306583,http://www.wikidata.org/entity/Q106588687
http://www.wikidata.org/entity/Q4306588,http://www.wikidata.org/entity/Q106926325
http://www.wikidata.org/entity/Q4306636,http://www.wikidata.org/entity/Q108857328
http://www.wikidata.org/entity/Q4317267,http://www.wikidata.org/entity/Q9730
http://www.wikidata.org/entity/Q4337652,http://www.wikidata.org/entity/Q2032053
http://www.wikidata.org/entity/Q4337652,http://www.wikidata.org/entity/Q2498201
http://www.wikidata.org/entity/Q4337652,http://www.wikidata.org/entity/Q106506985
http://www.wikidata.org/entity/Q4349839,http://www.wikidata.org/entity/Q10757361
http://www.wikidata.org/entity/Q4355815,http://www.wikidata.org/entity/Q2088357
http://www.wikidata.org/entity/Q7196459,http://www.wikidata.org/entity/Q9794
http://www.wikidata.org/entity/Q7196459,http://www.wikidata.org/entity/Q3328743
http://www.wikidata.org/entity/Q7198347,http://www.wikidata.org/entity/Q2662072
http://www.wikidata.org/entity/Q7205507,http://www.wikidata.org/entity/Q1744304
http://www.wikidata.org/entity/Q7210038,http://www.wikidata.org/entity/Q8341
http://www.wikidata.org/entity/Q7210038,http://www.wikidata.org/entity/Q473602
http://www.wikidata.org/entity/Q7210069,http://www.wikidata.org/entity/Q9794
http://www.wikidata.org/entity/Q7210069,http://www.wikidata.org/entity/Q473602
http://www.wikidata.org/entity/Q7210075,http://www.wikidata.org/entity/Q11399
http://www.wikidata.org/entity/Q7210075,http://www.wikidata.org/entity/Q473602
http://www.wikidata.org/entity/Q7226751,http://www.wikidata.org/entity/Q436016
http://www.wikidata.org/entity/Q7229757,http://www.wikidata.org/entity/Q373342
http://www.wikidata.org/entity/Q7229757,http://www.wikidata.org/entity/Q1156957
http://www.wikidata.org/entity/Q7233274,http://www.wikidata.org/entity/Q10922
http://www.wikidata.org/entity/Q7245792,http://www.wikidata.org/entity/Q11399
http://www.wikidata.org/entity/Q7247338,http://www.wikidata.org/entity/Q856713
http://www.wikidata.org/entity/Q7247338,http://www.wikidata.org/entity/Q8812109
http://www.wikidata.org/entity/Q7248857,http://www.wikidata.org/entity/Q115484611
http://www.wikidata.org/entity/Q7251113,http://www.wikidata.org/entity/Q64137792
http://www.wikidata.org/entity/Q7258480,http://www.wikidata.org/entity/Q2662072
http://www.wikidata.org/entity/Q7259146,http://www.wikidata.org/entity/Q132241
http://www.wikidata.org/entity/Q7259146,http://www.wikidata.org/entity/Q189819
http://www.wikidata.org/entity/Q7259146,http://www.wikidata.org/entity/Q7171186
http://www.wikidata.org/entity/Q7260405,http://www.wikidata.org/entity/Q3071
http://www.wikidata.org/entity/Q7260405,http://www.wikidata.org/entity/Q3114644
http://www.wikidata.org/entity/Q7260406,http://www.wikidata.org/entity/Q3071
http://www.wikidata.org/entity/Q7260406,http://www.wikidata.org/entity/Q846784
http://www.wikidata.org/entity/Q7260407,http://www.wikidata.org/entity/Q3071
http://www.wikidata.org/entity/Q7260407,http://www.wikidata.org/entity/Q899215
http://www.wikidata.org/entity/Q7260408,http://www.wikidata.org/entity/Q3071
http://www.wikidata.org/entity/Q7260408,http://www.wikidata.org/entity/Q1522794
http://www.wikidata.org/entity/Q7260409,http://www.wikidata.org/entity/Q3071
http://www.wikidata.org/entity/Q7260409,http://www.wikidata.org/entity/Q964987
http://www.wikidata.org/entity/Q7263021,http://www.wikidata.org/entity/Q98528185
http://www.wikidata.org/entity/Q7263021,http://www.wikidata.org/entity/Q106588687
http://www.wikidata.org/entity/Q7273050,http://www.wikidata.org/entity/Q184485
http://www.wikidata.org/entity/Q7273050,http://www.wikidata.org/entity/Q277393
http://www.wikidata.org/entity/Q7282874,http://www.wikidata.org/entity/Q9794
http://www.wikidata.org/entity/Q7283707,http://www.wikidata.org/entity/Q839029
http://www.wikidata.org/entity/Q7283707,http://www.wikidata.org/entity/Q2344472
http://www.wikidata.org/entity/Q7290060,http://www.wikidata.org/entity/Q1770695
http://www.wikidata.org/entity/Q7293809,http://www.wikidata.org/entity/Q876171
http://www.wikidata.org/entity/Q7293809,http://www.wikidata.org/entity/Q6942325
http://www.wikidata.org/entity/Q7293812,http://www.wikidata.org/entity/Q11401
http://www.wikidata.org/entity/Q7295057,http://www.wikidata.org/entity/Q3710513
http://www.wikidata.org/entity/Q7295067,http://www.wikidata.org/entity/Q6022257
http://www.wikidata.org/entity/Q7302395,http://www.wikidata.org/entity/Q856713
http://www.wikidata.org/entity/Q7302395,http://www.wikidata.org/entity/Q8812109
http://www.wikidata.org/entity/Q7306376,http://www.wikidata.org/entity/Q1640319
http://www.wikidata.org/entity/Q7308175,http://www.wikidata.org/entity/Q11399
http://www.wikidata.org/entity/Q7308175,http://www.wikidata.org/entity/Q1606591
http://www.wikidata.org/entity/Q7309098,http://www.wikidata.org/entity/Q3397325
http://www.wikidata.org/entity/Q7310628,http://www.wikidata.org/entity/Q11894761
http://www.wikidata.org/entity/Q7310665,http://www.wikidata.org/entity/Q1067089
http://www.wikidata.org/entity/Q7310665,http://www.wikidata.org/entity/Q3735537
http://www.wikidata.org/entity/Q7311227,http://www.wikidata.org/entity/Q3566051
http://www.wikidata.org/entity/Q7311227,http://www.wikidata.org/entity/Q7777494
http://www.wikidata.org/entity/Q7311378,http://www.wikidata.org/entity/Q1065742
http://www.wikidata.org/entity/Q7311378,http://www.wikidata.org/entity/Q1672398
http://www.wikidata.org/entity/Q7321654,http://www.wikidata.org/entity/Q16931684
http://www.wikidata.org/entity/Q7335754,http://www.wikidata.org/entity/Q98528191
http://www.wikidata.org/entity/Q7354827,http://www.wikidata.org/entity/Q11399
http://www.wikidata.org/entity/Q7354827,http://www.wikidata.org/entity/Q1370345
http://www.wikidata.org/entity/Q7354915,http://www.wikidata.org/entity/Q11399
http://www.wikidata.org/entity/Q7361460,http://www.wikidata.org/entity/Q108297206
http://www.wikidata.org/entity/Q7361460,http://www.wikidata.org/entity/Q118744390
http://www.wikidata.org/entity/Q7361853,http://www.wikidata.org/entity/Q101417642
http://www.wikidata.org/entity/Q7362652,http://www.wikidata.org/entity/Q12736123
http://www.wikidata.org/entity/Q7362666,http://www.wikidata.org/entity/Q11399
http://www.wikidata.org/entity/Q7362666,http://www.wikidata.org/entity/Q852210
http://www.wikidata.org/entity/Q7362864,http://www.wikidata.org/entity/Q11401
http://www.wikidata.org/entity/Q7362864,http://www.wikidata.org/entity/Q1268283
http://www.wikidata.org/entity/Q7382074,http://www.wikidata.org/entity/Q88347179
http://www.wikidata.org/entity/Q7382074,http://www.wikidata.org/entity/Q139566472
http://www.wikidata.org/entity/Q7382101,http://www.wikidata.org/entity/Q1531860
http://www.wikidata.org/entity/Q7382101,http://www.wikidata.org/entity/Q139566472
http://www.wikidata.org/entity/Q7385628,http://www.wikidata.org/entity/Q257533
http://www.wikidata.org/entity/Q7397088,http://www.wikidata.org/entity/Q2267955
http://www.wikidata.org/entity/Q7397088,http://www.wikidata.org/entity/Q6452410
http://www.wikidata.org/entity/Q7397088,http://www.wikidata.org/entity/Q64137792
http://www.wikidata.org/entity/Q7397320,http://www.wikidata.org/entity/Q106085531
http://www.wikidata.org/entity/Q7397641,http://www.wikidata.org/entity/Q11366
http://www.wikidata.org/entity/Q7402234,http://www.wikidata.org/entity/Q6452410
http://www.wikidata.org/entity/Q7405759,http://www.wikidata.org/entity/Q208239
http://www.wikidata.org/entity/Q7405765,http://www.wikidata.org/entity/Q208239
http://www.wikidata.org/entity/Q7406498,http://www.wikidata.org/entity/Q3827483
http://www.wikidata.org/entity/Q7406498,http://www.wikidata.org/entity/Q6942071
http://www.wikidata.org/entity/Q7409412,http://www.wikidata.org/entity/Q26302245
http://www.wikidata.org/entity/Q7409969,http://www.wikidata.org/entity/Q11401
http://www.wikidata.org/entity/Q7409969,http://www.wikidata.org/entity/Q16191837
http://www.wikidata.org/entity/Q7410145,http://www.wikidata.org/entity/Q373342
http://www.wikidata.org/entity/Q7410295,http://www.wikidata.org/entity/Q585588
http://www.wikidata.org/entity/Q7410295,http://www.wikidata.org/entity/Q4879372
http://www.wikidata.org/entity/Q7410295,http://www.wikidata.org/entity/Q109448509
http://www.wikidata.org/entity/Q7418014,http://www.wikidata.org/entity/Q3328735
http://www.wikidata.org/entity/Q7418014,http://www.wikidata.org/entity/Q96375917
http://www.wikidata.org/entity/Q7420501,http://www.wikidata.org/entity/Q11639
http://www.wikidata.org/entity/Q7420501,http://www.wikidata.org/entity/Q1065742
http://www.wikidata.org/entity/Q7425759,http://www.wikidata.org/entity/Q11223087
http://www.wikidata.org/entity/Q7426239,http://www.wikidata.org/entity/Q602646
http://www.wikidata.org/entity/Q1353390,http://www.wikidata.org/entity/Q26897135
http://www.wikidata.org/entity/Q1361891,http://www.wikidata.org/entity/Q7777494
http://www.wikidata.org/entity/Q1361891,http://www.wikidata.org/entity/Q11615913
http://www.wikidata.org/entity/Q1361891,http://www.wikidata.org/entity/Q11638369
http://www.wikidata.org/entity/Q1362878,http://www.wikidata.org/entity/Q2743758
http://www.wikidata.org/entity/Q1362878,http://www.wikidata.org/entity/Q3840596
http://www.wikidata.org/entity/Q1365482,http://www.wikidata.org/entity/Q1338153
http://www.wikidata.org/entity/Q1365482,http://www.wikidata.org/entity/Q2568406
http://www.wikidata.org/entity/Q1366983,http://www.wikidata.org/entity/Q380233
http://www.wikidata.org/entity/Q1368139,http://www.wikidata.org/entity/Q115484611
http://www.wikidata.org/entity/Q1369726,http://www.wikidata.org/entity/Q11639
http://www.wikidata.org/entity/Q1370345,http://www.wikidata.org/entity/Q11635
http://www.wikidata.org/entity/Q1370345,http://www.wikidata.org/entity/Q61340552
http://www.wikidata.org/entity/Q1370720,http://www.wikidata.org/entity/Q207628
http://www.wikidata.org/entity/Q1371364,http://www.wikidata.org/entity/Q8341
http://www.wikidata.org/entity/Q1373485,http://www.wikidata.org/entity/Q115484611
http://www.wikidata.org/entity/Q1374731,http://www.wikidata.org/entity/Q58339
http://www.wikidata.org/entity/Q1378776,http://www.wikidata.org/entity/Q21971297
http://www.wikidata.org/entity/Q1379958,http://www.wikidata.org/entity/Q373342
http://www.wikidata.org/entity/Q1379958,http://www.wikidata.org/entity/Q6452410
http://www.wikidata.org/entity/Q1381447,http://www.wikidata.org/entity/Q180268
http://www.wikidata.org/entity/Q1381447,http://www.wikidata.org/entity/Q1293057
http://www.wikidata.org/entity/Q1381447,http://www.wikidata.org/entity/Q107718737
http://www.wikidata.org/entity/Q1386554,http://www.wikidata.org/entity/Q54365
http://www.wikidata.org/entity/Q1386554,http://www.wikidata.org/entity/Q257533
http://www.wikidata.org/entity/Q1391336,http://www.wikidata.org/entity/Q11399
http://www.wikidata.org/entity/Q1391336,http://www.wikidata.org/entity/Q5151495
http://www.wikidata.org/entity/Q1399566,http://www.wikidata.org/entity/Q2743758
http://www.wikidata.org/entity/Q1399566,http://www.wikidata.org/entity/Q110592786
http://www.wikidata.org/entity/Q1399566,http://www.wikidata.org/entity/Q114239322
http://www.wikidata.org/entity/Q1399695,http://www.wikidata.org/entity/Q753679
http://www.wikidata.org/entity/Q1399695,http://www.wikidata.org/entity/Q3827483
http://www.wikidata.org/entity/Q1399964,http://www.wikidata.org/entity/Q65937946
http://www.wikidata.org/entity/Q1403744,http://www.wikidata.org/entity/Q9778
http://www.wikidata.org/entity/Q1403744,http://www.wikidata.org/entity/Q936942
http://www.wikidata.org/entity/Q1406136,http://www.wikidata.org/entity/Q3328583
http://www.wikidata.org/entity/Q1413061,http://www.wikidata.org/entity/Q1046768
http://www.wikidata.org/entity/Q1413570,http://www.wikidata.org/entity/Q17080806
http://www.wikidata.org/entity/Q1413570,http://www.wikidata.org/entity/Q20102359
http://www.wikidata.org/entity/Q1413570,http://www.wikidata.org/entity/Q108181145
http://www.wikidata.org/entity/Q1414130,http://www.wikidata.org/entity/Q3085171
http://www.wikidata.org/entity/Q1414130,http://www.wikidata.org/entity/Q19672555
http://www.wikidata.org/entity/Q1414858,http://www.wikidata.org/entity/Q483251
http://www.wikidata.org/entity/Q1414858,http://www.wikidata.org/entity/Q6942212
http://www.wikidata.org/entity/Q1415568,http://www.wikidata.org/entity/Q20502
http://www.wikidata.org/entity/Q1417272,http://www.wikidata.org/entity/Q2572794
http://www.wikidata.org/entity/Q1417272,http://www.wikidata.org/entity/Q5185279
http://www.wikidata.org/entity/Q1417976,http://www.wikidata.org/entity/Q26302245
http://www.wikidata.org/entity/Q1418683,http://www.wikidata.org/entity/Q37073
http://www.wikidata.org/entity/Q1418683,http://www.wikidata.org/entity/Q257533
http://www.wikidata.org/entity/Q1420722,http://www.wikidata.org/entity/Q11403
http://www.wikidata.org/entity/Q1420722,http://www.wikidata.org/entity/Q11639
http://www.wikidata.org/entity/Q1422944,http://www.wikidata.org/entity/Q11399
http://www.wikidata.org/entity/Q1423598,http://www.wikidata.org/entity/Q11639
http://www.wikidata.org/entity/Q1425111,http://www.wikidata.org/entity/Q83440
http://www.wikidata.org/entity/Q1425661,http://www.wikidata.org/entity/Q25554481
http://www.wikidata.org/entity/Q1426909,http://www.wikidata.org/entity/Q8341
http://www.wikidata.org/entity/Q1426909,http://www.wikidata.org/entity/Q3053954
http://www.wikidata.org/entity/Q1427690,http://www.wikidata.org/entity/Q108562050
http://www.wikidata.org/entity/Q1428162,http://www.wikidata.org/entity/Q2707688
http://www.wikidata.org/entity/Q1428162,http://www.wikidata.org/entity/Q64137792
http://www.wikidata.org/entity/Q1428470,http://www.wikidata.org/entity/Q107331898
http://www.wikidata.org/entity/Q1428885,http://www.wikidata.org/entity/Q11544988
http://www.wikidata.org/entity/Q1430045,http://www.wikidata.org/entity/Q483251
http://www.wikidata.org/entity/Q1430045,http://www.wikidata.org/entity/Q6942081
http://www.wikidata.org/entity/Q1430587,http://www.wikidata.org/entity/Q170611
http://www.wikidata.org/entity/Q1430587,http://www.wikidata.org/entity/Q141085400
http://www.wikidata.org/entity/Q1430717,http://www.wikidata.org/entity/Q1766836
http://www.wikidata.org/entity/Q1430717,http://www.wikidata.org/entity/Q7654953
http://www.wikidata.org/entity/Q1431327,http://www.wikidata.org/entity/Q11399
http://www.wikidata.org/entity/Q1432201,http://www.wikidata.org/entity/Q17157220
http://www.wikidata.org/entity/Q1432540,http://www.wikidata.org/entity/Q43343
http://www.wikidata.org/entity/Q1432540,http://www.wikidata.org/entity/Q179465
http://www.wikidata.org/entity/Q1432836,http://www.wikidata.org/entity/Q109454197
http://www.wikidata.org/entity/Q1432934,http://www.wikidata.org/entity/Q703778
http://www.wikidata.org/entity/Q1432934,http://www.wikidata.org/entity/Q1190565
http://www.wikidata.org/entity/Q1432934,http://www.wikidata.org/entity/Q122947986
http://www.wikidata.org/entity/Q1433387,http://www.wikidata.org/entity/Q12326776
http://www.wikidata.org/entity/Q1433547,http://www.wikidata.org/entity/Q2736181
http://www.wikidata.org/entity/Q1435485,http://www.wikidata.org/entity/Q899215
http://www.wikidata.org/entity/Q1435509,http://www.wikidata.org/entity/Q817138
http://www.wikidata.org/entity/Q1436228,http://www.wikidata.org/entity/Q1229479
http://www.wikidata.org/entity/Q1436228,http://www.wikidata.org/entity/Q15974722
http://www.wikidata.org/entity/Q1437709,http://www.wikidata.org/entity/Q727781
http://www.wikidata.org/entity/Q1440196,http://www.wikidata.org/entity/Q756956
http://www.wikidata.org/entity/Q1443316,http://www.wikidata.org/entity/Q107033384
http://www.wikidata.org/entity/Q1451799,http://www.wikidata.org/entity/Q216860
http://www.wikidata.org/entity/Q1452181,http://www.wikidata.org/entity/Q1370345
http://www.wikidata.org/entity/Q1452181,http://www.wikidata.org/entity/Q107033384
http://www.wikidata.org/entity/Q1452181,http://www.wikidata.org/entity/Q107718509
http://www.wikidata.org/entity/Q1452401,http://www.wikidata.org/entity/Q98528192
http://www.wikidata.org/entity/Q1455292,http://www.wikidata.org/entity/Q20502
http://www.wikidata.org/entity/Q1455487,http://www.wikidata.org/entity/Q388906
http://www.wikidata.org/entity/Q1455932,http://www.wikidata.org/entity/Q899215
http://www.wikidata.org/entity/Q1455932,http://www.wikidata.org/entity/Q10264148
http://www.wikidata.org/entity/Q1455932,http://www.wikidata.org/entity/Q114239322
http://www.wikidata.org/entity/Q1457545,http://www.wikidata.org/entity/Q465978
http://www.wikidata.org/entity/Q1457545,http://www.wikidata.org/entity/Q65047322
http://www.wikidata.org/entity/Q1457753,http://www.wikidata.org/entity/Q1048469
http://www.wikidata.org/entity/Q1457753,http://www.wikidata.org/entity/Q1583807
http://www.wikidata.org/entity/Q106654247,http://www.wikidata.org/entity/Q106586249
http://www.wikidata.org/entity/Q106704476,http://www.wikidata.org/entity/Q1062702
http://www.wikidata.org/entity/Q106807843,http://www.wikidata.org/entity/Q2346484
http://www.wikidata.org/entity/Q106810831,http://www.wikidata.org/entity/Q2090950
http://www.wikidata.org/entity/Q106810831,http://www.wikidata.org/entity/Q8812109
http://www.wikidata.org/entity/Q106810831,http://www.wikidata.org/entity/Q23072435
http://www.wikidata.org/entity/Q106839582,http://www.wikidata.org/entity/Q10922
http://www.wikidata.org/entity/Q106839650,http://www.wikidata.org/entity/Q2517263
http://www.wikidata.org/entity/Q106844185,http://www.wikidata.org/entity/Q15733887
http://www.wikidata.org/entity/Q106860852,http://www.wikidata.org/entity/Q37073
http://www.wikidata.org/entity/Q106860852,http://www.wikidata.org/entity/Q377185
http://www.wikidata.org/entity/Q106876075,http://www.wikidata.org/entity/Q474027
http://www.wikidata.org/entity/Q106876075,http://www.wikidata.org/entity/Q851213
http://www.wikidata.org/entity/Q106876075,http://www.wikidata.org/entity/Q3015661
http://www.wikidata.org/entity/Q106876717,http://www.wikidata.org/entity/Q727781
http://www.wikidata.org/entity/Q106876811,http://www.wikidata.org/entity/Q11401
http://www.wikidata.org/entity/Q106876903,http://www.wikidata.org/entity/Q850412
http://www.wikidata.org/entity/Q106877744,http://www.wikidata.org/entity/Q3328743
http://www.wikidata.org/entity/Q106877744,http://www.wikidata.org/entity/Q106586998
http://www.wikidata.org/entity/Q106877947,http://www.wikidata.org/entity/Q106586998
http://www.wikidata.org/entity/Q106877978,http://www.wikidata.org/entity/Q1770695
http://www.wikidata.org/entity/Q106877990,http://www.wikidata.org/entity/Q9759
http://www.wikidata.org/entity/Q106877999,http://www.wikidata.org/entity/Q515074
http://www.wikidata.org/entity/Q106878000,http://www.wikidata.org/entity/Q9759
http://www.wikidata.org/entity/Q106878001,http://www.wikidata.org/entity/Q515074
http://www.wikidata.org/entity/Q106878019,http://www.wikidata.org/entity/Q65936357
http://www.wikidata.org/entity/Q106917640,http://www.wikidata.org/entity/Q89363113
http://www.wikidata.org/entity/Q106922571,http://www.wikidata.org/entity/Q372103
http://www.wikidata.org/entity/Q106922571,http://www.wikidata.org/entity/Q487965
http://www.wikidata.org/entity/Q106926276,http://www.wikidata.org/entity/Q235858
http://www.wikidata.org/entity/Q106926276,http://www.wikidata.org/entity/Q107407692
http://www.wikidata.org/entity/Q106926325,http://www.wikidata.org/entity/Q899215
http://www.wikidata.org/entity/Q106926325,http://www.wikidata.org/entity/Q98528197
http://www.wikidata.org/entity/Q106928658,http://www.wikidata.org/entity/Q867306
http://www.wikidata.org/entity/Q106928658,http://www.wikidata.org/entity/Q106586999
http://www.wikidata.org/entity/Q106957068,http://www.wikidata.org/entity/Q11399
http://www.wikidata.org/entity/Q107000797,http://www.wikidata.org/entity/Q716060
http://www.wikidata.org/entity/Q107000797,http://www.wikidata.org/entity/Q106586250
http://www.wikidata.org/entity/Q107000825,http://www.wikidata.org/entity/Q6942280
http://www.wikidata.org/entity/Q107000825,http://www.wikidata.org/entity/Q107000797
http://www.wikidata.org/entity/Q107003152,http://www.wikidata.org/entity/Q3328601
http://www.wikidata.org/entity/Q107010574,http://www.wikidata.org/entity/Q188994
http://www.wikidata.org/entity/Q107010629,http://www.wikidata.org/entity/Q117745223
http://www.wikidata.org/entity/Q107013350,http://www.wikidata.org/entity/Q235858
http://www.wikidata.org/entity/Q107013350,http://www.wikidata.org/entity/Q106506985
http://www.wikidata.org/entity/Q107020173,http://www.wikidata.org/entity/Q4337652
http://www.wikidata.org/entity/Q107020173,http://www.wikidata.org/entity/Q107013350
http://www.wikidata.org/entity/Q107021951,http://www.wikidata.org/entity/Q107736421
http://www.wikidata.org/entity/Q107022156,http://www.wikidata.org/entity/Q217199
http://www.wikidata.org/entity/Q107022182,http://www.wikidata.org/entity/Q107021951
http://www.wikidata.org/entity/Q107022182,http://www.wikidata.org/entity/Q107022156
http://www.wikidata.org/entity/Q107022533,http://www.wikidata.org/entity/Q3328730
http://www.wikidata.org/entity/Q107022533,http://www.wikidata.org/entity/Q6966089
http://www.wikidata.org/entity/Q107022533,http://www.wikidata.org/entity/Q16679594
http://www.wikidata.org/entity/Q107024911,http://www.wikidata.org/entity/Q1074080
http://www.wikidata.org/entity/Q107024911,http://www.wikidata.org/entity/Q106635221
http://www.wikidata.org/entity/Q107024927,http://www.wikidata.org/entity/Q2956178
http://www.wikidata.org/entity/Q107024983,http://www.wikidata.org/entity/Q6941949
http://www.wikidata.org/entity/Q107024983,http://www.wikidata.org/entity/Q106635234
http://www.wikidata.org/entity/Q107024992,http://www.wikidata.org/entity/Q18846
http://www.wikidata.org/entity/Q107024992,http://www.wikidata.org/entity/Q117187744
http://www.wikidata.org/entity/Q107025062,http://www.wikidata.org/entity/Q3394906
http://www.wikidata.org/entity/Q107029644,http://www.wikidata.org/entity/Q107033384
http://www.wikidata.org/entity/Q107033384,http://www.wikidata.org/entity/Q373342
http://www.wikidata.org/entity/Q107033384,http://www.wikidata.org/entity/Q122149755
http://www.wikidata.org/entity/Q107033631,http://www.wikidata.org/entity/Q3328727
http://www.wikidata.org/entity/Q107033631,http://www.wikidata.org/entity/Q4806789
http://www.wikidata.org/entity/Q107033632,http://www.wikidata.org/entity/Q107033384
http://www.wikidata.org/entity/Q107033667,http://www.wikidata.org/entity/Q107033384
http://www.wikidata.org/entity/Q107033785,http://www.wikidata.org/entity/Q3328728
http://www.wikidata.org/entity/Q107040857,http://www.wikidata.org/entity/Q98528191
http://www.wikidata.org/entity/Q107040857,http://www.wikidata.org/entity/Q98528197
http://www.wikidata.org/entity/Q107044696,http://www.wikidata.org/entity/Q901610
http://www.wikidata.org/entity/Q107044696,http://www.wikidata.org/entity/Q943929
http://www.wikidata.org/entity/Q107090469,http://www.wikidata.org/entity/Q6941956
http://www.wikidata.org/entity/Q107090469,http://www.wikidata.org/entity/Q107013350
http://www.wikidata.org/entity/Q107090501,http://www.wikidata.org/entity/Q20502
http://www.wikidata.org/entity/Q107091525,http://www.wikidata.org/entity/Q1771297
http://www.wikidata.org/entity/Q107091525,http://www.wikidata.org/entity/Q98528277
http://www.wikidata.org/entity/Q107091813,http://www.wikidata.org/entity/Q106576141
http://www.wikidata.org/entity/Q107091813,http://www.wikidata.org/entity/Q114880124
http://www.wikidata.org/entity/Q107100828,http://www.wikidata.org/entity/Q64140571
http://www.wikidata.org/entity/Q107100828,http://www.wikidata.org/entity/Q131205623
http://www.wikidata.org/entity/Q107123896,http://www.wikidata.org/entity/Q6942329
http://www.wikidata.org/entity/Q107124397,http://www.wikidata.org/entity/Q18345375
http://www.wikidata.org/entity/Q107124431,http://www.wikidata.org/entity/Q110249967
http://www.wikidata.org/entity/Q107138217,http://www.wikidata.org/entity/Q5645984
http://www.wikidata.org/entity/Q107138217,http://www.wikidata.org/entity/Q107407692
http://www.wikidata.org/entity/Q107140632,http://www.wikidata.org/entity/Q2662072
http://www.wikidata.org/entity/Q107177810,http://www.wikidata.org/entity/Q2743
http://www.wikidata.org/entity/Q107189715,http://www.wikidata.org/entity/Q624044
http://www.wikidata.org/entity/Q107189715,http://www.wikidata.org/entity/Q98528260
http://www.wikidata.org/entity/Q107192370,http://www.wikidata.org/entity/Q3328772
http://www.wikidata.org/entity/Q107192482,http://www.wikidata.org/entity/Q3328789
http://www.wikidata.org/entity/Q107192482,http://www.wikidata.org/entity/Q107524184
http://www.wikidata.org/entity/Q107192506,http://www.wikidata.org/entity/Q3328738
http://www.wikidata.org/entity/Q107192506,http://www.wikidata.org/entity/Q98528260
http://www.wikidata.org/entity/Q107194317,http://www.wikidata.org/entity/Q105756581
http://www.wikidata.org/entity/Q107194780,http://www.wikidata.org/entity/Q1151663
http://www.wikidata.org/entity/Q107194780,http://www.wikidata.org/entity/Q5151495
http://www.wikidata.org/entity/Q4355815,http://www.wikidata.org/entity/Q106877947
http://www.wikidata.org/entity/Q4371786,http://www.wikidata.org/entity/Q492067
http://www.wikidata.org/entity/Q4371786,http://www.wikidata.org/entity/Q716060
http://www.wikidata.org/entity/Q4371786,http://www.wikidata.org/entity/Q23072435
http://www.wikidata.org/entity/Q4372158,http://www.wikidata.org/entity/Q37073
http://www.wikidata.org/entity/Q4372158,http://www.wikidata.org/entity/Q104853037
http://www.wikidata.org/entity/Q4376204,http://www.wikidata.org/entity/Q6452410
http://www.wikidata.org/entity/Q4381192,http://www.wikidata.org/entity/Q727781
http://www.wikidata.org/entity/Q4381192,http://www.wikidata.org/entity/Q5645984
http://www.wikidata.org/entity/Q4381349,http://www.wikidata.org/entity/Q106588687
http://www.wikidata.org/entity/Q4390945,http://www.wikidata.org/entity/Q1650296
http://www.wikidata.org/entity/Q4390945,http://www.wikidata.org/entity/Q106581470
http://www.wikidata.org/entity/Q4396829,http://www.wikidata.org/entity/Q11399
http://www.wikidata.org/entity/Q4396829,http://www.wikidata.org/entity/Q1672398
http://www.wikidata.org/entity/Q4400125,http://www.wikidata.org/entity/Q107686154
http://www.wikidata.org/entity/Q4400497,http://www.wikidata.org/entity/Q94499224
http://www.wikidata.org/entity/Q4400497,http://www.wikidata.org/entity/Q108821603
http://www.wikidata.org/entity/Q4400498,http://www.wikidata.org/entity/Q16679594
http://www.wikidata.org/entity/Q4400498,http://www.wikidata.org/entity/Q88340836
http://www.wikidata.org/entity/Q4400803,http://www.wikidata.org/entity/Q1891685
http://www.wikidata.org/entity/Q4400837,http://www.wikidata.org/entity/Q88340836
http://www.wikidata.org/entity/Q4428744,http://www.wikidata.org/entity/Q1544863
http://www.wikidata.org/entity/Q4428744,http://www.wikidata.org/entity/Q3328778
http://www.wikidata.org/entity/Q4428744,http://www.wikidata.org/entity/Q116884389
http://www.wikidata.org/entity/Q4440575,http://www.wikidata.org/entity/Q2707688
http://www.wikidata.org/entity/Q4440575,http://www.wikidata.org/entity/Q3679098
http://www.wikidata.org/entity/Q4444254,http://www.wikidata.org/entity/Q7382074
http://www.wikidata.org/entity/Q4444254,http://www.wikidata.org/entity/Q23072435
http://www.wikidata.org/entity/Q4452477,http://www.wikidata.org/entity/Q235858
http://www.wikidata.org/entity/Q4452477,http://www.wikidata.org/entity/Q98528287
http://www.wikidata.org/entity/Q4452477,http://www.wikidata.org/entity/Q106626655
http://www.wikidata.org/entity/Q4452845,http://www.wikidata.org/entity/Q685884
http://www.wikidata.org/entity/Q4453768,http://www.wikidata.org/entity/Q11399
http://www.wikidata.org/entity/Q4453768,http://www.wikidata.org/entity/Q724104
http://www.wikidata.org/entity/Q4469861,http://www.wikidata.org/entity/Q685884
http://www.wikidata.org/entity/Q4469861,http://www.wikidata.org/entity/Q691771
http://www.wikidata.org/entity/Q4490718,http://www.wikidata.org/entity/Q183862
http://www.wikidata.org/entity/Q4490718,http://www.wikidata.org/entity/Q140561383
http://www.wikidata.org/entity/Q4490991,http://www.wikidata.org/entity/Q83440
http://www.wikidata.org/entity/Q4490991,http://www.wikidata.org/entity/Q7248857
http://www.wikidata.org/entity/Q4499034,http://www.wikidata.org/entity/Q1989725
http://www.wikidata.org/entity/Q4499034,http://www.wikidata.org/entity/Q20819985
http://www.wikidata.org/entity/Q4499627,http://www.wikidata.org/entity/Q965834
http://www.wikidata.org/entity/Q4501461,http://www.wikidata.org/entity/Q5110298
http://www.wikidata.org/entity/Q4528554,http://www.wikidata.org/entity/Q503354
http://www.wikidata.org/entity/Q4528554,http://www.wikidata.org/entity/Q16682190
http://www.wikidata.org/entity/Q4585173,http://www.wikidata.org/entity/Q201022
http://www.wikidata.org/entity/Q4585173,http://www.wikidata.org/entity/Q4585201
http://www.wikidata.org/entity/Q4585201,http://www.wikidata.org/entity/Q639197
http://www.wikidata.org/entity/Q4585201,http://www.wikidata.org/entity/Q11992449
http://www.wikidata.org/entity/Q4631020,http://www.wikidata.org/entity/Q9730
http://www.wikidata.org/entity/Q4637208,http://www.wikidata.org/entity/Q339906
http://www.wikidata.org/entity/Q4637208,http://www.wikidata.org/entity/Q1585075
http://www.wikidata.org/entity/Q4666464,http://www.wikidata.org/entity/Q484692
http://www.wikidata.org/entity/Q4668375,http://www.wikidata.org/entity/Q2662072
http://www.wikidata.org/entity/Q4668375,http://www.wikidata.org/entity/Q6942037
http://www.wikidata.org/entity/Q4668383,http://www.wikidata.org/entity/Q11399
http://www.wikidata.org/entity/Q4668383,http://www.wikidata.org/entity/Q2340395
http://www.wikidata.org/entity/Q4668383,http://www.wikidata.org/entity/Q4668375
http://www.wikidata.org/entity/Q4684501,http://www.wikidata.org/entity/Q1716019
http://www.wikidata.org/entity/Q4685875,http://www.wikidata.org/entity/Q37073
http://www.wikidata.org/entity/Q4690039,http://www.wikidata.org/entity/Q9794
http://www.wikidata.org/entity/Q4690168,http://www.wikidata.org/entity/Q3394906
http://www.wikidata.org/entity/Q4690168,http://www.wikidata.org/entity/Q6942343
http://www.wikidata.org/entity/Q4691163,http://www.wikidata.org/entity/Q108297196
http://www.wikidata.org/entity/Q4691650,http://www.wikidata.org/entity/Q387407
http://www.wikidata.org/entity/Q4691650,http://www.wikidata.org/entity/Q5418947
http://www.wikidata.org/entity/Q4694554,http://www.wikidata.org/entity/Q1443316
http://www.wikidata.org/entity/Q4694554,http://www.wikidata.org/entity/Q98528197
http://www.wikidata.org/entity/Q4696445,http://www.wikidata.org/entity/Q3328601
http://www.wikidata.org/entity/Q4696445,http://www.wikidata.org/entity/Q109914781
http://www.wikidata.org/entity/Q4699758,http://www.wikidata.org/entity/Q1482325
http://www.wikidata.org/entity/Q4706203,http://www.wikidata.org/entity/Q835131
http://www.wikidata.org/entity/Q4709178,http://www.wikidata.org/entity/Q1075799
http://www.wikidata.org/entity/Q4709224,http://www.wikidata.org/entity/Q11399
http://www.wikidata.org/entity/Q4709224,http://www.wikidata.org/entity/Q1075799
http://www.wikidata.org/entity/Q4733626,http://www.wikidata.org/entity/Q844450
http://www.wikidata.org/entity/Q4735603,http://www.wikidata.org/entity/Q252833
http://www.wikidata.org/entity/Q4735603,http://www.wikidata.org/entity/Q1048249
http://www.wikidata.org/entity/Q4736507,http://www.wikidata.org/entity/Q9778
http://www.wikidata.org/entity/Q4736507,http://www.wikidata.org/entity/Q1695023
http://www.wikidata.org/entity/Q4736555,http://www.wikidata.org/entity/Q202930
http://www.wikidata.org/entity/Q4741152,http://www.wikidata.org/entity/Q10334892
http://www.wikidata.org/entity/Q4741152,http://www.wikidata.org/entity/Q98528185
http://www.wikidata.org/entity/Q4745427,http://www.wikidata.org/entity/Q4797274
http://www.wikidata.org/entity/Q4745477,http://www.wikidata.org/entity/Q194492
http://www.wikidata.org/entity/Q4745477,http://www.wikidata.org/entity/Q2267955
http://www.wikidata.org/entity/Q4745477,http://www.wikidata.org/entity/Q65937946
http://www.wikidata.org/entity/Q4745509,http://www.wikidata.org/entity/Q2267955
http://www.wikidata.org/entity/Q4745509,http://www.wikidata.org/entity/Q9300624
http://www.wikidata.org/entity/Q4745516,http://www.wikidata.org/entity/Q37073
http://www.wikidata.org/entity/Q4745516,http://www.wikidata.org/entity/Q2267955
http://www.wikidata.org/entity/Q4752812,http://www.wikidata.org/entity/Q18846
http://www.wikidata.org/entity/Q4752812,http://www.wikidata.org/entity/Q854451
http://www.wikidata.org/entity/Q4752840,http://www.wikidata.org/entity/Q1426710
http://www.wikidata.org/entity/Q4752840,http://www.wikidata.org/entity/Q110592786
http://www.wikidata.org/entity/Q4752921,http://www.wikidata.org/entity/Q18846
http://www.wikidata.org/entity/Q4752921,http://www.wikidata.org/entity/Q17070502
http://www.wikidata.org/entity/Q4763551,http://www.wikidata.org/entity/Q8812109
http://www.wikidata.org/entity/Q4763551,http://www.wikidata.org/entity/Q110558058
http://www.wikidata.org/entity/Q16532947,http://www.wikidata.org/entity/Q9759
http://www.wikidata.org/entity/Q16532947,http://www.wikidata.org/entity/Q3679098
http://www.wikidata.org/entity/Q16534955,http://www.wikidata.org/entity/Q227045
http://www.wikidata.org/entity/Q16535861,http://www.wikidata.org/entity/Q943929
http://www.wikidata.org/entity/Q16535861,http://www.wikidata.org/entity/Q28666781
http://www.wikidata.org/entity/Q16535861,http://www.wikidata.org/entity/Q106642120
http://www.wikidata.org/entity/Q16556369,http://www.wikidata.org/entity/Q186472
http://www.wikidata.org/entity/Q16556369,http://www.wikidata.org/entity/Q3679098
http://www.wikidata.org/entity/Q16562829,http://www.wikidata.org/entity/Q726239
http://www.wikidata.org/entity/Q16572889,http://www.wikidata.org/entity/Q1048249
http://www.wikidata.org/entity/Q16575000,http://www.wikidata.org/entity/Q8341
http://www.wikidata.org/entity/Q16575969,http://www.wikidata.org/entity/Q465978
http://www.wikidata.org/entity/Q16575969,http://www.wikidata.org/entity/Q830325
http://www.wikidata.org/entity/Q16582392,http://www.wikidata.org/entity/Q235858
http://www.wikidata.org/entity/Q16582392,http://www.wikidata.org/entity/Q1202208
http://www.wikidata.org/entity/Q16587550,http://www.wikidata.org/entity/Q201022
http://www.wikidata.org/entity/Q16587550,http://www.wikidata.org/entity/Q252626
http://www.wikidata.org/entity/Q16610474,http://www.wikidata.org/entity/Q8812109
http://www.wikidata.org/entity/Q16610474,http://www.wikidata.org/entity/Q101417642
http://www.wikidata.org/entity/Q16615430,http://www.wikidata.org/entity/Q3394906
http://www.wikidata.org/entity/Q16625659,http://www.wikidata.org/entity/Q193207
http://www.wikidata.org/entity/Q16625659,http://www.wikidata.org/entity/Q2342263
http://www.wikidata.org/entity/Q16625777,http://www.wikidata.org/entity/Q646026
http://www.wikidata.org/entity/Q16636260,http://www.wikidata.org/entity/Q8341
http://www.wikidata.org/entity/Q16637770,http://www.wikidata.org/entity/Q11399
http://www.wikidata.org/entity/Q16637770,http://www.wikidata.org/entity/Q14390274
http://www.wikidata.org/entity/Q16669553,http://www.wikidata.org/entity/Q4452477
http://www.wikidata.org/entity/Q16669553,http://www.wikidata.org/entity/Q106642120
http://www.wikidata.org/entity/Q16674705,http://www.wikidata.org/entity/Q508790
http://www.wikidata.org/entity/Q16679594,http://www.wikidata.org/entity/Q98528192
http://www.wikidata.org/entity/Q16681686,http://www.wikidata.org/entity/Q1139787
http://www.wikidata.org/entity/Q16682190,http://www.wikidata.org/entity/Q108821603
http://www.wikidata.org/entity/Q16682190,http://www.wikidata.org/entity/Q108823220
http://www.wikidata.org/entity/Q16682190,http://www.wikidata.org/entity/Q124094110
http://www.wikidata.org/entity/Q16684826,http://www.wikidata.org/entity/Q6452410
http://www.wikidata.org/entity/Q16702540,http://www.wikidata.org/entity/Q54365
http://www.wikidata.org/entity/Q16709471,http://www.wikidata.org/entity/Q4452477
http://www.wikidata.org/entity/Q16709471,http://www.wikidata.org/entity/Q106642120
http://www.wikidata.org/entity/Q16801007,http://www.wikidata.org/entity/Q110606359
http://www.wikidata.org/entity/Q16820420,http://www.wikidata.org/entity/Q211025
http://www.wikidata.org/entity/Q16821210,http://www.wikidata.org/entity/Q8341
http://www.wikidata.org/entity/Q16821210,http://www.wikidata.org/entity/Q257533
http://www.wikidata.org/entity/Q16828236,http://www.wikidata.org/entity/Q9730
http://www.wikidata.org/entity/Q16828236,http://www.wikidata.org/entity/Q1048469
http://www.wikidata.org/entity/Q16829781,http://www.wikidata.org/entity/Q11401
http://www.wikidata.org/entity/Q16837290,http://www.wikidata.org/entity/Q170435
http://www.wikidata.org/entity/Q16837290,http://www.wikidata.org/entity/Q757143
http://www.wikidata.org/entity/Q16837791,http://www.wikidata.org/entity/Q5645984
http://www.wikidata.org/entity/Q16844015,http://www.wikidata.org/entity/Q106926325
http://www.wikidata.org/entity/Q16844015,http://www.wikidata.org/entity/Q107033384
http://www.wikidata.org/entity/Q16855754,http://www.wikidata.org/entity/Q65937017
http://www.wikidata.org/entity/Q16873176,http://www.wikidata.org/entity/Q131272
http://www.wikidata.org/entity/Q16874159,http://www.wikidata.org/entity/Q2956178
http://www.wikidata.org/entity/Q16874159,http://www.wikidata.org/entity/Q118738993
http://www.wikidata.org/entity/Q16874159,http://www.wikidata.org/entity/Q118744334
http://www.wikidata.org/entity/Q16888343,http://www.wikidata.org/entity/Q1192110
http://www.wikidata.org/entity/Q16894106,http://www.wikidata.org/entity/Q106422444
http://www.wikidata.org/entity/Q16894831,http://www.wikidata.org/entity/Q1766836
http://www.wikidata.org/entity/Q16912992,http://www.wikidata.org/entity/Q7366
http://www.wikidata.org/entity/Q16912992,http://www.wikidata.org/entity/Q4376204
http://www.wikidata.org/entity/Q16928350,http://www.wikidata.org/entity/Q4794612
http://www.wikidata.org/entity/Q16937368,http://www.wikidata.org/entity/Q503354
http://www.wikidata.org/entity/Q16937368,http://www.wikidata.org/entity/Q4400497
http://www.wikidata.org/entity/Q16937368,http://www.wikidata.org/entity/Q4470542
http://www.wikidata.org/entity/Q16937368,http://www.wikidata.org/entity/Q16682190
http://www.wikidata.org/entity/Q16937368,http://www.wikidata.org/entity/Q101413630
http://www.wikidata.org/entity/Q16942070,http://www.wikidata.org/entity/Q7309098
http://www.wikidata.org/entity/Q16942070,http://www.wikidata.org/entity/Q98528197
http://www.wikidata.org/entity/Q16942605,http://www.wikidata.org/entity/Q10757361
http://www.wikidata.org/entity/Q16947034,http://www.wikidata.org/entity/Q527675
http://www.wikidata.org/entity/Q16947034,http://www.wikidata.org/entity/Q2486179
http://www.wikidata.org/entity/Q16947691,http://www.wikidata.org/entity/Q3328778
http://www.wikidata.org/entity/Q16951912,http://www.wikidata.org/entity/Q29480448
http://www.wikidata.org/entity/Q16954055,http://www.wikidata.org/entity/Q2280497
http://www.wikidata.org/entity/Q16960459,http://www.wikidata.org/entity/Q201022
http://www.wikidata.org/entity/Q16960459,http://www.wikidata.org/entity/Q6942277
http://www.wikidata.org/entity/Q16961740,http://www.wikidata.org/entity/Q106508039
http://www.wikidata.org/entity/Q16965402,http://www.wikidata.org/entity/Q3328593
http://www.wikidata.org/entity/Q16965402,http://www.wikidata.org/entity/Q12976278
http://www.wikidata.org/entity/Q16977816,http://www.wikidata.org/entity/Q37073
http://www.wikidata.org/entity/Q16977816,http://www.wikidata.org/entity/Q2346484
http://www.wikidata.org/entity/Q16979361,http://www.wikidata.org/entity/Q14390274
http://www.wikidata.org/entity/Q16985341,http://www.wikidata.org/entity/Q268673
http://www.wikidata.org/entity/Q16985341,http://www.wikidata.org/entity/Q6942343
http://www.wikidata.org/entity/Q16985638,http://www.wikidata.org/entity/Q1003981
http://www.wikidata.org/entity/Q16985638,http://www.wikidata.org/entity/Q106015533
http://www.wikidata.org/entity/Q16986699,http://www.wikidata.org/entity/Q316930
http://www.wikidata.org/entity/Q16986699,http://www.wikidata.org/entity/Q1544863
http://www.wikidata.org/entity/Q16986699,http://www.wikidata.org/entity/Q3328778
http://www.wikidata.org/entity/Q16987529,http://www.wikidata.org/entity/Q9730
http://www.wikidata.org/entity/Q16993565,http://www.wikidata.org/entity/Q3085344
http://www.wikidata.org/entity/Q16993565,http://www.wikidata.org/entity/Q6942343
http://www.wikidata.org/entity/Q17000631,http://www.wikidata.org/entity/Q235858
http://www.wikidata.org/entity/Q17000631,http://www.wikidata.org/entity/Q3114644
http://www.wikidata.org/entity/Q17002468,http://www.wikidata.org/entity/Q3135796
http://www.wikidata.org/entity/Q17004167,http://www.wikidata.org/entity/Q11399
http://www.wikidata.org/entity/Q17004167,http://www.wikidata.org/entity/Q3710513
http://www.wikidata.org/entity/Q17004507,http://www.wikidata.org/entity/Q6942329
http://www.wikidata.org/entity/Q17004572,http://www.wikidata.org/entity/Q7450478
http://www.wikidata.org/entity/Q17007779,http://www.wikidata.org/entity/Q1379958
http://www.wikidata.org/entity/Q7438078,http://www.wikidata.org/entity/Q469343
http://www.wikidata.org/entity/Q7438078,http://www.wikidata.org/entity/Q1048469
http://www.wikidata.org/entity/Q7438911,http://www.wikidata.org/entity/Q211025
http://www.wikidata.org/entity/Q7439349,http://www.wikidata.org/entity/Q1548170
http://www.wikidata.org/entity/Q7439349,http://www.wikidata.org/entity/Q1771297
http://www.wikidata.org/entity/Q7444764,http://www.wikidata.org/entity/Q1716019
http://www.wikidata.org/entity/Q7444764,http://www.wikidata.org/entity/Q2707298
http://www.wikidata.org/entity/Q7450478,http://www.wikidata.org/entity/Q387236
http://www.wikidata.org/entity/Q7450478,http://www.wikidata.org/entity/Q3328770
http://www.wikidata.org/entity/Q7452955,http://www.wikidata.org/entity/Q11399
http://www.wikidata.org/entity/Q7452955,http://www.wikidata.org/entity/Q2363645
http://www.wikidata.org/entity/Q7456197,http://www.wikidata.org/entity/Q106586248
http://www.wikidata.org/entity/Q7482056,http://www.wikidata.org/entity/Q1378776
http://www.wikidata.org/entity/Q7482056,http://www.wikidata.org/entity/Q98528277
http://www.wikidata.org/entity/Q7487815,http://www.wikidata.org/entity/Q502658
http://www.wikidata.org/entity/Q7487815,http://www.wikidata.org/entity/Q51446080
http://www.wikidata.org/entity/Q7489094,http://www.wikidata.org/entity/Q6942110
http://www.wikidata.org/entity/Q7496127,http://www.wikidata.org/entity/Q277393
http://www.wikidata.org/entity/Q7497655,http://www.wikidata.org/entity/Q257533
http://www.wikidata.org/entity/Q7500354,http://www.wikidata.org/entity/Q98528232
http://www.wikidata.org/entity/Q7523217,http://www.wikidata.org/entity/Q4806789
http://www.wikidata.org/entity/Q7523217,http://www.wikidata.org/entity/Q6942275
http://www.wikidata.org/entity/Q7535166,http://www.wikidata.org/entity/Q2087267
http://www.wikidata.org/entity/Q7541571,http://www.wikidata.org/entity/Q2381945
http://www.wikidata.org/entity/Q7541571,http://www.wikidata.org/entity/Q16679594
http://www.wikidata.org/entity/Q7541786,http://www.wikidata.org/entity/Q153071
http://www.wikidata.org/entity/Q7541854,http://www.wikidata.org/entity/Q3328766
http://www.wikidata.org/entity/Q7541854,http://www.wikidata.org/entity/Q5413526
http://www.wikidata.org/entity/Q7542391,http://www.wikidata.org/entity/Q37073
http://www.wikidata.org/entity/Q7555120,http://www.wikidata.org/entity/Q387407
http://www.wikidata.org/entity/Q7555120,http://www.wikidata.org/entity/Q13034199
http://www.wikidata.org/entity/Q7560584,http://www.wikidata.org/entity/Q6825988
http://www.wikidata.org/entity/Q7560585,http://www.wikidata.org/entity/Q6825988
http://www.wikidata.org/entity/Q7560612,http://www.wikidata.org/entity/Q6825988
http://www.wikidata.org/entity/Q7565243,http://www.wikidata.org/entity/Q9730
http://www.wikidata.org/entity/Q7565243,http://www.wikidata.org/entity/Q116173403
http://www.wikidata.org/entity/Q7565881,http://www.wikidata.org/entity/Q8341
http://www.wikidata.org/entity/Q7565881,http://www.wikidata.org/entity/Q4794612
http://www.wikidata.org/entity/Q7573316,http://www.wikidata.org/entity/Q6452410
http://www.wikidata.org/entity/Q7573410,http://www.wikidata.org/entity/Q8341
http://www.wikidata.org/entity/Q7573410,http://www.wikidata.org/entity/Q964987
http://www.wikidata.org/entity/Q7580152,http://www.wikidata.org/entity/Q54365
http://www.wikidata.org/entity/Q7580152,http://www.wikidata.org/entity/Q752785
http://www.wikidata.org/entity/Q7602145,http://www.wikidata.org/entity/Q25047660
http://www.wikidata.org/entity/Q7602145,http://www.wikidata.org/entity/Q108866081
http://www.wikidata.org/entity/Q7624424,http://www.wikidata.org/entity/Q3135796
http://www.wikidata.org/entity/Q7634691,http://www.wikidata.org/entity/Q15720097
http://www.wikidata.org/entity/Q7650647,http://www.wikidata.org/entity/Q899215
http://www.wikidata.org/entity/Q7650647,http://www.wikidata.org/entity/Q107138217
http://www.wikidata.org/entity/Q7654105,http://www.wikidata.org/entity/Q4306577
http://www.wikidata.org/entity/Q7654105,http://www.wikidata.org/entity/Q98528210
http://www.wikidata.org/entity/Q7654953,http://www.wikidata.org/entity/Q846784
http://www.wikidata.org/entity/Q7654953,http://www.wikidata.org/entity/Q98528192
http://www.wikidata.org/entity/Q7655004,http://www.wikidata.org/entity/Q8341
http://www.wikidata.org/entity/Q7655004,http://www.wikidata.org/entity/Q846784
http://www.wikidata.org/entity/Q7663198,http://www.wikidata.org/entity/Q1065742
http://www.wikidata.org/entity/Q7663254,http://www.wikidata.org/entity/Q23072435
http://www.wikidata.org/entity/Q7667734,http://www.wikidata.org/entity/Q6942280
http://www.wikidata.org/entity/Q7672468,http://www.wikidata.org/entity/Q1193470
http://www.wikidata.org/entity/Q7675233,http://www.wikidata.org/entity/Q2665906
http://www.wikidata.org/entity/Q7675233,http://www.wikidata.org/entity/Q23072435
http://www.wikidata.org/entity/Q7676613,http://www.wikidata.org/entity/Q956925
http://www.wikidata.org/entity/Q7676613,http://www.wikidata.org/entity/Q4806789
http://www.wikidata.org/entity/Q7676623,http://www.wikidata.org/entity/Q11399
http://www.wikidata.org/entity/Q7676623,http://www.wikidata.org/entity/Q956925
http://www.wikidata.org/entity/Q7679165,http://www.wikidata.org/entity/Q133163
http://www.wikidata.org/entity/Q7679165,http://www.wikidata.org/entity/Q1210921
http://www.wikidata.org/entity/Q7681054,http://www.wikidata.org/entity/Q2486179
http://www.wikidata.org/entity/Q7684171,http://www.wikidata.org/entity/Q387236
http://www.wikidata.org/entity/Q7684171,http://www.wikidata.org/entity/Q3868600
http://www.wikidata.org/entity/Q7687882,http://www.wikidata.org/entity/Q11399
http://www.wikidata.org/entity/Q7687882,http://www.wikidata.org/entity/Q106626655
http://www.wikidata.org/entity/Q7692752,http://www.wikidata.org/entity/Q6826021
http://www.wikidata.org/entity/Q7692752,http://www.wikidata.org/entity/Q10932272
http://www.wikidata.org/entity/Q7694469,http://www.wikidata.org/entity/Q116690343
http://www.wikidata.org/entity/Q7697089,http://www.wikidata.org/entity/Q1193470
http://www.wikidata.org/entity/Q7701003,http://www.wikidata.org/entity/Q6191683
http://www.wikidata.org/entity/Q7701003,http://www.wikidata.org/entity/Q65044348
http://www.wikidata.org/entity/Q7707946,http://www.wikidata.org/entity/Q2267955
http://www.wikidata.org/entity/Q7724724,http://www.wikidata.org/entity/Q11639
http://www.wikidata.org/entity/Q7770873,http://www.wikidata.org/entity/Q2956178
http://www.wikidata.org/entity/Q7770873,http://www.wikidata.org/entity/Q118744334
http://www.wikidata.org/entity/Q7774408,http://www.wikidata.org/entity/Q624044
http://www.wikidata.org/entity/Q7777494,http://www.wikidata.org/entity/Q107021951
http://www.wikidata.org/entity/Q7800608,http://www.wikidata.org/entity/Q9759
http://www.wikidata.org/entity/Q7800608,http://www.wikidata.org/entity/Q98530850
http://www.wikidata.org/entity/Q7801106,http://www.wikidata.org/entity/Q7309098
http://www.wikidata.org/entity/Q7810544,http://www.wikidata.org/entity/Q109615856
http://www.wikidata.org/entity/Q7832290,http://www.wikidata.org/entity/Q98528192
http://www.wikidata.org/entity/Q7832297,http://www.wikidata.org/entity/Q257533
http://www.wikidata.org/entity/Q7832302,http://www.wikidata.org/entity/Q7050752
http://www.wikidata.org/entity/Q7832321,http://www.wikidata.org/entity/Q213714
http://www.wikidata.org/entity/Q7832321,http://www.wikidata.org/entity/Q65943778
http://www.wikidata.org/entity/Q7832354,http://www.wikidata.org/entity/Q3868613
http://www.wikidata.org/entity/Q7832354,http://www.wikidata.org/entity/Q98528192
http://www.wikidata.org/entity/Q7844612,http://www.wikidata.org/entity/Q851213
http://www.wikidata.org/entity/Q7844612,http://www.wikidata.org/entity/Q98528166
http://www.wikidata.org/entity/Q7845403,http://www.wikidata.org/entity/Q170611
http://www.wikidata.org/entity/Q7845403,http://www.wikidata.org/entity/Q833189
http://www.wikidata.org/entity/Q7847070,http://www.wikidata.org/entity/Q23965
http://www.wikidata.org/entity/Q107194780,http://www.wikidata.org/entity/Q108676486
http://www.wikidata.org/entity/Q107195014,http://www.wikidata.org/entity/Q1544863
http://www.wikidata.org/entity/Q107196156,http://www.wikidata.org/entity/Q727781
http://www.wikidata.org/entity/Q107197766,http://www.wikidata.org/entity/Q1929352
http://www.wikidata.org/entity/Q107197766,http://www.wikidata.org/entity/Q6942291
http://www.wikidata.org/entity/Q107229142,http://www.wikidata.org/entity/Q1810546
http://www.wikidata.org/entity/Q107254577,http://www.wikidata.org/entity/Q1484821
http://www.wikidata.org/entity/Q107254577,http://www.wikidata.org/entity/Q8701407
http://www.wikidata.org/entity/Q107254627,http://www.wikidata.org/entity/Q106926325
http://www.wikidata.org/entity/Q107266605,http://www.wikidata.org/entity/Q2742742
http://www.wikidata.org/entity/Q107266605,http://www.wikidata.org/entity/Q9048257
http://www.wikidata.org/entity/Q107267446,http://www.wikidata.org/entity/Q11399
http://www.wikidata.org/entity/Q107267446,http://www.wikidata.org/entity/Q492096
http://www.wikidata.org/entity/Q107267643,http://www.wikidata.org/entity/Q11401
http://www.wikidata.org/entity/Q107267643,http://www.wikidata.org/entity/Q1074080
http://www.wikidata.org/entity/Q107267759,http://www.wikidata.org/entity/Q8341
http://www.wikidata.org/entity/Q107267759,http://www.wikidata.org/entity/Q624044
http://www.wikidata.org/entity/Q107290600,http://www.wikidata.org/entity/Q1196752
http://www.wikidata.org/entity/Q107290600,http://www.wikidata.org/entity/Q5849904
http://www.wikidata.org/entity/Q107290934,http://www.wikidata.org/entity/Q2572585
http://www.wikidata.org/entity/Q107290934,http://www.wikidata.org/entity/Q3785732
http://www.wikidata.org/entity/Q107308143,http://www.wikidata.org/entity/Q1065742
http://www.wikidata.org/entity/Q107331898,http://www.wikidata.org/entity/Q1236268
http://www.wikidata.org/entity/Q107331898,http://www.wikidata.org/entity/Q6966089
http://www.wikidata.org/entity/Q107331898,http://www.wikidata.org/entity/Q16679594
http://www.wikidata.org/entity/Q107332291,http://www.wikidata.org/entity/Q188994
http://www.wikidata.org/entity/Q107356948,http://www.wikidata.org/entity/Q943929
http://www.wikidata.org/entity/Q107356948,http://www.wikidata.org/entity/Q2956178
http://www.wikidata.org/entity/Q107364106,http://www.wikidata.org/entity/Q316930
http://www.wikidata.org/entity/Q107365602,http://www.wikidata.org/entity/Q8341
http://www.wikidata.org/entity/Q107365602,http://www.wikidata.org/entity/Q1417976
http://www.wikidata.org/entity/Q107407607,http://www.wikidata.org/entity/Q47781397
http://www.wikidata.org/entity/Q107407692,http://www.wikidata.org/entity/Q3328669
http://www.wikidata.org/entity/Q107407692,http://www.wikidata.org/entity/Q6024704
http://www.wikidata.org/entity/Q107414547,http://www.wikidata.org/entity/Q11639
http://www.wikidata.org/entity/Q107414578,http://www.wikidata.org/entity/Q11639
http://www.wikidata.org/entity/Q107443116,http://www.wikidata.org/entity/Q1955040
http://www.wikidata.org/entity/Q107443116,http://www.wikidata.org/entity/Q98528185
http://www.wikidata.org/entity/Q107455228,http://www.wikidata.org/entity/Q4789437
http://www.wikidata.org/entity/Q107486984,http://www.wikidata.org/entity/Q9778
http://www.wikidata.org/entity/Q107486984,http://www.wikidata.org/entity/Q43343
http://www.wikidata.org/entity/Q107494231,http://www.wikidata.org/entity/Q856713
http://www.wikidata.org/entity/Q107494231,http://www.wikidata.org/entity/Q4763552
http://www.wikidata.org/entity/Q107505833,http://www.wikidata.org/entity/Q1136331
http://www.wikidata.org/entity/Q107515261,http://www.wikidata.org/entity/Q11401
http://www.wikidata.org/entity/Q107515319,http://www.wikidata.org/entity/Q1583807
http://www.wikidata.org/entity/Q107515319,http://www.wikidata.org/entity/Q106586248
http://www.wikidata.org/entity/Q107524184,http://www.wikidata.org/entity/Q525073
http://www.wikidata.org/entity/Q107539696,http://www.wikidata.org/entity/Q37073
http://www.wikidata.org/entity/Q107539696,http://www.wikidata.org/entity/Q3328738
http://www.wikidata.org/entity/Q107539785,http://www.wikidata.org/entity/Q3858
http://www.wikidata.org/entity/Q107539785,http://www.wikidata.org/entity/Q37073
http://www.wikidata.org/entity/Q107539809,http://www.wikidata.org/entity/Q42201
http://www.wikidata.org/entity/Q107539809,http://www.wikidata.org/entity/Q2498201
http://www.wikidata.org/entity/Q107539904,http://www.wikidata.org/entity/Q373342
http://www.wikidata.org/entity/Q107539904,http://www.wikidata.org/entity/Q2472420
http://www.wikidata.org/entity/Q107540971,http://www.wikidata.org/entity/Q1074080
http://www.wikidata.org/entity/Q107540971,http://www.wikidata.org/entity/Q1695023
http://www.wikidata.org/entity/Q107565104,http://www.wikidata.org/entity/Q373342
http://www.wikidata.org/entity/Q107565104,http://www.wikidata.org/entity/Q3328743
http://www.wikidata.org/entity/Q107572242,http://www.wikidata.org/entity/Q11401
http://www.wikidata.org/entity/Q107572242,http://www.wikidata.org/entity/Q7248857
http://www.wikidata.org/entity/Q107589110,http://www.wikidata.org/entity/Q1417976
http://www.wikidata.org/entity/Q107589110,http://www.wikidata.org/entity/Q6941963
http://www.wikidata.org/entity/Q107589110,http://www.wikidata.org/entity/Q107686154
http://www.wikidata.org/entity/Q107602122,http://www.wikidata.org/entity/Q11399
http://www.wikidata.org/entity/Q107602122,http://www.wikidata.org/entity/Q1185390
http://www.wikidata.org/entity/Q107641917,http://www.wikidata.org/entity/Q11639
http://www.wikidata.org/entity/Q107686154,http://www.wikidata.org/entity/Q98528192
http://www.wikidata.org/entity/Q107686154,http://www.wikidata.org/entity/Q108857462
http://www.wikidata.org/entity/Q107697041,http://www.wikidata.org/entity/Q20502
http://www.wikidata.org/entity/Q107697201,http://www.wikidata.org/entity/Q851213
http://www.wikidata.org/entity/Q107697221,http://www.wikidata.org/entity/Q170611
http://www.wikidata.org/entity/Q107697234,http://www.wikidata.org/entity/Q9778
http://www.wikidata.org/entity/Q107697260,http://www.wikidata.org/entity/Q15733887
http://www.wikidata.org/entity/Q107697441,http://www.wikidata.org/entity/Q3071
http://www.wikidata.org/entity/Q107697441,http://www.wikidata.org/entity/Q220830
http://www.wikidata.org/entity/Q107718509,http://www.wikidata.org/entity/Q18345375
http://www.wikidata.org/entity/Q107718539,http://www.wikidata.org/entity/Q727781
http://www.wikidata.org/entity/Q107718539,http://www.wikidata.org/entity/Q107718509
http://www.wikidata.org/entity/Q107718737,http://www.wikidata.org/entity/Q3328669
http://www.wikidata.org/entity/Q107736421,http://www.wikidata.org/entity/Q61340552
http://www.wikidata.org/entity/Q107740285,http://www.wikidata.org/entity/Q1457972
http://www.wikidata.org/entity/Q107740285,http://www.wikidata.org/entity/Q18345375
http://www.wikidata.org/entity/Q107814971,http://www.wikidata.org/entity/Q2032053
http://www.wikidata.org/entity/Q107814971,http://www.wikidata.org/entity/Q107013350
http://www.wikidata.org/entity/Q107819512,http://www.wikidata.org/entity/Q252833
http://www.wikidata.org/entity/Q107819512,http://www.wikidata.org/entity/Q112632092
http://www.wikidata.org/entity/Q107970042,http://www.wikidata.org/entity/Q17098563
http://www.wikidata.org/entity/Q107982599,http://www.wikidata.org/entity/Q3307225
http://www.wikidata.org/entity/Q107982599,http://www.wikidata.org/entity/Q106581777
http://www.wikidata.org/entity/Q107985185,http://www.wikidata.org/entity/Q11064735
http://www.wikidata.org/entity/Q107985185,http://www.wikidata.org/entity/Q51446080
http://www.wikidata.org/entity/Q107985505,http://www.wikidata.org/entity/Q277393
http://www.wikidata.org/entity/Q107985522,http://www.wikidata.org/entity/Q51446080
http://www.wikidata.org/entity/Q107985638,http://www.wikidata.org/entity/Q11308620
http://www.wikidata.org/entity/Q107985650,http://www.wikidata.org/entity/Q1418683
http://www.wikidata.org/entity/Q108055228,http://www.wikidata.org/entity/Q17018487
http://www.wikidata.org/entity/Q108055228,http://www.wikidata.org/entity/Q110592786
http://www.wikidata.org/entity/Q108107422,http://www.wikidata.org/entity/Q107686154
http://www.wikidata.org/entity/Q17007779,http://www.wikidata.org/entity/Q18345375
http://www.wikidata.org/entity/Q17012551,http://www.wikidata.org/entity/Q492264
http://www.wikidata.org/entity/Q17018487,http://www.wikidata.org/entity/Q1048469
http://www.wikidata.org/entity/Q17018487,http://www.wikidata.org/entity/Q98528277
http://www.wikidata.org/entity/Q17018487,http://www.wikidata.org/entity/Q109916244
http://www.wikidata.org/entity/Q17021538,http://www.wikidata.org/entity/Q257533
http://www.wikidata.org/entity/Q17030450,http://www.wikidata.org/entity/Q1071834
http://www.wikidata.org/entity/Q17037735,http://www.wikidata.org/entity/Q1770695
http://www.wikidata.org/entity/Q17045570,http://www.wikidata.org/entity/Q211025
http://www.wikidata.org/entity/Q17045843,http://www.wikidata.org/entity/Q2662072
http://www.wikidata.org/entity/Q17048822,http://www.wikidata.org/entity/Q716335
http://www.wikidata.org/entity/Q17048822,http://www.wikidata.org/entity/Q12159910
http://www.wikidata.org/entity/Q17048822,http://www.wikidata.org/entity/Q108408373
http://www.wikidata.org/entity/Q17048829,http://www.wikidata.org/entity/Q716335
http://www.wikidata.org/entity/Q17048829,http://www.wikidata.org/entity/Q12159910
http://www.wikidata.org/entity/Q17048829,http://www.wikidata.org/entity/Q108408373
http://www.wikidata.org/entity/Q17049926,http://www.wikidata.org/entity/Q17176998
http://www.wikidata.org/entity/Q17051846,http://www.wikidata.org/entity/Q6022257
http://www.wikidata.org/entity/Q17053024,http://www.wikidata.org/entity/Q854844
http://www.wikidata.org/entity/Q17053324,http://www.wikidata.org/entity/Q37073
http://www.wikidata.org/entity/Q17053324,http://www.wikidata.org/entity/Q2587471
http://www.wikidata.org/entity/Q17053898,http://www.wikidata.org/entity/Q3868595
http://www.wikidata.org/entity/Q17055458,http://www.wikidata.org/entity/Q9794
http://www.wikidata.org/entity/Q17055458,http://www.wikidata.org/entity/Q6942216
http://www.wikidata.org/entity/Q17058526,http://www.wikidata.org/entity/Q277393
http://www.wikidata.org/entity/Q17058526,http://www.wikidata.org/entity/Q28146601
http://www.wikidata.org/entity/Q17060288,http://www.wikidata.org/entity/Q277393
http://www.wikidata.org/entity/Q17065399,http://www.wikidata.org/entity/Q867306
http://www.wikidata.org/entity/Q17065399,http://www.wikidata.org/entity/Q106581470
http://www.wikidata.org/entity/Q17069284,http://www.wikidata.org/entity/Q6942329
http://www.wikidata.org/entity/Q17070226,http://www.wikidata.org/entity/Q11399
http://www.wikidata.org/entity/Q17070226,http://www.wikidata.org/entity/Q3328596
http://www.wikidata.org/entity/Q17070464,http://www.wikidata.org/entity/Q257533
http://www.wikidata.org/entity/Q17070464,http://www.wikidata.org/entity/Q493169
http://www.wikidata.org/entity/Q17070502,http://www.wikidata.org/entity/Q531426
http://www.wikidata.org/entity/Q17073966,http://www.wikidata.org/entity/Q531426
http://www.wikidata.org/entity/Q17073966,http://www.wikidata.org/entity/Q6022257
http://www.wikidata.org/entity/Q17075815,http://www.wikidata.org/entity/Q18846
http://www.wikidata.org/entity/Q17077948,http://www.wikidata.org/entity/Q3710513
http://www.wikidata.org/entity/Q17079948,http://www.wikidata.org/entity/Q282131
http://www.wikidata.org/entity/Q17080863,http://www.wikidata.org/entity/Q727781
http://www.wikidata.org/entity/Q17080863,http://www.wikidata.org/entity/Q5060331
http://www.wikidata.org/entity/Q17086313,http://www.wikidata.org/entity/Q49451
http://www.wikidata.org/entity/Q17086313,http://www.wikidata.org/entity/Q3437861
http://www.wikidata.org/entity/Q17088735,http://www.wikidata.org/entity/Q6942267
http://www.wikidata.org/entity/Q17091278,http://www.wikidata.org/entity/Q852210
http://www.wikidata.org/entity/Q17091278,http://www.wikidata.org/entity/Q3328681
http://www.wikidata.org/entity/Q17091278,http://www.wikidata.org/entity/Q117000933
http://www.wikidata.org/entity/Q17098563,http://www.wikidata.org/entity/Q932477
http://www.wikidata.org/entity/Q17098563,http://www.wikidata.org/entity/Q117000933
http://www.wikidata.org/entity/Q17103754,http://www.wikidata.org/entity/Q118177578
http://www.wikidata.org/entity/Q17104891,http://www.wikidata.org/entity/Q163775
http://www.wikidata.org/entity/Q17108006,http://www.wikidata.org/entity/Q8341
http://www.wikidata.org/entity/Q17108006,http://www.wikidata.org/entity/Q3868605
http://www.wikidata.org/entity/Q17108017,http://www.wikidata.org/entity/Q474027
http://www.wikidata.org/entity/Q17108017,http://www.wikidata.org/entity/Q3868605
http://www.wikidata.org/entity/Q17108262,http://www.wikidata.org/entity/Q3868597
http://www.wikidata.org/entity/Q17111083,http://www.wikidata.org/entity/Q9794
http://www.wikidata.org/entity/Q17111357,http://www.wikidata.org/entity/Q4794612
http://www.wikidata.org/entity/Q17111414,http://www.wikidata.org/entity/Q7565881
http://www.wikidata.org/entity/Q17111801,http://www.wikidata.org/entity/Q4794612
http://www.wikidata.org/entity/Q17115009,http://www.wikidata.org/entity/Q106586248
http://www.wikidata.org/entity/Q17118720,http://www.wikidata.org/entity/Q10743749
http://www.wikidata.org/entity/Q17119147,http://www.wikidata.org/entity/Q11401
http://www.wikidata.org/entity/Q17119147,http://www.wikidata.org/entity/Q42201
http://www.wikidata.org/entity/Q17120991,http://www.wikidata.org/entity/Q193217
http://www.wikidata.org/entity/Q17125440,http://www.wikidata.org/entity/Q65937946
http://www.wikidata.org/entity/Q17146868,http://www.wikidata.org/entity/Q11639
http://www.wikidata.org/entity/Q17146868,http://www.wikidata.org/entity/Q851213
http://www.wikidata.org/entity/Q17153632,http://www.wikidata.org/entity/Q20825943
http://www.wikidata.org/entity/Q17176205,http://www.wikidata.org/entity/Q11399
http://www.wikidata.org/entity/Q17191592,http://www.wikidata.org/entity/Q11398105
http://www.wikidata.org/entity/Q17191592,http://www.wikidata.org/entity/Q17012551
http://www.wikidata.org/entity/Q17231682,http://www.wikidata.org/entity/Q9778
http://www.wikidata.org/entity/Q17231747,http://www.wikidata.org/entity/Q10922
http://www.wikidata.org/entity/Q17231747,http://www.wikidata.org/entity/Q10926
http://www.wikidata.org/entity/Q17232009,http://www.wikidata.org/entity/Q11399
http://www.wikidata.org/entity/Q17232009,http://www.wikidata.org/entity/Q28856774
http://www.wikidata.org/entity/Q17272400,http://www.wikidata.org/entity/Q1518063
http://www.wikidata.org/entity/Q17510016,http://www.wikidata.org/entity/Q38848
http://www.wikidata.org/entity/Q17510016,http://www.wikidata.org/entity/Q369820
http://www.wikidata.org/entity/Q17513978,http://www.wikidata.org/entity/Q83440
http://www.wikidata.org/entity/Q17513978,http://www.wikidata.org/entity/Q6942037
http://www.wikidata.org/entity/Q17513988,http://www.wikidata.org/entity/Q6942037
http://www.wikidata.org/entity/Q17513988,http://www.wikidata.org/entity/Q108743983
http://www.wikidata.org/entity/Q17514023,http://www.wikidata.org/entity/Q10922
http://www.wikidata.org/entity/Q17514023,http://www.wikidata.org/entity/Q5030866
http://www.wikidata.org/entity/Q17514029,http://www.wikidata.org/entity/Q38848
http://www.wikidata.org/entity/Q17514029,http://www.wikidata.org/entity/Q6942037
http://www.wikidata.org/entity/Q17598653,http://www.wikidata.org/entity/Q943929
http://www.wikidata.org/entity/Q17630580,http://www.wikidata.org/entity/Q3328601
http://www.wikidata.org/entity/Q17630580,http://www.wikidata.org/entity/Q7099402
http://www.wikidata.org/entity/Q17988509,http://www.wikidata.org/entity/Q724104
http://www.wikidata.org/entity/Q17988509,http://www.wikidata.org/entity/Q1127530
http://www.wikidata.org/entity/Q17991683,http://www.wikidata.org/entity/Q5958515
http://www.wikidata.org/entity/Q17995885,http://www.wikidata.org/entity/Q12326776
http://www.wikidata.org/entity/Q17995961,http://www.wikidata.org/entity/Q11401
http://www.wikidata.org/entity/Q18110001,http://www.wikidata.org/entity/Q37073
http://www.wikidata.org/entity/Q18110001,http://www.wikidata.org/entity/Q724104
http://www.wikidata.org/entity/Q18126969,http://www.wikidata.org/entity/Q108865641
http://www.wikidata.org/entity/Q1460303,http://www.wikidata.org/entity/Q9364028
http://www.wikidata.org/entity/Q1460303,http://www.wikidata.org/entity/Q114880130
http://www.wikidata.org/entity/Q1464124,http://www.wikidata.org/entity/Q8701407
http://www.wikidata.org/entity/Q1465419,http://www.wikidata.org/entity/Q3211884
http://www.wikidata.org/entity/Q1465419,http://www.wikidata.org/entity/Q106508039
http://www.wikidata.org/entity/Q1467193,http://www.wikidata.org/entity/Q207628
http://www.wikidata.org/entity/Q1468751,http://www.wikidata.org/entity/Q217295
http://www.wikidata.org/entity/Q1470503,http://www.wikidata.org/entity/Q98528185
http://www.wikidata.org/entity/Q1470503,http://www.wikidata.org/entity/Q106588687
http://www.wikidata.org/entity/Q1472271,http://www.wikidata.org/entity/Q316930
http://www.wikidata.org/entity/Q1472271,http://www.wikidata.org/entity/Q390001
http://www.wikidata.org/entity/Q1472271,http://www.wikidata.org/entity/Q639197
http://www.wikidata.org/entity/Q1474372,http://www.wikidata.org/entity/Q724104
http://www.wikidata.org/entity/Q1474372,http://www.wikidata.org/entity/Q98528260
http://www.wikidata.org/entity/Q1477428,http://www.wikidata.org/entity/Q211781
http://www.wikidata.org/entity/Q1482325,http://www.wikidata.org/entity/Q1065742
http://www.wikidata.org/entity/Q1484821,http://www.wikidata.org/entity/Q899215
http://www.wikidata.org/entity/Q1484821,http://www.wikidata.org/entity/Q109326663
http://www.wikidata.org/entity/Q1490170,http://www.wikidata.org/entity/Q183504
http://www.wikidata.org/entity/Q1492977,http://www.wikidata.org/entity/Q387236
http://www.wikidata.org/entity/Q1492977,http://www.wikidata.org/entity/Q1955000
http://www.wikidata.org/entity/Q1493069,http://www.wikidata.org/entity/Q11210968
http://www.wikidata.org/entity/Q1493531,http://www.wikidata.org/entity/Q454071
http://www.wikidata.org/entity/Q1493531,http://www.wikidata.org/entity/Q753679
http://www.wikidata.org/entity/Q1499262,http://www.wikidata.org/entity/Q1156957
http://www.wikidata.org/entity/Q1499839,http://www.wikidata.org/entity/Q106926325
http://www.wikidata.org/entity/Q1499839,http://www.wikidata.org/entity/Q116173474
http://www.wikidata.org/entity/Q1500364,http://www.wikidata.org/entity/Q846119
http://www.wikidata.org/entity/Q1500364,http://www.wikidata.org/entity/Q106298881
http://www.wikidata.org/entity/Q1503406,http://www.wikidata.org/entity/Q525073
http://www.wikidata.org/entity/Q1503406,http://www.wikidata.org/entity/Q11400811
http://www.wikidata.org/entity/Q1507298,http://www.wikidata.org/entity/Q115484611
http://www.wikidata.org/entity/Q1510942,http://www.wikidata.org/entity/Q7366
http://www.wikidata.org/entity/Q1515757,http://www.wikidata.org/entity/Q9759
http://www.wikidata.org/entity/Q1516324,http://www.wikidata.org/entity/Q153071
http://www.wikidata.org/entity/Q1518063,http://www.wikidata.org/entity/Q1074080
http://www.wikidata.org/entity/Q1518063,http://www.wikidata.org/entity/Q98528260
http://www.wikidata.org/entity/Q1519864,http://www.wikidata.org/entity/Q89363113
http://www.wikidata.org/entity/Q1519864,http://www.wikidata.org/entity/Q97375316
http://www.wikidata.org/entity/Q1521688,http://www.wikidata.org/entity/Q2748817
http://www.wikidata.org/entity/Q1521688,http://www.wikidata.org/entity/Q114880124
http://www.wikidata.org/entity/Q1522794,http://www.wikidata.org/entity/Q3211884
http://www.wikidata.org/entity/Q1524033,http://www.wikidata.org/entity/Q898709
http://www.wikidata.org/entity/Q1524033,http://www.wikidata.org/entity/Q3084222
http://www.wikidata.org/entity/Q1524296,http://www.wikidata.org/entity/Q2743758
http://www.wikidata.org/entity/Q1524296,http://www.wikidata.org/entity/Q3328681
http://www.wikidata.org/entity/Q1530455,http://www.wikidata.org/entity/Q8341
http://www.wikidata.org/entity/Q1530455,http://www.wikidata.org/entity/Q685884
http://www.wikidata.org/entity/Q1534821,http://www.wikidata.org/entity/Q11401
http://www.wikidata.org/entity/Q1537056,http://www.wikidata.org/entity/Q9730
http://www.wikidata.org/entity/Q1538765,http://www.wikidata.org/entity/Q13627677
http://www.wikidata.org/entity/Q1538765,http://www.wikidata.org/entity/Q13646229
http://www.wikidata.org/entity/Q1538805,http://www.wikidata.org/entity/Q3071
http://www.wikidata.org/entity/Q1538805,http://www.wikidata.org/entity/Q485395
http://www.wikidata.org/entity/Q1540495,http://www.wikidata.org/entity/Q685884
http://www.wikidata.org/entity/Q1541229,http://www.wikidata.org/entity/Q235858
http://www.wikidata.org/entity/Q1541229,http://www.wikidata.org/entity/Q2267955
http://www.wikidata.org/entity/Q1544863,http://www.wikidata.org/entity/Q727781
http://www.wikidata.org/entity/Q1544863,http://www.wikidata.org/entity/Q108151792
http://www.wikidata.org/entity/Q1545226,http://www.wikidata.org/entity/Q37073
http://www.wikidata.org/entity/Q1546028,http://www.wikidata.org/entity/Q131272
http://www.wikidata.org/entity/Q1547148,http://www.wikidata.org/entity/Q207628
http://www.wikidata.org/entity/Q1547148,http://www.wikidata.org/entity/Q108631274
http://www.wikidata.org/entity/Q1547998,http://www.wikidata.org/entity/Q11399
http://www.wikidata.org/entity/Q1547998,http://www.wikidata.org/entity/Q28146601
http://www.wikidata.org/entity/Q1547998,http://www.wikidata.org/entity/Q121411631
http://www.wikidata.org/entity/Q1548170,http://www.wikidata.org/entity/Q2743
http://www.wikidata.org/entity/Q1548170,http://www.wikidata.org/entity/Q5151421
http://www.wikidata.org/entity/Q1548170,http://www.wikidata.org/entity/Q60548032
http://www.wikidata.org/entity/Q1548603,http://www.wikidata.org/entity/Q8341
http://www.wikidata.org/entity/Q1550501,http://www.wikidata.org/entity/Q3327514
http://www.wikidata.org/entity/Q1552806,http://www.wikidata.org/entity/Q1544863
http://www.wikidata.org/entity/Q1564596,http://www.wikidata.org/entity/Q106586248
http://www.wikidata.org/entity/Q1564657,http://www.wikidata.org/entity/Q163775
http://www.wikidata.org/entity/Q1564657,http://www.wikidata.org/entity/Q856713
http://www.wikidata.org/entity/Q1567032,http://www.wikidata.org/entity/Q131272
http://www.wikidata.org/entity/Q1574985,http://www.wikidata.org/entity/Q920883
http://www.wikidata.org/entity/Q1574985,http://www.wikidata.org/entity/Q3328778
http://www.wikidata.org/entity/Q1574985,http://www.wikidata.org/entity/Q3394906
http://www.wikidata.org/entity/Q1574985,http://www.wikidata.org/entity/Q107718539
http://www.wikidata.org/entity/Q1583807,http://www.wikidata.org/entity/Q115484611
http://www.wikidata.org/entity/Q1585015,http://www.wikidata.org/entity/Q20502
http://www.wikidata.org/entity/Q1585015,http://www.wikidata.org/entity/Q1033912
http://www.wikidata.org/entity/Q1585075,http://www.wikidata.org/entity/Q388906
http://www.wikidata.org/entity/Q1585075,http://www.wikidata.org/entity/Q663519
http://www.wikidata.org/entity/Q1585075,http://www.wikidata.org/entity/Q898709
http://www.wikidata.org/entity/Q1585558,http://www.wikidata.org/entity/Q6942044
http://www.wikidata.org/entity/Q1588913,http://www.wikidata.org/entity/Q10922
http://www.wikidata.org/entity/Q1588913,http://www.wikidata.org/entity/Q121411631
http://www.wikidata.org/entity/Q1597549,http://www.wikidata.org/entity/Q3291151
http://www.wikidata.org/entity/Q1606591,http://www.wikidata.org/entity/Q9794
http://www.wikidata.org/entity/Q1615483,http://www.wikidata.org/entity/Q8341
http://www.wikidata.org/entity/Q1615483,http://www.wikidata.org/entity/Q131272
http://www.wikidata.org/entity/Q1619932,http://www.wikidata.org/entity/Q11401
http://www.wikidata.org/entity/Q1619932,http://www.wikidata.org/entity/Q6942329
http://www.wikidata.org/entity/Q1620079,http://www.wikidata.org/entity/Q438503
http://www.wikidata.org/entity/Q1620760,http://www.wikidata.org/entity/Q8812109
http://www.wikidata.org/entity/Q1621467,http://www.wikidata.org/entity/Q132438
http://www.wikidata.org/entity/Q1621467,http://www.wikidata.org/entity/Q486415
http://www.wikidata.org/entity/Q1622261,http://www.wikidata.org/entity/Q12326776
http://www.wikidata.org/entity/Q4763552,http://www.wikidata.org/entity/Q8812109
http://www.wikidata.org/entity/Q4763552,http://www.wikidata.org/entity/Q64137792
http://www.wikidata.org/entity/Q4763788,http://www.wikidata.org/entity/Q11399
http://www.wikidata.org/entity/Q4763788,http://www.wikidata.org/entity/Q3291151
http://www.wikidata.org/entity/Q4771607,http://www.wikidata.org/entity/Q6942037
http://www.wikidata.org/entity/Q4771607,http://www.wikidata.org/entity/Q9300624
http://www.wikidata.org/entity/Q4780884,http://www.wikidata.org/entity/Q2267955
http://www.wikidata.org/entity/Q4789437,http://www.wikidata.org/entity/Q723418
http://www.wikidata.org/entity/Q4789437,http://www.wikidata.org/entity/Q110207339
http://www.wikidata.org/entity/Q4794612,http://www.wikidata.org/entity/Q98528232
http://www.wikidata.org/entity/Q4797274,http://www.wikidata.org/entity/Q7366
http://www.wikidata.org/entity/Q4797274,http://www.wikidata.org/entity/Q9730
http://www.wikidata.org/entity/Q4797276,http://www.wikidata.org/entity/Q4797274
http://www.wikidata.org/entity/Q4806789,http://www.wikidata.org/entity/Q11401
http://www.wikidata.org/entity/Q4806789,http://www.wikidata.org/entity/Q525073
http://www.wikidata.org/entity/Q4810433,http://www.wikidata.org/entity/Q624081
http://www.wikidata.org/entity/Q4810433,http://www.wikidata.org/entity/Q3328681
http://www.wikidata.org/entity/Q4825017,http://www.wikidata.org/entity/Q10922
http://www.wikidata.org/entity/Q4825017,http://www.wikidata.org/entity/Q3114644
http://www.wikidata.org/entity/Q4825029,http://www.wikidata.org/entity/Q183504
http://www.wikidata.org/entity/Q4825029,http://www.wikidata.org/entity/Q3437817
http://www.wikidata.org/entity/Q4825034,http://www.wikidata.org/entity/Q8341
http://www.wikidata.org/entity/Q4825034,http://www.wikidata.org/entity/Q3114644
http://www.wikidata.org/entity/Q4825221,http://www.wikidata.org/entity/Q54365
http://www.wikidata.org/entity/Q4825221,http://www.wikidata.org/entity/Q3114644
http://www.wikidata.org/entity/Q4825229,http://www.wikidata.org/entity/Q483352
http://www.wikidata.org/entity/Q4825229,http://www.wikidata.org/entity/Q3114644
http://www.wikidata.org/entity/Q4832426,http://www.wikidata.org/entity/Q11401
http://www.wikidata.org/entity/Q4832426,http://www.wikidata.org/entity/Q724104
http://www.wikidata.org/entity/Q4832826,http://www.wikidata.org/entity/Q6942095
http://www.wikidata.org/entity/Q4838724,http://www.wikidata.org/entity/Q202930
http://www.wikidata.org/entity/Q4841438,http://www.wikidata.org/entity/Q106586248
http://www.wikidata.org/entity/Q4841596,http://www.wikidata.org/entity/Q11366
http://www.wikidata.org/entity/Q4841596,http://www.wikidata.org/entity/Q703778
http://www.wikidata.org/entity/Q4846346,http://www.wikidata.org/entity/Q1165777
http://www.wikidata.org/entity/Q4846346,http://www.wikidata.org/entity/Q114880130
http://www.wikidata.org/entity/Q4848674,http://www.wikidata.org/entity/Q15926105
http://www.wikidata.org/entity/Q4848674,http://www.wikidata.org/entity/Q106634987
http://www.wikidata.org/entity/Q4848738,http://www.wikidata.org/entity/Q3394906
http://www.wikidata.org/entity/Q4851096,http://www.wikidata.org/entity/Q8341
http://www.wikidata.org/entity/Q4851096,http://www.wikidata.org/entity/Q3211884
http://www.wikidata.org/entity/Q4851628,http://www.wikidata.org/entity/Q9730
http://www.wikidata.org/entity/Q4851628,http://www.wikidata.org/entity/Q316930
http://www.wikidata.org/entity/Q4851628,http://www.wikidata.org/entity/Q7777494
http://www.wikidata.org/entity/Q4852449,http://www.wikidata.org/entity/Q1503406
http://www.wikidata.org/entity/Q4852449,http://www.wikidata.org/entity/Q6942044
http://www.wikidata.org/entity/Q4852449,http://www.wikidata.org/entity/Q98528267
http://www.wikidata.org/entity/Q4852979,http://www.wikidata.org/entity/Q20502
http://www.wikidata.org/entity/Q4852979,http://www.wikidata.org/entity/Q663519
http://www.wikidata.org/entity/Q4852979,http://www.wikidata.org/entity/Q107091813
http://www.wikidata.org/entity/Q4854353,http://www.wikidata.org/entity/Q1995569
http://www.wikidata.org/entity/Q4854619,http://www.wikidata.org/entity/Q207628
http://www.wikidata.org/entity/Q4855476,http://www.wikidata.org/entity/Q3328593
http://www.wikidata.org/entity/Q4855476,http://www.wikidata.org/entity/Q4806789
http://www.wikidata.org/entity/Q4855483,http://www.wikidata.org/entity/Q11399
http://www.wikidata.org/entity/Q4855483,http://www.wikidata.org/entity/Q3328593
http://www.wikidata.org/entity/Q4855518,http://www.wikidata.org/entity/Q3868594
http://www.wikidata.org/entity/Q4864776,http://www.wikidata.org/entity/Q106588687
http://www.wikidata.org/entity/Q4869661,http://www.wikidata.org/entity/Q209741
http://www.wikidata.org/entity/Q4873394,http://www.wikidata.org/entity/Q388475
http://www.wikidata.org/entity/Q4875789,http://www.wikidata.org/entity/Q45981
http://www.wikidata.org/entity/Q4879372,http://www.wikidata.org/entity/Q624044
http://www.wikidata.org/entity/Q4882148,http://www.wikidata.org/entity/Q11210968
http://www.wikidata.org/entity/Q4888038,http://www.wikidata.org/entity/Q387236
http://www.wikidata.org/entity/Q4888038,http://www.wikidata.org/entity/Q10334885
http://www.wikidata.org/entity/Q4888166,http://www.wikidata.org/entity/Q109589714
http://www.wikidata.org/entity/Q4889602,http://www.wikidata.org/entity/Q98528191
http://www.wikidata.org/entity/Q4890645,http://www.wikidata.org/entity/Q1127539
http://www.wikidata.org/entity/Q4897056,http://www.wikidata.org/entity/Q5437134
http://www.wikidata.org/entity/Q4901016,http://www.wikidata.org/entity/Q474027
http://www.wikidata.org/entity/Q4901016,http://www.wikidata.org/entity/Q854844
http://www.wikidata.org/entity/Q4905606,http://www.wikidata.org/entity/Q3394906
http://www.wikidata.org/entity/Q4917174,http://www.wikidata.org/entity/Q3388814
http://www.wikidata.org/entity/Q4925966,http://www.wikidata.org/entity/Q114594062
http://www.wikidata.org/entity/Q4930356,http://www.wikidata.org/entity/Q213714
http://www.wikidata.org/entity/Q4936212,http://www.wikidata.org/entity/Q12736123
http://www.wikidata.org/entity/Q4936753,http://www.wikidata.org/entity/Q98528198
http://www.wikidata.org/entity/Q4937089,http://www.wikidata.org/entity/Q1585558
http://www.wikidata.org/entity/Q4937089,http://www.wikidata.org/entity/Q110250034
http://www.wikidata.org/entity/Q4938135,http://www.wikidata.org/entity/Q708228
http://www.wikidata.org/entity/Q4942839,http://www.wikidata.org/entity/Q45981
http://www.wikidata.org/entity/Q4942839,http://www.wikidata.org/entity/Q1190485
http://www.wikidata.org/entity/Q4943457,http://www.wikidata.org/entity/Q106586248
http://www.wikidata.org/entity/Q4947417,http://www.wikidata.org/entity/Q3328608
http://www.wikidata.org/entity/Q4947417,http://www.wikidata.org/entity/Q5413526
http://www.wikidata.org/entity/Q4947422,http://www.wikidata.org/entity/Q179465
http://www.wikidata.org/entity/Q4947422,http://www.wikidata.org/entity/Q3328681
http://www.wikidata.org/entity/Q4947422,http://www.wikidata.org/entity/Q109560218
http://www.wikidata.org/entity/Q4948714,http://www.wikidata.org/entity/Q17018487
http://www.wikidata.org/entity/Q4949812,http://www.wikidata.org/entity/Q1253172
http://www.wikidata.org/entity/Q4949812,http://www.wikidata.org/entity/Q114880124
http://www.wikidata.org/entity/Q4950495,http://www.wikidata.org/entity/Q1051735
http://www.wikidata.org/entity/Q4950495,http://www.wikidata.org/entity/Q4950496
http://www.wikidata.org/entity/Q4950496,http://www.wikidata.org/entity/Q107025062
http://www.wikidata.org/entity/Q4958927,http://www.wikidata.org/entity/Q483352
http://www.wikidata.org/entity/Q4965901,http://www.wikidata.org/entity/Q107091813
http://www.wikidata.org/entity/Q4968631,http://www.wikidata.org/entity/Q3071
http://www.wikidata.org/entity/Q4968631,http://www.wikidata.org/entity/Q6942023
http://www.wikidata.org/entity/Q4969182,http://www.wikidata.org/entity/Q164444
http://www.wikidata.org/entity/Q4971320,http://www.wikidata.org/entity/Q8341
http://www.wikidata.org/entity/Q108107602,http://www.wikidata.org/entity/Q98528189
http://www.wikidata.org/entity/Q108107614,http://www.wikidata.org/entity/Q6942003
http://www.wikidata.org/entity/Q108107614,http://www.wikidata.org/entity/Q9048257
http://www.wikidata.org/entity/Q108107635,http://www.wikidata.org/entity/Q121840759
http://www.wikidata.org/entity/Q108123046,http://www.wikidata.org/entity/Q183504
http://www.wikidata.org/entity/Q108124565,http://www.wikidata.org/entity/Q3071
http://www.wikidata.org/entity/Q108124565,http://www.wikidata.org/entity/Q211573
http://www.wikidata.org/entity/Q108124565,http://www.wikidata.org/entity/Q47074428
http://www.wikidata.org/entity/Q108124565,http://www.wikidata.org/entity/Q135397140
http://www.wikidata.org/entity/Q108151076,http://www.wikidata.org/entity/Q213665
http://www.wikidata.org/entity/Q108151076,http://www.wikidata.org/entity/Q485915
http://www.wikidata.org/entity/Q108151792,http://www.wikidata.org/entity/Q3394906
http://www.wikidata.org/entity/Q108167943,http://www.wikidata.org/entity/Q1753071
http://www.wikidata.org/entity/Q108177317,http://www.wikidata.org/entity/Q37073
http://www.wikidata.org/entity/Q108197774,http://www.wikidata.org/entity/Q20903
http://www.wikidata.org/entity/Q108226936,http://www.wikidata.org/entity/Q8701407
http://www.wikidata.org/entity/Q108250543,http://www.wikidata.org/entity/Q1503406
http://www.wikidata.org/entity/Q108250543,http://www.wikidata.org/entity/Q11400811
http://www.wikidata.org/entity/Q108250543,http://www.wikidata.org/entity/Q106507873
http://www.wikidata.org/entity/Q108250543,http://www.wikidata.org/entity/Q106508039
http://www.wikidata.org/entity/Q108297178,http://www.wikidata.org/entity/Q2665906
http://www.wikidata.org/entity/Q108297178,http://www.wikidata.org/entity/Q8812109
http://www.wikidata.org/entity/Q108297178,http://www.wikidata.org/entity/Q23072435
http://www.wikidata.org/entity/Q108297179,http://www.wikidata.org/entity/Q1716019
http://www.wikidata.org/entity/Q108297179,http://www.wikidata.org/entity/Q3328676
http://www.wikidata.org/entity/Q108297180,http://www.wikidata.org/entity/Q6942006
http://www.wikidata.org/entity/Q108297180,http://www.wikidata.org/entity/Q98528198
http://www.wikidata.org/entity/Q108297181,http://www.wikidata.org/entity/Q107611523
http://www.wikidata.org/entity/Q108297181,http://www.wikidata.org/entity/Q108615838
http://www.wikidata.org/entity/Q108297183,http://www.wikidata.org/entity/Q3328728
http://www.wikidata.org/entity/Q108297184,http://www.wikidata.org/entity/Q106298881
http://www.wikidata.org/entity/Q108297185,http://www.wikidata.org/entity/Q111738966
http://www.wikidata.org/entity/Q108297186,http://www.wikidata.org/entity/Q109615856
http://www.wikidata.org/entity/Q108297187,http://www.wikidata.org/entity/Q851213
http://www.wikidata.org/entity/Q108297187,http://www.wikidata.org/entity/Q6942329
http://www.wikidata.org/entity/Q108297188,http://www.wikidata.org/entity/Q3328743
http://www.wikidata.org/entity/Q108297188,http://www.wikidata.org/entity/Q106586999
http://www.wikidata.org/entity/Q108297189,http://www.wikidata.org/entity/Q4852449
http://www.wikidata.org/entity/Q108297189,http://www.wikidata.org/entity/Q98528198
http://www.wikidata.org/entity/Q108297189,http://www.wikidata.org/entity/Q106635221
http://www.wikidata.org/entity/Q108297190,http://www.wikidata.org/entity/Q106586999
http://www.wikidata.org/entity/Q108297190,http://www.wikidata.org/entity/Q114828938
http://www.wikidata.org/entity/Q108297192,http://www.wikidata.org/entity/Q3328599
http://www.wikidata.org/entity/Q108297192,http://www.wikidata.org/entity/Q9048257
http://www.wikidata.org/entity/Q108297193,http://www.wikidata.org/entity/Q37073
http://www.wikidata.org/entity/Q108297193,http://www.wikidata.org/entity/Q117745523
http://www.wikidata.org/entity/Q108297194,http://www.wikidata.org/entity/Q1191544
http://www.wikidata.org/entity/Q108297196,http://www.wikidata.org/entity/Q3328596
http://www.wikidata.org/entity/Q108297196,http://www.wikidata.org/entity/Q98528198
http://www.wikidata.org/entity/Q108297198,http://www.wikidata.org/entity/Q132438
http://www.wikidata.org/entity/Q108297199,http://www.wikidata.org/entity/Q5747258
http://www.wikidata.org/entity/Q108297200,http://www.wikidata.org/entity/Q2572585
http://www.wikidata.org/entity/Q108297200,http://www.wikidata.org/entity/Q115691081
http://www.wikidata.org/entity/Q108297201,http://www.wikidata.org/entity/Q98528277
http://www.wikidata.org/entity/Q108297201,http://www.wikidata.org/entity/Q108297202
http://www.wikidata.org/entity/Q108297202,http://www.wikidata.org/entity/Q910606
http://www.wikidata.org/entity/Q108297202,http://www.wikidata.org/entity/Q2956178
http://www.wikidata.org/entity/Q108297203,http://www.wikidata.org/entity/Q20502
http://www.wikidata.org/entity/Q108297204,http://www.wikidata.org/entity/Q8341
http://www.wikidata.org/entity/Q108297204,http://www.wikidata.org/entity/Q98528232
http://www.wikidata.org/entity/Q108297205,http://www.wikidata.org/entity/Q3328602
http://www.wikidata.org/entity/Q108297205,http://www.wikidata.org/entity/Q106586998
http://www.wikidata.org/entity/Q108297206,http://www.wikidata.org/entity/Q37073
http://www.wikidata.org/entity/Q108297206,http://www.wikidata.org/entity/Q6942031
http://www.wikidata.org/entity/Q108297207,http://www.wikidata.org/entity/Q6942381
http://www.wikidata.org/entity/Q108297207,http://www.wikidata.org/entity/Q17513988
http://www.wikidata.org/entity/Q108297209,http://www.wikidata.org/entity/Q3679098
http://www.wikidata.org/entity/Q108297209,http://www.wikidata.org/entity/Q89363113
http://www.wikidata.org/entity/Q108297210,http://www.wikidata.org/entity/Q98528277
http://www.wikidata.org/entity/Q108297210,http://www.wikidata.org/entity/Q108297207
http://www.wikidata.org/entity/Q108297212,http://www.wikidata.org/entity/Q5069474
http://www.wikidata.org/entity/Q108297212,http://www.wikidata.org/entity/Q106556293
http://www.wikidata.org/entity/Q108297213,http://www.wikidata.org/entity/Q5069474
http://www.wikidata.org/entity/Q108297213,http://www.wikidata.org/entity/Q98528197
http://www.wikidata.org/entity/Q108297213,http://www.wikidata.org/entity/Q123856101
http://www.wikidata.org/entity/Q108297214,http://www.wikidata.org/entity/Q1062400
http://www.wikidata.org/entity/Q108297214,http://www.wikidata.org/entity/Q1695023
http://www.wikidata.org/entity/Q108297215,http://www.wikidata.org/entity/Q23072435
http://www.wikidata.org/entity/Q108297215,http://www.wikidata.org/entity/Q117187744
http://www.wikidata.org/entity/Q108297216,http://www.wikidata.org/entity/Q329385
http://www.wikidata.org/entity/Q108297216,http://www.wikidata.org/entity/Q9048257
http://www.wikidata.org/entity/Q108297217,http://www.wikidata.org/entity/Q1930107
http://www.wikidata.org/entity/Q108297218,http://www.wikidata.org/entity/Q848399
http://www.wikidata.org/entity/Q108297220,http://www.wikidata.org/entity/Q1640319
http://www.wikidata.org/entity/Q108297221,http://www.wikidata.org/entity/Q6966089
http://www.wikidata.org/entity/Q108297222,http://www.wikidata.org/entity/Q202930
http://www.wikidata.org/entity/Q108297222,http://www.wikidata.org/entity/Q1544863
http://www.wikidata.org/entity/Q108297224,http://www.wikidata.org/entity/Q6826021
http://www.wikidata.org/entity/Q108297225,http://www.wikidata.org/entity/Q2981079
http://www.wikidata.org/entity/Q108297225,http://www.wikidata.org/entity/Q16679594
http://www.wikidata.org/entity/Q108297227,http://www.wikidata.org/entity/Q1051735
http://www.wikidata.org/entity/Q108297227,http://www.wikidata.org/entity/Q107025062
http://www.wikidata.org/entity/Q108297229,http://www.wikidata.org/entity/Q9794
http://www.wikidata.org/entity/Q108297229,http://www.wikidata.org/entity/Q474027
http://www.wikidata.org/entity/Q108297231,http://www.wikidata.org/entity/Q2340395
http://www.wikidata.org/entity/Q108297232,http://www.wikidata.org/entity/Q4049849
http://www.wikidata.org/entity/Q108297232,http://www.wikidata.org/entity/Q106423092
http://www.wikidata.org/entity/Q108297233,http://www.wikidata.org/entity/Q1370345
http://www.wikidata.org/entity/Q108297233,http://www.wikidata.org/entity/Q5151495
http://www.wikidata.org/entity/Q108297234,http://www.wikidata.org/entity/Q257533
http://www.wikidata.org/entity/Q108297234,http://www.wikidata.org/entity/Q106581470
http://www.wikidata.org/entity/Q108297235,http://www.wikidata.org/entity/Q9778
http://www.wikidata.org/entity/Q108297235,http://www.wikidata.org/entity/Q1744304
http://www.wikidata.org/entity/Q108297236,http://www.wikidata.org/entity/Q2087267
http://www.wikidata.org/entity/Q108297236,http://www.wikidata.org/entity/Q53806314
http://www.wikidata.org/entity/Q108297237,http://www.wikidata.org/entity/Q8812109
http://www.wikidata.org/entity/Q108297237,http://www.wikidata.org/entity/Q109615856
http://www.wikidata.org/entity/Q108297238,http://www.wikidata.org/entity/Q223840
http://www.wikidata.org/entity/Q108297239,http://www.wikidata.org/entity/Q6942371
http://www.wikidata.org/entity/Q108297239,http://www.wikidata.org/entity/Q7050752
http://www.wikidata.org/entity/Q108297241,http://www.wikidata.org/entity/Q9764
http://www.wikidata.org/entity/Q108297241,http://www.wikidata.org/entity/Q37073
http://www.wikidata.org/entity/Q108297242,http://www.wikidata.org/entity/Q105763581
http://www.wikidata.org/entity/Q108297243,http://www.wikidata.org/entity/Q474027
http://www.wikidata.org/entity/Q108297243,http://www.wikidata.org/entity/Q851213
http://www.wikidata.org/entity/Q108297244,http://www.wikidata.org/entity/Q17513988
http://www.wikidata.org/entity/Q108297245,http://www.wikidata.org/entity/Q6942329
http://www.wikidata.org/entity/Q108297246,http://www.wikidata.org/entity/Q1931130
http://www.wikidata.org/entity/Q108297247,http://www.wikidata.org/entity/Q10370558
http://www.wikidata.org/entity/Q108297247,http://www.wikidata.org/entity/Q117745223
http://www.wikidata.org/entity/Q108297248,http://www.wikidata.org/entity/Q2000397
http://www.wikidata.org/entity/Q108297248,http://www.wikidata.org/entity/Q6966089
http://www.wikidata.org/entity/Q108297249,http://www.wikidata.org/entity/Q16679594
http://www.wikidata.org/entity/Q108297250,http://www.wikidata.org/entity/Q1147692
http://www.wikidata.org/entity/Q108297250,http://www.wikidata.org/entity/Q16562829
http://www.wikidata.org/entity/Q108297250,http://www.wikidata.org/entity/Q89423271
http://www.wikidata.org/entity/Q108297251,http://www.wikidata.org/entity/Q6022257
http://www.wikidata.org/entity/Q108297251,http://www.wikidata.org/entity/Q6942107
http://www.wikidata.org/entity/Q108321657,http://www.wikidata.org/entity/Q20502
http://www.wikidata.org/entity/Q108321843,http://www.wikidata.org/entity/Q3328766
http://www.wikidata.org/entity/Q108321843,http://www.wikidata.org/entity/Q16679594
http://www.wikidata.org/entity/Q108408373,http://www.wikidata.org/entity/Q235858
http://www.wikidata.org/entity/Q108408373,http://www.wikidata.org/entity/Q3328728
http://www.wikidata.org/entity/Q108419648,http://www.wikidata.org/entity/Q3328681
http://www.wikidata.org/entity/Q108419648,http://www.wikidata.org/entity/Q107718539
http://www.wikidata.org/entity/Q108430097,http://www.wikidata.org/entity/Q1152364
http://www.wikidata.org/entity/Q108430097,http://www.wikidata.org/entity/Q7092205
http://www.wikidata.org/entity/Q108535339,http://www.wikidata.org/entity/Q98528192
http://www.wikidata.org/entity/Q108535339,http://www.wikidata.org/entity/Q108857617
http://www.wikidata.org/entity/Q108539884,http://www.wikidata.org/entity/Q373342
http://www.wikidata.org/entity/Q108555812,http://www.wikidata.org/entity/Q874038
http://www.wikidata.org/entity/Q108555812,http://www.wikidata.org/entity/Q18358879
http://www.wikidata.org/entity/Q108556049,http://www.wikidata.org/entity/Q37073
http://www.wikidata.org/entity/Q108556049,http://www.wikidata.org/entity/Q3679098
http://www.wikidata.org/entity/Q108556056,http://www.wikidata.org/entity/Q834959
http://www.wikidata.org/entity/Q108556409,http://www.wikidata.org/entity/Q107025062
http://www.wikidata.org/entity/Q108562050,http://www.wikidata.org/entity/Q2503249
http://www.wikidata.org/entity/Q108562050,http://www.wikidata.org/entity/Q108535339
http://www.wikidata.org/entity/Q108572381,http://www.wikidata.org/entity/Q1026089
http://www.wikidata.org/entity/Q108572381,http://www.wikidata.org/entity/Q1541229
http://www.wikidata.org/entity/Q108574405,http://www.wikidata.org/entity/Q6942329
http://www.wikidata.org/entity/Q108574405,http://www.wikidata.org/entity/Q98528238
http://www.wikidata.org/entity/Q108575656,http://www.wikidata.org/entity/Q98528185
http://www.wikidata.org/entity/Q108575656,http://www.wikidata.org/entity/Q98528237
http://www.wikidata.org/entity/Q108610259,http://www.wikidata.org/entity/Q20502
http://www.wikidata.org/entity/Q108610396,http://www.wikidata.org/entity/Q1210921
http://www.wikidata.org/entity/Q108610396,http://www.wikidata.org/entity/Q106586999
http://www.wikidata.org/entity/Q108610706,http://www.wikidata.org/entity/Q20502
http://www.wikidata.org/entity/Q108615774,http://www.wikidata.org/entity/Q7016547
http://www.wikidata.org/entity/Q108615774,http://www.wikidata.org/entity/Q98528198
http://www.wikidata.org/entity/Q108615838,http://www.wikidata.org/entity/Q9048257
http://www.wikidata.org/entity/Q108615838,http://www.wikidata.org/entity/Q98528277
http://www.wikidata.org/entity/Q108615898,http://www.wikidata.org/entity/Q3564665
http://www.wikidata.org/entity/Q108615898,http://www.wikidata.org/entity/Q12876995
http://www.wikidata.org/entity/Q108616070,http://www.wikidata.org/entity/Q5121359
http://www.wikidata.org/entity/Q108616070,http://www.wikidata.org/entity/Q107013350
http://www.wikidata.org/entity/Q108616106,http://www.wikidata.org/entity/Q1541229
http://www.wikidata.org/entity/Q108616106,http://www.wikidata.org/entity/Q4780884
http://www.wikidata.org/entity/Q108629498,http://www.wikidata.org/entity/Q106586999
http://www.wikidata.org/entity/Q108629498,http://www.wikidata.org/entity/Q114594062
http://www.wikidata.org/entity/Q108631274,http://www.wikidata.org/entity/Q26897135
http://www.wikidata.org/entity/Q108631385,http://www.wikidata.org/entity/Q215911
http://www.wikidata.org/entity/Q108665706,http://www.wikidata.org/entity/Q101440473
http://www.wikidata.org/entity/Q108665742,http://www.wikidata.org/entity/Q38848
http://www.wikidata.org/entity/Q108665742,http://www.wikidata.org/entity/Q2782580
http://www.wikidata.org/entity/Q108665895,http://www.wikidata.org/entity/Q3735537
http://www.wikidata.org/entity/Q108667604,http://www.wikidata.org/entity/Q98528232
http://www.wikidata.org/entity/Q108716407,http://www.wikidata.org/entity/Q1166321
http://www.wikidata.org/entity/Q108743983,http://www.wikidata.org/entity/Q235858
http://www.wikidata.org/entity/Q108743983,http://www.wikidata.org/entity/Q107718737
http://www.wikidata.org/entity/Q108757333,http://www.wikidata.org/entity/Q110606359
http://www.wikidata.org/entity/Q108788324,http://www.wikidata.org/entity/Q10838732
http://www.wikidata.org/entity/Q108788334,http://www.wikidata.org/entity/Q5873676
http://www.wikidata.org/entity/Q108788334,http://www.wikidata.org/entity/Q106586999
http://www.wikidata.org/entity/Q108788334,http://www.wikidata.org/entity/Q108788324
http://www.wikidata.org/entity/Q108788365,http://www.wikidata.org/entity/Q37073
http://www.wikidata.org/entity/Q108788365,http://www.wikidata.org/entity/Q5873676
http://www.wikidata.org/entity/Q108788365,http://www.wikidata.org/entity/Q10838732
http://www.wikidata.org/entity/Q108788730,http://www.wikidata.org/entity/Q956925
http://www.wikidata.org/entity/Q108788730,http://www.wikidata.org/entity/Q106586250
http://www.wikidata.org/entity/Q108788730,http://www.wikidata.org/entity/Q108297183
http://www.wikidata.org/entity/Q108807617,http://www.wikidata.org/entity/Q492264
http://www.wikidata.org/entity/Q108807656,http://www.wikidata.org/entity/Q6942375
http://www.wikidata.org/entity/Q108807656,http://www.wikidata.org/entity/Q12876995
http://www.wikidata.org/entity/Q108807661,http://www.wikidata.org/entity/Q54365
http://www.wikidata.org/entity/Q108807661,http://www.wikidata.org/entity/Q572717
http://www.wikidata.org/entity/Q108807663,http://www.wikidata.org/entity/Q11401
http://www.wikidata.org/entity/Q108807663,http://www.wikidata.org/entity/Q114880124
http://www.wikidata.org/entity/Q108807670,http://www.wikidata.org/entity/Q6942329
http://www.wikidata.org/entity/Q108807670,http://www.wikidata.org/entity/Q98528185
http://www.wikidata.org/entity/Q18129813,http://www.wikidata.org/entity/Q1503406
http://www.wikidata.org/entity/Q18129813,http://www.wikidata.org/entity/Q11400811
http://www.wikidata.org/entity/Q18163148,http://www.wikidata.org/entity/Q8341
http://www.wikidata.org/entity/Q18163148,http://www.wikidata.org/entity/Q1672398
http://www.wikidata.org/entity/Q18170752,http://www.wikidata.org/entity/Q3879286
http://www.wikidata.org/entity/Q18191937,http://www.wikidata.org/entity/Q1716019
http://www.wikidata.org/entity/Q18204859,http://www.wikidata.org/entity/Q145594
http://www.wikidata.org/entity/Q18204859,http://www.wikidata.org/entity/Q2835456
http://www.wikidata.org/entity/Q18205078,http://www.wikidata.org/entity/Q724104
http://www.wikidata.org/entity/Q18205078,http://www.wikidata.org/entity/Q98528260
http://www.wikidata.org/entity/Q18208255,http://www.wikidata.org/entity/Q145594
http://www.wikidata.org/entity/Q18208255,http://www.wikidata.org/entity/Q963061
http://www.wikidata.org/entity/Q18217098,http://www.wikidata.org/entity/Q18345375
http://www.wikidata.org/entity/Q18217098,http://www.wikidata.org/entity/Q107718737
http://www.wikidata.org/entity/Q18225375,http://www.wikidata.org/entity/Q201022
http://www.wikidata.org/entity/Q18225375,http://www.wikidata.org/entity/Q4452477
http://www.wikidata.org/entity/Q18225375,http://www.wikidata.org/entity/Q25436215
http://www.wikidata.org/entity/Q18242331,http://www.wikidata.org/entity/Q935586
http://www.wikidata.org/entity/Q18278642,http://www.wikidata.org/entity/Q211756
http://www.wikidata.org/entity/Q18278642,http://www.wikidata.org/entity/Q1931130
http://www.wikidata.org/entity/Q18324847,http://www.wikidata.org/entity/Q23072435
http://www.wikidata.org/entity/Q18324847,http://www.wikidata.org/entity/Q139566472
http://www.wikidata.org/entity/Q18342587,http://www.wikidata.org/entity/Q20502
http://www.wikidata.org/entity/Q18345375,http://www.wikidata.org/entity/Q115484611
http://www.wikidata.org/entity/Q18358879,http://www.wikidata.org/entity/Q20502
http://www.wikidata.org/entity/Q18370965,http://www.wikidata.org/entity/Q37073
http://www.wikidata.org/entity/Q18370965,http://www.wikidata.org/entity/Q3328743
http://www.wikidata.org/entity/Q18379604,http://www.wikidata.org/entity/Q851213
http://www.wikidata.org/entity/Q18379604,http://www.wikidata.org/entity/Q6452410
http://www.wikidata.org/entity/Q18391540,http://www.wikidata.org/entity/Q45981
http://www.wikidata.org/entity/Q18391540,http://www.wikidata.org/entity/Q6452410
http://www.wikidata.org/entity/Q18393891,http://www.wikidata.org/entity/Q20474
http://www.wikidata.org/entity/Q18406550,http://www.wikidata.org/entity/Q503354
http://www.wikidata.org/entity/Q18406550,http://www.wikidata.org/entity/Q4400497
http://www.wikidata.org/entity/Q18406550,http://www.wikidata.org/entity/Q16682190
http://www.wikidata.org/entity/Q18432631,http://www.wikidata.org/entity/Q106514601
http://www.wikidata.org/entity/Q18466722,http://www.wikidata.org/entity/Q116173474
http://www.wikidata.org/entity/Q18473388,http://www.wikidata.org/entity/Q188237
http://www.wikidata.org/entity/Q18534490,http://www.wikidata.org/entity/Q943929
http://www.wikidata.org/entity/Q18534490,http://www.wikidata.org/entity/Q109914703
http://www.wikidata.org/entity/Q18702741,http://www.wikidata.org/entity/Q943929
http://www.wikidata.org/entity/Q18702741,http://www.wikidata.org/entity/Q19880374
http://www.wikidata.org/entity/Q18915482,http://www.wikidata.org/entity/Q10922
http://www.wikidata.org/entity/Q18915482,http://www.wikidata.org/entity/Q188534
http://www.wikidata.org/entity/Q19358266,http://www.wikidata.org/entity/Q851213
http://www.wikidata.org/entity/Q19358266,http://www.wikidata.org/entity/Q98528166
http://www.wikidata.org/entity/Q19358266,http://www.wikidata.org/entity/Q116985035
http://www.wikidata.org/entity/Q19361028,http://www.wikidata.org/entity/Q9730
http://www.wikidata.org/entity/Q19361028,http://www.wikidata.org/entity/Q316930
http://www.wikidata.org/entity/Q19610934,http://www.wikidata.org/entity/Q5187202
http://www.wikidata.org/entity/Q19610934,http://www.wikidata.org/entity/Q20825943
http://www.wikidata.org/entity/Q19672555,http://www.wikidata.org/entity/Q19678100
http://www.wikidata.org/entity/Q19672555,http://www.wikidata.org/entity/Q106298881
http://www.wikidata.org/entity/Q19678100,http://www.wikidata.org/entity/Q373342
http://www.wikidata.org/entity/Q19708376,http://www.wikidata.org/entity/Q2572585
http://www.wikidata.org/entity/Q19708604,http://www.wikidata.org/entity/Q1931130
http://www.wikidata.org/entity/Q19708789,http://www.wikidata.org/entity/Q485395
http://www.wikidata.org/entity/Q19708789,http://www.wikidata.org/entity/Q719927
http://www.wikidata.org/entity/Q19708925,http://www.wikidata.org/entity/Q483251
http://www.wikidata.org/entity/Q19708925,http://www.wikidata.org/entity/Q11402284
http://www.wikidata.org/entity/Q19729536,http://www.wikidata.org/entity/Q1210921
http://www.wikidata.org/entity/Q19729536,http://www.wikidata.org/entity/Q98528198
http://www.wikidata.org/entity/Q19749652,http://www.wikidata.org/entity/Q96373505
http://www.wikidata.org/entity/Q19749652,http://www.wikidata.org/entity/Q98528198
http://www.wikidata.org/entity/Q19754215,http://www.wikidata.org/entity/Q179465
http://www.wikidata.org/entity/Q19754215,http://www.wikidata.org/entity/Q106556293
http://www.wikidata.org/entity/Q19815286,http://www.wikidata.org/entity/Q10922
http://www.wikidata.org/entity/Q19815286,http://www.wikidata.org/entity/Q11505686
http://www.wikidata.org/entity/Q19820570,http://www.wikidata.org/entity/Q623904
http://www.wikidata.org/entity/Q19832746,http://www.wikidata.org/entity/Q3071
http://www.wikidata.org/entity/Q19832746,http://www.wikidata.org/entity/Q2324411
http://www.wikidata.org/entity/Q19860267,http://www.wikidata.org/entity/Q37073
http://www.wikidata.org/entity/Q19860267,http://www.wikidata.org/entity/Q1131855
http://www.wikidata.org/entity/Q19879476,http://www.wikidata.org/entity/Q11401
http://www.wikidata.org/entity/Q19880374,http://www.wikidata.org/entity/Q3328727
http://www.wikidata.org/entity/Q19880374,http://www.wikidata.org/entity/Q98528287
http://www.wikidata.org/entity/Q19880374,http://www.wikidata.org/entity/Q106635234
http://www.wikidata.org/entity/Q19885329,http://www.wikidata.org/entity/Q9794
http://www.wikidata.org/entity/Q19885329,http://www.wikidata.org/entity/Q1619932
http://www.wikidata.org/entity/Q19899689,http://www.wikidata.org/entity/Q11639
http://www.wikidata.org/entity/Q19901725,http://www.wikidata.org/entity/Q155858
http://www.wikidata.org/entity/Q19901725,http://www.wikidata.org/entity/Q12326776
http://www.wikidata.org/entity/Q19938910,http://www.wikidata.org/entity/Q9778
http://www.wikidata.org/entity/Q20016116,http://www.wikidata.org/entity/Q189825
http://www.wikidata.org/entity/Q20016116,http://www.wikidata.org/entity/Q208239
http://www.wikidata.org/entity/Q20016989,http://www.wikidata.org/entity/Q201022
http://www.wikidata.org/entity/Q20016989,http://www.wikidata.org/entity/Q252626
http://www.wikidata.org/entity/Q20018165,http://www.wikidata.org/entity/Q116884389
http://www.wikidata.org/entity/Q20021059,http://www.wikidata.org/entity/Q20502
http://www.wikidata.org/entity/Q20022908,http://www.wikidata.org/entity/Q122149755
http://www.wikidata.org/entity/Q20047305,http://www.wikidata.org/entity/Q627906
http://www.wikidata.org/entity/Q20102359,http://www.wikidata.org/entity/Q3808055
http://www.wikidata.org/entity/Q20102359,http://www.wikidata.org/entity/Q20492204
http://www.wikidata.org/entity/Q20102359,http://www.wikidata.org/entity/Q98528192
http://www.wikidata.org/entity/Q20102893,http://www.wikidata.org/entity/Q202208
http://www.wikidata.org/entity/Q20104443,http://www.wikidata.org/entity/Q3328681
http://www.wikidata.org/entity/Q20104443,http://www.wikidata.org/entity/Q3808055
http://www.wikidata.org/entity/Q20106916,http://www.wikidata.org/entity/Q1413570
http://www.wikidata.org/entity/Q20108528,http://www.wikidata.org/entity/Q20104443
http://www.wikidata.org/entity/Q20380119,http://www.wikidata.org/entity/Q492067
http://www.wikidata.org/entity/Q4971320,http://www.wikidata.org/entity/Q268673
http://www.wikidata.org/entity/Q4971320,http://www.wikidata.org/entity/Q1196752
http://www.wikidata.org/entity/Q4971384,http://www.wikidata.org/entity/Q8341
http://www.wikidata.org/entity/Q4971384,http://www.wikidata.org/entity/Q268673
http://www.wikidata.org/entity/Q4971422,http://www.wikidata.org/entity/Q37073
http://www.wikidata.org/entity/Q4971422,http://www.wikidata.org/entity/Q4971423
http://www.wikidata.org/entity/Q4971442,http://www.wikidata.org/entity/Q11399
http://www.wikidata.org/entity/Q4971442,http://www.wikidata.org/entity/Q45981
http://www.wikidata.org/entity/Q4971443,http://www.wikidata.org/entity/Q7749
http://www.wikidata.org/entity/Q4971454,http://www.wikidata.org/entity/Q131272
http://www.wikidata.org/entity/Q4971454,http://www.wikidata.org/entity/Q268673
http://www.wikidata.org/entity/Q4975996,http://www.wikidata.org/entity/Q131272
http://www.wikidata.org/entity/Q4982327,http://www.wikidata.org/entity/Q6942271
http://www.wikidata.org/entity/Q4982327,http://www.wikidata.org/entity/Q98528185
http://www.wikidata.org/entity/Q4985524,http://www.wikidata.org/entity/Q10922
http://www.wikidata.org/entity/Q4993367,http://www.wikidata.org/entity/Q1640319
http://www.wikidata.org/entity/Q4993367,http://www.wikidata.org/entity/Q2568406
http://www.wikidata.org/entity/Q4993553,http://www.wikidata.org/entity/Q757143
http://www.wikidata.org/entity/Q4993817,http://www.wikidata.org/entity/Q502658
http://www.wikidata.org/entity/Q4993817,http://www.wikidata.org/entity/Q2956147
http://www.wikidata.org/entity/Q4993817,http://www.wikidata.org/entity/Q21427046
http://www.wikidata.org/entity/Q4996252,http://www.wikidata.org/entity/Q1003981
http://www.wikidata.org/entity/Q4996252,http://www.wikidata.org/entity/Q5413526
http://www.wikidata.org/entity/Q4996773,http://www.wikidata.org/entity/Q723418
http://www.wikidata.org/entity/Q4996773,http://www.wikidata.org/entity/Q3394906
http://www.wikidata.org/entity/Q4998143,http://www.wikidata.org/entity/Q11401
http://www.wikidata.org/entity/Q4999448,http://www.wikidata.org/entity/Q3328602
http://www.wikidata.org/entity/Q4999448,http://www.wikidata.org/entity/Q4806789
http://www.wikidata.org/entity/Q5000356,http://www.wikidata.org/entity/Q109914864
http://www.wikidata.org/entity/Q5001430,http://www.wikidata.org/entity/Q116690343
http://www.wikidata.org/entity/Q5015164,http://www.wikidata.org/entity/Q1156957
http://www.wikidata.org/entity/Q5030714,http://www.wikidata.org/entity/Q9759
http://www.wikidata.org/entity/Q5030714,http://www.wikidata.org/entity/Q6942037
http://www.wikidata.org/entity/Q5030825,http://www.wikidata.org/entity/Q8341
http://www.wikidata.org/entity/Q5030825,http://www.wikidata.org/entity/Q6942037
http://www.wikidata.org/entity/Q5030866,http://www.wikidata.org/entity/Q3071
http://www.wikidata.org/entity/Q5030866,http://www.wikidata.org/entity/Q6942037
http://www.wikidata.org/entity/Q5031532,http://www.wikidata.org/entity/Q7366
http://www.wikidata.org/entity/Q5039688,http://www.wikidata.org/entity/Q6942303
http://www.wikidata.org/entity/Q5039688,http://www.wikidata.org/entity/Q98528191
http://www.wikidata.org/entity/Q5058545,http://www.wikidata.org/entity/Q854451
http://www.wikidata.org/entity/Q5058545,http://www.wikidata.org/entity/Q23072435
http://www.wikidata.org/entity/Q5058557,http://www.wikidata.org/entity/Q854451
http://www.wikidata.org/entity/Q5058557,http://www.wikidata.org/entity/Q6942037
http://www.wikidata.org/entity/Q5060331,http://www.wikidata.org/entity/Q3328669
http://www.wikidata.org/entity/Q5068130,http://www.wikidata.org/entity/Q19749652
http://www.wikidata.org/entity/Q5069474,http://www.wikidata.org/entity/Q6036543
http://www.wikidata.org/entity/Q5069474,http://www.wikidata.org/entity/Q18345375
http://www.wikidata.org/entity/Q5069474,http://www.wikidata.org/entity/Q98528197
http://www.wikidata.org/entity/Q5069525,http://www.wikidata.org/entity/Q8341
http://www.wikidata.org/entity/Q5071702,http://www.wikidata.org/entity/Q20502
http://www.wikidata.org/entity/Q5071702,http://www.wikidata.org/entity/Q1457972
http://www.wikidata.org/entity/Q5071702,http://www.wikidata.org/entity/Q98528166
http://www.wikidata.org/entity/Q5072880,http://www.wikidata.org/entity/Q602646
http://www.wikidata.org/entity/Q5072880,http://www.wikidata.org/entity/Q19678100
http://www.wikidata.org/entity/Q5088687,http://www.wikidata.org/entity/Q95366506
http://www.wikidata.org/entity/Q5096318,http://www.wikidata.org/entity/Q139807780
http://www.wikidata.org/entity/Q5099460,http://www.wikidata.org/entity/Q3868605
http://www.wikidata.org/entity/Q5100789,http://www.wikidata.org/entity/Q51446080
http://www.wikidata.org/entity/Q5100797,http://www.wikidata.org/entity/Q38848
http://www.wikidata.org/entity/Q5100797,http://www.wikidata.org/entity/Q122537914
http://www.wikidata.org/entity/Q5100799,http://www.wikidata.org/entity/Q4806789
http://www.wikidata.org/entity/Q5100799,http://www.wikidata.org/entity/Q122537914
http://www.wikidata.org/entity/Q5104948,http://www.wikidata.org/entity/Q207628
http://www.wikidata.org/entity/Q5104953,http://www.wikidata.org/entity/Q188285
http://www.wikidata.org/entity/Q5104953,http://www.wikidata.org/entity/Q5104955
http://www.wikidata.org/entity/Q5105480,http://www.wikidata.org/entity/Q98528191
http://www.wikidata.org/entity/Q5105581,http://www.wikidata.org/entity/Q1770695
http://www.wikidata.org/entity/Q5110296,http://www.wikidata.org/entity/Q378988
http://www.wikidata.org/entity/Q5110296,http://www.wikidata.org/entity/Q6452410
http://www.wikidata.org/entity/Q5110298,http://www.wikidata.org/entity/Q11366
http://www.wikidata.org/entity/Q5110298,http://www.wikidata.org/entity/Q753520
http://www.wikidata.org/entity/Q5110317,http://www.wikidata.org/entity/Q180268
http://www.wikidata.org/entity/Q5110317,http://www.wikidata.org/entity/Q6452410
http://www.wikidata.org/entity/Q5110317,http://www.wikidata.org/entity/Q65943778
http://www.wikidata.org/entity/Q5116077,http://www.wikidata.org/entity/Q106556293
http://www.wikidata.org/entity/Q5116077,http://www.wikidata.org/entity/Q109497092
http://www.wikidata.org/entity/Q5116136,http://www.wikidata.org/entity/Q17176998
http://www.wikidata.org/entity/Q5118383,http://www.wikidata.org/entity/Q1051735
http://www.wikidata.org/entity/Q5118383,http://www.wikidata.org/entity/Q1090048
http://www.wikidata.org/entity/Q5119221,http://www.wikidata.org/entity/Q8361
http://www.wikidata.org/entity/Q5121359,http://www.wikidata.org/entity/Q106506985
http://www.wikidata.org/entity/Q5128236,http://www.wikidata.org/entity/Q83440
http://www.wikidata.org/entity/Q5128243,http://www.wikidata.org/entity/Q131272
http://www.wikidata.org/entity/Q5139519,http://www.wikidata.org/entity/Q11399
http://www.wikidata.org/entity/Q5141514,http://www.wikidata.org/entity/Q185676
http://www.wikidata.org/entity/Q5146983,http://www.wikidata.org/entity/Q185298
http://www.wikidata.org/entity/Q5146983,http://www.wikidata.org/entity/Q19351429
http://www.wikidata.org/entity/Q5147976,http://www.wikidata.org/entity/Q11399
http://www.wikidata.org/entity/Q5147976,http://www.wikidata.org/entity/Q920883
http://www.wikidata.org/entity/Q5151495,http://www.wikidata.org/entity/Q60548032
http://www.wikidata.org/entity/Q5151495,http://www.wikidata.org/entity/Q115484611
http://www.wikidata.org/entity/Q5156725,http://www.wikidata.org/entity/Q16249975
http://www.wikidata.org/entity/Q5158398,http://www.wikidata.org/entity/Q2743
http://www.wikidata.org/entity/Q5158512,http://www.wikidata.org/entity/Q178122
http://www.wikidata.org/entity/Q5158522,http://www.wikidata.org/entity/Q211025
http://www.wikidata.org/entity/Q5160756,http://www.wikidata.org/entity/Q64137792
http://www.wikidata.org/entity/Q5165023,http://www.wikidata.org/entity/Q373342
http://www.wikidata.org/entity/Q5165334,http://www.wikidata.org/entity/Q8341
http://www.wikidata.org/entity/Q5177472,http://www.wikidata.org/entity/Q83440
http://www.wikidata.org/entity/Q108807674,http://www.wikidata.org/entity/Q235858
http://www.wikidata.org/entity/Q108807674,http://www.wikidata.org/entity/Q6942133
http://www.wikidata.org/entity/Q108807674,http://www.wikidata.org/entity/Q98528287
http://www.wikidata.org/entity/Q108823220,http://www.wikidata.org/entity/Q7366
http://www.wikidata.org/entity/Q108823220,http://www.wikidata.org/entity/Q11787379
http://www.wikidata.org/entity/Q108831582,http://www.wikidata.org/entity/Q170435
http://www.wikidata.org/entity/Q108834047,http://www.wikidata.org/entity/Q6812125
http://www.wikidata.org/entity/Q108844852,http://www.wikidata.org/entity/Q6941928
http://www.wikidata.org/entity/Q108844852,http://www.wikidata.org/entity/Q98528287
http://www.wikidata.org/entity/Q108845022,http://www.wikidata.org/entity/Q98528185
http://www.wikidata.org/entity/Q108845022,http://www.wikidata.org/entity/Q106588687
http://www.wikidata.org/entity/Q108845109,http://www.wikidata.org/entity/Q98528210
http://www.wikidata.org/entity/Q108845283,http://www.wikidata.org/entity/Q4069711
http://www.wikidata.org/entity/Q108847554,http://www.wikidata.org/entity/Q47112
http://www.wikidata.org/entity/Q108857328,http://www.wikidata.org/entity/Q3328676
http://www.wikidata.org/entity/Q108857462,http://www.wikidata.org/entity/Q3328676
http://www.wikidata.org/entity/Q108857617,http://www.wikidata.org/entity/Q3328676
http://www.wikidata.org/entity/Q108857881,http://www.wikidata.org/entity/Q106547262
http://www.wikidata.org/entity/Q108864684,http://www.wikidata.org/entity/Q6942044
http://www.wikidata.org/entity/Q108864684,http://www.wikidata.org/entity/Q7125889
http://www.wikidata.org/entity/Q108865641,http://www.wikidata.org/entity/Q10922
http://www.wikidata.org/entity/Q108866070,http://www.wikidata.org/entity/Q1793004
http://www.wikidata.org/entity/Q108866070,http://www.wikidata.org/entity/Q106635221
http://www.wikidata.org/entity/Q108866073,http://www.wikidata.org/entity/Q11822344
http://www.wikidata.org/entity/Q108866081,http://www.wikidata.org/entity/Q3328714
http://www.wikidata.org/entity/Q108866081,http://www.wikidata.org/entity/Q6966089
http://www.wikidata.org/entity/Q108866081,http://www.wikidata.org/entity/Q16679594
http://www.wikidata.org/entity/Q108866112,http://www.wikidata.org/entity/Q943929
http://www.wikidata.org/entity/Q108866112,http://www.wikidata.org/entity/Q48297861
http://www.wikidata.org/entity/Q108869492,http://www.wikidata.org/entity/Q1236268
http://www.wikidata.org/entity/Q108869492,http://www.wikidata.org/entity/Q98528192
http://www.wikidata.org/entity/Q108887930,http://www.wikidata.org/entity/Q37073
http://www.wikidata.org/entity/Q108907695,http://www.wikidata.org/entity/Q105763581
http://www.wikidata.org/entity/Q108909775,http://www.wikidata.org/entity/Q220830
http://www.wikidata.org/entity/Q108949981,http://www.wikidata.org/entity/Q8341
http://www.wikidata.org/entity/Q108949981,http://www.wikidata.org/entity/Q6942216
http://www.wikidata.org/entity/Q108950417,http://www.wikidata.org/entity/Q3397325
http://www.wikidata.org/entity/Q108951349,http://www.wikidata.org/entity/Q5645984
http://www.wikidata.org/entity/Q108955254,http://www.wikidata.org/entity/Q3328774
http://www.wikidata.org/entity/Q108955254,http://www.wikidata.org/entity/Q120022109
http://www.wikidata.org/entity/Q108979517,http://www.wikidata.org/entity/Q186170
http://www.wikidata.org/entity/Q108981355,http://www.wikidata.org/entity/Q1781796
http://www.wikidata.org/entity/Q108981355,http://www.wikidata.org/entity/Q98528185
http://www.wikidata.org/entity/Q108981539,http://www.wikidata.org/entity/Q839029
http://www.wikidata.org/entity/Q108981578,http://www.wikidata.org/entity/Q496929
http://www.wikidata.org/entity/Q108981578,http://www.wikidata.org/entity/Q98528185
http://www.wikidata.org/entity/Q109012701,http://www.wikidata.org/entity/Q11603109
http://www.wikidata.org/entity/Q109017384,http://www.wikidata.org/entity/Q12302979
http://www.wikidata.org/entity/Q109018310,http://www.wikidata.org/entity/Q1482325
http://www.wikidata.org/entity/Q109018310,http://www.wikidata.org/entity/Q23072435
http://www.wikidata.org/entity/Q109040764,http://www.wikidata.org/entity/Q8341
http://www.wikidata.org/entity/Q109040764,http://www.wikidata.org/entity/Q116973456
http://www.wikidata.org/entity/Q109048162,http://www.wikidata.org/entity/Q164444
http://www.wikidata.org/entity/Q109048162,http://www.wikidata.org/entity/Q18345375
http://www.wikidata.org/entity/Q109050954,http://www.wikidata.org/entity/Q3328602
http://www.wikidata.org/entity/Q109050964,http://www.wikidata.org/entity/Q484641
http://www.wikidata.org/entity/Q109050964,http://www.wikidata.org/entity/Q3328602
http://www.wikidata.org/entity/Q109077288,http://www.wikidata.org/entity/Q236913
http://www.wikidata.org/entity/Q109077288,http://www.wikidata.org/entity/Q703778
http://www.wikidata.org/entity/Q109105322,http://www.wikidata.org/entity/Q4376204
http://www.wikidata.org/entity/Q109105322,http://www.wikidata.org/entity/Q8812109
http://www.wikidata.org/entity/Q109128978,http://www.wikidata.org/entity/Q836571
http://www.wikidata.org/entity/Q109128978,http://www.wikidata.org/entity/Q3328774
http://www.wikidata.org/entity/Q109146989,http://www.wikidata.org/entity/Q20502
http://www.wikidata.org/entity/Q109148913,http://www.wikidata.org/entity/Q20502
http://www.wikidata.org/entity/Q109225999,http://www.wikidata.org/entity/Q383103
http://www.wikidata.org/entity/Q109225999,http://www.wikidata.org/entity/Q106635234
http://www.wikidata.org/entity/Q109270884,http://www.wikidata.org/entity/Q5377728
http://www.wikidata.org/entity/Q109270884,http://www.wikidata.org/entity/Q106635221
http://www.wikidata.org/entity/Q109270949,http://www.wikidata.org/entity/Q3328702
http://www.wikidata.org/entity/Q109270949,http://www.wikidata.org/entity/Q106586999
http://www.wikidata.org/entity/Q109271391,http://www.wikidata.org/entity/Q3328701
http://www.wikidata.org/entity/Q109271391,http://www.wikidata.org/entity/Q98528198
http://www.wikidata.org/entity/Q109271585,http://www.wikidata.org/entity/Q1091536
http://www.wikidata.org/entity/Q109271585,http://www.wikidata.org/entity/Q98528185
http://www.wikidata.org/entity/Q109271682,http://www.wikidata.org/entity/Q3737170
http://www.wikidata.org/entity/Q109271682,http://www.wikidata.org/entity/Q110874824
http://www.wikidata.org/entity/Q109271831,http://www.wikidata.org/entity/Q6942239
http://www.wikidata.org/entity/Q109271831,http://www.wikidata.org/entity/Q108408373
http://www.wikidata.org/entity/Q109271890,http://www.wikidata.org/entity/Q12499696
http://www.wikidata.org/entity/Q109271890,http://www.wikidata.org/entity/Q106586999
http://www.wikidata.org/entity/Q109272409,http://www.wikidata.org/entity/Q9730
http://www.wikidata.org/entity/Q109272409,http://www.wikidata.org/entity/Q964987
http://www.wikidata.org/entity/Q109273016,http://www.wikidata.org/entity/Q98528237
http://www.wikidata.org/entity/Q109301488,http://www.wikidata.org/entity/Q2082510
http://www.wikidata.org/entity/Q109303336,http://www.wikidata.org/entity/Q11401
http://www.wikidata.org/entity/Q109303621,http://www.wikidata.org/entity/Q727781
http://www.wikidata.org/entity/Q109303621,http://www.wikidata.org/entity/Q106926276
http://www.wikidata.org/entity/Q109303626,http://www.wikidata.org/entity/Q6942214
http://www.wikidata.org/entity/Q109303626,http://www.wikidata.org/entity/Q17513988
http://www.wikidata.org/entity/Q109303626,http://www.wikidata.org/entity/Q98528277
http://www.wikidata.org/entity/Q109303634,http://www.wikidata.org/entity/Q1771297
http://www.wikidata.org/entity/Q109303634,http://www.wikidata.org/entity/Q6942223
http://www.wikidata.org/entity/Q109303776,http://www.wikidata.org/entity/Q6022257
http://www.wikidata.org/entity/Q109303776,http://www.wikidata.org/entity/Q6942230
http://www.wikidata.org/entity/Q109303807,http://www.wikidata.org/entity/Q1074080
http://www.wikidata.org/entity/Q109303807,http://www.wikidata.org/entity/Q6774721
http://www.wikidata.org/entity/Q109306179,http://www.wikidata.org/entity/Q277393
http://www.wikidata.org/entity/Q109306179,http://www.wikidata.org/entity/Q1499262
http://www.wikidata.org/entity/Q109311356,http://www.wikidata.org/entity/Q253918
http://www.wikidata.org/entity/Q1622261,http://www.wikidata.org/entity/Q18345375
http://www.wikidata.org/entity/Q1632601,http://www.wikidata.org/entity/Q14390274
http://www.wikidata.org/entity/Q1634085,http://www.wikidata.org/entity/Q9778
http://www.wikidata.org/entity/Q1634085,http://www.wikidata.org/entity/Q2464314
http://www.wikidata.org/entity/Q1634085,http://www.wikidata.org/entity/Q10334891
http://www.wikidata.org/entity/Q1636684,http://www.wikidata.org/entity/Q37073
http://www.wikidata.org/entity/Q1640319,http://www.wikidata.org/entity/Q115484611
http://www.wikidata.org/entity/Q1640587,http://www.wikidata.org/entity/Q492096
http://www.wikidata.org/entity/Q1640587,http://www.wikidata.org/entity/Q891374
http://www.wikidata.org/entity/Q1640587,http://www.wikidata.org/entity/Q7171186
http://www.wikidata.org/entity/Q1640587,http://www.wikidata.org/entity/Q17176998
http://www.wikidata.org/entity/Q1641839,http://www.wikidata.org/entity/Q11399
http://www.wikidata.org/entity/Q1641839,http://www.wikidata.org/entity/Q1640319
http://www.wikidata.org/entity/Q1643549,http://www.wikidata.org/entity/Q598929
http://www.wikidata.org/entity/Q1646666,http://www.wikidata.org/entity/Q1544863
http://www.wikidata.org/entity/Q1646666,http://www.wikidata.org/entity/Q3328778
http://www.wikidata.org/entity/Q1650296,http://www.wikidata.org/entity/Q11399
http://www.wikidata.org/entity/Q1650296,http://www.wikidata.org/entity/Q639197
http://www.wikidata.org/entity/Q1651804,http://www.wikidata.org/entity/Q1443316
http://www.wikidata.org/entity/Q1658757,http://www.wikidata.org/entity/Q9778
http://www.wikidata.org/entity/Q1659646,http://www.wikidata.org/entity/Q8341
http://www.wikidata.org/entity/Q1661924,http://www.wikidata.org/entity/Q851213
http://www.wikidata.org/entity/Q1662181,http://www.wikidata.org/entity/Q11399
http://www.wikidata.org/entity/Q1662181,http://www.wikidata.org/entity/Q1522794
http://www.wikidata.org/entity/Q1666311,http://www.wikidata.org/entity/Q98528232
http://www.wikidata.org/entity/Q1669458,http://www.wikidata.org/entity/Q316930
http://www.wikidata.org/entity/Q1669458,http://www.wikidata.org/entity/Q447962
http://www.wikidata.org/entity/Q1669802,http://www.wikidata.org/entity/Q46185
http://www.wikidata.org/entity/Q1669802,http://www.wikidata.org/entity/Q106588687
http://www.wikidata.org/entity/Q1672398,http://www.wikidata.org/entity/Q1503406
http://www.wikidata.org/entity/Q1672918,http://www.wikidata.org/entity/Q7482056
http://www.wikidata.org/entity/Q1673922,http://www.wikidata.org/entity/Q185298
http://www.wikidata.org/entity/Q1673922,http://www.wikidata.org/entity/Q98528232
http://www.wikidata.org/entity/Q1674378,http://www.wikidata.org/entity/Q179465
http://www.wikidata.org/entity/Q1674378,http://www.wikidata.org/entity/Q6942067
http://www.wikidata.org/entity/Q1677377,http://www.wikidata.org/entity/Q211025
http://www.wikidata.org/entity/Q1677377,http://www.wikidata.org/entity/Q111633950
http://www.wikidata.org/entity/Q1678395,http://www.wikidata.org/entity/Q1547148
http://www.wikidata.org/entity/Q1678395,http://www.wikidata.org/entity/Q97500868
http://www.wikidata.org/entity/Q1682210,http://www.wikidata.org/entity/Q11399
http://www.wikidata.org/entity/Q1682210,http://www.wikidata.org/entity/Q1952679
http://www.wikidata.org/entity/Q1682783,http://www.wikidata.org/entity/Q9730
http://www.wikidata.org/entity/Q1683348,http://www.wikidata.org/entity/Q257533
http://www.wikidata.org/entity/Q1683348,http://www.wikidata.org/entity/Q4806789
http://www.wikidata.org/entity/Q1684441,http://www.wikidata.org/entity/Q65937893
http://www.wikidata.org/entity/Q1684501,http://www.wikidata.org/entity/Q8341
http://www.wikidata.org/entity/Q1684501,http://www.wikidata.org/entity/Q2267955
http://www.wikidata.org/entity/Q1684520,http://www.wikidata.org/entity/Q8341
http://www.wikidata.org/entity/Q1684520,http://www.wikidata.org/entity/Q9759
http://www.wikidata.org/entity/Q1684532,http://www.wikidata.org/entity/Q6607
http://www.wikidata.org/entity/Q1684532,http://www.wikidata.org/entity/Q65937893
http://www.wikidata.org/entity/Q1684559,http://www.wikidata.org/entity/Q65937893
http://www.wikidata.org/entity/Q1692318,http://www.wikidata.org/entity/Q106926325
http://www.wikidata.org/entity/Q1695023,http://www.wikidata.org/entity/Q373342
http://www.wikidata.org/entity/Q1702909,http://www.wikidata.org/entity/Q206159
http://www.wikidata.org/entity/Q1713462,http://www.wikidata.org/entity/Q8341
http://www.wikidata.org/entity/Q1715700,http://www.wikidata.org/entity/Q9048265
http://www.wikidata.org/entity/Q1716019,http://www.wikidata.org/entity/Q3570024
http://www.wikidata.org/entity/Q1730388,http://www.wikidata.org/entity/Q83440
http://www.wikidata.org/entity/Q1735204,http://www.wikidata.org/entity/Q207628
http://www.wikidata.org/entity/Q1736883,http://www.wikidata.org/entity/Q2798694
http://www.wikidata.org/entity/Q1737332,http://www.wikidata.org/entity/Q8341
http://www.wikidata.org/entity/Q1737691,http://www.wikidata.org/entity/Q713965
http://www.wikidata.org/entity/Q1737691,http://www.wikidata.org/entity/Q3015654
http://www.wikidata.org/entity/Q1737691,http://www.wikidata.org/entity/Q6942012
http://www.wikidata.org/entity/Q1738175,http://www.wikidata.org/entity/Q170611
http://www.wikidata.org/entity/Q1742770,http://www.wikidata.org/entity/Q9759
http://www.wikidata.org/entity/Q1744304,http://www.wikidata.org/entity/Q170593
http://www.wikidata.org/entity/Q1744304,http://www.wikidata.org/entity/Q207628
http://www.wikidata.org/entity/Q1744304,http://www.wikidata.org/entity/Q5969884
http://www.wikidata.org/entity/Q1744327,http://www.wikidata.org/entity/Q378604
http://www.wikidata.org/entity/Q1744327,http://www.wikidata.org/entity/Q968159
http://www.wikidata.org/entity/Q1744327,http://www.wikidata.org/entity/Q1640319
http://www.wikidata.org/entity/Q1744659,http://www.wikidata.org/entity/Q189825
http://www.wikidata.org/entity/Q1744659,http://www.wikidata.org/entity/Q208239
http://www.wikidata.org/entity/Q1746023,http://www.wikidata.org/entity/Q25521422
http://www.wikidata.org/entity/Q1750049,http://www.wikidata.org/entity/Q8341
http://www.wikidata.org/entity/Q1750088,http://www.wikidata.org/entity/Q383615
http://www.wikidata.org/entity/Q1751409,http://www.wikidata.org/entity/Q1165777
http://www.wikidata.org/entity/Q1751782,http://www.wikidata.org/entity/Q83440
http://www.wikidata.org/entity/Q1752683,http://www.wikidata.org/entity/Q387407
http://www.wikidata.org/entity/Q1752683,http://www.wikidata.org/entity/Q3453150
http://www.wikidata.org/entity/Q1752683,http://www.wikidata.org/entity/Q106588687
http://www.wikidata.org/entity/Q1752801,http://www.wikidata.org/entity/Q3630966
http://www.wikidata.org/entity/Q1753071,http://www.wikidata.org/entity/Q106926325
http://www.wikidata.org/entity/Q1753803,http://www.wikidata.org/entity/Q10838732
http://www.wikidata.org/entity/Q1754592,http://www.wikidata.org/entity/Q11401
http://www.wikidata.org/entity/Q1754592,http://www.wikidata.org/entity/Q19678100
http://www.wikidata.org/entity/Q1755959,http://www.wikidata.org/entity/Q1482325
http://www.wikidata.org/entity/Q1756101,http://www.wikidata.org/entity/Q663519
http://www.wikidata.org/entity/Q1756680,http://www.wikidata.org/entity/Q1544863
http://www.wikidata.org/entity/Q1759189,http://www.wikidata.org/entity/Q899215
http://www.wikidata.org/entity/Q1760256,http://www.wikidata.org/entity/Q28163991
http://www.wikidata.org/entity/Q1760256,http://www.wikidata.org/entity/Q106586236
http://www.wikidata.org/entity/Q1762761,http://www.wikidata.org/entity/Q338450
http://www.wikidata.org/entity/Q1763023,http://www.wikidata.org/entity/Q3246270
http://www.wikidata.org/entity/Q1766836,http://www.wikidata.org/entity/Q201022
http://www.wikidata.org/entity/Q1766836,http://www.wikidata.org/entity/Q7832302
http://www.wikidata.org/entity/Q1770695,http://www.wikidata.org/entity/Q1323698
http://www.wikidata.org/entity/Q1771297,http://www.wikidata.org/entity/Q109916244
http://www.wikidata.org/entity/Q20380119,http://www.wikidata.org/entity/Q1585558
http://www.wikidata.org/entity/Q20427186,http://www.wikidata.org/entity/Q107000797
http://www.wikidata.org/entity/Q20427333,http://www.wikidata.org/entity/Q7639201
http://www.wikidata.org/entity/Q20427333,http://www.wikidata.org/entity/Q104853037
http://www.wikidata.org/entity/Q20438522,http://www.wikidata.org/entity/Q722989
http://www.wikidata.org/entity/Q20492204,http://www.wikidata.org/entity/Q115484611
http://www.wikidata.org/entity/Q20507819,http://www.wikidata.org/entity/Q4069711
http://www.wikidata.org/entity/Q20587253,http://www.wikidata.org/entity/Q12520649
http://www.wikidata.org/entity/Q20589414,http://www.wikidata.org/entity/Q503354
http://www.wikidata.org/entity/Q20615323,http://www.wikidata.org/entity/Q16148439
http://www.wikidata.org/entity/Q20615323,http://www.wikidata.org/entity/Q17018487
http://www.wikidata.org/entity/Q20627595,http://www.wikidata.org/entity/Q3328704
http://www.wikidata.org/entity/Q20627595,http://www.wikidata.org/entity/Q98528287
http://www.wikidata.org/entity/Q20627595,http://www.wikidata.org/entity/Q107524184
http://www.wikidata.org/entity/Q20656222,http://www.wikidata.org/entity/Q16555308
http://www.wikidata.org/entity/Q20715191,http://www.wikidata.org/entity/Q1544863
http://www.wikidata.org/entity/Q20715191,http://www.wikidata.org/entity/Q6942343
http://www.wikidata.org/entity/Q20716146,http://www.wikidata.org/entity/Q117745223
http://www.wikidata.org/entity/Q20722785,http://www.wikidata.org/entity/Q1076513
http://www.wikidata.org/entity/Q20819985,http://www.wikidata.org/entity/Q1716019
http://www.wikidata.org/entity/Q20820817,http://www.wikidata.org/entity/Q37073
http://www.wikidata.org/entity/Q20820817,http://www.wikidata.org/entity/Q377185
http://www.wikidata.org/entity/Q20825943,http://www.wikidata.org/entity/Q3211884
http://www.wikidata.org/entity/Q20825943,http://www.wikidata.org/entity/Q3328681
http://www.wikidata.org/entity/Q20825943,http://www.wikidata.org/entity/Q117000933
http://www.wikidata.org/entity/Q21000514,http://www.wikidata.org/entity/Q223840
http://www.wikidata.org/entity/Q21006606,http://www.wikidata.org/entity/Q851213
http://www.wikidata.org/entity/Q21006606,http://www.wikidata.org/entity/Q96740854
http://www.wikidata.org/entity/Q21028652,http://www.wikidata.org/entity/Q3328694
http://www.wikidata.org/entity/Q21059341,http://www.wikidata.org/entity/Q547137
http://www.wikidata.org/entity/Q21059341,http://www.wikidata.org/entity/Q723418
http://www.wikidata.org/entity/Q21064844,http://www.wikidata.org/entity/Q130403
http://www.wikidata.org/entity/Q21074462,http://www.wikidata.org/entity/Q18846
http://www.wikidata.org/entity/Q21074462,http://www.wikidata.org/entity/Q114357486
http://www.wikidata.org/entity/Q21234489,http://www.wikidata.org/entity/Q187760
http://www.wikidata.org/entity/Q21234489,http://www.wikidata.org/entity/Q3679098
http://www.wikidata.org/entity/Q21260785,http://www.wikidata.org/entity/Q9778
http://www.wikidata.org/entity/Q21260785,http://www.wikidata.org/entity/Q3419744
http://www.wikidata.org/entity/Q21261423,http://www.wikidata.org/entity/Q11401
http://www.wikidata.org/entity/Q21327441,http://www.wikidata.org/entity/Q180268
http://www.wikidata.org/entity/Q21327441,http://www.wikidata.org/entity/Q213714
http://www.wikidata.org/entity/Q21400499,http://www.wikidata.org/entity/Q10922
http://www.wikidata.org/entity/Q21427856,http://www.wikidata.org/entity/Q11401
http://www.wikidata.org/entity/Q21427856,http://www.wikidata.org/entity/Q3328606
http://www.wikidata.org/entity/Q21427887,http://www.wikidata.org/entity/Q49451
http://www.wikidata.org/entity/Q21427887,http://www.wikidata.org/entity/Q3437841
http://www.wikidata.org/entity/Q21480567,http://www.wikidata.org/entity/Q723418
http://www.wikidata.org/entity/Q21503497,http://www.wikidata.org/entity/Q646026
http://www.wikidata.org/entity/Q21620487,http://www.wikidata.org/entity/Q1151260
http://www.wikidata.org/entity/Q21653344,http://www.wikidata.org/entity/Q7366
http://www.wikidata.org/entity/Q21653344,http://www.wikidata.org/entity/Q107033384
http://www.wikidata.org/entity/Q21654728,http://www.wikidata.org/entity/Q23072435
http://www.wikidata.org/entity/Q21662779,http://www.wikidata.org/entity/Q9730
http://www.wikidata.org/entity/Q21684437,http://www.wikidata.org/entity/Q1544863
http://www.wikidata.org/entity/Q21684437,http://www.wikidata.org/entity/Q3328778
http://www.wikidata.org/entity/Q21713208,http://www.wikidata.org/entity/Q645992
http://www.wikidata.org/entity/Q21713208,http://www.wikidata.org/entity/Q25554481
http://www.wikidata.org/entity/Q21848887,http://www.wikidata.org/entity/Q856713
http://www.wikidata.org/entity/Q21848887,http://www.wikidata.org/entity/Q56572789
http://www.wikidata.org/entity/Q21856748,http://www.wikidata.org/entity/Q8341
http://www.wikidata.org/entity/Q21971297,http://www.wikidata.org/entity/Q106507873
http://www.wikidata.org/entity/Q21971297,http://www.wikidata.org/entity/Q108857462
http://www.wikidata.org/entity/Q21997160,http://www.wikidata.org/entity/Q920883
http://www.wikidata.org/entity/Q21997160,http://www.wikidata.org/entity/Q107138217
http://www.wikidata.org/entity/Q21998394,http://www.wikidata.org/entity/Q178122
http://www.wikidata.org/entity/Q21998559,http://www.wikidata.org/entity/Q207628
http://www.wikidata.org/entity/Q21998559,http://www.wikidata.org/entity/Q639197
http://www.wikidata.org/entity/Q21998559,http://www.wikidata.org/entity/Q11787388
http://www.wikidata.org/entity/Q21998637,http://www.wikidata.org/entity/Q11787379
http://www.wikidata.org/entity/Q22110347,http://www.wikidata.org/entity/Q359607
http://www.wikidata.org/entity/Q22114540,http://www.wikidata.org/entity/Q359607
http://www.wikidata.org/entity/Q22115031,http://www.wikidata.org/entity/Q359607
http://www.wikidata.org/entity/Q22908051,http://www.wikidata.org/entity/Q1065742
http://www.wikidata.org/entity/Q22908082,http://www.wikidata.org/entity/Q3710513
http://www.wikidata.org/entity/Q22908553,http://www.wikidata.org/entity/Q114880130
http://www.wikidata.org/entity/Q22909461,http://www.wikidata.org/entity/Q851213
http://www.wikidata.org/entity/Q22948243,http://www.wikidata.org/entity/Q11399
http://www.wikidata.org/entity/Q22948243,http://www.wikidata.org/entity/Q624044
http://www.wikidata.org/entity/Q22949256,http://www.wikidata.org/entity/Q11400811
http://www.wikidata.org/entity/Q22949256,http://www.wikidata.org/entity/Q98528189
http://www.wikidata.org/entity/Q22964975,http://www.wikidata.org/entity/Q118324067
http://www.wikidata.org/entity/Q22991878,http://www.wikidata.org/entity/Q842324
http://www.wikidata.org/entity/Q23019151,http://www.wikidata.org/entity/Q130403
http://www.wikidata.org/entity/Q23019151,http://www.wikidata.org/entity/Q235858
http://www.wikidata.org/entity/Q23019151,http://www.wikidata.org/entity/Q2346484
http://www.wikidata.org/entity/Q23072366,http://www.wikidata.org/entity/Q2347119
http://www.wikidata.org/entity/Q23072366,http://www.wikidata.org/entity/Q23072435
http://www.wikidata.org/entity/Q23072435,http://www.wikidata.org/entity/Q64138195
http://www.wikidata.org/entity/Q23301960,http://www.wikidata.org/entity/Q95469495
http://www.wikidata.org/entity/Q23301960,http://www.wikidata.org/entity/Q116985035
http://www.wikidata.org/entity/Q23637018,http://www.wikidata.org/entity/Q3328676
http://www.wikidata.org/entity/Q23687321,http://www.wikidata.org/entity/Q207628
http://www.wikidata.org/entity/Q23687321,http://www.wikidata.org/entity/Q1076513
http://www.wikidata.org/entity/Q23808076,http://www.wikidata.org/entity/Q37073
http://www.wikidata.org/entity/Q23808076,http://www.wikidata.org/entity/Q2363645
http://www.wikidata.org/entity/Q23808313,http://www.wikidata.org/entity/Q7366
http://www.wikidata.org/entity/Q23817363,http://www.wikidata.org/entity/Q7366
http://www.wikidata.org/entity/Q23817363,http://www.wikidata.org/entity/Q2746731
http://www.wikidata.org/entity/Q23834771,http://www.wikidata.org/entity/Q201022
http://www.wikidata.org/entity/Q23834771,http://www.wikidata.org/entity/Q252626
http://www.wikidata.org/entity/Q5177517,http://www.wikidata.org/entity/Q83440
http://www.wikidata.org/entity/Q5177517,http://www.wikidata.org/entity/Q6942007
http://www.wikidata.org/entity/Q5179572,http://www.wikidata.org/entity/Q482
http://www.wikidata.org/entity/Q5179572,http://www.wikidata.org/entity/Q107718737
http://www.wikidata.org/entity/Q5179572,http://www.wikidata.org/entity/Q108669571
http://www.wikidata.org/entity/Q5184215,http://www.wikidata.org/entity/Q2267955
http://www.wikidata.org/entity/Q5187209,http://www.wikidata.org/entity/Q943929
http://www.wikidata.org/entity/Q5187209,http://www.wikidata.org/entity/Q107331898
http://www.wikidata.org/entity/Q5192064,http://www.wikidata.org/entity/Q1544863
http://www.wikidata.org/entity/Q5192064,http://www.wikidata.org/entity/Q98528191
http://www.wikidata.org/entity/Q5192064,http://www.wikidata.org/entity/Q98528197
http://www.wikidata.org/entity/Q5192126,http://www.wikidata.org/entity/Q11399
http://www.wikidata.org/entity/Q5192126,http://www.wikidata.org/entity/Q1544863
http://www.wikidata.org/entity/Q5194012,http://www.wikidata.org/entity/Q723418
http://www.wikidata.org/entity/Q5201820,http://www.wikidata.org/entity/Q213714
http://www.wikidata.org/entity/Q5201820,http://www.wikidata.org/entity/Q2981079
http://www.wikidata.org/entity/Q5201841,http://www.wikidata.org/entity/Q83440
http://www.wikidata.org/entity/Q5201841,http://www.wikidata.org/entity/Q2981079
http://www.wikidata.org/entity/Q5202394,http://www.wikidata.org/entity/Q116690343
http://www.wikidata.org/entity/Q5202988,http://www.wikidata.org/entity/Q1156957
http://www.wikidata.org/entity/Q5208151,http://www.wikidata.org/entity/Q6774721
http://www.wikidata.org/entity/Q5208151,http://www.wikidata.org/entity/Q116256909
http://www.wikidata.org/entity/Q5215959,http://www.wikidata.org/entity/Q708228
http://www.wikidata.org/entity/Q5216036,http://www.wikidata.org/entity/Q1640319
http://www.wikidata.org/entity/Q5219842,http://www.wikidata.org/entity/Q8341
http://www.wikidata.org/entity/Q5219842,http://www.wikidata.org/entity/Q2449418
http://www.wikidata.org/entity/Q5219868,http://www.wikidata.org/entity/Q2449418
http://www.wikidata.org/entity/Q5219868,http://www.wikidata.org/entity/Q7050752
http://www.wikidata.org/entity/Q5219995,http://www.wikidata.org/entity/Q11603109
http://www.wikidata.org/entity/Q5221793,http://www.wikidata.org/entity/Q5464449
http://www.wikidata.org/entity/Q5223519,http://www.wikidata.org/entity/Q936942
http://www.wikidata.org/entity/Q5226879,http://www.wikidata.org/entity/Q11223087
http://www.wikidata.org/entity/Q5242609,http://www.wikidata.org/entity/Q685884
http://www.wikidata.org/entity/Q5264196,http://www.wikidata.org/entity/Q4806789
http://www.wikidata.org/entity/Q5264196,http://www.wikidata.org/entity/Q98528267
http://www.wikidata.org/entity/Q5268810,http://www.wikidata.org/entity/Q3328593
http://www.wikidata.org/entity/Q5268810,http://www.wikidata.org/entity/Q5464449
http://www.wikidata.org/entity/Q5269880,http://www.wikidata.org/entity/Q1770695
http://www.wikidata.org/entity/Q5276535,http://www.wikidata.org/entity/Q12499696
http://www.wikidata.org/entity/Q5276535,http://www.wikidata.org/entity/Q97358130
http://www.wikidata.org/entity/Q5281127,http://www.wikidata.org/entity/Q9759
http://www.wikidata.org/entity/Q5290881,http://www.wikidata.org/entity/Q11399
http://www.wikidata.org/entity/Q5290881,http://www.wikidata.org/entity/Q6942370
http://www.wikidata.org/entity/Q5295546,http://www.wikidata.org/entity/Q12499696
http://www.wikidata.org/entity/Q5295946,http://www.wikidata.org/entity/Q11787379
http://www.wikidata.org/entity/Q5295946,http://www.wikidata.org/entity/Q15926105
http://www.wikidata.org/entity/Q5295946,http://www.wikidata.org/entity/Q106634987
http://www.wikidata.org/entity/Q5303621,http://www.wikidata.org/entity/Q420965
http://www.wikidata.org/entity/Q5303621,http://www.wikidata.org/entity/Q2267955
http://www.wikidata.org/entity/Q5320459,http://www.wikidata.org/entity/Q5551384
http://www.wikidata.org/entity/Q5327674,http://www.wikidata.org/entity/Q106586248
http://www.wikidata.org/entity/Q5330234,http://www.wikidata.org/entity/Q235858
http://www.wikidata.org/entity/Q5330234,http://www.wikidata.org/entity/Q1202208
http://www.wikidata.org/entity/Q5332963,http://www.wikidata.org/entity/Q192068
http://www.wikidata.org/entity/Q5334415,http://www.wikidata.org/entity/Q11399
http://www.wikidata.org/entity/Q5334415,http://www.wikidata.org/entity/Q6942068
http://www.wikidata.org/entity/Q5341293,http://www.wikidata.org/entity/Q26897135
http://www.wikidata.org/entity/Q5348475,http://www.wikidata.org/entity/Q387236
http://www.wikidata.org/entity/Q5348475,http://www.wikidata.org/entity/Q18129813
http://www.wikidata.org/entity/Q5358022,http://www.wikidata.org/entity/Q9778
http://www.wikidata.org/entity/Q5369049,http://www.wikidata.org/entity/Q1361891
http://www.wikidata.org/entity/Q5369664,http://www.wikidata.org/entity/Q708228
http://www.wikidata.org/entity/Q5377728,http://www.wikidata.org/entity/Q1503406
http://www.wikidata.org/entity/Q5378417,http://www.wikidata.org/entity/Q4797274
http://www.wikidata.org/entity/Q5378445,http://www.wikidata.org/entity/Q1771297
http://www.wikidata.org/entity/Q5384765,http://www.wikidata.org/entity/Q194326
http://www.wikidata.org/entity/Q5384765,http://www.wikidata.org/entity/Q201022
http://www.wikidata.org/entity/Q5384765,http://www.wikidata.org/entity/Q7273050
http://www.wikidata.org/entity/Q5389389,http://www.wikidata.org/entity/Q186472
http://www.wikidata.org/entity/Q5389389,http://www.wikidata.org/entity/Q118210225
http://www.wikidata.org/entity/Q5392990,http://www.wikidata.org/entity/Q10922
http://www.wikidata.org/entity/Q5393053,http://www.wikidata.org/entity/Q1544863
http://www.wikidata.org/entity/Q5393053,http://www.wikidata.org/entity/Q15830404
http://www.wikidata.org/entity/Q5398894,http://www.wikidata.org/entity/Q37073
http://www.wikidata.org/entity/Q5398894,http://www.wikidata.org/entity/Q1156957
http://www.wikidata.org/entity/Q5401205,http://www.wikidata.org/entity/Q16555308
http://www.wikidata.org/entity/Q5402470,http://www.wikidata.org/entity/Q170435
http://www.wikidata.org/entity/Q5402470,http://www.wikidata.org/entity/Q1033912
http://www.wikidata.org/entity/Q5405653,http://www.wikidata.org/entity/Q11399
http://www.wikidata.org/entity/Q5413514,http://www.wikidata.org/entity/Q211781
http://www.wikidata.org/entity/Q5413526,http://www.wikidata.org/entity/Q11401
http://www.wikidata.org/entity/Q5413526,http://www.wikidata.org/entity/Q3328676
http://www.wikidata.org/entity/Q5418947,http://www.wikidata.org/entity/Q6942329
http://www.wikidata.org/entity/Q5421158,http://www.wikidata.org/entity/Q11401
http://www.wikidata.org/entity/Q5421158,http://www.wikidata.org/entity/Q1640319
http://www.wikidata.org/entity/Q5421790,http://www.wikidata.org/entity/Q752785
http://www.wikidata.org/entity/Q5431448,http://www.wikidata.org/entity/Q716335
http://www.wikidata.org/entity/Q5431448,http://www.wikidata.org/entity/Q12159910
http://www.wikidata.org/entity/Q5431448,http://www.wikidata.org/entity/Q108408373
http://www.wikidata.org/entity/Q5431633,http://www.wikidata.org/entity/Q113856940
http://www.wikidata.org/entity/Q5433431,http://www.wikidata.org/entity/Q98528232
http://www.wikidata.org/entity/Q5433911,http://www.wikidata.org/entity/Q48836268
http://www.wikidata.org/entity/Q5433911,http://www.wikidata.org/entity/Q98528189
http://www.wikidata.org/entity/Q5445668,http://www.wikidata.org/entity/Q6950428
http://www.wikidata.org/entity/Q5445668,http://www.wikidata.org/entity/Q16993565
http://www.wikidata.org/entity/Q5447390,http://www.wikidata.org/entity/Q9759
http://www.wikidata.org/entity/Q5447390,http://www.wikidata.org/entity/Q1541229
http://www.wikidata.org/entity/Q5448207,http://www.wikidata.org/entity/Q27939
http://www.wikidata.org/entity/Q5448207,http://www.wikidata.org/entity/Q685884
http://www.wikidata.org/entity/Q5448207,http://www.wikidata.org/entity/Q98528189
http://www.wikidata.org/entity/Q109311356,http://www.wikidata.org/entity/Q1622261
http://www.wikidata.org/entity/Q109311605,http://www.wikidata.org/entity/Q354204
http://www.wikidata.org/entity/Q109322851,http://www.wikidata.org/entity/Q903735
http://www.wikidata.org/entity/Q109326538,http://www.wikidata.org/entity/Q235858
http://www.wikidata.org/entity/Q109326538,http://www.wikidata.org/entity/Q1268283
http://www.wikidata.org/entity/Q109326663,http://www.wikidata.org/entity/Q9730
http://www.wikidata.org/entity/Q109326663,http://www.wikidata.org/entity/Q18345375
http://www.wikidata.org/entity/Q109327528,http://www.wikidata.org/entity/Q17070502
http://www.wikidata.org/entity/Q109327528,http://www.wikidata.org/entity/Q98528198
http://www.wikidata.org/entity/Q109332430,http://www.wikidata.org/entity/Q3211884
http://www.wikidata.org/entity/Q109335331,http://www.wikidata.org/entity/Q20474
http://www.wikidata.org/entity/Q109350090,http://www.wikidata.org/entity/Q829147
http://www.wikidata.org/entity/Q109350090,http://www.wikidata.org/entity/Q2579987
http://www.wikidata.org/entity/Q109350090,http://www.wikidata.org/entity/Q89363113
http://www.wikidata.org/entity/Q109367856,http://www.wikidata.org/entity/Q11399
http://www.wikidata.org/entity/Q109367856,http://www.wikidata.org/entity/Q257533
http://www.wikidata.org/entity/Q109369576,http://www.wikidata.org/entity/Q106926325
http://www.wikidata.org/entity/Q109369672,http://www.wikidata.org/entity/Q2307786
http://www.wikidata.org/entity/Q109378709,http://www.wikidata.org/entity/Q3328768
http://www.wikidata.org/entity/Q109378709,http://www.wikidata.org/entity/Q98528198
http://www.wikidata.org/entity/Q109378725,http://www.wikidata.org/entity/Q852210
http://www.wikidata.org/entity/Q109378725,http://www.wikidata.org/entity/Q64055364
http://www.wikidata.org/entity/Q109378734,http://www.wikidata.org/entity/Q20502
http://www.wikidata.org/entity/Q109378734,http://www.wikidata.org/entity/Q211756
http://www.wikidata.org/entity/Q109378734,http://www.wikidata.org/entity/Q116985035
http://www.wikidata.org/entity/Q109378734,http://www.wikidata.org/entity/Q117000933
http://www.wikidata.org/entity/Q109381505,http://www.wikidata.org/entity/Q12499696
http://www.wikidata.org/entity/Q109381505,http://www.wikidata.org/entity/Q106586998
http://www.wikidata.org/entity/Q109382160,http://www.wikidata.org/entity/Q2913982
http://www.wikidata.org/entity/Q109382432,http://www.wikidata.org/entity/Q650316
http://www.wikidata.org/entity/Q109382432,http://www.wikidata.org/entity/Q756956
http://www.wikidata.org/entity/Q109406646,http://www.wikidata.org/entity/Q492096
http://www.wikidata.org/entity/Q109406646,http://www.wikidata.org/entity/Q106926276
http://www.wikidata.org/entity/Q109406661,http://www.wikidata.org/entity/Q98528197
http://www.wikidata.org/entity/Q109406736,http://www.wikidata.org/entity/Q221934
http://www.wikidata.org/entity/Q109415416,http://www.wikidata.org/entity/Q207591
http://www.wikidata.org/entity/Q109415416,http://www.wikidata.org/entity/Q3328622
http://www.wikidata.org/entity/Q109415416,http://www.wikidata.org/entity/Q11787378
http://www.wikidata.org/entity/Q109424969,http://www.wikidata.org/entity/Q6701559
http://www.wikidata.org/entity/Q109425937,http://www.wikidata.org/entity/Q37073
http://www.wikidata.org/entity/Q109425937,http://www.wikidata.org/entity/Q6942239
http://www.wikidata.org/entity/Q109426115,http://www.wikidata.org/entity/Q496929
http://www.wikidata.org/entity/Q109466271,http://www.wikidata.org/entity/Q1958273
http://www.wikidata.org/entity/Q109469638,http://www.wikidata.org/entity/Q851213
http://www.wikidata.org/entity/Q109470579,http://www.wikidata.org/entity/Q11399
http://www.wikidata.org/entity/Q109470579,http://www.wikidata.org/entity/Q1055871
http://www.wikidata.org/entity/Q109470645,http://www.wikidata.org/entity/Q257533
http://www.wikidata.org/entity/Q109470645,http://www.wikidata.org/entity/Q106298881
http://www.wikidata.org/entity/Q109470683,http://www.wikidata.org/entity/Q108833878
http://www.wikidata.org/entity/Q109470684,http://www.wikidata.org/entity/Q108833878
http://www.wikidata.org/entity/Q109470685,http://www.wikidata.org/entity/Q108833878
http://www.wikidata.org/entity/Q109470686,http://www.wikidata.org/entity/Q108833878
http://www.wikidata.org/entity/Q109470687,http://www.wikidata.org/entity/Q108833878
http://www.wikidata.org/entity/Q109470688,http://www.wikidata.org/entity/Q108833878
http://www.wikidata.org/entity/Q109500707,http://www.wikidata.org/entity/Q37073
http://www.wikidata.org/entity/Q109500707,http://www.wikidata.org/entity/Q4794612
http://www.wikidata.org/entity/Q109500733,http://www.wikidata.org/entity/Q252833
http://www.wikidata.org/entity/Q109500733,http://www.wikidata.org/entity/Q2082510
http://www.wikidata.org/entity/Q109500753,http://www.wikidata.org/entity/Q193207
http://www.wikidata.org/entity/Q109500753,http://www.wikidata.org/entity/Q1640319
http://www.wikidata.org/entity/Q109500872,http://www.wikidata.org/entity/Q3085344
http://www.wikidata.org/entity/Q109500872,http://www.wikidata.org/entity/Q98528197
http://www.wikidata.org/entity/Q109523071,http://www.wikidata.org/entity/Q26473
http://www.wikidata.org/entity/Q109523071,http://www.wikidata.org/entity/Q268673
http://www.wikidata.org/entity/Q109526125,http://www.wikidata.org/entity/Q106586219
http://www.wikidata.org/entity/Q109527761,http://www.wikidata.org/entity/Q153071
http://www.wikidata.org/entity/Q109527761,http://www.wikidata.org/entity/Q203720
http://www.wikidata.org/entity/Q109538468,http://www.wikidata.org/entity/Q3868605
http://www.wikidata.org/entity/Q109538574,http://www.wikidata.org/entity/Q20502
http://www.wikidata.org/entity/Q109555263,http://www.wikidata.org/entity/Q1370345
http://www.wikidata.org/entity/Q109560218,http://www.wikidata.org/entity/Q3328608
http://www.wikidata.org/entity/Q109560218,http://www.wikidata.org/entity/Q6966089
http://www.wikidata.org/entity/Q109560218,http://www.wikidata.org/entity/Q16679594
http://www.wikidata.org/entity/Q109585546,http://www.wikidata.org/entity/Q37073
http://www.wikidata.org/entity/Q109585546,http://www.wikidata.org/entity/Q869750
http://www.wikidata.org/entity/Q109586004,http://www.wikidata.org/entity/Q37073
http://www.wikidata.org/entity/Q109586004,http://www.wikidata.org/entity/Q2917508
http://www.wikidata.org/entity/Q109586237,http://www.wikidata.org/entity/Q1190565
http://www.wikidata.org/entity/Q109586237,http://www.wikidata.org/entity/Q1379958
http://www.wikidata.org/entity/Q109589325,http://www.wikidata.org/entity/Q3367530
http://www.wikidata.org/entity/Q109589325,http://www.wikidata.org/entity/Q98528277
http://www.wikidata.org/entity/Q109589387,http://www.wikidata.org/entity/Q851213
http://www.wikidata.org/entity/Q109589387,http://www.wikidata.org/entity/Q930592
http://www.wikidata.org/entity/Q109589472,http://www.wikidata.org/entity/Q7263021
http://www.wikidata.org/entity/Q109589503,http://www.wikidata.org/entity/Q966564
http://www.wikidata.org/entity/Q109589562,http://www.wikidata.org/entity/Q2568406
http://www.wikidata.org/entity/Q109589620,http://www.wikidata.org/entity/Q213121
http://www.wikidata.org/entity/Q109589714,http://www.wikidata.org/entity/Q98528185
http://www.wikidata.org/entity/Q109589714,http://www.wikidata.org/entity/Q106586248
http://www.wikidata.org/entity/Q109615856,http://www.wikidata.org/entity/Q106595599
http://www.wikidata.org/entity/Q109626458,http://www.wikidata.org/entity/Q727781
http://www.wikidata.org/entity/Q109626458,http://www.wikidata.org/entity/Q1151259
http://www.wikidata.org/entity/Q109626458,http://www.wikidata.org/entity/Q132531661
http://www.wikidata.org/entity/Q109646867,http://www.wikidata.org/entity/Q10922
http://www.wikidata.org/entity/Q109646867,http://www.wikidata.org/entity/Q846784
http://www.wikidata.org/entity/Q109653544,http://www.wikidata.org/entity/Q474027
http://www.wikidata.org/entity/Q109656646,http://www.wikidata.org/entity/Q26897135
http://www.wikidata.org/entity/Q109660794,http://www.wikidata.org/entity/Q37073
http://www.wikidata.org/entity/Q109660794,http://www.wikidata.org/entity/Q2743758
http://www.wikidata.org/entity/Q109678435,http://www.wikidata.org/entity/Q9730
http://www.wikidata.org/entity/Q1771297,http://www.wikidata.org/entity/Q110558058
http://www.wikidata.org/entity/Q1772422,http://www.wikidata.org/entity/Q12326776
http://www.wikidata.org/entity/Q1773654,http://www.wikidata.org/entity/Q83440
http://www.wikidata.org/entity/Q1773654,http://www.wikidata.org/entity/Q106298881
http://www.wikidata.org/entity/Q1775316,http://www.wikidata.org/entity/Q11399
http://www.wikidata.org/entity/Q1775316,http://www.wikidata.org/entity/Q37073
http://www.wikidata.org/entity/Q1775316,http://www.wikidata.org/entity/Q846784
http://www.wikidata.org/entity/Q1775316,http://www.wikidata.org/entity/Q132531661
http://www.wikidata.org/entity/Q1775526,http://www.wikidata.org/entity/Q11639
http://www.wikidata.org/entity/Q1777052,http://www.wikidata.org/entity/Q217295
http://www.wikidata.org/entity/Q1778129,http://www.wikidata.org/entity/Q206159
http://www.wikidata.org/entity/Q1778129,http://www.wikidata.org/entity/Q3437802
http://www.wikidata.org/entity/Q1779217,http://www.wikidata.org/entity/Q2281713
http://www.wikidata.org/entity/Q1779217,http://www.wikidata.org/entity/Q2457695
http://www.wikidata.org/entity/Q1779294,http://www.wikidata.org/entity/Q37073
http://www.wikidata.org/entity/Q1779294,http://www.wikidata.org/entity/Q848399
http://www.wikidata.org/entity/Q1779319,http://www.wikidata.org/entity/Q2281713
http://www.wikidata.org/entity/Q1779319,http://www.wikidata.org/entity/Q2457695
http://www.wikidata.org/entity/Q1780056,http://www.wikidata.org/entity/Q373342
http://www.wikidata.org/entity/Q1780056,http://www.wikidata.org/entity/Q7309098
http://www.wikidata.org/entity/Q1781796,http://www.wikidata.org/entity/Q6942267
http://www.wikidata.org/entity/Q1784032,http://www.wikidata.org/entity/Q274401
http://www.wikidata.org/entity/Q1784106,http://www.wikidata.org/entity/Q10922
http://www.wikidata.org/entity/Q1785028,http://www.wikidata.org/entity/Q188539
http://www.wikidata.org/entity/Q1785243,http://www.wikidata.org/entity/Q943929
http://www.wikidata.org/entity/Q1785243,http://www.wikidata.org/entity/Q19880374
http://www.wikidata.org/entity/Q1786724,http://www.wikidata.org/entity/Q2294872
http://www.wikidata.org/entity/Q1790876,http://www.wikidata.org/entity/Q1544863
http://www.wikidata.org/entity/Q1790876,http://www.wikidata.org/entity/Q3827483
http://www.wikidata.org/entity/Q1793004,http://www.wikidata.org/entity/Q13866613
http://www.wikidata.org/entity/Q1795903,http://www.wikidata.org/entity/Q11399
http://www.wikidata.org/entity/Q1797650,http://www.wikidata.org/entity/Q6825988
http://www.wikidata.org/entity/Q1798870,http://www.wikidata.org/entity/Q65047322
http://www.wikidata.org/entity/Q1798870,http://www.wikidata.org/entity/Q98528192
http://www.wikidata.org/entity/Q1799871,http://www.wikidata.org/entity/Q1810546
http://www.wikidata.org/entity/Q1801496,http://www.wikidata.org/entity/Q9759
http://www.wikidata.org/entity/Q1801496,http://www.wikidata.org/entity/Q6942188
http://www.wikidata.org/entity/Q1808721,http://www.wikidata.org/entity/Q482
http://www.wikidata.org/entity/Q1810546,http://www.wikidata.org/entity/Q1074080
http://www.wikidata.org/entity/Q1810546,http://www.wikidata.org/entity/Q106635221
http://www.wikidata.org/entity/Q1811682,http://www.wikidata.org/entity/Q2267955
http://www.wikidata.org/entity/Q1811682,http://www.wikidata.org/entity/Q106298881
http://www.wikidata.org/entity/Q1815364,http://www.wikidata.org/entity/Q316930
http://www.wikidata.org/entity/Q1815364,http://www.wikidata.org/entity/Q106588687
http://www.wikidata.org/entity/Q1818108,http://www.wikidata.org/entity/Q179465
http://www.wikidata.org/entity/Q1840167,http://www.wikidata.org/entity/Q9778
http://www.wikidata.org/entity/Q1849006,http://www.wikidata.org/entity/Q3135787
http://www.wikidata.org/entity/Q1849006,http://www.wikidata.org/entity/Q6942291
http://www.wikidata.org/entity/Q1866223,http://www.wikidata.org/entity/Q1326777
http://www.wikidata.org/entity/Q1868278,http://www.wikidata.org/entity/Q132438
http://www.wikidata.org/entity/Q1868278,http://www.wikidata.org/entity/Q186170
http://www.wikidata.org/entity/Q1872505,http://www.wikidata.org/entity/Q9794
http://www.wikidata.org/entity/Q1878514,http://www.wikidata.org/entity/Q41343
http://www.wikidata.org/entity/Q1878514,http://www.wikidata.org/entity/Q132438
http://www.wikidata.org/entity/Q1878514,http://www.wikidata.org/entity/Q209137
http://www.wikidata.org/entity/Q1879175,http://www.wikidata.org/entity/Q109500733
http://www.wikidata.org/entity/Q1884018,http://www.wikidata.org/entity/Q3394906
http://www.wikidata.org/entity/Q1884018,http://www.wikidata.org/entity/Q5060331
http://www.wikidata.org/entity/Q1884018,http://www.wikidata.org/entity/Q107407692
http://www.wikidata.org/entity/Q1884689,http://www.wikidata.org/entity/Q37073
http://www.wikidata.org/entity/Q1884689,http://www.wikidata.org/entity/Q1210921
http://www.wikidata.org/entity/Q1889001,http://www.wikidata.org/entity/Q270827
http://www.wikidata.org/entity/Q1889001,http://www.wikidata.org/entity/Q116958279
http://www.wikidata.org/entity/Q1890098,http://www.wikidata.org/entity/Q372103
http://www.wikidata.org/entity/Q1891685,http://www.wikidata.org/entity/Q373342
http://www.wikidata.org/entity/Q1891685,http://www.wikidata.org/entity/Q2498201
http://www.wikidata.org/entity/Q1892019,http://www.wikidata.org/entity/Q3328745
http://www.wikidata.org/entity/Q1899347,http://www.wikidata.org/entity/Q183504
http://www.wikidata.org/entity/Q1899347,http://www.wikidata.org/entity/Q598929
http://www.wikidata.org/entity/Q1902656,http://www.wikidata.org/entity/Q38848
http://www.wikidata.org/entity/Q1913888,http://www.wikidata.org/entity/Q726239
http://www.wikidata.org/entity/Q1913888,http://www.wikidata.org/entity/Q936942
http://www.wikidata.org/entity/Q1914924,http://www.wikidata.org/entity/Q2798694
http://www.wikidata.org/entity/Q1915787,http://www.wikidata.org/entity/Q56298115
http://www.wikidata.org/entity/Q1928583,http://www.wikidata.org/entity/Q131272
http://www.wikidata.org/entity/Q1929352,http://www.wikidata.org/entity/Q11399
http://www.wikidata.org/entity/Q1929352,http://www.wikidata.org/entity/Q2267955
http://www.wikidata.org/entity/Q1930107,http://www.wikidata.org/entity/Q1210921
http://www.wikidata.org/entity/Q1931130,http://www.wikidata.org/entity/Q117745223
http://www.wikidata.org/entity/Q1931555,http://www.wikidata.org/entity/Q20502
http://www.wikidata.org/entity/Q1931555,http://www.wikidata.org/entity/Q141085400
http://www.wikidata.org/entity/Q1936659,http://www.wikidata.org/entity/Q37073
http://www.wikidata.org/entity/Q1936659,http://www.wikidata.org/entity/Q377185
http://www.wikidata.org/entity/Q1936659,http://www.wikidata.org/entity/Q2668052
http://www.wikidata.org/entity/Q1937548,http://www.wikidata.org/entity/Q1370345
http://www.wikidata.org/entity/Q1937548,http://www.wikidata.org/entity/Q107718737
http://www.wikidata.org/entity/Q1938987,http://www.wikidata.org/entity/Q20502
http://www.wikidata.org/entity/Q1939197,http://www.wikidata.org/entity/Q943929
http://www.wikidata.org/entity/Q1939197,http://www.wikidata.org/entity/Q1810546
http://www.wikidata.org/entity/Q1942905,http://www.wikidata.org/entity/Q7366
http://www.wikidata.org/entity/Q1947846,http://www.wikidata.org/entity/Q116690343
http://www.wikidata.org/entity/Q1952679,http://www.wikidata.org/entity/Q2743758
http://www.wikidata.org/entity/Q1952808,http://www.wikidata.org/entity/Q58339
http://www.wikidata.org/entity/Q1954953,http://www.wikidata.org/entity/Q2743
http://www.wikidata.org/entity/Q1955000,http://www.wikidata.org/entity/Q6942329
http://www.wikidata.org/entity/Q1955040,http://www.wikidata.org/entity/Q116777655
http://www.wikidata.org/entity/Q1956166,http://www.wikidata.org/entity/Q624044
http://www.wikidata.org/entity/Q1956166,http://www.wikidata.org/entity/Q1292502
http://www.wikidata.org/entity/Q1958247,http://www.wikidata.org/entity/Q899215
http://www.wikidata.org/entity/Q1958273,http://www.wikidata.org/entity/Q899215
http://www.wikidata.org/entity/Q5448207,http://www.wikidata.org/entity/Q106635221
http://www.wikidata.org/entity/Q5449121,http://www.wikidata.org/entity/Q281111
http://www.wikidata.org/entity/Q5449121,http://www.wikidata.org/entity/Q492264
http://www.wikidata.org/entity/Q5449125,http://www.wikidata.org/entity/Q3535998
http://www.wikidata.org/entity/Q5449126,http://www.wikidata.org/entity/Q492264
http://www.wikidata.org/entity/Q5449126,http://www.wikidata.org/entity/Q512410
http://www.wikidata.org/entity/Q5449126,http://www.wikidata.org/entity/Q1770695
http://www.wikidata.org/entity/Q5464445,http://www.wikidata.org/entity/Q106298881
http://www.wikidata.org/entity/Q5464464,http://www.wikidata.org/entity/Q8341
http://www.wikidata.org/entity/Q5464464,http://www.wikidata.org/entity/Q106298881
http://www.wikidata.org/entity/Q5464474,http://www.wikidata.org/entity/Q185652
http://www.wikidata.org/entity/Q5466607,http://www.wikidata.org/entity/Q114880130
http://www.wikidata.org/entity/Q5479290,http://www.wikidata.org/entity/Q16555308
http://www.wikidata.org/entity/Q5480212,http://www.wikidata.org/entity/Q113493832
http://www.wikidata.org/entity/Q5487269,http://www.wikidata.org/entity/Q12326776
http://www.wikidata.org/entity/Q5494303,http://www.wikidata.org/entity/Q186170
http://www.wikidata.org/entity/Q5494303,http://www.wikidata.org/entity/Q1772422
http://www.wikidata.org/entity/Q5500244,http://www.wikidata.org/entity/Q38656
http://www.wikidata.org/entity/Q5500244,http://www.wikidata.org/entity/Q790188
http://www.wikidata.org/entity/Q5501840,http://www.wikidata.org/entity/Q973150
http://www.wikidata.org/entity/Q5502044,http://www.wikidata.org/entity/Q9730
http://www.wikidata.org/entity/Q5502126,http://www.wikidata.org/entity/Q9778
http://www.wikidata.org/entity/Q5502126,http://www.wikidata.org/entity/Q672134
http://www.wikidata.org/entity/Q5502277,http://www.wikidata.org/entity/Q8341
http://www.wikidata.org/entity/Q5502277,http://www.wikidata.org/entity/Q672134
http://www.wikidata.org/entity/Q5507307,http://www.wikidata.org/entity/Q1076513
http://www.wikidata.org/entity/Q5509175,http://www.wikidata.org/entity/Q98528191
http://www.wikidata.org/entity/Q5510816,http://www.wikidata.org/entity/Q1165777
http://www.wikidata.org/entity/Q5510857,http://www.wikidata.org/entity/Q131272
http://www.wikidata.org/entity/Q5515214,http://www.wikidata.org/entity/Q17070502
http://www.wikidata.org/entity/Q5519824,http://www.wikidata.org/entity/Q1062702
http://www.wikidata.org/entity/Q5520004,http://www.wikidata.org/entity/Q194492
http://www.wikidata.org/entity/Q5520007,http://www.wikidata.org/entity/Q194492
http://www.wikidata.org/entity/Q5520009,http://www.wikidata.org/entity/Q11215782
http://www.wikidata.org/entity/Q5520010,http://www.wikidata.org/entity/Q194492
http://www.wikidata.org/entity/Q5520010,http://www.wikidata.org/entity/Q1482325
http://www.wikidata.org/entity/Q5520012,http://www.wikidata.org/entity/Q4882148
http://www.wikidata.org/entity/Q5520013,http://www.wikidata.org/entity/Q194492
http://www.wikidata.org/entity/Q5520014,http://www.wikidata.org/entity/Q11210968
http://www.wikidata.org/entity/Q5520015,http://www.wikidata.org/entity/Q11210968
http://www.wikidata.org/entity/Q5520017,http://www.wikidata.org/entity/Q11210968
http://www.wikidata.org/entity/Q5520018,http://www.wikidata.org/entity/Q194492
http://www.wikidata.org/entity/Q5520020,http://www.wikidata.org/entity/Q194492
http://www.wikidata.org/entity/Q5520020,http://www.wikidata.org/entity/Q104853037
http://www.wikidata.org/entity/Q5520021,http://www.wikidata.org/entity/Q11210968
http://www.wikidata.org/entity/Q5520022,http://www.wikidata.org/entity/Q11210968
http://www.wikidata.org/entity/Q5526306,http://www.wikidata.org/entity/Q8341
http://www.wikidata.org/entity/Q5529320,http://www.wikidata.org/entity/Q34379
http://www.wikidata.org/entity/Q5529931,http://www.wikidata.org/entity/Q7366
http://www.wikidata.org/entity/Q5529931,http://www.wikidata.org/entity/Q531426
http://www.wikidata.org/entity/Q5530446,http://www.wikidata.org/entity/Q64137792
http://www.wikidata.org/entity/Q5533135,http://www.wikidata.org/entity/Q11401
http://www.wikidata.org/entity/Q5533135,http://www.wikidata.org/entity/Q106586248
http://www.wikidata.org/entity/Q5551384,http://www.wikidata.org/entity/Q9778
http://www.wikidata.org/entity/Q5551384,http://www.wikidata.org/entity/Q2743758
http://www.wikidata.org/entity/Q5562953,http://www.wikidata.org/entity/Q1482325
http://www.wikidata.org/entity/Q5562953,http://www.wikidata.org/entity/Q6082779
http://www.wikidata.org/entity/Q5562953,http://www.wikidata.org/entity/Q98528267
http://www.wikidata.org/entity/Q5574163,http://www.wikidata.org/entity/Q235858
http://www.wikidata.org/entity/Q5574163,http://www.wikidata.org/entity/Q1202208
http://www.wikidata.org/entity/Q5577402,http://www.wikidata.org/entity/Q316930
http://www.wikidata.org/entity/Q5577402,http://www.wikidata.org/entity/Q3328756
http://www.wikidata.org/entity/Q5577402,http://www.wikidata.org/entity/Q135927681
http://www.wikidata.org/entity/Q5581134,http://www.wikidata.org/entity/Q5151790
http://www.wikidata.org/entity/Q5583956,http://www.wikidata.org/entity/Q3394906
http://www.wikidata.org/entity/Q5597175,http://www.wikidata.org/entity/Q9778
http://www.wikidata.org/entity/Q5597175,http://www.wikidata.org/entity/Q1640319
http://www.wikidata.org/entity/Q5602044,http://www.wikidata.org/entity/Q3071
http://www.wikidata.org/entity/Q5602044,http://www.wikidata.org/entity/Q1465419
http://www.wikidata.org/entity/Q5610389,http://www.wikidata.org/entity/Q1051735
http://www.wikidata.org/entity/Q5612172,http://www.wikidata.org/entity/Q7309098
http://www.wikidata.org/entity/Q5614327,http://www.wikidata.org/entity/Q11399
http://www.wikidata.org/entity/Q5614327,http://www.wikidata.org/entity/Q1298412
http://www.wikidata.org/entity/Q5618068,http://www.wikidata.org/entity/Q227045
http://www.wikidata.org/entity/Q5618849,http://www.wikidata.org/entity/Q3328735
http://www.wikidata.org/entity/Q5619688,http://www.wikidata.org/entity/Q277393
http://www.wikidata.org/entity/Q5619688,http://www.wikidata.org/entity/Q1583807
http://www.wikidata.org/entity/Q5619688,http://www.wikidata.org/entity/Q121032006
http://www.wikidata.org/entity/Q5639330,http://www.wikidata.org/entity/Q943929
http://www.wikidata.org/entity/Q5639330,http://www.wikidata.org/entity/Q51446080
http://www.wikidata.org/entity/Q5639747,http://www.wikidata.org/entity/Q11401
http://www.wikidata.org/entity/Q5639747,http://www.wikidata.org/entity/Q3710513
http://www.wikidata.org/entity/Q5639767,http://www.wikidata.org/entity/Q3710513
http://www.wikidata.org/entity/Q5639767,http://www.wikidata.org/entity/Q98528191
http://www.wikidata.org/entity/Q5640052,http://www.wikidata.org/entity/Q180268
http://www.wikidata.org/entity/Q5640052,http://www.wikidata.org/entity/Q1339121
http://www.wikidata.org/entity/Q5640528,http://www.wikidata.org/entity/Q943929
http://www.wikidata.org/entity/Q5640528,http://www.wikidata.org/entity/Q11064735
http://www.wikidata.org/entity/Q5643186,http://www.wikidata.org/entity/Q7171184
http://www.wikidata.org/entity/Q5643998,http://www.wikidata.org/entity/Q16942070
http://www.wikidata.org/entity/Q5643998,http://www.wikidata.org/entity/Q108950417
http://www.wikidata.org/entity/Q5645984,http://www.wikidata.org/entity/Q3328669
http://www.wikidata.org/entity/Q5646383,http://www.wikidata.org/entity/Q388475
http://www.wikidata.org/entity/Q5651338,http://www.wikidata.org/entity/Q107033384
http://www.wikidata.org/entity/Q5654316,http://www.wikidata.org/entity/Q492096
http://www.wikidata.org/entity/Q5655239,http://www.wikidata.org/entity/Q201022
http://www.wikidata.org/entity/Q5655695,http://www.wikidata.org/entity/Q3032212
http://www.wikidata.org/entity/Q5655695,http://www.wikidata.org/entity/Q30917612
http://www.wikidata.org/entity/Q5658489,http://www.wikidata.org/entity/Q1061584
http://www.wikidata.org/entity/Q5661311,http://www.wikidata.org/entity/Q16555308
http://www.wikidata.org/entity/Q23925185,http://www.wikidata.org/entity/Q1544863
http://www.wikidata.org/entity/Q24061928,http://www.wikidata.org/entity/Q11401
http://www.wikidata.org/entity/Q24077837,http://www.wikidata.org/entity/Q757143
http://www.wikidata.org/entity/Q24077837,http://www.wikidata.org/entity/Q2478478
http://www.wikidata.org/entity/Q24189851,http://www.wikidata.org/entity/Q106594706
http://www.wikidata.org/entity/Q24204889,http://www.wikidata.org/entity/Q6942370
http://www.wikidata.org/entity/Q24256758,http://www.wikidata.org/entity/Q5464451
http://www.wikidata.org/entity/Q24256758,http://www.wikidata.org/entity/Q16942070
http://www.wikidata.org/entity/Q24840943,http://www.wikidata.org/entity/Q277393
http://www.wikidata.org/entity/Q24840943,http://www.wikidata.org/entity/Q56572789
http://www.wikidata.org/entity/Q24876318,http://www.wikidata.org/entity/Q20903
http://www.wikidata.org/entity/Q24876318,http://www.wikidata.org/entity/Q188994
http://www.wikidata.org/entity/Q24885387,http://www.wikidata.org/entity/Q2748817
http://www.wikidata.org/entity/Q24887126,http://www.wikidata.org/entity/Q11399
http://www.wikidata.org/entity/Q24905903,http://www.wikidata.org/entity/Q15733887
http://www.wikidata.org/entity/Q24910123,http://www.wikidata.org/entity/Q11399
http://www.wikidata.org/entity/Q24910123,http://www.wikidata.org/entity/Q1716019
http://www.wikidata.org/entity/Q24935256,http://www.wikidata.org/entity/Q11399
http://www.wikidata.org/entity/Q24935256,http://www.wikidata.org/entity/Q546264
http://www.wikidata.org/entity/Q24935256,http://www.wikidata.org/entity/Q727781
http://www.wikidata.org/entity/Q24935256,http://www.wikidata.org/entity/Q1033073
http://www.wikidata.org/entity/Q24938169,http://www.wikidata.org/entity/Q3679098
http://www.wikidata.org/entity/Q24941533,http://www.wikidata.org/entity/Q1298934
http://www.wikidata.org/entity/Q24943969,http://www.wikidata.org/entity/Q11401
http://www.wikidata.org/entity/Q24943969,http://www.wikidata.org/entity/Q1716019
http://www.wikidata.org/entity/Q25001356,http://www.wikidata.org/entity/Q6942037
http://www.wikidata.org/entity/Q25001356,http://www.wikidata.org/entity/Q18345375
http://www.wikidata.org/entity/Q25040706,http://www.wikidata.org/entity/Q850412
http://www.wikidata.org/entity/Q25040713,http://www.wikidata.org/entity/Q131272
http://www.wikidata.org/entity/Q25040713,http://www.wikidata.org/entity/Q420965
http://www.wikidata.org/entity/Q25040715,http://www.wikidata.org/entity/Q387236
http://www.wikidata.org/entity/Q25040715,http://www.wikidata.org/entity/Q6593123
http://www.wikidata.org/entity/Q25047660,http://www.wikidata.org/entity/Q2363645
http://www.wikidata.org/entity/Q25047660,http://www.wikidata.org/entity/Q6966089
http://www.wikidata.org/entity/Q25047660,http://www.wikidata.org/entity/Q16679594
http://www.wikidata.org/entity/Q25093633,http://www.wikidata.org/entity/Q1091536
http://www.wikidata.org/entity/Q25094591,http://www.wikidata.org/entity/Q37073
http://www.wikidata.org/entity/Q25094591,http://www.wikidata.org/entity/Q1640319
http://www.wikidata.org/entity/Q25094849,http://www.wikidata.org/entity/Q37073
http://www.wikidata.org/entity/Q25099472,http://www.wikidata.org/entity/Q2738838
http://www.wikidata.org/entity/Q25099472,http://www.wikidata.org/entity/Q6024704
http://www.wikidata.org/entity/Q25099691,http://www.wikidata.org/entity/Q325504
http://www.wikidata.org/entity/Q25099691,http://www.wikidata.org/entity/Q484641
http://www.wikidata.org/entity/Q25099691,http://www.wikidata.org/entity/Q487914
http://www.wikidata.org/entity/Q25099840,http://www.wikidata.org/entity/Q37073
http://www.wikidata.org/entity/Q25099840,http://www.wikidata.org/entity/Q6942329
http://www.wikidata.org/entity/Q25101770,http://www.wikidata.org/entity/Q8341
http://www.wikidata.org/entity/Q25101770,http://www.wikidata.org/entity/Q3397325
http://www.wikidata.org/entity/Q25110142,http://www.wikidata.org/entity/Q546264
http://www.wikidata.org/entity/Q25110142,http://www.wikidata.org/entity/Q3679098
http://www.wikidata.org/entity/Q25110284,http://www.wikidata.org/entity/Q1236268
http://www.wikidata.org/entity/Q25110284,http://www.wikidata.org/entity/Q5413526
http://www.wikidata.org/entity/Q25113117,http://www.wikidata.org/entity/Q40461
http://www.wikidata.org/entity/Q25230739,http://www.wikidata.org/entity/Q16323732
http://www.wikidata.org/entity/Q25312759,http://www.wikidata.org/entity/Q685884
http://www.wikidata.org/entity/Q25313225,http://www.wikidata.org/entity/Q206159
http://www.wikidata.org/entity/Q25313225,http://www.wikidata.org/entity/Q6942174
http://www.wikidata.org/entity/Q25339674,http://www.wikidata.org/entity/Q3328743
http://www.wikidata.org/entity/Q25339674,http://www.wikidata.org/entity/Q106586999
http://www.wikidata.org/entity/Q25339858,http://www.wikidata.org/entity/Q20715191
http://www.wikidata.org/entity/Q25345818,http://www.wikidata.org/entity/Q703778
http://www.wikidata.org/entity/Q25386691,http://www.wikidata.org/entity/Q23072435
http://www.wikidata.org/entity/Q25387735,http://www.wikidata.org/entity/Q2498201
http://www.wikidata.org/entity/Q25387735,http://www.wikidata.org/entity/Q106506985
http://www.wikidata.org/entity/Q25389065,http://www.wikidata.org/entity/Q622871
http://www.wikidata.org/entity/Q25389262,http://www.wikidata.org/entity/Q663519
http://www.wikidata.org/entity/Q25389262,http://www.wikidata.org/entity/Q12200830
http://www.wikidata.org/entity/Q25396338,http://www.wikidata.org/entity/Q23072435
http://www.wikidata.org/entity/Q25400286,http://www.wikidata.org/entity/Q23072435
http://www.wikidata.org/entity/Q25407483,http://www.wikidata.org/entity/Q20502
http://www.wikidata.org/entity/Q25407651,http://www.wikidata.org/entity/Q97375316
http://www.wikidata.org/entity/Q25408203,http://www.wikidata.org/entity/Q851213
http://www.wikidata.org/entity/Q25413973,http://www.wikidata.org/entity/Q1130969
http://www.wikidata.org/entity/Q25415942,http://www.wikidata.org/entity/Q118738876
http://www.wikidata.org/entity/Q25419286,http://www.wikidata.org/entity/Q11399
http://www.wikidata.org/entity/Q25419984,http://www.wikidata.org/entity/Q465978
http://www.wikidata.org/entity/Q25419984,http://www.wikidata.org/entity/Q483251
http://www.wikidata.org/entity/Q25419984,http://www.wikidata.org/entity/Q140561383
http://www.wikidata.org/entity/Q25436215,http://www.wikidata.org/entity/Q106626655
http://www.wikidata.org/entity/Q25436215,http://www.wikidata.org/entity/Q106626763
http://www.wikidata.org/entity/Q25448187,http://www.wikidata.org/entity/Q9730
http://www.wikidata.org/entity/Q25448187,http://www.wikidata.org/entity/Q2981079
http://www.wikidata.org/entity/Q25448187,http://www.wikidata.org/entity/Q11787378
http://www.wikidata.org/entity/Q25448883,http://www.wikidata.org/entity/Q1435485
http://www.wikidata.org/entity/Q25448883,http://www.wikidata.org/entity/Q3360459
http://www.wikidata.org/entity/Q25456501,http://www.wikidata.org/entity/Q484641
http://www.wikidata.org/entity/Q25456501,http://www.wikidata.org/entity/Q6742070
http://www.wikidata.org/entity/Q25458248,http://www.wikidata.org/entity/Q3015654
http://www.wikidata.org/entity/Q25458248,http://www.wikidata.org/entity/Q6942130
http://www.wikidata.org/entity/Q25483671,http://www.wikidata.org/entity/Q8341
http://www.wikidata.org/entity/Q25483671,http://www.wikidata.org/entity/Q1003981
http://www.wikidata.org/entity/Q25513043,http://www.wikidata.org/entity/Q1131855
http://www.wikidata.org/entity/Q25513043,http://www.wikidata.org/entity/Q98528287
http://www.wikidata.org/entity/Q25513043,http://www.wikidata.org/entity/Q106635234
http://www.wikidata.org/entity/Q25519933,http://www.wikidata.org/entity/Q6942044
http://www.wikidata.org/entity/Q25531130,http://www.wikidata.org/entity/Q107192506
http://www.wikidata.org/entity/Q25537138,http://www.wikidata.org/entity/Q943929
http://www.wikidata.org/entity/Q25537138,http://www.wikidata.org/entity/Q106928658
http://www.wikidata.org/entity/Q25539725,http://www.wikidata.org/entity/Q12326776
http://www.wikidata.org/entity/Q25540245,http://www.wikidata.org/entity/Q383103
http://www.wikidata.org/entity/Q5662534,http://www.wikidata.org/entity/Q235858
http://www.wikidata.org/entity/Q5676196,http://www.wikidata.org/entity/Q201022
http://www.wikidata.org/entity/Q5681688,http://www.wikidata.org/entity/Q7366
http://www.wikidata.org/entity/Q5681688,http://www.wikidata.org/entity/Q727781
http://www.wikidata.org/entity/Q5683605,http://www.wikidata.org/entity/Q1482325
http://www.wikidata.org/entity/Q5684704,http://www.wikidata.org/entity/Q585588
http://www.wikidata.org/entity/Q5684704,http://www.wikidata.org/entity/Q98528189
http://www.wikidata.org/entity/Q5690120,http://www.wikidata.org/entity/Q12326776
http://www.wikidata.org/entity/Q5690818,http://www.wikidata.org/entity/Q3397325
http://www.wikidata.org/entity/Q5690818,http://www.wikidata.org/entity/Q5657579
http://www.wikidata.org/entity/Q5707612,http://www.wikidata.org/entity/Q16555308
http://www.wikidata.org/entity/Q5713112,http://www.wikidata.org/entity/Q4381192
http://www.wikidata.org/entity/Q5713112,http://www.wikidata.org/entity/Q107718539
http://www.wikidata.org/entity/Q5714628,http://www.wikidata.org/entity/Q7171186
http://www.wikidata.org/entity/Q5714628,http://www.wikidata.org/entity/Q109500872
http://www.wikidata.org/entity/Q5716336,http://www.wikidata.org/entity/Q492096
http://www.wikidata.org/entity/Q5716336,http://www.wikidata.org/entity/Q943929
http://www.wikidata.org/entity/Q5716953,http://www.wikidata.org/entity/Q851213
http://www.wikidata.org/entity/Q5717026,http://www.wikidata.org/entity/Q2429508
http://www.wikidata.org/entity/Q5717026,http://www.wikidata.org/entity/Q3328599
http://www.wikidata.org/entity/Q5717026,http://www.wikidata.org/entity/Q116690343
http://www.wikidata.org/entity/Q5724040,http://www.wikidata.org/entity/Q10922
http://www.wikidata.org/entity/Q5730722,http://www.wikidata.org/entity/Q9759
http://www.wikidata.org/entity/Q5730722,http://www.wikidata.org/entity/Q2486179
http://www.wikidata.org/entity/Q5731393,http://www.wikidata.org/entity/Q15830404
http://www.wikidata.org/entity/Q5731764,http://www.wikidata.org/entity/Q2278063
http://www.wikidata.org/entity/Q5731764,http://www.wikidata.org/entity/Q108950417
http://www.wikidata.org/entity/Q5747258,http://www.wikidata.org/entity/Q37073
http://www.wikidata.org/entity/Q5747874,http://www.wikidata.org/entity/Q3889385
http://www.wikidata.org/entity/Q5747874,http://www.wikidata.org/entity/Q98528197
http://www.wikidata.org/entity/Q5747877,http://www.wikidata.org/entity/Q185298
http://www.wikidata.org/entity/Q5747877,http://www.wikidata.org/entity/Q16942070
http://www.wikidata.org/entity/Q5747907,http://www.wikidata.org/entity/Q109626458
http://www.wikidata.org/entity/Q5753407,http://www.wikidata.org/entity/Q21684437
http://www.wikidata.org/entity/Q5762403,http://www.wikidata.org/entity/Q649823
http://www.wikidata.org/entity/Q5765288,http://www.wikidata.org/entity/Q179465
http://www.wikidata.org/entity/Q5765288,http://www.wikidata.org/entity/Q3328745
http://www.wikidata.org/entity/Q5766029,http://www.wikidata.org/entity/Q6942022
http://www.wikidata.org/entity/Q5766537,http://www.wikidata.org/entity/Q108857617
http://www.wikidata.org/entity/Q5768028,http://www.wikidata.org/entity/Q11401
http://www.wikidata.org/entity/Q5768028,http://www.wikidata.org/entity/Q6942370
http://www.wikidata.org/entity/Q5769376,http://www.wikidata.org/entity/Q3328686
http://www.wikidata.org/entity/Q5778054,http://www.wikidata.org/entity/Q388475
http://www.wikidata.org/entity/Q5792218,http://www.wikidata.org/entity/Q12326776
http://www.wikidata.org/entity/Q5793032,http://www.wikidata.org/entity/Q16555308
http://www.wikidata.org/entity/Q5793651,http://www.wikidata.org/entity/Q117001315
http://www.wikidata.org/entity/Q5793654,http://www.wikidata.org/entity/Q117001315
http://www.wikidata.org/entity/Q5793656,http://www.wikidata.org/entity/Q117001315
http://www.wikidata.org/entity/Q5794671,http://www.wikidata.org/entity/Q492096
http://www.wikidata.org/entity/Q5794671,http://www.wikidata.org/entity/Q723418
http://www.wikidata.org/entity/Q5794674,http://www.wikidata.org/entity/Q723418
http://www.wikidata.org/entity/Q5794676,http://www.wikidata.org/entity/Q723418
http://www.wikidata.org/entity/Q5794676,http://www.wikidata.org/entity/Q3889385
http://www.wikidata.org/entity/Q5794680,http://www.wikidata.org/entity/Q6826021
http://www.wikidata.org/entity/Q5794682,http://www.wikidata.org/entity/Q6826021
http://www.wikidata.org/entity/Q5794686,http://www.wikidata.org/entity/Q723418
http://www.wikidata.org/entity/Q5794686,http://www.wikidata.org/entity/Q6942071
http://www.wikidata.org/entity/Q5794688,http://www.wikidata.org/entity/Q723418
http://www.wikidata.org/entity/Q5794690,http://www.wikidata.org/entity/Q723418
http://www.wikidata.org/entity/Q5794692,http://www.wikidata.org/entity/Q723418
http://www.wikidata.org/entity/Q5794983,http://www.wikidata.org/entity/Q727781
http://www.wikidata.org/entity/Q5799202,http://www.wikidata.org/entity/Q11639
http://www.wikidata.org/entity/Q5799402,http://www.wikidata.org/entity/Q6010
http://www.wikidata.org/entity/Q5801257,http://www.wikidata.org/entity/Q170435
http://www.wikidata.org/entity/Q5814219,http://www.wikidata.org/entity/Q38848
http://www.wikidata.org/entity/Q5821609,http://www.wikidata.org/entity/Q11639
http://www.wikidata.org/entity/Q5834708,http://www.wikidata.org/entity/Q186170
http://www.wikidata.org/entity/Q5834708,http://www.wikidata.org/entity/Q1902656
http://www.wikidata.org/entity/Q5843799,http://www.wikidata.org/entity/Q727781
http://www.wikidata.org/entity/Q5843799,http://www.wikidata.org/entity/Q5060331
http://www.wikidata.org/entity/Q5863486,http://www.wikidata.org/entity/Q186472
http://www.wikidata.org/entity/Q5870900,http://www.wikidata.org/entity/Q235858
http://www.wikidata.org/entity/Q5870900,http://www.wikidata.org/entity/Q2486179
http://www.wikidata.org/entity/Q5871848,http://www.wikidata.org/entity/Q4020968
http://www.wikidata.org/entity/Q5873676,http://www.wikidata.org/entity/Q10838732
http://www.wikidata.org/entity/Q5876350,http://www.wikidata.org/entity/Q354204
http://www.wikidata.org/entity/Q5876350,http://www.wikidata.org/entity/Q16555308
http://www.wikidata.org/entity/Q5881246,http://www.wikidata.org/entity/Q9759
http://www.wikidata.org/entity/Q5881246,http://www.wikidata.org/entity/Q896981
http://www.wikidata.org/entity/Q5893243,http://www.wikidata.org/entity/Q38848
http://www.wikidata.org/entity/Q5893243,http://www.wikidata.org/entity/Q645992
http://www.wikidata.org/entity/Q5894518,http://www.wikidata.org/entity/Q37073
http://www.wikidata.org/entity/Q5894518,http://www.wikidata.org/entity/Q6942118
http://www.wikidata.org/entity/Q5895294,http://www.wikidata.org/entity/Q5100799
http://www.wikidata.org/entity/Q5898237,http://www.wikidata.org/entity/Q11401
http://www.wikidata.org/entity/Q5898237,http://www.wikidata.org/entity/Q3889385
http://www.wikidata.org/entity/Q5898242,http://www.wikidata.org/entity/Q11401
http://www.wikidata.org/entity/Q5898242,http://www.wikidata.org/entity/Q3085344
http://www.wikidata.org/entity/Q5903971,http://www.wikidata.org/entity/Q2307786
http://www.wikidata.org/entity/Q5903971,http://www.wikidata.org/entity/Q3085344
http://www.wikidata.org/entity/Q5905221,http://www.wikidata.org/entity/Q492264
http://www.wikidata.org/entity/Q5905221,http://www.wikidata.org/entity/Q54864794
http://www.wikidata.org/entity/Q5928480,http://www.wikidata.org/entity/Q8341
http://www.wikidata.org/entity/Q5934478,http://www.wikidata.org/entity/Q943929
http://www.wikidata.org/entity/Q5934478,http://www.wikidata.org/entity/Q106298881
http://www.wikidata.org/entity/Q5934478,http://www.wikidata.org/entity/Q122537914
http://www.wikidata.org/entity/Q5935852,http://www.wikidata.org/entity/Q11223087
http://www.wikidata.org/entity/Q5950055,http://www.wikidata.org/entity/Q525073
http://www.wikidata.org/entity/Q5955539,http://www.wikidata.org/entity/Q98528197
http://www.wikidata.org/entity/Q5955539,http://www.wikidata.org/entity/Q106926325
http://www.wikidata.org/entity/Q7847070,http://www.wikidata.org/entity/Q645992
http://www.wikidata.org/entity/Q7847156,http://www.wikidata.org/entity/Q83440
http://www.wikidata.org/entity/Q7849348,http://www.wikidata.org/entity/Q10334892
http://www.wikidata.org/entity/Q7855391,http://www.wikidata.org/entity/Q37073
http://www.wikidata.org/entity/Q7855391,http://www.wikidata.org/entity/Q1074080
http://www.wikidata.org/entity/Q7858125,http://www.wikidata.org/entity/Q3135787
http://www.wikidata.org/entity/Q7878542,http://www.wikidata.org/entity/Q155858
http://www.wikidata.org/entity/Q7878542,http://www.wikidata.org/entity/Q5413526
http://www.wikidata.org/entity/Q7883674,http://www.wikidata.org/entity/Q1373485
http://www.wikidata.org/entity/Q7883674,http://www.wikidata.org/entity/Q11787389
http://www.wikidata.org/entity/Q7899987,http://www.wikidata.org/entity/Q512410
http://www.wikidata.org/entity/Q7901502,http://www.wikidata.org/entity/Q3071
http://www.wikidata.org/entity/Q7901509,http://www.wikidata.org/entity/Q11399
http://www.wikidata.org/entity/Q7901509,http://www.wikidata.org/entity/Q23965
http://www.wikidata.org/entity/Q7915876,http://www.wikidata.org/entity/Q37073
http://www.wikidata.org/entity/Q7919872,http://www.wikidata.org/entity/Q11399
http://www.wikidata.org/entity/Q7919872,http://www.wikidata.org/entity/Q2486179
http://www.wikidata.org/entity/Q7919873,http://www.wikidata.org/entity/Q5645984
http://www.wikidata.org/entity/Q7919873,http://www.wikidata.org/entity/Q8701407
http://www.wikidata.org/entity/Q7919873,http://www.wikidata.org/entity/Q107718539
http://www.wikidata.org/entity/Q7922659,http://www.wikidata.org/entity/Q1076513
http://www.wikidata.org/entity/Q7928923,http://www.wikidata.org/entity/Q11401
http://www.wikidata.org/entity/Q7928923,http://www.wikidata.org/entity/Q899215
http://www.wikidata.org/entity/Q7935998,http://www.wikidata.org/entity/Q3328686
http://www.wikidata.org/entity/Q7935998,http://www.wikidata.org/entity/Q23072435
http://www.wikidata.org/entity/Q7939193,http://www.wikidata.org/entity/Q184421
http://www.wikidata.org/entity/Q7939193,http://www.wikidata.org/entity/Q685884
http://www.wikidata.org/entity/Q7967858,http://www.wikidata.org/entity/Q2340395
http://www.wikidata.org/entity/Q7972788,http://www.wikidata.org/entity/Q6942329
http://www.wikidata.org/entity/Q7975176,http://www.wikidata.org/entity/Q502658
http://www.wikidata.org/entity/Q7975176,http://www.wikidata.org/entity/Q17018487
http://www.wikidata.org/entity/Q7983231,http://www.wikidata.org/entity/Q9048265
http://www.wikidata.org/entity/Q7987058,http://www.wikidata.org/entity/Q1065742
http://www.wikidata.org/entity/Q7988543,http://www.wikidata.org/entity/Q1730388
http://www.wikidata.org/entity/Q8011200,http://www.wikidata.org/entity/Q718540
http://www.wikidata.org/entity/Q8011523,http://www.wikidata.org/entity/Q115484611
http://www.wikidata.org/entity/Q8030395,http://www.wikidata.org/entity/Q6942329
http://www.wikidata.org/entity/Q8031215,http://www.wikidata.org/entity/Q115484611
http://www.wikidata.org/entity/Q8032087,http://www.wikidata.org/entity/Q37073
http://www.wikidata.org/entity/Q8043468,http://www.wikidata.org/entity/Q115484611
http://www.wikidata.org/entity/Q8044009,http://www.wikidata.org/entity/Q4794612
http://www.wikidata.org/entity/Q8044676,http://www.wikidata.org/entity/Q277393
http://www.wikidata.org/entity/Q8044676,http://www.wikidata.org/entity/Q6942275
http://www.wikidata.org/entity/Q8044676,http://www.wikidata.org/entity/Q106298881
http://www.wikidata.org/entity/Q8049166,http://www.wikidata.org/entity/Q2662072
http://www.wikidata.org/entity/Q8052472,http://www.wikidata.org/entity/Q708228
http://www.wikidata.org/entity/Q8054113,http://www.wikidata.org/entity/Q972634
http://www.wikidata.org/entity/Q8054113,http://www.wikidata.org/entity/Q2738838
http://www.wikidata.org/entity/Q8059887,http://www.wikidata.org/entity/Q1522794
http://www.wikidata.org/entity/Q8061059,http://www.wikidata.org/entity/Q2662072
http://www.wikidata.org/entity/Q8062662,http://www.wikidata.org/entity/Q685884
http://www.wikidata.org/entity/Q8072085,http://www.wikidata.org/entity/Q387236
http://www.wikidata.org/entity/Q8072085,http://www.wikidata.org/entity/Q3868605
http://www.wikidata.org/entity/Q8074508,http://www.wikidata.org/entity/Q1065742
http://www.wikidata.org/entity/Q8074593,http://www.wikidata.org/entity/Q685884
http://www.wikidata.org/entity/Q8074636,http://www.wikidata.org/entity/Q227045
http://www.wikidata.org/entity/Q8083433,http://www.wikidata.org/entity/Q3843655
http://www.wikidata.org/entity/Q8192992,http://www.wikidata.org/entity/Q3327514
http://www.wikidata.org/entity/Q8197165,http://www.wikidata.org/entity/Q132438
http://www.wikidata.org/entity/Q8251828,http://www.wikidata.org/entity/Q37073
http://www.wikidata.org/entity/Q8251828,http://www.wikidata.org/entity/Q2464314
http://www.wikidata.org/entity/Q8251828,http://www.wikidata.org/entity/Q10334891
http://www.wikidata.org/entity/Q8261759,http://www.wikidata.org/entity/Q943929
http://www.wikidata.org/entity/Q8261759,http://www.wikidata.org/entity/Q108297181
http://www.wikidata.org/entity/Q8345377,http://www.wikidata.org/entity/Q2307786
http://www.wikidata.org/entity/Q8345377,http://www.wikidata.org/entity/Q3085344
http://www.wikidata.org/entity/Q8347620,http://www.wikidata.org/entity/Q487965
http://www.wikidata.org/entity/Q8347620,http://www.wikidata.org/entity/Q2343562
http://www.wikidata.org/entity/Q8457821,http://www.wikidata.org/entity/Q16555308
http://www.wikidata.org/entity/Q8560269,http://www.wikidata.org/entity/Q11401
http://www.wikidata.org/entity/Q8564213,http://www.wikidata.org/entity/Q6942249
http://www.wikidata.org/entity/Q8564213,http://www.wikidata.org/entity/Q98528198
http://www.wikidata.org/entity/Q8701407,http://www.wikidata.org/entity/Q118738876
http://www.wikidata.org/entity/Q8770312,http://www.wikidata.org/entity/Q484641
http://www.wikidata.org/entity/Q8770312,http://www.wikidata.org/entity/Q842324
http://www.wikidata.org/entity/Q8774180,http://www.wikidata.org/entity/Q201022
http://www.wikidata.org/entity/Q8812109,http://www.wikidata.org/entity/Q935586
http://www.wikidata.org/entity/Q8812109,http://www.wikidata.org/entity/Q6452410
http://www.wikidata.org/entity/Q8964779,http://www.wikidata.org/entity/Q180268
http://www.wikidata.org/entity/Q8964779,http://www.wikidata.org/entity/Q2738838
http://www.wikidata.org/entity/Q9009342,http://www.wikidata.org/entity/Q201022
http://www.wikidata.org/entity/Q9009342,http://www.wikidata.org/entity/Q373342
http://www.wikidata.org/entity/Q9011351,http://www.wikidata.org/entity/Q2615500
http://www.wikidata.org/entity/Q9014988,http://www.wikidata.org/entity/Q252626
http://www.wikidata.org/entity/Q9016350,http://www.wikidata.org/entity/Q185298
http://www.wikidata.org/entity/Q9016350,http://www.wikidata.org/entity/Q1076513
http://www.wikidata.org/entity/Q9016350,http://www.wikidata.org/entity/Q139566472
http://www.wikidata.org/entity/Q9016941,http://www.wikidata.org/entity/Q492096
http://www.wikidata.org/entity/Q9016941,http://www.wikidata.org/entity/Q17176998
http://www.wikidata.org/entity/Q9030802,http://www.wikidata.org/entity/Q16942070
http://www.wikidata.org/entity/Q9031318,http://www.wikidata.org/entity/Q943929
http://www.wikidata.org/entity/Q9031318,http://www.wikidata.org/entity/Q9048257
http://www.wikidata.org/entity/Q9031739,http://www.wikidata.org/entity/Q282131
http://www.wikidata.org/entity/Q9031739,http://www.wikidata.org/entity/Q723418
http://www.wikidata.org/entity/Q9034560,http://www.wikidata.org/entity/Q943929
http://www.wikidata.org/entity/Q9034560,http://www.wikidata.org/entity/Q9048257
http://www.wikidata.org/entity/Q9034625,http://www.wikidata.org/entity/Q15042720
http://www.wikidata.org/entity/Q9035712,http://www.wikidata.org/entity/Q7171186
http://www.wikidata.org/entity/Q9035712,http://www.wikidata.org/entity/Q109500872
http://www.wikidata.org/entity/Q9048257,http://www.wikidata.org/entity/Q964987
http://www.wikidata.org/entity/Q1969410,http://www.wikidata.org/entity/Q484692
http://www.wikidata.org/entity/Q1973457,http://www.wikidata.org/entity/Q207628
http://www.wikidata.org/entity/Q1973457,http://www.wikidata.org/entity/Q235858
http://www.wikidata.org/entity/Q1973457,http://www.wikidata.org/entity/Q116174743
http://www.wikidata.org/entity/Q1973860,http://www.wikidata.org/entity/Q63203971
http://www.wikidata.org/entity/Q1973965,http://www.wikidata.org/entity/Q377185
http://www.wikidata.org/entity/Q1973965,http://www.wikidata.org/entity/Q2668052
http://www.wikidata.org/entity/Q1973965,http://www.wikidata.org/entity/Q5413526
http://www.wikidata.org/entity/Q1976128,http://www.wikidata.org/entity/Q2549052
http://www.wikidata.org/entity/Q1976128,http://www.wikidata.org/entity/Q4020968
http://www.wikidata.org/entity/Q1980100,http://www.wikidata.org/entity/Q106422444
http://www.wikidata.org/entity/Q1982426,http://www.wikidata.org/entity/Q8341
http://www.wikidata.org/entity/Q1982477,http://www.wikidata.org/entity/Q83440
http://www.wikidata.org/entity/Q1982973,http://www.wikidata.org/entity/Q187760
http://www.wikidata.org/entity/Q1983116,http://www.wikidata.org/entity/Q10922
http://www.wikidata.org/entity/Q1983750,http://www.wikidata.org/entity/Q820049
http://www.wikidata.org/entity/Q1983750,http://www.wikidata.org/entity/Q1033912
http://www.wikidata.org/entity/Q1987105,http://www.wikidata.org/entity/Q2187392
http://www.wikidata.org/entity/Q1987980,http://www.wikidata.org/entity/Q1165777
http://www.wikidata.org/entity/Q1989725,http://www.wikidata.org/entity/Q10978770
http://www.wikidata.org/entity/Q1989725,http://www.wikidata.org/entity/Q59032066
http://www.wikidata.org/entity/Q1990122,http://www.wikidata.org/entity/Q3071
http://www.wikidata.org/entity/Q1990122,http://www.wikidata.org/entity/Q1425661
http://www.wikidata.org/entity/Q1991450,http://www.wikidata.org/entity/Q9759
http://www.wikidata.org/entity/Q1995569,http://www.wikidata.org/entity/Q10922
http://www.wikidata.org/entity/Q1995569,http://www.wikidata.org/entity/Q483352
http://www.wikidata.org/entity/Q1995980,http://www.wikidata.org/entity/Q183504
http://www.wikidata.org/entity/Q1995980,http://www.wikidata.org/entity/Q2187392
http://www.wikidata.org/entity/Q2000173,http://www.wikidata.org/entity/Q11400811
http://www.wikidata.org/entity/Q2000173,http://www.wikidata.org/entity/Q98528185
http://www.wikidata.org/entity/Q2000397,http://www.wikidata.org/entity/Q108857328
http://www.wikidata.org/entity/Q2001062,http://www.wikidata.org/entity/Q131272
http://www.wikidata.org/entity/Q2002705,http://www.wikidata.org/entity/Q1062328
http://www.wikidata.org/entity/Q2004156,http://www.wikidata.org/entity/Q936942
http://www.wikidata.org/entity/Q2004156,http://www.wikidata.org/entity/Q5421158
http://www.wikidata.org/entity/Q2022163,http://www.wikidata.org/entity/Q180268
http://www.wikidata.org/entity/Q2028627,http://www.wikidata.org/entity/Q3328774
http://www.wikidata.org/entity/Q2028627,http://www.wikidata.org/entity/Q4797274
http://www.wikidata.org/entity/Q2032053,http://www.wikidata.org/entity/Q106506985
http://www.wikidata.org/entity/Q2035976,http://www.wikidata.org/entity/Q10922
http://www.wikidata.org/entity/Q2036172,http://www.wikidata.org/entity/Q6093177
http://www.wikidata.org/entity/Q2037128,http://www.wikidata.org/entity/Q217295
http://www.wikidata.org/entity/Q2038317,http://www.wikidata.org/entity/Q49451
http://www.wikidata.org/entity/Q2043175,http://www.wikidata.org/entity/Q11401
http://www.wikidata.org/entity/Q2045695,http://www.wikidata.org/entity/Q11399
http://www.wikidata.org/entity/Q2047694,http://www.wikidata.org/entity/Q179465
http://www.wikidata.org/entity/Q2047694,http://www.wikidata.org/entity/Q503354
http://www.wikidata.org/entity/Q2047814,http://www.wikidata.org/entity/Q1936659
http://www.wikidata.org/entity/Q2064394,http://www.wikidata.org/entity/Q205049
http://www.wikidata.org/entity/Q2064394,http://www.wikidata.org/entity/Q373342
http://www.wikidata.org/entity/Q2064873,http://www.wikidata.org/entity/Q484344
http://www.wikidata.org/entity/Q2069651,http://www.wikidata.org/entity/Q108437432
http://www.wikidata.org/entity/Q2070102,http://www.wikidata.org/entity/Q8341
http://www.wikidata.org/entity/Q2070102,http://www.wikidata.org/entity/Q724104
http://www.wikidata.org/entity/Q2076779,http://www.wikidata.org/entity/Q216961
http://www.wikidata.org/entity/Q2078706,http://www.wikidata.org/entity/Q106507873
http://www.wikidata.org/entity/Q2082510,http://www.wikidata.org/entity/Q106507873
http://www.wikidata.org/entity/Q2082572,http://www.wikidata.org/entity/Q188994
http://www.wikidata.org/entity/Q2084353,http://www.wikidata.org/entity/Q183862
http://www.wikidata.org/entity/Q2084353,http://www.wikidata.org/entity/Q377910
http://www.wikidata.org/entity/Q2087267,http://www.wikidata.org/entity/Q1465419
http://www.wikidata.org/entity/Q2087267,http://www.wikidata.org/entity/Q3211884
http://www.wikidata.org/entity/Q2087267,http://www.wikidata.org/entity/Q3328681
http://www.wikidata.org/entity/Q2089511,http://www.wikidata.org/entity/Q186170
http://www.wikidata.org/entity/Q2089987,http://www.wikidata.org/entity/Q9759
http://www.wikidata.org/entity/Q2090023,http://www.wikidata.org/entity/Q11399
http://www.wikidata.org/entity/Q2090023,http://www.wikidata.org/entity/Q484641
http://www.wikidata.org/entity/Q2090023,http://www.wikidata.org/entity/Q110592635
http://www.wikidata.org/entity/Q2090712,http://www.wikidata.org/entity/Q106507381
http://www.wikidata.org/entity/Q2090712,http://www.wikidata.org/entity/Q106507873
http://www.wikidata.org/entity/Q2090950,http://www.wikidata.org/entity/Q18846
http://www.wikidata.org/entity/Q2090950,http://www.wikidata.org/entity/Q1503406
http://www.wikidata.org/entity/Q2090950,http://www.wikidata.org/entity/Q11400811
http://www.wikidata.org/entity/Q2090950,http://www.wikidata.org/entity/Q106508039
http://www.wikidata.org/entity/Q2094385,http://www.wikidata.org/entity/Q207628
http://www.wikidata.org/entity/Q2097664,http://www.wikidata.org/entity/Q7749
http://www.wikidata.org/entity/Q2101610,http://www.wikidata.org/entity/Q3071
http://www.wikidata.org/entity/Q2101610,http://www.wikidata.org/entity/Q28146601
http://www.wikidata.org/entity/Q2101613,http://www.wikidata.org/entity/Q11399
http://www.wikidata.org/entity/Q2101613,http://www.wikidata.org/entity/Q24383
http://www.wikidata.org/entity/Q2101808,http://www.wikidata.org/entity/Q3071
http://www.wikidata.org/entity/Q2101808,http://www.wikidata.org/entity/Q377185
http://www.wikidata.org/entity/Q2102487,http://www.wikidata.org/entity/Q473602
http://www.wikidata.org/entity/Q2102487,http://www.wikidata.org/entity/Q117000933
http://www.wikidata.org/entity/Q2102553,http://www.wikidata.org/entity/Q473602
http://www.wikidata.org/entity/Q2102553,http://www.wikidata.org/entity/Q5413526
http://www.wikidata.org/entity/Q2104067,http://www.wikidata.org/entity/Q37073
http://www.wikidata.org/entity/Q2105776,http://www.wikidata.org/entity/Q25379
http://www.wikidata.org/entity/Q2105776,http://www.wikidata.org/entity/Q193979
http://www.wikidata.org/entity/Q2106887,http://www.wikidata.org/entity/Q11401
http://www.wikidata.org/entity/Q2109360,http://www.wikidata.org/entity/Q427183
http://www.wikidata.org/entity/Q2109360,http://www.wikidata.org/entity/Q3328778
http://www.wikidata.org/entity/Q2111784,http://www.wikidata.org/entity/Q64223661
http://www.wikidata.org/entity/Q2111784,http://www.wikidata.org/entity/Q107736421
http://www.wikidata.org/entity/Q2112253,http://www.wikidata.org/entity/Q170611
http://www.wikidata.org/entity/Q2112253,http://www.wikidata.org/entity/Q12200830
http://www.wikidata.org/entity/Q2114901,http://www.wikidata.org/entity/Q3845811
http://www.wikidata.org/entity/Q2116296,http://www.wikidata.org/entity/Q235858
http://www.wikidata.org/entity/Q2118393,http://www.wikidata.org/entity/Q2118402
http://www.wikidata.org/entity/Q2118402,http://www.wikidata.org/entity/Q3071
http://www.wikidata.org/entity/Q2118402,http://www.wikidata.org/entity/Q2743758
http://www.wikidata.org/entity/Q2121992,http://www.wikidata.org/entity/Q188994
http://www.wikidata.org/entity/Q2127044,http://www.wikidata.org/entity/Q217295
http://www.wikidata.org/entity/Q2127044,http://www.wikidata.org/entity/Q856713
http://www.wikidata.org/entity/Q2127044,http://www.wikidata.org/entity/Q1065742
http://www.wikidata.org/entity/Q2127044,http://www.wikidata.org/entity/Q6783971
http://www.wikidata.org/entity/Q2132478,http://www.wikidata.org/entity/Q1003981
http://www.wikidata.org/entity/Q2132478,http://www.wikidata.org/entity/Q1074080
http://www.wikidata.org/entity/Q2132478,http://www.wikidata.org/entity/Q1465419
http://www.wikidata.org/entity/Q2137519,http://www.wikidata.org/entity/Q9794
http://www.wikidata.org/entity/Q2137519,http://www.wikidata.org/entity/Q3114644
http://www.wikidata.org/entity/Q2138543,http://www.wikidata.org/entity/Q943929
http://www.wikidata.org/entity/Q2138543,http://www.wikidata.org/entity/Q12736123
http://www.wikidata.org/entity/Q2138639,http://www.wikidata.org/entity/Q7366
http://www.wikidata.org/entity/Q2138639,http://www.wikidata.org/entity/Q377185
http://www.wikidata.org/entity/Q2138639,http://www.wikidata.org/entity/Q2668052
http://www.wikidata.org/entity/Q2140842,http://www.wikidata.org/entity/Q201405
http://www.wikidata.org/entity/Q2140842,http://www.wikidata.org/entity/Q1955035
http://www.wikidata.org/entity/Q2142754,http://www.wikidata.org/entity/Q9734
http://www.wikidata.org/entity/Q2142754,http://www.wikidata.org/entity/Q1076513
http://www.wikidata.org/entity/Q2159891,http://www.wikidata.org/entity/Q936762
http://www.wikidata.org/entity/Q2159891,http://www.wikidata.org/entity/Q106586248
http://www.wikidata.org/entity/Q2164477,http://www.wikidata.org/entity/Q1457545
http://www.wikidata.org/entity/Q2164565,http://www.wikidata.org/entity/Q572901
http://www.wikidata.org/entity/Q2165184,http://www.wikidata.org/entity/Q235858
http://www.wikidata.org/entity/Q2166026,http://www.wikidata.org/entity/Q823080
http://www.wikidata.org/entity/Q2178442,http://www.wikidata.org/entity/Q8341
http://www.wikidata.org/entity/Q2178442,http://www.wikidata.org/entity/Q5645984
http://www.wikidata.org/entity/Q2181965,http://www.wikidata.org/entity/Q388906
http://www.wikidata.org/entity/Q2186222,http://www.wikidata.org/entity/Q132438
http://www.wikidata.org/entity/Q2187392,http://www.wikidata.org/entity/Q11366
http://www.wikidata.org/entity/Q2187392,http://www.wikidata.org/entity/Q11787389
http://www.wikidata.org/entity/Q2195355,http://www.wikidata.org/entity/Q1640319
http://www.wikidata.org/entity/Q2195355,http://www.wikidata.org/entity/Q65937946
http://www.wikidata.org/entity/Q2196156,http://www.wikidata.org/entity/Q373342
http://www.wikidata.org/entity/Q2197508,http://www.wikidata.org/entity/Q3328681
http://www.wikidata.org/entity/Q2201558,http://www.wikidata.org/entity/Q217295
http://www.wikidata.org/entity/Q2210998,http://www.wikidata.org/entity/Q37073
http://www.wikidata.org/entity/Q2210998,http://www.wikidata.org/entity/Q1065742
http://www.wikidata.org/entity/Q2225757,http://www.wikidata.org/entity/Q10922
http://www.wikidata.org/entity/Q2225757,http://www.wikidata.org/entity/Q63885
http://www.wikidata.org/entity/Q2232258,http://www.wikidata.org/entity/Q7482056
http://www.wikidata.org/entity/Q2235352,http://www.wikidata.org/entity/Q2165184
http://www.wikidata.org/entity/Q2235352,http://www.wikidata.org/entity/Q20022908
http://www.wikidata.org/entity/Q2235992,http://www.wikidata.org/entity/Q2138639
http://www.wikidata.org/entity/Q2236597,http://www.wikidata.org/entity/Q860861
http://www.wikidata.org/entity/Q2236597,http://www.wikidata.org/entity/Q1744327
http://www.wikidata.org/entity/Q2236597,http://www.wikidata.org/entity/Q2332751
http://www.wikidata.org/entity/Q2237415,http://www.wikidata.org/entity/Q2864650
http://www.wikidata.org/entity/Q2238236,http://www.wikidata.org/entity/Q11401
http://www.wikidata.org/entity/Q2238236,http://www.wikidata.org/entity/Q6452410
http://www.wikidata.org/entity/Q2256407,http://www.wikidata.org/entity/Q850412
http://www.wikidata.org/entity/Q2258450,http://www.wikidata.org/entity/Q23965
http://www.wikidata.org/entity/Q2258450,http://www.wikidata.org/entity/Q5413526
http://www.wikidata.org/entity/Q2259405,http://www.wikidata.org/entity/Q2544997
http://www.wikidata.org/entity/Q2260696,http://www.wikidata.org/entity/Q170435
http://www.wikidata.org/entity/Q2260696,http://www.wikidata.org/entity/Q12200830
http://www.wikidata.org/entity/Q2261628,http://www.wikidata.org/entity/Q11401
http://www.wikidata.org/entity/Q2265295,http://www.wikidata.org/entity/Q5151790
http://www.wikidata.org/entity/Q2265295,http://www.wikidata.org/entity/Q107718737
http://www.wikidata.org/entity/Q2265866,http://www.wikidata.org/entity/Q483251
http://www.wikidata.org/entity/Q2266376,http://www.wikidata.org/entity/Q193355
http://www.wikidata.org/entity/Q2267754,http://www.wikidata.org/entity/Q469630
http://www.wikidata.org/entity/Q2267754,http://www.wikidata.org/entity/Q3135787
http://www.wikidata.org/entity/Q2267955,http://www.wikidata.org/entity/Q107718737
http://www.wikidata.org/entity/Q2268922,http://www.wikidata.org/entity/Q25554481
http://www.wikidata.org/entity/Q2271589,http://www.wikidata.org/entity/Q1716019
http://www.wikidata.org/entity/Q2271846,http://www.wikidata.org/entity/Q106422444
http://www.wikidata.org/entity/Q2273147,http://www.wikidata.org/entity/Q207628
http://www.wikidata.org/entity/Q2273147,http://www.wikidata.org/entity/Q16987529
http://www.wikidata.org/entity/Q2278063,http://www.wikidata.org/entity/Q11639
http://www.wikidata.org/entity/Q2278063,http://www.wikidata.org/entity/Q427183
http://www.wikidata.org/entity/Q2278063,http://www.wikidata.org/entity/Q3328778
http://www.wikidata.org/entity/Q2278063,http://www.wikidata.org/entity/Q18345375
http://www.wikidata.org/entity/Q2278881,http://www.wikidata.org/entity/Q943929
http://www.wikidata.org/entity/Q2278881,http://www.wikidata.org/entity/Q17053898
http://www.wikidata.org/entity/Q2280273,http://www.wikidata.org/entity/Q25554481
http://www.wikidata.org/entity/Q2280273,http://www.wikidata.org/entity/Q98528293
http://www.wikidata.org/entity/Q2280497,http://www.wikidata.org/entity/Q37073
http://www.wikidata.org/entity/Q2280497,http://www.wikidata.org/entity/Q83440
http://www.wikidata.org/entity/Q2281409,http://www.wikidata.org/entity/Q11399
http://www.wikidata.org/entity/Q2281409,http://www.wikidata.org/entity/Q11787389
http://www.wikidata.org/entity/Q2281713,http://www.wikidata.org/entity/Q7366
http://www.wikidata.org/entity/Q2281713,http://www.wikidata.org/entity/Q2457695
http://www.wikidata.org/entity/Q2294872,http://www.wikidata.org/entity/Q106586248
http://www.wikidata.org/entity/Q2296495,http://www.wikidata.org/entity/Q3071
http://www.wikidata.org/entity/Q2296495,http://www.wikidata.org/entity/Q211573
http://www.wikidata.org/entity/Q2296521,http://www.wikidata.org/entity/Q132438
http://www.wikidata.org/entity/Q2299060,http://www.wikidata.org/entity/Q1530455
http://www.wikidata.org/entity/Q2299060,http://www.wikidata.org/entity/Q18822510
http://www.wikidata.org/entity/Q2299227,http://www.wikidata.org/entity/Q377185
http://www.wikidata.org/entity/Q2299227,http://www.wikidata.org/entity/Q98528192
http://www.wikidata.org/entity/Q2302695,http://www.wikidata.org/entity/Q170435
http://www.wikidata.org/entity/Q2304103,http://www.wikidata.org/entity/Q851213
http://www.wikidata.org/entity/Q2304103,http://www.wikidata.org/entity/Q2743758
http://www.wikidata.org/entity/Q2307786,http://www.wikidata.org/entity/Q201022
http://www.wikidata.org/entity/Q2307786,http://www.wikidata.org/entity/Q492096
http://www.wikidata.org/entity/Q2307786,http://www.wikidata.org/entity/Q98528197
http://www.wikidata.org/entity/Q2324411,http://www.wikidata.org/entity/Q11366
http://www.wikidata.org/entity/Q2324411,http://www.wikidata.org/entity/Q19678100
http://www.wikidata.org/entity/Q2332751,http://www.wikidata.org/entity/Q1583807
http://www.wikidata.org/entity/Q2336819,http://www.wikidata.org/entity/Q56342556
http://www.wikidata.org/entity/Q2337447,http://www.wikidata.org/entity/Q3328652
http://www.wikidata.org/entity/Q2337447,http://www.wikidata.org/entity/Q26897135
http://www.wikidata.org/entity/Q2338544,http://www.wikidata.org/entity/Q3655696
http://www.wikidata.org/entity/Q2340395,http://www.wikidata.org/entity/Q3114644
http://www.wikidata.org/entity/Q2340395,http://www.wikidata.org/entity/Q6024704
http://www.wikidata.org/entity/Q2342263,http://www.wikidata.org/entity/Q9778
http://www.wikidata.org/entity/Q2343030,http://www.wikidata.org/entity/Q3394906
http://www.wikidata.org/entity/Q2343562,http://www.wikidata.org/entity/Q187760
http://www.wikidata.org/entity/Q2343562,http://www.wikidata.org/entity/Q598929
http://www.wikidata.org/entity/Q2344472,http://www.wikidata.org/entity/Q10922
http://www.wikidata.org/entity/Q2344635,http://www.wikidata.org/entity/Q546264
http://www.wikidata.org/entity/Q2346484,http://www.wikidata.org/entity/Q11400811
http://www.wikidata.org/entity/Q2346991,http://www.wikidata.org/entity/Q114880130
http://www.wikidata.org/entity/Q2347119,http://www.wikidata.org/entity/Q108857328
http://www.wikidata.org/entity/Q2350507,http://www.wikidata.org/entity/Q2568406
http://www.wikidata.org/entity/Q2352315,http://www.wikidata.org/entity/Q6010
http://www.wikidata.org/entity/Q2353203,http://www.wikidata.org/entity/Q105527
http://www.wikidata.org/entity/Q2354912,http://www.wikidata.org/entity/Q26897135
http://www.wikidata.org/entity/Q2358064,http://www.wikidata.org/entity/Q252833
http://www.wikidata.org/entity/Q2360319,http://www.wikidata.org/entity/Q3015675
http://www.wikidata.org/entity/Q2360319,http://www.wikidata.org/entity/Q11822344
http://www.wikidata.org/entity/Q2362669,http://www.wikidata.org/entity/Q1752683
http://www.wikidata.org/entity/Q2363645,http://www.wikidata.org/entity/Q3211884
http://www.wikidata.org/entity/Q2363645,http://www.wikidata.org/entity/Q106507381
http://www.wikidata.org/entity/Q2365784,http://www.wikidata.org/entity/Q627906
http://www.wikidata.org/entity/Q2369761,http://www.wikidata.org/entity/Q207628
http://www.wikidata.org/entity/Q2370159,http://www.wikidata.org/entity/Q11399
http://www.wikidata.org/entity/Q2370159,http://www.wikidata.org/entity/Q155858
http://www.wikidata.org/entity/Q2371268,http://www.wikidata.org/entity/Q235858
http://www.wikidata.org/entity/Q2373197,http://www.wikidata.org/entity/Q187760
http://www.wikidata.org/entity/Q2373197,http://www.wikidata.org/entity/Q2082510
http://www.wikidata.org/entity/Q2374619,http://www.wikidata.org/entity/Q339906
http://www.wikidata.org/entity/Q2374619,http://www.wikidata.org/entity/Q1033912
http://www.wikidata.org/entity/Q2378916,http://www.wikidata.org/entity/Q672134
http://www.wikidata.org/entity/Q2379556,http://www.wikidata.org/entity/Q856713
http://www.wikidata.org/entity/Q2379556,http://www.wikidata.org/entity/Q2665906
http://www.wikidata.org/entity/Q2379556,http://www.wikidata.org/entity/Q23072435
http://www.wikidata.org/entity/Q2379616,http://www.wikidata.org/entity/Q37073
http://www.wikidata.org/entity/Q2379616,http://www.wikidata.org/entity/Q3328681
http://www.wikidata.org/entity/Q2381945,http://www.wikidata.org/entity/Q106507381
http://www.wikidata.org/entity/Q2385634,http://www.wikidata.org/entity/Q49451
http://www.wikidata.org/entity/Q2385634,http://www.wikidata.org/entity/Q964987
http://www.wikidata.org/entity/Q2385862,http://www.wikidata.org/entity/Q622871
http://www.wikidata.org/entity/Q2385862,http://www.wikidata.org/entity/Q12200830
http://www.wikidata.org/entity/Q2389651,http://www.wikidata.org/entity/Q373342
http://www.wikidata.org/entity/Q2391393,http://www.wikidata.org/entity/Q11399
http://www.wikidata.org/entity/Q2391393,http://www.wikidata.org/entity/Q2665906
http://www.wikidata.org/entity/Q2396005,http://www.wikidata.org/entity/Q11330425
http://www.wikidata.org/entity/Q2396005,http://www.wikidata.org/entity/Q131681303
http://www.wikidata.org/entity/Q2396639,http://www.wikidata.org/entity/Q663519
http://www.wikidata.org/entity/Q2398226,http://www.wikidata.org/entity/Q109646867
http://www.wikidata.org/entity/Q2404568,http://www.wikidata.org/entity/Q1500364
http://www.wikidata.org/entity/Q2404891,http://www.wikidata.org/entity/Q6942037
http://www.wikidata.org/entity/Q2406633,http://www.wikidata.org/entity/Q817138
http://www.wikidata.org/entity/Q2406633,http://www.wikidata.org/entity/Q851213
http://www.wikidata.org/entity/Q2406900,http://www.wikidata.org/entity/Q3710513
http://www.wikidata.org/entity/Q2407589,http://www.wikidata.org/entity/Q83440
http://www.wikidata.org/entity/Q2407589,http://www.wikidata.org/entity/Q3114644
http://www.wikidata.org/entity/Q2407862,http://www.wikidata.org/entity/Q107718737
http://www.wikidata.org/entity/Q2413836,http://www.wikidata.org/entity/Q11639
http://www.wikidata.org/entity/Q2413836,http://www.wikidata.org/entity/Q1065742
http://www.wikidata.org/entity/Q2416307,http://www.wikidata.org/entity/Q115484611
http://www.wikidata.org/entity/Q2420402,http://www.wikidata.org/entity/Q11399
http://www.wikidata.org/entity/Q2420402,http://www.wikidata.org/entity/Q211781
http://www.wikidata.org/entity/Q2420447,http://www.wikidata.org/entity/Q1544863
http://www.wikidata.org/entity/Q2425480,http://www.wikidata.org/entity/Q572717
http://www.wikidata.org/entity/Q2425480,http://www.wikidata.org/entity/Q98528191
http://www.wikidata.org/entity/Q2426218,http://www.wikidata.org/entity/Q9730
http://www.wikidata.org/entity/Q2426383,http://www.wikidata.org/entity/Q377910
http://www.wikidata.org/entity/Q2426383,http://www.wikidata.org/entity/Q936573
http://www.wikidata.org/entity/Q2428625,http://www.wikidata.org/entity/Q223840
http://www.wikidata.org/entity/Q2447747,http://www.wikidata.org/entity/Q15614479
http://www.wikidata.org/entity/Q2447797,http://www.wikidata.org/entity/Q108297210
http://www.wikidata.org/entity/Q2447826,http://www.wikidata.org/entity/Q27939
http://www.wikidata.org/entity/Q2447826,http://www.wikidata.org/entity/Q685884
http://www.wikidata.org/entity/Q2448147,http://www.wikidata.org/entity/Q24189851
http://www.wikidata.org/entity/Q2449418,http://www.wikidata.org/entity/Q110471193
http://www.wikidata.org/entity/Q2452152,http://www.wikidata.org/entity/Q622871
http://www.wikidata.org/entity/Q2456019,http://www.wikidata.org/entity/Q257533
http://www.wikidata.org/entity/Q2456019,http://www.wikidata.org/entity/Q726239
http://www.wikidata.org/entity/Q2456210,http://www.wikidata.org/entity/Q38848
http://www.wikidata.org/entity/Q2460288,http://www.wikidata.org/entity/Q170435
http://www.wikidata.org/entity/Q2460288,http://www.wikidata.org/entity/Q141085400
http://www.wikidata.org/entity/Q2461933,http://www.wikidata.org/entity/Q37073
http://www.wikidata.org/entity/Q2464314,http://www.wikidata.org/entity/Q899215
http://www.wikidata.org/entity/Q2464833,http://www.wikidata.org/entity/Q1074080
http://www.wikidata.org/entity/Q2464833,http://www.wikidata.org/entity/Q3135793
http://www.wikidata.org/entity/Q2465085,http://www.wikidata.org/entity/Q20502
http://www.wikidata.org/entity/Q2465085,http://www.wikidata.org/entity/Q757143
http://www.wikidata.org/entity/Q2467789,http://www.wikidata.org/entity/Q851213
http://www.wikidata.org/entity/Q2467817,http://www.wikidata.org/entity/Q3071
http://www.wikidata.org/entity/Q2467817,http://www.wikidata.org/entity/Q3437802
http://www.wikidata.org/entity/Q2473848,http://www.wikidata.org/entity/Q8341
http://www.wikidata.org/entity/Q2473848,http://www.wikidata.org/entity/Q2587471
http://www.wikidata.org/entity/Q2477237,http://www.wikidata.org/entity/Q235858
http://www.wikidata.org/entity/Q2477237,http://www.wikidata.org/entity/Q2981079
http://www.wikidata.org/entity/Q2478478,http://www.wikidata.org/entity/Q817138
http://www.wikidata.org/entity/Q2484587,http://www.wikidata.org/entity/Q257533
http://www.wikidata.org/entity/Q5955765,http://www.wikidata.org/entity/Q11223087
http://www.wikidata.org/entity/Q5956747,http://www.wikidata.org/entity/Q856713
http://www.wikidata.org/entity/Q5956785,http://www.wikidata.org/entity/Q170412
http://www.wikidata.org/entity/Q5957561,http://www.wikidata.org/entity/Q723418
http://www.wikidata.org/entity/Q5958515,http://www.wikidata.org/entity/Q257533
http://www.wikidata.org/entity/Q5964411,http://www.wikidata.org/entity/Q10743749
http://www.wikidata.org/entity/Q5967604,http://www.wikidata.org/entity/Q180268
http://www.wikidata.org/entity/Q5967604,http://www.wikidata.org/entity/Q1379958
http://www.wikidata.org/entity/Q5967604,http://www.wikidata.org/entity/Q2529400
http://www.wikidata.org/entity/Q5969884,http://www.wikidata.org/entity/Q1640319
http://www.wikidata.org/entity/Q5978495,http://www.wikidata.org/entity/Q903735
http://www.wikidata.org/entity/Q5985066,http://www.wikidata.org/entity/Q108823220
http://www.wikidata.org/entity/Q5985802,http://www.wikidata.org/entity/Q2617447
http://www.wikidata.org/entity/Q5985802,http://www.wikidata.org/entity/Q7050752
http://www.wikidata.org/entity/Q5985805,http://www.wikidata.org/entity/Q2617447
http://www.wikidata.org/entity/Q5985805,http://www.wikidata.org/entity/Q5413526
http://www.wikidata.org/entity/Q5996073,http://www.wikidata.org/entity/Q211025
http://www.wikidata.org/entity/Q6007421,http://www.wikidata.org/entity/Q12326776
http://www.wikidata.org/entity/Q6010117,http://www.wikidata.org/entity/Q3135787
http://www.wikidata.org/entity/Q6010117,http://www.wikidata.org/entity/Q6942292
http://www.wikidata.org/entity/Q6010117,http://www.wikidata.org/entity/Q114880124
http://www.wikidata.org/entity/Q6016474,http://www.wikidata.org/entity/Q1074080
http://www.wikidata.org/entity/Q6018965,http://www.wikidata.org/entity/Q943929
http://www.wikidata.org/entity/Q6018965,http://www.wikidata.org/entity/Q4058252
http://www.wikidata.org/entity/Q6021901,http://www.wikidata.org/entity/Q9759
http://www.wikidata.org/entity/Q6021901,http://www.wikidata.org/entity/Q531426
http://www.wikidata.org/entity/Q6022257,http://www.wikidata.org/entity/Q531426
http://www.wikidata.org/entity/Q6022257,http://www.wikidata.org/entity/Q98528198
http://www.wikidata.org/entity/Q6024704,http://www.wikidata.org/entity/Q3570024
http://www.wikidata.org/entity/Q6025453,http://www.wikidata.org/entity/Q3394906
http://www.wikidata.org/entity/Q6025503,http://www.wikidata.org/entity/Q201022
http://www.wikidata.org/entity/Q6025624,http://www.wikidata.org/entity/Q8341
http://www.wikidata.org/entity/Q6025624,http://www.wikidata.org/entity/Q531426
http://www.wikidata.org/entity/Q6026226,http://www.wikidata.org/entity/Q1210921
http://www.wikidata.org/entity/Q6026226,http://www.wikidata.org/entity/Q4806789
http://www.wikidata.org/entity/Q6026926,http://www.wikidata.org/entity/Q483740
http://www.wikidata.org/entity/Q6026926,http://www.wikidata.org/entity/Q623824
http://www.wikidata.org/entity/Q6027927,http://www.wikidata.org/entity/Q2743
http://www.wikidata.org/entity/Q6030291,http://www.wikidata.org/entity/Q1503406
http://www.wikidata.org/entity/Q6030291,http://www.wikidata.org/entity/Q2271589
http://www.wikidata.org/entity/Q6032965,http://www.wikidata.org/entity/Q1452181
http://www.wikidata.org/entity/Q6032965,http://www.wikidata.org/entity/Q107718539
http://www.wikidata.org/entity/Q6036427,http://www.wikidata.org/entity/Q492096
http://www.wikidata.org/entity/Q6036463,http://www.wikidata.org/entity/Q2267955
http://www.wikidata.org/entity/Q6036466,http://www.wikidata.org/entity/Q920883
http://www.wikidata.org/entity/Q6036466,http://www.wikidata.org/entity/Q3328681
http://www.wikidata.org/entity/Q6036478,http://www.wikidata.org/entity/Q3397325
http://www.wikidata.org/entity/Q6036478,http://www.wikidata.org/entity/Q106876493
http://www.wikidata.org/entity/Q6036517,http://www.wikidata.org/entity/Q3889385
http://www.wikidata.org/entity/Q6036517,http://www.wikidata.org/entity/Q98528197
http://www.wikidata.org/entity/Q6036534,http://www.wikidata.org/entity/Q492096
http://www.wikidata.org/entity/Q6036543,http://www.wikidata.org/entity/Q354204
http://www.wikidata.org/entity/Q6036568,http://www.wikidata.org/entity/Q373342
http://www.wikidata.org/entity/Q6036568,http://www.wikidata.org/entity/Q645992
http://www.wikidata.org/entity/Q6036577,http://www.wikidata.org/entity/Q26897135
http://www.wikidata.org/entity/Q6036579,http://www.wikidata.org/entity/Q235858
http://www.wikidata.org/entity/Q6036579,http://www.wikidata.org/entity/Q645992
http://www.wikidata.org/entity/Q6037387,http://www.wikidata.org/entity/Q178122
http://www.wikidata.org/entity/Q6039799,http://www.wikidata.org/entity/Q502658
http://www.wikidata.org/entity/Q6039799,http://www.wikidata.org/entity/Q106926325
http://www.wikidata.org/entity/Q6040713,http://www.wikidata.org/entity/Q3889385
http://www.wikidata.org/entity/Q6040713,http://www.wikidata.org/entity/Q106298881
http://www.wikidata.org/entity/Q6042534,http://www.wikidata.org/entity/Q186170
http://www.wikidata.org/entity/Q6042534,http://www.wikidata.org/entity/Q13646229
http://www.wikidata.org/entity/Q6050834,http://www.wikidata.org/entity/Q727781
http://www.wikidata.org/entity/Q6050834,http://www.wikidata.org/entity/Q2486179
http://www.wikidata.org/entity/Q6057482,http://www.wikidata.org/entity/Q16555308
http://www.wikidata.org/entity/Q6058911,http://www.wikidata.org/entity/Q16555308
http://www.wikidata.org/entity/Q6066199,http://www.wikidata.org/entity/Q11639
http://www.wikidata.org/entity/Q6067375,http://www.wikidata.org/entity/Q1672398
http://www.wikidata.org/entity/Q6067375,http://www.wikidata.org/entity/Q106635221
http://www.wikidata.org/entity/Q6072445,http://www.wikidata.org/entity/Q6942370
http://www.wikidata.org/entity/Q6073487,http://www.wikidata.org/entity/Q107407692
http://www.wikidata.org/entity/Q6081528,http://www.wikidata.org/entity/Q1585015
http://www.wikidata.org/entity/Q6082625,http://www.wikidata.org/entity/Q37073
http://www.wikidata.org/entity/Q6082625,http://www.wikidata.org/entity/Q833189
http://www.wikidata.org/entity/Q6093230,http://www.wikidata.org/entity/Q201022
http://www.wikidata.org/entity/Q6093242,http://www.wikidata.org/entity/Q6942240
http://www.wikidata.org/entity/Q6093324,http://www.wikidata.org/entity/Q8341
http://www.wikidata.org/entity/Q6093324,http://www.wikidata.org/entity/Q3679098
http://www.wikidata.org/entity/Q6100580,http://www.wikidata.org/entity/Q6036543
http://www.wikidata.org/entity/Q6103404,http://www.wikidata.org/entity/Q16555308
http://www.wikidata.org/entity/Q6106812,http://www.wikidata.org/entity/Q131272
http://www.wikidata.org/entity/Q6108923,http://www.wikidata.org/entity/Q11639
http://www.wikidata.org/entity/Q6109162,http://www.wikidata.org/entity/Q502658
http://www.wikidata.org/entity/Q6110296,http://www.wikidata.org/entity/Q11399
http://www.wikidata.org/entity/Q6110296,http://www.wikidata.org/entity/Q3085344
http://www.wikidata.org/entity/Q6110311,http://www.wikidata.org/entity/Q11399
http://www.wikidata.org/entity/Q6110311,http://www.wikidata.org/entity/Q2742742
http://www.wikidata.org/entity/Q6110312,http://www.wikidata.org/entity/Q11399
http://www.wikidata.org/entity/Q6110312,http://www.wikidata.org/entity/Q17080863
http://www.wikidata.org/entity/Q6110313,http://www.wikidata.org/entity/Q753520
http://www.wikidata.org/entity/Q6110316,http://www.wikidata.org/entity/Q11399
http://www.wikidata.org/entity/Q6110316,http://www.wikidata.org/entity/Q4381192
http://www.wikidata.org/entity/Q6110333,http://www.wikidata.org/entity/Q11399
http://www.wikidata.org/entity/Q6110336,http://www.wikidata.org/entity/Q49451
http://www.wikidata.org/entity/Q6110336,http://www.wikidata.org/entity/Q727781
http://www.wikidata.org/entity/Q6111428,http://www.wikidata.org/entity/Q202930
http://www.wikidata.org/entity/Q6120148,http://www.wikidata.org/entity/Q6942068
http://www.wikidata.org/entity/Q6124308,http://www.wikidata.org/entity/Q4794612
http://www.wikidata.org/entity/Q2484587,http://www.wikidata.org/entity/Q592060
http://www.wikidata.org/entity/Q2484587,http://www.wikidata.org/entity/Q7306376
http://www.wikidata.org/entity/Q2486179,http://www.wikidata.org/entity/Q727781
http://www.wikidata.org/entity/Q2486179,http://www.wikidata.org/entity/Q5645984
http://www.wikidata.org/entity/Q2488422,http://www.wikidata.org/entity/Q9759
http://www.wikidata.org/entity/Q2489759,http://www.wikidata.org/entity/Q7366
http://www.wikidata.org/entity/Q2489759,http://www.wikidata.org/entity/Q1553339
http://www.wikidata.org/entity/Q2494949,http://www.wikidata.org/entity/Q16555308
http://www.wikidata.org/entity/Q2497323,http://www.wikidata.org/entity/Q622871
http://www.wikidata.org/entity/Q2498201,http://www.wikidata.org/entity/Q525073
http://www.wikidata.org/entity/Q2498201,http://www.wikidata.org/entity/Q108857328
http://www.wikidata.org/entity/Q2500734,http://www.wikidata.org/entity/Q4058252
http://www.wikidata.org/entity/Q2503249,http://www.wikidata.org/entity/Q108857617
http://www.wikidata.org/entity/Q2509521,http://www.wikidata.org/entity/Q193434
http://www.wikidata.org/entity/Q2509521,http://www.wikidata.org/entity/Q6950428
http://www.wikidata.org/entity/Q2516031,http://www.wikidata.org/entity/Q624044
http://www.wikidata.org/entity/Q2517263,http://www.wikidata.org/entity/Q3135787
http://www.wikidata.org/entity/Q2519962,http://www.wikidata.org/entity/Q1215
http://www.wikidata.org/entity/Q2519962,http://www.wikidata.org/entity/Q108865641
http://www.wikidata.org/entity/Q2521569,http://www.wikidata.org/entity/Q9759
http://www.wikidata.org/entity/Q2525544,http://www.wikidata.org/entity/Q484179
http://www.wikidata.org/entity/Q2526653,http://www.wikidata.org/entity/Q11399
http://www.wikidata.org/entity/Q2529400,http://www.wikidata.org/entity/Q373342
http://www.wikidata.org/entity/Q2529400,http://www.wikidata.org/entity/Q6942343
http://www.wikidata.org/entity/Q2532274,http://www.wikidata.org/entity/Q959583
http://www.wikidata.org/entity/Q2532274,http://www.wikidata.org/entity/Q62906332
http://www.wikidata.org/entity/Q2532560,http://www.wikidata.org/entity/Q2064873
http://www.wikidata.org/entity/Q2534837,http://www.wikidata.org/entity/Q132612
http://www.wikidata.org/entity/Q2537356,http://www.wikidata.org/entity/Q483352
http://www.wikidata.org/entity/Q2537356,http://www.wikidata.org/entity/Q6942029
http://www.wikidata.org/entity/Q2545135,http://www.wikidata.org/entity/Q183504
http://www.wikidata.org/entity/Q2549052,http://www.wikidata.org/entity/Q817138
http://www.wikidata.org/entity/Q2551540,http://www.wikidata.org/entity/Q25554481
http://www.wikidata.org/entity/Q2558340,http://www.wikidata.org/entity/Q8341
http://www.wikidata.org/entity/Q2558340,http://www.wikidata.org/entity/Q377185
http://www.wikidata.org/entity/Q2562237,http://www.wikidata.org/entity/Q1503406
http://www.wikidata.org/entity/Q2566660,http://www.wikidata.org/entity/Q11399
http://www.wikidata.org/entity/Q2566660,http://www.wikidata.org/entity/Q268673
http://www.wikidata.org/entity/Q2568406,http://www.wikidata.org/entity/Q9730
http://www.wikidata.org/entity/Q2568406,http://www.wikidata.org/entity/Q3318563
http://www.wikidata.org/entity/Q2572585,http://www.wikidata.org/entity/Q11401
http://www.wikidata.org/entity/Q2574655,http://www.wikidata.org/entity/Q8361
http://www.wikidata.org/entity/Q2574657,http://www.wikidata.org/entity/Q1076513
http://www.wikidata.org/entity/Q2574657,http://www.wikidata.org/entity/Q4376204
http://www.wikidata.org/entity/Q2574657,http://www.wikidata.org/entity/Q23072435
http://www.wikidata.org/entity/Q2579417,http://www.wikidata.org/entity/Q8341
http://www.wikidata.org/entity/Q2579417,http://www.wikidata.org/entity/Q3328676
http://www.wikidata.org/entity/Q2579987,http://www.wikidata.org/entity/Q110592632
http://www.wikidata.org/entity/Q2580279,http://www.wikidata.org/entity/Q131425
http://www.wikidata.org/entity/Q2583965,http://www.wikidata.org/entity/Q37484
http://www.wikidata.org/entity/Q2583965,http://www.wikidata.org/entity/Q66364245
http://www.wikidata.org/entity/Q2587471,http://www.wikidata.org/entity/Q106507873
http://www.wikidata.org/entity/Q2596399,http://www.wikidata.org/entity/Q7366
http://www.wikidata.org/entity/Q2598050,http://www.wikidata.org/entity/Q51446080
http://www.wikidata.org/entity/Q2599472,http://www.wikidata.org/entity/Q132438
http://www.wikidata.org/entity/Q2599472,http://www.wikidata.org/entity/Q483251
http://www.wikidata.org/entity/Q2603965,http://www.wikidata.org/entity/Q9759
http://www.wikidata.org/entity/Q2604326,http://www.wikidata.org/entity/Q7482056
http://www.wikidata.org/entity/Q2604326,http://www.wikidata.org/entity/Q116173874
http://www.wikidata.org/entity/Q2607222,http://www.wikidata.org/entity/Q1755959
http://www.wikidata.org/entity/Q2607836,http://www.wikidata.org/entity/Q211573
http://www.wikidata.org/entity/Q2607836,http://www.wikidata.org/entity/Q546264
http://www.wikidata.org/entity/Q2608506,http://www.wikidata.org/entity/Q98528149
http://www.wikidata.org/entity/Q2608710,http://www.wikidata.org/entity/Q11938280
http://www.wikidata.org/entity/Q2608710,http://www.wikidata.org/entity/Q13534630
http://www.wikidata.org/entity/Q2608710,http://www.wikidata.org/entity/Q98528260
http://www.wikidata.org/entity/Q2610186,http://www.wikidata.org/entity/Q624081
http://www.wikidata.org/entity/Q2611143,http://www.wikidata.org/entity/Q223840
http://www.wikidata.org/entity/Q2612458,http://www.wikidata.org/entity/Q37073
http://www.wikidata.org/entity/Q2612458,http://www.wikidata.org/entity/Q592807
http://www.wikidata.org/entity/Q2614533,http://www.wikidata.org/entity/Q186472
http://www.wikidata.org/entity/Q2614533,http://www.wikidata.org/entity/Q268673
http://www.wikidata.org/entity/Q2615500,http://www.wikidata.org/entity/Q188994
http://www.wikidata.org/entity/Q2617447,http://www.wikidata.org/entity/Q26302245
http://www.wikidata.org/entity/Q2621049,http://www.wikidata.org/entity/Q388207
http://www.wikidata.org/entity/Q2621049,http://www.wikidata.org/entity/Q25554481
http://www.wikidata.org/entity/Q2624785,http://www.wikidata.org/entity/Q11399
http://www.wikidata.org/entity/Q2624785,http://www.wikidata.org/entity/Q2498201
http://www.wikidata.org/entity/Q25540245,http://www.wikidata.org/entity/Q3328740
http://www.wikidata.org/entity/Q25551410,http://www.wikidata.org/entity/Q17070502
http://www.wikidata.org/entity/Q25554481,http://www.wikidata.org/entity/Q11399
http://www.wikidata.org/entity/Q25573027,http://www.wikidata.org/entity/Q13170510
http://www.wikidata.org/entity/Q25578673,http://www.wikidata.org/entity/Q12520649
http://www.wikidata.org/entity/Q25579315,http://www.wikidata.org/entity/Q3437832
http://www.wikidata.org/entity/Q25611806,http://www.wikidata.org/entity/Q3091180
http://www.wikidata.org/entity/Q25616123,http://www.wikidata.org/entity/Q27939
http://www.wikidata.org/entity/Q25619728,http://www.wikidata.org/entity/Q7260409
http://www.wikidata.org/entity/Q25619728,http://www.wikidata.org/entity/Q118640020
http://www.wikidata.org/entity/Q25620807,http://www.wikidata.org/entity/Q943929
http://www.wikidata.org/entity/Q25620807,http://www.wikidata.org/entity/Q3328735
http://www.wikidata.org/entity/Q25620807,http://www.wikidata.org/entity/Q98528198
http://www.wikidata.org/entity/Q25624527,http://www.wikidata.org/entity/Q11639
http://www.wikidata.org/entity/Q25629962,http://www.wikidata.org/entity/Q373342
http://www.wikidata.org/entity/Q25629962,http://www.wikidata.org/entity/Q943929
http://www.wikidata.org/entity/Q25683514,http://www.wikidata.org/entity/Q6942277
http://www.wikidata.org/entity/Q25702306,http://www.wikidata.org/entity/Q943929
http://www.wikidata.org/entity/Q25702306,http://www.wikidata.org/entity/Q98528287
http://www.wikidata.org/entity/Q25702306,http://www.wikidata.org/entity/Q117843679
http://www.wikidata.org/entity/Q25702508,http://www.wikidata.org/entity/Q3394906
http://www.wikidata.org/entity/Q25705473,http://www.wikidata.org/entity/Q7366
http://www.wikidata.org/entity/Q25705473,http://www.wikidata.org/entity/Q64152591
http://www.wikidata.org/entity/Q25705835,http://www.wikidata.org/entity/Q235858
http://www.wikidata.org/entity/Q26234147,http://www.wikidata.org/entity/Q2913982
http://www.wikidata.org/entity/Q26280189,http://www.wikidata.org/entity/Q10334896
http://www.wikidata.org/entity/Q26302245,http://www.wikidata.org/entity/Q108857462
http://www.wikidata.org/entity/Q26897135,http://www.wikidata.org/entity/Q115484611
http://www.wikidata.org/entity/Q26906566,http://www.wikidata.org/entity/Q482
http://www.wikidata.org/entity/Q27103155,http://www.wikidata.org/entity/Q9730
http://www.wikidata.org/entity/Q27345019,http://www.wikidata.org/entity/Q20502
http://www.wikidata.org/entity/Q27345019,http://www.wikidata.org/entity/Q114880130
http://www.wikidata.org/entity/Q27961199,http://www.wikidata.org/entity/Q21092
http://www.wikidata.org/entity/Q27973183,http://www.wikidata.org/entity/Q11399
http://www.wikidata.org/entity/Q28039559,http://www.wikidata.org/entity/Q23072435
http://www.wikidata.org/entity/Q28055053,http://www.wikidata.org/entity/Q1131855
http://www.wikidata.org/entity/Q28055053,http://www.wikidata.org/entity/Q116985035
http://www.wikidata.org/entity/Q28070612,http://www.wikidata.org/entity/Q825769
http://www.wikidata.org/entity/Q28102012,http://www.wikidata.org/entity/Q58339
http://www.wikidata.org/entity/Q28102012,http://www.wikidata.org/entity/Q211756
http://www.wikidata.org/entity/Q28129954,http://www.wikidata.org/entity/Q6942376
http://www.wikidata.org/entity/Q28135297,http://www.wikidata.org/entity/Q503354
http://www.wikidata.org/entity/Q28135297,http://www.wikidata.org/entity/Q107356948
http://www.wikidata.org/entity/Q28146601,http://www.wikidata.org/entity/Q26897135
http://www.wikidata.org/entity/Q28154356,http://www.wikidata.org/entity/Q3868597
http://www.wikidata.org/entity/Q28154356,http://www.wikidata.org/entity/Q124361668
http://www.wikidata.org/entity/Q28163991,http://www.wikidata.org/entity/Q492067
http://www.wikidata.org/entity/Q28163991,http://www.wikidata.org/entity/Q1067089
http://www.wikidata.org/entity/Q28163991,http://www.wikidata.org/entity/Q23072435
http://www.wikidata.org/entity/Q28196971,http://www.wikidata.org/entity/Q2665906
http://www.wikidata.org/entity/Q28206879,http://www.wikidata.org/entity/Q37073
http://www.wikidata.org/entity/Q28219760,http://www.wikidata.org/entity/Q1544863
http://www.wikidata.org/entity/Q28219803,http://www.wikidata.org/entity/Q388475
http://www.wikidata.org/entity/Q28223137,http://www.wikidata.org/entity/Q4794612
http://www.wikidata.org/entity/Q28223137,http://www.wikidata.org/entity/Q17510016
http://www.wikidata.org/entity/Q28223150,http://www.wikidata.org/entity/Q201022
http://www.wikidata.org/entity/Q28223150,http://www.wikidata.org/entity/Q4794612
http://www.wikidata.org/entity/Q28328303,http://www.wikidata.org/entity/Q132438
http://www.wikidata.org/entity/Q28342195,http://www.wikidata.org/entity/Q38848
http://www.wikidata.org/entity/Q28401124,http://www.wikidata.org/entity/Q217191
http://www.wikidata.org/entity/Q28401204,http://www.wikidata.org/entity/Q1695023
http://www.wikidata.org/entity/Q28401204,http://www.wikidata.org/entity/Q106298881
http://www.wikidata.org/entity/Q28412439,http://www.wikidata.org/entity/Q179465
http://www.wikidata.org/entity/Q28412439,http://www.wikidata.org/entity/Q51446080
http://www.wikidata.org/entity/Q28444186,http://www.wikidata.org/entity/Q3071
http://www.wikidata.org/entity/Q28453837,http://www.wikidata.org/entity/Q115484611
http://www.wikidata.org/entity/Q28458027,http://www.wikidata.org/entity/Q11831728
http://www.wikidata.org/entity/Q28490034,http://www.wikidata.org/entity/Q11401
http://www.wikidata.org/entity/Q28490034,http://www.wikidata.org/entity/Q6942148
http://www.wikidata.org/entity/Q28494769,http://www.wikidata.org/entity/Q1033831
http://www.wikidata.org/entity/Q28494769,http://www.wikidata.org/entity/Q23072435
http://www.wikidata.org/entity/Q28501777,http://www.wikidata.org/entity/Q108297224
http://www.wikidata.org/entity/Q28502375,http://www.wikidata.org/entity/Q11639
http://www.wikidata.org/entity/Q28502454,http://www.wikidata.org/entity/Q6942354
http://www.wikidata.org/entity/Q28502454,http://www.wikidata.org/entity/Q9048257
http://www.wikidata.org/entity/Q28517114,http://www.wikidata.org/entity/Q492096
http://www.wikidata.org/entity/Q28666781,http://www.wikidata.org/entity/Q7366
http://www.wikidata.org/entity/Q28666781,http://www.wikidata.org/entity/Q4306566
http://www.wikidata.org/entity/Q28666961,http://www.wikidata.org/entity/Q94499224
http://www.wikidata.org/entity/Q28721502,http://www.wikidata.org/entity/Q1166726
http://www.wikidata.org/entity/Q28746819,http://www.wikidata.org/entity/Q842324
http://www.wikidata.org/entity/Q28923934,http://www.wikidata.org/entity/Q8812109
http://www.wikidata.org/entity/Q28949059,http://www.wikidata.org/entity/Q132438
http://www.wikidata.org/entity/Q29025044,http://www.wikidata.org/entity/Q164444
http://www.wikidata.org/entity/Q29025044,http://www.wikidata.org/entity/Q846119
http://www.wikidata.org/entity/Q29068175,http://www.wikidata.org/entity/Q235858
http://www.wikidata.org/entity/Q29068175,http://www.wikidata.org/entity/Q3110519
http://www.wikidata.org/entity/Q29252685,http://www.wikidata.org/entity/Q108297192
http://www.wikidata.org/entity/Q29425426,http://www.wikidata.org/entity/Q235858
http://www.wikidata.org/entity/Q29425426,http://www.wikidata.org/entity/Q502658
http://www.wikidata.org/entity/Q29480448,http://www.wikidata.org/entity/Q170611
http://www.wikidata.org/entity/Q29480448,http://www.wikidata.org/entity/Q936942
http://www.wikidata.org/entity/Q29652773,http://www.wikidata.org/entity/Q217199
http://www.wikidata.org/entity/Q29973057,http://www.wikidata.org/entity/Q20502
http://www.wikidata.org/entity/Q29973057,http://www.wikidata.org/entity/Q4794612
http://www.wikidata.org/entity/Q30324607,http://www.wikidata.org/entity/Q856713
http://www.wikidata.org/entity/Q30324607,http://www.wikidata.org/entity/Q23072435
http://www.wikidata.org/entity/Q30587620,http://www.wikidata.org/entity/Q16931684
http://www.wikidata.org/entity/Q30587784,http://www.wikidata.org/entity/Q183862
http://www.wikidata.org/entity/Q30587784,http://www.wikidata.org/entity/Q484344
http://www.wikidata.org/entity/Q109678435,http://www.wikidata.org/entity/Q1045756
http://www.wikidata.org/entity/Q109700349,http://www.wikidata.org/entity/Q11399
http://www.wikidata.org/entity/Q109700349,http://www.wikidata.org/entity/Q6942231
http://www.wikidata.org/entity/Q109713720,http://www.wikidata.org/entity/Q106528420
http://www.wikidata.org/entity/Q109713745,http://www.wikidata.org/entity/Q2087267
http://www.wikidata.org/entity/Q109713745,http://www.wikidata.org/entity/Q20825943
http://www.wikidata.org/entity/Q109713788,http://www.wikidata.org/entity/Q20825943
http://www.wikidata.org/entity/Q109713788,http://www.wikidata.org/entity/Q106641595
http://www.wikidata.org/entity/Q109713845,http://www.wikidata.org/entity/Q622871
http://www.wikidata.org/entity/Q109713928,http://www.wikidata.org/entity/Q622871
http://www.wikidata.org/entity/Q109713947,http://www.wikidata.org/entity/Q622871
http://www.wikidata.org/entity/Q109714050,http://www.wikidata.org/entity/Q622871
http://www.wikidata.org/entity/Q109714084,http://www.wikidata.org/entity/Q10286190
http://www.wikidata.org/entity/Q109714096,http://www.wikidata.org/entity/Q622871
http://www.wikidata.org/entity/Q109715091,http://www.wikidata.org/entity/Q10286190
http://www.wikidata.org/entity/Q109715762,http://www.wikidata.org/entity/Q852210
http://www.wikidata.org/entity/Q109715762,http://www.wikidata.org/entity/Q20825943
http://www.wikidata.org/entity/Q109715837,http://www.wikidata.org/entity/Q2385862
http://www.wikidata.org/entity/Q109719071,http://www.wikidata.org/entity/Q109378709
http://www.wikidata.org/entity/Q109719462,http://www.wikidata.org/entity/Q1370345
http://www.wikidata.org/entity/Q109719462,http://www.wikidata.org/entity/Q107718737
http://www.wikidata.org/entity/Q109753718,http://www.wikidata.org/entity/Q1544863
http://www.wikidata.org/entity/Q109753718,http://www.wikidata.org/entity/Q9048265
http://www.wikidata.org/entity/Q109753757,http://www.wikidata.org/entity/Q47781397
http://www.wikidata.org/entity/Q109753852,http://www.wikidata.org/entity/Q106595599
http://www.wikidata.org/entity/Q109753852,http://www.wikidata.org/entity/Q113154901
http://www.wikidata.org/entity/Q109771322,http://www.wikidata.org/entity/Q15733887
http://www.wikidata.org/entity/Q109771345,http://www.wikidata.org/entity/Q15733887
http://www.wikidata.org/entity/Q109833526,http://www.wikidata.org/entity/Q37073
http://www.wikidata.org/entity/Q109833526,http://www.wikidata.org/entity/Q7050759
http://www.wikidata.org/entity/Q109833526,http://www.wikidata.org/entity/Q110471193
http://www.wikidata.org/entity/Q109834799,http://www.wikidata.org/entity/Q98528189
http://www.wikidata.org/entity/Q109851898,http://www.wikidata.org/entity/Q650316
http://www.wikidata.org/entity/Q109851898,http://www.wikidata.org/entity/Q141427655
http://www.wikidata.org/entity/Q109872858,http://www.wikidata.org/entity/Q9759
http://www.wikidata.org/entity/Q109872930,http://www.wikidata.org/entity/Q43343
http://www.wikidata.org/entity/Q109872930,http://www.wikidata.org/entity/Q2389651
http://www.wikidata.org/entity/Q109872952,http://www.wikidata.org/entity/Q9759
http://www.wikidata.org/entity/Q109872977,http://www.wikidata.org/entity/Q1750049
http://www.wikidata.org/entity/Q109872977,http://www.wikidata.org/entity/Q105756581
http://www.wikidata.org/entity/Q109873092,http://www.wikidata.org/entity/Q37073
http://www.wikidata.org/entity/Q109873537,http://www.wikidata.org/entity/Q851213
http://www.wikidata.org/entity/Q109914619,http://www.wikidata.org/entity/Q25540245
http://www.wikidata.org/entity/Q109914619,http://www.wikidata.org/entity/Q98528198
http://www.wikidata.org/entity/Q109914703,http://www.wikidata.org/entity/Q289505
http://www.wikidata.org/entity/Q109914703,http://www.wikidata.org/entity/Q6022257
http://www.wikidata.org/entity/Q109914712,http://www.wikidata.org/entity/Q17018487
http://www.wikidata.org/entity/Q109914719,http://www.wikidata.org/entity/Q263524
http://www.wikidata.org/entity/Q109914719,http://www.wikidata.org/entity/Q98528210
http://www.wikidata.org/entity/Q109914864,http://www.wikidata.org/entity/Q6022257
http://www.wikidata.org/entity/Q109914864,http://www.wikidata.org/entity/Q118146890
http://www.wikidata.org/entity/Q109915174,http://www.wikidata.org/entity/Q98528277
http://www.wikidata.org/entity/Q109915174,http://www.wikidata.org/entity/Q106556293
http://www.wikidata.org/entity/Q109915194,http://www.wikidata.org/entity/Q98528192
http://www.wikidata.org/entity/Q109915203,http://www.wikidata.org/entity/Q112652885
http://www.wikidata.org/entity/Q109916244,http://www.wikidata.org/entity/Q268673
http://www.wikidata.org/entity/Q109916244,http://www.wikidata.org/entity/Q98528277
http://www.wikidata.org/entity/Q109930142,http://www.wikidata.org/entity/Q1051735
http://www.wikidata.org/entity/Q109941986,http://www.wikidata.org/entity/Q11401
http://www.wikidata.org/entity/Q109941986,http://www.wikidata.org/entity/Q114880124
http://www.wikidata.org/entity/Q110016168,http://www.wikidata.org/entity/Q186472
http://www.wikidata.org/entity/Q110016168,http://www.wikidata.org/entity/Q26302245
http://www.wikidata.org/entity/Q110020243,http://www.wikidata.org/entity/Q37073
http://www.wikidata.org/entity/Q110020243,http://www.wikidata.org/entity/Q10684890
http://www.wikidata.org/entity/Q110020310,http://www.wikidata.org/entity/Q11399
http://www.wikidata.org/entity/Q110020310,http://www.wikidata.org/entity/Q10684890
http://www.wikidata.org/entity/Q110038872,http://www.wikidata.org/entity/Q8341
http://www.wikidata.org/entity/Q110101630,http://www.wikidata.org/entity/Q14390274
http://www.wikidata.org/entity/Q110101806,http://www.wikidata.org/entity/Q25448883
http://www.wikidata.org/entity/Q110101956,http://www.wikidata.org/entity/Q20502
http://www.wikidata.org/entity/Q110101956,http://www.wikidata.org/entity/Q117745223
http://www.wikidata.org/entity/Q110121422,http://www.wikidata.org/entity/Q183862
http://www.wikidata.org/entity/Q110126996,http://www.wikidata.org/entity/Q107010629
http://www.wikidata.org/entity/Q110127020,http://www.wikidata.org/entity/Q170435
http://www.wikidata.org/entity/Q110127020,http://www.wikidata.org/entity/Q97278139
http://www.wikidata.org/entity/Q110127031,http://www.wikidata.org/entity/Q205560
http://www.wikidata.org/entity/Q110127031,http://www.wikidata.org/entity/Q1759189
http://www.wikidata.org/entity/Q110127031,http://www.wikidata.org/entity/Q97278139
http://www.wikidata.org/entity/Q110141586,http://www.wikidata.org/entity/Q183504
http://www.wikidata.org/entity/Q110141586,http://www.wikidata.org/entity/Q220830
http://www.wikidata.org/entity/Q110143732,http://www.wikidata.org/entity/Q2363645
http://www.wikidata.org/entity/Q110143732,http://www.wikidata.org/entity/Q20825943
http://www.wikidata.org/entity/Q110164140,http://www.wikidata.org/entity/Q1931130
http://www.wikidata.org/entity/Q110167313,http://www.wikidata.org/entity/Q2743758
http://www.wikidata.org/entity/Q110167696,http://www.wikidata.org/entity/Q525073
http://www.wikidata.org/entity/Q110167738,http://www.wikidata.org/entity/Q2498201
http://www.wikidata.org/entity/Q110167738,http://www.wikidata.org/entity/Q110167696
http://www.wikidata.org/entity/Q110168453,http://www.wikidata.org/entity/Q3868594
http://www.wikidata.org/entity/Q110185228,http://www.wikidata.org/entity/Q2579987
http://www.wikidata.org/entity/Q110185782,http://www.wikidata.org/entity/Q170611
http://www.wikidata.org/entity/Q110207937,http://www.wikidata.org/entity/Q11399
http://www.wikidata.org/entity/Q110207937,http://www.wikidata.org/entity/Q1159539
http://www.wikidata.org/entity/Q110226234,http://www.wikidata.org/entity/Q130572
http://www.wikidata.org/entity/Q110226234,http://www.wikidata.org/entity/Q98528149
http://www.wikidata.org/entity/Q110226234,http://www.wikidata.org/entity/Q117000933
http://www.wikidata.org/entity/Q110229924,http://www.wikidata.org/entity/Q252833
http://www.wikidata.org/entity/Q110229924,http://www.wikidata.org/entity/Q60030725
http://www.wikidata.org/entity/Q110230168,http://www.wikidata.org/entity/Q268673
http://www.wikidata.org/entity/Q110230168,http://www.wikidata.org/entity/Q64140592
http://www.wikidata.org/entity/Q110230400,http://www.wikidata.org/entity/Q646656
http://www.wikidata.org/entity/Q6126881,http://www.wikidata.org/entity/Q11639
http://www.wikidata.org/entity/Q6129214,http://www.wikidata.org/entity/Q9734
http://www.wikidata.org/entity/Q6129485,http://www.wikidata.org/entity/Q11639
http://www.wikidata.org/entity/Q6130346,http://www.wikidata.org/entity/Q2265866
http://www.wikidata.org/entity/Q6132064,http://www.wikidata.org/entity/Q6825988
http://www.wikidata.org/entity/Q6132068,http://www.wikidata.org/entity/Q6825988
http://www.wikidata.org/entity/Q6132074,http://www.wikidata.org/entity/Q6825988
http://www.wikidata.org/entity/Q6132082,http://www.wikidata.org/entity/Q6825988
http://www.wikidata.org/entity/Q6132084,http://www.wikidata.org/entity/Q6825988
http://www.wikidata.org/entity/Q6132086,http://www.wikidata.org/entity/Q6825988
http://www.wikidata.org/entity/Q6132088,http://www.wikidata.org/entity/Q6942217
http://www.wikidata.org/entity/Q6132088,http://www.wikidata.org/entity/Q116884389
http://www.wikidata.org/entity/Q6138490,http://www.wikidata.org/entity/Q16942070
http://www.wikidata.org/entity/Q6138491,http://www.wikidata.org/entity/Q107718539
http://www.wikidata.org/entity/Q6138497,http://www.wikidata.org/entity/Q11639
http://www.wikidata.org/entity/Q6138497,http://www.wikidata.org/entity/Q920883
http://www.wikidata.org/entity/Q6138497,http://www.wikidata.org/entity/Q98528197
http://www.wikidata.org/entity/Q6138499,http://www.wikidata.org/entity/Q6942240
http://www.wikidata.org/entity/Q6138499,http://www.wikidata.org/entity/Q98528197
http://www.wikidata.org/entity/Q6139036,http://www.wikidata.org/entity/Q11639
http://www.wikidata.org/entity/Q6140143,http://www.wikidata.org/entity/Q282131
http://www.wikidata.org/entity/Q6140143,http://www.wikidata.org/entity/Q5645984
http://www.wikidata.org/entity/Q6147820,http://www.wikidata.org/entity/Q5464451
http://www.wikidata.org/entity/Q6149344,http://www.wikidata.org/entity/Q106877947
http://www.wikidata.org/entity/Q6152936,http://www.wikidata.org/entity/Q16555308
http://www.wikidata.org/entity/Q6152936,http://www.wikidata.org/entity/Q116173685
http://www.wikidata.org/entity/Q6153278,http://www.wikidata.org/entity/Q484641
http://www.wikidata.org/entity/Q6153324,http://www.wikidata.org/entity/Q2420447
http://www.wikidata.org/entity/Q6153327,http://www.wikidata.org/entity/Q645992
http://www.wikidata.org/entity/Q6153327,http://www.wikidata.org/entity/Q89363113
http://www.wikidata.org/entity/Q6153818,http://www.wikidata.org/entity/Q3085344
http://www.wikidata.org/entity/Q6157282,http://www.wikidata.org/entity/Q131272
http://www.wikidata.org/entity/Q6158987,http://www.wikidata.org/entity/Q9794
http://www.wikidata.org/entity/Q6158987,http://www.wikidata.org/entity/Q257533
http://www.wikidata.org/entity/Q6160688,http://www.wikidata.org/entity/Q23072435
http://www.wikidata.org/entity/Q6165240,http://www.wikidata.org/entity/Q12520649
http://www.wikidata.org/entity/Q6168369,http://www.wikidata.org/entity/Q8341
http://www.wikidata.org/entity/Q6168369,http://www.wikidata.org/entity/Q369820
http://www.wikidata.org/entity/Q6168383,http://www.wikidata.org/entity/Q8341
http://www.wikidata.org/entity/Q6168383,http://www.wikidata.org/entity/Q531426
http://www.wikidata.org/entity/Q6168405,http://www.wikidata.org/entity/Q482
http://www.wikidata.org/entity/Q6168405,http://www.wikidata.org/entity/Q8341
http://www.wikidata.org/entity/Q6168411,http://www.wikidata.org/entity/Q8341
http://www.wikidata.org/entity/Q6169362,http://www.wikidata.org/entity/Q6942071
http://www.wikidata.org/entity/Q6184945,http://www.wikidata.org/entity/Q3437802
http://www.wikidata.org/entity/Q6188299,http://www.wikidata.org/entity/Q1379958
http://www.wikidata.org/entity/Q6191199,http://www.wikidata.org/entity/Q854844
http://www.wikidata.org/entity/Q6191199,http://www.wikidata.org/entity/Q5464449
http://www.wikidata.org/entity/Q6191199,http://www.wikidata.org/entity/Q13479601
http://www.wikidata.org/entity/Q9048257,http://www.wikidata.org/entity/Q98528192
http://www.wikidata.org/entity/Q9048261,http://www.wikidata.org/entity/Q18345375
http://www.wikidata.org/entity/Q9048265,http://www.wikidata.org/entity/Q6942329
http://www.wikidata.org/entity/Q9049284,http://www.wikidata.org/entity/Q3246270
http://www.wikidata.org/entity/Q9050551,http://www.wikidata.org/entity/Q188534
http://www.wikidata.org/entity/Q9051042,http://www.wikidata.org/entity/Q723418
http://www.wikidata.org/entity/Q9051097,http://www.wikidata.org/entity/Q7749
http://www.wikidata.org/entity/Q9051097,http://www.wikidata.org/entity/Q727781
http://www.wikidata.org/entity/Q9051102,http://www.wikidata.org/entity/Q109626458
http://www.wikidata.org/entity/Q9067501,http://www.wikidata.org/entity/Q9794
http://www.wikidata.org/entity/Q9067501,http://www.wikidata.org/entity/Q2738838
http://www.wikidata.org/entity/Q9067503,http://www.wikidata.org/entity/Q598929
http://www.wikidata.org/entity/Q9067503,http://www.wikidata.org/entity/Q7308175
http://www.wikidata.org/entity/Q9070133,http://www.wikidata.org/entity/Q11399
http://www.wikidata.org/entity/Q9078960,http://www.wikidata.org/entity/Q11700065
http://www.wikidata.org/entity/Q9079141,http://www.wikidata.org/entity/Q11399
http://www.wikidata.org/entity/Q9081761,http://www.wikidata.org/entity/Q14390274
http://www.wikidata.org/entity/Q9089200,http://www.wikidata.org/entity/Q98528143
http://www.wikidata.org/entity/Q9095433,http://www.wikidata.org/entity/Q9048265
http://www.wikidata.org/entity/Q9148579,http://www.wikidata.org/entity/Q118738876
http://www.wikidata.org/entity/Q9149798,http://www.wikidata.org/entity/Q193207
http://www.wikidata.org/entity/Q9149798,http://www.wikidata.org/entity/Q141427655
http://www.wikidata.org/entity/Q9149801,http://www.wikidata.org/entity/Q106521662
http://www.wikidata.org/entity/Q9162904,http://www.wikidata.org/entity/Q37073
http://www.wikidata.org/entity/Q9184396,http://www.wikidata.org/entity/Q9730
http://www.wikidata.org/entity/Q9184396,http://www.wikidata.org/entity/Q316930
http://www.wikidata.org/entity/Q9184398,http://www.wikidata.org/entity/Q9730
http://www.wikidata.org/entity/Q9184398,http://www.wikidata.org/entity/Q316930
http://www.wikidata.org/entity/Q9190324,http://www.wikidata.org/entity/Q1293057
http://www.wikidata.org/entity/Q9190324,http://www.wikidata.org/entity/Q5956785
http://www.wikidata.org/entity/Q9190324,http://www.wikidata.org/entity/Q18460285
http://www.wikidata.org/entity/Q9196467,http://www.wikidata.org/entity/Q118738876
http://www.wikidata.org/entity/Q9253748,http://www.wikidata.org/entity/Q11363
http://www.wikidata.org/entity/Q9260728,http://www.wikidata.org/entity/Q9764
http://www.wikidata.org/entity/Q9260728,http://www.wikidata.org/entity/Q757143
http://www.wikidata.org/entity/Q9261178,http://www.wikidata.org/entity/Q11399
http://www.wikidata.org/entity/Q9261178,http://www.wikidata.org/entity/Q473602
http://www.wikidata.org/entity/Q9266272,http://www.wikidata.org/entity/Q207628
http://www.wikidata.org/entity/Q9266272,http://www.wikidata.org/entity/Q118738876
http://www.wikidata.org/entity/Q9298306,http://www.wikidata.org/entity/Q9778
http://www.wikidata.org/entity/Q9298306,http://www.wikidata.org/entity/Q13646229
http://www.wikidata.org/entity/Q9300201,http://www.wikidata.org/entity/Q106926325
http://www.wikidata.org/entity/Q9300201,http://www.wikidata.org/entity/Q116173474
http://www.wikidata.org/entity/Q9300624,http://www.wikidata.org/entity/Q26897135
http://www.wikidata.org/entity/Q9302696,http://www.wikidata.org/entity/Q753679
http://www.wikidata.org/entity/Q9334632,http://www.wikidata.org/entity/Q6010
http://www.wikidata.org/entity/Q9334632,http://www.wikidata.org/entity/Q11363
http://www.wikidata.org/entity/Q9348934,http://www.wikidata.org/entity/Q890887
http://www.wikidata.org/entity/Q9355589,http://www.wikidata.org/entity/Q9730
http://www.wikidata.org/entity/Q9355589,http://www.wikidata.org/entity/Q316930
http://www.wikidata.org/entity/Q9356246,http://www.wikidata.org/entity/Q170611
http://www.wikidata.org/entity/Q9356246,http://www.wikidata.org/entity/Q622871
http://www.wikidata.org/entity/Q9364028,http://www.wikidata.org/entity/Q851213
http://www.wikidata.org/entity/Q9364029,http://www.wikidata.org/entity/Q170611
http://www.wikidata.org/entity/Q9373944,http://www.wikidata.org/entity/Q20502
http://www.wikidata.org/entity/Q9373944,http://www.wikidata.org/entity/Q473602
http://www.wikidata.org/entity/Q9384895,http://www.wikidata.org/entity/Q7487815
http://www.wikidata.org/entity/Q9615674,http://www.wikidata.org/entity/Q372103
http://www.wikidata.org/entity/Q9668561,http://www.wikidata.org/entity/Q2301861
http://www.wikidata.org/entity/Q10260594,http://www.wikidata.org/entity/Q899215
http://www.wikidata.org/entity/Q10260594,http://www.wikidata.org/entity/Q6452410
http://www.wikidata.org/entity/Q10265571,http://www.wikidata.org/entity/Q106556293
http://www.wikidata.org/entity/Q10268931,http://www.wikidata.org/entity/Q188994
http://www.wikidata.org/entity/Q10283579,http://www.wikidata.org/entity/Q586110
http://www.wikidata.org/entity/Q10283582,http://www.wikidata.org/entity/Q586110
http://www.wikidata.org/entity/Q10283584,http://www.wikidata.org/entity/Q586110
http://www.wikidata.org/entity/Q10285947,http://www.wikidata.org/entity/Q1455932
http://www.wikidata.org/entity/Q10285948,http://www.wikidata.org/entity/Q1455932
http://www.wikidata.org/entity/Q10286190,http://www.wikidata.org/entity/Q622871
http://www.wikidata.org/entity/Q10286515,http://www.wikidata.org/entity/Q211756
http://www.wikidata.org/entity/Q10286515,http://www.wikidata.org/entity/Q117745223
http://www.wikidata.org/entity/Q10292943,http://www.wikidata.org/entity/Q533946
http://www.wikidata.org/entity/Q10292943,http://www.wikidata.org/entity/Q10334891
http://www.wikidata.org/entity/Q10293901,http://www.wikidata.org/entity/Q851213
http://www.wikidata.org/entity/Q10296747,http://www.wikidata.org/entity/Q1418683
http://www.wikidata.org/entity/Q10312897,http://www.wikidata.org/entity/Q257533
http://www.wikidata.org/entity/Q10312897,http://www.wikidata.org/entity/Q12326776
http://www.wikidata.org/entity/Q10316114,http://www.wikidata.org/entity/Q533946
http://www.wikidata.org/entity/Q10324896,http://www.wikidata.org/entity/Q1753071
http://www.wikidata.org/entity/Q10324896,http://www.wikidata.org/entity/Q10283188
http://www.wikidata.org/entity/Q10331354,http://www.wikidata.org/entity/Q106594814
http://www.wikidata.org/entity/Q10334882,http://www.wikidata.org/entity/Q899215
http://www.wikidata.org/entity/Q10334885,http://www.wikidata.org/entity/Q6942329
http://www.wikidata.org/entity/Q10334888,http://www.wikidata.org/entity/Q106586248
http://www.wikidata.org/entity/Q10334890,http://www.wikidata.org/entity/Q6942329
http://www.wikidata.org/entity/Q10334892,http://www.wikidata.org/entity/Q106588687
http://www.wikidata.org/entity/Q10334895,http://www.wikidata.org/entity/Q106926325
http://www.wikidata.org/entity/Q10334896,http://www.wikidata.org/entity/Q964987
http://www.wikidata.org/entity/Q10334898,http://www.wikidata.org/entity/Q106926276
http://www.wikidata.org/entity/Q10334898,http://www.wikidata.org/entity/Q106926325
http://www.wikidata.org/entity/Q10335288,http://www.wikidata.org/entity/Q848399
http://www.wikidata.org/entity/Q10343541,http://www.wikidata.org/entity/Q3360459
http://www.wikidata.org/entity/Q10351563,http://www.wikidata.org/entity/Q505343
http://www.wikidata.org/entity/Q10354439,http://www.wikidata.org/entity/Q1931130
http://www.wikidata.org/entity/Q10360435,http://www.wikidata.org/entity/Q850412
http://www.wikidata.org/entity/Q10360435,http://www.wikidata.org/entity/Q1166726
http://www.wikidata.org/entity/Q10363599,http://www.wikidata.org/entity/Q753520
http://www.wikidata.org/entity/Q10363610,http://www.wikidata.org/entity/Q11399
http://www.wikidata.org/entity/Q10363610,http://www.wikidata.org/entity/Q3328608
http://www.wikidata.org/entity/Q10363654,http://www.wikidata.org/entity/Q899215
http://www.wikidata.org/entity/Q110230400,http://www.wikidata.org/entity/Q64140592
http://www.wikidata.org/entity/Q110230415,http://www.wikidata.org/entity/Q108297183
http://www.wikidata.org/entity/Q110230419,http://www.wikidata.org/entity/Q186472
http://www.wikidata.org/entity/Q110230419,http://www.wikidata.org/entity/Q3388814
http://www.wikidata.org/entity/Q110230812,http://www.wikidata.org/entity/Q211756
http://www.wikidata.org/entity/Q110230812,http://www.wikidata.org/entity/Q4794612
http://www.wikidata.org/entity/Q110230816,http://www.wikidata.org/entity/Q37073
http://www.wikidata.org/entity/Q110230816,http://www.wikidata.org/entity/Q98528267
http://www.wikidata.org/entity/Q110230818,http://www.wikidata.org/entity/Q1210921
http://www.wikidata.org/entity/Q110231166,http://www.wikidata.org/entity/Q1482325
http://www.wikidata.org/entity/Q110231166,http://www.wikidata.org/entity/Q106586999
http://www.wikidata.org/entity/Q110231205,http://www.wikidata.org/entity/Q599510
http://www.wikidata.org/entity/Q110231205,http://www.wikidata.org/entity/Q852210
http://www.wikidata.org/entity/Q110231205,http://www.wikidata.org/entity/Q1196752
http://www.wikidata.org/entity/Q110231205,http://www.wikidata.org/entity/Q3211884
http://www.wikidata.org/entity/Q110235979,http://www.wikidata.org/entity/Q3328686
http://www.wikidata.org/entity/Q110241080,http://www.wikidata.org/entity/Q12499697
http://www.wikidata.org/entity/Q110241080,http://www.wikidata.org/entity/Q106586998
http://www.wikidata.org/entity/Q110241185,http://www.wikidata.org/entity/Q1597549
http://www.wikidata.org/entity/Q110241400,http://www.wikidata.org/entity/Q8030395
http://www.wikidata.org/entity/Q110241458,http://www.wikidata.org/entity/Q109615856
http://www.wikidata.org/entity/Q110241635,http://www.wikidata.org/entity/Q47112
http://www.wikidata.org/entity/Q110241752,http://www.wikidata.org/entity/Q624044
http://www.wikidata.org/entity/Q110242082,http://www.wikidata.org/entity/Q109327528
http://www.wikidata.org/entity/Q110242150,http://www.wikidata.org/entity/Q16931692
http://www.wikidata.org/entity/Q110242150,http://www.wikidata.org/entity/Q98528191
http://www.wikidata.org/entity/Q110249949,http://www.wikidata.org/entity/Q1482325
http://www.wikidata.org/entity/Q110249949,http://www.wikidata.org/entity/Q1518063
http://www.wikidata.org/entity/Q110249949,http://www.wikidata.org/entity/Q1755959
http://www.wikidata.org/entity/Q110249967,http://www.wikidata.org/entity/Q1716019
http://www.wikidata.org/entity/Q110250034,http://www.wikidata.org/entity/Q592807
http://www.wikidata.org/entity/Q110250034,http://www.wikidata.org/entity/Q98528198
http://www.wikidata.org/entity/Q110250068,http://www.wikidata.org/entity/Q235858
http://www.wikidata.org/entity/Q110250068,http://www.wikidata.org/entity/Q3328738
http://www.wikidata.org/entity/Q110250068,http://www.wikidata.org/entity/Q98528287
http://www.wikidata.org/entity/Q110269470,http://www.wikidata.org/entity/Q109271585
http://www.wikidata.org/entity/Q110272079,http://www.wikidata.org/entity/Q7142141
http://www.wikidata.org/entity/Q110290228,http://www.wikidata.org/entity/Q6022257
http://www.wikidata.org/entity/Q110290228,http://www.wikidata.org/entity/Q16147514
http://www.wikidata.org/entity/Q110296483,http://www.wikidata.org/entity/Q11822344
http://www.wikidata.org/entity/Q110312933,http://www.wikidata.org/entity/Q899215
http://www.wikidata.org/entity/Q110312933,http://www.wikidata.org/entity/Q6942343
http://www.wikidata.org/entity/Q110312968,http://www.wikidata.org/entity/Q920883
http://www.wikidata.org/entity/Q110312968,http://www.wikidata.org/entity/Q6942343
http://www.wikidata.org/entity/Q110391569,http://www.wikidata.org/entity/Q235858
http://www.wikidata.org/entity/Q110391569,http://www.wikidata.org/entity/Q2271589
http://www.wikidata.org/entity/Q110391587,http://www.wikidata.org/entity/Q257533
http://www.wikidata.org/entity/Q110391587,http://www.wikidata.org/entity/Q851213
http://www.wikidata.org/entity/Q110442031,http://www.wikidata.org/entity/Q6942329
http://www.wikidata.org/entity/Q110463493,http://www.wikidata.org/entity/Q598929
http://www.wikidata.org/entity/Q110463493,http://www.wikidata.org/entity/Q2498201
http://www.wikidata.org/entity/Q110471057,http://www.wikidata.org/entity/Q640097
http://www.wikidata.org/entity/Q110471057,http://www.wikidata.org/entity/Q1071873
http://www.wikidata.org/entity/Q110471067,http://www.wikidata.org/entity/Q640097
http://www.wikidata.org/entity/Q110471067,http://www.wikidata.org/entity/Q649823
http://www.wikidata.org/entity/Q110471088,http://www.wikidata.org/entity/Q640097
http://www.wikidata.org/entity/Q110471088,http://www.wikidata.org/entity/Q1127539
http://www.wikidata.org/entity/Q110471091,http://www.wikidata.org/entity/Q509901
http://www.wikidata.org/entity/Q110471091,http://www.wikidata.org/entity/Q640097
http://www.wikidata.org/entity/Q110471193,http://www.wikidata.org/entity/Q26302245
http://www.wikidata.org/entity/Q110526693,http://www.wikidata.org/entity/Q11365
http://www.wikidata.org/entity/Q110526770,http://www.wikidata.org/entity/Q915152
http://www.wikidata.org/entity/Q110526823,http://www.wikidata.org/entity/Q627906
http://www.wikidata.org/entity/Q110526823,http://www.wikidata.org/entity/Q915152
http://www.wikidata.org/entity/Q110527222,http://www.wikidata.org/entity/Q851213
http://www.wikidata.org/entity/Q110527222,http://www.wikidata.org/entity/Q105763581
http://www.wikidata.org/entity/Q110544183,http://www.wikidata.org/entity/Q186170
http://www.wikidata.org/entity/Q110548351,http://www.wikidata.org/entity/Q943929
http://www.wikidata.org/entity/Q110548351,http://www.wikidata.org/entity/Q107331898
http://www.wikidata.org/entity/Q110555065,http://www.wikidata.org/entity/Q37073
http://www.wikidata.org/entity/Q110555065,http://www.wikidata.org/entity/Q12408914
http://www.wikidata.org/entity/Q110558058,http://www.wikidata.org/entity/Q268673
http://www.wikidata.org/entity/Q110562340,http://www.wikidata.org/entity/Q106626777
http://www.wikidata.org/entity/Q110562340,http://www.wikidata.org/entity/Q110874824
http://www.wikidata.org/entity/Q110584468,http://www.wikidata.org/entity/Q217597
http://www.wikidata.org/entity/Q110584468,http://www.wikidata.org/entity/Q105763581
http://www.wikidata.org/entity/Q110584483,http://www.wikidata.org/entity/Q188994
http://www.wikidata.org/entity/Q110584483,http://www.wikidata.org/entity/Q936942
http://www.wikidata.org/entity/Q110584608,http://www.wikidata.org/entity/Q217597
http://www.wikidata.org/entity/Q110592306,http://www.wikidata.org/entity/Q25099840
http://www.wikidata.org/entity/Q110592336,http://www.wikidata.org/entity/Q9759
http://www.wikidata.org/entity/Q110592362,http://www.wikidata.org/entity/Q213714
http://www.wikidata.org/entity/Q110592389,http://www.wikidata.org/entity/Q8011523
http://www.wikidata.org/entity/Q110592389,http://www.wikidata.org/entity/Q89363113
http://www.wikidata.org/entity/Q110592406,http://www.wikidata.org/entity/Q1443316
http://www.wikidata.org/entity/Q110592406,http://www.wikidata.org/entity/Q130479301
http://www.wikidata.org/entity/Q110592411,http://www.wikidata.org/entity/Q37073
http://www.wikidata.org/entity/Q110592411,http://www.wikidata.org/entity/Q1443316
http://www.wikidata.org/entity/Q110592413,http://www.wikidata.org/entity/Q1065742
http://www.wikidata.org/entity/Q110592413,http://www.wikidata.org/entity/Q1443316
http://www.wikidata.org/entity/Q110592414,http://www.wikidata.org/entity/Q11399
http://www.wikidata.org/entity/Q110592414,http://www.wikidata.org/entity/Q1443316
http://www.wikidata.org/entity/Q110592418,http://www.wikidata.org/entity/Q107033384
http://www.wikidata.org/entity/Q110592421,http://www.wikidata.org/entity/Q37073
http://www.wikidata.org/entity/Q110592421,http://www.wikidata.org/entity/Q1379958
http://www.wikidata.org/entity/Q110592429,http://www.wikidata.org/entity/Q180268
http://www.wikidata.org/entity/Q110592440,http://www.wikidata.org/entity/Q8011523
http://www.wikidata.org/entity/Q110592440,http://www.wikidata.org/entity/Q18345375
http://www.wikidata.org/entity/Q110592449,http://www.wikidata.org/entity/Q193207
http://www.wikidata.org/entity/Q110592469,http://www.wikidata.org/entity/Q3437802
http://www.wikidata.org/entity/Q110592499,http://www.wikidata.org/entity/Q37073
http://www.wikidata.org/entity/Q110592505,http://www.wikidata.org/entity/Q854451
http://www.wikidata.org/entity/Q110592505,http://www.wikidata.org/entity/Q8011523
http://www.wikidata.org/entity/Q110592506,http://www.wikidata.org/entity/Q474027
http://www.wikidata.org/entity/Q110592556,http://www.wikidata.org/entity/Q277393
http://www.wikidata.org/entity/Q110592556,http://www.wikidata.org/entity/Q1695023
http://www.wikidata.org/entity/Q110592562,http://www.wikidata.org/entity/Q277393
http://www.wikidata.org/entity/Q110592562,http://www.wikidata.org/entity/Q3328774
http://www.wikidata.org/entity/Q110592573,http://www.wikidata.org/entity/Q639197
http://www.wikidata.org/entity/Q110592573,http://www.wikidata.org/entity/Q116256909
http://www.wikidata.org/entity/Q110592579,http://www.wikidata.org/entity/Q716060
http://www.wikidata.org/entity/Q110592579,http://www.wikidata.org/entity/Q11700058
http://www.wikidata.org/entity/Q110592598,http://www.wikidata.org/entity/Q531426
http://www.wikidata.org/entity/Q110592598,http://www.wikidata.org/entity/Q1065742
http://www.wikidata.org/entity/Q110592605,http://www.wikidata.org/entity/Q724104
http://www.wikidata.org/entity/Q110592605,http://www.wikidata.org/entity/Q1065742
http://www.wikidata.org/entity/Q110592609,http://www.wikidata.org/entity/Q1065742
http://www.wikidata.org/entity/Q110592609,http://www.wikidata.org/entity/Q1210921
http://www.wikidata.org/entity/Q110592616,http://www.wikidata.org/entity/Q205049
http://www.wikidata.org/entity/Q110592632,http://www.wikidata.org/entity/Q106508039
http://www.wikidata.org/entity/Q110592683,http://www.wikidata.org/entity/Q2389651
http://www.wikidata.org/entity/Q110592683,http://www.wikidata.org/entity/Q107736421
http://www.wikidata.org/entity/Q110593014,http://www.wikidata.org/entity/Q2337447
http://www.wikidata.org/entity/Q110593015,http://www.wikidata.org/entity/Q16249975
http://www.wikidata.org/entity/Q110593015,http://www.wikidata.org/entity/Q26897135
http://www.wikidata.org/entity/Q110593045,http://www.wikidata.org/entity/Q1065742
http://www.wikidata.org/entity/Q110593045,http://www.wikidata.org/entity/Q1074080
http://www.wikidata.org/entity/Q110593056,http://www.wikidata.org/entity/Q624044
http://www.wikidata.org/entity/Q110593056,http://www.wikidata.org/entity/Q1503406
http://www.wikidata.org/entity/Q110593057,http://www.wikidata.org/entity/Q839029
http://www.wikidata.org/entity/Q110593057,http://www.wikidata.org/entity/Q116973456
http://www.wikidata.org/entity/Q110593059,http://www.wikidata.org/entity/Q3328692
http://www.wikidata.org/entity/Q110593059,http://www.wikidata.org/entity/Q91841612
http://www.wikidata.org/entity/Q110593061,http://www.wikidata.org/entity/Q18129813
http://www.wikidata.org/entity/Q110593061,http://www.wikidata.org/entity/Q91841612
http://www.wikidata.org/entity/Q110593062,http://www.wikidata.org/entity/Q585588
http://www.wikidata.org/entity/Q110593062,http://www.wikidata.org/entity/Q91841612
http://www.wikidata.org/entity/Q110593063,http://www.wikidata.org/entity/Q624081
http://www.wikidata.org/entity/Q110593063,http://www.wikidata.org/entity/Q110593056
http://www.wikidata.org/entity/Q110593064,http://www.wikidata.org/entity/Q37073
http://www.wikidata.org/entity/Q110593064,http://www.wikidata.org/entity/Q3328692
http://www.wikidata.org/entity/Q110593065,http://www.wikidata.org/entity/Q37073
http://www.wikidata.org/entity/Q110593065,http://www.wikidata.org/entity/Q18129813
http://www.wikidata.org/entity/Q110593066,http://www.wikidata.org/entity/Q624081
http://www.wikidata.org/entity/Q110593066,http://www.wikidata.org/entity/Q116973456
http://www.wikidata.org/entity/Q110593067,http://www.wikidata.org/entity/Q37073
http://www.wikidata.org/entity/Q110593067,http://www.wikidata.org/entity/Q585588
http://www.wikidata.org/entity/Q110593068,http://www.wikidata.org/entity/Q3135793
http://www.wikidata.org/entity/Q110593068,http://www.wikidata.org/entity/Q110593056
http://www.wikidata.org/entity/Q110593071,http://www.wikidata.org/entity/Q624221
http://www.wikidata.org/entity/Q110593071,http://www.wikidata.org/entity/Q116973456
http://www.wikidata.org/entity/Q110593072,http://www.wikidata.org/entity/Q11401
http://www.wikidata.org/entity/Q110593072,http://www.wikidata.org/entity/Q585588
http://www.wikidata.org/entity/Q110593073,http://www.wikidata.org/entity/Q42201
http://www.wikidata.org/entity/Q110593073,http://www.wikidata.org/entity/Q110593056
http://www.wikidata.org/entity/Q110593074,http://www.wikidata.org/entity/Q42201
http://www.wikidata.org/entity/Q110593074,http://www.wikidata.org/entity/Q18129813
http://www.wikidata.org/entity/Q110593075,http://www.wikidata.org/entity/Q42201
http://www.wikidata.org/entity/Q110593075,http://www.wikidata.org/entity/Q116973456
http://www.wikidata.org/entity/Q110593076,http://www.wikidata.org/entity/Q9778
http://www.wikidata.org/entity/Q110593076,http://www.wikidata.org/entity/Q110593056
http://www.wikidata.org/entity/Q110593078,http://www.wikidata.org/entity/Q9778
http://www.wikidata.org/entity/Q110593078,http://www.wikidata.org/entity/Q116973456
http://www.wikidata.org/entity/Q110593080,http://www.wikidata.org/entity/Q585588
http://www.wikidata.org/entity/Q110593080,http://www.wikidata.org/entity/Q98528189
http://www.wikidata.org/entity/Q110606359,http://www.wikidata.org/entity/Q1067089
http://www.wikidata.org/entity/Q110606359,http://www.wikidata.org/entity/Q98528287
http://www.wikidata.org/entity/Q110620412,http://www.wikidata.org/entity/Q2626684
http://www.wikidata.org/entity/Q110620412,http://www.wikidata.org/entity/Q19938910
http://www.wikidata.org/entity/Q110632052,http://www.wikidata.org/entity/Q37073
http://www.wikidata.org/entity/Q110632052,http://www.wikidata.org/entity/Q936942
http://www.wikidata.org/entity/Q110643230,http://www.wikidata.org/entity/Q15697534
http://www.wikidata.org/entity/Q110643232,http://www.wikidata.org/entity/Q110874824
http://www.wikidata.org/entity/Q110713293,http://www.wikidata.org/entity/Q115484611
http://www.wikidata.org/entity/Q110745638,http://www.wikidata.org/entity/Q11401
http://www.wikidata.org/entity/Q110874730,http://www.wikidata.org/entity/Q11399
http://www.wikidata.org/entity/Q110874730,http://www.wikidata.org/entity/Q932477
http://www.wikidata.org/entity/Q110874730,http://www.wikidata.org/entity/Q121411631
http://www.wikidata.org/entity/Q110874774,http://www.wikidata.org/entity/Q11399
http://www.wikidata.org/entity/Q110874774,http://www.wikidata.org/entity/Q121411631
http://www.wikidata.org/entity/Q110874814,http://www.wikidata.org/entity/Q663519
http://www.wikidata.org/entity/Q110874817,http://www.wikidata.org/entity/Q235858
http://www.wikidata.org/entity/Q110874824,http://www.wikidata.org/entity/Q2498201
http://www.wikidata.org/entity/Q110874824,http://www.wikidata.org/entity/Q98528192
http://www.wikidata.org/entity/Q110934693,http://www.wikidata.org/entity/Q6942151
http://www.wikidata.org/entity/Q110942239,http://www.wikidata.org/entity/Q106422444
http://www.wikidata.org/entity/Q110967939,http://www.wikidata.org/entity/Q188994
http://www.wikidata.org/entity/Q110967939,http://www.wikidata.org/entity/Q5466607
http://www.wikidata.org/entity/Q111036463,http://www.wikidata.org/entity/Q1640319
http://www.wikidata.org/entity/Q111042466,http://www.wikidata.org/entity/Q943929
http://www.wikidata.org/entity/Q111042466,http://www.wikidata.org/entity/Q98528198
http://www.wikidata.org/entity/Q111043907,http://www.wikidata.org/entity/Q213121
http://www.wikidata.org/entity/Q111133880,http://www.wikidata.org/entity/Q107718539
http://www.wikidata.org/entity/Q111133880,http://www.wikidata.org/entity/Q114239322
http://www.wikidata.org/entity/Q111133884,http://www.wikidata.org/entity/Q2913982
http://www.wikidata.org/entity/Q111133885,http://www.wikidata.org/entity/Q109382160
http://www.wikidata.org/entity/Q111182811,http://www.wikidata.org/entity/Q170611
http://www.wikidata.org/entity/Q111186966,http://www.wikidata.org/entity/Q110874824
http://www.wikidata.org/entity/Q111186967,http://www.wikidata.org/entity/Q245296
http://www.wikidata.org/entity/Q111186968,http://www.wikidata.org/entity/Q943929
http://www.wikidata.org/entity/Q115800017,http://www.wikidata.org/entity/Q117001315
http://www.wikidata.org/entity/Q115804629,http://www.wikidata.org/entity/Q42201
http://www.wikidata.org/entity/Q115804629,http://www.wikidata.org/entity/Q28746819
http://www.wikidata.org/entity/Q115812361,http://www.wikidata.org/entity/Q6942076
http://www.wikidata.org/entity/Q115858975,http://www.wikidata.org/entity/Q98528198
http://www.wikidata.org/entity/Q115890848,http://www.wikidata.org/entity/Q846784
http://www.wikidata.org/entity/Q115890848,http://www.wikidata.org/entity/Q851213
http://www.wikidata.org/entity/Q116006456,http://www.wikidata.org/entity/Q3535998
http://www.wikidata.org/entity/Q116045209,http://www.wikidata.org/entity/Q11399
http://www.wikidata.org/entity/Q116148184,http://www.wikidata.org/entity/Q10922
http://www.wikidata.org/entity/Q116148184,http://www.wikidata.org/entity/Q2657409
http://www.wikidata.org/entity/Q116158395,http://www.wikidata.org/entity/Q6950428
http://www.wikidata.org/entity/Q116158395,http://www.wikidata.org/entity/Q11821889
http://www.wikidata.org/entity/Q116158638,http://www.wikidata.org/entity/Q9730
http://www.wikidata.org/entity/Q116192789,http://www.wikidata.org/entity/Q474027
http://www.wikidata.org/entity/Q116210851,http://www.wikidata.org/entity/Q11399
http://www.wikidata.org/entity/Q116256909,http://www.wikidata.org/entity/Q716060
http://www.wikidata.org/entity/Q116285483,http://www.wikidata.org/entity/Q11399
http://www.wikidata.org/entity/Q116296482,http://www.wikidata.org/entity/Q20502
http://www.wikidata.org/entity/Q116314630,http://www.wikidata.org/entity/Q2913982
http://www.wikidata.org/entity/Q116314630,http://www.wikidata.org/entity/Q90568328
http://www.wikidata.org/entity/Q116316147,http://www.wikidata.org/entity/Q282131
http://www.wikidata.org/entity/Q116414169,http://www.wikidata.org/entity/Q2378916
http://www.wikidata.org/entity/Q116414169,http://www.wikidata.org/entity/Q2956178
http://www.wikidata.org/entity/Q116455215,http://www.wikidata.org/entity/Q106588687
http://www.wikidata.org/entity/Q116483739,http://www.wikidata.org/entity/Q3327514
http://www.wikidata.org/entity/Q116483777,http://www.wikidata.org/entity/Q502658
http://www.wikidata.org/entity/Q116483777,http://www.wikidata.org/entity/Q3327514
http://www.wikidata.org/entity/Q116483797,http://www.wikidata.org/entity/Q3327514
http://www.wikidata.org/entity/Q116494920,http://www.wikidata.org/entity/Q83440
http://www.wikidata.org/entity/Q116494920,http://www.wikidata.org/entity/Q639197
http://www.wikidata.org/entity/Q116679787,http://www.wikidata.org/entity/Q109382160
http://www.wikidata.org/entity/Q116690325,http://www.wikidata.org/entity/Q11399
http://www.wikidata.org/entity/Q116690325,http://www.wikidata.org/entity/Q1077388
http://www.wikidata.org/entity/Q116690343,http://www.wikidata.org/entity/Q12976278
http://www.wikidata.org/entity/Q116690343,http://www.wikidata.org/entity/Q60733114
http://www.wikidata.org/entity/Q116745991,http://www.wikidata.org/entity/Q25099840
http://www.wikidata.org/entity/Q116745991,http://www.wikidata.org/entity/Q85741139
http://www.wikidata.org/entity/Q116764465,http://www.wikidata.org/entity/Q54365
http://www.wikidata.org/entity/Q116764465,http://www.wikidata.org/entity/Q572717
http://www.wikidata.org/entity/Q116764465,http://www.wikidata.org/entity/Q114907417
http://www.wikidata.org/entity/Q116764487,http://www.wikidata.org/entity/Q268673
http://www.wikidata.org/entity/Q116764487,http://www.wikidata.org/entity/Q12326776
http://www.wikidata.org/entity/Q116764541,http://www.wikidata.org/entity/Q24925
http://www.wikidata.org/entity/Q116764541,http://www.wikidata.org/entity/Q115484611
http://www.wikidata.org/entity/Q116777655,http://www.wikidata.org/entity/Q106588687
http://www.wikidata.org/entity/Q116780115,http://www.wikidata.org/entity/Q106844185
http://www.wikidata.org/entity/Q116782420,http://www.wikidata.org/entity/Q7309098
http://www.wikidata.org/entity/Q116782420,http://www.wikidata.org/entity/Q101440473
http://www.wikidata.org/entity/Q116875230,http://www.wikidata.org/entity/Q20502
http://www.wikidata.org/entity/Q116875242,http://www.wikidata.org/entity/Q1210921
http://www.wikidata.org/entity/Q116875252,http://www.wikidata.org/entity/Q203005
http://www.wikidata.org/entity/Q116875252,http://www.wikidata.org/entity/Q3328676
http://www.wikidata.org/entity/Q116875252,http://www.wikidata.org/entity/Q118738876
http://www.wikidata.org/entity/Q116884389,http://www.wikidata.org/entity/Q18345375
http://www.wikidata.org/entity/Q116897627,http://www.wikidata.org/entity/Q2090712
http://www.wikidata.org/entity/Q116897627,http://www.wikidata.org/entity/Q3679098
http://www.wikidata.org/entity/Q116952929,http://www.wikidata.org/entity/Q898709
http://www.wikidata.org/entity/Q116952981,http://www.wikidata.org/entity/Q25047660
http://www.wikidata.org/entity/Q116960000,http://www.wikidata.org/entity/Q2913982
http://www.wikidata.org/entity/Q116971511,http://www.wikidata.org/entity/Q98528192
http://www.wikidata.org/entity/Q116972319,http://www.wikidata.org/entity/Q132438
http://www.wikidata.org/entity/Q116973456,http://www.wikidata.org/entity/Q11400811
http://www.wikidata.org/entity/Q116979673,http://www.wikidata.org/entity/Q2566660
http://www.wikidata.org/entity/Q116984510,http://www.wikidata.org/entity/Q7409412
http://www.wikidata.org/entity/Q116985035,http://www.wikidata.org/entity/Q9778
http://www.wikidata.org/entity/Q116985035,http://www.wikidata.org/entity/Q37073
http://www.wikidata.org/entity/Q116985269,http://www.wikidata.org/entity/Q37073
http://www.wikidata.org/entity/Q116985269,http://www.wikidata.org/entity/Q3868594
http://www.wikidata.org/entity/Q117000933,http://www.wikidata.org/entity/Q37073
http://www.wikidata.org/entity/Q117000933,http://www.wikidata.org/entity/Q108857328
http://www.wikidata.org/entity/Q117000942,http://www.wikidata.org/entity/Q37073
http://www.wikidata.org/entity/Q117000942,http://www.wikidata.org/entity/Q5187202
http://www.wikidata.org/entity/Q117001315,http://www.wikidata.org/entity/Q766240
http://www.wikidata.org/entity/Q117001315,http://www.wikidata.org/entity/Q3889385
http://www.wikidata.org/entity/Q117003970,http://www.wikidata.org/entity/Q1482325
http://www.wikidata.org/entity/Q117003970,http://www.wikidata.org/entity/Q9048265
http://www.wikidata.org/entity/Q117031611,http://www.wikidata.org/entity/Q7366
http://www.wikidata.org/entity/Q117031611,http://www.wikidata.org/entity/Q257533
http://www.wikidata.org/entity/Q117033811,http://www.wikidata.org/entity/Q12274232
http://www.wikidata.org/entity/Q117048629,http://www.wikidata.org/entity/Q107000797
http://www.wikidata.org/entity/Q117074058,http://www.wikidata.org/entity/Q316930
http://www.wikidata.org/entity/Q117074058,http://www.wikidata.org/entity/Q3328778
http://www.wikidata.org/entity/Q117187170,http://www.wikidata.org/entity/Q10978770
http://www.wikidata.org/entity/Q117187744,http://www.wikidata.org/entity/Q935586
http://www.wikidata.org/entity/Q117187744,http://www.wikidata.org/entity/Q10978770
http://www.wikidata.org/entity/Q117193811,http://www.wikidata.org/entity/Q3889385
http://www.wikidata.org/entity/Q117193815,http://www.wikidata.org/entity/Q15733887
http://www.wikidata.org/entity/Q117193818,http://www.wikidata.org/entity/Q1634085
http://www.wikidata.org/entity/Q117193818,http://www.wikidata.org/entity/Q117745223
http://www.wikidata.org/entity/Q117198196,http://www.wikidata.org/entity/Q851213
http://www.wikidata.org/entity/Q117198196,http://www.wikidata.org/entity/Q2738838
http://www.wikidata.org/entity/Q117209626,http://www.wikidata.org/entity/Q1989725
http://www.wikidata.org/entity/Q117209626,http://www.wikidata.org/entity/Q20819985
http://www.wikidata.org/entity/Q117209634,http://www.wikidata.org/entity/Q1989725
http://www.wikidata.org/entity/Q117209634,http://www.wikidata.org/entity/Q20819985
http://www.wikidata.org/entity/Q117223398,http://www.wikidata.org/entity/Q752785
http://www.wikidata.org/entity/Q117223398,http://www.wikidata.org/entity/Q2486179
http://www.wikidata.org/entity/Q117223451,http://www.wikidata.org/entity/Q4452477
http://www.wikidata.org/entity/Q117223451,http://www.wikidata.org/entity/Q110874824
http://www.wikidata.org/entity/Q10363654,http://www.wikidata.org/entity/Q1049625
http://www.wikidata.org/entity/Q10366208,http://www.wikidata.org/entity/Q51446080
http://www.wikidata.org/entity/Q10367216,http://www.wikidata.org/entity/Q11403
http://www.wikidata.org/entity/Q10367217,http://www.wikidata.org/entity/Q11403
http://www.wikidata.org/entity/Q10367218,http://www.wikidata.org/entity/Q9300201
http://www.wikidata.org/entity/Q10367219,http://www.wikidata.org/entity/Q9300201
http://www.wikidata.org/entity/Q10367220,http://www.wikidata.org/entity/Q11403
http://www.wikidata.org/entity/Q10367221,http://www.wikidata.org/entity/Q11403
http://www.wikidata.org/entity/Q10367221,http://www.wikidata.org/entity/Q164444
http://www.wikidata.org/entity/Q10367222,http://www.wikidata.org/entity/Q11403
http://www.wikidata.org/entity/Q10367223,http://www.wikidata.org/entity/Q11403
http://www.wikidata.org/entity/Q10367224,http://www.wikidata.org/entity/Q9300201
http://www.wikidata.org/entity/Q10367225,http://www.wikidata.org/entity/Q11401
http://www.wikidata.org/entity/Q10367225,http://www.wikidata.org/entity/Q11403
http://www.wikidata.org/entity/Q10367226,http://www.wikidata.org/entity/Q11403
http://www.wikidata.org/entity/Q10367246,http://www.wikidata.org/entity/Q11403
http://www.wikidata.org/entity/Q10367249,http://www.wikidata.org/entity/Q11403
http://www.wikidata.org/entity/Q10367259,http://www.wikidata.org/entity/Q11403
http://www.wikidata.org/entity/Q10370216,http://www.wikidata.org/entity/Q215911
http://www.wikidata.org/entity/Q10370216,http://www.wikidata.org/entity/Q1692318
http://www.wikidata.org/entity/Q10370216,http://www.wikidata.org/entity/Q125918103
http://www.wikidata.org/entity/Q10370558,http://www.wikidata.org/entity/Q1958273
http://www.wikidata.org/entity/Q10372501,http://www.wikidata.org/entity/Q11399
http://www.wikidata.org/entity/Q10372501,http://www.wikidata.org/entity/Q185298
http://www.wikidata.org/entity/Q10378015,http://www.wikidata.org/entity/Q11639
http://www.wikidata.org/entity/Q10382665,http://www.wikidata.org/entity/Q1130969
http://www.wikidata.org/entity/Q10387147,http://www.wikidata.org/entity/Q1500364
http://www.wikidata.org/entity/Q10387147,http://www.wikidata.org/entity/Q117632917
http://www.wikidata.org/entity/Q10389097,http://www.wikidata.org/entity/Q899215
http://www.wikidata.org/entity/Q10392015,http://www.wikidata.org/entity/Q110312933
http://www.wikidata.org/entity/Q10397358,http://www.wikidata.org/entity/Q484641
http://www.wikidata.org/entity/Q10397381,http://www.wikidata.org/entity/Q3071
http://www.wikidata.org/entity/Q10465914,http://www.wikidata.org/entity/Q37073
http://www.wikidata.org/entity/Q10465914,http://www.wikidata.org/entity/Q2389651
http://www.wikidata.org/entity/Q10466674,http://www.wikidata.org/entity/Q105757139
http://www.wikidata.org/entity/Q10489338,http://www.wikidata.org/entity/Q37073
http://www.wikidata.org/entity/Q10497435,http://www.wikidata.org/entity/Q7654953
http://www.wikidata.org/entity/Q10524630,http://www.wikidata.org/entity/Q11989328
http://www.wikidata.org/entity/Q10541010,http://www.wikidata.org/entity/Q170611
http://www.wikidata.org/entity/Q10541010,http://www.wikidata.org/entity/Q257533
http://www.wikidata.org/entity/Q10549360,http://www.wikidata.org/entity/Q1370345
http://www.wikidata.org/entity/Q10551707,http://www.wikidata.org/entity/Q11989328
http://www.wikidata.org/entity/Q10556386,http://www.wikidata.org/entity/Q11989328
http://www.wikidata.org/entity/Q10590623,http://www.wikidata.org/entity/Q201405
http://www.wikidata.org/entity/Q10590624,http://www.wikidata.org/entity/Q201405
http://www.wikidata.org/entity/Q10594989,http://www.wikidata.org/entity/Q11989328
http://www.wikidata.org/entity/Q10604890,http://www.wikidata.org/entity/Q1775316
http://www.wikidata.org/entity/Q10648457,http://www.wikidata.org/entity/Q37073
http://www.wikidata.org/entity/Q10654964,http://www.wikidata.org/entity/Q11989328
http://www.wikidata.org/entity/Q10655037,http://www.wikidata.org/entity/Q11399
http://www.wikidata.org/entity/Q10659106,http://www.wikidata.org/entity/Q16894831
http://www.wikidata.org/entity/Q10669480,http://www.wikidata.org/entity/Q7366
http://www.wikidata.org/entity/Q10670937,http://www.wikidata.org/entity/Q11989328
http://www.wikidata.org/entity/Q10690617,http://www.wikidata.org/entity/Q193434
http://www.wikidata.org/entity/Q10730335,http://www.wikidata.org/entity/Q373342
http://www.wikidata.org/entity/Q10730335,http://www.wikidata.org/entity/Q525073
http://www.wikidata.org/entity/Q10743749,http://www.wikidata.org/entity/Q943929
http://www.wikidata.org/entity/Q10743749,http://www.wikidata.org/entity/Q10757361
http://www.wikidata.org/entity/Q10748669,http://www.wikidata.org/entity/Q131272
http://www.wikidata.org/entity/Q10750971,http://www.wikidata.org/entity/Q10922
http://www.wikidata.org/entity/Q10752660,http://www.wikidata.org/entity/Q18846
http://www.wikidata.org/entity/Q10752660,http://www.wikidata.org/entity/Q277393
http://www.wikidata.org/entity/Q10757361,http://www.wikidata.org/entity/Q1156957
http://www.wikidata.org/entity/Q10757361,http://www.wikidata.org/entity/Q106586999
http://www.wikidata.org/entity/Q10770854,http://www.wikidata.org/entity/Q1156957
http://www.wikidata.org/entity/Q10770871,http://www.wikidata.org/entity/Q10757361
http://www.wikidata.org/entity/Q10801096,http://www.wikidata.org/entity/Q1156957
http://www.wikidata.org/entity/Q10801097,http://www.wikidata.org/entity/Q5398894
http://www.wikidata.org/entity/Q10811025,http://www.wikidata.org/entity/Q484692
http://www.wikidata.org/entity/Q10811025,http://www.wikidata.org/entity/Q1128637
http://www.wikidata.org/entity/Q10830180,http://www.wikidata.org/entity/Q2743
http://www.wikidata.org/entity/Q10830180,http://www.wikidata.org/entity/Q106654247
http://www.wikidata.org/entity/Q10836741,http://www.wikidata.org/entity/Q10757361
http://www.wikidata.org/entity/Q10838732,http://www.wikidata.org/entity/Q525073
http://www.wikidata.org/entity/Q10846275,http://www.wikidata.org/entity/Q131578
http://www.wikidata.org/entity/Q10846275,http://www.wikidata.org/entity/Q1142768
http://www.wikidata.org/entity/Q10856835,http://www.wikidata.org/entity/Q170611
http://www.wikidata.org/entity/Q10859713,http://www.wikidata.org/entity/Q1482325
http://www.wikidata.org/entity/Q10874829,http://www.wikidata.org/entity/Q1192110
http://www.wikidata.org/entity/Q10874829,http://www.wikidata.org/entity/Q122537914
http://www.wikidata.org/entity/Q10915563,http://www.wikidata.org/entity/Q956925
http://www.wikidata.org/entity/Q10915563,http://www.wikidata.org/entity/Q106635234
http://www.wikidata.org/entity/Q10932272,http://www.wikidata.org/entity/Q2812726
http://www.wikidata.org/entity/Q10951437,http://www.wikidata.org/entity/Q12010046
http://www.wikidata.org/entity/Q10970468,http://www.wikidata.org/entity/Q3328603
http://www.wikidata.org/entity/Q10970468,http://www.wikidata.org/entity/Q98528197
http://www.wikidata.org/entity/Q10972251,http://www.wikidata.org/entity/Q2389651
http://www.wikidata.org/entity/Q10972251,http://www.wikidata.org/entity/Q104853037
http://www.wikidata.org/entity/Q10973951,http://www.wikidata.org/entity/Q106586999
http://www.wikidata.org/entity/Q10973951,http://www.wikidata.org/entity/Q108297183
http://www.wikidata.org/entity/Q10973951,http://www.wikidata.org/entity/Q117745523
http://www.wikidata.org/entity/Q10978770,http://www.wikidata.org/entity/Q1065742
http://www.wikidata.org/entity/Q10978770,http://www.wikidata.org/entity/Q1716019
http://www.wikidata.org/entity/Q10994046,http://www.wikidata.org/entity/Q6165240
http://www.wikidata.org/entity/Q10995782,http://www.wikidata.org/entity/Q6165240
http://www.wikidata.org/entity/Q10997436,http://www.wikidata.org/entity/Q6165240
http://www.wikidata.org/entity/Q11000115,http://www.wikidata.org/entity/Q20587253
http://www.wikidata.org/entity/Q11058823,http://www.wikidata.org/entity/Q6942376
http://www.wikidata.org/entity/Q11058823,http://www.wikidata.org/entity/Q108151421
http://www.wikidata.org/entity/Q11061723,http://www.wikidata.org/entity/Q853873
http://www.wikidata.org/entity/Q30593639,http://www.wikidata.org/entity/Q164444
http://www.wikidata.org/entity/Q30594541,http://www.wikidata.org/entity/Q851213
http://www.wikidata.org/entity/Q30594541,http://www.wikidata.org/entity/Q15733887
http://www.wikidata.org/entity/Q30632022,http://www.wikidata.org/entity/Q164444
http://www.wikidata.org/entity/Q30632442,http://www.wikidata.org/entity/Q201022
http://www.wikidata.org/entity/Q30632442,http://www.wikidata.org/entity/Q5418947
http://www.wikidata.org/entity/Q30638997,http://www.wikidata.org/entity/Q11401
http://www.wikidata.org/entity/Q30639642,http://www.wikidata.org/entity/Q531426
http://www.wikidata.org/entity/Q30692559,http://www.wikidata.org/entity/Q1548170
http://www.wikidata.org/entity/Q30692559,http://www.wikidata.org/entity/Q7205507
http://www.wikidata.org/entity/Q30765672,http://www.wikidata.org/entity/Q170611
http://www.wikidata.org/entity/Q30879806,http://www.wikidata.org/entity/Q5421158
http://www.wikidata.org/entity/Q30895273,http://www.wikidata.org/entity/Q19938910
http://www.wikidata.org/entity/Q30902501,http://www.wikidata.org/entity/Q211756
http://www.wikidata.org/entity/Q30902501,http://www.wikidata.org/entity/Q851213
http://www.wikidata.org/entity/Q30902501,http://www.wikidata.org/entity/Q964987
http://www.wikidata.org/entity/Q30904272,http://www.wikidata.org/entity/Q9759
http://www.wikidata.org/entity/Q30904272,http://www.wikidata.org/entity/Q645992
http://www.wikidata.org/entity/Q30909062,http://www.wikidata.org/entity/Q252626
http://www.wikidata.org/entity/Q30912564,http://www.wikidata.org/entity/Q956925
http://www.wikidata.org/entity/Q30912564,http://www.wikidata.org/entity/Q973150
http://www.wikidata.org/entity/Q30912999,http://www.wikidata.org/entity/Q170611
http://www.wikidata.org/entity/Q30912999,http://www.wikidata.org/entity/Q2743758
http://www.wikidata.org/entity/Q30917047,http://www.wikidata.org/entity/Q170435
http://www.wikidata.org/entity/Q30917612,http://www.wikidata.org/entity/Q20502
http://www.wikidata.org/entity/Q30919272,http://www.wikidata.org/entity/Q2615500
http://www.wikidata.org/entity/Q30931016,http://www.wikidata.org/entity/Q11403
http://www.wikidata.org/entity/Q30934395,http://www.wikidata.org/entity/Q899215
http://www.wikidata.org/entity/Q30971904,http://www.wikidata.org/entity/Q286080
http://www.wikidata.org/entity/Q30971904,http://www.wikidata.org/entity/Q4056436
http://www.wikidata.org/entity/Q31174954,http://www.wikidata.org/entity/Q1159539
http://www.wikidata.org/entity/Q31187915,http://www.wikidata.org/entity/Q12326776
http://www.wikidata.org/entity/Q31197689,http://www.wikidata.org/entity/Q483251
http://www.wikidata.org/entity/Q31197689,http://www.wikidata.org/entity/Q6042534
http://www.wikidata.org/entity/Q31362119,http://www.wikidata.org/entity/Q109271585
http://www.wikidata.org/entity/Q31449844,http://www.wikidata.org/entity/Q492264
http://www.wikidata.org/entity/Q31449844,http://www.wikidata.org/entity/Q20627595
http://www.wikidata.org/entity/Q31450035,http://www.wikidata.org/entity/Q6942044
http://www.wikidata.org/entity/Q31450746,http://www.wikidata.org/entity/Q1229479
http://www.wikidata.org/entity/Q31450746,http://www.wikidata.org/entity/Q13170510
http://www.wikidata.org/entity/Q31795541,http://www.wikidata.org/entity/Q19880374
http://www.wikidata.org/entity/Q31836693,http://www.wikidata.org/entity/Q114880130
http://www.wikidata.org/entity/Q31837446,http://www.wikidata.org/entity/Q8341
http://www.wikidata.org/entity/Q31837971,http://www.wikidata.org/entity/Q11401
http://www.wikidata.org/entity/Q31837971,http://www.wikidata.org/entity/Q121411631
http://www.wikidata.org/entity/Q31930766,http://www.wikidata.org/entity/Q57143
http://www.wikidata.org/entity/Q31930766,http://www.wikidata.org/entity/Q486415
http://www.wikidata.org/entity/Q33160145,http://www.wikidata.org/entity/Q37073
http://www.wikidata.org/entity/Q33246019,http://www.wikidata.org/entity/Q11399
http://www.wikidata.org/entity/Q35121365,http://www.wikidata.org/entity/Q1077388
http://www.wikidata.org/entity/Q35121365,http://www.wikidata.org/entity/Q3211884
http://www.wikidata.org/entity/Q37681995,http://www.wikidata.org/entity/Q531426
http://www.wikidata.org/entity/Q37731261,http://www.wikidata.org/entity/Q252833
http://www.wikidata.org/entity/Q37731261,http://www.wikidata.org/entity/Q40039114
http://www.wikidata.org/entity/Q39046042,http://www.wikidata.org/entity/Q1755959
http://www.wikidata.org/entity/Q39046042,http://www.wikidata.org/entity/Q23072435
http://www.wikidata.org/entity/Q39046042,http://www.wikidata.org/entity/Q109615856
http://www.wikidata.org/entity/Q39046859,http://www.wikidata.org/entity/Q16562829
http://www.wikidata.org/entity/Q39046859,http://www.wikidata.org/entity/Q141427655
http://www.wikidata.org/entity/Q39052425,http://www.wikidata.org/entity/Q10926
http://www.wikidata.org/entity/Q39052425,http://www.wikidata.org/entity/Q183504
http://www.wikidata.org/entity/Q39052604,http://www.wikidata.org/entity/Q263734
http://www.wikidata.org/entity/Q39075405,http://www.wikidata.org/entity/Q3071
http://www.wikidata.org/entity/Q39075405,http://www.wikidata.org/entity/Q3679098
http://www.wikidata.org/entity/Q39760174,http://www.wikidata.org/entity/Q107331898
http://www.wikidata.org/entity/Q40039114,http://www.wikidata.org/entity/Q216860
http://www.wikidata.org/entity/Q40039114,http://www.wikidata.org/entity/Q943929
http://www.wikidata.org/entity/Q40379540,http://www.wikidata.org/entity/Q2346484
http://www.wikidata.org/entity/Q40379540,http://www.wikidata.org/entity/Q3305039
http://www.wikidata.org/entity/Q42525933,http://www.wikidata.org/entity/Q856713
http://www.wikidata.org/entity/Q42681198,http://www.wikidata.org/entity/Q26897135
http://www.wikidata.org/entity/Q47005557,http://www.wikidata.org/entity/Q910606
http://www.wikidata.org/entity/Q47005557,http://www.wikidata.org/entity/Q2662148
http://www.wikidata.org/entity/Q47074428,http://www.wikidata.org/entity/Q11401
http://www.wikidata.org/entity/Q47781397,http://www.wikidata.org/entity/Q114880130
http://www.wikidata.org/entity/Q48297861,http://www.wikidata.org/entity/Q6942327
http://www.wikidata.org/entity/Q48297861,http://www.wikidata.org/entity/Q109916244
http://www.wikidata.org/entity/Q48359853,http://www.wikidata.org/entity/Q3655696
http://www.wikidata.org/entity/Q48549789,http://www.wikidata.org/entity/Q216860
http://www.wikidata.org/entity/Q48723594,http://www.wikidata.org/entity/Q209815
http://www.wikidata.org/entity/Q48723594,http://www.wikidata.org/entity/Q484692
http://www.wikidata.org/entity/Q48723594,http://www.wikidata.org/entity/Q23072435
http://www.wikidata.org/entity/Q48723594,http://www.wikidata.org/entity/Q98528267
http://www.wikidata.org/entity/Q48747276,http://www.wikidata.org/entity/Q7366
http://www.wikidata.org/entity/Q48747276,http://www.wikidata.org/entity/Q1229479
http://www.wikidata.org/entity/Q48767281,http://www.wikidata.org/entity/Q1378776
http://www.wikidata.org/entity/Q48767281,http://www.wikidata.org/entity/Q5413526
http://www.wikidata.org/entity/Q48770362,http://www.wikidata.org/entity/Q9778
http://www.wikidata.org/entity/Q48770362,http://www.wikidata.org/entity/Q3889385
http://www.wikidata.org/entity/Q48770364,http://www.wikidata.org/entity/Q10926
http://www.wikidata.org/entity/Q48783348,http://www.wikidata.org/entity/Q1132929
http://www.wikidata.org/entity/Q48783348,http://www.wikidata.org/entity/Q109914781
http://www.wikidata.org/entity/Q48783464,http://www.wikidata.org/entity/Q1132929
http://www.wikidata.org/entity/Q48783464,http://www.wikidata.org/entity/Q98528210
http://www.wikidata.org/entity/Q48783464,http://www.wikidata.org/entity/Q109914781
http://www.wikidata.org/entity/Q48792190,http://www.wikidata.org/entity/Q189045
http://www.wikidata.org/entity/Q48810672,http://www.wikidata.org/entity/Q9730
http://www.wikidata.org/entity/Q48810672,http://www.wikidata.org/entity/Q268673
http://www.wikidata.org/entity/Q48810672,http://www.wikidata.org/entity/Q1472271
http://www.wikidata.org/entity/Q48810672,http://www.wikidata.org/entity/Q121032006
http://www.wikidata.org/entity/Q117261741,http://www.wikidata.org/entity/Q235858
http://www.wikidata.org/entity/Q117261741,http://www.wikidata.org/entity/Q10334885
http://www.wikidata.org/entity/Q117261805,http://www.wikidata.org/entity/Q235858
http://www.wikidata.org/entity/Q117261805,http://www.wikidata.org/entity/Q10334885
http://www.wikidata.org/entity/Q117302049,http://www.wikidata.org/entity/Q724104
http://www.wikidata.org/entity/Q117348352,http://www.wikidata.org/entity/Q235858
http://www.wikidata.org/entity/Q117348352,http://www.wikidata.org/entity/Q3328756
http://www.wikidata.org/entity/Q117353741,http://www.wikidata.org/entity/Q592060
http://www.wikidata.org/entity/Q117353741,http://www.wikidata.org/entity/Q1049625
http://www.wikidata.org/entity/Q117405746,http://www.wikidata.org/entity/Q113600471
http://www.wikidata.org/entity/Q117487034,http://www.wikidata.org/entity/Q7382074
http://www.wikidata.org/entity/Q117632843,http://www.wikidata.org/entity/Q1048249
http://www.wikidata.org/entity/Q117632843,http://www.wikidata.org/entity/Q6942263
http://www.wikidata.org/entity/Q117632917,http://www.wikidata.org/entity/Q899215
http://www.wikidata.org/entity/Q117745223,http://www.wikidata.org/entity/Q899215
http://www.wikidata.org/entity/Q117745223,http://www.wikidata.org/entity/Q11787389
http://www.wikidata.org/entity/Q117745223,http://www.wikidata.org/entity/Q114880124
http://www.wikidata.org/entity/Q117745336,http://www.wikidata.org/entity/Q3868600
http://www.wikidata.org/entity/Q117745444,http://www.wikidata.org/entity/Q37073
http://www.wikidata.org/entity/Q117745444,http://www.wikidata.org/entity/Q12499697
http://www.wikidata.org/entity/Q117745523,http://www.wikidata.org/entity/Q1210921
http://www.wikidata.org/entity/Q117745523,http://www.wikidata.org/entity/Q108297183
http://www.wikidata.org/entity/Q117750973,http://www.wikidata.org/entity/Q2374619
http://www.wikidata.org/entity/Q117824808,http://www.wikidata.org/entity/Q899215
http://www.wikidata.org/entity/Q117843679,http://www.wikidata.org/entity/Q6942044
http://www.wikidata.org/entity/Q117873051,http://www.wikidata.org/entity/Q3349675
http://www.wikidata.org/entity/Q118114324,http://www.wikidata.org/entity/Q947155
http://www.wikidata.org/entity/Q118114324,http://www.wikidata.org/entity/Q1770695
http://www.wikidata.org/entity/Q118120091,http://www.wikidata.org/entity/Q4794612
http://www.wikidata.org/entity/Q118120091,http://www.wikidata.org/entity/Q98528210
http://www.wikidata.org/entity/Q118120984,http://www.wikidata.org/entity/Q3535998
http://www.wikidata.org/entity/Q118120984,http://www.wikidata.org/entity/Q6942249
http://www.wikidata.org/entity/Q118123304,http://www.wikidata.org/entity/Q43343
http://www.wikidata.org/entity/Q118123362,http://www.wikidata.org/entity/Q37073
http://www.wikidata.org/entity/Q118123362,http://www.wikidata.org/entity/Q29252685
http://www.wikidata.org/entity/Q118146876,http://www.wikidata.org/entity/Q98528267
http://www.wikidata.org/entity/Q118146890,http://www.wikidata.org/entity/Q531426
http://www.wikidata.org/entity/Q118146900,http://www.wikidata.org/entity/Q531426
http://www.wikidata.org/entity/Q118150969,http://www.wikidata.org/entity/Q83440
http://www.wikidata.org/entity/Q118150969,http://www.wikidata.org/entity/Q1443316
http://www.wikidata.org/entity/Q118151172,http://www.wikidata.org/entity/Q1716019
http://www.wikidata.org/entity/Q118151172,http://www.wikidata.org/entity/Q107033384
http://www.wikidata.org/entity/Q118151323,http://www.wikidata.org/entity/Q531426
http://www.wikidata.org/entity/Q118151324,http://www.wikidata.org/entity/Q585588
http://www.wikidata.org/entity/Q118151325,http://www.wikidata.org/entity/Q585588
http://www.wikidata.org/entity/Q118151326,http://www.wikidata.org/entity/Q531426
http://www.wikidata.org/entity/Q118151327,http://www.wikidata.org/entity/Q531426
http://www.wikidata.org/entity/Q118176163,http://www.wikidata.org/entity/Q106595599
http://www.wikidata.org/entity/Q118177578,http://www.wikidata.org/entity/Q920883
http://www.wikidata.org/entity/Q118177578,http://www.wikidata.org/entity/Q98528197
http://www.wikidata.org/entity/Q118210225,http://www.wikidata.org/entity/Q3328676
http://www.wikidata.org/entity/Q118255449,http://www.wikidata.org/entity/Q3868600
http://www.wikidata.org/entity/Q118324067,http://www.wikidata.org/entity/Q106422444
http://www.wikidata.org/entity/Q118367897,http://www.wikidata.org/entity/Q943929
http://www.wikidata.org/entity/Q118367897,http://www.wikidata.org/entity/Q6452410
http://www.wikidata.org/entity/Q118395684,http://www.wikidata.org/entity/Q624044
http://www.wikidata.org/entity/Q118395684,http://www.wikidata.org/entity/Q1210921
http://www.wikidata.org/entity/Q118640019,http://www.wikidata.org/entity/Q1884689
http://www.wikidata.org/entity/Q118640020,http://www.wikidata.org/entity/Q1151260
http://www.wikidata.org/entity/Q118678057,http://www.wikidata.org/entity/Q202930
http://www.wikidata.org/entity/Q118678057,http://www.wikidata.org/entity/Q3397325
http://www.wikidata.org/entity/Q118738876,http://www.wikidata.org/entity/Q9730
http://www.wikidata.org/entity/Q118738876,http://www.wikidata.org/entity/Q316930
http://www.wikidata.org/entity/Q118738993,http://www.wikidata.org/entity/Q235858
http://www.wikidata.org/entity/Q118738993,http://www.wikidata.org/entity/Q316930
http://www.wikidata.org/entity/Q118744380,http://www.wikidata.org/entity/Q118738993
http://www.wikidata.org/entity/Q118744381,http://www.wikidata.org/entity/Q17018487
http://www.wikidata.org/entity/Q118744381,http://www.wikidata.org/entity/Q118738993
http://www.wikidata.org/entity/Q118744385,http://www.wikidata.org/entity/Q316930
http://www.wikidata.org/entity/Q118744385,http://www.wikidata.org/entity/Q18345375
http://www.wikidata.org/entity/Q118744387,http://www.wikidata.org/entity/Q114594062
http://www.wikidata.org/entity/Q118744387,http://www.wikidata.org/entity/Q118738993
http://www.wikidata.org/entity/Q118744395,http://www.wikidata.org/entity/Q316930
http://www.wikidata.org/entity/Q118744395,http://www.wikidata.org/entity/Q105756581
http://www.wikidata.org/entity/Q118744917,http://www.wikidata.org/entity/Q316930
http://www.wikidata.org/entity/Q118798959,http://www.wikidata.org/entity/Q20474
http://www.wikidata.org/entity/Q119225357,http://www.wikidata.org/entity/Q3889385
http://www.wikidata.org/entity/Q119228945,http://www.wikidata.org/entity/Q9759
http://www.wikidata.org/entity/Q119228966,http://www.wikidata.org/entity/Q492096
http://www.wikidata.org/entity/Q119228966,http://www.wikidata.org/entity/Q98528197
http://www.wikidata.org/entity/Q119228986,http://www.wikidata.org/entity/Q10838732
http://www.wikidata.org/entity/Q119259589,http://www.wikidata.org/entity/Q20903
http://www.wikidata.org/entity/Q119438481,http://www.wikidata.org/entity/Q546206
http://www.wikidata.org/entity/Q119438481,http://www.wikidata.org/entity/Q117745223
http://www.wikidata.org/entity/Q119438497,http://www.wikidata.org/entity/Q20502
http://www.wikidata.org/entity/Q119517804,http://www.wikidata.org/entity/Q115484611
http://www.wikidata.org/entity/Q119580609,http://www.wikidata.org/entity/Q117745223
http://www.wikidata.org/entity/Q119820709,http://www.wikidata.org/entity/Q1499839
http://www.wikidata.org/entity/Q119844080,http://www.wikidata.org/entity/Q11660484
http://www.wikidata.org/entity/Q119889473,http://www.wikidata.org/entity/Q6010117
http://www.wikidata.org/entity/Q119889474,http://www.wikidata.org/entity/Q850412
http://www.wikidata.org/entity/Q119889474,http://www.wikidata.org/entity/Q2913982
http://www.wikidata.org/entity/Q120209068,http://www.wikidata.org/entity/Q1421268
http://www.wikidata.org/entity/Q120209068,http://www.wikidata.org/entity/Q109914703
http://www.wikidata.org/entity/Q120233553,http://www.wikidata.org/entity/Q3889385
http://www.wikidata.org/entity/Q120403950,http://www.wikidata.org/entity/Q503354
http://www.wikidata.org/entity/Q120403950,http://www.wikidata.org/entity/Q1232283
http://www.wikidata.org/entity/Q120403950,http://www.wikidata.org/entity/Q1862748
http://www.wikidata.org/entity/Q120403952,http://www.wikidata.org/entity/Q1003594
http://www.wikidata.org/entity/Q120413103,http://www.wikidata.org/entity/Q324617
http://www.wikidata.org/entity/Q111186968,http://www.wikidata.org/entity/Q17018487
http://www.wikidata.org/entity/Q111192422,http://www.wikidata.org/entity/Q1123037
http://www.wikidata.org/entity/Q111192422,http://www.wikidata.org/entity/Q2743758
http://www.wikidata.org/entity/Q111209367,http://www.wikidata.org/entity/Q383103
http://www.wikidata.org/entity/Q111209367,http://www.wikidata.org/entity/Q4806789
http://www.wikidata.org/entity/Q111209368,http://www.wikidata.org/entity/Q3135793
http://www.wikidata.org/entity/Q111209368,http://www.wikidata.org/entity/Q3328758
http://www.wikidata.org/entity/Q111209369,http://www.wikidata.org/entity/Q3135793
http://www.wikidata.org/entity/Q111209369,http://www.wikidata.org/entity/Q3328692
http://www.wikidata.org/entity/Q111209370,http://www.wikidata.org/entity/Q1156957
http://www.wikidata.org/entity/Q111209370,http://www.wikidata.org/entity/Q4806789
http://www.wikidata.org/entity/Q111212208,http://www.wikidata.org/entity/Q685884
http://www.wikidata.org/entity/Q111241124,http://www.wikidata.org/entity/Q899215
http://www.wikidata.org/entity/Q111291052,http://www.wikidata.org/entity/Q155858
http://www.wikidata.org/entity/Q111297626,http://www.wikidata.org/entity/Q1130969
http://www.wikidata.org/entity/Q111297626,http://www.wikidata.org/entity/Q107266605
http://www.wikidata.org/entity/Q111304955,http://www.wikidata.org/entity/Q66364245
http://www.wikidata.org/entity/Q111335488,http://www.wikidata.org/entity/Q9048257
http://www.wikidata.org/entity/Q111357002,http://www.wikidata.org/entity/Q2863648
http://www.wikidata.org/entity/Q111357005,http://www.wikidata.org/entity/Q202930
http://www.wikidata.org/entity/Q111387914,http://www.wikidata.org/entity/Q9778
http://www.wikidata.org/entity/Q111394868,http://www.wikidata.org/entity/Q2662072
http://www.wikidata.org/entity/Q111394868,http://www.wikidata.org/entity/Q106926276
http://www.wikidata.org/entity/Q111440420,http://www.wikidata.org/entity/Q98528192
http://www.wikidata.org/entity/Q111442385,http://www.wikidata.org/entity/Q851213
http://www.wikidata.org/entity/Q111450475,http://www.wikidata.org/entity/Q235858
http://www.wikidata.org/entity/Q111450475,http://www.wikidata.org/entity/Q2498201
http://www.wikidata.org/entity/Q111535905,http://www.wikidata.org/entity/Q7366
http://www.wikidata.org/entity/Q111535905,http://www.wikidata.org/entity/Q1370345
http://www.wikidata.org/entity/Q111540441,http://www.wikidata.org/entity/Q37073
http://www.wikidata.org/entity/Q111540441,http://www.wikidata.org/entity/Q1465419
http://www.wikidata.org/entity/Q111540473,http://www.wikidata.org/entity/Q1102161
http://www.wikidata.org/entity/Q111540473,http://www.wikidata.org/entity/Q105763581
http://www.wikidata.org/entity/Q111540484,http://www.wikidata.org/entity/Q1730388
http://www.wikidata.org/entity/Q111540492,http://www.wikidata.org/entity/Q203720
http://www.wikidata.org/entity/Q111540535,http://www.wikidata.org/entity/Q18345375
http://www.wikidata.org/entity/Q111540535,http://www.wikidata.org/entity/Q89363113
http://www.wikidata.org/entity/Q111540563,http://www.wikidata.org/entity/Q180268
http://www.wikidata.org/entity/Q111540563,http://www.wikidata.org/entity/Q639197
http://www.wikidata.org/entity/Q111597170,http://www.wikidata.org/entity/Q7770873
http://www.wikidata.org/entity/Q111628716,http://www.wikidata.org/entity/Q47781397
http://www.wikidata.org/entity/Q111633950,http://www.wikidata.org/entity/Q122149755
http://www.wikidata.org/entity/Q111653578,http://www.wikidata.org/entity/Q47781397
http://www.wikidata.org/entity/Q111678759,http://www.wikidata.org/entity/Q202925
http://www.wikidata.org/entity/Q111687854,http://www.wikidata.org/entity/Q201022
http://www.wikidata.org/entity/Q111721363,http://www.wikidata.org/entity/Q2913982
http://www.wikidata.org/entity/Q111738966,http://www.wikidata.org/entity/Q6941917
http://www.wikidata.org/entity/Q111738966,http://www.wikidata.org/entity/Q107013350
http://www.wikidata.org/entity/Q111804002,http://www.wikidata.org/entity/Q188994
http://www.wikidata.org/entity/Q111804019,http://www.wikidata.org/entity/Q106926325
http://www.wikidata.org/entity/Q111804019,http://www.wikidata.org/entity/Q117632917
http://www.wikidata.org/entity/Q111938157,http://www.wikidata.org/entity/Q98528267
http://www.wikidata.org/entity/Q111939074,http://www.wikidata.org/entity/Q387236
http://www.wikidata.org/entity/Q111939074,http://www.wikidata.org/entity/Q6942167
http://www.wikidata.org/entity/Q111971710,http://www.wikidata.org/entity/Q132438
http://www.wikidata.org/entity/Q111971710,http://www.wikidata.org/entity/Q726239
http://www.wikidata.org/entity/Q111971785,http://www.wikidata.org/entity/Q47781397
http://www.wikidata.org/entity/Q111971801,http://www.wikidata.org/entity/Q107090501
http://www.wikidata.org/entity/Q111973339,http://www.wikidata.org/entity/Q1541229
http://www.wikidata.org/entity/Q112066384,http://www.wikidata.org/entity/Q55648025
http://www.wikidata.org/entity/Q112112926,http://www.wikidata.org/entity/Q582093
http://www.wikidata.org/entity/Q112112926,http://www.wikidata.org/entity/Q1786016
http://www.wikidata.org/entity/Q112118783,http://www.wikidata.org/entity/Q48971892
http://www.wikidata.org/entity/Q112118786,http://www.wikidata.org/entity/Q48971892
http://www.wikidata.org/entity/Q112143195,http://www.wikidata.org/entity/Q1045756
http://www.wikidata.org/entity/Q112144219,http://www.wikidata.org/entity/Q106586236
http://www.wikidata.org/entity/Q112144236,http://www.wikidata.org/entity/Q11399
http://www.wikidata.org/entity/Q112144236,http://www.wikidata.org/entity/Q112144238
http://www.wikidata.org/entity/Q112144238,http://www.wikidata.org/entity/Q6942239
http://www.wikidata.org/entity/Q112144256,http://www.wikidata.org/entity/Q1076092
http://www.wikidata.org/entity/Q112159506,http://www.wikidata.org/entity/Q110592449
http://www.wikidata.org/entity/Q112176170,http://www.wikidata.org/entity/Q373342
http://www.wikidata.org/entity/Q112593424,http://www.wikidata.org/entity/Q213121
http://www.wikidata.org/entity/Q112593459,http://www.wikidata.org/entity/Q1640319
http://www.wikidata.org/entity/Q112593544,http://www.wikidata.org/entity/Q98528191
http://www.wikidata.org/entity/Q112593544,http://www.wikidata.org/entity/Q118738993
http://www.wikidata.org/entity/Q112593597,http://www.wikidata.org/entity/Q825769
http://www.wikidata.org/entity/Q112593597,http://www.wikidata.org/entity/Q12326776
http://www.wikidata.org/entity/Q112610153,http://www.wikidata.org/entity/Q10366208
http://www.wikidata.org/entity/Q112628064,http://www.wikidata.org/entity/Q484641
http://www.wikidata.org/entity/Q112628066,http://www.wikidata.org/entity/Q2662072
http://www.wikidata.org/entity/Q112628066,http://www.wikidata.org/entity/Q106926276
http://www.wikidata.org/entity/Q112628069,http://www.wikidata.org/entity/Q825769
http://www.wikidata.org/entity/Q112632092,http://www.wikidata.org/entity/Q2743758
http://www.wikidata.org/entity/Q112652885,http://www.wikidata.org/entity/Q3328681
http://www.wikidata.org/entity/Q112652885,http://www.wikidata.org/entity/Q11822344
http://www.wikidata.org/entity/Q112663444,http://www.wikidata.org/entity/Q170611
http://www.wikidata.org/entity/Q112663444,http://www.wikidata.org/entity/Q388906
http://www.wikidata.org/entity/Q112663444,http://www.wikidata.org/entity/Q898709
http://www.wikidata.org/entity/Q112748494,http://www.wikidata.org/entity/Q11639
http://www.wikidata.org/entity/Q112748494,http://www.wikidata.org/entity/Q7198347
http://www.wikidata.org/entity/Q112748494,http://www.wikidata.org/entity/Q60733114
http://www.wikidata.org/entity/Q112829330,http://www.wikidata.org/entity/Q598593
http://www.wikidata.org/entity/Q112939048,http://www.wikidata.org/entity/Q185652
http://www.wikidata.org/entity/Q112939067,http://www.wikidata.org/entity/Q11401
http://www.wikidata.org/entity/Q112939200,http://www.wikidata.org/entity/Q220830
http://www.wikidata.org/entity/Q112939205,http://www.wikidata.org/entity/Q112939200
http://www.wikidata.org/entity/Q112958001,http://www.wikidata.org/entity/Q469343
http://www.wikidata.org/entity/Q112958001,http://www.wikidata.org/entity/Q6942327
http://www.wikidata.org/entity/Q112972994,http://www.wikidata.org/entity/Q58339
http://www.wikidata.org/entity/Q11061723,http://www.wikidata.org/entity/Q48834207
http://www.wikidata.org/entity/Q11064735,http://www.wikidata.org/entity/Q277393
http://www.wikidata.org/entity/Q11122966,http://www.wikidata.org/entity/Q253918
http://www.wikidata.org/entity/Q11135733,http://www.wikidata.org/entity/Q20825943
http://www.wikidata.org/entity/Q11162353,http://www.wikidata.org/entity/Q11544988
http://www.wikidata.org/entity/Q11162353,http://www.wikidata.org/entity/Q11638369
http://www.wikidata.org/entity/Q11184265,http://www.wikidata.org/entity/Q6942130
http://www.wikidata.org/entity/Q11185609,http://www.wikidata.org/entity/Q42998
http://www.wikidata.org/entity/Q11185609,http://www.wikidata.org/entity/Q1210921
http://www.wikidata.org/entity/Q11210968,http://www.wikidata.org/entity/Q194492
http://www.wikidata.org/entity/Q11210968,http://www.wikidata.org/entity/Q6942012
http://www.wikidata.org/entity/Q11212348,http://www.wikidata.org/entity/Q20587253
http://www.wikidata.org/entity/Q11213538,http://www.wikidata.org/entity/Q20587253
http://www.wikidata.org/entity/Q11214531,http://www.wikidata.org/entity/Q7366
http://www.wikidata.org/entity/Q11214531,http://www.wikidata.org/entity/Q503354
http://www.wikidata.org/entity/Q11215782,http://www.wikidata.org/entity/Q194492
http://www.wikidata.org/entity/Q11215782,http://www.wikidata.org/entity/Q6942130
http://www.wikidata.org/entity/Q11223087,http://www.wikidata.org/entity/Q1672398
http://www.wikidata.org/entity/Q11223087,http://www.wikidata.org/entity/Q98528260
http://www.wikidata.org/entity/Q11258489,http://www.wikidata.org/entity/Q3517436
http://www.wikidata.org/entity/Q11260516,http://www.wikidata.org/entity/Q11638369
http://www.wikidata.org/entity/Q11262541,http://www.wikidata.org/entity/Q11573651
http://www.wikidata.org/entity/Q11262541,http://www.wikidata.org/entity/Q11573675
http://www.wikidata.org/entity/Q11275415,http://www.wikidata.org/entity/Q6165240
http://www.wikidata.org/entity/Q11282754,http://www.wikidata.org/entity/Q131578
http://www.wikidata.org/entity/Q11282754,http://www.wikidata.org/entity/Q1207347
http://www.wikidata.org/entity/Q11285080,http://www.wikidata.org/entity/Q10922
http://www.wikidata.org/entity/Q11285080,http://www.wikidata.org/entity/Q2267955
http://www.wikidata.org/entity/Q11293623,http://www.wikidata.org/entity/Q10922
http://www.wikidata.org/entity/Q11300623,http://www.wikidata.org/entity/Q109105322
http://www.wikidata.org/entity/Q11304409,http://www.wikidata.org/entity/Q109411
http://www.wikidata.org/entity/Q11304409,http://www.wikidata.org/entity/Q2278881
http://www.wikidata.org/entity/Q11307326,http://www.wikidata.org/entity/Q37073
http://www.wikidata.org/entity/Q11307326,http://www.wikidata.org/entity/Q257533
http://www.wikidata.org/entity/Q11308620,http://www.wikidata.org/entity/Q9778
http://www.wikidata.org/entity/Q11310298,http://www.wikidata.org/entity/Q2743758
http://www.wikidata.org/entity/Q11310298,http://www.wikidata.org/entity/Q12326776
http://www.wikidata.org/entity/Q11312853,http://www.wikidata.org/entity/Q848457
http://www.wikidata.org/entity/Q11314351,http://www.wikidata.org/entity/Q257533
http://www.wikidata.org/entity/Q11317843,http://www.wikidata.org/entity/Q183504
http://www.wikidata.org/entity/Q11319210,http://www.wikidata.org/entity/Q1298934
http://www.wikidata.org/entity/Q11319232,http://www.wikidata.org/entity/Q1418683
http://www.wikidata.org/entity/Q11319232,http://www.wikidata.org/entity/Q11319210
http://www.wikidata.org/entity/Q11320501,http://www.wikidata.org/entity/Q11399
http://www.wikidata.org/entity/Q11320601,http://www.wikidata.org/entity/Q465978
http://www.wikidata.org/entity/Q11320601,http://www.wikidata.org/entity/Q483251
http://www.wikidata.org/entity/Q11320601,http://www.wikidata.org/entity/Q483352
http://www.wikidata.org/entity/Q11324632,http://www.wikidata.org/entity/Q257533
http://www.wikidata.org/entity/Q11324774,http://www.wikidata.org/entity/Q10922
http://www.wikidata.org/entity/Q11324951,http://www.wikidata.org/entity/Q37073
http://www.wikidata.org/entity/Q11324951,http://www.wikidata.org/entity/Q257533
http://www.wikidata.org/entity/Q11324974,http://www.wikidata.org/entity/Q3071
http://www.wikidata.org/entity/Q11324974,http://www.wikidata.org/entity/Q420965
http://www.wikidata.org/entity/Q11325015,http://www.wikidata.org/entity/Q11399
http://www.wikidata.org/entity/Q11325233,http://www.wikidata.org/entity/Q257533
http://www.wikidata.org/entity/Q11325235,http://www.wikidata.org/entity/Q842324
http://www.wikidata.org/entity/Q11325235,http://www.wikidata.org/entity/Q1190565
http://www.wikidata.org/entity/Q11325293,http://www.wikidata.org/entity/Q1207347
http://www.wikidata.org/entity/Q11330425,http://www.wikidata.org/entity/Q26897135
http://www.wikidata.org/entity/Q11331081,http://www.wikidata.org/entity/Q257533
http://www.wikidata.org/entity/Q11331157,http://www.wikidata.org/entity/Q187760
http://www.wikidata.org/entity/Q11331157,http://www.wikidata.org/entity/Q257533
http://www.wikidata.org/entity/Q11331157,http://www.wikidata.org/entity/Q484641
http://www.wikidata.org/entity/Q11332204,http://www.wikidata.org/entity/Q851213
http://www.wikidata.org/entity/Q11334714,http://www.wikidata.org/entity/Q170435
http://www.wikidata.org/entity/Q11334714,http://www.wikidata.org/entity/Q663519
http://www.wikidata.org/entity/Q11334766,http://www.wikidata.org/entity/Q484641
http://www.wikidata.org/entity/Q11339397,http://www.wikidata.org/entity/Q485915
http://www.wikidata.org/entity/Q11339397,http://www.wikidata.org/entity/Q1298934
http://www.wikidata.org/entity/Q11344133,http://www.wikidata.org/entity/Q211723
http://www.wikidata.org/entity/Q11344341,http://www.wikidata.org/entity/Q12326776
http://www.wikidata.org/entity/Q11345830,http://www.wikidata.org/entity/Q502658
http://www.wikidata.org/entity/Q11345830,http://www.wikidata.org/entity/Q11573651
http://www.wikidata.org/entity/Q11345973,http://www.wikidata.org/entity/Q11399
http://www.wikidata.org/entity/Q11345973,http://www.wikidata.org/entity/Q3328676
http://www.wikidata.org/entity/Q11346620,http://www.wikidata.org/entity/Q1055871
http://www.wikidata.org/entity/Q11346971,http://www.wikidata.org/entity/Q1425661
http://www.wikidata.org/entity/Q11359070,http://www.wikidata.org/entity/Q11638369
http://www.wikidata.org/entity/Q11395594,http://www.wikidata.org/entity/Q4171186
http://www.wikidata.org/entity/Q11395595,http://www.wikidata.org/entity/Q16485558
http://www.wikidata.org/entity/Q11398105,http://www.wikidata.org/entity/Q107021951
http://www.wikidata.org/entity/Q11398105,http://www.wikidata.org/entity/Q107736421
http://www.wikidata.org/entity/Q11400811,http://www.wikidata.org/entity/Q369820
http://www.wikidata.org/entity/Q11402284,http://www.wikidata.org/entity/Q12326776
http://www.wikidata.org/entity/Q11402284,http://www.wikidata.org/entity/Q110471193
http://www.wikidata.org/entity/Q11410717,http://www.wikidata.org/entity/Q7366
http://www.wikidata.org/entity/Q11410949,http://www.wikidata.org/entity/Q877342
http://www.wikidata.org/entity/Q11418506,http://www.wikidata.org/entity/Q257533
http://www.wikidata.org/entity/Q11421132,http://www.wikidata.org/entity/Q23691
http://www.wikidata.org/entity/Q11424707,http://www.wikidata.org/entity/Q3299373
http://www.wikidata.org/entity/Q11434951,http://www.wikidata.org/entity/Q901610
http://www.wikidata.org/entity/Q11446578,http://www.wikidata.org/entity/Q5369049
http://www.wikidata.org/entity/Q11453478,http://www.wikidata.org/entity/Q17053898
http://www.wikidata.org/entity/Q11453478,http://www.wikidata.org/entity/Q106586219
http://www.wikidata.org/entity/Q11459349,http://www.wikidata.org/entity/Q106586219
http://www.wikidata.org/entity/Q11481323,http://www.wikidata.org/entity/Q2188189
http://www.wikidata.org/entity/Q11487510,http://www.wikidata.org/entity/Q189201
http://www.wikidata.org/entity/Q11487510,http://www.wikidata.org/entity/Q12367929
http://www.wikidata.org/entity/Q11489003,http://www.wikidata.org/entity/Q189201
http://www.wikidata.org/entity/Q11489003,http://www.wikidata.org/entity/Q869750
http://www.wikidata.org/entity/Q11489003,http://www.wikidata.org/entity/Q15614479
http://www.wikidata.org/entity/Q11497177,http://www.wikidata.org/entity/Q1123037
http://www.wikidata.org/entity/Q11499279,http://www.wikidata.org/entity/Q174873
http://www.wikidata.org/entity/Q11499279,http://www.wikidata.org/entity/Q8812109
http://www.wikidata.org/entity/Q11500122,http://www.wikidata.org/entity/Q257533
http://www.wikidata.org/entity/Q11505686,http://www.wikidata.org/entity/Q3071
http://www.wikidata.org/entity/Q11505686,http://www.wikidata.org/entity/Q257533
http://www.wikidata.org/entity/Q11512269,http://www.wikidata.org/entity/Q257533
http://www.wikidata.org/entity/Q11544988,http://www.wikidata.org/entity/Q7832297
http://www.wikidata.org/entity/Q11560476,http://www.wikidata.org/entity/Q1361891
http://www.wikidata.org/entity/Q11560476,http://www.wikidata.org/entity/Q11398105
http://www.wikidata.org/entity/Q11560687,http://www.wikidata.org/entity/Q7832297
http://www.wikidata.org/entity/Q11565443,http://www.wikidata.org/entity/Q202287
http://www.wikidata.org/entity/Q11565463,http://www.wikidata.org/entity/Q873478
http://www.wikidata.org/entity/Q11565463,http://www.wikidata.org/entity/Q1418683
http://www.wikidata.org/entity/Q11573449,http://www.wikidata.org/entity/Q257533
http://www.wikidata.org/entity/Q11573449,http://www.wikidata.org/entity/Q3328797
http://www.wikidata.org/entity/Q11573651,http://www.wikidata.org/entity/Q869750
http://www.wikidata.org/entity/Q11573651,http://www.wikidata.org/entity/Q15614479
http://www.wikidata.org/entity/Q11574321,http://www.wikidata.org/entity/Q901610
http://www.wikidata.org/entity/Q11581689,http://www.wikidata.org/entity/Q492067
http://www.wikidata.org/entity/Q11581689,http://www.wikidata.org/entity/Q5958515
http://www.wikidata.org/entity/Q11581689,http://www.wikidata.org/entity/Q16261643
http://www.wikidata.org/entity/Q11582047,http://www.wikidata.org/entity/Q11574321
http://www.wikidata.org/entity/Q11598508,http://www.wikidata.org/entity/Q11638369
http://www.wikidata.org/entity/Q11599140,http://www.wikidata.org/entity/Q1147752
http://www.wikidata.org/entity/Q11599140,http://www.wikidata.org/entity/Q5369049
http://www.wikidata.org/entity/Q11602782,http://www.wikidata.org/entity/Q5958515
http://www.wikidata.org/entity/Q11603109,http://www.wikidata.org/entity/Q106586236
http://www.wikidata.org/entity/Q11622339,http://www.wikidata.org/entity/Q5958515
http://www.wikidata.org/entity/Q11622339,http://www.wikidata.org/entity/Q16261643
http://www.wikidata.org/entity/Q11632191,http://www.wikidata.org/entity/Q5958515
http://www.wikidata.org/entity/Q11632250,http://www.wikidata.org/entity/Q7832297
http://www.wikidata.org/entity/Q11637117,http://www.wikidata.org/entity/Q211025
http://www.wikidata.org/entity/Q11637117,http://www.wikidata.org/entity/Q869750
http://www.wikidata.org/entity/Q11637117,http://www.wikidata.org/entity/Q15614479
http://www.wikidata.org/entity/Q11638369,http://www.wikidata.org/entity/Q257533
http://www.wikidata.org/entity/Q11643236,http://www.wikidata.org/entity/Q718540
http://www.wikidata.org/entity/Q11651126,http://www.wikidata.org/entity/Q6165240
http://www.wikidata.org/entity/Q11660484,http://www.wikidata.org/entity/Q131578
http://www.wikidata.org/entity/Q11660484,http://www.wikidata.org/entity/Q10846275
http://www.wikidata.org/entity/Q11660625,http://www.wikidata.org/entity/Q7366
http://www.wikidata.org/entity/Q11661531,http://www.wikidata.org/entity/Q257533
http://www.wikidata.org/entity/Q11661531,http://www.wikidata.org/entity/Q487914
http://www.wikidata.org/entity/Q11680297,http://www.wikidata.org/entity/Q663519
http://www.wikidata.org/entity/Q11691380,http://www.wikidata.org/entity/Q627906
http://www.wikidata.org/entity/Q11691916,http://www.wikidata.org/entity/Q316930
http://www.wikidata.org/entity/Q11691916,http://www.wikidata.org/entity/Q722989
http://www.wikidata.org/entity/Q11693015,http://www.wikidata.org/entity/Q20502
http://www.wikidata.org/entity/Q11693017,http://www.wikidata.org/entity/Q1585075
http://www.wikidata.org/entity/Q11693803,http://www.wikidata.org/entity/Q11639
http://www.wikidata.org/entity/Q11693803,http://www.wikidata.org/entity/Q6942267
http://www.wikidata.org/entity/Q11693803,http://www.wikidata.org/entity/Q98528185
http://www.wikidata.org/entity/Q11696000,http://www.wikidata.org/entity/Q8341
http://www.wikidata.org/entity/Q11696000,http://www.wikidata.org/entity/Q2267955
http://www.wikidata.org/entity/Q11696530,http://www.wikidata.org/entity/Q475221
http://www.wikidata.org/entity/Q11696539,http://www.wikidata.org/entity/Q207628
http://www.wikidata.org/entity/Q11700058,http://www.wikidata.org/entity/Q37073
http://www.wikidata.org/entity/Q11700058,http://www.wikidata.org/entity/Q106298881
http://www.wikidata.org/entity/Q11700065,http://www.wikidata.org/entity/Q37073
http://www.wikidata.org/entity/Q11700065,http://www.wikidata.org/entity/Q131272
http://www.wikidata.org/entity/Q11722315,http://www.wikidata.org/entity/Q174864
http://www.wikidata.org/entity/Q11722315,http://www.wikidata.org/entity/Q3246270
http://www.wikidata.org/entity/Q11733926,http://www.wikidata.org/entity/Q9730
http://www.wikidata.org/entity/Q11733926,http://www.wikidata.org/entity/Q316930
http://www.wikidata.org/entity/Q11741414,http://www.wikidata.org/entity/Q503354
http://www.wikidata.org/entity/Q11744534,http://www.wikidata.org/entity/Q9730
http://www.wikidata.org/entity/Q11744534,http://www.wikidata.org/entity/Q316930
http://www.wikidata.org/entity/Q11747853,http://www.wikidata.org/entity/Q9730
http://www.wikidata.org/entity/Q11747853,http://www.wikidata.org/entity/Q316930
http://www.wikidata.org/entity/Q11750795,http://www.wikidata.org/entity/Q9730
http://www.wikidata.org/entity/Q11750795,http://www.wikidata.org/entity/Q316930
http://www.wikidata.org/entity/Q11762859,http://www.wikidata.org/entity/Q9730
http://www.wikidata.org/entity/Q11762859,http://www.wikidata.org/entity/Q316930
http://www.wikidata.org/entity/Q11773109,http://www.wikidata.org/entity/Q492096
http://www.wikidata.org/entity/Q11773109,http://www.wikidata.org/entity/Q98528197
http://www.wikidata.org/entity/Q11786764,http://www.wikidata.org/entity/Q118738876
http://www.wikidata.org/entity/Q11787377,http://www.wikidata.org/entity/Q115484611
http://www.wikidata.org/entity/Q11787378,http://www.wikidata.org/entity/Q9730
http://www.wikidata.org/entity/Q11787378,http://www.wikidata.org/entity/Q121032006
http://www.wikidata.org/entity/Q11787379,http://www.wikidata.org/entity/Q122149755
http://www.wikidata.org/entity/Q11787389,http://www.wikidata.org/entity/Q316930
http://www.wikidata.org/entity/Q11790566,http://www.wikidata.org/entity/Q3071
http://www.wikidata.org/entity/Q11794650,http://www.wikidata.org/entity/Q11822344
http://www.wikidata.org/entity/Q11794650,http://www.wikidata.org/entity/Q118738993
http://www.wikidata.org/entity/Q11796526,http://www.wikidata.org/entity/Q8341
http://www.wikidata.org/entity/Q11813406,http://www.wikidata.org/entity/Q207628
http://www.wikidata.org/entity/Q11813406,http://www.wikidata.org/entity/Q1128018
http://www.wikidata.org/entity/Q11817196,http://www.wikidata.org/entity/Q473602
http://www.wikidata.org/entity/Q11817196,http://www.wikidata.org/entity/Q1370345
http://www.wikidata.org/entity/Q11817196,http://www.wikidata.org/entity/Q97375316
http://www.wikidata.org/entity/Q11821889,http://www.wikidata.org/entity/Q118738876
http://www.wikidata.org/entity/Q11821942,http://www.wikidata.org/entity/Q9730
http://www.wikidata.org/entity/Q11821942,http://www.wikidata.org/entity/Q207628
http://www.wikidata.org/entity/Q11821942,http://www.wikidata.org/entity/Q316930
http://www.wikidata.org/entity/Q11821942,http://www.wikidata.org/entity/Q473602
http://www.wikidata.org/entity/Q11822344,http://www.wikidata.org/entity/Q473602
http://www.wikidata.org/entity/Q11822344,http://www.wikidata.org/entity/Q16679594
http://www.wikidata.org/entity/Q11830421,http://www.wikidata.org/entity/Q388906
http://www.wikidata.org/entity/Q11830421,http://www.wikidata.org/entity/Q1166321
http://www.wikidata.org/entity/Q120484427,http://www.wikidata.org/entity/Q851213
http://www.wikidata.org/entity/Q120691315,http://www.wikidata.org/entity/Q387236
http://www.wikidata.org/entity/Q120691315,http://www.wikidata.org/entity/Q3868597
http://www.wikidata.org/entity/Q120691352,http://www.wikidata.org/entity/Q387236
http://www.wikidata.org/entity/Q120691352,http://www.wikidata.org/entity/Q116777655
http://www.wikidata.org/entity/Q120715859,http://www.wikidata.org/entity/Q106514601
http://www.wikidata.org/entity/Q120715924,http://www.wikidata.org/entity/Q111133885
http://www.wikidata.org/entity/Q120867282,http://www.wikidata.org/entity/Q181861
http://www.wikidata.org/entity/Q120867282,http://www.wikidata.org/entity/Q108123046
http://www.wikidata.org/entity/Q120987711,http://www.wikidata.org/entity/Q868855
http://www.wikidata.org/entity/Q121032006,http://www.wikidata.org/entity/Q115484611
http://www.wikidata.org/entity/Q121160612,http://www.wikidata.org/entity/Q2665906
http://www.wikidata.org/entity/Q121170607,http://www.wikidata.org/entity/Q10334885
http://www.wikidata.org/entity/Q121285291,http://www.wikidata.org/entity/Q474027
http://www.wikidata.org/entity/Q121285291,http://www.wikidata.org/entity/Q6942303
http://www.wikidata.org/entity/Q121306892,http://www.wikidata.org/entity/Q38848
http://www.wikidata.org/entity/Q121306892,http://www.wikidata.org/entity/Q744327
http://www.wikidata.org/entity/Q121368137,http://www.wikidata.org/entity/Q846119
http://www.wikidata.org/entity/Q121368137,http://www.wikidata.org/entity/Q12326776
http://www.wikidata.org/entity/Q121411631,http://www.wikidata.org/entity/Q28146601
http://www.wikidata.org/entity/Q121437377,http://www.wikidata.org/entity/Q1051735
http://www.wikidata.org/entity/Q121437389,http://www.wikidata.org/entity/Q716060
http://www.wikidata.org/entity/Q121494463,http://www.wikidata.org/entity/Q325504
http://www.wikidata.org/entity/Q121494463,http://www.wikidata.org/entity/Q79784514
http://www.wikidata.org/entity/Q121667432,http://www.wikidata.org/entity/Q11401
http://www.wikidata.org/entity/Q121667432,http://www.wikidata.org/entity/Q846119
http://www.wikidata.org/entity/Q121840759,http://www.wikidata.org/entity/Q9794
http://www.wikidata.org/entity/Q121840759,http://www.wikidata.org/entity/Q212688
http://www.wikidata.org/entity/Q121975531,http://www.wikidata.org/entity/Q1062702
http://www.wikidata.org/entity/Q121975531,http://www.wikidata.org/entity/Q1353390
http://www.wikidata.org/entity/Q122033743,http://www.wikidata.org/entity/Q3328603
http://www.wikidata.org/entity/Q122034158,http://www.wikidata.org/entity/Q123421088
http://www.wikidata.org/entity/Q122034415,http://www.wikidata.org/entity/Q3328743
http://www.wikidata.org/entity/Q122034415,http://www.wikidata.org/entity/Q106586999
http://www.wikidata.org/entity/Q122034415,http://www.wikidata.org/entity/Q107718509
http://www.wikidata.org/entity/Q122034475,http://www.wikidata.org/entity/Q5533135
http://www.wikidata.org/entity/Q122034540,http://www.wikidata.org/entity/Q6942028
http://www.wikidata.org/entity/Q122034643,http://www.wikidata.org/entity/Q8361
http://www.wikidata.org/entity/Q122034643,http://www.wikidata.org/entity/Q4851628
http://www.wikidata.org/entity/Q122034795,http://www.wikidata.org/entity/Q919948
http://www.wikidata.org/entity/Q122143484,http://www.wikidata.org/entity/Q753679
http://www.wikidata.org/entity/Q122149755,http://www.wikidata.org/entity/Q26897135
http://www.wikidata.org/entity/Q122216296,http://www.wikidata.org/entity/Q9778
http://www.wikidata.org/entity/Q122474125,http://www.wikidata.org/entity/Q659599
http://www.wikidata.org/entity/Q122474149,http://www.wikidata.org/entity/Q11401
http://www.wikidata.org/entity/Q122474184,http://www.wikidata.org/entity/Q85748774
http://www.wikidata.org/entity/Q122474184,http://www.wikidata.org/entity/Q117745223
http://www.wikidata.org/entity/Q122474221,http://www.wikidata.org/entity/Q2913982
http://www.wikidata.org/entity/Q122474257,http://www.wikidata.org/entity/Q598593
http://www.wikidata.org/entity/Q122474257,http://www.wikidata.org/entity/Q750811
http://www.wikidata.org/entity/Q122589702,http://www.wikidata.org/entity/Q106588687
http://www.wikidata.org/entity/Q122609971,http://www.wikidata.org/entity/Q18208255
http://www.wikidata.org/entity/Q122616091,http://www.wikidata.org/entity/Q12408914
http://www.wikidata.org/entity/Q122639240,http://www.wikidata.org/entity/Q18208255
http://www.wikidata.org/entity/Q122658157,http://www.wikidata.org/entity/Q122034795
http://www.wikidata.org/entity/Q122730605,http://www.wikidata.org/entity/Q373342
http://www.wikidata.org/entity/Q122801201,http://www.wikidata.org/entity/Q8812109
http://www.wikidata.org/entity/Q122801201,http://www.wikidata.org/entity/Q107718737
http://www.wikidata.org/entity/Q122818238,http://www.wikidata.org/entity/Q7309098
http://www.wikidata.org/entity/Q122839839,http://www.wikidata.org/entity/Q388906
http://www.wikidata.org/entity/Q122910849,http://www.wikidata.org/entity/Q47781397
http://www.wikidata.org/entity/Q122932896,http://www.wikidata.org/entity/Q851213
http://www.wikidata.org/entity/Q122932896,http://www.wikidata.org/entity/Q6942287
http://www.wikidata.org/entity/Q122933096,http://www.wikidata.org/entity/Q7777494
http://www.wikidata.org/entity/Q122933096,http://www.wikidata.org/entity/Q7832297
http://www.wikidata.org/entity/Q122947986,http://www.wikidata.org/entity/Q42201
http://www.wikidata.org/entity/Q122947986,http://www.wikidata.org/entity/Q2267955
http://www.wikidata.org/entity/Q122948042,http://www.wikidata.org/entity/Q11058823
http://www.wikidata.org/entity/Q123009321,http://www.wikidata.org/entity/Q1166726
http://www.wikidata.org/entity/Q123009321,http://www.wikidata.org/entity/Q106369996
http://www.wikidata.org/entity/Q123028778,http://www.wikidata.org/entity/Q1071834
http://www.wikidata.org/entity/Q123028778,http://www.wikidata.org/entity/Q107718737
http://www.wikidata.org/entity/Q123058158,http://www.wikidata.org/entity/Q4851628
http://www.wikidata.org/entity/Q123105792,http://www.wikidata.org/entity/Q106926276
http://www.wikidata.org/entity/Q123105792,http://www.wikidata.org/entity/Q117632917
http://www.wikidata.org/entity/Q123139242,http://www.wikidata.org/entity/Q207628
http://www.wikidata.org/entity/Q123141133,http://www.wikidata.org/entity/Q117745444
http://www.wikidata.org/entity/Q123177120,http://www.wikidata.org/entity/Q373342
http://www.wikidata.org/entity/Q123177120,http://www.wikidata.org/entity/Q135927681
http://www.wikidata.org/entity/Q123196582,http://www.wikidata.org/entity/Q2662072
http://www.wikidata.org/entity/Q123196598,http://www.wikidata.org/entity/Q106586248
http://www.wikidata.org/entity/Q123196598,http://www.wikidata.org/entity/Q106588687
http://www.wikidata.org/entity/Q123223381,http://www.wikidata.org/entity/Q1465419
http://www.wikidata.org/entity/Q123253052,http://www.wikidata.org/entity/Q1641839
http://www.wikidata.org/entity/Q123253590,http://www.wikidata.org/entity/Q3328603
http://www.wikidata.org/entity/Q123272631,http://www.wikidata.org/entity/Q482
http://www.wikidata.org/entity/Q123272631,http://www.wikidata.org/entity/Q11399
http://www.wikidata.org/entity/Q123286978,http://www.wikidata.org/entity/Q1421268
http://www.wikidata.org/entity/Q123286978,http://www.wikidata.org/entity/Q9048265
http://www.wikidata.org/entity/Q123360735,http://www.wikidata.org/entity/Q186472
http://www.wikidata.org/entity/Q123360735,http://www.wikidata.org/entity/Q899215
http://www.wikidata.org/entity/Q123397869,http://www.wikidata.org/entity/Q484692
http://www.wikidata.org/entity/Q123397869,http://www.wikidata.org/entity/Q18460285
http://www.wikidata.org/entity/Q123397937,http://www.wikidata.org/entity/Q724473
http://www.wikidata.org/entity/Q123397937,http://www.wikidata.org/entity/Q5956785
http://www.wikidata.org/entity/Q123413364,http://www.wikidata.org/entity/Q388100
http://www.wikidata.org/entity/Q123421084,http://www.wikidata.org/entity/Q20903
http://www.wikidata.org/entity/Q123421088,http://www.wikidata.org/entity/Q624044
http://www.wikidata.org/entity/Q123421088,http://www.wikidata.org/entity/Q110593056
http://www.wikidata.org/entity/Q123421101,http://www.wikidata.org/entity/Q1317816
http://www.wikidata.org/entity/Q11831728,http://www.wikidata.org/entity/Q1585015
http://www.wikidata.org/entity/Q11834879,http://www.wikidata.org/entity/Q118738876
http://www.wikidata.org/entity/Q11835427,http://www.wikidata.org/entity/Q235858
http://www.wikidata.org/entity/Q11835427,http://www.wikidata.org/entity/Q2981079
http://www.wikidata.org/entity/Q11849852,http://www.wikidata.org/entity/Q6942167
http://www.wikidata.org/entity/Q11855589,http://www.wikidata.org/entity/Q188534
http://www.wikidata.org/entity/Q11855589,http://www.wikidata.org/entity/Q825769
http://www.wikidata.org/entity/Q11870448,http://www.wikidata.org/entity/Q11399
http://www.wikidata.org/entity/Q11871087,http://www.wikidata.org/entity/Q163775
http://www.wikidata.org/entity/Q11876050,http://www.wikidata.org/entity/Q185676
http://www.wikidata.org/entity/Q11877639,http://www.wikidata.org/entity/Q170435
http://www.wikidata.org/entity/Q11881224,http://www.wikidata.org/entity/Q387236
http://www.wikidata.org/entity/Q11881224,http://www.wikidata.org/entity/Q1786724
http://www.wikidata.org/entity/Q11882045,http://www.wikidata.org/entity/Q2260696
http://www.wikidata.org/entity/Q11885649,http://www.wikidata.org/entity/Q486415
http://www.wikidata.org/entity/Q11888699,http://www.wikidata.org/entity/Q11399
http://www.wikidata.org/entity/Q11888699,http://www.wikidata.org/entity/Q1417976
http://www.wikidata.org/entity/Q11889707,http://www.wikidata.org/entity/Q12326776
http://www.wikidata.org/entity/Q11890008,http://www.wikidata.org/entity/Q487914
http://www.wikidata.org/entity/Q11894761,http://www.wikidata.org/entity/Q1417976
http://www.wikidata.org/entity/Q11894761,http://www.wikidata.org/entity/Q7050752
http://www.wikidata.org/entity/Q11894761,http://www.wikidata.org/entity/Q107686154
http://www.wikidata.org/entity/Q11899500,http://www.wikidata.org/entity/Q1373485
http://www.wikidata.org/entity/Q11899500,http://www.wikidata.org/entity/Q12326776
http://www.wikidata.org/entity/Q11901983,http://www.wikidata.org/entity/Q8341
http://www.wikidata.org/entity/Q11907705,http://www.wikidata.org/entity/Q11639
http://www.wikidata.org/entity/Q11911994,http://www.wikidata.org/entity/Q11911997
http://www.wikidata.org/entity/Q11911997,http://www.wikidata.org/entity/Q131195966
http://www.wikidata.org/entity/Q11922159,http://www.wikidata.org/entity/Q9764
http://www.wikidata.org/entity/Q11938279,http://www.wikidata.org/entity/Q20102359
http://www.wikidata.org/entity/Q11938280,http://www.wikidata.org/entity/Q2498201
http://www.wikidata.org/entity/Q11938280,http://www.wikidata.org/entity/Q6942044
http://www.wikidata.org/entity/Q11938280,http://www.wikidata.org/entity/Q107524184
http://www.wikidata.org/entity/Q11947763,http://www.wikidata.org/entity/Q1413570
http://www.wikidata.org/entity/Q11964168,http://www.wikidata.org/entity/Q2084353
http://www.wikidata.org/entity/Q11971516,http://www.wikidata.org/entity/Q201022
http://www.wikidata.org/entity/Q11971516,http://www.wikidata.org/entity/Q7050752
http://www.wikidata.org/entity/Q11971516,http://www.wikidata.org/entity/Q118738993
http://www.wikidata.org/entity/Q11974316,http://www.wikidata.org/entity/Q373342
http://www.wikidata.org/entity/Q11989328,http://www.wikidata.org/entity/Q163775
http://www.wikidata.org/entity/Q11989328,http://www.wikidata.org/entity/Q943929
http://www.wikidata.org/entity/Q11989328,http://www.wikidata.org/entity/Q116690343
http://www.wikidata.org/entity/Q11992449,http://www.wikidata.org/entity/Q833189
http://www.wikidata.org/entity/Q11992449,http://www.wikidata.org/entity/Q7050752
http://www.wikidata.org/entity/Q11992876,http://www.wikidata.org/entity/Q187760
http://www.wikidata.org/entity/Q12001523,http://www.wikidata.org/entity/Q12010046
http://www.wikidata.org/entity/Q12007812,http://www.wikidata.org/entity/Q186472
http://www.wikidata.org/entity/Q12010046,http://www.wikidata.org/entity/Q943929
http://www.wikidata.org/entity/Q12010046,http://www.wikidata.org/entity/Q11992449
http://www.wikidata.org/entity/Q12018477,http://www.wikidata.org/entity/Q11365
http://www.wikidata.org/entity/Q12037719,http://www.wikidata.org/entity/Q1100989
http://www.wikidata.org/entity/Q12037719,http://www.wikidata.org/entity/Q141085413
http://www.wikidata.org/entity/Q12042106,http://www.wikidata.org/entity/Q1100989
http://www.wikidata.org/entity/Q12046406,http://www.wikidata.org/entity/Q373342
http://www.wikidata.org/entity/Q12090507,http://www.wikidata.org/entity/Q1523875
http://www.wikidata.org/entity/Q12090507,http://www.wikidata.org/entity/Q16682190
http://www.wikidata.org/entity/Q12105422,http://www.wikidata.org/entity/Q1123037
http://www.wikidata.org/entity/Q12111341,http://www.wikidata.org/entity/Q108821603
http://www.wikidata.org/entity/Q12115862,http://www.wikidata.org/entity/Q16682190
http://www.wikidata.org/entity/Q12132442,http://www.wikidata.org/entity/Q235858
http://www.wikidata.org/entity/Q12132442,http://www.wikidata.org/entity/Q639197
http://www.wikidata.org/entity/Q12138989,http://www.wikidata.org/entity/Q9748
http://www.wikidata.org/entity/Q12138989,http://www.wikidata.org/entity/Q2574657
http://www.wikidata.org/entity/Q12138990,http://www.wikidata.org/entity/Q188285
http://www.wikidata.org/entity/Q12138990,http://www.wikidata.org/entity/Q2574657
http://www.wikidata.org/entity/Q12149338,http://www.wikidata.org/entity/Q16682190
http://www.wikidata.org/entity/Q12154808,http://www.wikidata.org/entity/Q4470542
http://www.wikidata.org/entity/Q12168212,http://www.wikidata.org/entity/Q16682190
http://www.wikidata.org/entity/Q12183214,http://www.wikidata.org/entity/Q638
http://www.wikidata.org/entity/Q12193614,http://www.wikidata.org/entity/Q3328692
http://www.wikidata.org/entity/Q12193614,http://www.wikidata.org/entity/Q107189715
http://www.wikidata.org/entity/Q12199824,http://www.wikidata.org/entity/Q1207347
http://www.wikidata.org/entity/Q12200830,http://www.wikidata.org/entity/Q851213
http://www.wikidata.org/entity/Q12219430,http://www.wikidata.org/entity/Q3328758
http://www.wikidata.org/entity/Q12219430,http://www.wikidata.org/entity/Q4879372
http://www.wikidata.org/entity/Q12228855,http://www.wikidata.org/entity/Q585588
http://www.wikidata.org/entity/Q12228855,http://www.wikidata.org/entity/Q1551063
http://www.wikidata.org/entity/Q12228855,http://www.wikidata.org/entity/Q2030514
http://www.wikidata.org/entity/Q12228855,http://www.wikidata.org/entity/Q4879372
http://www.wikidata.org/entity/Q12228855,http://www.wikidata.org/entity/Q98528189
http://www.wikidata.org/entity/Q12228855,http://www.wikidata.org/entity/Q106635221
http://www.wikidata.org/entity/Q12255350,http://www.wikidata.org/entity/Q201022
http://www.wikidata.org/entity/Q12255350,http://www.wikidata.org/entity/Q252626
http://www.wikidata.org/entity/Q12257012,http://www.wikidata.org/entity/Q7366
http://www.wikidata.org/entity/Q12257561,http://www.wikidata.org/entity/Q89363113
http://www.wikidata.org/entity/Q12274232,http://www.wikidata.org/entity/Q1003981
http://www.wikidata.org/entity/Q12274232,http://www.wikidata.org/entity/Q6966089
http://www.wikidata.org/entity/Q12274232,http://www.wikidata.org/entity/Q16679594
http://www.wikidata.org/entity/Q12274240,http://www.wikidata.org/entity/Q1003981
http://www.wikidata.org/entity/Q12274240,http://www.wikidata.org/entity/Q11345973
http://www.wikidata.org/entity/Q12274257,http://www.wikidata.org/entity/Q1003981
http://www.wikidata.org/entity/Q12274257,http://www.wikidata.org/entity/Q8812109
http://www.wikidata.org/entity/Q12274303,http://www.wikidata.org/entity/Q12274232
http://www.wikidata.org/entity/Q12274303,http://www.wikidata.org/entity/Q108821603
http://www.wikidata.org/entity/Q12288044,http://www.wikidata.org/entity/Q12274232
http://www.wikidata.org/entity/Q12300621,http://www.wikidata.org/entity/Q856713
http://www.wikidata.org/entity/Q12300621,http://www.wikidata.org/entity/Q122149755
http://www.wikidata.org/entity/Q12302979,http://www.wikidata.org/entity/Q6010
http://www.wikidata.org/entity/Q12302979,http://www.wikidata.org/entity/Q11401
http://www.wikidata.org/entity/Q12302979,http://www.wikidata.org/entity/Q500834
http://www.wikidata.org/entity/Q12302979,http://www.wikidata.org/entity/Q1955280
http://www.wikidata.org/entity/Q12304885,http://www.wikidata.org/entity/Q11399
http://www.wikidata.org/entity/Q12307741,http://www.wikidata.org/entity/Q37073
http://www.wikidata.org/entity/Q12307741,http://www.wikidata.org/entity/Q2449418
http://www.wikidata.org/entity/Q12322550,http://www.wikidata.org/entity/Q9730
http://www.wikidata.org/entity/Q12326776,http://www.wikidata.org/entity/Q11399
http://www.wikidata.org/entity/Q12338005,http://www.wikidata.org/entity/Q846784
http://www.wikidata.org/entity/Q12338005,http://www.wikidata.org/entity/Q3482281
http://www.wikidata.org/entity/Q12338430,http://www.wikidata.org/entity/Q11639
http://www.wikidata.org/entity/Q12339784,http://www.wikidata.org/entity/Q11399
http://www.wikidata.org/entity/Q12339784,http://www.wikidata.org/entity/Q2324411
http://www.wikidata.org/entity/Q12339784,http://www.wikidata.org/entity/Q5287468
http://www.wikidata.org/entity/Q12362064,http://www.wikidata.org/entity/Q11401
http://www.wikidata.org/entity/Q12367419,http://www.wikidata.org/entity/Q27939
http://www.wikidata.org/entity/Q12372810,http://www.wikidata.org/entity/Q8341
http://www.wikidata.org/entity/Q12372810,http://www.wikidata.org/entity/Q7248857
http://www.wikidata.org/entity/Q12382674,http://www.wikidata.org/entity/Q207628
http://www.wikidata.org/entity/Q12382674,http://www.wikidata.org/entity/Q10334896
http://www.wikidata.org/entity/Q12385250,http://www.wikidata.org/entity/Q11639
http://www.wikidata.org/entity/Q12390841,http://www.wikidata.org/entity/Q7573410
http://www.wikidata.org/entity/Q12390841,http://www.wikidata.org/entity/Q10334896
http://www.wikidata.org/entity/Q12399034,http://www.wikidata.org/entity/Q11639
http://www.wikidata.org/entity/Q12408914,http://www.wikidata.org/entity/Q10978770
http://www.wikidata.org/entity/Q12408915,http://www.wikidata.org/entity/Q9730
http://www.wikidata.org/entity/Q12411192,http://www.wikidata.org/entity/Q3858
http://www.wikidata.org/entity/Q12411192,http://www.wikidata.org/entity/Q3135793
http://www.wikidata.org/entity/Q12439400,http://www.wikidata.org/entity/Q19749652
http://www.wikidata.org/entity/Q12472139,http://www.wikidata.org/entity/Q11210968
http://www.wikidata.org/entity/Q12479445,http://www.wikidata.org/entity/Q1930107
http://www.wikidata.org/entity/Q12483322,http://www.wikidata.org/entity/Q12499697
http://www.wikidata.org/entity/Q12483344,http://www.wikidata.org/entity/Q194492
http://www.wikidata.org/entity/Q12483347,http://www.wikidata.org/entity/Q194492
http://www.wikidata.org/entity/Q12487960,http://www.wikidata.org/entity/Q194492
http://www.wikidata.org/entity/Q12487960,http://www.wikidata.org/entity/Q713965
http://www.wikidata.org/entity/Q12493867,http://www.wikidata.org/entity/Q1930107
http://www.wikidata.org/entity/Q12493867,http://www.wikidata.org/entity/Q6942130
http://www.wikidata.org/entity/Q12497663,http://www.wikidata.org/entity/Q5185279
http://www.wikidata.org/entity/Q12497663,http://www.wikidata.org/entity/Q64138195
http://www.wikidata.org/entity/Q12499695,http://www.wikidata.org/entity/Q108610396
http://www.wikidata.org/entity/Q12499696,http://www.wikidata.org/entity/Q10838732
http://www.wikidata.org/entity/Q12499696,http://www.wikidata.org/entity/Q108297183
http://www.wikidata.org/entity/Q12499697,http://www.wikidata.org/entity/Q1210921
http://www.wikidata.org/entity/Q12499697,http://www.wikidata.org/entity/Q3328715
http://www.wikidata.org/entity/Q12499698,http://www.wikidata.org/entity/Q108610396
http://www.wikidata.org/entity/Q12520649,http://www.wikidata.org/entity/Q7366
http://www.wikidata.org/entity/Q12520649,http://www.wikidata.org/entity/Q1945514
http://www.wikidata.org/entity/Q12520649,http://www.wikidata.org/entity/Q6942130
http://www.wikidata.org/entity/Q12521566,http://www.wikidata.org/entity/Q1210921
http://www.wikidata.org/entity/Q12531757,http://www.wikidata.org/entity/Q25513043
http://www.wikidata.org/entity/Q12542391,http://www.wikidata.org/entity/Q25513043
http://www.wikidata.org/entity/Q12543510,http://www.wikidata.org/entity/Q13170510
http://www.wikidata.org/entity/Q12543510,http://www.wikidata.org/entity/Q25513043
http://www.wikidata.org/entity/Q12543515,http://www.wikidata.org/entity/Q25513043
http://www.wikidata.org/entity/Q12545830,http://www.wikidata.org/entity/Q25513043
http://www.wikidata.org/entity/Q12584173,http://www.wikidata.org/entity/Q716060
http://www.wikidata.org/entity/Q12584173,http://www.wikidata.org/entity/Q6942280
http://www.wikidata.org/entity/Q12604228,http://www.wikidata.org/entity/Q693322
http://www.wikidata.org/entity/Q12613889,http://www.wikidata.org/entity/Q107000797
http://www.wikidata.org/entity/Q12614061,http://www.wikidata.org/entity/Q12623540
http://www.wikidata.org/entity/Q12623540,http://www.wikidata.org/entity/Q943929
http://www.wikidata.org/entity/Q12623540,http://www.wikidata.org/entity/Q107000797
http://www.wikidata.org/entity/Q12629666,http://www.wikidata.org/entity/Q388906
http://www.wikidata.org/entity/Q12643798,http://www.wikidata.org/entity/Q235858
http://www.wikidata.org/entity/Q12643798,http://www.wikidata.org/entity/Q1236268
http://www.wikidata.org/entity/Q12671486,http://www.wikidata.org/entity/Q756956
http://www.wikidata.org/entity/Q12701217,http://www.wikidata.org/entity/Q484641
http://www.wikidata.org/entity/Q12701217,http://www.wikidata.org/entity/Q6742070
http://www.wikidata.org/entity/Q12701217,http://www.wikidata.org/entity/Q12499696
http://www.wikidata.org/entity/Q12702016,http://www.wikidata.org/entity/Q83270
http://www.wikidata.org/entity/Q12702016,http://www.wikidata.org/entity/Q12499696
http://www.wikidata.org/entity/Q12714622,http://www.wikidata.org/entity/Q4585173
http://www.wikidata.org/entity/Q12716093,http://www.wikidata.org/entity/Q753679
http://www.wikidata.org/entity/Q12719323,http://www.wikidata.org/entity/Q4585201
http://www.wikidata.org/entity/Q12736118,http://www.wikidata.org/entity/Q8812109
http://www.wikidata.org/entity/Q12736122,http://www.wikidata.org/entity/Q848399
http://www.wikidata.org/entity/Q12736122,http://www.wikidata.org/entity/Q852210
http://www.wikidata.org/entity/Q12736123,http://www.wikidata.org/entity/Q852210
http://www.wikidata.org/entity/Q12736123,http://www.wikidata.org/entity/Q98528192
http://www.wikidata.org/entity/Q12777807,http://www.wikidata.org/entity/Q502658
http://www.wikidata.org/entity/Q12777807,http://www.wikidata.org/entity/Q7541571
http://www.wikidata.org/entity/Q12777807,http://www.wikidata.org/entity/Q108821603
http://www.wikidata.org/entity/Q12802984,http://www.wikidata.org/entity/Q108321843
http://www.wikidata.org/entity/Q12802984,http://www.wikidata.org/entity/Q108821603
http://www.wikidata.org/entity/Q12811727,http://www.wikidata.org/entity/Q1518063
http://www.wikidata.org/entity/Q12817895,http://www.wikidata.org/entity/Q943929
http://www.wikidata.org/entity/Q12817895,http://www.wikidata.org/entity/Q110250068
http://www.wikidata.org/entity/Q12819763,http://www.wikidata.org/entity/Q3328738
http://www.wikidata.org/entity/Q12819763,http://www.wikidata.org/entity/Q3328772
http://www.wikidata.org/entity/Q12825819,http://www.wikidata.org/entity/Q235858
http://www.wikidata.org/entity/Q12825911,http://www.wikidata.org/entity/Q11639
http://www.wikidata.org/entity/Q12825911,http://www.wikidata.org/entity/Q3328738
http://www.wikidata.org/entity/Q12826679,http://www.wikidata.org/entity/Q3328738
http://www.wikidata.org/entity/Q12826679,http://www.wikidata.org/entity/Q98528260
http://www.wikidata.org/entity/Q12832355,http://www.wikidata.org/entity/Q373342
http://www.wikidata.org/entity/Q12845743,http://www.wikidata.org/entity/Q1474372
http://www.wikidata.org/entity/Q12845743,http://www.wikidata.org/entity/Q3328774
http://www.wikidata.org/entity/Q12848437,http://www.wikidata.org/entity/Q1474372
http://www.wikidata.org/entity/Q12849794,http://www.wikidata.org/entity/Q482
http://www.wikidata.org/entity/Q12876995,http://www.wikidata.org/entity/Q1465419
http://www.wikidata.org/entity/Q12876995,http://www.wikidata.org/entity/Q98528192
http://www.wikidata.org/entity/Q48834745,http://www.wikidata.org/entity/Q37073
http://www.wikidata.org/entity/Q48834745,http://www.wikidata.org/entity/Q3328774
http://www.wikidata.org/entity/Q48941193,http://www.wikidata.org/entity/Q37073
http://www.wikidata.org/entity/Q48941193,http://www.wikidata.org/entity/Q106626655
http://www.wikidata.org/entity/Q48971892,http://www.wikidata.org/entity/Q373342
http://www.wikidata.org/entity/Q48996475,http://www.wikidata.org/entity/Q163775
http://www.wikidata.org/entity/Q48999297,http://www.wikidata.org/entity/Q178122
http://www.wikidata.org/entity/Q49096106,http://www.wikidata.org/entity/Q846784
http://www.wikidata.org/entity/Q49096106,http://www.wikidata.org/entity/Q850412
http://www.wikidata.org/entity/Q51446080,http://www.wikidata.org/entity/Q277393
http://www.wikidata.org/entity/Q51446080,http://www.wikidata.org/entity/Q106586250
http://www.wikidata.org/entity/Q51882621,http://www.wikidata.org/entity/Q30931016
http://www.wikidata.org/entity/Q53677895,http://www.wikidata.org/entity/Q201022
http://www.wikidata.org/entity/Q53677895,http://www.wikidata.org/entity/Q252626
http://www.wikidata.org/entity/Q53677903,http://www.wikidata.org/entity/Q201022
http://www.wikidata.org/entity/Q53677903,http://www.wikidata.org/entity/Q252626
http://www.wikidata.org/entity/Q53677911,http://www.wikidata.org/entity/Q201022
http://www.wikidata.org/entity/Q53677911,http://www.wikidata.org/entity/Q252626
http://www.wikidata.org/entity/Q53677919,http://www.wikidata.org/entity/Q201022
http://www.wikidata.org/entity/Q53677919,http://www.wikidata.org/entity/Q252626
http://www.wikidata.org/entity/Q53677925,http://www.wikidata.org/entity/Q201022
http://www.wikidata.org/entity/Q53677925,http://www.wikidata.org/entity/Q252626
http://www.wikidata.org/entity/Q53677927,http://www.wikidata.org/entity/Q201022
http://www.wikidata.org/entity/Q53677927,http://www.wikidata.org/entity/Q252626
http://www.wikidata.org/entity/Q53677931,http://www.wikidata.org/entity/Q201022
http://www.wikidata.org/entity/Q53677931,http://www.wikidata.org/entity/Q252626
http://www.wikidata.org/entity/Q53677938,http://www.wikidata.org/entity/Q201022
http://www.wikidata.org/entity/Q53677938,http://www.wikidata.org/entity/Q252626
http://www.wikidata.org/entity/Q53677940,http://www.wikidata.org/entity/Q201022
http://www.wikidata.org/entity/Q53677940,http://www.wikidata.org/entity/Q252626
http://www.wikidata.org/entity/Q53677944,http://www.wikidata.org/entity/Q201022
http://www.wikidata.org/entity/Q53677944,http://www.wikidata.org/entity/Q252626
http://www.wikidata.org/entity/Q53719487,http://www.wikidata.org/entity/Q201022
http://www.wikidata.org/entity/Q53719487,http://www.wikidata.org/entity/Q20016989
http://www.wikidata.org/entity/Q53806314,http://www.wikidata.org/entity/Q1465419
http://www.wikidata.org/entity/Q53806314,http://www.wikidata.org/entity/Q3211884
http://www.wikidata.org/entity/Q54329757,http://www.wikidata.org/entity/Q2913982
http://www.wikidata.org/entity/Q54329757,http://www.wikidata.org/entity/Q3827483
http://www.wikidata.org/entity/Q54864794,http://www.wikidata.org/entity/Q26897135
http://www.wikidata.org/entity/Q54891495,http://www.wikidata.org/entity/Q5766537
http://www.wikidata.org/entity/Q54891495,http://www.wikidata.org/entity/Q108535339
http://www.wikidata.org/entity/Q55104351,http://www.wikidata.org/entity/Q531426
http://www.wikidata.org/entity/Q55104351,http://www.wikidata.org/entity/Q4806789
http://www.wikidata.org/entity/Q55119881,http://www.wikidata.org/entity/Q9764
http://www.wikidata.org/entity/Q55119881,http://www.wikidata.org/entity/Q257533
http://www.wikidata.org/entity/Q55296418,http://www.wikidata.org/entity/Q83270
http://www.wikidata.org/entity/Q55415524,http://www.wikidata.org/entity/Q465978
http://www.wikidata.org/entity/Q55593233,http://www.wikidata.org/entity/Q19749652
http://www.wikidata.org/entity/Q55604305,http://www.wikidata.org/entity/Q3135787
http://www.wikidata.org/entity/Q55605210,http://www.wikidata.org/entity/Q387407
http://www.wikidata.org/entity/Q55605210,http://www.wikidata.org/entity/Q3868600
http://www.wikidata.org/entity/Q55605210,http://www.wikidata.org/entity/Q110592786
http://www.wikidata.org/entity/Q55608567,http://www.wikidata.org/entity/Q37073
http://www.wikidata.org/entity/Q55612592,http://www.wikidata.org/entity/Q387236
http://www.wikidata.org/entity/Q55612592,http://www.wikidata.org/entity/Q6942095
http://www.wikidata.org/entity/Q55613761,http://www.wikidata.org/entity/Q3328730
http://www.wikidata.org/entity/Q55613761,http://www.wikidata.org/entity/Q5413526
http://www.wikidata.org/entity/Q55614428,http://www.wikidata.org/entity/Q6024704
http://www.wikidata.org/entity/Q55614428,http://www.wikidata.org/entity/Q12326776
http://www.wikidata.org/entity/Q55622691,http://www.wikidata.org/entity/Q2743
http://www.wikidata.org/entity/Q55633758,http://www.wikidata.org/entity/Q3328768
http://www.wikidata.org/entity/Q55633758,http://www.wikidata.org/entity/Q4806789
http://www.wikidata.org/entity/Q55641646,http://www.wikidata.org/entity/Q833189
http://www.wikidata.org/entity/Q55641646,http://www.wikidata.org/entity/Q851213
http://www.wikidata.org/entity/Q55641735,http://www.wikidata.org/entity/Q851213
http://www.wikidata.org/entity/Q55642856,http://www.wikidata.org/entity/Q3328735
http://www.wikidata.org/entity/Q55644985,http://www.wikidata.org/entity/Q966564
http://www.wikidata.org/entity/Q55644985,http://www.wikidata.org/entity/Q2913982
http://www.wikidata.org/entity/Q55648025,http://www.wikidata.org/entity/Q37073
http://www.wikidata.org/entity/Q55648025,http://www.wikidata.org/entity/Q6942280
http://www.wikidata.org/entity/Q55657955,http://www.wikidata.org/entity/Q25513043
http://www.wikidata.org/entity/Q56244093,http://www.wikidata.org/entity/Q10838732
http://www.wikidata.org/entity/Q56244093,http://www.wikidata.org/entity/Q106586999
http://www.wikidata.org/entity/Q56276781,http://www.wikidata.org/entity/Q851213
http://www.wikidata.org/entity/Q56297567,http://www.wikidata.org/entity/Q37073
http://www.wikidata.org/entity/Q56303195,http://www.wikidata.org/entity/Q132438
http://www.wikidata.org/entity/Q56303195,http://www.wikidata.org/entity/Q484179
http://www.wikidata.org/entity/Q56305707,http://www.wikidata.org/entity/Q109271682
http://www.wikidata.org/entity/Q56315833,http://www.wikidata.org/entity/Q97326344
http://www.wikidata.org/entity/Q56342439,http://www.wikidata.org/entity/Q20502
http://www.wikidata.org/entity/Q56342556,http://www.wikidata.org/entity/Q373342
http://www.wikidata.org/entity/Q56342573,http://www.wikidata.org/entity/Q388906
http://www.wikidata.org/entity/Q56342573,http://www.wikidata.org/entity/Q1033912
http://www.wikidata.org/entity/Q56351111,http://www.wikidata.org/entity/Q11399
http://www.wikidata.org/entity/Q56353998,http://www.wikidata.org/entity/Q12326776
http://www.wikidata.org/entity/Q56364937,http://www.wikidata.org/entity/Q1672398
http://www.wikidata.org/entity/Q56364937,http://www.wikidata.org/entity/Q20111293
http://www.wikidata.org/entity/Q56377253,http://www.wikidata.org/entity/Q483352
http://www.wikidata.org/entity/Q56399794,http://www.wikidata.org/entity/Q959583
http://www.wikidata.org/entity/Q56414588,http://www.wikidata.org/entity/Q108610396
http://www.wikidata.org/entity/Q56572789,http://www.wikidata.org/entity/Q7366
http://www.wikidata.org/entity/Q56572789,http://www.wikidata.org/entity/Q1443316
http://www.wikidata.org/entity/Q57392588,http://www.wikidata.org/entity/Q316930
http://www.wikidata.org/entity/Q57392588,http://www.wikidata.org/entity/Q373342
http://www.wikidata.org/entity/Q57392588,http://www.wikidata.org/entity/Q107718737
http://www.wikidata.org/entity/Q58809444,http://www.wikidata.org/entity/Q487914
http://www.wikidata.org/entity/Q59351462,http://www.wikidata.org/entity/Q37073
http://www.wikidata.org/entity/Q59351462,http://www.wikidata.org/entity/Q4306573
http://www.wikidata.org/entity/Q59387411,http://www.wikidata.org/entity/Q220528
http://www.wikidata.org/entity/Q59389199,http://www.wikidata.org/entity/Q646026
http://www.wikidata.org/entity/Q123421101,http://www.wikidata.org/entity/Q11700058
http://www.wikidata.org/entity/Q123481758,http://www.wikidata.org/entity/Q3135787
http://www.wikidata.org/entity/Q123481758,http://www.wikidata.org/entity/Q16191834
http://www.wikidata.org/entity/Q123498448,http://www.wikidata.org/entity/Q7366
http://www.wikidata.org/entity/Q123543092,http://www.wikidata.org/entity/Q388906
http://www.wikidata.org/entity/Q123556216,http://www.wikidata.org/entity/Q1156957
http://www.wikidata.org/entity/Q123588464,http://www.wikidata.org/entity/Q106595599
http://www.wikidata.org/entity/Q123600631,http://www.wikidata.org/entity/Q3287743
http://www.wikidata.org/entity/Q123699455,http://www.wikidata.org/entity/Q919948
http://www.wikidata.org/entity/Q123707590,http://www.wikidata.org/entity/Q37073
http://www.wikidata.org/entity/Q123707590,http://www.wikidata.org/entity/Q672134
http://www.wikidata.org/entity/Q123707590,http://www.wikidata.org/entity/Q2529400
http://www.wikidata.org/entity/Q123753500,http://www.wikidata.org/entity/Q20502
http://www.wikidata.org/entity/Q123753500,http://www.wikidata.org/entity/Q112997482
http://www.wikidata.org/entity/Q123773619,http://www.wikidata.org/entity/Q842324
http://www.wikidata.org/entity/Q123773619,http://www.wikidata.org/entity/Q964987
http://www.wikidata.org/entity/Q123777276,http://www.wikidata.org/entity/Q25372
http://www.wikidata.org/entity/Q123777276,http://www.wikidata.org/entity/Q1370345
http://www.wikidata.org/entity/Q123777276,http://www.wikidata.org/entity/Q115484611
http://www.wikidata.org/entity/Q123786394,http://www.wikidata.org/entity/Q853873
http://www.wikidata.org/entity/Q123786394,http://www.wikidata.org/entity/Q6942118
http://www.wikidata.org/entity/Q123856101,http://www.wikidata.org/entity/Q5645984
http://www.wikidata.org/entity/Q123856101,http://www.wikidata.org/entity/Q107718539
http://www.wikidata.org/entity/Q123907465,http://www.wikidata.org/entity/Q3135787
http://www.wikidata.org/entity/Q123907465,http://www.wikidata.org/entity/Q6942180
http://www.wikidata.org/entity/Q123909197,http://www.wikidata.org/entity/Q180268
http://www.wikidata.org/entity/Q123909197,http://www.wikidata.org/entity/Q807820
http://www.wikidata.org/entity/Q123922710,http://www.wikidata.org/entity/Q1136045
http://www.wikidata.org/entity/Q123923529,http://www.wikidata.org/entity/Q37073
http://www.wikidata.org/entity/Q123923529,http://www.wikidata.org/entity/Q379671
http://www.wikidata.org/entity/Q123945693,http://www.wikidata.org/entity/Q145594
http://www.wikidata.org/entity/Q123953871,http://www.wikidata.org/entity/Q106586248
http://www.wikidata.org/entity/Q123953871,http://www.wikidata.org/entity/Q106595599
http://www.wikidata.org/entity/Q124000603,http://www.wikidata.org/entity/Q145594
http://www.wikidata.org/entity/Q124001082,http://www.wikidata.org/entity/Q145594
http://www.wikidata.org/entity/Q124001752,http://www.wikidata.org/entity/Q645992
http://www.wikidata.org/entity/Q124001752,http://www.wikidata.org/entity/Q16555308
http://www.wikidata.org/entity/Q124060761,http://www.wikidata.org/entity/Q145594
http://www.wikidata.org/entity/Q124060761,http://www.wikidata.org/entity/Q6452410
http://www.wikidata.org/entity/Q124079308,http://www.wikidata.org/entity/Q106298881
http://www.wikidata.org/entity/Q124080511,http://www.wikidata.org/entity/Q41343
http://www.wikidata.org/entity/Q124080517,http://www.wikidata.org/entity/Q3889385
http://www.wikidata.org/entity/Q124080527,http://www.wikidata.org/entity/Q4117103
http://www.wikidata.org/entity/Q124096734,http://www.wikidata.org/entity/Q106878019
http://www.wikidata.org/entity/Q124099574,http://www.wikidata.org/entity/Q65937017
http://www.wikidata.org/entity/Q124099577,http://www.wikidata.org/entity/Q132438
http://www.wikidata.org/entity/Q124099577,http://www.wikidata.org/entity/Q484344
http://www.wikidata.org/entity/Q124099582,http://www.wikidata.org/entity/Q132438
http://www.wikidata.org/entity/Q124099582,http://www.wikidata.org/entity/Q121368137
http://www.wikidata.org/entity/Q124151378,http://www.wikidata.org/entity/Q43343
http://www.wikidata.org/entity/Q124151378,http://www.wikidata.org/entity/Q1339027
http://www.wikidata.org/entity/Q124170473,http://www.wikidata.org/entity/Q15733887
http://www.wikidata.org/entity/Q124253576,http://www.wikidata.org/entity/Q170412
http://www.wikidata.org/entity/Q124253576,http://www.wikidata.org/entity/Q3328768
http://www.wikidata.org/entity/Q124291051,http://www.wikidata.org/entity/Q106595599
http://www.wikidata.org/entity/Q124312240,http://www.wikidata.org/entity/Q4794612
http://www.wikidata.org/entity/Q124333204,http://www.wikidata.org/entity/Q1166726
http://www.wikidata.org/entity/Q124342215,http://www.wikidata.org/entity/Q9730
http://www.wikidata.org/entity/Q124342216,http://www.wikidata.org/entity/Q373342
http://www.wikidata.org/entity/Q124342217,http://www.wikidata.org/entity/Q373342
http://www.wikidata.org/entity/Q124342218,http://www.wikidata.org/entity/Q9730
http://www.wikidata.org/entity/Q124352838,http://www.wikidata.org/entity/Q876171
http://www.wikidata.org/entity/Q124354563,http://www.wikidata.org/entity/Q3015675
http://www.wikidata.org/entity/Q124354563,http://www.wikidata.org/entity/Q11822344
http://www.wikidata.org/entity/Q124354571,http://www.wikidata.org/entity/Q1482325
http://www.wikidata.org/entity/Q124354571,http://www.wikidata.org/entity/Q4841438
http://www.wikidata.org/entity/Q124357128,http://www.wikidata.org/entity/Q37073
http://www.wikidata.org/entity/Q124357128,http://www.wikidata.org/entity/Q820049
http://www.wikidata.org/entity/Q124361699,http://www.wikidata.org/entity/Q131425
http://www.wikidata.org/entity/Q124399713,http://www.wikidata.org/entity/Q11401
http://www.wikidata.org/entity/Q124399721,http://www.wikidata.org/entity/Q1583807
http://www.wikidata.org/entity/Q124399721,http://www.wikidata.org/entity/Q106641570
http://www.wikidata.org/entity/Q124399725,http://www.wikidata.org/entity/Q1583807
http://www.wikidata.org/entity/Q124399725,http://www.wikidata.org/entity/Q4841438
http://www.wikidata.org/entity/Q124421715,http://www.wikidata.org/entity/Q3328602
http://www.wikidata.org/entity/Q124428369,http://www.wikidata.org/entity/Q899215
http://www.wikidata.org/entity/Q124428373,http://www.wikidata.org/entity/Q7198347
http://www.wikidata.org/entity/Q124428373,http://www.wikidata.org/entity/Q122034795
http://www.wikidata.org/entity/Q124476025,http://www.wikidata.org/entity/Q1379958
http://www.wikidata.org/entity/Q124504713,http://www.wikidata.org/entity/Q8341
http://www.wikidata.org/entity/Q124504713,http://www.wikidata.org/entity/Q107025062
http://www.wikidata.org/entity/Q124526447,http://www.wikidata.org/entity/Q492096
http://www.wikidata.org/entity/Q124536568,http://www.wikidata.org/entity/Q2587471
http://www.wikidata.org/entity/Q124545070,http://www.wikidata.org/entity/Q492096
http://www.wikidata.org/entity/Q124568573,http://www.wikidata.org/entity/Q106586248
http://www.wikidata.org/entity/Q124568589,http://www.wikidata.org/entity/Q106595599
http://www.wikidata.org/entity/Q124609825,http://www.wikidata.org/entity/Q585588
http://www.wikidata.org/entity/Q124609825,http://www.wikidata.org/entity/Q98528189
http://www.wikidata.org/entity/Q124616529,http://www.wikidata.org/entity/Q3291151
http://www.wikidata.org/entity/Q124630346,http://www.wikidata.org/entity/Q645992
http://www.wikidata.org/entity/Q124637903,http://www.wikidata.org/entity/Q10283582
http://www.wikidata.org/entity/Q124637905,http://www.wikidata.org/entity/Q585588
http://www.wikidata.org/entity/Q124638948,http://www.wikidata.org/entity/Q145594
http://www.wikidata.org/entity/Q124661614,http://www.wikidata.org/entity/Q117745223
http://www.wikidata.org/entity/Q124670108,http://www.wikidata.org/entity/Q131510
http://www.wikidata.org/entity/Q124670108,http://www.wikidata.org/entity/Q20380119
http://www.wikidata.org/entity/Q124670108,http://www.wikidata.org/entity/Q28163991
http://www.wikidata.org/entity/Q124692508,http://www.wikidata.org/entity/Q11401
http://www.wikidata.org/entity/Q124705104,http://www.wikidata.org/entity/Q202930
http://www.wikidata.org/entity/Q124705104,http://www.wikidata.org/entity/Q2913982
http://www.wikidata.org/entity/Q60030725,http://www.wikidata.org/entity/Q235858
http://www.wikidata.org/entity/Q60030725,http://www.wikidata.org/entity/Q685884
http://www.wikidata.org/entity/Q60199541,http://www.wikidata.org/entity/Q10926
http://www.wikidata.org/entity/Q60462608,http://www.wikidata.org/entity/Q465978
http://www.wikidata.org/entity/Q60463676,http://www.wikidata.org/entity/Q183504
http://www.wikidata.org/entity/Q60463676,http://www.wikidata.org/entity/Q1190565
http://www.wikidata.org/entity/Q60463676,http://www.wikidata.org/entity/Q3114644
http://www.wikidata.org/entity/Q60477130,http://www.wikidata.org/entity/Q943929
http://www.wikidata.org/entity/Q60477130,http://www.wikidata.org/entity/Q15931253
http://www.wikidata.org/entity/Q60500291,http://www.wikidata.org/entity/Q153071
http://www.wikidata.org/entity/Q60500291,http://www.wikidata.org/entity/Q672134
http://www.wikidata.org/entity/Q60722009,http://www.wikidata.org/entity/Q16837791
http://www.wikidata.org/entity/Q60729751,http://www.wikidata.org/entity/Q20502
http://www.wikidata.org/entity/Q60742458,http://www.wikidata.org/entity/Q2662072
http://www.wikidata.org/entity/Q60742809,http://www.wikidata.org/entity/Q131272
http://www.wikidata.org/entity/Q60743281,http://www.wikidata.org/entity/Q42201
http://www.wikidata.org/entity/Q60743281,http://www.wikidata.org/entity/Q6942280
http://www.wikidata.org/entity/Q60743608,http://www.wikidata.org/entity/Q3328602
http://www.wikidata.org/entity/Q60743608,http://www.wikidata.org/entity/Q106586998
http://www.wikidata.org/entity/Q60745864,http://www.wikidata.org/entity/Q11399
http://www.wikidata.org/entity/Q60745864,http://www.wikidata.org/entity/Q6942031
http://www.wikidata.org/entity/Q60792489,http://www.wikidata.org/entity/Q23072435
http://www.wikidata.org/entity/Q60824940,http://www.wikidata.org/entity/Q7171184
http://www.wikidata.org/entity/Q60853089,http://www.wikidata.org/entity/Q25513043
http://www.wikidata.org/entity/Q60853089,http://www.wikidata.org/entity/Q48952271
http://www.wikidata.org/entity/Q60973191,http://www.wikidata.org/entity/Q19938910
http://www.wikidata.org/entity/Q60985143,http://www.wikidata.org/entity/Q10922
http://www.wikidata.org/entity/Q60985143,http://www.wikidata.org/entity/Q12326776
http://www.wikidata.org/entity/Q61058797,http://www.wikidata.org/entity/Q10922
http://www.wikidata.org/entity/Q61058797,http://www.wikidata.org/entity/Q164444
http://www.wikidata.org/entity/Q61063128,http://www.wikidata.org/entity/Q17070502
http://www.wikidata.org/entity/Q61063128,http://www.wikidata.org/entity/Q107736421
http://www.wikidata.org/entity/Q61065236,http://www.wikidata.org/entity/Q1672398
http://www.wikidata.org/entity/Q61127698,http://www.wikidata.org/entity/Q265147
http://www.wikidata.org/entity/Q61127698,http://www.wikidata.org/entity/Q1522794
http://www.wikidata.org/entity/Q61127698,http://www.wikidata.org/entity/Q7551306
http://www.wikidata.org/entity/Q61127698,http://www.wikidata.org/entity/Q16194930
http://www.wikidata.org/entity/Q61127902,http://www.wikidata.org/entity/Q1156957
http://www.wikidata.org/entity/Q61340552,http://www.wikidata.org/entity/Q26897135
http://www.wikidata.org/entity/Q61360197,http://www.wikidata.org/entity/Q1159539
http://www.wikidata.org/entity/Q63064412,http://www.wikidata.org/entity/Q943929
http://www.wikidata.org/entity/Q63064412,http://www.wikidata.org/entity/Q107331898
http://www.wikidata.org/entity/Q63119086,http://www.wikidata.org/entity/Q37073
http://www.wikidata.org/entity/Q63197384,http://www.wikidata.org/entity/Q389671
http://www.wikidata.org/entity/Q63197384,http://www.wikidata.org/entity/Q891374
http://www.wikidata.org/entity/Q63197384,http://www.wikidata.org/entity/Q3328603
http://www.wikidata.org/entity/Q63203971,http://www.wikidata.org/entity/Q40953
http://www.wikidata.org/entity/Q63203971,http://www.wikidata.org/entity/Q179461
http://www.wikidata.org/entity/Q63203971,http://www.wikidata.org/entity/Q484692
http://www.wikidata.org/entity/Q63203971,http://www.wikidata.org/entity/Q935586
http://www.wikidata.org/entity/Q63203971,http://www.wikidata.org/entity/Q5185279
http://www.wikidata.org/entity/Q63203971,http://www.wikidata.org/entity/Q64138195
http://www.wikidata.org/entity/Q63229806,http://www.wikidata.org/entity/Q217191
http://www.wikidata.org/entity/Q63229806,http://www.wikidata.org/entity/Q2280497
http://www.wikidata.org/entity/Q63243766,http://www.wikidata.org/entity/Q856713
http://www.wikidata.org/entity/Q63247669,http://www.wikidata.org/entity/Q174873
http://www.wikidata.org/entity/Q63247669,http://www.wikidata.org/entity/Q56572789
http://www.wikidata.org/entity/Q63293122,http://www.wikidata.org/entity/Q38848
http://www.wikidata.org/entity/Q63293122,http://www.wikidata.org/entity/Q3328593
http://www.wikidata.org/entity/Q63973609,http://www.wikidata.org/entity/Q235858
http://www.wikidata.org/entity/Q64055364,http://www.wikidata.org/entity/Q37073
http://www.wikidata.org/entity/Q64055364,http://www.wikidata.org/entity/Q205049
http://www.wikidata.org/entity/Q64137792,http://www.wikidata.org/entity/Q685884
http://www.wikidata.org/entity/Q64137792,http://www.wikidata.org/entity/Q1065742
http://www.wikidata.org/entity/Q64151977,http://www.wikidata.org/entity/Q153071
http://www.wikidata.org/entity/Q64152411,http://www.wikidata.org/entity/Q207628
http://www.wikidata.org/entity/Q64152500,http://www.wikidata.org/entity/Q216860
http://www.wikidata.org/entity/Q64152500,http://www.wikidata.org/entity/Q943929
http://www.wikidata.org/entity/Q64152500,http://www.wikidata.org/entity/Q64138195
http://www.wikidata.org/entity/Q64441232,http://www.wikidata.org/entity/Q11399
http://www.wikidata.org/entity/Q65041781,http://www.wikidata.org/entity/Q107000797
http://www.wikidata.org/entity/Q65044348,http://www.wikidata.org/entity/Q277393
http://www.wikidata.org/entity/Q65044348,http://www.wikidata.org/entity/Q119142737
http://www.wikidata.org/entity/Q65047322,http://www.wikidata.org/entity/Q373342
http://www.wikidata.org/entity/Q65051359,http://www.wikidata.org/entity/Q132438
http://www.wikidata.org/entity/Q65052052,http://www.wikidata.org/entity/Q438476
http://www.wikidata.org/entity/Q65052052,http://www.wikidata.org/entity/Q13646229
http://www.wikidata.org/entity/Q65063851,http://www.wikidata.org/entity/Q11639
http://www.wikidata.org/entity/Q65063851,http://www.wikidata.org/entity/Q972634
http://www.wikidata.org/entity/Q65063851,http://www.wikidata.org/entity/Q9048265
http://www.wikidata.org/entity/Q65065396,http://www.wikidata.org/entity/Q685884
http://www.wikidata.org/entity/Q65065396,http://www.wikidata.org/entity/Q3328727
http://www.wikidata.org/entity/Q65065491,http://www.wikidata.org/entity/Q20474
http://www.wikidata.org/entity/Q65065491,http://www.wikidata.org/entity/Q20903
http://www.wikidata.org/entity/Q65066576,http://www.wikidata.org/entity/Q6942229
http://www.wikidata.org/entity/Q65067835,http://www.wikidata.org/entity/Q935586
http://www.wikidata.org/entity/Q65067835,http://www.wikidata.org/entity/Q20615323
http://www.wikidata.org/entity/Q65089257,http://www.wikidata.org/entity/Q3071
http://www.wikidata.org/entity/Q65089257,http://www.wikidata.org/entity/Q11401
http://www.wikidata.org/entity/Q65089976,http://www.wikidata.org/entity/Q3071
http://www.wikidata.org/entity/Q65089976,http://www.wikidata.org/entity/Q7248857
http://www.wikidata.org/entity/Q65154273,http://www.wikidata.org/entity/Q3071
http://www.wikidata.org/entity/Q65154273,http://www.wikidata.org/entity/Q2498201
http://www.wikidata.org/entity/Q65159619,http://www.wikidata.org/entity/Q1780056
http://www.wikidata.org/entity/Q65159619,http://www.wikidata.org/entity/Q3328778
http://www.wikidata.org/entity/Q65177809,http://www.wikidata.org/entity/Q4400837
http://www.wikidata.org/entity/Q65204373,http://www.wikidata.org/entity/Q11366
http://www.wikidata.org/entity/Q65210341,http://www.wikidata.org/entity/Q1210921
http://www.wikidata.org/entity/Q65210670,http://www.wikidata.org/entity/Q184485
http://www.wikidata.org/entity/Q65210670,http://www.wikidata.org/entity/Q235858
http://www.wikidata.org/entity/Q15614479,http://www.wikidata.org/entity/Q3868595
http://www.wikidata.org/entity/Q15614479,http://www.wikidata.org/entity/Q106586249
http://www.wikidata.org/entity/Q15623112,http://www.wikidata.org/entity/Q8066390
http://www.wikidata.org/entity/Q15629158,http://www.wikidata.org/entity/Q484179
http://www.wikidata.org/entity/Q12876996,http://www.wikidata.org/entity/Q1465419
http://www.wikidata.org/entity/Q12876996,http://www.wikidata.org/entity/Q5413526
http://www.wikidata.org/entity/Q12881722,http://www.wikidata.org/entity/Q108807656
http://www.wikidata.org/entity/Q12881722,http://www.wikidata.org/entity/Q109496296
http://www.wikidata.org/entity/Q12882577,http://www.wikidata.org/entity/Q132438
http://www.wikidata.org/entity/Q12882577,http://www.wikidata.org/entity/Q1457545
http://www.wikidata.org/entity/Q12978250,http://www.wikidata.org/entity/Q17070502
http://www.wikidata.org/entity/Q12983511,http://www.wikidata.org/entity/Q11399
http://www.wikidata.org/entity/Q12983511,http://www.wikidata.org/entity/Q17070502
http://www.wikidata.org/entity/Q12983518,http://www.wikidata.org/entity/Q17070502
http://www.wikidata.org/entity/Q12983518,http://www.wikidata.org/entity/Q55104351
http://www.wikidata.org/entity/Q12984444,http://www.wikidata.org/entity/Q17070502
http://www.wikidata.org/entity/Q13016974,http://www.wikidata.org/entity/Q478176
http://www.wikidata.org/entity/Q13016974,http://www.wikidata.org/entity/Q20579345
http://www.wikidata.org/entity/Q13018408,http://www.wikidata.org/entity/Q201022
http://www.wikidata.org/entity/Q13018408,http://www.wikidata.org/entity/Q13025600
http://www.wikidata.org/entity/Q13018408,http://www.wikidata.org/entity/Q106928658
http://www.wikidata.org/entity/Q13025595,http://www.wikidata.org/entity/Q943929
http://www.wikidata.org/entity/Q13025595,http://www.wikidata.org/entity/Q106928658
http://www.wikidata.org/entity/Q13025600,http://www.wikidata.org/entity/Q867306
http://www.wikidata.org/entity/Q13025600,http://www.wikidata.org/entity/Q106586998
http://www.wikidata.org/entity/Q13034199,http://www.wikidata.org/entity/Q98528232
http://www.wikidata.org/entity/Q13034229,http://www.wikidata.org/entity/Q13034199
http://www.wikidata.org/entity/Q13037709,http://www.wikidata.org/entity/Q27939
http://www.wikidata.org/entity/Q13053792,http://www.wikidata.org/entity/Q4069711
http://www.wikidata.org/entity/Q13057711,http://www.wikidata.org/entity/Q3349675
http://www.wikidata.org/entity/Q13058900,http://www.wikidata.org/entity/Q3328593
http://www.wikidata.org/entity/Q13058900,http://www.wikidata.org/entity/Q108297196
http://www.wikidata.org/entity/Q13059993,http://www.wikidata.org/entity/Q235858
http://www.wikidata.org/entity/Q13059993,http://www.wikidata.org/entity/Q3328593
http://www.wikidata.org/entity/Q13060093,http://www.wikidata.org/entity/Q11399
http://www.wikidata.org/entity/Q13060093,http://www.wikidata.org/entity/Q1755959
http://www.wikidata.org/entity/Q13060093,http://www.wikidata.org/entity/Q98528267
http://www.wikidata.org/entity/Q13093595,http://www.wikidata.org/entity/Q3181943
http://www.wikidata.org/entity/Q13095033,http://www.wikidata.org/entity/Q20587253
http://www.wikidata.org/entity/Q13095109,http://www.wikidata.org/entity/Q6165240
http://www.wikidata.org/entity/Q13095730,http://www.wikidata.org/entity/Q6165240
http://www.wikidata.org/entity/Q13096243,http://www.wikidata.org/entity/Q6165240
http://www.wikidata.org/entity/Q13097848,http://www.wikidata.org/entity/Q12520649
http://www.wikidata.org/entity/Q13097850,http://www.wikidata.org/entity/Q12520649
http://www.wikidata.org/entity/Q13097854,http://www.wikidata.org/entity/Q12520649
http://www.wikidata.org/entity/Q13097856,http://www.wikidata.org/entity/Q12520649
http://www.wikidata.org/entity/Q13098544,http://www.wikidata.org/entity/Q20587253
http://www.wikidata.org/entity/Q13118900,http://www.wikidata.org/entity/Q13646664
http://www.wikidata.org/entity/Q13164291,http://www.wikidata.org/entity/Q265147
http://www.wikidata.org/entity/Q13164291,http://www.wikidata.org/entity/Q627181
http://www.wikidata.org/entity/Q13164291,http://www.wikidata.org/entity/Q17058526
http://www.wikidata.org/entity/Q13170510,http://www.wikidata.org/entity/Q235858
http://www.wikidata.org/entity/Q13170510,http://www.wikidata.org/entity/Q20627595
http://www.wikidata.org/entity/Q13198732,http://www.wikidata.org/entity/Q685884
http://www.wikidata.org/entity/Q13198732,http://www.wikidata.org/entity/Q4117103
http://www.wikidata.org/entity/Q13199814,http://www.wikidata.org/entity/Q6165240
http://www.wikidata.org/entity/Q13200231,http://www.wikidata.org/entity/Q1210921
http://www.wikidata.org/entity/Q13200231,http://www.wikidata.org/entity/Q106586999
http://www.wikidata.org/entity/Q13212139,http://www.wikidata.org/entity/Q7366
http://www.wikidata.org/entity/Q13212139,http://www.wikidata.org/entity/Q1955035
http://www.wikidata.org/entity/Q13409536,http://www.wikidata.org/entity/Q1370345
http://www.wikidata.org/entity/Q13409536,http://www.wikidata.org/entity/Q7777494
http://www.wikidata.org/entity/Q13424679,http://www.wikidata.org/entity/Q132438
http://www.wikidata.org/entity/Q13580383,http://www.wikidata.org/entity/Q756956
http://www.wikidata.org/entity/Q13586773,http://www.wikidata.org/entity/Q132438
http://www.wikidata.org/entity/Q13627677,http://www.wikidata.org/entity/Q3071
http://www.wikidata.org/entity/Q13627677,http://www.wikidata.org/entity/Q203720
http://www.wikidata.org/entity/Q13627677,http://www.wikidata.org/entity/Q211573
http://www.wikidata.org/entity/Q13634037,http://www.wikidata.org/entity/Q8341
http://www.wikidata.org/entity/Q13634037,http://www.wikidata.org/entity/Q11403
http://www.wikidata.org/entity/Q13646229,http://www.wikidata.org/entity/Q1695023
http://www.wikidata.org/entity/Q13866613,http://www.wikidata.org/entity/Q106506985
http://www.wikidata.org/entity/Q14390274,http://www.wikidata.org/entity/Q316930
http://www.wikidata.org/entity/Q14390274,http://www.wikidata.org/entity/Q727781
http://www.wikidata.org/entity/Q14390274,http://www.wikidata.org/entity/Q18345375
http://www.wikidata.org/entity/Q14493900,http://www.wikidata.org/entity/Q83440
http://www.wikidata.org/entity/Q14546558,http://www.wikidata.org/entity/Q181010
http://www.wikidata.org/entity/Q14942341,http://www.wikidata.org/entity/Q623824
http://www.wikidata.org/entity/Q15042720,http://www.wikidata.org/entity/Q1862748
http://www.wikidata.org/entity/Q15042720,http://www.wikidata.org/entity/Q9048257
http://www.wikidata.org/entity/Q15056301,http://www.wikidata.org/entity/Q11639
http://www.wikidata.org/entity/Q15056301,http://www.wikidata.org/entity/Q15614479
http://www.wikidata.org/entity/Q15056301,http://www.wikidata.org/entity/Q106634987
http://www.wikidata.org/entity/Q15077165,http://www.wikidata.org/entity/Q9734
http://www.wikidata.org/entity/Q15077373,http://www.wikidata.org/entity/Q37073
http://www.wikidata.org/entity/Q15077373,http://www.wikidata.org/entity/Q856713
http://www.wikidata.org/entity/Q15084768,http://www.wikidata.org/entity/Q178145
http://www.wikidata.org/entity/Q15141477,http://www.wikidata.org/entity/Q83270
http://www.wikidata.org/entity/Q15141477,http://www.wikidata.org/entity/Q193355
http://www.wikidata.org/entity/Q15141477,http://www.wikidata.org/entity/Q944465
http://www.wikidata.org/entity/Q15141477,http://www.wikidata.org/entity/Q12326776
http://www.wikidata.org/entity/Q15221176,http://www.wikidata.org/entity/Q6942376
http://www.wikidata.org/entity/Q15221176,http://www.wikidata.org/entity/Q108151421
http://www.wikidata.org/entity/Q15256913,http://www.wikidata.org/entity/Q2498201
http://www.wikidata.org/entity/Q15300817,http://www.wikidata.org/entity/Q20502
http://www.wikidata.org/entity/Q15306187,http://www.wikidata.org/entity/Q11639
http://www.wikidata.org/entity/Q15356546,http://www.wikidata.org/entity/Q37073
http://www.wikidata.org/entity/Q15356546,http://www.wikidata.org/entity/Q11064735
http://www.wikidata.org/entity/Q15357587,http://www.wikidata.org/entity/Q9794
http://www.wikidata.org/entity/Q15357632,http://www.wikidata.org/entity/Q740911
http://www.wikidata.org/entity/Q15362491,http://www.wikidata.org/entity/Q11639
http://www.wikidata.org/entity/Q15362491,http://www.wikidata.org/entity/Q685884
http://www.wikidata.org/entity/Q15410867,http://www.wikidata.org/entity/Q3349675
http://www.wikidata.org/entity/Q15425371,http://www.wikidata.org/entity/Q235858
http://www.wikidata.org/entity/Q112977304,http://www.wikidata.org/entity/Q11401
http://www.wikidata.org/entity/Q112995829,http://www.wikidata.org/entity/Q2347119
http://www.wikidata.org/entity/Q112995829,http://www.wikidata.org/entity/Q5413526
http://www.wikidata.org/entity/Q112997482,http://www.wikidata.org/entity/Q9778
http://www.wikidata.org/entity/Q112997482,http://www.wikidata.org/entity/Q90568328
http://www.wikidata.org/entity/Q113016323,http://www.wikidata.org/entity/Q19880374
http://www.wikidata.org/entity/Q113025278,http://www.wikidata.org/entity/Q179465
http://www.wikidata.org/entity/Q113025278,http://www.wikidata.org/entity/Q2032053
http://www.wikidata.org/entity/Q113082312,http://www.wikidata.org/entity/Q11399
http://www.wikidata.org/entity/Q113082312,http://www.wikidata.org/entity/Q3679098
http://www.wikidata.org/entity/Q113084468,http://www.wikidata.org/entity/Q11399
http://www.wikidata.org/entity/Q113084468,http://www.wikidata.org/entity/Q121411631
http://www.wikidata.org/entity/Q113085490,http://www.wikidata.org/entity/Q6942028
http://www.wikidata.org/entity/Q113086327,http://www.wikidata.org/entity/Q1055871
http://www.wikidata.org/entity/Q113086374,http://www.wikidata.org/entity/Q1055871
http://www.wikidata.org/entity/Q113086403,http://www.wikidata.org/entity/Q1055871
http://www.wikidata.org/entity/Q113086425,http://www.wikidata.org/entity/Q1055871
http://www.wikidata.org/entity/Q113086459,http://www.wikidata.org/entity/Q1055871
http://www.wikidata.org/entity/Q113086480,http://www.wikidata.org/entity/Q873478
http://www.wikidata.org/entity/Q113086480,http://www.wikidata.org/entity/Q10312897
http://www.wikidata.org/entity/Q113086512,http://www.wikidata.org/entity/Q11307326
http://www.wikidata.org/entity/Q113129799,http://www.wikidata.org/entity/Q1268283
http://www.wikidata.org/entity/Q113133172,http://www.wikidata.org/entity/Q3397325
http://www.wikidata.org/entity/Q113153535,http://www.wikidata.org/entity/Q11822344
http://www.wikidata.org/entity/Q113153535,http://www.wikidata.org/entity/Q108297249
http://www.wikidata.org/entity/Q113186482,http://www.wikidata.org/entity/Q6022257
http://www.wikidata.org/entity/Q113205225,http://www.wikidata.org/entity/Q10370558
http://www.wikidata.org/entity/Q113324774,http://www.wikidata.org/entity/Q4943457
http://www.wikidata.org/entity/Q113324793,http://www.wikidata.org/entity/Q4943457
http://www.wikidata.org/entity/Q113332645,http://www.wikidata.org/entity/Q487914
http://www.wikidata.org/entity/Q113436747,http://www.wikidata.org/entity/Q11399
http://www.wikidata.org/entity/Q113436747,http://www.wikidata.org/entity/Q744327
http://www.wikidata.org/entity/Q113447222,http://www.wikidata.org/entity/Q193207
http://www.wikidata.org/entity/Q113447222,http://www.wikidata.org/entity/Q107718737
http://www.wikidata.org/entity/Q113493820,http://www.wikidata.org/entity/Q627906
http://www.wikidata.org/entity/Q113493826,http://www.wikidata.org/entity/Q8341
http://www.wikidata.org/entity/Q113493832,http://www.wikidata.org/entity/Q6942329
http://www.wikidata.org/entity/Q113496771,http://www.wikidata.org/entity/Q8341
http://www.wikidata.org/entity/Q113496771,http://www.wikidata.org/entity/Q744327
http://www.wikidata.org/entity/Q113496934,http://www.wikidata.org/entity/Q744327
http://www.wikidata.org/entity/Q113509746,http://www.wikidata.org/entity/Q672134
http://www.wikidata.org/entity/Q113509746,http://www.wikidata.org/entity/Q850412
http://www.wikidata.org/entity/Q113510667,http://www.wikidata.org/entity/Q388906
http://www.wikidata.org/entity/Q113563595,http://www.wikidata.org/entity/Q106926276
http://www.wikidata.org/entity/Q113563741,http://www.wikidata.org/entity/Q6966089
http://www.wikidata.org/entity/Q113563741,http://www.wikidata.org/entity/Q109332430
http://www.wikidata.org/entity/Q113563746,http://www.wikidata.org/entity/Q1055871
http://www.wikidata.org/entity/Q113600088,http://www.wikidata.org/entity/Q201405
http://www.wikidata.org/entity/Q113600088,http://www.wikidata.org/entity/Q4797274
http://www.wikidata.org/entity/Q113600471,http://www.wikidata.org/entity/Q898709
http://www.wikidata.org/entity/Q113600471,http://www.wikidata.org/entity/Q1033912
http://www.wikidata.org/entity/Q113621229,http://www.wikidata.org/entity/Q2374619
http://www.wikidata.org/entity/Q113621229,http://www.wikidata.org/entity/Q3098078
http://www.wikidata.org/entity/Q113621229,http://www.wikidata.org/entity/Q106577542
http://www.wikidata.org/entity/Q113622724,http://www.wikidata.org/entity/Q107010629
http://www.wikidata.org/entity/Q113627735,http://www.wikidata.org/entity/Q2529400
http://www.wikidata.org/entity/Q113676976,http://www.wikidata.org/entity/Q183504
http://www.wikidata.org/entity/Q113676976,http://www.wikidata.org/entity/Q1132152
http://www.wikidata.org/entity/Q113833898,http://www.wikidata.org/entity/Q201022
http://www.wikidata.org/entity/Q113833898,http://www.wikidata.org/entity/Q235858
http://www.wikidata.org/entity/Q113834417,http://www.wikidata.org/entity/Q3328583
http://www.wikidata.org/entity/Q113856940,http://www.wikidata.org/entity/Q6942011
http://www.wikidata.org/entity/Q113884370,http://www.wikidata.org/entity/Q310871
http://www.wikidata.org/entity/Q113884370,http://www.wikidata.org/entity/Q141427655
http://www.wikidata.org/entity/Q113919076,http://www.wikidata.org/entity/Q235858
http://www.wikidata.org/entity/Q113919076,http://www.wikidata.org/entity/Q106163201
http://www.wikidata.org/entity/Q113973772,http://www.wikidata.org/entity/Q3328676
http://www.wikidata.org/entity/Q113973772,http://www.wikidata.org/entity/Q12326776
http://www.wikidata.org/entity/Q114023768,http://www.wikidata.org/entity/Q107033632
http://www.wikidata.org/entity/Q114023769,http://www.wikidata.org/entity/Q7749
http://www.wikidata.org/entity/Q114023769,http://www.wikidata.org/entity/Q850130
http://www.wikidata.org/entity/Q114047889,http://www.wikidata.org/entity/Q943929
http://www.wikidata.org/entity/Q114047889,http://www.wikidata.org/entity/Q2981079
http://www.wikidata.org/entity/Q114107195,http://www.wikidata.org/entity/Q2452152
http://www.wikidata.org/entity/Q114133626,http://www.wikidata.org/entity/Q11399
http://www.wikidata.org/entity/Q114238485,http://www.wikidata.org/entity/Q188994
http://www.wikidata.org/entity/Q114238485,http://www.wikidata.org/entity/Q3084222
http://www.wikidata.org/entity/Q114238485,http://www.wikidata.org/entity/Q25554481
http://www.wikidata.org/entity/Q114239322,http://www.wikidata.org/entity/Q107033384
http://www.wikidata.org/entity/Q114357486,http://www.wikidata.org/entity/Q107407692
http://www.wikidata.org/entity/Q114443489,http://www.wikidata.org/entity/Q851213
http://www.wikidata.org/entity/Q114443489,http://www.wikidata.org/entity/Q959583
http://www.wikidata.org/entity/Q114594005,http://www.wikidata.org/entity/Q21000514
http://www.wikidata.org/entity/Q114594062,http://www.wikidata.org/entity/Q6942031
http://www.wikidata.org/entity/Q114594120,http://www.wikidata.org/entity/Q98528198
http://www.wikidata.org/entity/Q114743580,http://www.wikidata.org/entity/Q223840
http://www.wikidata.org/entity/Q114762454,http://www.wikidata.org/entity/Q13034199
http://www.wikidata.org/entity/Q114762454,http://www.wikidata.org/entity/Q98528210
http://www.wikidata.org/entity/Q114796570,http://www.wikidata.org/entity/Q1716019
http://www.wikidata.org/entity/Q114804899,http://www.wikidata.org/entity/Q98528185
http://www.wikidata.org/entity/Q114828938,http://www.wikidata.org/entity/Q3328602
http://www.wikidata.org/entity/Q114878405,http://www.wikidata.org/entity/Q170611
http://www.wikidata.org/entity/Q114878405,http://www.wikidata.org/entity/Q217597
http://www.wikidata.org/entity/Q114878413,http://www.wikidata.org/entity/Q11399
http://www.wikidata.org/entity/Q114878413,http://www.wikidata.org/entity/Q2389651
http://www.wikidata.org/entity/Q114878436,http://www.wikidata.org/entity/Q37073
http://www.wikidata.org/entity/Q114878436,http://www.wikidata.org/entity/Q1544863
http://www.wikidata.org/entity/Q114878442,http://www.wikidata.org/entity/Q37073
http://www.wikidata.org/entity/Q114878442,http://www.wikidata.org/entity/Q1071834
http://www.wikidata.org/entity/Q114878571,http://www.wikidata.org/entity/Q1033912
http://www.wikidata.org/entity/Q65211712,http://www.wikidata.org/entity/Q194492
http://www.wikidata.org/entity/Q65211748,http://www.wikidata.org/entity/Q943929
http://www.wikidata.org/entity/Q65211801,http://www.wikidata.org/entity/Q11210968
http://www.wikidata.org/entity/Q65211993,http://www.wikidata.org/entity/Q235858
http://www.wikidata.org/entity/Q65212418,http://www.wikidata.org/entity/Q943929
http://www.wikidata.org/entity/Q65212418,http://www.wikidata.org/entity/Q115159995
http://www.wikidata.org/entity/Q65213526,http://www.wikidata.org/entity/Q194492
http://www.wikidata.org/entity/Q65226754,http://www.wikidata.org/entity/Q235858
http://www.wikidata.org/entity/Q65267090,http://www.wikidata.org/entity/Q718540
http://www.wikidata.org/entity/Q65271568,http://www.wikidata.org/entity/Q718540
http://www.wikidata.org/entity/Q65275479,http://www.wikidata.org/entity/Q693322
http://www.wikidata.org/entity/Q65276678,http://www.wikidata.org/entity/Q252626
http://www.wikidata.org/entity/Q65276678,http://www.wikidata.org/entity/Q116174743
http://www.wikidata.org/entity/Q65295316,http://www.wikidata.org/entity/Q48297861
http://www.wikidata.org/entity/Q65330805,http://www.wikidata.org/entity/Q851213
http://www.wikidata.org/entity/Q65330805,http://www.wikidata.org/entity/Q3868600
http://www.wikidata.org/entity/Q65335148,http://www.wikidata.org/entity/Q454071
http://www.wikidata.org/entity/Q65427884,http://www.wikidata.org/entity/Q106877947
http://www.wikidata.org/entity/Q65447927,http://www.wikidata.org/entity/Q3394906
http://www.wikidata.org/entity/Q65447927,http://www.wikidata.org/entity/Q6942110
http://www.wikidata.org/entity/Q65448155,http://www.wikidata.org/entity/Q106588687
http://www.wikidata.org/entity/Q65453789,http://www.wikidata.org/entity/Q106635234
http://www.wikidata.org/entity/Q65455870,http://www.wikidata.org/entity/Q106642120
http://www.wikidata.org/entity/Q65936357,http://www.wikidata.org/entity/Q9759
http://www.wikidata.org/entity/Q65936391,http://www.wikidata.org/entity/Q11399
http://www.wikidata.org/entity/Q65936391,http://www.wikidata.org/entity/Q286080
http://www.wikidata.org/entity/Q65936979,http://www.wikidata.org/entity/Q3071
http://www.wikidata.org/entity/Q65936979,http://www.wikidata.org/entity/Q1695023
http://www.wikidata.org/entity/Q65937017,http://www.wikidata.org/entity/Q132438
http://www.wikidata.org/entity/Q65937774,http://www.wikidata.org/entity/Q851213
http://www.wikidata.org/entity/Q65937817,http://www.wikidata.org/entity/Q49451
http://www.wikidata.org/entity/Q65937817,http://www.wikidata.org/entity/Q4145841
http://www.wikidata.org/entity/Q65937845,http://www.wikidata.org/entity/Q131272
http://www.wikidata.org/entity/Q65937845,http://www.wikidata.org/entity/Q164444
http://www.wikidata.org/entity/Q65937876,http://www.wikidata.org/entity/Q373342
http://www.wikidata.org/entity/Q65937893,http://www.wikidata.org/entity/Q8341
http://www.wikidata.org/entity/Q65937893,http://www.wikidata.org/entity/Q639197
http://www.wikidata.org/entity/Q65937906,http://www.wikidata.org/entity/Q9778
http://www.wikidata.org/entity/Q65937937,http://www.wikidata.org/entity/Q106574943
http://www.wikidata.org/entity/Q65937946,http://www.wikidata.org/entity/Q9730
http://www.wikidata.org/entity/Q65937954,http://www.wikidata.org/entity/Q83440
http://www.wikidata.org/entity/Q65943390,http://www.wikidata.org/entity/Q203720
http://www.wikidata.org/entity/Q65943557,http://www.wikidata.org/entity/Q483251
http://www.wikidata.org/entity/Q65943744,http://www.wikidata.org/entity/Q9730
http://www.wikidata.org/entity/Q65943778,http://www.wikidata.org/entity/Q83440
http://www.wikidata.org/entity/Q65943778,http://www.wikidata.org/entity/Q1541229
http://www.wikidata.org/entity/Q65943851,http://www.wikidata.org/entity/Q15697534
http://www.wikidata.org/entity/Q66364245,http://www.wikidata.org/entity/Q155858
http://www.wikidata.org/entity/Q66364245,http://www.wikidata.org/entity/Q16679594
http://www.wikidata.org/entity/Q66686936,http://www.wikidata.org/entity/Q9778
http://www.wikidata.org/entity/Q66686936,http://www.wikidata.org/entity/Q3328774
http://www.wikidata.org/entity/Q68926236,http://www.wikidata.org/entity/Q3868594
http://www.wikidata.org/entity/Q68926236,http://www.wikidata.org/entity/Q110592421
http://www.wikidata.org/entity/Q70985721,http://www.wikidata.org/entity/Q180268
http://www.wikidata.org/entity/Q70985721,http://www.wikidata.org/entity/Q846784
http://www.wikidata.org/entity/Q70985836,http://www.wikidata.org/entity/Q131272
http://www.wikidata.org/entity/Q72862526,http://www.wikidata.org/entity/Q108823220
http://www.wikidata.org/entity/Q79054127,http://www.wikidata.org/entity/Q27939
http://www.wikidata.org/entity/Q79054127,http://www.wikidata.org/entity/Q685884
http://www.wikidata.org/entity/Q79784514,http://www.wikidata.org/entity/Q7248857
http://www.wikidata.org/entity/Q79784514,http://www.wikidata.org/entity/Q11308620
http://www.wikidata.org/entity/Q79891737,http://www.wikidata.org/entity/Q8812109
http://www.wikidata.org/entity/Q79891737,http://www.wikidata.org/entity/Q23072435
http://www.wikidata.org/entity/Q80480981,http://www.wikidata.org/entity/Q20474
http://www.wikidata.org/entity/Q80480981,http://www.wikidata.org/entity/Q3876770
http://www.wikidata.org/entity/Q80724932,http://www.wikidata.org/entity/Q15733887
http://www.wikidata.org/entity/Q80725067,http://www.wikidata.org/entity/Q1141081
http://www.wikidata.org/entity/Q80725067,http://www.wikidata.org/entity/Q15733887
http://www.wikidata.org/entity/Q80725127,http://www.wikidata.org/entity/Q20502
http://www.wikidata.org/entity/Q80725127,http://www.wikidata.org/entity/Q15733887
http://www.wikidata.org/entity/Q83330307,http://www.wikidata.org/entity/Q1192110
http://www.wikidata.org/entity/Q84322263,http://www.wikidata.org/entity/Q943929
http://www.wikidata.org/entity/Q84322263,http://www.wikidata.org/entity/Q7482056
http://www.wikidata.org/entity/Q84322263,http://www.wikidata.org/entity/Q116690343
http://www.wikidata.org/entity/Q85740017,http://www.wikidata.org/entity/Q11401
http://www.wikidata.org/entity/Q85741139,http://www.wikidata.org/entity/Q20502
http://www.wikidata.org/entity/Q85741139,http://www.wikidata.org/entity/Q4794612
http://www.wikidata.org/entity/Q85748774,http://www.wikidata.org/entity/Q20502
http://www.wikidata.org/entity/Q85755605,http://www.wikidata.org/entity/Q37073
http://www.wikidata.org/entity/Q85755605,http://www.wikidata.org/entity/Q474027
http://www.wikidata.org/entity/Q85765918,http://www.wikidata.org/entity/Q115484611
http://www.wikidata.org/entity/Q85769955,http://www.wikidata.org/entity/Q11366
http://www.wikidata.org/entity/Q85769955,http://www.wikidata.org/entity/Q4396829
http://www.wikidata.org/entity/Q85775929,http://www.wikidata.org/entity/Q850412
http://www.wikidata.org/entity/Q85775929,http://www.wikidata.org/entity/Q18345375
http://www.wikidata.org/entity/Q85785117,http://www.wikidata.org/entity/Q3397325
http://www.wikidata.org/entity/Q85785117,http://www.wikidata.org/entity/Q3827483
http://www.wikidata.org/entity/Q85787413,http://www.wikidata.org/entity/Q3889385
http://www.wikidata.org/entity/Q85787413,http://www.wikidata.org/entity/Q5747258
http://www.wikidata.org/entity/Q85809915,http://www.wikidata.org/entity/Q3328681
http://www.wikidata.org/entity/Q85809915,http://www.wikidata.org/entity/Q6942044
http://www.wikidata.org/entity/Q85846779,http://www.wikidata.org/entity/Q1133657
http://www.wikidata.org/entity/Q85867089,http://www.wikidata.org/entity/Q108297224
http://www.wikidata.org/entity/Q85867352,http://www.wikidata.org/entity/Q54329757
http://www.wikidata.org/entity/Q86674318,http://www.wikidata.org/entity/Q170611
http://www.wikidata.org/entity/Q86674318,http://www.wikidata.org/entity/Q6941914
http://www.wikidata.org/entity/Q86729224,http://www.wikidata.org/entity/Q211025
http://www.wikidata.org/entity/Q86729224,http://www.wikidata.org/entity/Q1484821
http://www.wikidata.org/entity/Q87270951,http://www.wikidata.org/entity/Q12274232
http://www.wikidata.org/entity/Q88340836,http://www.wikidata.org/entity/Q2498201
http://www.wikidata.org/entity/Q124707721,http://www.wikidata.org/entity/Q1550501
http://www.wikidata.org/entity/Q124707721,http://www.wikidata.org/entity/Q12399034
http://www.wikidata.org/entity/Q124713283,http://www.wikidata.org/entity/Q108297222
http://www.wikidata.org/entity/Q124714400,http://www.wikidata.org/entity/Q106586248
http://www.wikidata.org/entity/Q124728302,http://www.wikidata.org/entity/Q117745223
http://www.wikidata.org/entity/Q124739364,http://www.wikidata.org/entity/Q3827483
http://www.wikidata.org/entity/Q124739364,http://www.wikidata.org/entity/Q6942370
http://www.wikidata.org/entity/Q124791567,http://www.wikidata.org/entity/Q188994
http://www.wikidata.org/entity/Q124791567,http://www.wikidata.org/entity/Q325504
http://www.wikidata.org/entity/Q124846645,http://www.wikidata.org/entity/Q3071
http://www.wikidata.org/entity/Q124846645,http://www.wikidata.org/entity/Q820049
http://www.wikidata.org/entity/Q124851788,http://www.wikidata.org/entity/Q716060
http://www.wikidata.org/entity/Q124851801,http://www.wikidata.org/entity/Q9778
http://www.wikidata.org/entity/Q124851801,http://www.wikidata.org/entity/Q124568573
http://www.wikidata.org/entity/Q124879726,http://www.wikidata.org/entity/Q208239
http://www.wikidata.org/entity/Q124879726,http://www.wikidata.org/entity/Q2486179
http://www.wikidata.org/entity/Q125056553,http://www.wikidata.org/entity/Q179465
http://www.wikidata.org/entity/Q125056553,http://www.wikidata.org/entity/Q502658
http://www.wikidata.org/entity/Q125056553,http://www.wikidata.org/entity/Q1048249
http://www.wikidata.org/entity/Q125088409,http://www.wikidata.org/entity/Q179465
http://www.wikidata.org/entity/Q125088409,http://www.wikidata.org/entity/Q6942263
http://www.wikidata.org/entity/Q125346571,http://www.wikidata.org/entity/Q2913982
http://www.wikidata.org/entity/Q125346598,http://www.wikidata.org/entity/Q108297179
http://www.wikidata.org/entity/Q125346598,http://www.wikidata.org/entity/Q108297215
http://www.wikidata.org/entity/Q125375020,http://www.wikidata.org/entity/Q11399
http://www.wikidata.org/entity/Q125455354,http://www.wikidata.org/entity/Q202930
http://www.wikidata.org/entity/Q125455891,http://www.wikidata.org/entity/Q235858
http://www.wikidata.org/entity/Q125455891,http://www.wikidata.org/entity/Q11938280
http://www.wikidata.org/entity/Q125455905,http://www.wikidata.org/entity/Q107010629
http://www.wikidata.org/entity/Q125455905,http://www.wikidata.org/entity/Q112997482
http://www.wikidata.org/entity/Q125544586,http://www.wikidata.org/entity/Q1156957
http://www.wikidata.org/entity/Q125591399,http://www.wikidata.org/entity/Q6010
http://www.wikidata.org/entity/Q125591399,http://www.wikidata.org/entity/Q121411631
http://www.wikidata.org/entity/Q125653755,http://www.wikidata.org/entity/Q11401
http://www.wikidata.org/entity/Q125661847,http://www.wikidata.org/entity/Q138020
http://www.wikidata.org/entity/Q125687720,http://www.wikidata.org/entity/Q469343
http://www.wikidata.org/entity/Q125687720,http://www.wikidata.org/entity/Q753679
http://www.wikidata.org/entity/Q125751285,http://www.wikidata.org/entity/Q15221176
http://www.wikidata.org/entity/Q125754839,http://www.wikidata.org/entity/Q98528267
http://www.wikidata.org/entity/Q125799361,http://www.wikidata.org/entity/Q106423092
http://www.wikidata.org/entity/Q125848864,http://www.wikidata.org/entity/Q3135787
http://www.wikidata.org/entity/Q125848864,http://www.wikidata.org/entity/Q6942331
http://www.wikidata.org/entity/Q125850367,http://www.wikidata.org/entity/Q964987
http://www.wikidata.org/entity/Q125850367,http://www.wikidata.org/entity/Q3843655
http://www.wikidata.org/entity/Q125854043,http://www.wikidata.org/entity/Q388906
http://www.wikidata.org/entity/Q125854043,http://www.wikidata.org/entity/Q106423092
http://www.wikidata.org/entity/Q125854050,http://www.wikidata.org/entity/Q3328693
http://www.wikidata.org/entity/Q125918103,http://www.wikidata.org/entity/Q899215
http://www.wikidata.org/entity/Q125923060,http://www.wikidata.org/entity/Q11639
http://www.wikidata.org/entity/Q125923060,http://www.wikidata.org/entity/Q193434
http://www.wikidata.org/entity/Q125923072,http://www.wikidata.org/entity/Q11639
http://www.wikidata.org/entity/Q125923072,http://www.wikidata.org/entity/Q208341
http://www.wikidata.org/entity/Q125923072,http://www.wikidata.org/entity/Q1550501
http://www.wikidata.org/entity/Q126175574,http://www.wikidata.org/entity/Q20502
http://www.wikidata.org/entity/Q126281100,http://www.wikidata.org/entity/Q420965
http://www.wikidata.org/entity/Q126281100,http://www.wikidata.org/entity/Q15697534
http://www.wikidata.org/entity/Q126281483,http://www.wikidata.org/entity/Q370778
http://www.wikidata.org/entity/Q126281483,http://www.wikidata.org/entity/Q783097
http://www.wikidata.org/entity/Q126335126,http://www.wikidata.org/entity/Q851213
http://www.wikidata.org/entity/Q126500651,http://www.wikidata.org/entity/Q465978
http://www.wikidata.org/entity/Q126708888,http://www.wikidata.org/entity/Q2238236
http://www.wikidata.org/entity/Q126708888,http://www.wikidata.org/entity/Q2913982
http://www.wikidata.org/entity/Q126728409,http://www.wikidata.org/entity/Q6010117
http://www.wikidata.org/entity/Q126728409,http://www.wikidata.org/entity/Q90568328
http://www.wikidata.org/entity/Q126954549,http://www.wikidata.org/entity/Q132438
http://www.wikidata.org/entity/Q127129068,http://www.wikidata.org/entity/Q126281100
http://www.wikidata.org/entity/Q127147485,http://www.wikidata.org/entity/Q106595599
http://www.wikidata.org/entity/Q127269144,http://www.wikidata.org/entity/Q204067
http://www.wikidata.org/entity/Q127269144,http://www.wikidata.org/entity/Q753679
http://www.wikidata.org/entity/Q127270988,http://www.wikidata.org/entity/Q64140592
http://www.wikidata.org/entity/Q127270988,http://www.wikidata.org/entity/Q106507381
http://www.wikidata.org/entity/Q127326805,http://www.wikidata.org/entity/Q56351111
http://www.wikidata.org/entity/Q127469939,http://www.wikidata.org/entity/Q1417976
http://www.wikidata.org/entity/Q127469939,http://www.wikidata.org/entity/Q12326776
http://www.wikidata.org/entity/Q127470373,http://www.wikidata.org/entity/Q9778
http://www.wikidata.org/entity/Q127470373,http://www.wikidata.org/entity/Q212688
http://www.wikidata.org/entity/Q127470401,http://www.wikidata.org/entity/Q170611
http://www.wikidata.org/entity/Q127470401,http://www.wikidata.org/entity/Q106576170
http://www.wikidata.org/entity/Q127470456,http://www.wikidata.org/entity/Q268673
http://www.wikidata.org/entity/Q127470456,http://www.wikidata.org/entity/Q846119
http://www.wikidata.org/entity/Q127470526,http://www.wikidata.org/entity/Q37073
http://www.wikidata.org/entity/Q127470683,http://www.wikidata.org/entity/Q1695023
http://www.wikidata.org/entity/Q127470683,http://www.wikidata.org/entity/Q7248857
http://www.wikidata.org/entity/Q127470732,http://www.wikidata.org/entity/Q685884
http://www.wikidata.org/entity/Q127470732,http://www.wikidata.org/entity/Q1770695
http://www.wikidata.org/entity/Q127470932,http://www.wikidata.org/entity/Q212688
http://www.wikidata.org/entity/Q127470932,http://www.wikidata.org/entity/Q12183214
http://www.wikidata.org/entity/Q127471000,http://www.wikidata.org/entity/Q2416307
http://www.wikidata.org/entity/Q127471087,http://www.wikidata.org/entity/Q388906
http://www.wikidata.org/entity/Q127471087,http://www.wikidata.org/entity/Q660984
http://www.wikidata.org/entity/Q127471107,http://www.wikidata.org/entity/Q837837
http://www.wikidata.org/entity/Q127471163,http://www.wikidata.org/entity/Q37073
http://www.wikidata.org/entity/Q127471163,http://www.wikidata.org/entity/Q639197
http://www.wikidata.org/entity/Q127471163,http://www.wikidata.org/entity/Q848399
http://www.wikidata.org/entity/Q127471302,http://www.wikidata.org/entity/Q9759
http://www.wikidata.org/entity/Q127471360,http://www.wikidata.org/entity/Q65943778
http://www.wikidata.org/entity/Q127471482,http://www.wikidata.org/entity/Q639197
http://www.wikidata.org/entity/Q127471482,http://www.wikidata.org/entity/Q8011523
http://www.wikidata.org/entity/Q127471510,http://www.wikidata.org/entity/Q639197
http://www.wikidata.org/entity/Q127471510,http://www.wikidata.org/entity/Q1770695
http://www.wikidata.org/entity/Q114878571,http://www.wikidata.org/entity/Q27345019
http://www.wikidata.org/entity/Q114878593,http://www.wikidata.org/entity/Q7366
http://www.wikidata.org/entity/Q114878593,http://www.wikidata.org/entity/Q716060
http://www.wikidata.org/entity/Q114879326,http://www.wikidata.org/entity/Q16679594
http://www.wikidata.org/entity/Q114879744,http://www.wikidata.org/entity/Q8341
http://www.wikidata.org/entity/Q114879744,http://www.wikidata.org/entity/Q1544863
http://www.wikidata.org/entity/Q114879861,http://www.wikidata.org/entity/Q2981079
http://www.wikidata.org/entity/Q114880124,http://www.wikidata.org/entity/Q96740854
http://www.wikidata.org/entity/Q114880130,http://www.wikidata.org/entity/Q851213
http://www.wikidata.org/entity/Q114880130,http://www.wikidata.org/entity/Q96740854
http://www.wikidata.org/entity/Q114907074,http://www.wikidata.org/entity/Q8341
http://www.wikidata.org/entity/Q114907417,http://www.wikidata.org/entity/Q45981
http://www.wikidata.org/entity/Q114907537,http://www.wikidata.org/entity/Q649823
http://www.wikidata.org/entity/Q114908125,http://www.wikidata.org/entity/Q180268
http://www.wikidata.org/entity/Q114909317,http://www.wikidata.org/entity/Q1051735
http://www.wikidata.org/entity/Q114909458,http://www.wikidata.org/entity/Q541947
http://www.wikidata.org/entity/Q114909458,http://www.wikidata.org/entity/Q7579604
http://www.wikidata.org/entity/Q115063474,http://www.wikidata.org/entity/Q9778
http://www.wikidata.org/entity/Q115063525,http://www.wikidata.org/entity/Q624044
http://www.wikidata.org/entity/Q115063525,http://www.wikidata.org/entity/Q2913982
http://www.wikidata.org/entity/Q115063561,http://www.wikidata.org/entity/Q107718737
http://www.wikidata.org/entity/Q115063561,http://www.wikidata.org/entity/Q110592786
http://www.wikidata.org/entity/Q115138321,http://www.wikidata.org/entity/Q3868595
http://www.wikidata.org/entity/Q115138321,http://www.wikidata.org/entity/Q110167696
http://www.wikidata.org/entity/Q115164719,http://www.wikidata.org/entity/Q108615838
http://www.wikidata.org/entity/Q115164719,http://www.wikidata.org/entity/Q115168871
http://www.wikidata.org/entity/Q115171191,http://www.wikidata.org/entity/Q6010
http://www.wikidata.org/entity/Q115171191,http://www.wikidata.org/entity/Q1378776
http://www.wikidata.org/entity/Q115178919,http://www.wikidata.org/entity/Q483251
http://www.wikidata.org/entity/Q115178919,http://www.wikidata.org/entity/Q486415
http://www.wikidata.org/entity/Q115200681,http://www.wikidata.org/entity/Q9778
http://www.wikidata.org/entity/Q115200681,http://www.wikidata.org/entity/Q850412
http://www.wikidata.org/entity/Q115204980,http://www.wikidata.org/entity/Q76092
http://www.wikidata.org/entity/Q115206619,http://www.wikidata.org/entity/Q235858
http://www.wikidata.org/entity/Q115218587,http://www.wikidata.org/entity/Q1156957
http://www.wikidata.org/entity/Q115248229,http://www.wikidata.org/entity/Q37073
http://www.wikidata.org/entity/Q115248229,http://www.wikidata.org/entity/Q1210921
http://www.wikidata.org/entity/Q115327250,http://www.wikidata.org/entity/Q3328727
http://www.wikidata.org/entity/Q115327250,http://www.wikidata.org/entity/Q6942133
http://www.wikidata.org/entity/Q115327276,http://www.wikidata.org/entity/Q110167696
http://www.wikidata.org/entity/Q115327281,http://www.wikidata.org/entity/Q3394906
http://www.wikidata.org/entity/Q115327281,http://www.wikidata.org/entity/Q107718539
http://www.wikidata.org/entity/Q115456684,http://www.wikidata.org/entity/Q757143
http://www.wikidata.org/entity/Q115456684,http://www.wikidata.org/entity/Q15733887
http://www.wikidata.org/entity/Q115457255,http://www.wikidata.org/entity/Q753679
http://www.wikidata.org/entity/Q115457255,http://www.wikidata.org/entity/Q85785117
http://www.wikidata.org/entity/Q115482626,http://www.wikidata.org/entity/Q3397325
http://www.wikidata.org/entity/Q115483855,http://www.wikidata.org/entity/Q15697534
http://www.wikidata.org/entity/Q115485183,http://www.wikidata.org/entity/Q2913982
http://www.wikidata.org/entity/Q115550280,http://www.wikidata.org/entity/Q850412
http://www.wikidata.org/entity/Q115550280,http://www.wikidata.org/entity/Q2991840
http://www.wikidata.org/entity/Q115612369,http://www.wikidata.org/entity/Q316930
http://www.wikidata.org/entity/Q115612369,http://www.wikidata.org/entity/Q106588687
http://www.wikidata.org/entity/Q115616295,http://www.wikidata.org/entity/Q8341
http://www.wikidata.org/entity/Q115625176,http://www.wikidata.org/entity/Q723418
http://www.wikidata.org/entity/Q115625176,http://www.wikidata.org/entity/Q920883
http://www.wikidata.org/entity/Q115632110,http://www.wikidata.org/entity/Q115632116
http://www.wikidata.org/entity/Q115632116,http://www.wikidata.org/entity/Q11639
http://www.wikidata.org/entity/Q115684103,http://www.wikidata.org/entity/Q141458789
http://www.wikidata.org/entity/Q115690999,http://www.wikidata.org/entity/Q65065491
http://www.wikidata.org/entity/Q115691081,http://www.wikidata.org/entity/Q6942047
http://www.wikidata.org/entity/Q115691081,http://www.wikidata.org/entity/Q15697534
http://www.wikidata.org/entity/Q115702912,http://www.wikidata.org/entity/Q10922
http://www.wikidata.org/entity/Q115702912,http://www.wikidata.org/entity/Q3328634
http://www.wikidata.org/entity/Q115725821,http://www.wikidata.org/entity/Q7205507
http://www.wikidata.org/entity/Q115725860,http://www.wikidata.org/entity/Q531384
http://www.wikidata.org/entity/Q115725860,http://www.wikidata.org/entity/Q7205507
http://www.wikidata.org/entity/Q115741204,http://www.wikidata.org/entity/Q722989
http://www.wikidata.org/entity/Q115741204,http://www.wikidata.org/entity/Q932477
http://www.wikidata.org/entity/Q115741204,http://www.wikidata.org/entity/Q119327283
http://www.wikidata.org/entity/Q115776141,http://www.wikidata.org/entity/Q6942076
http://www.wikidata.org/entity/Q115799227,http://www.wikidata.org/entity/Q6496560
http://www.wikidata.org/entity/Q115799883,http://www.wikidata.org/entity/Q3437823
http://www.wikidata.org/entity/Q115799883,http://www.wikidata.org/entity/Q117001315
http://www.wikidata.org/entity/Q88347179,http://www.wikidata.org/entity/Q6452410
http://www.wikidata.org/entity/Q88347179,http://www.wikidata.org/entity/Q88340836
http://www.wikidata.org/entity/Q89099707,http://www.wikidata.org/entity/Q37073
http://www.wikidata.org/entity/Q89099707,http://www.wikidata.org/entity/Q1810546
http://www.wikidata.org/entity/Q89363113,http://www.wikidata.org/entity/Q286080
http://www.wikidata.org/entity/Q89363113,http://www.wikidata.org/entity/Q373342
http://www.wikidata.org/entity/Q89363113,http://www.wikidata.org/entity/Q685884
http://www.wikidata.org/entity/Q89423271,http://www.wikidata.org/entity/Q10922
http://www.wikidata.org/entity/Q89423571,http://www.wikidata.org/entity/Q118738993
http://www.wikidata.org/entity/Q90404841,http://www.wikidata.org/entity/Q106298881
http://www.wikidata.org/entity/Q90414790,http://www.wikidata.org/entity/Q16821210
http://www.wikidata.org/entity/Q90568328,http://www.wikidata.org/entity/Q9778
http://www.wikidata.org/entity/Q90568328,http://www.wikidata.org/entity/Q11401
http://www.wikidata.org/entity/Q90730712,http://www.wikidata.org/entity/Q612024
http://www.wikidata.org/entity/Q90730712,http://www.wikidata.org/entity/Q4059163
http://www.wikidata.org/entity/Q91057397,http://www.wikidata.org/entity/Q10334896
http://www.wikidata.org/entity/Q91611922,http://www.wikidata.org/entity/Q164444
http://www.wikidata.org/entity/Q91841612,http://www.wikidata.org/entity/Q624044
http://www.wikidata.org/entity/Q92869446,http://www.wikidata.org/entity/Q9730
http://www.wikidata.org/entity/Q92869446,http://www.wikidata.org/entity/Q8812109
http://www.wikidata.org/entity/Q93595416,http://www.wikidata.org/entity/Q174873
http://www.wikidata.org/entity/Q93595416,http://www.wikidata.org/entity/Q2389651
http://www.wikidata.org/entity/Q94119778,http://www.wikidata.org/entity/Q9730
http://www.wikidata.org/entity/Q94119778,http://www.wikidata.org/entity/Q846784
http://www.wikidata.org/entity/Q94499224,http://www.wikidata.org/entity/Q7366
http://www.wikidata.org/entity/Q94499224,http://www.wikidata.org/entity/Q88340836
http://www.wikidata.org/entity/Q94574942,http://www.wikidata.org/entity/Q2498201
http://www.wikidata.org/entity/Q94574942,http://www.wikidata.org/entity/Q116690343
http://www.wikidata.org/entity/Q94639707,http://www.wikidata.org/entity/Q3702442
http://www.wikidata.org/entity/Q94951462,http://www.wikidata.org/entity/Q3702442
http://www.wikidata.org/entity/Q95366506,http://www.wikidata.org/entity/Q98528232
http://www.wikidata.org/entity/Q95469495,http://www.wikidata.org/entity/Q37073
http://www.wikidata.org/entity/Q95469495,http://www.wikidata.org/entity/Q1695023
http://www.wikidata.org/entity/Q96194931,http://www.wikidata.org/entity/Q105513
http://www.wikidata.org/entity/Q96194931,http://www.wikidata.org/entity/Q1530455
http://www.wikidata.org/entity/Q96238833,http://www.wikidata.org/entity/Q316930
http://www.wikidata.org/entity/Q96238833,http://www.wikidata.org/entity/Q685884
http://www.wikidata.org/entity/Q96376113,http://www.wikidata.org/entity/Q110527222
http://www.wikidata.org/entity/Q96376126,http://www.wikidata.org/entity/Q131272
http://www.wikidata.org/entity/Q96395212,http://www.wikidata.org/entity/Q202930
http://www.wikidata.org/entity/Q96395212,http://www.wikidata.org/entity/Q132531675
http://www.wikidata.org/entity/Q96404775,http://www.wikidata.org/entity/Q8341
http://www.wikidata.org/entity/Q96404775,http://www.wikidata.org/entity/Q1065742
http://www.wikidata.org/entity/Q96647680,http://www.wikidata.org/entity/Q446241
http://www.wikidata.org/entity/Q96740854,http://www.wikidata.org/entity/Q373342
http://www.wikidata.org/entity/Q96870628,http://www.wikidata.org/entity/Q9748
http://www.wikidata.org/entity/Q96870628,http://www.wikidata.org/entity/Q207628
http://www.wikidata.org/entity/Q96874426,http://www.wikidata.org/entity/Q9759
http://www.wikidata.org/entity/Q97097034,http://www.wikidata.org/entity/Q1617757
http://www.wikidata.org/entity/Q97159655,http://www.wikidata.org/entity/Q4879372
http://www.wikidata.org/entity/Q97159655,http://www.wikidata.org/entity/Q98528189
http://www.wikidata.org/entity/Q97159655,http://www.wikidata.org/entity/Q116973456
http://www.wikidata.org/entity/Q97169418,http://www.wikidata.org/entity/Q6010
http://www.wikidata.org/entity/Q97178866,http://www.wikidata.org/entity/Q97278139
http://www.wikidata.org/entity/Q97180498,http://www.wikidata.org/entity/Q11403
http://www.wikidata.org/entity/Q97181439,http://www.wikidata.org/entity/Q117745223
http://www.wikidata.org/entity/Q97186903,http://www.wikidata.org/entity/Q19820570
http://www.wikidata.org/entity/Q97212472,http://www.wikidata.org/entity/Q3858
http://www.wikidata.org/entity/Q97212472,http://www.wikidata.org/entity/Q12326776
http://www.wikidata.org/entity/Q97213491,http://www.wikidata.org/entity/Q17053898
http://www.wikidata.org/entity/Q97216998,http://www.wikidata.org/entity/Q37073
http://www.wikidata.org/entity/Q97219640,http://www.wikidata.org/entity/Q1550501
http://www.wikidata.org/entity/Q97232317,http://www.wikidata.org/entity/Q107331898
http://www.wikidata.org/entity/Q97241431,http://www.wikidata.org/entity/Q1585558
http://www.wikidata.org/entity/Q97265899,http://www.wikidata.org/entity/Q11401
http://www.wikidata.org/entity/Q97265899,http://www.wikidata.org/entity/Q757143
http://www.wikidata.org/entity/Q97276030,http://www.wikidata.org/entity/Q17176998
http://www.wikidata.org/entity/Q97277483,http://www.wikidata.org/entity/Q928825
http://www.wikidata.org/entity/Q97278139,http://www.wikidata.org/entity/Q1634085
http://www.wikidata.org/entity/Q97278139,http://www.wikidata.org/entity/Q117745223
http://www.wikidata.org/entity/Q97326344,http://www.wikidata.org/entity/Q373342
http://www.wikidata.org/entity/Q97356926,http://www.wikidata.org/entity/Q6022257
http://www.wikidata.org/entity/Q97359235,http://www.wikidata.org/entity/Q8361
http://www.wikidata.org/entity/Q97368941,http://www.wikidata.org/entity/Q1716019
http://www.wikidata.org/entity/Q97375316,http://www.wikidata.org/entity/Q7366
http://www.wikidata.org/entity/Q97375668,http://www.wikidata.org/entity/Q132438
http://www.wikidata.org/entity/Q97378346,http://www.wikidata.org/entity/Q110312933
http://www.wikidata.org/entity/Q97500868,http://www.wikidata.org/entity/Q26897135
http://www.wikidata.org/entity/Q97641033,http://www.wikidata.org/entity/Q107524184
http://www.wikidata.org/entity/Q97936699,http://www.wikidata.org/entity/Q6942012
http://www.wikidata.org/entity/Q97942949,http://www.wikidata.org/entity/Q842324
http://www.wikidata.org/entity/Q97942949,http://www.wikidata.org/entity/Q1190565
http://www.wikidata.org/entity/Q98076452,http://www.wikidata.org/entity/Q744417
http://www.wikidata.org/entity/Q98088041,http://www.wikidata.org/entity/Q20502
http://www.wikidata.org/entity/Q98091634,http://www.wikidata.org/entity/Q11399
http://www.wikidata.org/entity/Q98091634,http://www.wikidata.org/entity/Q1074080
http://www.wikidata.org/entity/Q98528139,http://www.wikidata.org/entity/Q193207
http://www.wikidata.org/entity/Q98528139,http://www.wikidata.org/entity/Q106576170
http://www.wikidata.org/entity/Q98528141,http://www.wikidata.org/entity/Q649823
http://www.wikidata.org/entity/Q98528141,http://www.wikidata.org/entity/Q1271752
http://www.wikidata.org/entity/Q98528141,http://www.wikidata.org/entity/Q65936357
http://www.wikidata.org/entity/Q98528142,http://www.wikidata.org/entity/Q640097
http://www.wikidata.org/entity/Q98528142,http://www.wikidata.org/entity/Q1271752
http://www.wikidata.org/entity/Q98528143,http://www.wikidata.org/entity/Q572901
http://www.wikidata.org/entity/Q98528149,http://www.wikidata.org/entity/Q58339
http://www.wikidata.org/entity/Q98528149,http://www.wikidata.org/entity/Q851213
http://www.wikidata.org/entity/Q98528158,http://www.wikidata.org/entity/Q20474
http://www.wikidata.org/entity/Q98528166,http://www.wikidata.org/entity/Q9778
http://www.wikidata.org/entity/Q98528166,http://www.wikidata.org/entity/Q18345375
http://www.wikidata.org/entity/Q98528171,http://www.wikidata.org/entity/Q6865341
http://www.wikidata.org/entity/Q127471539,http://www.wikidata.org/entity/Q205049
http://www.wikidata.org/entity/Q127471544,http://www.wikidata.org/entity/Q685884
http://www.wikidata.org/entity/Q127471544,http://www.wikidata.org/entity/Q956883
http://www.wikidata.org/entity/Q127471557,http://www.wikidata.org/entity/Q37073
http://www.wikidata.org/entity/Q127471557,http://www.wikidata.org/entity/Q848399
http://www.wikidata.org/entity/Q127472147,http://www.wikidata.org/entity/Q115484611
http://www.wikidata.org/entity/Q127518004,http://www.wikidata.org/entity/Q1131855
http://www.wikidata.org/entity/Q127518004,http://www.wikidata.org/entity/Q107539904
http://www.wikidata.org/entity/Q127518866,http://www.wikidata.org/entity/Q1131855
http://www.wikidata.org/entity/Q127518866,http://www.wikidata.org/entity/Q4806789
http://www.wikidata.org/entity/Q127518946,http://www.wikidata.org/entity/Q3328738
http://www.wikidata.org/entity/Q127518946,http://www.wikidata.org/entity/Q4806789
http://www.wikidata.org/entity/Q127519343,http://www.wikidata.org/entity/Q2498201
http://www.wikidata.org/entity/Q127519343,http://www.wikidata.org/entity/Q107539904
http://www.wikidata.org/entity/Q127606323,http://www.wikidata.org/entity/Q29973057
http://www.wikidata.org/entity/Q127606347,http://www.wikidata.org/entity/Q29973057
http://www.wikidata.org/entity/Q127606355,http://www.wikidata.org/entity/Q29973057
http://www.wikidata.org/entity/Q127606361,http://www.wikidata.org/entity/Q29973057
http://www.wikidata.org/entity/Q127606370,http://www.wikidata.org/entity/Q29973057
http://www.wikidata.org/entity/Q127606375,http://www.wikidata.org/entity/Q29973057
http://www.wikidata.org/entity/Q127606386,http://www.wikidata.org/entity/Q29973057
http://www.wikidata.org/entity/Q127606390,http://www.wikidata.org/entity/Q29973057
http://www.wikidata.org/entity/Q127606394,http://www.wikidata.org/entity/Q388100
http://www.wikidata.org/entity/Q127606411,http://www.wikidata.org/entity/Q29973057
http://www.wikidata.org/entity/Q127606451,http://www.wikidata.org/entity/Q11401
http://www.wikidata.org/entity/Q127835664,http://www.wikidata.org/entity/Q117745223
http://www.wikidata.org/entity/Q127835715,http://www.wikidata.org/entity/Q7198347
http://www.wikidata.org/entity/Q127835715,http://www.wikidata.org/entity/Q122034795
http://www.wikidata.org/entity/Q127883821,http://www.wikidata.org/entity/Q2913982
http://www.wikidata.org/entity/Q128631435,http://www.wikidata.org/entity/Q110592786
http://www.wikidata.org/entity/Q128792610,http://www.wikidata.org/entity/Q2697917
http://www.wikidata.org/entity/Q128792618,http://www.wikidata.org/entity/Q107010629
http://www.wikidata.org/entity/Q128792625,http://www.wikidata.org/entity/Q104853037
http://www.wikidata.org/entity/Q128792625,http://www.wikidata.org/entity/Q106586999
http://www.wikidata.org/entity/Q128792684,http://www.wikidata.org/entity/Q3071
http://www.wikidata.org/entity/Q129098689,http://www.wikidata.org/entity/Q9778
http://www.wikidata.org/entity/Q129098689,http://www.wikidata.org/entity/Q496929
http://www.wikidata.org/entity/Q129312602,http://www.wikidata.org/entity/Q11401
http://www.wikidata.org/entity/Q129320699,http://www.wikidata.org/entity/Q114357486
http://www.wikidata.org/entity/Q129571286,http://www.wikidata.org/entity/Q9794
http://www.wikidata.org/entity/Q129571286,http://www.wikidata.org/entity/Q11401
http://www.wikidata.org/entity/Q129755289,http://www.wikidata.org/entity/Q38848
http://www.wikidata.org/entity/Q130247893,http://www.wikidata.org/entity/Q387236
http://www.wikidata.org/entity/Q130247893,http://www.wikidata.org/entity/Q4794612
http://www.wikidata.org/entity/Q130247900,http://www.wikidata.org/entity/Q6942095
http://www.wikidata.org/entity/Q130247900,http://www.wikidata.org/entity/Q15697534
http://www.wikidata.org/entity/Q130283263,http://www.wikidata.org/entity/Q164444
http://www.wikidata.org/entity/Q130283263,http://www.wikidata.org/entity/Q29652773
http://www.wikidata.org/entity/Q130285000,http://www.wikidata.org/entity/Q16682190
http://www.wikidata.org/entity/Q130301602,http://www.wikidata.org/entity/Q1228230
http://www.wikidata.org/entity/Q130301602,http://www.wikidata.org/entity/Q117745223
http://www.wikidata.org/entity/Q130306615,http://www.wikidata.org/entity/Q1071834
http://www.wikidata.org/entity/Q130325403,http://www.wikidata.org/entity/Q106522238
http://www.wikidata.org/entity/Q130344249,http://www.wikidata.org/entity/Q112176170
http://www.wikidata.org/entity/Q130349818,http://www.wikidata.org/entity/Q8361
http://www.wikidata.org/entity/Q130369429,http://www.wikidata.org/entity/Q43343
http://www.wikidata.org/entity/Q130369429,http://www.wikidata.org/entity/Q316930
http://www.wikidata.org/entity/Q130369429,http://www.wikidata.org/entity/Q373342
http://www.wikidata.org/entity/Q130369429,http://www.wikidata.org/entity/Q727781
http://www.wikidata.org/entity/Q130391349,http://www.wikidata.org/entity/Q107010629
http://www.wikidata.org/entity/Q130391382,http://www.wikidata.org/entity/Q492067
http://www.wikidata.org/entity/Q130391382,http://www.wikidata.org/entity/Q1585558
http://www.wikidata.org/entity/Q130392790,http://www.wikidata.org/entity/Q37073
http://www.wikidata.org/entity/Q130392790,http://www.wikidata.org/entity/Q13646229
http://www.wikidata.org/entity/Q130467395,http://www.wikidata.org/entity/Q11399
http://www.wikidata.org/entity/Q130467395,http://www.wikidata.org/entity/Q936552
http://www.wikidata.org/entity/Q130474681,http://www.wikidata.org/entity/Q598593
http://www.wikidata.org/entity/Q130474681,http://www.wikidata.org/entity/Q98528166
http://www.wikidata.org/entity/Q130474688,http://www.wikidata.org/entity/Q170435
http://www.wikidata.org/entity/Q130474689,http://www.wikidata.org/entity/Q170435
http://www.wikidata.org/entity/Q130479301,http://www.wikidata.org/entity/Q2389651
http://www.wikidata.org/entity/Q130479301,http://www.wikidata.org/entity/Q6452410
http://www.wikidata.org/entity/Q130532355,http://www.wikidata.org/entity/Q6452410
http://www.wikidata.org/entity/Q130553967,http://www.wikidata.org/entity/Q3328743
http://www.wikidata.org/entity/Q130553967,http://www.wikidata.org/entity/Q7185310
http://www.wikidata.org/entity/Q130553967,http://www.wikidata.org/entity/Q98528198
http://www.wikidata.org/entity/Q130600756,http://www.wikidata.org/entity/Q1455932
http://www.wikidata.org/entity/Q130660185,http://www.wikidata.org/entity/Q3908429
http://www.wikidata.org/entity/Q130711589,http://www.wikidata.org/entity/Q1755959
http://www.wikidata.org/entity/Q130711589,http://www.wikidata.org/entity/Q116973456
http://www.wikidata.org/entity/Q130744704,http://www.wikidata.org/entity/Q57143
http://www.wikidata.org/entity/Q130744704,http://www.wikidata.org/entity/Q484344
http://www.wikidata.org/entity/Q130899087,http://www.wikidata.org/entity/Q3328738
http://www.wikidata.org/entity/Q130899087,http://www.wikidata.org/entity/Q107539904
http://www.wikidata.org/entity/Q131005997,http://www.wikidata.org/entity/Q235858
http://www.wikidata.org/entity/Q131005997,http://www.wikidata.org/entity/Q1202208
http://www.wikidata.org/entity/Q131006206,http://www.wikidata.org/entity/Q235858
http://www.wikidata.org/entity/Q131006206,http://www.wikidata.org/entity/Q1202208
http://www.wikidata.org/entity/Q131168415,http://www.wikidata.org/entity/Q2503249
http://www.wikidata.org/entity/Q131168415,http://www.wikidata.org/entity/Q5413526
http://www.wikidata.org/entity/Q131195285,http://www.wikidata.org/entity/Q9794
http://www.wikidata.org/entity/Q131195285,http://www.wikidata.org/entity/Q899215
http://www.wikidata.org/entity/Q131195966,http://www.wikidata.org/entity/Q6942315
http://www.wikidata.org/entity/Q131195966,http://www.wikidata.org/entity/Q9048257
http://www.wikidata.org/entity/Q131195966,http://www.wikidata.org/entity/Q20102359
http://www.wikidata.org/entity/Q131205623,http://www.wikidata.org/entity/Q252833
http://www.wikidata.org/entity/Q131205623,http://www.wikidata.org/entity/Q2090712
http://www.wikidata.org/entity/Q131286017,http://www.wikidata.org/entity/Q10922
http://www.wikidata.org/entity/Q131286868,http://www.wikidata.org/entity/Q9778
http://www.wikidata.org/entity/Q131286868,http://www.wikidata.org/entity/Q612024
http://www.wikidata.org/entity/Q98528178,http://www.wikidata.org/entity/Q106298881
http://www.wikidata.org/entity/Q98528179,http://www.wikidata.org/entity/Q43343
http://www.wikidata.org/entity/Q98528181,http://www.wikidata.org/entity/Q964987
http://www.wikidata.org/entity/Q98528181,http://www.wikidata.org/entity/Q1151259
http://www.wikidata.org/entity/Q98528183,http://www.wikidata.org/entity/Q1500364
http://www.wikidata.org/entity/Q98528185,http://www.wikidata.org/entity/Q235858
http://www.wikidata.org/entity/Q98528185,http://www.wikidata.org/entity/Q369820
http://www.wikidata.org/entity/Q98528189,http://www.wikidata.org/entity/Q235858
http://www.wikidata.org/entity/Q98528189,http://www.wikidata.org/entity/Q624044
http://www.wikidata.org/entity/Q98528191,http://www.wikidata.org/entity/Q235858
http://www.wikidata.org/entity/Q98528191,http://www.wikidata.org/entity/Q3394906
http://www.wikidata.org/entity/Q98528192,http://www.wikidata.org/entity/Q235858
http://www.wikidata.org/entity/Q98528192,http://www.wikidata.org/entity/Q3328676
http://www.wikidata.org/entity/Q98528195,http://www.wikidata.org/entity/Q1268283
http://www.wikidata.org/entity/Q98528195,http://www.wikidata.org/entity/Q6966089
http://www.wikidata.org/entity/Q98528195,http://www.wikidata.org/entity/Q12736123
http://www.wikidata.org/entity/Q98528195,http://www.wikidata.org/entity/Q106507381
http://www.wikidata.org/entity/Q98528197,http://www.wikidata.org/entity/Q235858
http://www.wikidata.org/entity/Q98528197,http://www.wikidata.org/entity/Q107718539
http://www.wikidata.org/entity/Q98528198,http://www.wikidata.org/entity/Q98528267
http://www.wikidata.org/entity/Q98528198,http://www.wikidata.org/entity/Q106635234
http://www.wikidata.org/entity/Q98528203,http://www.wikidata.org/entity/Q207378
http://www.wikidata.org/entity/Q98528203,http://www.wikidata.org/entity/Q790188
http://www.wikidata.org/entity/Q98528204,http://www.wikidata.org/entity/Q8341
http://www.wikidata.org/entity/Q98528206,http://www.wikidata.org/entity/Q8341
http://www.wikidata.org/entity/Q98528207,http://www.wikidata.org/entity/Q213121
http://www.wikidata.org/entity/Q98528207,http://www.wikidata.org/entity/Q854451
http://www.wikidata.org/entity/Q98528210,http://www.wikidata.org/entity/Q98528185
http://www.wikidata.org/entity/Q98528210,http://www.wikidata.org/entity/Q98528232
http://www.wikidata.org/entity/Q98528211,http://www.wikidata.org/entity/Q98528210
http://www.wikidata.org/entity/Q98528231,http://www.wikidata.org/entity/Q4119678
http://www.wikidata.org/entity/Q98528231,http://www.wikidata.org/entity/Q11400811
http://www.wikidata.org/entity/Q98528232,http://www.wikidata.org/entity/Q369820
http://www.wikidata.org/entity/Q98528236,http://www.wikidata.org/entity/Q106588687
http://www.wikidata.org/entity/Q98528237,http://www.wikidata.org/entity/Q6942329
http://www.wikidata.org/entity/Q98528238,http://www.wikidata.org/entity/Q6942329
http://www.wikidata.org/entity/Q98528239,http://www.wikidata.org/entity/Q6942329
http://www.wikidata.org/entity/Q98528249,http://www.wikidata.org/entity/Q98528191
http://www.wikidata.org/entity/Q98528251,http://www.wikidata.org/entity/Q572717
http://www.wikidata.org/entity/Q98528252,http://www.wikidata.org/entity/Q9794
http://www.wikidata.org/entity/Q98528253,http://www.wikidata.org/entity/Q37073
http://www.wikidata.org/entity/Q98528253,http://www.wikidata.org/entity/Q1606591
http://www.wikidata.org/entity/Q98528260,http://www.wikidata.org/entity/Q525073
http://www.wikidata.org/entity/Q98528260,http://www.wikidata.org/entity/Q1583807
http://www.wikidata.org/entity/Q98528264,http://www.wikidata.org/entity/Q1071834
http://www.wikidata.org/entity/Q98528267,http://www.wikidata.org/entity/Q525073
http://www.wikidata.org/entity/Q98528277,http://www.wikidata.org/entity/Q854451
http://www.wikidata.org/entity/Q98528277,http://www.wikidata.org/entity/Q98528192
http://www.wikidata.org/entity/Q98528287,http://www.wikidata.org/entity/Q6942044
http://www.wikidata.org/entity/Q98528290,http://www.wikidata.org/entity/Q183504
http://www.wikidata.org/entity/Q98528290,http://www.wikidata.org/entity/Q211573
http://www.wikidata.org/entity/Q98528291,http://www.wikidata.org/entity/Q83270
http://www.wikidata.org/entity/Q98528291,http://www.wikidata.org/entity/Q206159
http://www.wikidata.org/entity/Q98528292,http://www.wikidata.org/entity/Q41343
http://www.wikidata.org/entity/Q98528292,http://www.wikidata.org/entity/Q720959
http://www.wikidata.org/entity/Q98528293,http://www.wikidata.org/entity/Q11399
http://www.wikidata.org/entity/Q98528298,http://www.wikidata.org/entity/Q1695023
http://www.wikidata.org/entity/Q98528298,http://www.wikidata.org/entity/Q89363113
http://www.wikidata.org/entity/Q98528299,http://www.wikidata.org/entity/Q2743758
http://www.wikidata.org/entity/Q98528299,http://www.wikidata.org/entity/Q89363113
http://www.wikidata.org/entity/Q98528302,http://www.wikidata.org/entity/Q106594706
http://www.wikidata.org/entity/Q98528482,http://www.wikidata.org/entity/Q11401
http://www.wikidata.org/entity/Q98530850,http://www.wikidata.org/entity/Q3328601
http://www.wikidata.org/entity/Q98804240,http://www.wikidata.org/entity/Q9778
http://www.wikidata.org/entity/Q98804240,http://www.wikidata.org/entity/Q726239
http://www.wikidata.org/entity/Q98807065,http://www.wikidata.org/entity/Q4376204
http://www.wikidata.org/entity/Q98807065,http://www.wikidata.org/entity/Q12497663
http://www.wikidata.org/entity/Q98807065,http://www.wikidata.org/entity/Q16684826
http://www.wikidata.org/entity/Q98842769,http://www.wikidata.org/entity/Q1780056
http://www.wikidata.org/entity/Q98909757,http://www.wikidata.org/entity/Q1780056
http://www.wikidata.org/entity/Q98909757,http://www.wikidata.org/entity/Q7309098
http://www.wikidata.org/entity/Q98915458,http://www.wikidata.org/entity/Q979789
http://www.wikidata.org/entity/Q98915458,http://www.wikidata.org/entity/Q3244156
http://www.wikidata.org/entity/Q98915458,http://www.wikidata.org/entity/Q6452410
http://www.wikidata.org/entity/Q99077215,http://www.wikidata.org/entity/Q11992449
http://www.wikidata.org/entity/Q99470350,http://www.wikidata.org/entity/Q1780056
http://www.wikidata.org/entity/Q99470350,http://www.wikidata.org/entity/Q7309098
http://www.wikidata.org/entity/Q99522324,http://www.wikidata.org/entity/Q98528232
http://www.wikidata.org/entity/Q99640582,http://www.wikidata.org/entity/Q3244156
http://www.wikidata.org/entity/Q99640582,http://www.wikidata.org/entity/Q64140592
http://www.wikidata.org/entity/Q100139647,http://www.wikidata.org/entity/Q2863648
http://www.wikidata.org/entity/Q100139647,http://www.wikidata.org/entity/Q110101806
http://www.wikidata.org/entity/Q100151423,http://www.wikidata.org/entity/Q49451
http://www.wikidata.org/entity/Q100151423,http://www.wikidata.org/entity/Q1641839
http://www.wikidata.org/entity/Q100321326,http://www.wikidata.org/entity/Q23072435
http://www.wikidata.org/entity/Q100330555,http://www.wikidata.org/entity/Q3394906
http://www.wikidata.org/entity/Q100330555,http://www.wikidata.org/entity/Q3868588
http://www.wikidata.org/entity/Q100330555,http://www.wikidata.org/entity/Q11497242
http://www.wikidata.org/entity/Q100330639,http://www.wikidata.org/entity/Q11497242
http://www.wikidata.org/entity/Q100348626,http://www.wikidata.org/entity/Q194492
http://www.wikidata.org/entity/Q100348626,http://www.wikidata.org/entity/Q2088357
http://www.wikidata.org/entity/Q100922002,http://www.wikidata.org/entity/Q851213
http://www.wikidata.org/entity/Q101002603,http://www.wikidata.org/entity/Q7654953
http://www.wikidata.org/entity/Q101002867,http://www.wikidata.org/entity/Q6942358
http://www.wikidata.org/entity/Q101109587,http://www.wikidata.org/entity/Q851213
http://www.wikidata.org/entity/Q101112088,http://www.wikidata.org/entity/Q610022
http://www.wikidata.org/entity/Q101112088,http://www.wikidata.org/entity/Q2249365
http://www.wikidata.org/entity/Q101112088,http://www.wikidata.org/entity/Q2719078
http://www.wikidata.org/entity/Q101417642,http://www.wikidata.org/entity/Q6452410
http://www.wikidata.org/entity/Q101440473,http://www.wikidata.org/entity/Q1780056
http://www.wikidata.org/entity/Q101525913,http://www.wikidata.org/entity/Q856713
http://www.wikidata.org/entity/Q101525913,http://www.wikidata.org/entity/Q8812109
http://www.wikidata.org/entity/Q101552821,http://www.wikidata.org/entity/Q6010
http://www.wikidata.org/entity/Q102362752,http://www.wikidata.org/entity/Q899215
http://www.wikidata.org/entity/Q102423159,http://www.wikidata.org/entity/Q9730
http://www.wikidata.org/entity/Q102423159,http://www.wikidata.org/entity/Q1125039
http://www.wikidata.org/entity/Q103840989,http://www.wikidata.org/entity/Q201022
http://www.wikidata.org/entity/Q104470322,http://www.wikidata.org/entity/Q65943778
http://www.wikidata.org/entity/Q104503881,http://www.wikidata.org/entity/Q2715398
http://www.wikidata.org/entity/Q104602773,http://www.wikidata.org/entity/Q851213
http://www.wikidata.org/entity/Q104695865,http://www.wikidata.org/entity/Q25094591
http://www.wikidata.org/entity/Q104695865,http://www.wikidata.org/entity/Q116985035
http://www.wikidata.org/entity/Q104733809,http://www.wikidata.org/entity/Q3328681
http://www.wikidata.org/entity/Q104834065,http://www.wikidata.org/entity/Q109500733
http://www.wikidata.org/entity/Q104834065,http://www.wikidata.org/entity/Q110229924
http://www.wikidata.org/entity/Q104842028,http://www.wikidata.org/entity/Q5151495
http://www.wikidata.org/entity/Q104847359,http://www.wikidata.org/entity/Q420965
http://www.wikidata.org/entity/Q104847359,http://www.wikidata.org/entity/Q15697534
http://www.wikidata.org/entity/Q104847619,http://www.wikidata.org/entity/Q2913982
http://www.wikidata.org/entity/Q104849599,http://www.wikidata.org/entity/Q963061
http://www.wikidata.org/entity/Q104853037,http://www.wikidata.org/entity/Q1210921
http://www.wikidata.org/entity/Q104870214,http://www.wikidata.org/entity/Q12326776
http://www.wikidata.org/entity/Q104882182,http://www.wikidata.org/entity/Q139565726
http://www.wikidata.org/entity/Q104920341,http://www.wikidata.org/entity/Q3244156
http://www.wikidata.org/entity/Q104920341,http://www.wikidata.org/entity/Q3397325
http://www.wikidata.org/entity/Q104920341,http://www.wikidata.org/entity/Q64140592
http://www.wikidata.org/entity/Q105038948,http://www.wikidata.org/entity/Q3071
http://www.wikidata.org/entity/Q105038948,http://www.wikidata.org/entity/Q3110519
http://www.wikidata.org/entity/Q105334717,http://www.wikidata.org/entity/Q131272
http://www.wikidata.org/entity/Q105334717,http://www.wikidata.org/entity/Q7248857
http://www.wikidata.org/entity/Q105337567,http://www.wikidata.org/entity/Q906647
http://www.wikidata.org/entity/Q105337573,http://www.wikidata.org/entity/Q11639
http://www.wikidata.org/entity/Q105379653,http://www.wikidata.org/entity/Q194492
http://www.wikidata.org/entity/Q105379653,http://www.wikidata.org/entity/Q235858
http://www.wikidata.org/entity/Q105404852,http://www.wikidata.org/entity/Q2452152
http://www.wikidata.org/entity/Q105422709,http://www.wikidata.org/entity/Q9759
http://www.wikidata.org/entity/Q105422709,http://www.wikidata.org/entity/Q5849904
http://www.wikidata.org/entity/Q105433718,http://www.wikidata.org/entity/Q3328583
http://www.wikidata.org/entity/Q105635535,http://www.wikidata.org/entity/Q846784
http://www.wikidata.org/entity/Q105635535,http://www.wikidata.org/entity/Q7654953
http://www.wikidata.org/entity/Q105636937,http://www.wikidata.org/entity/Q170611
http://www.wikidata.org/entity/Q105636937,http://www.wikidata.org/entity/Q110527222
http://www.wikidata.org/entity/Q105636940,http://www.wikidata.org/entity/Q20502
http://www.wikidata.org/entity/Q105636940,http://www.wikidata.org/entity/Q65937906
http://www.wikidata.org/entity/Q105637106,http://www.wikidata.org/entity/Q105527
http://www.wikidata.org/entity/Q105637106,http://www.wikidata.org/entity/Q11787389
http://www.wikidata.org/entity/Q105637110,http://www.wikidata.org/entity/Q20502
http://www.wikidata.org/entity/Q105637114,http://www.wikidata.org/entity/Q850412
http://www.wikidata.org/entity/Q105637114,http://www.wikidata.org/entity/Q1182371
http://www.wikidata.org/entity/Q105637123,http://www.wikidata.org/entity/Q438503
http://www.wikidata.org/entity/Q105657448,http://www.wikidata.org/entity/Q2347119
http://www.wikidata.org/entity/Q105657448,http://www.wikidata.org/entity/Q16679594
http://www.wikidata.org/entity/Q105672644,http://www.wikidata.org/entity/Q105527
http://www.wikidata.org/entity/Q105672644,http://www.wikidata.org/entity/Q851213
http://www.wikidata.org/entity/Q105697765,http://www.wikidata.org/entity/Q65937946
http://www.wikidata.org/entity/Q105697818,http://www.wikidata.org/entity/Q612024
http://www.wikidata.org/entity/Q105697907,http://www.wikidata.org/entity/Q850412
http://www.wikidata.org/entity/Q105756581,http://www.wikidata.org/entity/Q8341
http://www.wikidata.org/entity/Q105757139,http://www.wikidata.org/entity/Q37073
http://www.wikidata.org/entity/Q105757139,http://www.wikidata.org/entity/Q26302245
http://www.wikidata.org/entity/Q105763581,http://www.wikidata.org/entity/Q9778
http://www.wikidata.org/entity/Q105763581,http://www.wikidata.org/entity/Q1640319
http://www.wikidata.org/entity/Q105883401,http://www.wikidata.org/entity/Q11639
http://www.wikidata.org/entity/Q105883401,http://www.wikidata.org/entity/Q98530850
http://www.wikidata.org/entity/Q131286868,http://www.wikidata.org/entity/Q1326777
http://www.wikidata.org/entity/Q131302628,http://www.wikidata.org/entity/Q1202208
http://www.wikidata.org/entity/Q131334621,http://www.wikidata.org/entity/Q7171184
http://www.wikidata.org/entity/Q131421534,http://www.wikidata.org/entity/Q25554481
http://www.wikidata.org/entity/Q131440882,http://www.wikidata.org/entity/Q11401
http://www.wikidata.org/entity/Q131459053,http://www.wikidata.org/entity/Q1210921
http://www.wikidata.org/entity/Q131459053,http://www.wikidata.org/entity/Q106586998
http://www.wikidata.org/entity/Q131460182,http://www.wikidata.org/entity/Q369820
http://www.wikidata.org/entity/Q131460182,http://www.wikidata.org/entity/Q1583807
http://www.wikidata.org/entity/Q131463506,http://www.wikidata.org/entity/Q37073
http://www.wikidata.org/entity/Q131463506,http://www.wikidata.org/entity/Q6942244
http://www.wikidata.org/entity/Q131481683,http://www.wikidata.org/entity/Q10926
http://www.wikidata.org/entity/Q131481683,http://www.wikidata.org/entity/Q11366
http://www.wikidata.org/entity/Q131481683,http://www.wikidata.org/entity/Q377910
http://www.wikidata.org/entity/Q131504672,http://www.wikidata.org/entity/Q6942295
http://www.wikidata.org/entity/Q131504672,http://www.wikidata.org/entity/Q107447246
http://www.wikidata.org/entity/Q131529620,http://www.wikidata.org/entity/Q851213
http://www.wikidata.org/entity/Q131529620,http://www.wikidata.org/entity/Q107697234
http://www.wikidata.org/entity/Q131535007,http://www.wikidata.org/entity/Q920883
http://www.wikidata.org/entity/Q131535007,http://www.wikidata.org/entity/Q3827483
http://www.wikidata.org/entity/Q131535017,http://www.wikidata.org/entity/Q645992
http://www.wikidata.org/entity/Q131535017,http://www.wikidata.org/entity/Q3827483
http://www.wikidata.org/entity/Q131535243,http://www.wikidata.org/entity/Q181861
http://www.wikidata.org/entity/Q131535243,http://www.wikidata.org/entity/Q25554481
http://www.wikidata.org/entity/Q131590012,http://www.wikidata.org/entity/Q3328692
http://www.wikidata.org/entity/Q131597985,http://www.wikidata.org/entity/Q2188189
http://www.wikidata.org/entity/Q131597985,http://www.wikidata.org/entity/Q137537584
http://www.wikidata.org/entity/Q131623924,http://www.wikidata.org/entity/Q10922
http://www.wikidata.org/entity/Q131624620,http://www.wikidata.org/entity/Q270827
http://www.wikidata.org/entity/Q131624620,http://www.wikidata.org/entity/Q1746015
http://www.wikidata.org/entity/Q131626236,http://www.wikidata.org/entity/Q270827
http://www.wikidata.org/entity/Q131626236,http://www.wikidata.org/entity/Q1063010
http://www.wikidata.org/entity/Q131626236,http://www.wikidata.org/entity/Q1746015
http://www.wikidata.org/entity/Q131626236,http://www.wikidata.org/entity/Q24887304
http://www.wikidata.org/entity/Q131657701,http://www.wikidata.org/entity/Q483251
http://www.wikidata.org/entity/Q131657701,http://www.wikidata.org/entity/Q822914
http://www.wikidata.org/entity/Q131681303,http://www.wikidata.org/entity/Q193605
http://www.wikidata.org/entity/Q131681303,http://www.wikidata.org/entity/Q107814971
http://www.wikidata.org/entity/Q131681304,http://www.wikidata.org/entity/Q109500707
http://www.wikidata.org/entity/Q131682956,http://www.wikidata.org/entity/Q125918103
http://www.wikidata.org/entity/Q131720394,http://www.wikidata.org/entity/Q1091536
http://www.wikidata.org/entity/Q131722216,http://www.wikidata.org/entity/Q257533
http://www.wikidata.org/entity/Q131722219,http://www.wikidata.org/entity/Q209137
http://www.wikidata.org/entity/Q131722219,http://www.wikidata.org/entity/Q122947986
http://www.wikidata.org/entity/Q131722223,http://www.wikidata.org/entity/Q420965
http://www.wikidata.org/entity/Q131722223,http://www.wikidata.org/entity/Q106298881
http://www.wikidata.org/entity/Q131722225,http://www.wikidata.org/entity/Q122947986
http://www.wikidata.org/entity/Q131722229,http://www.wikidata.org/entity/Q646656
http://www.wikidata.org/entity/Q131722229,http://www.wikidata.org/entity/Q720959
http://www.wikidata.org/entity/Q131784556,http://www.wikidata.org/entity/Q207591
http://www.wikidata.org/entity/Q131784556,http://www.wikidata.org/entity/Q473602
http://www.wikidata.org/entity/Q131784556,http://www.wikidata.org/entity/Q121032006
http://www.wikidata.org/entity/Q131853889,http://www.wikidata.org/entity/Q2782580
http://www.wikidata.org/entity/Q131853889,http://www.wikidata.org/entity/Q6942037
http://www.wikidata.org/entity/Q131853889,http://www.wikidata.org/entity/Q65937017
http://www.wikidata.org/entity/Q131854045,http://www.wikidata.org/entity/Q106634987
http://www.wikidata.org/entity/Q131894205,http://www.wikidata.org/entity/Q131722216
http://www.wikidata.org/entity/Q131894329,http://www.wikidata.org/entity/Q598929
http://www.wikidata.org/entity/Q131894329,http://www.wikidata.org/entity/Q2566660
http://www.wikidata.org/entity/Q131926355,http://www.wikidata.org/entity/Q316930
http://www.wikidata.org/entity/Q131936139,http://www.wikidata.org/entity/Q183504
http://www.wikidata.org/entity/Q131936139,http://www.wikidata.org/entity/Q16191836
http://www.wikidata.org/entity/Q131936143,http://www.wikidata.org/entity/Q54365
http://www.wikidata.org/entity/Q131988195,http://www.wikidata.org/entity/Q1046768
http://www.wikidata.org/entity/Q131988195,http://www.wikidata.org/entity/Q125918103
http://www.wikidata.org/entity/Q132040889,http://www.wikidata.org/entity/Q11399
http://www.wikidata.org/entity/Q132040889,http://www.wikidata.org/entity/Q744327
http://www.wikidata.org/entity/Q132165415,http://www.wikidata.org/entity/Q257533
http://www.wikidata.org/entity/Q132165415,http://www.wikidata.org/entity/Q733804
http://www.wikidata.org/entity/Q132188340,http://www.wikidata.org/entity/Q4069711
http://www.wikidata.org/entity/Q132188340,http://www.wikidata.org/entity/Q118738993
http://www.wikidata.org/entity/Q132200384,http://www.wikidata.org/entity/Q8341
http://www.wikidata.org/entity/Q132200384,http://www.wikidata.org/entity/Q2498201
http://www.wikidata.org/entity/Q132324210,http://www.wikidata.org/entity/Q851213
http://www.wikidata.org/entity/Q132324477,http://www.wikidata.org/entity/Q253918
http://www.wikidata.org/entity/Q132324477,http://www.wikidata.org/entity/Q846784
http://www.wikidata.org/entity/Q132362501,http://www.wikidata.org/entity/Q3328743
http://www.wikidata.org/entity/Q132362501,http://www.wikidata.org/entity/Q108297183
http://www.wikidata.org/entity/Q132362695,http://www.wikidata.org/entity/Q1541229
http://www.wikidata.org/entity/Q132473088,http://www.wikidata.org/entity/Q15697534
http://www.wikidata.org/entity/Q132508451,http://www.wikidata.org/entity/Q8341
http://www.wikidata.org/entity/Q132508451,http://www.wikidata.org/entity/Q3889385
http://www.wikidata.org/entity/Q132526862,http://www.wikidata.org/entity/Q11401
http://www.wikidata.org/entity/Q132531661,http://www.wikidata.org/entity/Q28146601
http://www.wikidata.org/entity/Q132531675,http://www.wikidata.org/entity/Q1246516
http://www.wikidata.org/entity/Q132531675,http://www.wikidata.org/entity/Q132531661
http://www.wikidata.org/entity/Q132598288,http://www.wikidata.org/entity/Q582965
http://www.wikidata.org/entity/Q132598288,http://www.wikidata.org/entity/Q132531661
http://www.wikidata.org/entity/Q132609906,http://www.wikidata.org/entity/Q211756
http://www.wikidata.org/entity/Q132778448,http://www.wikidata.org/entity/Q6010
http://www.wikidata.org/entity/Q133045404,http://www.wikidata.org/entity/Q727803
http://www.wikidata.org/entity/Q133163003,http://www.wikidata.org/entity/Q83440
http://www.wikidata.org/entity/Q133189813,http://www.wikidata.org/entity/Q1077388
http://www.wikidata.org/entity/Q133189813,http://www.wikidata.org/entity/Q1884689
http://www.wikidata.org/entity/Q133255164,http://www.wikidata.org/entity/Q624081
http://www.wikidata.org/entity/Q133255164,http://www.wikidata.org/entity/Q3328739
http://www.wikidata.org/entity/Q133294481,http://www.wikidata.org/entity/Q427183
http://www.wikidata.org/entity/Q133294481,http://www.wikidata.org/entity/Q3827483
http://www.wikidata.org/entity/Q133294487,http://www.wikidata.org/entity/Q2486179
http://www.wikidata.org/entity/Q133294487,http://www.wikidata.org/entity/Q3827483
http://www.wikidata.org/entity/Q133501932,http://www.wikidata.org/entity/Q1643549
http://www.wikidata.org/entity/Q133501932,http://www.wikidata.org/entity/Q1899347
http://www.wikidata.org/entity/Q133502585,http://www.wikidata.org/entity/Q98528192
http://www.wikidata.org/entity/Q133502585,http://www.wikidata.org/entity/Q130664125
http://www.wikidata.org/entity/Q133520038,http://www.wikidata.org/entity/Q131578
http://www.wikidata.org/entity/Q133520038,http://www.wikidata.org/entity/Q848852
http://www.wikidata.org/entity/Q133601867,http://www.wikidata.org/entity/Q3328743
http://www.wikidata.org/entity/Q133601921,http://www.wikidata.org/entity/Q183862
http://www.wikidata.org/entity/Q133601921,http://www.wikidata.org/entity/Q2532560
http://www.wikidata.org/entity/Q133687529,http://www.wikidata.org/entity/Q373342
http://www.wikidata.org/entity/Q133698907,http://www.wikidata.org/entity/Q475221
http://www.wikidata.org/entity/Q133709530,http://www.wikidata.org/entity/Q201022
http://www.wikidata.org/entity/Q133709530,http://www.wikidata.org/entity/Q235858
http://www.wikidata.org/entity/Q133800708,http://www.wikidata.org/entity/Q132438
http://www.wikidata.org/entity/Q133800708,http://www.wikidata.org/entity/Q3437842
http://www.wikidata.org/entity/Q133810508,http://www.wikidata.org/entity/Q9794
http://www.wikidata.org/entity/Q133820950,http://www.wikidata.org/entity/Q131425
http://www.wikidata.org/entity/Q133826304,http://www.wikidata.org/entity/Q131425
http://www.wikidata.org/entity/Q133826466,http://www.wikidata.org/entity/Q18129813
http://www.wikidata.org/entity/Q133826466,http://www.wikidata.org/entity/Q98528189
http://www.wikidata.org/entity/Q133837227,http://www.wikidata.org/entity/Q18074899
http://www.wikidata.org/entity/Q133854160,http://www.wikidata.org/entity/Q1091536
http://www.wikidata.org/entity/Q133862566,http://www.wikidata.org/entity/Q37073
http://www.wikidata.org/entity/Q134005844,http://www.wikidata.org/entity/Q277393
http://www.wikidata.org/entity/Q134029176,http://www.wikidata.org/entity/Q194492
http://www.wikidata.org/entity/Q134290560,http://www.wikidata.org/entity/Q10922
http://www.wikidata.org/entity/Q134355863,http://www.wikidata.org/entity/Q109615856
http://www.wikidata.org/entity/Q134380635,http://www.wikidata.org/entity/Q851213
http://www.wikidata.org/entity/Q134383813,http://www.wikidata.org/entity/Q131578
http://www.wikidata.org/entity/Q134385896,http://www.wikidata.org/entity/Q2738113
http://www.wikidata.org/entity/Q134417733,http://www.wikidata.org/entity/Q846119
http://www.wikidata.org/entity/Q134417733,http://www.wikidata.org/entity/Q916387
http://www.wikidata.org/entity/Q134584924,http://www.wikidata.org/entity/Q145594
http://www.wikidata.org/entity/Q134587424,http://www.wikidata.org/entity/Q899215
http://www.wikidata.org/entity/Q134589204,http://www.wikidata.org/entity/Q3535998
http://www.wikidata.org/entity/Q134589282,http://www.wikidata.org/entity/Q1455932
http://www.wikidata.org/entity/Q134613334,http://www.wikidata.org/entity/Q109382160
http://www.wikidata.org/entity/Q134722534,http://www.wikidata.org/entity/Q188534
http://www.wikidata.org/entity/Q134722534,http://www.wikidata.org/entity/Q483352
http://www.wikidata.org/entity/Q134889850,http://www.wikidata.org/entity/Q17018487
http://www.wikidata.org/entity/Q134889850,http://www.wikidata.org/entity/Q98528179
http://www.wikidata.org/entity/Q134889869,http://www.wikidata.org/entity/Q1500364
http://www.wikidata.org/entity/Q134962237,http://www.wikidata.org/entity/Q1210921
http://www.wikidata.org/entity/Q134983275,http://www.wikidata.org/entity/Q9778
http://www.wikidata.org/entity/Q134997891,http://www.wikidata.org/entity/Q170435
http://www.wikidata.org/entity/Q134997892,http://www.wikidata.org/entity/Q15697534
http://www.wikidata.org/entity/Q135089743,http://www.wikidata.org/entity/Q646656
http://www.wikidata.org/entity/Q135089743,http://www.wikidata.org/entity/Q3135787
http://www.wikidata.org/entity/Q135112757,http://www.wikidata.org/entity/Q206159
http://www.wikidata.org/entity/Q135112757,http://www.wikidata.org/entity/Q211573
http://www.wikidata.org/entity/Q135112758,http://www.wikidata.org/entity/Q206159
http://www.wikidata.org/entity/Q135112758,http://www.wikidata.org/entity/Q753520
http://www.wikidata.org/entity/Q135112773,http://www.wikidata.org/entity/Q624081
http://www.wikidata.org/entity/Q135112773,http://www.wikidata.org/entity/Q123421088
http://www.wikidata.org/entity/Q135112830,http://www.wikidata.org/entity/Q2743
http://www.wikidata.org/entity/Q135112830,http://www.wikidata.org/entity/Q5774663
http://www.wikidata.org/entity/Q135112891,http://www.wikidata.org/entity/Q2743
http://www.wikidata.org/entity/Q135184915,http://www.wikidata.org/entity/Q646026
http://www.wikidata.org/entity/Q135192976,http://www.wikidata.org/entity/Q183862
http://www.wikidata.org/entity/Q135235711,http://www.wikidata.org/entity/Q11401
http://www.wikidata.org/entity/Q135239105,http://www.wikidata.org/entity/Q2043175
http://www.wikidata.org/entity/Q135268470,http://www.wikidata.org/entity/Q227045
http://www.wikidata.org/entity/Q135276361,http://www.wikidata.org/entity/Q106839650
http://www.wikidata.org/entity/Q135285638,http://www.wikidata.org/entity/Q7171186
http://www.wikidata.org/entity/Q135285638,http://www.wikidata.org/entity/Q109500872
http://www.wikidata.org/entity/Q135295820,http://www.wikidata.org/entity/Q28129954
http://www.wikidata.org/entity/Q135369460,http://www.wikidata.org/entity/Q956717
http://www.wikidata.org/entity/Q135396723,http://www.wikidata.org/entity/Q848457
http://www.wikidata.org/entity/Q135396809,http://www.wikidata.org/entity/Q848457
http://www.wikidata.org/entity/Q135397140,http://www.wikidata.org/entity/Q3071
http://www.wikidata.org/entity/Q135397140,http://www.wikidata.org/entity/Q10926
http://www.wikidata.org/entity/Q135397404,http://www.wikidata.org/entity/Q272167
http://www.wikidata.org/entity/Q135397404,http://www.wikidata.org/entity/Q138683417
http://www.wikidata.org/entity/Q135397780,http://www.wikidata.org/entity/Q188534
http://www.wikidata.org/entity/Q135397780,http://www.wikidata.org/entity/Q1784106
http://www.wikidata.org/entity/Q135401059,http://www.wikidata.org/entity/Q3349675
http://www.wikidata.org/entity/Q135401059,http://www.wikidata.org/entity/Q89363113
http://www.wikidata.org/entity/Q135401059,http://www.wikidata.org/entity/Q106298881
http://www.wikidata.org/entity/Q135412323,http://www.wikidata.org/entity/Q27190
http://www.wikidata.org/entity/Q135412323,http://www.wikidata.org/entity/Q2467817
http://www.wikidata.org/entity/Q135419703,http://www.wikidata.org/entity/Q7409412
http://www.wikidata.org/entity/Q135437123,http://www.wikidata.org/entity/Q183504
http://www.wikidata.org/entity/Q135437136,http://www.wikidata.org/entity/Q851213
http://www.wikidata.org/entity/Q135437136,http://www.wikidata.org/entity/Q98528267
http://www.wikidata.org/entity/Q135437246,http://www.wikidata.org/entity/Q183504
http://www.wikidata.org/entity/Q135437246,http://www.wikidata.org/entity/Q2566660
http://www.wikidata.org/entity/Q135437342,http://www.wikidata.org/entity/Q106404300
http://www.wikidata.org/entity/Q135472492,http://www.wikidata.org/entity/Q373342
http://www.wikidata.org/entity/Q135493744,http://www.wikidata.org/entity/Q114880130
http://www.wikidata.org/entity/Q135493761,http://www.wikidata.org/entity/Q6942081
http://www.wikidata.org/entity/Q135493761,http://www.wikidata.org/entity/Q119517804
http://www.wikidata.org/entity/Q135493769,http://www.wikidata.org/entity/Q846119
http://www.wikidata.org/entity/Q135493776,http://www.wikidata.org/entity/Q131578
http://www.wikidata.org/entity/Q135493776,http://www.wikidata.org/entity/Q11787389
http://www.wikidata.org/entity/Q135511131,http://www.wikidata.org/entity/Q106595599
http://www.wikidata.org/entity/Q135553474,http://www.wikidata.org/entity/Q106404300
http://www.wikidata.org/entity/Q135644052,http://www.wikidata.org/entity/Q3570024
http://www.wikidata.org/entity/Q135671651,http://www.wikidata.org/entity/Q6025453
http://www.wikidata.org/entity/Q135687210,http://www.wikidata.org/entity/Q65943778
http://www.wikidata.org/entity/Q135840551,http://www.wikidata.org/entity/Q5683605
http://www.wikidata.org/entity/Q135933707,http://www.wikidata.org/entity/Q7366
http://www.wikidata.org/entity/Q135933707,http://www.wikidata.org/entity/Q685884
http://www.wikidata.org/entity/Q135965645,http://www.wikidata.org/entity/Q268673
http://www.wikidata.org/entity/Q135965645,http://www.wikidata.org/entity/Q3868588
http://www.wikidata.org/entity/Q136031262,http://www.wikidata.org/entity/Q502658
http://www.wikidata.org/entity/Q136031262,http://www.wikidata.org/entity/Q51446080
http://www.wikidata.org/entity/Q136031285,http://www.wikidata.org/entity/Q1672398
http://www.wikidata.org/entity/Q136031296,http://www.wikidata.org/entity/Q108788324
http://www.wikidata.org/entity/Q136065521,http://www.wikidata.org/entity/Q8341
http://www.wikidata.org/entity/Q136065521,http://www.wikidata.org/entity/Q2078706
http://www.wikidata.org/entity/Q136206036,http://www.wikidata.org/entity/Q613408
http://www.wikidata.org/entity/Q136206045,http://www.wikidata.org/entity/Q1503406
http://www.wikidata.org/entity/Q136206056,http://www.wikidata.org/entity/Q388207
http://www.wikidata.org/entity/Q136206056,http://www.wikidata.org/entity/Q420965
http://www.wikidata.org/entity/Q136206123,http://www.wikidata.org/entity/Q223840
http://www.wikidata.org/entity/Q136206127,http://www.wikidata.org/entity/Q4975996
http://www.wikidata.org/entity/Q136206127,http://www.wikidata.org/entity/Q6942291
http://www.wikidata.org/entity/Q136231231,http://www.wikidata.org/entity/Q1091536
http://www.wikidata.org/entity/Q136335901,http://www.wikidata.org/entity/Q2082510
http://www.wikidata.org/entity/Q136335958,http://www.wikidata.org/entity/Q1778129
http://www.wikidata.org/entity/Q136335965,http://www.wikidata.org/entity/Q106298881
http://www.wikidata.org/entity/Q136348971,http://www.wikidata.org/entity/Q109382160
http://www.wikidata.org/entity/Q136471439,http://www.wikidata.org/entity/Q856713
http://www.wikidata.org/entity/Q136471439,http://www.wikidata.org/entity/Q5060331
http://www.wikidata.org/entity/Q136471439,http://www.wikidata.org/entity/Q107718539
http://www.wikidata.org/entity/Q136508884,http://www.wikidata.org/entity/Q8341
http://www.wikidata.org/entity/Q136537479,http://www.wikidata.org/entity/Q1071834
http://www.wikidata.org/entity/Q136537479,http://www.wikidata.org/entity/Q7122786
http://www.wikidata.org/entity/Q136537836,http://www.wikidata.org/entity/Q2579417
http://www.wikidata.org/entity/Q136537836,http://www.wikidata.org/entity/Q26302245
http://www.wikidata.org/entity/Q136539124,http://www.wikidata.org/entity/Q65065491
http://www.wikidata.org/entity/Q136540615,http://www.wikidata.org/entity/Q1065742
http://www.wikidata.org/entity/Q136540615,http://www.wikidata.org/entity/Q3394906
http://www.wikidata.org/entity/Q136646452,http://www.wikidata.org/entity/Q489913
http://www.wikidata.org/entity/Q136650759,http://www.wikidata.org/entity/Q11399
http://www.wikidata.org/entity/Q136653443,http://www.wikidata.org/entity/Q1060475
http://www.wikidata.org/entity/Q136653467,http://www.wikidata.org/entity/Q4949812
http://www.wikidata.org/entity/Q136668981,http://www.wikidata.org/entity/Q541947
http://www.wikidata.org/entity/Q136696186,http://www.wikidata.org/entity/Q388906
http://www.wikidata.org/entity/Q136699920,http://www.wikidata.org/entity/Q113627735
http://www.wikidata.org/entity/Q136774417,http://www.wikidata.org/entity/Q207591
http://www.wikidata.org/entity/Q136774454,http://www.wikidata.org/entity/Q9730
http://www.wikidata.org/entity/Q136774454,http://www.wikidata.org/entity/Q18074899
http://www.wikidata.org/entity/Q136890359,http://www.wikidata.org/entity/Q96373505
http://www.wikidata.org/entity/Q136908395,http://www.wikidata.org/entity/Q598929
http://www.wikidata.org/entity/Q136908575,http://www.wikidata.org/entity/Q3328676
http://www.wikidata.org/entity/Q136908587,http://www.wikidata.org/entity/Q3135787
http://www.wikidata.org/entity/Q136933447,http://www.wikidata.org/entity/Q3868595
http://www.wikidata.org/entity/Q136933447,http://www.wikidata.org/entity/Q110167696
http://www.wikidata.org/entity/Q136933450,http://www.wikidata.org/entity/Q1443316
http://www.wikidata.org/entity/Q136933450,http://www.wikidata.org/entity/Q5060331
http://www.wikidata.org/entity/Q136933450,http://www.wikidata.org/entity/Q107718539
http://www.wikidata.org/entity/Q136933450,http://www.wikidata.org/entity/Q116884389
http://www.wikidata.org/entity/Q136946883,http://www.wikidata.org/entity/Q7171186
http://www.wikidata.org/entity/Q137171613,http://www.wikidata.org/entity/Q202930
http://www.wikidata.org/entity/Q137189529,http://www.wikidata.org/entity/Q1482325
http://www.wikidata.org/entity/Q137189529,http://www.wikidata.org/entity/Q1755959
http://www.wikidata.org/entity/Q137189529,http://www.wikidata.org/entity/Q116973456
http://www.wikidata.org/entity/Q137300740,http://www.wikidata.org/entity/Q9734
http://www.wikidata.org/entity/Q137300740,http://www.wikidata.org/entity/Q209741
http://www.wikidata.org/entity/Q137322391,http://www.wikidata.org/entity/Q1153173
http://www.wikidata.org/entity/Q137322391,http://www.wikidata.org/entity/Q1348645
http://www.wikidata.org/entity/Q137322391,http://www.wikidata.org/entity/Q5341293
http://www.wikidata.org/entity/Q137324734,http://www.wikidata.org/entity/Q2486179
http://www.wikidata.org/entity/Q137324734,http://www.wikidata.org/entity/Q6024704
http://www.wikidata.org/entity/Q137441021,http://www.wikidata.org/entity/Q1544863
http://www.wikidata.org/entity/Q137441021,http://www.wikidata.org/entity/Q11787379
http://www.wikidata.org/entity/Q137441035,http://www.wikidata.org/entity/Q473602
http://www.wikidata.org/entity/Q137441035,http://www.wikidata.org/entity/Q6942047
http://www.wikidata.org/entity/Q137441035,http://www.wikidata.org/entity/Q11821889
http://www.wikidata.org/entity/Q137441200,http://www.wikidata.org/entity/Q1156957
http://www.wikidata.org/entity/Q137441335,http://www.wikidata.org/entity/Q2449418
http://www.wikidata.org/entity/Q137441526,http://www.wikidata.org/entity/Q11401
http://www.wikidata.org/entity/Q137441533,http://www.wikidata.org/entity/Q474027
http://www.wikidata.org/entity/Q137442001,http://www.wikidata.org/entity/Q113600471
http://www.wikidata.org/entity/Q137442003,http://www.wikidata.org/entity/Q1744304
http://www.wikidata.org/entity/Q137541541,http://www.wikidata.org/entity/Q753679
http://www.wikidata.org/entity/Q137673400,http://www.wikidata.org/entity/Q202930
http://www.wikidata.org/entity/Q137719315,http://www.wikidata.org/entity/Q2078706
http://www.wikidata.org/entity/Q137719315,http://www.wikidata.org/entity/Q98528192
http://www.wikidata.org/entity/Q137753347,http://www.wikidata.org/entity/Q1091536
http://www.wikidata.org/entity/Q137767022,http://www.wikidata.org/entity/Q153071
http://www.wikidata.org/entity/Q137767022,http://www.wikidata.org/entity/Q473602
http://www.wikidata.org/entity/Q137767022,http://www.wikidata.org/entity/Q107718737
http://www.wikidata.org/entity/Q137799958,http://www.wikidata.org/entity/Q8341
http://www.wikidata.org/entity/Q137884622,http://www.wikidata.org/entity/Q373342
http://www.wikidata.org/entity/Q137884622,http://www.wikidata.org/entity/Q1884689
http://www.wikidata.org/entity/Q137886730,http://www.wikidata.org/entity/Q30674423
http://www.wikidata.org/entity/Q137886730,http://www.wikidata.org/entity/Q110241185
http://www.wikidata.org/entity/Q137886730,http://www.wikidata.org/entity/Q114253988
http://www.wikidata.org/entity/Q137900601,http://www.wikidata.org/entity/Q722989
http://www.wikidata.org/entity/Q137910140,http://www.wikidata.org/entity/Q2467817
http://www.wikidata.org/entity/Q137910140,http://www.wikidata.org/entity/Q6942029
http://www.wikidata.org/entity/Q137946482,http://www.wikidata.org/entity/Q227045
http://www.wikidata.org/entity/Q137946482,http://www.wikidata.org/entity/Q1597549
http://www.wikidata.org/entity/Q137946482,http://www.wikidata.org/entity/Q30674423
http://www.wikidata.org/entity/Q138186567,http://www.wikidata.org/entity/Q3291151
http://www.wikidata.org/entity/Q138314533,http://www.wikidata.org/entity/Q2280497
http://www.wikidata.org/entity/Q138314533,http://www.wikidata.org/entity/Q65937954
http://www.wikidata.org/entity/Q138314537,http://www.wikidata.org/entity/Q117745223
http://www.wikidata.org/entity/Q138357032,http://www.wikidata.org/entity/Q3437873
http://www.wikidata.org/entity/Q138357034,http://www.wikidata.org/entity/Q1541229
http://www.wikidata.org/entity/Q138357034,http://www.wikidata.org/entity/Q6942241
http://www.wikidata.org/entity/Q138357034,http://www.wikidata.org/entity/Q107819512
http://www.wikidata.org/entity/Q138388459,http://www.wikidata.org/entity/Q11639
http://www.wikidata.org/entity/Q138544643,http://www.wikidata.org/entity/Q920883
http://www.wikidata.org/entity/Q138565422,http://www.wikidata.org/entity/Q8341
http://www.wikidata.org/entity/Q138565422,http://www.wikidata.org/entity/Q3328743
http://www.wikidata.org/entity/Q138588708,http://www.wikidata.org/entity/Q185298
http://www.wikidata.org/entity/Q138588708,http://www.wikidata.org/entity/Q2662072
http://www.wikidata.org/entity/Q138588708,http://www.wikidata.org/entity/Q106926276
http://www.wikidata.org/entity/Q138588714,http://www.wikidata.org/entity/Q2662072
http://www.wikidata.org/entity/Q138588714,http://www.wikidata.org/entity/Q106926276
http://www.wikidata.org/entity/Q138588725,http://www.wikidata.org/entity/Q118324067
http://www.wikidata.org/entity/Q138591098,http://www.wikidata.org/entity/Q598929
http://www.wikidata.org/entity/Q138605895,http://www.wikidata.org/entity/Q272167
http://www.wikidata.org/entity/Q138611364,http://www.wikidata.org/entity/Q370778
http://www.wikidata.org/entity/Q138617267,http://www.wikidata.org/entity/Q10370558
http://www.wikidata.org/entity/Q138683417,http://www.wikidata.org/entity/Q11365
http://www.wikidata.org/entity/Q138684586,http://www.wikidata.org/entity/Q49451
http://www.wikidata.org/entity/Q138684586,http://www.wikidata.org/entity/Q10334896
http://www.wikidata.org/entity/Q138718214,http://www.wikidata.org/entity/Q37073
http://www.wikidata.org/entity/Q138718214,http://www.wikidata.org/entity/Q98528267
http://www.wikidata.org/entity/Q138798561,http://www.wikidata.org/entity/Q38848
http://www.wikidata.org/entity/Q138798561,http://www.wikidata.org/entity/Q492067
http://www.wikidata.org/entity/Q138807858,http://www.wikidata.org/entity/Q216926
http://www.wikidata.org/entity/Q138807858,http://www.wikidata.org/entity/Q369820
http://www.wikidata.org/entity/Q138829495,http://www.wikidata.org/entity/Q183504
http://www.wikidata.org/entity/Q138829495,http://www.wikidata.org/entity/Q2631396
http://www.wikidata.org/entity/Q138830160,http://www.wikidata.org/entity/Q968730
http://www.wikidata.org/entity/Q139488139,http://www.wikidata.org/entity/Q1165777
http://www.wikidata.org/entity/Q139551738,http://www.wikidata.org/entity/Q282131
http://www.wikidata.org/entity/Q139552439,http://www.wikidata.org/entity/Q11639
http://www.wikidata.org/entity/Q139552439,http://www.wikidata.org/entity/Q1091536
http://www.wikidata.org/entity/Q139564613,http://www.wikidata.org/entity/Q639197
http://www.wikidata.org/entity/Q139565726,http://www.wikidata.org/entity/Q108981355
http://www.wikidata.org/entity/Q139566448,http://www.wikidata.org/entity/Q212024
http://www.wikidata.org/entity/Q139566472,http://www.wikidata.org/entity/Q3328676
http://www.wikidata.org/entity/Q139566472,http://www.wikidata.org/entity/Q4376204
http://www.wikidata.org/entity/Q139566472,http://www.wikidata.org/entity/Q8812109
http://www.wikidata.org/entity/Q139566596,http://www.wikidata.org/entity/Q851213
http://www.wikidata.org/entity/Q139567714,http://www.wikidata.org/entity/Q1033912
http://www.wikidata.org/entity/Q139567721,http://www.wikidata.org/entity/Q21000514
http://www.wikidata.org/entity/Q139567728,http://www.wikidata.org/entity/Q3328786
http://www.wikidata.org/entity/Q139567728,http://www.wikidata.org/entity/Q110249967
http://www.wikidata.org/entity/Q139571846,http://www.wikidata.org/entity/Q829147
http://www.wikidata.org/entity/Q139571846,http://www.wikidata.org/entity/Q105897737
http://www.wikidata.org/entity/Q139689364,http://www.wikidata.org/entity/Q718540
http://www.wikidata.org/entity/Q139801507,http://www.wikidata.org/entity/Q388296
http://www.wikidata.org/entity/Q139807780,http://www.wikidata.org/entity/Q2662072
http://www.wikidata.org/entity/Q139807789,http://www.wikidata.org/entity/Q170435
http://www.wikidata.org/entity/Q139860634,http://www.wikidata.org/entity/Q118738993
http://www.wikidata.org/entity/Q139907417,http://www.wikidata.org/entity/Q211025
http://www.wikidata.org/entity/Q139907417,http://www.wikidata.org/entity/Q9048257
http://www.wikidata.org/entity/Q139907460,http://www.wikidata.org/entity/Q170611
http://www.wikidata.org/entity/Q139991136,http://www.wikidata.org/entity/Q235858
http://www.wikidata.org/entity/Q139991136,http://www.wikidata.org/entity/Q11822344
http://www.wikidata.org/entity/Q140005978,http://www.wikidata.org/entity/Q19938910
http://www.wikidata.org/entity/Q140045099,http://www.wikidata.org/entity/Q4797274
http://www.wikidata.org/entity/Q140045099,http://www.wikidata.org/entity/Q139566448
http://www.wikidata.org/entity/Q140129045,http://www.wikidata.org/entity/Q3085344
http://www.wikidata.org/entity/Q140185391,http://www.wikidata.org/entity/Q1771297
http://www.wikidata.org/entity/Q140221083,http://www.wikidata.org/entity/Q851213
http://www.wikidata.org/entity/Q140285794,http://www.wikidata.org/entity/Q115484611
http://www.wikidata.org/entity/Q140310844,http://www.wikidata.org/entity/Q98528267
http://www.wikidata.org/entity/Q140323396,http://www.wikidata.org/entity/Q930995
http://www.wikidata.org/entity/Q140369600,http://www.wikidata.org/entity/Q48971892
http://www.wikidata.org/entity/Q140369612,http://www.wikidata.org/entity/Q98528198
http://www.wikidata.org/entity/Q140369806,http://www.wikidata.org/entity/Q851213
http://www.wikidata.org/entity/Q140369806,http://www.wikidata.org/entity/Q19938910
http://www.wikidata.org/entity/Q140369829,http://www.wikidata.org/entity/Q3085344
http://www.wikidata.org/entity/Q140369831,http://www.wikidata.org/entity/Q2467817
http://www.wikidata.org/entity/Q140377109,http://www.wikidata.org/entity/Q2956147
http://www.wikidata.org/entity/Q140389135,http://www.wikidata.org/entity/Q9778
http://www.wikidata.org/entity/Q140389135,http://www.wikidata.org/entity/Q744327
http://www.wikidata.org/entity/Q140428185,http://www.wikidata.org/entity/Q4452477
http://www.wikidata.org/entity/Q140428185,http://www.wikidata.org/entity/Q108823220
http://www.wikidata.org/entity/Q140451598,http://www.wikidata.org/entity/Q185298
http://www.wikidata.org/entity/Q140463448,http://www.wikidata.org/entity/Q11399
http://www.wikidata.org/entity/Q140463448,http://www.wikidata.org/entity/Q2738544
http://www.wikidata.org/entity/Q140465784,http://www.wikidata.org/entity/Q874038
http://www.wikidata.org/entity/Q140504059,http://www.wikidata.org/entity/Q6942130
http://www.wikidata.org/entity/Q140504059,http://www.wikidata.org/entity/Q6942295
http://www.wikidata.org/entity/Q140528496,http://www.wikidata.org/entity/Q5794690
http://www.wikidata.org/entity/Q140528496,http://www.wikidata.org/entity/Q7171184
http://www.wikidata.org/entity/Q140528499,http://www.wikidata.org/entity/Q1585075
http://www.wikidata.org/entity/Q140528502,http://www.wikidata.org/entity/Q7382074
http://www.wikidata.org/entity/Q140561383,http://www.wikidata.org/entity/Q12326776
http://www.wikidata.org/entity/Q140561502,http://www.wikidata.org/entity/Q186170
http://www.wikidata.org/entity/Q140561502,http://www.wikidata.org/entity/Q140561383
http://www.wikidata.org/entity/Q140566525,http://www.wikidata.org/entity/Q27939
http://www.wikidata.org/entity/Q140566525,http://www.wikidata.org/entity/Q1770695
http://www.wikidata.org/entity/Q140566776,http://www.wikidata.org/entity/Q27939
http://www.wikidata.org/entity/Q140566776,http://www.wikidata.org/entity/Q1770695
http://www.wikidata.org/entity/Q140574348,http://www.wikidata.org/entity/Q1770695
http://www.wikidata.org/entity/Q140626408,http://www.wikidata.org/entity/Q2296495
http://www.wikidata.org/entity/Q140627258,http://www.wikidata.org/entity/Q55644985
http://www.wikidata.org/entity/Q140630035,http://www.wikidata.org/entity/Q48971892
http://www.wikidata.org/entity/Q140630035,http://www.wikidata.org/entity/Q106422444
http://www.wikidata.org/entity/Q140631552,http://www.wikidata.org/entity/Q6942295
http://www.wikidata.org/entity/Q140631552,http://www.wikidata.org/entity/Q6942343
http://www.wikidata.org/entity/Q140637712,http://www.wikidata.org/entity/Q915152
http://www.wikidata.org/entity/Q140646608,http://www.wikidata.org/entity/Q203720
http://www.wikidata.org/entity/Q140646608,http://www.wikidata.org/entity/Q220830
http://www.wikidata.org/entity/Q140715852,http://www.wikidata.org/entity/Q1065742
http://www.wikidata.org/entity/Q140715852,http://www.wikidata.org/entity/Q6942239
http://www.wikidata.org/entity/Q140715852,http://www.wikidata.org/entity/Q117010119
http://www.wikidata.org/entity/Q140716476,http://www.wikidata.org/entity/Q388906
http://www.wikidata.org/entity/Q140716476,http://www.wikidata.org/entity/Q111442385
http://www.wikidata.org/entity/Q140723731,http://www.wikidata.org/entity/Q11401
http://www.wikidata.org/entity/Q140774743,http://www.wikidata.org/entity/Q43343
http://www.wikidata.org/entity/Q140774743,http://www.wikidata.org/entity/Q316930
http://www.wikidata.org/entity/Q140774743,http://www.wikidata.org/entity/Q1716019
http://www.wikidata.org/entity/Q140799760,http://www.wikidata.org/entity/Q1634085
http://www.wikidata.org/entity/Q140799760,http://www.wikidata.org/entity/Q10334891
http://www.wikidata.org/entity/Q140799760,http://www.wikidata.org/entity/Q117745223
http://www.wikidata.org/entity/Q140831133,http://www.wikidata.org/entity/Q110241458
http://www.wikidata.org/entity/Q141066252,http://www.wikidata.org/entity/Q253918
http://www.wikidata.org/entity/Q141066252,http://www.wikidata.org/entity/Q2089511
http://www.wikidata.org/entity/Q141070591,http://www.wikidata.org/entity/Q2307786
http://www.wikidata.org/entity/Q141070591,http://www.wikidata.org/entity/Q3085344
http://www.wikidata.org/entity/Q141085400,http://www.wikidata.org/entity/Q851213
http://www.wikidata.org/entity/Q141085400,http://www.wikidata.org/entity/Q141085413
http://www.wikidata.org/entity/Q141085413,http://www.wikidata.org/entity/Q9778
http://www.wikidata.org/entity/Q141085413,http://www.wikidata.org/entity/Q12183214
http://www.wikidata.org/entity/Q141112373,http://www.wikidata.org/entity/Q320592
http://www.wikidata.org/entity/Q141120319,http://www.wikidata.org/entity/Q484641
http://www.wikidata.org/entity/Q141120319,http://www.wikidata.org/entity/Q12702016
http://www.wikidata.org/entity/Q141149467,http://www.wikidata.org/entity/Q16562829
http://www.wikidata.org/entity/Q141149474,http://www.wikidata.org/entity/Q106586248
http://www.wikidata.org/entity/Q141149482,http://www.wikidata.org/entity/Q1890098
http://www.wikidata.org/entity/Q141187502,http://www.wikidata.org/entity/Q163775
http://www.wikidata.org/entity/Q141187502,http://www.wikidata.org/entity/Q3401112
http://www.wikidata.org/entity/Q141236774,http://www.wikidata.org/entity/Q201022
http://www.wikidata.org/entity/Q141388696,http://www.wikidata.org/entity/Q28746819
http://www.wikidata.org/entity/Q141388696,http://www.wikidata.org/entity/Q104853037
http://www.wikidata.org/entity/Q141427655,http://www.wikidata.org/entity/Q726239
http://www.wikidata.org/entity/Q141458789,http://www.wikidata.org/entity/Q377910
http://www.wikidata.org/entity/Q141489496,http://www.wikidata.org/entity/Q107697260
http://www.wikidata.org/entity/Q141519717,http://www.wikidata.org/entity/Q7749
http://www.wikidata.org/entity/Q141524655,http://www.wikidata.org/entity/Q3535998
