genre,country
http://www.wikidata.org/entity/Q469630,Canada
http://www.wikidata.org/entity/Q475221,Canada
http://www.wikidata.org/entity/Q483352,Canada
http://www.wikidata.org/entity/Q487914,Canada
http://www.wikidata.org/entity/Q616679,Canada
http://www.wikidata.org/entity/Q372103,Canada
http://www.wikidata.org/entity/Q183862,Canada
http://www.wikidata.org/entity/Q209137,Canada
http://www.wikidata.org/entity/Q502535,Norway
http://www.wikidata.org/entity/Q547137,Spain
http://www.wikidata.org/entity/Q579955,Spain
http://www.wikidata.org/entity/Q598593,Spain
http://www.wikidata.org/entity/Q465978,South America
http://www.wikidata.org/entity/Q132438,Norway
http://www.wikidata.org/entity/Q213149,Norway
http://www.wikidata.org/entity/Q278357,Japan
http://www.wikidata.org/entity/Q131425,Japan
http://www.wikidata.org/entity/Q131578,Japan
http://www.wikidata.org/entity/Q135637,Japan
http://www.wikidata.org/entity/Q420883,United States
http://www.wikidata.org/entity/Q429264,United States
http://www.wikidata.org/entity/Q431415,United States
http://www.wikidata.org/entity/Q438476,United States
http://www.wikidata.org/entity/Q438503,United States
http://www.wikidata.org/entity/Q447962,United States
http://www.wikidata.org/entity/Q458480,United States
http://www.wikidata.org/entity/Q460674,United States
http://www.wikidata.org/entity/Q465978,United States
http://www.wikidata.org/entity/Q475221,United States
http://www.wikidata.org/entity/Q483251,United States
http://www.wikidata.org/entity/Q483352,United States
http://www.wikidata.org/entity/Q484344,United States
http://www.wikidata.org/entity/Q484641,United States
http://www.wikidata.org/entity/Q485395,United States
http://www.wikidata.org/entity/Q181861,Japan
http://www.wikidata.org/entity/Q193207,Japan
http://www.wikidata.org/entity/Q226887,Japan
http://www.wikidata.org/entity/Q236932,United States
http://www.wikidata.org/entity/Q241662,United States
http://www.wikidata.org/entity/Q245296,United States
http://www.wikidata.org/entity/Q253137,United States
http://www.wikidata.org/entity/Q255406,United States
http://www.wikidata.org/entity/Q263734,United States
http://www.wikidata.org/entity/Q268253,United States
http://www.wikidata.org/entity/Q310871,United States
http://www.wikidata.org/entity/Q327547,United States
http://www.wikidata.org/entity/Q341364,United States
http://www.wikidata.org/entity/Q377910,United States
http://www.wikidata.org/entity/Q378988,United States
http://www.wikidata.org/entity/Q379671,United States
http://www.wikidata.org/entity/Q383982,United States
http://www.wikidata.org/entity/Q387916,United States
http://www.wikidata.org/entity/Q486365,United States
http://www.wikidata.org/entity/Q487914,United States
http://www.wikidata.org/entity/Q515074,United States
http://www.wikidata.org/entity/Q516568,United States
http://www.wikidata.org/entity/Q526463,United States
http://www.wikidata.org/entity/Q529742,United States
http://www.wikidata.org/entity/Q534606,United States
http://www.wikidata.org/entity/Q542703,United States
http://www.wikidata.org/entity/Q217191,United States
http://www.wikidata.org/entity/Q220830,United States
http://www.wikidata.org/entity/Q221934,United States
http://www.wikidata.org/entity/Q118120,Ireland
http://www.wikidata.org/entity/Q208341,Spain
http://www.wikidata.org/entity/Q132438,England
http://www.wikidata.org/entity/Q9764,Spain
http://www.wikidata.org/entity/Q608862,Japan
http://www.wikidata.org/entity/Q252626,Spain
http://www.wikidata.org/entity/Q3071,United States
http://www.wikidata.org/entity/Q4797,United States
http://www.wikidata.org/entity/Q6010,United States
http://www.wikidata.org/entity/Q7749,United States
http://www.wikidata.org/entity/Q8341,United States
http://www.wikidata.org/entity/Q9759,United States
http://www.wikidata.org/entity/Q10922,United States
http://www.wikidata.org/entity/Q10926,United States
http://www.wikidata.org/entity/Q11363,United States
http://www.wikidata.org/entity/Q11365,United States
http://www.wikidata.org/entity/Q11366,United States
http://www.wikidata.org/entity/Q11399,United States
http://www.wikidata.org/entity/Q11401,United States
http://www.wikidata.org/entity/Q20378,United States
http://www.wikidata.org/entity/Q20502,United States
http://www.wikidata.org/entity/Q20903,United States
http://www.wikidata.org/entity/Q21092,United States
http://www.wikidata.org/entity/Q27190,United States
http://www.wikidata.org/entity/Q37073,United States
http://www.wikidata.org/entity/Q38656,United States
http://www.wikidata.org/entity/Q41343,United States
http://www.wikidata.org/entity/Q46046,United States
http://www.wikidata.org/entity/Q54365,United States
http://www.wikidata.org/entity/Q63885,United States
http://www.wikidata.org/entity/Q83270,United States
http://www.wikidata.org/entity/Q83440,United States
http://www.wikidata.org/entity/Q105513,United States
http://www.wikidata.org/entity/Q105527,United States
http://www.wikidata.org/entity/Q131272,United States
http://www.wikidata.org/entity/Q141459,United States
http://www.wikidata.org/entity/Q164444,United States
http://www.wikidata.org/entity/Q166813,United States
http://www.wikidata.org/entity/Q170611,United States
http://www.wikidata.org/entity/Q177447,United States
http://www.wikidata.org/entity/Q180268,United States
http://www.wikidata.org/entity/Q181010,United States
http://www.wikidata.org/entity/Q181861,United States
http://www.wikidata.org/entity/Q183504,United States
http://www.wikidata.org/entity/Q183862,United States
http://www.wikidata.org/entity/Q185162,United States
http://www.wikidata.org/entity/Q185652,United States
http://www.wikidata.org/entity/Q186472,United States
http://www.wikidata.org/entity/Q187760,United States
http://www.wikidata.org/entity/Q188534,United States
http://www.wikidata.org/entity/Q188539,United States
http://www.wikidata.org/entity/Q193355,United States
http://www.wikidata.org/entity/Q202925,United States
http://www.wikidata.org/entity/Q203720,United States
http://www.wikidata.org/entity/Q206159,United States
http://www.wikidata.org/entity/Q208239,United States
http://www.wikidata.org/entity/Q208494,United States
http://www.wikidata.org/entity/Q209137,United States
http://www.wikidata.org/entity/Q211573,United States
http://www.wikidata.org/entity/Q211756,United States
http://www.wikidata.org/entity/Q211781,United States
http://www.wikidata.org/entity/Q212024,United States
http://www.wikidata.org/entity/Q212952,United States
http://www.wikidata.org/entity/Q213121,United States
http://www.wikidata.org/entity/Q213714,United States
http://www.wikidata.org/entity/Q546206,United States
http://www.wikidata.org/entity/Q546359,United States
http://www.wikidata.org/entity/Q572901,United States
http://www.wikidata.org/entity/Q574651,United States
http://www.wikidata.org/entity/Q577080,United States
http://www.wikidata.org/entity/Q584752,United States
http://www.wikidata.org/entity/Q592330,United States
http://www.wikidata.org/entity/Q598593,United States
http://www.wikidata.org/entity/Q601235,United States
http://www.wikidata.org/entity/Q602646,United States
http://www.wikidata.org/entity/Q606089,United States
http://www.wikidata.org/entity/Q606393,United States
http://www.wikidata.org/entity/Q613408,United States
http://www.wikidata.org/entity/Q616679,United States
http://www.wikidata.org/entity/Q617240,United States
http://www.wikidata.org/entity/Q632393,United States
http://www.wikidata.org/entity/Q648311,United States
http://www.wikidata.org/entity/Q649634,United States
http://www.wikidata.org/entity/Q649823,United States
http://www.wikidata.org/entity/Q650316,United States
http://www.wikidata.org/entity/Q655514,United States
http://www.wikidata.org/entity/Q659599,United States
http://www.wikidata.org/entity/Q341396,Belgium
http://www.wikidata.org/entity/Q372103,Belgium
http://www.wikidata.org/entity/Q465978,Switzerland
http://www.wikidata.org/entity/Q253918,Sweden
http://www.wikidata.org/entity/Q481900,Europe
http://www.wikidata.org/entity/Q483251,Europe
http://www.wikidata.org/entity/Q484179,Europe
http://www.wikidata.org/entity/Q486415,Europe
http://www.wikidata.org/entity/Q517415,Europe
http://www.wikidata.org/entity/Q533914,Europe
http://www.wikidata.org/entity/Q470611,Italy
http://www.wikidata.org/entity/Q483740,Turkey
http://www.wikidata.org/entity/Q252833,Switzerland
http://www.wikidata.org/entity/Q648283,Poland
http://www.wikidata.org/entity/Q324617,Italy
http://www.wikidata.org/entity/Q336567,Italy
http://www.wikidata.org/entity/Q216961,Belgium
http://www.wikidata.org/entity/Q252833,Austria
http://www.wikidata.org/entity/Q464129,Mexico
http://www.wikidata.org/entity/Q260095,Netherlands
http://www.wikidata.org/entity/Q339906,Netherlands
http://www.wikidata.org/entity/Q341396,Netherlands
http://www.wikidata.org/entity/Q213149,Finland
http://www.wikidata.org/entity/Q204067,Sweden
http://www.wikidata.org/entity/Q213149,Sweden
http://www.wikidata.org/entity/Q496929,France
http://www.wikidata.org/entity/Q513357,France
http://www.wikidata.org/entity/Q547137,Portugal
http://www.wikidata.org/entity/Q460674,United Kingdom
http://www.wikidata.org/entity/Q469343,United Kingdom
http://www.wikidata.org/entity/Q483251,United Kingdom
http://www.wikidata.org/entity/Q483352,United Kingdom
http://www.wikidata.org/entity/Q484179,United Kingdom
http://www.wikidata.org/entity/Q484641,United Kingdom
http://www.wikidata.org/entity/Q485395,United Kingdom
http://www.wikidata.org/entity/Q486365,United Kingdom
http://www.wikidata.org/entity/Q487914,United Kingdom
http://www.wikidata.org/entity/Q487965,United Kingdom
http://www.wikidata.org/entity/Q284543,United Kingdom
http://www.wikidata.org/entity/Q325504,United Kingdom
http://www.wikidata.org/entity/Q339906,United Kingdom
http://www.wikidata.org/entity/Q370515,United Kingdom
http://www.wikidata.org/entity/Q370778,United Kingdom
http://www.wikidata.org/entity/Q372103,United Kingdom
http://www.wikidata.org/entity/Q379671,United Kingdom
http://www.wikidata.org/entity/Q383615,United Kingdom
http://www.wikidata.org/entity/Q383982,United Kingdom
http://www.wikidata.org/entity/Q236913,United Kingdom
http://www.wikidata.org/entity/Q241662,United Kingdom
http://www.wikidata.org/entity/Q251192,United Kingdom
http://www.wikidata.org/entity/Q264289,United Kingdom
http://www.wikidata.org/entity/Q272167,United Kingdom
http://www.wikidata.org/entity/Q274401,United Kingdom
http://www.wikidata.org/entity/Q359607,France
http://www.wikidata.org/entity/Q612024,Europe
http://www.wikidata.org/entity/Q627906,Europe
http://www.wikidata.org/entity/Q641357,Europe
http://www.wikidata.org/entity/Q627906,Netherlands
http://www.wikidata.org/entity/Q220528,Greece
http://www.wikidata.org/entity/Q183504,Europe
http://www.wikidata.org/entity/Q202919,Europe
http://www.wikidata.org/entity/Q208494,Europe
http://www.wikidata.org/entity/Q209137,Europe
http://www.wikidata.org/entity/Q211781,Europe
http://www.wikidata.org/entity/Q213121,Europe
http://www.wikidata.org/entity/Q217191,Europe
http://www.wikidata.org/entity/Q223840,Europe
http://www.wikidata.org/entity/Q617338,Ghana
http://www.wikidata.org/entity/Q546264,United Kingdom
http://www.wikidata.org/entity/Q598929,United Kingdom
http://www.wikidata.org/entity/Q606393,United Kingdom
http://www.wikidata.org/entity/Q622871,United Kingdom
http://www.wikidata.org/entity/Q641318,United Kingdom
http://www.wikidata.org/entity/Q650316,United Kingdom
http://www.wikidata.org/entity/Q659599,United Kingdom
http://www.wikidata.org/entity/Q660984,United Kingdom
http://www.wikidata.org/entity/Q663519,United Kingdom
http://www.wikidata.org/entity/Q616425,Mexico
http://www.wikidata.org/entity/Q221934,Mexico
http://www.wikidata.org/entity/Q185676,Portugal
http://www.wikidata.org/entity/Q209498,United Kingdom
http://www.wikidata.org/entity/Q211723,United Kingdom
http://www.wikidata.org/entity/Q217467,United Kingdom
http://www.wikidata.org/entity/Q221772,United Kingdom
http://www.wikidata.org/entity/Q216961,Netherlands
http://www.wikidata.org/entity/Q132438,Finland
http://www.wikidata.org/entity/Q430075,Brazil
http://www.wikidata.org/entity/Q455686,Brazil
http://www.wikidata.org/entity/Q486263,Brazil
http://www.wikidata.org/entity/Q502448,Brazil
http://www.wikidata.org/entity/Q502808,Brazil
http://www.wikidata.org/entity/Q504476,Brazil
http://www.wikidata.org/entity/Q505343,Brazil
http://www.wikidata.org/entity/Q533946,Brazil
http://www.wikidata.org/entity/Q615455,People's Republic of China
http://www.wikidata.org/entity/Q178145,United Kingdom
http://www.wikidata.org/entity/Q181861,United Kingdom
http://www.wikidata.org/entity/Q183504,United Kingdom
http://www.wikidata.org/entity/Q186170,United Kingdom
http://www.wikidata.org/entity/Q186472,United Kingdom
http://www.wikidata.org/entity/Q187760,United Kingdom
http://www.wikidata.org/entity/Q188450,United Kingdom
http://www.wikidata.org/entity/Q188534,United Kingdom
http://www.wikidata.org/entity/Q188539,United Kingdom
http://www.wikidata.org/entity/Q188994,United Kingdom
http://www.wikidata.org/entity/Q189045,United Kingdom
http://www.wikidata.org/entity/Q193207,United Kingdom
http://www.wikidata.org/entity/Q193355,United Kingdom
http://www.wikidata.org/entity/Q205560,United Kingdom
http://www.wikidata.org/entity/Q206159,United Kingdom
http://www.wikidata.org/entity/Q208494,United Kingdom
http://www.wikidata.org/entity/Q132438,Sweden
http://www.wikidata.org/entity/Q85477,Italy
http://www.wikidata.org/entity/Q140544,Italy
http://www.wikidata.org/entity/Q151942,Poland
http://www.wikidata.org/entity/Q586110,Brazil
http://www.wikidata.org/entity/Q584752,Germany
http://www.wikidata.org/entity/Q641318,Germany
http://www.wikidata.org/entity/Q646679,Germany
http://www.wikidata.org/entity/Q122772,Austria
http://www.wikidata.org/entity/Q383530,Brazil
http://www.wikidata.org/entity/Q378495,Russia
http://www.wikidata.org/entity/Q1344,Europe
http://www.wikidata.org/entity/Q2743,Europe
http://www.wikidata.org/entity/Q26473,Europe
http://www.wikidata.org/entity/Q54365,Europe
http://www.wikidata.org/entity/Q57143,Europe
http://www.wikidata.org/entity/Q105527,Europe
http://www.wikidata.org/entity/Q131269,Europe
http://www.wikidata.org/entity/Q642983,Romania
http://www.wikidata.org/entity/Q622871,South Africa
http://www.wikidata.org/entity/Q484179,Russia
http://www.wikidata.org/entity/Q597493,Argentina
http://www.wikidata.org/entity/Q252833,Germany
http://www.wikidata.org/entity/Q280955,Germany
http://www.wikidata.org/entity/Q318973,Germany
http://www.wikidata.org/entity/Q320592,Germany
http://www.wikidata.org/entity/Q339906,Germany
http://www.wikidata.org/entity/Q372103,Germany
http://www.wikidata.org/entity/Q622871,India
http://www.wikidata.org/entity/Q610022,Suriname
http://www.wikidata.org/entity/Q573484,Jamaica
http://www.wikidata.org/entity/Q556959,The Gambia
http://www.wikidata.org/entity/Q252833,Slovenia
http://www.wikidata.org/entity/Q388906,Germany
http://www.wikidata.org/entity/Q446241,Germany
http://www.wikidata.org/entity/Q454071,Germany
http://www.wikidata.org/entity/Q465978,Germany
http://www.wikidata.org/entity/Q483352,Germany
http://www.wikidata.org/entity/Q484179,Germany
http://www.wikidata.org/entity/Q530750,Germany
http://www.wikidata.org/entity/Q21092,Netherlands
http://www.wikidata.org/entity/Q630689,Tanzania
http://www.wikidata.org/entity/Q622871,Israel
http://www.wikidata.org/entity/Q12302,France
http://www.wikidata.org/entity/Q138020,France
http://www.wikidata.org/entity/Q597493,Bolivia
http://www.wikidata.org/entity/Q590662,Cameroon
http://www.wikidata.org/entity/Q25116,Uruguay
http://www.wikidata.org/entity/Q4797,Mexico
http://www.wikidata.org/entity/Q388475,Cuba
http://www.wikidata.org/entity/Q497957,Cuba
http://www.wikidata.org/entity/Q331810,Moldova
http://www.wikidata.org/entity/Q389671,Peru
http://www.wikidata.org/entity/Q617338,Nigeria
http://www.wikidata.org/entity/Q208494,Germany
http://www.wikidata.org/entity/Q213572,Germany
http://www.wikidata.org/entity/Q216961,Germany
http://www.wikidata.org/entity/Q3071,United Kingdom
http://www.wikidata.org/entity/Q11366,United Kingdom
http://www.wikidata.org/entity/Q11399,United Kingdom
http://www.wikidata.org/entity/Q20474,United Kingdom
http://www.wikidata.org/entity/Q21092,United Kingdom
http://www.wikidata.org/entity/Q27190,United Kingdom
http://www.wikidata.org/entity/Q37073,United Kingdom
http://www.wikidata.org/entity/Q38848,United Kingdom
http://www.wikidata.org/entity/Q41343,United Kingdom
http://www.wikidata.org/entity/Q46046,United Kingdom
http://www.wikidata.org/entity/Q49451,United Kingdom
http://www.wikidata.org/entity/Q76092,United Kingdom
http://www.wikidata.org/entity/Q83270,United Kingdom
http://www.wikidata.org/entity/Q118120,United Kingdom
http://www.wikidata.org/entity/Q527675,Venezuela
http://www.wikidata.org/entity/Q535328,Venezuela
http://www.wikidata.org/entity/Q290869,Cuba
http://www.wikidata.org/entity/Q367751,Cuba
http://www.wikidata.org/entity/Q371745,Cuba
http://www.wikidata.org/entity/Q556959,Senegal
http://www.wikidata.org/entity/Q512410,India
http://www.wikidata.org/entity/Q181861,Australia
http://www.wikidata.org/entity/Q194492,Indonesia
http://www.wikidata.org/entity/Q547137,Latin America
http://www.wikidata.org/entity/Q527675,Colombia
http://www.wikidata.org/entity/Q535402,Colombia
http://www.wikidata.org/entity/Q283405,Belize
http://www.wikidata.org/entity/Q354204,Argentina
http://www.wikidata.org/entity/Q389671,Bolivia
http://www.wikidata.org/entity/Q484179,Iran
http://www.wikidata.org/entity/Q267287,New Zealand
http://www.wikidata.org/entity/Q282131,Dominican Republic
http://www.wikidata.org/entity/Q544440,British Raj
http://www.wikidata.org/entity/Q283405,Honduras
http://www.wikidata.org/entity/Q263524,South Africa
http://www.wikidata.org/entity/Q388100,South Africa
http://www.wikidata.org/entity/Q222445,Peru
http://www.wikidata.org/entity/Q725011,Canada
http://www.wikidata.org/entity/Q828305,Canada
http://www.wikidata.org/entity/Q188994,Jamaica
http://www.wikidata.org/entity/Q212688,Jamaica
http://www.wikidata.org/entity/Q623904,Emirate of Córdoba
http://www.wikidata.org/entity/Q331810,Romania
http://www.wikidata.org/entity/Q373982,Ivory Coast
http://www.wikidata.org/entity/Q646528,Yugoslavia
http://www.wikidata.org/entity/Q484179,Israel
http://www.wikidata.org/entity/Q307054,Frankfurt
http://www.wikidata.org/entity/Q263524,Botswana
http://www.wikidata.org/entity/Q474027,Jamaica
http://www.wikidata.org/entity/Q512410,Pakistan
http://www.wikidata.org/entity/Q227036,Ivory Coast
http://www.wikidata.org/entity/Q213665,South Korea
http://www.wikidata.org/entity/Q500879,Panama
http://www.wikidata.org/entity/Q278409,Taiwan
http://www.wikidata.org/entity/Q11403,Brazil
http://www.wikidata.org/entity/Q19816,Brazil
http://www.wikidata.org/entity/Q328296,German Democratic Republic
http://www.wikidata.org/entity/Q202930,Puerto Rico
http://www.wikidata.org/entity/Q3630966,Japan
http://www.wikidata.org/entity/Q3735537,Japan
http://www.wikidata.org/entity/Q227045,French West Indies
http://www.wikidata.org/entity/Q482981,South Korea
http://www.wikidata.org/entity/Q485915,South Korea
http://www.wikidata.org/entity/Q213149,Scandinavia
http://www.wikidata.org/entity/Q5256877,Canada
http://www.wikidata.org/entity/Q5264196,Canada
http://www.wikidata.org/entity/Q502535,Cape Verde
http://www.wikidata.org/entity/Q718540,Japan
http://www.wikidata.org/entity/Q773880,Japan
http://www.wikidata.org/entity/Q56580,Germany
http://www.wikidata.org/entity/Q170435,Germany
http://www.wikidata.org/entity/Q667659,United States
http://www.wikidata.org/entity/Q675553,United States
http://www.wikidata.org/entity/Q677542,United States
http://www.wikidata.org/entity/Q703778,United States
http://www.wikidata.org/entity/Q720959,United States
http://www.wikidata.org/entity/Q725011,United States
http://www.wikidata.org/entity/Q739138,United States
http://www.wikidata.org/entity/Q747717,United States
http://www.wikidata.org/entity/Q753520,United States
http://www.wikidata.org/entity/Q753679,United States
http://www.wikidata.org/entity/Q756956,United States
http://www.wikidata.org/entity/Q773880,United States
http://www.wikidata.org/entity/Q783097,United States
http://www.wikidata.org/entity/Q790188,United States
http://www.wikidata.org/entity/Q804401,United States
http://www.wikidata.org/entity/Q822914,United States
http://www.wikidata.org/entity/Q823080,United States
http://www.wikidata.org/entity/Q824948,United States
http://www.wikidata.org/entity/Q825769,United States
http://www.wikidata.org/entity/Q828305,United States
http://www.wikidata.org/entity/Q830325,United States
http://www.wikidata.org/entity/Q831354,United States
http://www.wikidata.org/entity/Q835891,United States
http://www.wikidata.org/entity/Q837837,United States
http://www.wikidata.org/entity/Q846119,United States
http://www.wikidata.org/entity/Q846833,United States
http://www.wikidata.org/entity/Q848399,United States
http://www.wikidata.org/entity/Q850412,United States
http://www.wikidata.org/entity/Q852767,United States
http://www.wikidata.org/entity/Q856872,United States
http://www.wikidata.org/entity/Q868855,United States
http://www.wikidata.org/entity/Q3437862,Norway
http://www.wikidata.org/entity/Q482981,Korea
http://www.wikidata.org/entity/Q208239,Latin America
http://www.wikidata.org/entity/Q5177472,Ireland
http://www.wikidata.org/entity/Q775614,England
http://www.wikidata.org/entity/Q254890,Catalan countries
http://www.wikidata.org/entity/Q155858,Ukraine
http://www.wikidata.org/entity/Q465978,Scandinavia
http://www.wikidata.org/entity/Q484179,Scandinavia
http://www.wikidata.org/entity/Q3437846,Hungary
http://www.wikidata.org/entity/Q3492946,Hungary
http://www.wikidata.org/entity/Q97219640,Spain
http://www.wikidata.org/entity/Q103840989,Spain
http://www.wikidata.org/entity/Q54365,Australia
http://www.wikidata.org/entity/Q5266196,Spain
http://www.wikidata.org/entity/Q25116,Argentina
http://www.wikidata.org/entity/Q155119,Argentina
http://www.wikidata.org/entity/Q97277483,United States
http://www.wikidata.org/entity/Q104847359,United States
http://www.wikidata.org/entity/Q47112,Albania
http://www.wikidata.org/entity/Q5110298,United States
http://www.wikidata.org/entity/Q5165023,United States
http://www.wikidata.org/entity/Q5177517,United States
http://www.wikidata.org/entity/Q5264196,United States
http://www.wikidata.org/entity/Q5303621,United States
http://www.wikidata.org/entity/Q5369049,Japan
http://www.wikidata.org/entity/Q3398980,Spain
http://www.wikidata.org/entity/Q3437832,Spain
http://www.wikidata.org/entity/Q3560556,Spain
http://www.wikidata.org/entity/Q3622181,Spain
http://www.wikidata.org/entity/Q3753864,Spain
http://www.wikidata.org/entity/Q104602773,Sweden
http://www.wikidata.org/entity/Q105757139,Sweden
http://www.wikidata.org/entity/Q69596,India
http://www.wikidata.org/entity/Q70076,India
http://www.wikidata.org/entity/Q131510,India
http://www.wikidata.org/entity/Q97375316,Poland
http://www.wikidata.org/entity/Q5219842,Denmark
http://www.wikidata.org/entity/Q5219868,Denmark
http://www.wikidata.org/entity/Q3397882,United States
http://www.wikidata.org/entity/Q3408028,United States
http://www.wikidata.org/entity/Q3437802,United States
http://www.wikidata.org/entity/Q3476584,United States
http://www.wikidata.org/entity/Q3630966,United States
http://www.wikidata.org/entity/Q3658336,United States
http://www.wikidata.org/entity/Q3699386,United States
http://www.wikidata.org/entity/Q3709211,United States
http://www.wikidata.org/entity/Q3724735,United States
http://www.wikidata.org/entity/Q3807537,United States
http://www.wikidata.org/entity/Q3820150,United States
http://www.wikidata.org/entity/Q3827483,United States
http://www.wikidata.org/entity/Q3837980,United States
http://www.wikidata.org/entity/Q3855113,United States
http://www.wikidata.org/entity/Q40461,Dominican Republic
http://www.wikidata.org/entity/Q98842769,Mexico
http://www.wikidata.org/entity/Q98909757,Mexico
http://www.wikidata.org/entity/Q5116077,Portugal
http://www.wikidata.org/entity/Q5141514,Portugal
http://www.wikidata.org/entity/Q9794,Jamaica
http://www.wikidata.org/entity/Q54365,Jamaica
http://www.wikidata.org/entity/Q5113733,Europe
http://www.wikidata.org/entity/Q5158538,Europe
http://www.wikidata.org/entity/Q97659647,Portugal
http://www.wikidata.org/entity/Q5402428,Mexico
http://www.wikidata.org/entity/Q99470350,Mexico
http://www.wikidata.org/entity/Q101440473,Mexico
http://www.wikidata.org/entity/Q131510,Iran
http://www.wikidata.org/entity/Q81105,Vietnam
http://www.wikidata.org/entity/Q140222,Lebanon
http://www.wikidata.org/entity/Q145980,Zambia
http://www.wikidata.org/entity/Q5072880,United Kingdom
http://www.wikidata.org/entity/Q5264196,United Kingdom
http://www.wikidata.org/entity/Q5100799,People's Republic of China
http://www.wikidata.org/entity/Q5073926,Cuba
http://www.wikidata.org/entity/Q5393053,Cuba
http://www.wikidata.org/entity/Q101525913,France
http://www.wikidata.org/entity/Q105337567,France
http://www.wikidata.org/entity/Q130572,Soviet Union
http://www.wikidata.org/entity/Q82469,Bavaria
http://www.wikidata.org/entity/Q54365,Latin America
http://www.wikidata.org/entity/Q5105581,India
http://www.wikidata.org/entity/Q5264196,India
http://www.wikidata.org/entity/Q5276393,India
http://www.wikidata.org/entity/Q5116136,Peru
http://www.wikidata.org/entity/Q127624,Eastern Europe
http://www.wikidata.org/entity/Q145594,Nigeria
http://www.wikidata.org/entity/Q5330234,Venezuela
http://www.wikidata.org/entity/Q5397405,Venezuela
http://www.wikidata.org/entity/Q3437819,Belgium
http://www.wikidata.org/entity/Q104870214,United Kingdom
http://www.wikidata.org/entity/Q83390,Ancient Rome
http://www.wikidata.org/entity/Q5334415,Ecuador
http://www.wikidata.org/entity/Q98528195,Romania
http://www.wikidata.org/entity/Q5295546,Malaysia
http://www.wikidata.org/entity/Q3785730,Finland
http://www.wikidata.org/entity/Q98528195,Moldova
http://www.wikidata.org/entity/Q5118358,Trinidad and Tobago
http://www.wikidata.org/entity/Q5118383,Trinidad and Tobago
http://www.wikidata.org/entity/Q3655716,Italy
http://www.wikidata.org/entity/Q3656514,Italy
http://www.wikidata.org/entity/Q3656557,Italy
http://www.wikidata.org/entity/Q3683985,Italy
http://www.wikidata.org/entity/Q3855303,Italy
http://www.wikidata.org/entity/Q3868755,Italy
http://www.wikidata.org/entity/Q3735853,Lithuania
http://www.wikidata.org/entity/Q100139647,Brazil
http://www.wikidata.org/entity/Q815536,Belgium
http://www.wikidata.org/entity/Q832665,Belgium
http://www.wikidata.org/entity/Q5147976,Colombia
http://www.wikidata.org/entity/Q97936699,Indonesia
http://www.wikidata.org/entity/Q100348626,Indonesia
http://www.wikidata.org/entity/Q104849599,Ghana
http://www.wikidata.org/entity/Q105433718,Algeria
http://www.wikidata.org/entity/Q5264196,Pakistan
http://www.wikidata.org/entity/Q744417,Italy
http://www.wikidata.org/entity/Q774475,Italy
http://www.wikidata.org/entity/Q848852,Italy
http://www.wikidata.org/entity/Q3437879,Switzerland
http://www.wikidata.org/entity/Q822914,Sweden
http://www.wikidata.org/entity/Q3437842,Greece
http://www.wikidata.org/entity/Q3487087,Greece
http://www.wikidata.org/entity/Q3559240,Greece
http://www.wikidata.org/entity/Q104771349,Colombia
http://www.wikidata.org/entity/Q700423,Austria
http://www.wikidata.org/entity/Q98915458,Suriname
http://www.wikidata.org/entity/Q101112088,Suriname
http://www.wikidata.org/entity/Q105337567,Suriname
http://www.wikidata.org/entity/Q105337573,Suriname
http://www.wikidata.org/entity/Q97276030,Panama
http://www.wikidata.org/entity/Q3470607,Turkey
http://www.wikidata.org/entity/Q5105648,Thailand
http://www.wikidata.org/entity/Q5119040,Vietnam
http://www.wikidata.org/entity/Q5202988,Vietnam
http://www.wikidata.org/entity/Q5398894,Vietnam
http://www.wikidata.org/entity/Q726239,Europe
http://www.wikidata.org/entity/Q756956,Europe
http://www.wikidata.org/entity/Q757143,Europe
http://www.wikidata.org/entity/Q773880,Europe
http://www.wikidata.org/entity/Q724755,Netherlands
http://www.wikidata.org/entity/Q820049,Netherlands
http://www.wikidata.org/entity/Q832665,Netherlands
http://www.wikidata.org/entity/Q100307135,Bolivia
http://www.wikidata.org/entity/Q97368934,Tunisia
http://www.wikidata.org/entity/Q727634,Mexico
http://www.wikidata.org/entity/Q869210,Mexico
http://www.wikidata.org/entity/Q100321326,Mayotte
http://www.wikidata.org/entity/Q101002867,Mayotte
http://www.wikidata.org/entity/Q5208151,Korea
http://www.wikidata.org/entity/Q5369664,Korea
http://www.wikidata.org/entity/Q3630966,Europe
http://www.wikidata.org/entity/Q3840596,Europe
http://www.wikidata.org/entity/Q105379653,Maluku
http://www.wikidata.org/entity/Q12255350,Spain
http://www.wikidata.org/entity/Q12257012,Spain
http://www.wikidata.org/entity/Q12257561,Spain
http://www.wikidata.org/entity/Q12382674,Spain
http://www.wikidata.org/entity/Q12385250,Spain
http://www.wikidata.org/entity/Q12390841,Spain
http://www.wikidata.org/entity/Q12399034,Spain
http://www.wikidata.org/entity/Q15042720,Spain
http://www.wikidata.org/entity/Q15306187,Spain
http://www.wikidata.org/entity/Q15623112,Spain
http://www.wikidata.org/entity/Q5099460,Zimbabwe
http://www.wikidata.org/entity/Q98528236,Democratic Republic of the Congo
http://www.wikidata.org/entity/Q5116146,Central America
http://www.wikidata.org/entity/Q3560556,Portugal
http://www.wikidata.org/entity/Q5215959,Later Silla
http://www.wikidata.org/entity/Q5201820,Czechoslovak Socialist Republic
http://www.wikidata.org/entity/Q12716093,Norway
http://www.wikidata.org/entity/Q98528195,Principality of Wallachia
http://www.wikidata.org/entity/Q98528195,Principality of Moldavia
http://www.wikidata.org/entity/Q134383813,Japan
http://www.wikidata.org/entity/Q5100799,China
http://www.wikidata.org/entity/Q104882182,Mauritius
http://www.wikidata.org/entity/Q124613834,Spain
http://www.wikidata.org/entity/Q124707721,Spain
http://www.wikidata.org/entity/Q125850367,Spain
http://www.wikidata.org/entity/Q125923072,Spain
http://www.wikidata.org/entity/Q3413969,Mexico
http://www.wikidata.org/entity/Q3437861,Mexico
http://www.wikidata.org/entity/Q139860634,England
http://www.wikidata.org/entity/Q703778,United Kingdom
http://www.wikidata.org/entity/Q724755,United Kingdom
http://www.wikidata.org/entity/Q725011,United Kingdom
http://www.wikidata.org/entity/Q727803,United Kingdom
http://www.wikidata.org/entity/Q780517,United Kingdom
http://www.wikidata.org/entity/Q825769,United Kingdom
http://www.wikidata.org/entity/Q828181,United Kingdom
http://www.wikidata.org/entity/Q837837,United Kingdom
http://www.wikidata.org/entity/Q842324,United Kingdom
http://www.wikidata.org/entity/Q846119,United Kingdom
http://www.wikidata.org/entity/Q858579,United Kingdom
http://www.wikidata.org/entity/Q844245,France
http://www.wikidata.org/entity/Q866816,France
http://www.wikidata.org/entity/Q124352838,United States
http://www.wikidata.org/entity/Q130344249,United States
http://www.wikidata.org/entity/Q132778448,United States
http://www.wikidata.org/entity/Q134983275,United States
http://www.wikidata.org/entity/Q136508884,United States
http://www.wikidata.org/entity/Q3591962,Ethiopia
http://www.wikidata.org/entity/Q3410854,France
http://www.wikidata.org/entity/Q3421402,France
http://www.wikidata.org/entity/Q3437841,France
http://www.wikidata.org/entity/Q3564915,France
http://www.wikidata.org/entity/Q12302979,United States
http://www.wikidata.org/entity/Q12362064,United States
http://www.wikidata.org/entity/Q13627677,United States
http://www.wikidata.org/entity/Q14493900,United States
http://www.wikidata.org/entity/Q14546558,United States
http://www.wikidata.org/entity/Q15141477,United States
http://www.wikidata.org/entity/Q3397882,United Kingdom
http://www.wikidata.org/entity/Q3408028,United Kingdom
http://www.wikidata.org/entity/Q3645098,United Kingdom
http://www.wikidata.org/entity/Q3797148,United Kingdom
http://www.wikidata.org/entity/Q700805,People's Republic of China
http://www.wikidata.org/entity/Q853873,People's Republic of China
http://www.wikidata.org/entity/Q3846957,People's Republic of China
http://www.wikidata.org/entity/Q724010,Azerbaijan
http://www.wikidata.org/entity/Q3736049,Germany
http://www.wikidata.org/entity/Q136065521,Luxembourg
http://www.wikidata.org/entity/Q124536568,Belgium
http://www.wikidata.org/entity/Q124616529,Belgium
http://www.wikidata.org/entity/Q3470688,Brazil
http://www.wikidata.org/entity/Q3470692,Brazil
http://www.wikidata.org/entity/Q3554510,Brazil
http://www.wikidata.org/entity/Q834959,Brazil
http://www.wikidata.org/entity/Q3785733,Slovakia
http://www.wikidata.org/entity/Q835562,Cuba
http://www.wikidata.org/entity/Q832665,Germany
http://www.wikidata.org/entity/Q3408409,Bulgaria
http://www.wikidata.org/entity/Q132526862,Poland
http://www.wikidata.org/entity/Q139991136,Poland
http://www.wikidata.org/entity/Q3408409,North Macedonia
http://www.wikidata.org/entity/Q12811727,Turkey
http://www.wikidata.org/entity/Q13060093,Turkey
http://www.wikidata.org/entity/Q130532355,Finland
http://www.wikidata.org/entity/Q783874,Indonesia
http://www.wikidata.org/entity/Q3419345,Romania
http://www.wikidata.org/entity/Q3735853,Latvia
http://www.wikidata.org/entity/Q3410876,Belize
http://www.wikidata.org/entity/Q125056553,Italy
http://www.wikidata.org/entity/Q125088409,Italy
http://www.wikidata.org/entity/Q130349818,Italy
http://www.wikidata.org/entity/Q12307741,Denmark
http://www.wikidata.org/entity/Q839029,Algeria
http://www.wikidata.org/entity/Q3495144,Algeria
http://www.wikidata.org/entity/Q3517436,Indonesia
http://www.wikidata.org/entity/Q766240,Chile
http://www.wikidata.org/entity/Q773880,Australia
http://www.wikidata.org/entity/Q783243,Australia
http://www.wikidata.org/entity/Q12339784,United Kingdom
http://www.wikidata.org/entity/Q13409536,United Kingdom
http://www.wikidata.org/entity/Q13627677,United Kingdom
http://www.wikidata.org/entity/Q3437876,Slovenia
http://www.wikidata.org/entity/Q3410882,Cuba
http://www.wikidata.org/entity/Q3422966,Czech Republic
http://www.wikidata.org/entity/Q3506890,Czech Republic
http://www.wikidata.org/entity/Q12876995,Greece
http://www.wikidata.org/entity/Q12876996,Greece
http://www.wikidata.org/entity/Q12881722,Greece
http://www.wikidata.org/entity/Q3415943,Armenia
http://www.wikidata.org/entity/Q3437873,Peru
http://www.wikidata.org/entity/Q3531526,Peru
http://www.wikidata.org/entity/Q3835724,Peru
http://www.wikidata.org/entity/Q131205623,Austria
http://www.wikidata.org/entity/Q139860634,North America
http://www.wikidata.org/entity/Q3408409,Serbia
http://www.wikidata.org/entity/Q3437823,Chile
http://www.wikidata.org/entity/Q13634037,Brazil
http://www.wikidata.org/entity/Q766240,Argentina
http://www.wikidata.org/entity/Q12168212,Ukraine
http://www.wikidata.org/entity/Q13164291,People's Republic of China
http://www.wikidata.org/entity/Q766240,Peru
http://www.wikidata.org/entity/Q3437867,New Zealand
http://www.wikidata.org/entity/Q3785731,New Zealand
http://www.wikidata.org/entity/Q835131,India
http://www.wikidata.org/entity/Q123543092,Netherlands
http://www.wikidata.org/entity/Q124357128,Netherlands
http://www.wikidata.org/entity/Q137946482,Netherlands
http://www.wikidata.org/entity/Q124079308,Uruguay
http://www.wikidata.org/entity/Q14942341,Germany
http://www.wikidata.org/entity/Q15077373,Germany
http://www.wikidata.org/entity/Q15629158,Germany
http://www.wikidata.org/entity/Q766240,Bolivia
http://www.wikidata.org/entity/Q723418,Colombia
http://www.wikidata.org/entity/Q3529199,Bolivia
http://www.wikidata.org/entity/Q3835724,Bolivia
http://www.wikidata.org/entity/Q123707590,France
http://www.wikidata.org/entity/Q125661847,France
http://www.wikidata.org/entity/Q125751285,France
http://www.wikidata.org/entity/Q137886730,France
http://www.wikidata.org/entity/Q12845743,Azerbaijan
http://www.wikidata.org/entity/Q12849794,Azerbaijan
http://www.wikidata.org/entity/Q13037709,Albania
http://www.wikidata.org/entity/Q125687720,United Kingdom
http://www.wikidata.org/entity/Q127606466,United Kingdom
http://www.wikidata.org/entity/Q3446440,Jamaica
http://www.wikidata.org/entity/Q124476025,Brazil
http://www.wikidata.org/entity/Q127835664,Brazil
http://www.wikidata.org/entity/Q131195285,Brazil
http://www.wikidata.org/entity/Q138617267,Brazil
http://www.wikidata.org/entity/Q740911,Jamaica
http://www.wikidata.org/entity/Q752785,Trinidad and Tobago
http://www.wikidata.org/entity/Q3535998,India
http://www.wikidata.org/entity/Q12472139,Indonesia
http://www.wikidata.org/entity/Q12483344,Indonesia
http://www.wikidata.org/entity/Q12487960,Indonesia
http://www.wikidata.org/entity/Q12499695,Indonesia
http://www.wikidata.org/entity/Q12499696,Indonesia
http://www.wikidata.org/entity/Q12499697,Indonesia
http://www.wikidata.org/entity/Q12499698,Indonesia
http://www.wikidata.org/entity/Q12501487,Indonesia
http://www.wikidata.org/entity/Q12521566,Indonesia
http://www.wikidata.org/entity/Q13200231,Indonesia
http://www.wikidata.org/entity/Q134318960,Russia
http://www.wikidata.org/entity/Q135437342,Russia
http://www.wikidata.org/entity/Q723418,Panama
http://www.wikidata.org/entity/Q783874,Malaysia
http://www.wikidata.org/entity/Q12736123,Romania
http://www.wikidata.org/entity/Q3437855,Malaysia
http://www.wikidata.org/entity/Q3410876,Honduras
http://www.wikidata.org/entity/Q717080,South Korea
http://www.wikidata.org/entity/Q846219,South Korea
http://www.wikidata.org/entity/Q840748,Iran
http://www.wikidata.org/entity/Q3419744,Haiti
http://www.wikidata.org/entity/Q3846957,Taiwan
http://www.wikidata.org/entity/Q3525838,Vietnam
http://www.wikidata.org/entity/Q3453150,Republic of the Congo
http://www.wikidata.org/entity/Q3575673,Ivory Coast
http://www.wikidata.org/entity/Q728579,Djibouti
http://www.wikidata.org/entity/Q3410876,Guatemala
http://www.wikidata.org/entity/Q3453150,Democratic Republic of the Congo
http://www.wikidata.org/entity/Q860196,Cameroon
http://www.wikidata.org/entity/Q3394533,Cape Verde
http://www.wikidata.org/entity/Q12817895,Uzbekistan
http://www.wikidata.org/entity/Q12825911,Uzbekistan
http://www.wikidata.org/entity/Q12826679,Uzbekistan
http://www.wikidata.org/entity/Q3419347,Morocco
http://www.wikidata.org/entity/Q728579,Somalia
http://www.wikidata.org/entity/Q3553356,Madagascar
http://www.wikidata.org/entity/Q135472492,Indonesia
http://www.wikidata.org/entity/Q124312240,South Africa
http://www.wikidata.org/entity/Q132886044,South Africa
http://www.wikidata.org/entity/Q135107660,South Africa
http://www.wikidata.org/entity/Q124713283,Cuba
http://www.wikidata.org/entity/Q13034229,South Africa
http://www.wikidata.org/entity/Q675553,Louisiana
http://www.wikidata.org/entity/Q783874,Mauritania
http://www.wikidata.org/entity/Q846219,Korea
http://www.wikidata.org/entity/Q725011,Scandinavia
http://www.wikidata.org/entity/Q693322,Goguryeo
http://www.wikidata.org/entity/Q3512676,Andalusia
http://www.wikidata.org/entity/Q13060093,India
http://www.wikidata.org/entity/Q3477737,Mauritius
http://www.wikidata.org/entity/Q3510528,Mauritius
http://www.wikidata.org/entity/Q12499696,Singapore
http://www.wikidata.org/entity/Q12501487,Singapore
http://www.wikidata.org/entity/Q12702016,Singapore
http://www.wikidata.org/entity/Q6158987,Japan
http://www.wikidata.org/entity/Q3631657,Nigeria
http://www.wikidata.org/entity/Q3813661,Principality of Catalonia
http://www.wikidata.org/entity/Q6979961,Canada
http://www.wikidata.org/entity/Q7042753,Canada
http://www.wikidata.org/entity/Q7118426,Canada
http://www.wikidata.org/entity/Q7198347,Canada
http://www.wikidata.org/entity/Q3699386,Latin America
http://www.wikidata.org/entity/Q132508451,Chile
http://www.wikidata.org/entity/Q837389,Latin America
http://www.wikidata.org/entity/Q786815,Yugoslavia
http://www.wikidata.org/entity/Q6082625,Norway
http://www.wikidata.org/entity/Q124001752,Argentina
http://www.wikidata.org/entity/Q131535017,Argentina
http://www.wikidata.org/entity/Q135285638,Peru
http://www.wikidata.org/entity/Q136946883,Peru
http://www.wikidata.org/entity/Q140129045,Peru
http://www.wikidata.org/entity/Q12193614,Iraq
http://www.wikidata.org/entity/Q710673,Goryeo
http://www.wikidata.org/entity/Q15357587,Jamaica
http://www.wikidata.org/entity/Q15357632,Jamaica
http://www.wikidata.org/entity/Q3419350,Niger
http://www.wikidata.org/entity/Q6109162,Spain
http://www.wikidata.org/entity/Q6110311,Spain
http://www.wikidata.org/entity/Q6113614,Spain
http://www.wikidata.org/entity/Q6153333,Spain
http://www.wikidata.org/entity/Q783874,Arab world
http://www.wikidata.org/entity/Q6184945,United States
http://www.wikidata.org/entity/Q6188299,United States
http://www.wikidata.org/entity/Q6496560,Spain
http://www.wikidata.org/entity/Q7260409,Spain
http://www.wikidata.org/entity/Q12408914,Israel
http://www.wikidata.org/entity/Q12411192,Israel
http://www.wikidata.org/entity/Q135401059,India
http://www.wikidata.org/entity/Q6093324,Italy
http://www.wikidata.org/entity/Q6450040,United States
http://www.wikidata.org/entity/Q6496549,United States
http://www.wikidata.org/entity/Q6658771,United States
http://www.wikidata.org/entity/Q6689665,United States
http://www.wikidata.org/entity/Q6868046,United States
http://www.wikidata.org/entity/Q6912671,United States
http://www.wikidata.org/entity/Q6956465,United States
http://www.wikidata.org/entity/Q6979961,United States
http://www.wikidata.org/entity/Q7005181,United States
http://www.wikidata.org/entity/Q7042753,United States
http://www.wikidata.org/entity/Q7067688,United States
http://www.wikidata.org/entity/Q7085499,United States
http://www.wikidata.org/entity/Q7118426,United States
http://www.wikidata.org/entity/Q7180954,United States
http://www.wikidata.org/entity/Q7293809,United States
http://www.wikidata.org/entity/Q12499696,Malaysia
http://www.wikidata.org/entity/Q12501487,Malaysia
http://www.wikidata.org/entity/Q12701217,Malaysia
http://www.wikidata.org/entity/Q12702016,Malaysia
http://www.wikidata.org/entity/Q131005997,Venezuela
http://www.wikidata.org/entity/Q131006206,Venezuela
http://www.wikidata.org/entity/Q131302628,Venezuela
http://www.wikidata.org/entity/Q133294487,Venezuela
http://www.wikidata.org/entity/Q133709530,Venezuela
http://www.wikidata.org/entity/Q12246277,Yemen
http://www.wikidata.org/entity/Q13060093,Pakistan
http://www.wikidata.org/entity/Q131504672,Suriname
http://www.wikidata.org/entity/Q134029176,Suriname
http://www.wikidata.org/entity/Q140504059,Suriname
http://www.wikidata.org/entity/Q140566525,Suriname
http://www.wikidata.org/entity/Q140566776,Suriname
http://www.wikidata.org/entity/Q140574348,Suriname
http://www.wikidata.org/entity/Q140631552,Suriname
http://www.wikidata.org/entity/Q6026926,Turkey
http://www.wikidata.org/entity/Q6032954,Turkey
http://www.wikidata.org/entity/Q6032965,Uruguay
http://www.wikidata.org/entity/Q6036478,Mexico
http://www.wikidata.org/entity/Q6036566,Mexico
http://www.wikidata.org/entity/Q6132064,Mexico
http://www.wikidata.org/entity/Q6073487,North America
http://www.wikidata.org/entity/Q6132068,Mexico
http://www.wikidata.org/entity/Q6132074,Mexico
http://www.wikidata.org/entity/Q6132084,Mexico
http://www.wikidata.org/entity/Q6132086,Mexico
http://www.wikidata.org/entity/Q6138490,Mexico
http://www.wikidata.org/entity/Q6147820,Mexico
http://www.wikidata.org/entity/Q12219430,Saudi Arabia
http://www.wikidata.org/entity/Q12251955,Saudi Arabia
http://www.wikidata.org/entity/Q124526447,Bolivia
http://www.wikidata.org/entity/Q124545070,Bolivia
http://www.wikidata.org/entity/Q130369429,Bolivia
http://www.wikidata.org/entity/Q136646452,Bolivia
http://www.wikidata.org/entity/Q133709530,Colombia
http://www.wikidata.org/entity/Q139551738,Colombia
http://www.wikidata.org/entity/Q140463448,Israel
http://www.wikidata.org/entity/Q139551738,Dominican Republic
http://www.wikidata.org/entity/Q13018408,Thailand
http://www.wikidata.org/entity/Q13026479,Thailand
http://www.wikidata.org/entity/Q132337371,Yemen
http://www.wikidata.org/entity/Q6039799,Brazil
http://www.wikidata.org/entity/Q138327511,Myanmar
http://www.wikidata.org/entity/Q138798561,Taiwan
http://www.wikidata.org/entity/Q6026226,Indonesia
http://www.wikidata.org/entity/Q12613889,South Korea
http://www.wikidata.org/entity/Q13059993,Bangladesh
http://www.wikidata.org/entity/Q124253576,Sri Lanka
http://www.wikidata.org/entity/Q12499696,Brunei
http://www.wikidata.org/entity/Q12501487,Brunei
http://www.wikidata.org/entity/Q6036543,Argentina
http://www.wikidata.org/entity/Q6036568,Argentina
http://www.wikidata.org/entity/Q6058911,Argentina
http://www.wikidata.org/entity/Q6100580,Argentina
http://www.wikidata.org/entity/Q6153327,Argentina
http://www.wikidata.org/entity/Q6799044,Poland
http://www.wikidata.org/entity/Q7210038,Poland
http://www.wikidata.org/entity/Q7210069,Poland
http://www.wikidata.org/entity/Q6036517,Chile
http://www.wikidata.org/entity/Q6036579,Chile
http://www.wikidata.org/entity/Q6040713,Chile
http://www.wikidata.org/entity/Q6108923,Chile
http://www.wikidata.org/entity/Q6129485,Chile
http://www.wikidata.org/entity/Q12224286,Morocco
http://www.wikidata.org/entity/Q6367434,Turkey
http://www.wikidata.org/entity/Q136342829,Vietnam
http://www.wikidata.org/entity/Q12194543,Tunisia
http://www.wikidata.org/entity/Q6025503,Peru
http://www.wikidata.org/entity/Q6036427,Peru
http://www.wikidata.org/entity/Q6103404,Peru
http://www.wikidata.org/entity/Q6110296,Peru
http://www.wikidata.org/entity/Q6126881,Peru
http://www.wikidata.org/entity/Q6153818,Peru
http://www.wikidata.org/entity/Q15056301,China
http://www.wikidata.org/entity/Q124616529,Angola
http://www.wikidata.org/entity/Q137886730,Angola
http://www.wikidata.org/entity/Q138186567,Angola
http://www.wikidata.org/entity/Q6874626,Europe
http://www.wikidata.org/entity/Q6874634,Europe
http://www.wikidata.org/entity/Q7042753,Europe
http://www.wikidata.org/entity/Q12604228,Silla
http://www.wikidata.org/entity/Q138388459,Mali
http://www.wikidata.org/entity/Q6149344,Cambodia
http://www.wikidata.org/entity/Q130553967,Philippines
http://www.wikidata.org/entity/Q130467395,Tunisia
http://www.wikidata.org/entity/Q130711589,Tunisia
http://www.wikidata.org/entity/Q6050834,Venezuela
http://www.wikidata.org/entity/Q6110316,Paraguay
http://www.wikidata.org/entity/Q6168383,India
http://www.wikidata.org/entity/Q7258480,North America
http://www.wikidata.org/entity/Q6036526,Colombia
http://www.wikidata.org/entity/Q6066199,Colombia
http://www.wikidata.org/entity/Q6098469,Colombia
http://www.wikidata.org/entity/Q6153324,Colombia
http://www.wikidata.org/entity/Q7015151,United Kingdom
http://www.wikidata.org/entity/Q7067688,United Kingdom
http://www.wikidata.org/entity/Q6301761,Kenya
http://www.wikidata.org/entity/Q6392890,Kenya
http://www.wikidata.org/entity/Q136699920,Gabon
http://www.wikidata.org/entity/Q6296743,Brazil
http://www.wikidata.org/entity/Q7124405,Brazil
http://www.wikidata.org/entity/Q7260407,Brazil
http://www.wikidata.org/entity/Q123382682,Burkina Faso
http://www.wikidata.org/entity/Q6191683,People's Republic of China
http://www.wikidata.org/entity/Q131720394,Madagascar
http://www.wikidata.org/entity/Q133854160,Madagascar
http://www.wikidata.org/entity/Q136231231,Madagascar
http://www.wikidata.org/entity/Q137753347,Madagascar
http://www.wikidata.org/entity/Q139552439,Madagascar
http://www.wikidata.org/entity/Q6136664,Costa Rica
http://www.wikidata.org/entity/Q6111428,Panama
http://www.wikidata.org/entity/Q6117417,Panama
http://www.wikidata.org/entity/Q6138499,Panama
http://www.wikidata.org/entity/Q123944418,Nigeria
http://www.wikidata.org/entity/Q123945693,Nigeria
http://www.wikidata.org/entity/Q127606451,Nigeria
http://www.wikidata.org/entity/Q134584924,Nigeria
http://www.wikidata.org/entity/Q139801507,Nigeria
http://www.wikidata.org/entity/Q6169362,El Salvador
http://www.wikidata.org/entity/Q6138490,Zacatecas
http://www.wikidata.org/entity/Q135295820,Curaçao
http://www.wikidata.org/entity/Q141439026,India
http://www.wikidata.org/entity/Q132040889,Sápmi
http://www.wikidata.org/entity/Q140389135,Sápmi
http://www.wikidata.org/entity/Q6497489,Latvia
http://www.wikidata.org/entity/Q6132088,Nicaragua
http://www.wikidata.org/entity/Q6149344,Angkor
http://www.wikidata.org/entity/Q124705104,Puerto Rico
http://www.wikidata.org/entity/Q133294481,Puerto Rico
http://www.wikidata.org/entity/Q5724040,United States
http://www.wikidata.org/entity/Q5762403,United States
http://www.wikidata.org/entity/Q5881246,United States
http://www.wikidata.org/entity/Q6010117,United States
http://www.wikidata.org/entity/Q140799760,Brazil
http://www.wikidata.org/entity/Q5834708,Europe
http://www.wikidata.org/entity/Q6941917,Russia
http://www.wikidata.org/entity/Q140504059,Java
http://www.wikidata.org/entity/Q140831133,Eritrea
http://www.wikidata.org/entity/Q55529556,Japan
http://www.wikidata.org/entity/Q5716953,Spain
http://www.wikidata.org/entity/Q5717026,Spain
http://www.wikidata.org/entity/Q5747258,Spain
http://www.wikidata.org/entity/Q5747261,Spain
http://www.wikidata.org/entity/Q5970684,Spain
http://www.wikidata.org/entity/Q5979609,Spain
http://www.wikidata.org/entity/Q5747907,Uruguay
http://www.wikidata.org/entity/Q7198347,Greenland
http://www.wikidata.org/entity/Q7088779,Romania
http://www.wikidata.org/entity/Q5731395,Mexico
http://www.wikidata.org/entity/Q5731764,Mexico
http://www.wikidata.org/entity/Q5747877,Mexico
http://www.wikidata.org/entity/Q5794671,Mexico
http://www.wikidata.org/entity/Q5794680,Mexico
http://www.wikidata.org/entity/Q5794682,Mexico
http://www.wikidata.org/entity/Q65065491,England
http://www.wikidata.org/entity/Q30909062,Spain
http://www.wikidata.org/entity/Q48781411,Spain
http://www.wikidata.org/entity/Q53677895,Spain
http://www.wikidata.org/entity/Q53677903,Spain
http://www.wikidata.org/entity/Q53677911,Spain
http://www.wikidata.org/entity/Q53677919,Spain
http://www.wikidata.org/entity/Q53677925,Spain
http://www.wikidata.org/entity/Q53677927,Spain
http://www.wikidata.org/entity/Q53677931,Spain
http://www.wikidata.org/entity/Q53677938,Spain
http://www.wikidata.org/entity/Q53677940,Spain
http://www.wikidata.org/entity/Q53677944,Spain
http://www.wikidata.org/entity/Q53719487,Spain
http://www.wikidata.org/entity/Q65276678,Spain
http://www.wikidata.org/entity/Q91057397,Spain
http://www.wikidata.org/entity/Q5747874,Chile
http://www.wikidata.org/entity/Q5793032,Chile
http://www.wikidata.org/entity/Q5793654,Chile
http://www.wikidata.org/entity/Q5793656,Chile
http://www.wikidata.org/entity/Q5794674,Chile
http://www.wikidata.org/entity/Q5794676,Chile
http://www.wikidata.org/entity/Q5898237,Chile
http://www.wikidata.org/entity/Q6397421,Cuba
http://www.wikidata.org/entity/Q7070611,Algeria
http://www.wikidata.org/entity/Q7283707,Algeria
http://www.wikidata.org/entity/Q55641646,Norway
http://www.wikidata.org/entity/Q48770362,South America
http://www.wikidata.org/entity/Q141236774,Niue
http://www.wikidata.org/entity/Q31358818,Wales
http://www.wikidata.org/entity/Q48297861,Wales
http://www.wikidata.org/entity/Q6394780,Indonesia
http://www.wikidata.org/entity/Q6421060,Indonesia
http://www.wikidata.org/entity/Q5985805,Iceland
http://www.wikidata.org/entity/Q6950428,Peru
http://www.wikidata.org/entity/Q7171184,Peru
http://www.wikidata.org/entity/Q7260405,Australia
http://www.wikidata.org/entity/Q5778054,Cuba
http://www.wikidata.org/entity/Q6440913,Armenia
http://www.wikidata.org/entity/Q7122786,New Zealand
http://www.wikidata.org/entity/Q6942203,Nauru
http://www.wikidata.org/entity/Q6348907,India
http://www.wikidata.org/entity/Q6351763,India
http://www.wikidata.org/entity/Q7290060,India
http://www.wikidata.org/entity/Q5716336,Argentina
http://www.wikidata.org/entity/Q5863486,Argentina
http://www.wikidata.org/entity/Q6741049,Venezuela
http://www.wikidata.org/entity/Q5714628,Peru
http://www.wikidata.org/entity/Q5794690,Peru
http://www.wikidata.org/entity/Q54329757,United States
http://www.wikidata.org/entity/Q55415524,United States
http://www.wikidata.org/entity/Q55644985,United States
http://www.wikidata.org/entity/Q58809444,United States
http://www.wikidata.org/entity/Q60462608,United States
http://www.wikidata.org/entity/Q65089257,United States
http://www.wikidata.org/entity/Q96194931,United States
http://www.wikidata.org/entity/Q5799237,Peru
http://www.wikidata.org/entity/Q5898242,Peru
http://www.wikidata.org/entity/Q5903971,Peru
http://www.wikidata.org/entity/Q7142141,Ecuador
http://www.wikidata.org/entity/Q7142141,Colombia
http://www.wikidata.org/entity/Q6864975,Haiti
http://www.wikidata.org/entity/Q7295057,Haiti
http://www.wikidata.org/entity/Q5769376,India
http://www.wikidata.org/entity/Q6022257,India
http://www.wikidata.org/entity/Q6319299,Saint Lucia
http://www.wikidata.org/entity/Q7190617,Trinidad and Tobago
http://www.wikidata.org/entity/Q6742056,Malaysia
http://www.wikidata.org/entity/Q6742070,Malaysia
http://www.wikidata.org/entity/Q6785872,Malaysia
http://www.wikidata.org/entity/Q6956465,Hawaii
http://www.wikidata.org/entity/Q6510987,Lebanon
http://www.wikidata.org/entity/Q6480724,Laos
http://www.wikidata.org/entity/Q6480726,Laos
http://www.wikidata.org/entity/Q5730722,Venezuela
http://www.wikidata.org/entity/Q5870900,Venezuela
http://www.wikidata.org/entity/Q6378419,Iran
http://www.wikidata.org/entity/Q6425210,Nepal
http://www.wikidata.org/entity/Q31836693,Netherlands
http://www.wikidata.org/entity/Q39075405,Italy
http://www.wikidata.org/entity/Q5957561,Paraguay
http://www.wikidata.org/entity/Q54891495,Lithuania
http://www.wikidata.org/entity/Q89099707,Turkey
http://www.wikidata.org/entity/Q49096106,Sweden
http://www.wikidata.org/entity/Q70985721,Sweden
http://www.wikidata.org/entity/Q70985836,Sweden
http://www.wikidata.org/entity/Q53806314,Greece
http://www.wikidata.org/entity/Q59387411,Greece
http://www.wikidata.org/entity/Q60477130,Greece
http://www.wikidata.org/entity/Q5735613,Colombia
http://www.wikidata.org/entity/Q5753407,Colombia
http://www.wikidata.org/entity/Q5759480,Colombia
http://www.wikidata.org/entity/Q5764471,Colombia
http://www.wikidata.org/entity/Q5794983,Colombia
http://www.wikidata.org/entity/Q5886831,Colombia
http://www.wikidata.org/entity/Q5954460,Colombia
http://www.wikidata.org/entity/Q6821898,Pakistan
http://www.wikidata.org/entity/Q7125908,Pakistan
http://www.wikidata.org/entity/Q5767310,Bolivia
http://www.wikidata.org/entity/Q5799202,Bolivia
http://www.wikidata.org/entity/Q6665245,Thailand
http://www.wikidata.org/entity/Q6701559,Thailand
http://www.wikidata.org/entity/Q40488741,Uruguay
http://www.wikidata.org/entity/Q40501317,Uruguay
http://www.wikidata.org/entity/Q5964411,Vietnam
http://www.wikidata.org/entity/Q7023407,Vietnam
http://www.wikidata.org/entity/Q7023411,Vietnam
http://www.wikidata.org/entity/Q5895294,Hong Kong
http://www.wikidata.org/entity/Q7132500,Sri Lanka
http://www.wikidata.org/entity/Q6826151,Syria
http://www.wikidata.org/entity/Q5794686,El Salvador
http://www.wikidata.org/entity/Q30931016,Brazil
http://www.wikidata.org/entity/Q30934395,Brazil
http://www.wikidata.org/entity/Q48855105,Brazil
http://www.wikidata.org/entity/Q48855636,Brazil
http://www.wikidata.org/entity/Q48871578,Brazil
http://www.wikidata.org/entity/Q51882621,Brazil
http://www.wikidata.org/entity/Q56351526,Brazil
http://www.wikidata.org/entity/Q97180498,Brazil
http://www.wikidata.org/entity/Q65031097,Kenya
http://www.wikidata.org/entity/Q5765288,Polynesia
http://www.wikidata.org/entity/Q6419747,Afghanistan
http://www.wikidata.org/entity/Q60722009,France
http://www.wikidata.org/entity/Q5783033,Panama
http://www.wikidata.org/entity/Q5765288,Cook Islands
http://www.wikidata.org/entity/Q6003760,Cook Islands
http://www.wikidata.org/entity/Q48297861,United Kingdom
http://www.wikidata.org/entity/Q60462608,United Kingdom
http://www.wikidata.org/entity/Q95469495,United Kingdom
http://www.wikidata.org/entity/Q6431989,South Korea
http://www.wikidata.org/entity/Q6432024,South Korea
http://www.wikidata.org/entity/Q5747258,Latin America
http://www.wikidata.org/entity/Q5625934,Sweden
http://www.wikidata.org/entity/Q6442578,Guinea
http://www.wikidata.org/entity/Q5602044,Greece
http://www.wikidata.org/entity/Q5421158,United States
http://www.wikidata.org/entity/Q5464464,United States
http://www.wikidata.org/entity/Q5464474,United States
http://www.wikidata.org/entity/Q5466607,United States
http://www.wikidata.org/entity/Q5477103,United States
http://www.wikidata.org/entity/Q5612172,United States
http://www.wikidata.org/entity/Q6496560,Latin America
http://www.wikidata.org/entity/Q5501660,Canada
http://www.wikidata.org/entity/Q5529053,Turkey
http://www.wikidata.org/entity/Q65177809,Russia
http://www.wikidata.org/entity/Q94499224,Russia
http://www.wikidata.org/entity/Q6793820,Libya
http://www.wikidata.org/entity/Q6873842,Libya
http://www.wikidata.org/entity/Q6366462,Philippines
http://www.wikidata.org/entity/Q6749708,Philippines
http://www.wikidata.org/entity/Q7196456,Philippines
http://www.wikidata.org/entity/Q65204373,Belarus
http://www.wikidata.org/entity/Q31174954,Indonesia
http://www.wikidata.org/entity/Q56244093,Indonesia
http://www.wikidata.org/entity/Q56414588,Indonesia
http://www.wikidata.org/entity/Q63973609,Indonesia
http://www.wikidata.org/entity/Q65209820,Indonesia
http://www.wikidata.org/entity/Q65210341,Indonesia
http://www.wikidata.org/entity/Q65210670,Indonesia
http://www.wikidata.org/entity/Q65211748,Indonesia
http://www.wikidata.org/entity/Q65211993,Indonesia
http://www.wikidata.org/entity/Q70275981,Indonesia
http://www.wikidata.org/entity/Q97216998,Indonesia
http://www.wikidata.org/entity/Q5612172,Mexico
http://www.wikidata.org/entity/Q5643998,Mexico
http://www.wikidata.org/entity/Q5690818,Mexico
http://www.wikidata.org/entity/Q87270951,Bulgaria
http://www.wikidata.org/entity/Q6784085,Soviet Union
http://www.wikidata.org/entity/Q63064412,Croatia
http://www.wikidata.org/entity/Q7245792,China
http://www.wikidata.org/entity/Q7077860,Odisha
http://www.wikidata.org/entity/Q7260408,Yugoslavia
http://www.wikidata.org/entity/Q5418947,Ghana
http://www.wikidata.org/entity/Q7050752,Nordic countries
http://www.wikidata.org/entity/Q6694797,Tibet
http://www.wikidata.org/entity/Q6727621,Ancient India
http://www.wikidata.org/entity/Q6537469,Lesser Antilles
http://www.wikidata.org/entity/Q5464445,United Kingdom
http://www.wikidata.org/entity/Q5510816,United Kingdom
http://www.wikidata.org/entity/Q5655695,United Kingdom
http://www.wikidata.org/entity/Q7122786,Melanesia
http://www.wikidata.org/entity/Q7127417,Palestine
http://www.wikidata.org/entity/Q5640528,People's Republic of China
http://www.wikidata.org/entity/Q7122786,Polynesia
http://www.wikidata.org/entity/Q5501840,France
http://www.wikidata.org/entity/Q5502044,France
http://www.wikidata.org/entity/Q5502126,France
http://www.wikidata.org/entity/Q5502277,France
http://www.wikidata.org/entity/Q5646383,Cuba
http://www.wikidata.org/entity/Q85741139,South Africa
http://www.wikidata.org/entity/Q30904272,Argentina
http://www.wikidata.org/entity/Q59389199,Argentina
http://www.wikidata.org/entity/Q5520004,Indonesia
http://www.wikidata.org/entity/Q5520007,Indonesia
http://www.wikidata.org/entity/Q5520010,Indonesia
http://www.wikidata.org/entity/Q5520013,Indonesia
http://www.wikidata.org/entity/Q5520015,Indonesia
http://www.wikidata.org/entity/Q5520017,Indonesia
http://www.wikidata.org/entity/Q5520018,Indonesia
http://www.wikidata.org/entity/Q5520021,Indonesia
http://www.wikidata.org/entity/Q5520022,Indonesia
http://www.wikidata.org/entity/Q5658489,Brazil
http://www.wikidata.org/entity/Q97159655,Algeria
http://www.wikidata.org/entity/Q61998611,Peru
http://www.wikidata.org/entity/Q97171241,Peru
http://www.wikidata.org/entity/Q19815286,Japan
http://www.wikidata.org/entity/Q28342195,Japan
http://www.wikidata.org/entity/Q48723594,India
http://www.wikidata.org/entity/Q55593233,India
http://www.wikidata.org/entity/Q93258199,India
http://www.wikidata.org/entity/Q96761277,India
http://www.wikidata.org/entity/Q25616123,Ireland
http://www.wikidata.org/entity/Q63197384,Bolivia
http://www.wikidata.org/entity/Q97171241,Bolivia
http://www.wikidata.org/entity/Q59351462,North Korea
http://www.wikidata.org/entity/Q18345375,Spain
http://www.wikidata.org/entity/Q19366417,Spain
http://www.wikidata.org/entity/Q20016989,Spain
http://www.wikidata.org/entity/Q20021568,Spain
http://www.wikidata.org/entity/Q20108528,Spain
http://www.wikidata.org/entity/Q23834771,Spain
http://www.wikidata.org/entity/Q25579315,Spain
http://www.wikidata.org/entity/Q26280189,Spain
http://www.wikidata.org/entity/Q28502454,Spain
http://www.wikidata.org/entity/Q30902501,Spain
http://www.wikidata.org/entity/Q5449121,India
http://www.wikidata.org/entity/Q5449126,India
http://www.wikidata.org/entity/Q5515214,India
http://www.wikidata.org/entity/Q18345375,United States
http://www.wikidata.org/entity/Q18358879,United States
http://www.wikidata.org/entity/Q18393891,United States
http://www.wikidata.org/entity/Q19672555,United States
http://www.wikidata.org/entity/Q21327441,United States
http://www.wikidata.org/entity/Q22991878,United States
http://www.wikidata.org/entity/Q24189851,United States
http://www.wikidata.org/entity/Q24887126,United States
http://www.wikidata.org/entity/Q25099691,United States
http://www.wikidata.org/entity/Q28328303,United States
http://www.wikidata.org/entity/Q28342195,United States
http://www.wikidata.org/entity/Q28401124,United States
http://www.wikidata.org/entity/Q30593639,United States
http://www.wikidata.org/entity/Q30638997,United States
http://www.wikidata.org/entity/Q30688859,United States
http://www.wikidata.org/entity/Q61065236,Iran
http://www.wikidata.org/entity/Q5707612,Argentina
http://www.wikidata.org/entity/Q5445668,Peru
http://www.wikidata.org/entity/Q5643186,Peru
http://www.wikidata.org/entity/Q5676196,Peru
http://www.wikidata.org/entity/Q5693170,Peru
http://www.wikidata.org/entity/Q49001554,Nepal
http://www.wikidata.org/entity/Q55642856,Nepal
http://www.wikidata.org/entity/Q5448207,Bahrain
http://www.wikidata.org/entity/Q5662534,Ecuador
http://www.wikidata.org/entity/Q5610389,Trinidad and Tobago
http://www.wikidata.org/entity/Q61127902,Vietnam
http://www.wikidata.org/entity/Q65066576,Niger
http://www.wikidata.org/entity/Q56244093,Saudi Arabia
http://www.wikidata.org/entity/Q63122412,Saudi Arabia
http://www.wikidata.org/entity/Q30912564,Taiwan
http://www.wikidata.org/entity/Q5431448,Tuvalu
http://www.wikidata.org/entity/Q5518471,Colombia
http://www.wikidata.org/entity/Q5639747,Haiti
http://www.wikidata.org/entity/Q5639767,Haiti
http://www.wikidata.org/entity/Q94951462,Auvergne
http://www.wikidata.org/entity/Q5684704,Iran
http://www.wikidata.org/entity/Q56872586,Curaçao
http://www.wikidata.org/entity/Q65275479,Baekje
http://www.wikidata.org/entity/Q5583956,The Bahamas
http://www.wikidata.org/entity/Q5614327,Guatemala
http://www.wikidata.org/entity/Q61127698,Yugoslavia
http://www.wikidata.org/entity/Q48941193,Soviet Union
http://www.wikidata.org/entity/Q5449125,Pakistan
http://www.wikidata.org/entity/Q5449126,Pakistan
http://www.wikidata.org/entity/Q56244093,Middle East
http://www.wikidata.org/entity/Q5431633,Tajikistan
http://www.wikidata.org/entity/Q21234489,Italy
http://www.wikidata.org/entity/Q25110142,Italy
http://www.wikidata.org/entity/Q5619688,Taiwan
http://www.wikidata.org/entity/Q11992876,Norway
http://www.wikidata.org/entity/Q12007812,Norway
http://www.wikidata.org/entity/Q5618068,Guinea-Bissau
http://www.wikidata.org/entity/Q5418947,Togo
http://www.wikidata.org/entity/Q5480212,Sierra Leone
http://www.wikidata.org/entity/Q5618068,Sierra Leone
http://www.wikidata.org/entity/Q5480212,Liberia
http://www.wikidata.org/entity/Q94639707,Gascony
http://www.wikidata.org/entity/Q65212418,Catalan countries
http://www.wikidata.org/entity/Q10334896,Spain
http://www.wikidata.org/entity/Q11907705,Spain
http://www.wikidata.org/entity/Q11911997,Spain
http://www.wikidata.org/entity/Q11922159,Spain
http://www.wikidata.org/entity/Q65943851,Brixton
http://www.wikidata.org/entity/Q18690116,Finland
http://www.wikidata.org/entity/Q28721502,Finland
http://www.wikidata.org/entity/Q65271568,Lâm Ấp
http://www.wikidata.org/entity/Q10312897,Japan
http://www.wikidata.org/entity/Q11307326,Japan
http://www.wikidata.org/entity/Q11319232,Japan
http://www.wikidata.org/entity/Q11325235,Japan
http://www.wikidata.org/entity/Q11410717,Japan
http://www.wikidata.org/entity/Q11565463,Japan
http://www.wikidata.org/entity/Q11660484,Japan
http://www.wikidata.org/entity/Q11660625,Japan
http://www.wikidata.org/entity/Q11320601,United States
http://www.wikidata.org/entity/Q11888699,Finland
http://www.wikidata.org/entity/Q11890008,Finland
http://www.wikidata.org/entity/Q11894761,Finland
http://www.wikidata.org/entity/Q18345375,Portugal
http://www.wikidata.org/entity/Q19754215,Portugal
http://www.wikidata.org/entity/Q2404891,Canada
http://www.wikidata.org/entity/Q2447797,Canada
http://www.wikidata.org/entity/Q5433431,Lesotho
http://www.wikidata.org/entity/Q5418947,Benin
http://www.wikidata.org/entity/Q24935256,Uruguay
http://www.wikidata.org/entity/Q2456019,Japan
http://www.wikidata.org/entity/Q2465085,Japan
http://www.wikidata.org/entity/Q2484587,Japan
http://www.wikidata.org/entity/Q10604890,Sweden
http://www.wikidata.org/entity/Q25101770,Mexico
http://www.wikidata.org/entity/Q28501777,Mexico
http://www.wikidata.org/entity/Q11741414,Poland
http://www.wikidata.org/entity/Q11817196,Poland
http://www.wikidata.org/entity/Q18342587,Europe
http://www.wikidata.org/entity/Q28342195,Europe
http://www.wikidata.org/entity/Q21427887,France
http://www.wikidata.org/entity/Q26234147,France
http://www.wikidata.org/entity/Q25230739,Egypt
http://www.wikidata.org/entity/Q10466674,Denmark
http://www.wikidata.org/entity/Q18393891,United Kingdom
http://www.wikidata.org/entity/Q19938910,United Kingdom
http://www.wikidata.org/entity/Q20021059,United Kingdom
http://www.wikidata.org/entity/Q24887126,United Kingdom
http://www.wikidata.org/entity/Q25094849,United Kingdom
http://www.wikidata.org/entity/Q29480448,United Kingdom
http://www.wikidata.org/entity/Q30593639,United Kingdom
http://www.wikidata.org/entity/Q2478478,England
http://www.wikidata.org/entity/Q2614533,England
http://www.wikidata.org/entity/Q2866725,Spain
http://www.wikidata.org/entity/Q2525544,Ireland
http://www.wikidata.org/entity/Q2385862,United States
http://www.wikidata.org/entity/Q2404568,United States
http://www.wikidata.org/entity/Q2426383,United States
http://www.wikidata.org/entity/Q2456210,United States
http://www.wikidata.org/entity/Q2461933,United States
http://www.wikidata.org/entity/Q2467817,United States
http://www.wikidata.org/entity/Q2517263,United States
http://www.wikidata.org/entity/Q2519962,United States
http://www.wikidata.org/entity/Q2521569,United States
http://www.wikidata.org/entity/Q2526653,United States
http://www.wikidata.org/entity/Q2529400,United States
http://www.wikidata.org/entity/Q2537356,United States
http://www.wikidata.org/entity/Q2545135,United States
http://www.wikidata.org/entity/Q2551540,United States
http://www.wikidata.org/entity/Q2572585,United States
http://www.wikidata.org/entity/Q2603965,United States
http://www.wikidata.org/entity/Q2626684,United States
http://www.wikidata.org/entity/Q2697917,United States
http://www.wikidata.org/entity/Q2702280,United States
http://www.wikidata.org/entity/Q2706919,United States
http://www.wikidata.org/entity/Q2715283,United States
http://www.wikidata.org/entity/Q2736181,United States
http://www.wikidata.org/entity/Q2742436,United States
http://www.wikidata.org/entity/Q2743435,United States
http://www.wikidata.org/entity/Q2746494,United States
http://www.wikidata.org/entity/Q2746831,United States
http://www.wikidata.org/entity/Q2748817,United States
http://www.wikidata.org/entity/Q10265571,Portugal
http://www.wikidata.org/entity/Q10335288,Portugal
http://www.wikidata.org/entity/Q11876050,Portugal
http://www.wikidata.org/entity/Q11903204,France
http://www.wikidata.org/entity/Q10932272,Mexico
http://www.wikidata.org/entity/Q11693017,United Kingdom
http://www.wikidata.org/entity/Q18242331,Brazil
http://www.wikidata.org/entity/Q18464783,Brazil
http://www.wikidata.org/entity/Q18465009,Brazil
http://www.wikidata.org/entity/Q18466722,Brazil
http://www.wikidata.org/entity/Q19708604,Brazil
http://www.wikidata.org/entity/Q20716146,Brazil
http://www.wikidata.org/entity/Q25419286,Brazil
http://www.wikidata.org/entity/Q25448883,Brazil
http://www.wikidata.org/entity/Q9300201,Brazil
http://www.wikidata.org/entity/Q9668561,Brazil
http://www.wikidata.org/entity/Q10260594,Brazil
http://www.wikidata.org/entity/Q10283571,Brazil
http://www.wikidata.org/entity/Q10283582,Brazil
http://www.wikidata.org/entity/Q10283583,Brazil
http://www.wikidata.org/entity/Q10283584,Brazil
http://www.wikidata.org/entity/Q10285947,Brazil
http://www.wikidata.org/entity/Q10285948,Brazil
http://www.wikidata.org/entity/Q10286190,Brazil
http://www.wikidata.org/entity/Q10286515,Brazil
http://www.wikidata.org/entity/Q10292943,Brazil
http://www.wikidata.org/entity/Q10301862,Brazil
http://www.wikidata.org/entity/Q10316114,Brazil
http://www.wikidata.org/entity/Q10324896,Brazil
http://www.wikidata.org/entity/Q10331354,Brazil
http://www.wikidata.org/entity/Q10334895,Brazil
http://www.wikidata.org/entity/Q10334898,Brazil
http://www.wikidata.org/entity/Q10343541,Brazil
http://www.wikidata.org/entity/Q10351563,Brazil
http://www.wikidata.org/entity/Q10352317,Brazil
http://www.wikidata.org/entity/Q10354439,Brazil
http://www.wikidata.org/entity/Q10363599,Brazil
http://www.wikidata.org/entity/Q10363654,Brazil
http://www.wikidata.org/entity/Q10367216,Brazil
http://www.wikidata.org/entity/Q10367217,Brazil
http://www.wikidata.org/entity/Q10367218,Brazil
http://www.wikidata.org/entity/Q10367219,Brazil
http://www.wikidata.org/entity/Q10367220,Brazil
http://www.wikidata.org/entity/Q10367221,Brazil
http://www.wikidata.org/entity/Q10367222,Brazil
http://www.wikidata.org/entity/Q10367223,Brazil
http://www.wikidata.org/entity/Q10367224,Brazil
http://www.wikidata.org/entity/Q10367225,Brazil
http://www.wikidata.org/entity/Q10367226,Brazil
http://www.wikidata.org/entity/Q10367246,Brazil
http://www.wikidata.org/entity/Q10367249,Brazil
http://www.wikidata.org/entity/Q10367259,Brazil
http://www.wikidata.org/entity/Q10370216,Brazil
http://www.wikidata.org/entity/Q10370558,Brazil
http://www.wikidata.org/entity/Q10378015,Brazil
http://www.wikidata.org/entity/Q10387147,Brazil
http://www.wikidata.org/entity/Q10389097,Brazil
http://www.wikidata.org/entity/Q18406550,Russia
http://www.wikidata.org/entity/Q28458027,Russia
http://www.wikidata.org/entity/Q9384895,People's Republic of China
http://www.wikidata.org/entity/Q10366208,People's Republic of China
http://www.wikidata.org/entity/Q11064735,People's Republic of China
http://www.wikidata.org/entity/Q19901725,Ukraine
http://www.wikidata.org/entity/Q25483671,Bulgaria
http://www.wikidata.org/entity/Q19860267,Kazakhstan
http://www.wikidata.org/entity/Q28055053,Kazakhstan
http://www.wikidata.org/entity/Q19729536,Indonesia
http://www.wikidata.org/entity/Q20427333,Indonesia
http://www.wikidata.org/entity/Q25629962,Indonesia
http://www.wikidata.org/entity/Q2398226,Sweden
http://www.wikidata.org/entity/Q2532560,Sweden
http://www.wikidata.org/entity/Q2682013,Sweden
http://www.wikidata.org/entity/Q23925185,Cuba
http://www.wikidata.org/entity/Q2473848,Belgium
http://www.wikidata.org/entity/Q25705835,South Africa
http://www.wikidata.org/entity/Q29973057,South Africa
http://www.wikidata.org/entity/Q2640307,Austria
http://www.wikidata.org/entity/Q28196971,Armenia
http://www.wikidata.org/entity/Q2385862,Europe
http://www.wikidata.org/entity/Q2456210,Europe
http://www.wikidata.org/entity/Q2608506,Europe
http://www.wikidata.org/entity/Q2736181,Europe
http://www.wikidata.org/entity/Q2884829,Europe
http://www.wikidata.org/entity/Q2464833,Turkey
http://www.wikidata.org/entity/Q2537800,Turkey
http://www.wikidata.org/entity/Q18582315,Chile
http://www.wikidata.org/entity/Q21064844,Chile
http://www.wikidata.org/entity/Q21480567,Chile
http://www.wikidata.org/entity/Q2702280,Italy
http://www.wikidata.org/entity/Q20656222,Argentina
http://www.wikidata.org/entity/Q21003309,Argentina
http://www.wikidata.org/entity/Q2558340,Netherlands
http://www.wikidata.org/entity/Q2639210,Netherlands
http://www.wikidata.org/entity/Q2812726,Mexico
http://www.wikidata.org/entity/Q2843815,Mexico
http://www.wikidata.org/entity/Q20018165,Colombia
http://www.wikidata.org/entity/Q21997160,Colombia
http://www.wikidata.org/entity/Q25413973,Colombia
http://www.wikidata.org/entity/Q28017865,Colombia
http://www.wikidata.org/entity/Q28502375,Colombia
http://www.wikidata.org/entity/Q28517114,Colombia
http://www.wikidata.org/entity/Q20047305,Australia
http://www.wikidata.org/entity/Q25204037,Guatemala
http://www.wikidata.org/entity/Q2737175,France
http://www.wikidata.org/entity/Q25456501,Malaysia
http://www.wikidata.org/entity/Q2406633,United Kingdom
http://www.wikidata.org/entity/Q2428625,United Kingdom
http://www.wikidata.org/entity/Q2465085,United Kingdom
http://www.wikidata.org/entity/Q2526653,United Kingdom
http://www.wikidata.org/entity/Q2532560,United Kingdom
http://www.wikidata.org/entity/Q2545135,United Kingdom
http://www.wikidata.org/entity/Q2566660,United Kingdom
http://www.wikidata.org/entity/Q2607836,United Kingdom
http://www.wikidata.org/entity/Q2687544,United Kingdom
http://www.wikidata.org/entity/Q2702280,United Kingdom
http://www.wikidata.org/entity/Q2710523,United Kingdom
http://www.wikidata.org/entity/Q2866725,United Kingdom
http://www.wikidata.org/entity/Q25620807,Nepal
http://www.wikidata.org/entity/Q30632442,Benin
http://www.wikidata.org/entity/Q2464314,Brazil
http://www.wikidata.org/entity/Q2631396,Brazil
http://www.wikidata.org/entity/Q2863648,Brazil
http://www.wikidata.org/entity/Q2879962,Brazil
http://www.wikidata.org/entity/Q2481591,People's Republic of China
http://www.wikidata.org/entity/Q2598050,People's Republic of China
http://www.wikidata.org/entity/Q12154808,Ukraine
http://www.wikidata.org/entity/Q25091767,Democratic Republic of the Congo
http://www.wikidata.org/entity/Q25093633,Madagascar
http://www.wikidata.org/entity/Q28154356,Uganda
http://www.wikidata.org/entity/Q10973951,Indonesia
http://www.wikidata.org/entity/Q10979284,Indonesia
http://www.wikidata.org/entity/Q11215782,Indonesia
http://www.wikidata.org/entity/Q10363610,Bosnia and Herzegovina
http://www.wikidata.org/entity/Q11912270,Andorra
http://www.wikidata.org/entity/Q23019151,Morocco
http://www.wikidata.org/entity/Q2532274,Germany
http://www.wikidata.org/entity/Q2420447,Cuba
http://www.wikidata.org/entity/Q10970468,Bolivia
http://www.wikidata.org/entity/Q25099472,Nigeria
http://www.wikidata.org/entity/Q2624785,Russia
http://www.wikidata.org/entity/Q25393943,Somalia
http://www.wikidata.org/entity/Q11773109,Peru
http://www.wikidata.org/entity/Q2798694,South Africa
http://www.wikidata.org/entity/Q11223087,Iran
http://www.wikidata.org/entity/Q2509521,Peru
http://www.wikidata.org/entity/Q2738178,Peru
http://www.wikidata.org/entity/Q2886472,Peru
http://www.wikidata.org/entity/Q2744144,Algeria
http://www.wikidata.org/entity/Q2447826,Uzbekistan
http://www.wikidata.org/entity/Q10366208,Taiwan
http://www.wikidata.org/entity/Q10915563,Taiwan
http://www.wikidata.org/entity/Q25702508,Curaçao
http://www.wikidata.org/entity/Q10757361,Vietnam
http://www.wikidata.org/entity/Q10770871,Vietnam
http://www.wikidata.org/entity/Q10801090,Vietnam
http://www.wikidata.org/entity/Q10801097,Vietnam
http://www.wikidata.org/entity/Q10831132,Vietnam
http://www.wikidata.org/entity/Q10836741,Vietnam
http://www.wikidata.org/entity/Q2879857,Argentina
http://www.wikidata.org/entity/Q20427186,Joseon
http://www.wikidata.org/entity/Q2835411,Chile
http://www.wikidata.org/entity/Q21653344,Kingdom of England
http://www.wikidata.org/entity/Q19860267,Soviet Union
http://www.wikidata.org/entity/Q2879857,Bolivia
http://www.wikidata.org/entity/Q19754215,Kingdom of Portugal
http://www.wikidata.org/entity/Q1433387,Japan
http://www.wikidata.org/entity/Q1683348,Japan
http://www.wikidata.org/entity/Q20104443,Catalan countries
http://www.wikidata.org/entity/Q2406900,Haiti
http://www.wikidata.org/entity/Q2726026,Haiti
http://www.wikidata.org/entity/Q29425426,Kingdom of Hawaiʻi
http://www.wikidata.org/entity/Q11835427,Bohemia
http://www.wikidata.org/entity/Q18345375,Ibero-America
http://www.wikidata.org/entity/Q1640319,Canada
http://www.wikidata.org/entity/Q1661924,Canada
http://www.wikidata.org/entity/Q11912270,Catalonia
http://www.wikidata.org/entity/Q1452181,Spain
http://www.wikidata.org/entity/Q1550501,Spain
http://www.wikidata.org/entity/Q1636684,Spain
http://www.wikidata.org/entity/Q2738544,Israel
http://www.wikidata.org/entity/Q11693803,Seychelles
http://www.wikidata.org/entity/Q11262541,Ryukyu Kingdom
http://www.wikidata.org/entity/Q11489003,Ryukyu Kingdom
http://www.wikidata.org/entity/Q11637117,Ryukyu Kingdom
http://www.wikidata.org/entity/Q1621467,Norway
http://www.wikidata.org/entity/Q2835456,Nigeria
http://www.wikidata.org/entity/Q2891921,Cape Verde
http://www.wikidata.org/entity/Q9849206,Kingdom of Kongo
http://www.wikidata.org/entity/Q1615483,United States
http://www.wikidata.org/entity/Q1620079,United States
http://www.wikidata.org/entity/Q1640319,United States
http://www.wikidata.org/entity/Q1641839,United States
http://www.wikidata.org/entity/Q1643549,United States
http://www.wikidata.org/entity/Q1650296,United States
http://www.wikidata.org/entity/Q1658757,United States
http://www.wikidata.org/entity/Q1661924,United States
http://www.wikidata.org/entity/Q1684501,United States
http://www.wikidata.org/entity/Q1702909,United States
http://www.wikidata.org/entity/Q1730388,United States
http://www.wikidata.org/entity/Q1737332,United States
http://www.wikidata.org/entity/Q1773654,United States
http://www.wikidata.org/entity/Q10970468,Moxo people
http://www.wikidata.org/entity/Q1430045,United States
http://www.wikidata.org/entity/Q1430587,United States
http://www.wikidata.org/entity/Q1432934,United States
http://www.wikidata.org/entity/Q1433387,United States
http://www.wikidata.org/entity/Q1460303,United States
http://www.wikidata.org/entity/Q1477428,United States
http://www.wikidata.org/entity/Q1490170,United States
http://www.wikidata.org/entity/Q1500364,United States
http://www.wikidata.org/entity/Q1515757,United States
http://www.wikidata.org/entity/Q1521688,United States
http://www.wikidata.org/entity/Q1530455,United States
http://www.wikidata.org/entity/Q1541229,United States
http://www.wikidata.org/entity/Q1567032,United States
http://www.wikidata.org/entity/Q11911994,Valencian Community
http://www.wikidata.org/entity/Q2635155,Morocco
http://www.wikidata.org/entity/Q2447747,Vietnam
http://www.wikidata.org/entity/Q2509521,Viceroyalty of Peru
http://www.wikidata.org/entity/Q2656325,Tibet
http://www.wikidata.org/entity/Q2797513,China
http://www.wikidata.org/entity/Q2875011,Kingdom of England
http://www.wikidata.org/entity/Q106561159,Belgium
http://www.wikidata.org/entity/Q106577108,Belgium
http://www.wikidata.org/entity/Q106298881,United States
http://www.wikidata.org/entity/Q2662148,Celtic nations
http://www.wikidata.org/entity/Q106493832,Lithuania
http://www.wikidata.org/entity/Q2748579,Ottoman Empire
http://www.wikidata.org/entity/Q2886774,Ottoman Empire
http://www.wikidata.org/entity/Q106343615,Greece
http://www.wikidata.org/entity/Q2744144,Emirate of Granada
http://www.wikidata.org/entity/Q2447747,Tran dynasty
http://www.wikidata.org/entity/Q106556293,Portugal
http://www.wikidata.org/entity/Q1762761,Finland
http://www.wikidata.org/entity/Q1432540,Italy
http://www.wikidata.org/entity/Q1636684,Italy
http://www.wikidata.org/entity/Q106130091,United Kingdom
http://www.wikidata.org/entity/Q106522080,United Kingdom
http://www.wikidata.org/entity/Q1692318,Portugal
http://www.wikidata.org/entity/Q106527826,Suriname
http://www.wikidata.org/entity/Q1621467,Sweden
http://www.wikidata.org/entity/Q1775316,Sweden
http://www.wikidata.org/entity/Q106239244,Bulgaria
http://www.wikidata.org/entity/Q1460303,Europe
http://www.wikidata.org/entity/Q1524296,Europe
http://www.wikidata.org/entity/Q1661924,Europe
http://www.wikidata.org/entity/Q1752801,Europe
http://www.wikidata.org/entity/Q890575,Canada
http://www.wikidata.org/entity/Q932977,Canada
http://www.wikidata.org/entity/Q1076092,Canada
http://www.wikidata.org/entity/Q1425661,United Kingdom
http://www.wikidata.org/entity/Q1431327,United Kingdom
http://www.wikidata.org/entity/Q1435509,United Kingdom
http://www.wikidata.org/entity/Q1455292,United Kingdom
http://www.wikidata.org/entity/Q1460303,United Kingdom
http://www.wikidata.org/entity/Q1490170,United Kingdom
http://www.wikidata.org/entity/Q1538805,United Kingdom
http://www.wikidata.org/entity/Q1540495,United Kingdom
http://www.wikidata.org/entity/Q1585015,United Kingdom
http://www.wikidata.org/entity/Q1585075,United Kingdom
http://www.wikidata.org/entity/Q1640319,United Kingdom
http://www.wikidata.org/entity/Q1702909,United Kingdom
http://www.wikidata.org/entity/Q1750088,United Kingdom
http://www.wikidata.org/entity/Q1751409,United Kingdom
http://www.wikidata.org/entity/Q1756101,United Kingdom
http://www.wikidata.org/entity/Q873478,Japan
http://www.wikidata.org/entity/Q901610,Japan
http://www.wikidata.org/entity/Q1046920,Japan
http://www.wikidata.org/entity/Q1055871,Japan
http://www.wikidata.org/entity/Q1564596,Kenya
http://www.wikidata.org/entity/Q1079270,Ireland
http://www.wikidata.org/entity/Q1092553,Ireland
http://www.wikidata.org/entity/Q1619932,Ghana
http://www.wikidata.org/entity/Q874038,United States
http://www.wikidata.org/entity/Q876171,United States
http://www.wikidata.org/entity/Q877693,United States
http://www.wikidata.org/entity/Q885943,United States
http://www.wikidata.org/entity/Q888612,United States
http://www.wikidata.org/entity/Q890575,United States
http://www.wikidata.org/entity/Q892958,United States
http://www.wikidata.org/entity/Q898530,United States
http://www.wikidata.org/entity/Q906647,United States
http://www.wikidata.org/entity/Q916387,United States
http://www.wikidata.org/entity/Q928825,United States
http://www.wikidata.org/entity/Q932977,United States
http://www.wikidata.org/entity/Q936573,United States
http://www.wikidata.org/entity/Q965635,United States
http://www.wikidata.org/entity/Q966564,United States
http://www.wikidata.org/entity/Q969663,United States
http://www.wikidata.org/entity/Q972424,United States
http://www.wikidata.org/entity/Q997481,United States
http://www.wikidata.org/entity/Q1026089,United States
http://www.wikidata.org/entity/Q1045541,United States
http://www.wikidata.org/entity/Q1046801,United States
http://www.wikidata.org/entity/Q1046838,United States
http://www.wikidata.org/entity/Q1071873,United States
http://www.wikidata.org/entity/Q1071961,United States
http://www.wikidata.org/entity/Q1076092,United States
http://www.wikidata.org/entity/Q1092553,United States
http://www.wikidata.org/entity/Q1092837,United States
http://www.wikidata.org/entity/Q1100989,United States
http://www.wikidata.org/entity/Q1121111,United States
http://www.wikidata.org/entity/Q1123745,United States
http://www.wikidata.org/entity/Q1127539,United States
http://www.wikidata.org/entity/Q958982,Spain
http://www.wikidata.org/entity/Q1436228,France
http://www.wikidata.org/entity/Q1455292,France
http://www.wikidata.org/entity/Q1455487,France
http://www.wikidata.org/entity/Q1610196,France
http://www.wikidata.org/entity/Q1636684,France
http://www.wikidata.org/entity/Q106590078,Israel
http://www.wikidata.org/entity/Q106560663,Puerto Rico
http://www.wikidata.org/entity/Q1435485,Brazil
http://www.wikidata.org/entity/Q1455932,Brazil
http://www.wikidata.org/entity/Q1484821,Brazil
http://www.wikidata.org/entity/Q1499839,Brazil
http://www.wikidata.org/entity/Q1634085,Brazil
http://www.wikidata.org/entity/Q1692318,Brazil
http://www.wikidata.org/entity/Q1753071,Brazil
http://www.wikidata.org/entity/Q1759189,Brazil
http://www.wikidata.org/entity/Q106368518,Galicia
http://www.wikidata.org/entity/Q1430587,Germany
http://www.wikidata.org/entity/Q1495855,Germany
http://www.wikidata.org/entity/Q1427690,Latvia
http://www.wikidata.org/entity/Q1428470,Croatia
http://www.wikidata.org/entity/Q1474372,Azerbaijan
http://www.wikidata.org/entity/Q888137,Finland
http://www.wikidata.org/entity/Q1051575,Finland
http://www.wikidata.org/entity/Q1452401,Malta
http://www.wikidata.org/entity/Q1552806,Cuba
http://www.wikidata.org/entity/Q1744659,Cuba
http://www.wikidata.org/entity/Q888137,Sweden
http://www.wikidata.org/entity/Q988502,Lithuania
http://www.wikidata.org/entity/Q930592,Italy
http://www.wikidata.org/entity/Q944800,Italy
http://www.wikidata.org/entity/Q1048249,Italy
http://www.wikidata.org/entity/Q959583,Europe
http://www.wikidata.org/entity/Q1027999,Europe
http://www.wikidata.org/entity/Q1076092,Europe
http://www.wikidata.org/entity/Q1100989,Europe
http://www.wikidata.org/entity/Q1493069,Indonesia
http://www.wikidata.org/entity/Q1737691,Indonesia
http://www.wikidata.org/entity/Q903735,Netherlands
http://www.wikidata.org/entity/Q915152,Netherlands
http://www.wikidata.org/entity/Q942955,Uruguay
http://www.wikidata.org/entity/Q963061,Ghana
http://www.wikidata.org/entity/Q1062328,France
http://www.wikidata.org/entity/Q888612,United Kingdom
http://www.wikidata.org/entity/Q898530,United Kingdom
http://www.wikidata.org/entity/Q903735,United Kingdom
http://www.wikidata.org/entity/Q915152,United Kingdom
http://www.wikidata.org/entity/Q918542,United Kingdom
http://www.wikidata.org/entity/Q936942,United Kingdom
http://www.wikidata.org/entity/Q940462,United Kingdom
http://www.wikidata.org/entity/Q968730,United Kingdom
http://www.wikidata.org/entity/Q1051843,United Kingdom
http://www.wikidata.org/entity/Q1054490,United Kingdom
http://www.wikidata.org/entity/Q1079270,United Kingdom
http://www.wikidata.org/entity/Q1092553,United Kingdom
http://www.wikidata.org/entity/Q1102161,United Kingdom
http://www.wikidata.org/entity/Q1429121,Argentina
http://www.wikidata.org/entity/Q1632601,Argentina
http://www.wikidata.org/entity/Q1574985,Colombia
http://www.wikidata.org/entity/Q907799,Mexico
http://www.wikidata.org/entity/Q1606591,Jamaica
http://www.wikidata.org/entity/Q1064810,People's Republic of China
http://www.wikidata.org/entity/Q942955,Brazil
http://www.wikidata.org/entity/Q1036183,Brazil
http://www.wikidata.org/entity/Q1046768,Brazil
http://www.wikidata.org/entity/Q1076539,Brazil
http://www.wikidata.org/entity/Q1125678,Brazil
http://www.wikidata.org/entity/Q1672398,Iran
http://www.wikidata.org/entity/Q896513,Germany
http://www.wikidata.org/entity/Q903735,Germany
http://www.wikidata.org/entity/Q915152,Germany
http://www.wikidata.org/entity/Q959583,Germany
http://www.wikidata.org/entity/Q989478,Germany
http://www.wikidata.org/entity/Q1753803,Thailand
http://www.wikidata.org/entity/Q1753803,Laos
http://www.wikidata.org/entity/Q976802,Cuba
http://www.wikidata.org/entity/Q1125657,Cuba
http://www.wikidata.org/entity/Q1752683,Democratic Republic of the Congo
http://www.wikidata.org/entity/Q1492977,The Gambia
http://www.wikidata.org/entity/Q1752683,Republic of the Congo
http://www.wikidata.org/entity/Q968165,Belize
http://www.wikidata.org/entity/Q1470503,Angola
http://www.wikidata.org/entity/Q1597549,Angola
http://www.wikidata.org/entity/Q1564596,Tanzania
http://www.wikidata.org/entity/Q942955,Argentina
http://www.wikidata.org/entity/Q1060475,Argentina
http://www.wikidata.org/entity/Q106839582,Japan
http://www.wikidata.org/entity/Q107044696,Japan
http://www.wikidata.org/entity/Q108297234,Japan
http://www.wikidata.org/entity/Q108430097,Japan
http://www.wikidata.org/entity/Q110391587,Japan
http://www.wikidata.org/entity/Q1662181,Socialist Republic of Bosnia and Herzegovina
http://www.wikidata.org/entity/Q1622261,Latin America
http://www.wikidata.org/entity/Q1061165,Colombia
http://www.wikidata.org/entity/Q1457545,Scandinavia
http://www.wikidata.org/entity/Q956717,South Africa
http://www.wikidata.org/entity/Q115171191,Northern Ireland
http://www.wikidata.org/entity/Q108866112,Wales
http://www.wikidata.org/entity/Q1051735,Trinidad and Tobago
http://www.wikidata.org/entity/Q1090048,Trinidad and Tobago
http://www.wikidata.org/entity/Q898709,Detroit
http://www.wikidata.org/entity/Q959583,Scandinavia
http://www.wikidata.org/entity/Q970409,Scandinavia
http://www.wikidata.org/entity/Q107266605,Spain
http://www.wikidata.org/entity/Q109272409,Spain
http://www.wikidata.org/entity/Q111297626,Spain
http://www.wikidata.org/entity/Q970409,Australia
http://www.wikidata.org/entity/Q110874730,Hungary
http://www.wikidata.org/entity/Q115741204,Hungary
http://www.wikidata.org/entity/Q956883,Karnataka
http://www.wikidata.org/entity/Q108665706,United States
http://www.wikidata.org/entity/Q109382160,United States
http://www.wikidata.org/entity/Q111133884,United States
http://www.wikidata.org/entity/Q115200681,United States
http://www.wikidata.org/entity/Q116148184,United States
http://www.wikidata.org/entity/Q16894831,Norway
http://www.wikidata.org/entity/Q1109947,Jamaica
http://www.wikidata.org/entity/Q1113204,Jamaica
http://www.wikidata.org/entity/Q936552,Tunisia
http://www.wikidata.org/entity/Q16148439,Scotland
http://www.wikidata.org/entity/Q16845069,Scotland
http://www.wikidata.org/entity/Q1089050,Latin America
http://www.wikidata.org/entity/Q106634246,Ireland
http://www.wikidata.org/entity/Q115171191,Ireland
http://www.wikidata.org/entity/Q16837290,Spain
http://www.wikidata.org/entity/Q16096634,Japan
http://www.wikidata.org/entity/Q16821210,Japan
http://www.wikidata.org/entity/Q17070464,Japan
http://www.wikidata.org/entity/Q16253331,Hungary
http://www.wikidata.org/entity/Q15697534,United States
http://www.wikidata.org/entity/Q15733887,United States
http://www.wikidata.org/entity/Q16829781,United States
http://www.wikidata.org/entity/Q16873176,United States
http://www.wikidata.org/entity/Q17045843,United States
http://www.wikidata.org/entity/Q17176205,United States
http://www.wikidata.org/entity/Q17747244,United States
http://www.wikidata.org/entity/Q18217098,United States
http://www.wikidata.org/entity/Q111028408,Italy
http://www.wikidata.org/entity/Q113082312,Italy
http://www.wikidata.org/entity/Q16532947,Italy
http://www.wikidata.org/entity/Q16556369,Italy
http://www.wikidata.org/entity/Q15931253,Greece
http://www.wikidata.org/entity/Q106602422,Sweden
http://www.wikidata.org/entity/Q106634944,Sweden
http://www.wikidata.org/entity/Q115890848,Sweden
http://www.wikidata.org/entity/Q16148439,Ireland
http://www.wikidata.org/entity/Q16733731,Ghana
http://www.wikidata.org/entity/Q16942070,Mexico
http://www.wikidata.org/entity/Q17086313,Mexico
http://www.wikidata.org/entity/Q107100828,Austria
http://www.wikidata.org/entity/Q113129799,Austria
http://www.wikidata.org/entity/Q112663444,Belgium
http://www.wikidata.org/entity/Q106810831,Greece
http://www.wikidata.org/entity/Q17058526,People's Republic of China
http://www.wikidata.org/entity/Q108665706,Mexico
http://www.wikidata.org/entity/Q115482626,Mexico
http://www.wikidata.org/entity/Q108107635,France
http://www.wikidata.org/entity/Q113509746,France
http://www.wikidata.org/entity/Q15974722,France
http://www.wikidata.org/entity/Q16855754,France
http://www.wikidata.org/entity/Q107229142,Turkey
http://www.wikidata.org/entity/Q107267643,Turkey
http://www.wikidata.org/entity/Q106634926,Netherlands
http://www.wikidata.org/entity/Q114238485,Netherlands
http://www.wikidata.org/entity/Q106876903,United Kingdom
http://www.wikidata.org/entity/Q106926325,Brazil
http://www.wikidata.org/entity/Q108167943,Brazil
http://www.wikidata.org/entity/Q108297247,Brazil
http://www.wikidata.org/entity/Q109466271,Brazil
http://www.wikidata.org/entity/Q114799579,Brazil
http://www.wikidata.org/entity/Q15893013,Brazil
http://www.wikidata.org/entity/Q16497280,Brazil
http://www.wikidata.org/entity/Q17002468,Brazil
http://www.wikidata.org/entity/Q16937368,Russia
http://www.wikidata.org/entity/Q16937368,Belarus
http://www.wikidata.org/entity/Q16408598,Estonia
http://www.wikidata.org/entity/Q110874774,Germany
http://www.wikidata.org/entity/Q111192422,Germany
http://www.wikidata.org/entity/Q15975701,Slovenia
http://www.wikidata.org/entity/Q16152327,Ukraine
http://www.wikidata.org/entity/Q16937368,Ukraine
http://www.wikidata.org/entity/Q16357920,North Macedonia
http://www.wikidata.org/entity/Q108757333,Russia
http://www.wikidata.org/entity/Q113332645,Russia
http://www.wikidata.org/entity/Q17091278,Romania
http://www.wikidata.org/entity/Q110207937,Indonesia
http://www.wikidata.org/entity/Q16115207,Croatia
http://www.wikidata.org/entity/Q106810831,Cyprus
http://www.wikidata.org/entity/Q113834417,Algeria
http://www.wikidata.org/entity/Q111687854,Peru
http://www.wikidata.org/entity/Q116158395,Peru
http://www.wikidata.org/entity/Q111291052,Ukraine
http://www.wikidata.org/entity/Q113332645,Ukraine
http://www.wikidata.org/entity/Q113025278,Georgia
http://www.wikidata.org/entity/Q16357920,Montenegro
http://www.wikidata.org/entity/Q16357920,Albania
http://www.wikidata.org/entity/Q17153632,Albania
http://www.wikidata.org/entity/Q109406661,Chile
http://www.wikidata.org/entity/Q17111414,South Africa
http://www.wikidata.org/entity/Q17146868,South Africa
http://www.wikidata.org/entity/Q16625777,Argentina
http://www.wikidata.org/entity/Q16637770,Argentina
http://www.wikidata.org/entity/Q16979361,Argentina
http://www.wikidata.org/entity/Q108177317,New Zealand
http://www.wikidata.org/entity/Q16291117,Algeria
http://www.wikidata.org/entity/Q107033631,Mongolia
http://www.wikidata.org/entity/Q113016323,Mongolia
http://www.wikidata.org/entity/Q15830404,Cuba
http://www.wikidata.org/entity/Q16986699,Cuba
http://www.wikidata.org/entity/Q16993565,Peru
http://www.wikidata.org/entity/Q17049926,Peru
http://www.wikidata.org/entity/Q17996401,Peru
http://www.wikidata.org/entity/Q113186482,India
http://www.wikidata.org/entity/Q115858975,India
http://www.wikidata.org/entity/Q18110001,Azerbaijan
http://www.wikidata.org/entity/Q18205078,Azerbaijan
http://www.wikidata.org/entity/Q15974722,Brittany
http://www.wikidata.org/entity/Q109311605,Argentina
http://www.wikidata.org/entity/Q18170752,Chile
http://www.wikidata.org/entity/Q115776141,Fiji
http://www.wikidata.org/entity/Q115812361,Fiji
http://www.wikidata.org/entity/Q107414547,Suriname
http://www.wikidata.org/entity/Q107414578,Suriname
http://www.wikidata.org/entity/Q107641327,Suriname
http://www.wikidata.org/entity/Q107641917,Suriname
http://www.wikidata.org/entity/Q108032157,Suriname
http://www.wikidata.org/entity/Q113563595,Suriname
http://www.wikidata.org/entity/Q15720097,India
http://www.wikidata.org/entity/Q16056349,India
http://www.wikidata.org/entity/Q16909209,India
http://www.wikidata.org/entity/Q16965849,India
http://www.wikidata.org/entity/Q17051846,India
http://www.wikidata.org/entity/Q17070226,India
http://www.wikidata.org/entity/Q109406646,Bolivia
http://www.wikidata.org/entity/Q16250593,Australia
http://www.wikidata.org/entity/Q17000631,Australia
http://www.wikidata.org/entity/Q16801007,Mongolia
http://www.wikidata.org/entity/Q109050954,Myanmar
http://www.wikidata.org/entity/Q109050964,Myanmar
http://www.wikidata.org/entity/Q112610153,Taiwan
http://www.wikidata.org/entity/Q108807661,Jamaica
http://www.wikidata.org/entity/Q16582392,Venezuela
http://www.wikidata.org/entity/Q16947034,Venezuela
http://www.wikidata.org/entity/Q17079948,Venezuela
http://www.wikidata.org/entity/Q111209369,Iraq
http://www.wikidata.org/entity/Q109538574,Vietnam
http://www.wikidata.org/entity/Q111209370,Vietnam
http://www.wikidata.org/entity/Q111212208,Vietnam
http://www.wikidata.org/entity/Q16587550,Colombia
http://www.wikidata.org/entity/Q16594955,Colombia
http://www.wikidata.org/entity/Q17623202,Colombia
http://www.wikidata.org/entity/Q111042466,Nepal
http://www.wikidata.org/entity/Q115858975,Bangladesh
http://www.wikidata.org/entity/Q17048822,Tuvalu
http://www.wikidata.org/entity/Q17048829,Tuvalu
http://www.wikidata.org/entity/Q17004167,Haiti
http://www.wikidata.org/entity/Q17077948,Haiti
http://www.wikidata.org/entity/Q16491869,Dominican Republic
http://www.wikidata.org/entity/Q111209368,Saudi Arabia
http://www.wikidata.org/entity/Q16250948,Yemen
http://www.wikidata.org/entity/Q115612369,Cameroon
http://www.wikidata.org/entity/Q107443116,Democratic Republic of the Congo
http://www.wikidata.org/entity/Q106594523,Latin America
http://www.wikidata.org/entity/Q108297204,Zimbabwe
http://www.wikidata.org/entity/Q107539904,Soviet Union
http://www.wikidata.org/entity/Q110226234,Soviet Union
http://www.wikidata.org/entity/Q106807843,Morocco
http://www.wikidata.org/entity/Q111209367,Afghanistan
http://www.wikidata.org/entity/Q107040857,Puerto Rico
http://www.wikidata.org/entity/Q116192789,Réunion
http://www.wikidata.org/entity/Q113436747,Sápmi
http://www.wikidata.org/entity/Q113496771,Sápmi
http://www.wikidata.org/entity/Q113496934,Sápmi
http://www.wikidata.org/entity/Q106654137,Benin
http://www.wikidata.org/entity/Q108575656,Benin
http://www.wikidata.org/entity/Q108651047,Benin
http://www.wikidata.org/entity/Q17065399,Thailand
http://www.wikidata.org/entity/Q17108006,Zimbabwe
http://www.wikidata.org/entity/Q17108017,Zimbabwe
http://www.wikidata.org/entity/Q106876075,Dutch Caribbean
http://www.wikidata.org/entity/Q16615430,Nicaragua
http://www.wikidata.org/entity/Q16941867,Nicaragua
http://www.wikidata.org/entity/Q16163845,South Korea
http://www.wikidata.org/entity/Q1778129,United States
http://www.wikidata.org/entity/Q1784106,United States
http://www.wikidata.org/entity/Q1785028,United States
http://www.wikidata.org/entity/Q1798870,United States
http://www.wikidata.org/entity/Q1801496,United States
http://www.wikidata.org/entity/Q1878514,United States
http://www.wikidata.org/entity/Q1899347,United States
http://www.wikidata.org/entity/Q1913888,United States
http://www.wikidata.org/entity/Q1929352,United States
http://www.wikidata.org/entity/Q1937548,United States
http://www.wikidata.org/entity/Q1954953,United States
http://www.wikidata.org/entity/Q1983116,United States
http://www.wikidata.org/entity/Q1995569,United States
http://www.wikidata.org/entity/Q2004156,United States
http://www.wikidata.org/entity/Q2022163,United States
http://www.wikidata.org/entity/Q2035976,United States
http://www.wikidata.org/entity/Q2043175,United States
http://www.wikidata.org/entity/Q2045695,United States
http://www.wikidata.org/entity/Q2089987,United States
http://www.wikidata.org/entity/Q2090023,United States
http://www.wikidata.org/entity/Q2104067,United States
http://www.wikidata.org/entity/Q2225757,United States
http://www.wikidata.org/entity/Q2238236,United States
http://www.wikidata.org/entity/Q2256407,United States
http://www.wikidata.org/entity/Q2261628,United States
http://www.wikidata.org/entity/Q2266376,United States
http://www.wikidata.org/entity/Q2268922,United States
http://www.wikidata.org/entity/Q2280497,United States
http://www.wikidata.org/entity/Q110934693,Libya
http://www.wikidata.org/entity/Q107000797,Korea
http://www.wikidata.org/entity/Q16977816,Morocco
http://www.wikidata.org/entity/Q17630580,Morocco
http://www.wikidata.org/entity/Q16530953,Madagascar
http://www.wikidata.org/entity/Q17050023,Malaysia
http://www.wikidata.org/entity/Q1784106,Canada
http://www.wikidata.org/entity/Q2076779,Japan
http://www.wikidata.org/entity/Q16029081,Nepal
http://www.wikidata.org/entity/Q16531329,Cameroon
http://www.wikidata.org/entity/Q16724491,Scandinavia
http://www.wikidata.org/entity/Q17108262,Uganda
http://www.wikidata.org/entity/Q16681686,Ancient Greece
http://www.wikidata.org/entity/Q18204859,Nigeria
http://www.wikidata.org/entity/Q16875726,Rwanda
http://www.wikidata.org/entity/Q16357920,Kosovo
http://www.wikidata.org/entity/Q3098078,Japan
http://www.wikidata.org/entity/Q3117305,Japan
http://www.wikidata.org/entity/Q3008122,Norway
http://www.wikidata.org/entity/Q15724280,Odisha
http://www.wikidata.org/entity/Q16180065,Fifth Republic of South Korea
http://www.wikidata.org/entity/Q16180065,Fourth Republic of South Korea
http://www.wikidata.org/entity/Q2956164,Canada
http://www.wikidata.org/entity/Q3135794,Canada
http://www.wikidata.org/entity/Q3066180,Scotland
http://www.wikidata.org/entity/Q3094259,Scotland
http://www.wikidata.org/entity/Q2924151,Spain
http://www.wikidata.org/entity/Q2994332,Spain
http://www.wikidata.org/entity/Q3048168,Spain
http://www.wikidata.org/entity/Q3327514,Spain
http://www.wikidata.org/entity/Q3392209,Spain
http://www.wikidata.org/entity/Q16184076,Goryeo
http://www.wikidata.org/entity/Q15917095,China
http://www.wikidata.org/entity/Q2963337,United States
http://www.wikidata.org/entity/Q2991840,United States
http://www.wikidata.org/entity/Q2997058,United States
http://www.wikidata.org/entity/Q3032212,United States
http://www.wikidata.org/entity/Q3056538,United States
http://www.wikidata.org/entity/Q3108920,United States
http://www.wikidata.org/entity/Q3111428,United States
http://www.wikidata.org/entity/Q3116754,United States
http://www.wikidata.org/entity/Q3135787,United States
http://www.wikidata.org/entity/Q3163340,United States
http://www.wikidata.org/entity/Q3296134,United States
http://www.wikidata.org/entity/Q1890098,Belgium
http://www.wikidata.org/entity/Q1913888,Belgium
http://www.wikidata.org/entity/Q1915787,Belgium
http://www.wikidata.org/entity/Q1784032,Sweden
http://www.wikidata.org/entity/Q1810546,Turkey
http://www.wikidata.org/entity/Q1878514,Europe
http://www.wikidata.org/entity/Q1931555,Europe
http://www.wikidata.org/entity/Q2225757,Europe
http://www.wikidata.org/entity/Q2102553,Poland
http://www.wikidata.org/entity/Q2076779,Denmark
http://www.wikidata.org/entity/Q2087267,Greece
http://www.wikidata.org/entity/Q1936659,Netherlands
http://www.wikidata.org/entity/Q1973965,Netherlands
http://www.wikidata.org/entity/Q2047814,Netherlands
http://www.wikidata.org/entity/Q2097664,Netherlands
http://www.wikidata.org/entity/Q2101808,Netherlands
http://www.wikidata.org/entity/Q2138639,Netherlands
http://www.wikidata.org/entity/Q2241518,Netherlands
http://www.wikidata.org/entity/Q3084222,Belgium
http://www.wikidata.org/entity/Q3328678,Belgium
http://www.wikidata.org/entity/Q2907334,France
http://www.wikidata.org/entity/Q2915789,France
http://www.wikidata.org/entity/Q2936886,France
http://www.wikidata.org/entity/Q2956178,France
http://www.wikidata.org/entity/Q2956201,France
http://www.wikidata.org/entity/Q3021144,France
http://www.wikidata.org/entity/Q3083000,France
http://www.wikidata.org/entity/Q3192617,France
http://www.wikidata.org/entity/Q3328590,France
http://www.wikidata.org/entity/Q3328687,France
http://www.wikidata.org/entity/Q2988851,Finland
http://www.wikidata.org/entity/Q1781796,France
http://www.wikidata.org/entity/Q2002705,France
http://www.wikidata.org/entity/Q3025242,Portugal
http://www.wikidata.org/entity/Q3135807,Portugal
http://www.wikidata.org/entity/Q1780056,Mexico
http://www.wikidata.org/entity/Q1797650,Mexico
http://www.wikidata.org/entity/Q2956201,Netherlands
http://www.wikidata.org/entity/Q3084222,Netherlands
http://www.wikidata.org/entity/Q1872505,United Kingdom
http://www.wikidata.org/entity/Q1899347,United Kingdom
http://www.wikidata.org/entity/Q1913888,United Kingdom
http://www.wikidata.org/entity/Q1928583,United Kingdom
http://www.wikidata.org/entity/Q1982973,United Kingdom
http://www.wikidata.org/entity/Q1987980,United Kingdom
http://www.wikidata.org/entity/Q1990122,United Kingdom
http://www.wikidata.org/entity/Q1995980,United Kingdom
http://www.wikidata.org/entity/Q2004156,United Kingdom
http://www.wikidata.org/entity/Q2082572,United Kingdom
http://www.wikidata.org/entity/Q2084353,United Kingdom
http://www.wikidata.org/entity/Q2089511,United Kingdom
http://www.wikidata.org/entity/Q2181965,United Kingdom
http://www.wikidata.org/entity/Q2187392,United Kingdom
http://www.wikidata.org/entity/Q2266376,United Kingdom
http://www.wikidata.org/entity/Q2280273,United Kingdom
http://www.wikidata.org/entity/Q3089524,Mexico
http://www.wikidata.org/entity/Q2910735,United Kingdom
http://www.wikidata.org/entity/Q3066180,United Kingdom
http://www.wikidata.org/entity/Q3083000,United Kingdom
http://www.wikidata.org/entity/Q3116754,United Kingdom
http://www.wikidata.org/entity/Q3231749,United Kingdom
http://www.wikidata.org/entity/Q2936879,Brazil
http://www.wikidata.org/entity/Q3135796,Brazil
http://www.wikidata.org/entity/Q3179786,Brazil
http://www.wikidata.org/entity/Q3360459,Brazil
http://www.wikidata.org/entity/Q1931130,Brazil
http://www.wikidata.org/entity/Q1958247,Brazil
http://www.wikidata.org/entity/Q1958273,Brazil
http://www.wikidata.org/entity/Q1891685,Russia
http://www.wikidata.org/entity/Q2902385,Germany
http://www.wikidata.org/entity/Q3084222,Germany
http://www.wikidata.org/entity/Q3389124,Germany
http://www.wikidata.org/entity/Q1795903,Germany
http://www.wikidata.org/entity/Q1913888,Germany
http://www.wikidata.org/entity/Q2101613,Germany
http://www.wikidata.org/entity/Q2118402,Germany
http://www.wikidata.org/entity/Q3228974,Estonia
http://www.wikidata.org/entity/Q3160589,Indonesia
http://www.wikidata.org/entity/Q3181943,Indonesia
http://www.wikidata.org/entity/Q3274667,Indonesia
http://www.wikidata.org/entity/Q2138543,Romania
http://www.wikidata.org/entity/Q1884689,Indonesia
http://www.wikidata.org/entity/Q1930107,Indonesia
http://www.wikidata.org/entity/Q1914924,South Africa
http://www.wikidata.org/entity/Q2070102,Azerbaijan
http://www.wikidata.org/entity/Q2956468,Algeria
http://www.wikidata.org/entity/Q2961766,Algeria
http://www.wikidata.org/entity/Q3128751,Algeria
http://www.wikidata.org/entity/Q3141414,Algeria
http://www.wikidata.org/entity/Q3328694,Algeria
http://www.wikidata.org/entity/Q3163340,Cuba
http://www.wikidata.org/entity/Q2178442,Suriname
http://www.wikidata.org/entity/Q1785243,Mongolia
http://www.wikidata.org/entity/Q3349990,Croatia
http://www.wikidata.org/entity/Q1973860,India
http://www.wikidata.org/entity/Q1790876,Cuba
http://www.wikidata.org/entity/Q2137519,Australia
http://www.wikidata.org/entity/Q1815364,Cameroon
http://www.wikidata.org/entity/Q2069651,Ukraine
http://www.wikidata.org/entity/Q3091180,Uzbekistan
http://www.wikidata.org/entity/Q2109360,Puerto Rico
http://www.wikidata.org/entity/Q2159891,Mozambique
http://www.wikidata.org/entity/Q1781796,Mauritius
http://www.wikidata.org/entity/Q2140842,Republic of Venice
http://www.wikidata.org/entity/Q3334664,India
http://www.wikidata.org/entity/Q3346909,India
http://www.wikidata.org/entity/Q1871532,Aruba
http://www.wikidata.org/entity/Q3106448,Argentina
http://www.wikidata.org/entity/Q2000173,Morocco
http://www.wikidata.org/entity/Q3106448,Bolivia
http://www.wikidata.org/entity/Q3106448,Chile
http://www.wikidata.org/entity/Q2932658,Trinidad and Tobago
http://www.wikidata.org/entity/Q3365745,Trinidad and Tobago
http://www.wikidata.org/entity/Q3192842,New Zealand
http://www.wikidata.org/entity/Q3106448,Peru
http://www.wikidata.org/entity/Q3141879,Peru
http://www.wikidata.org/entity/Q2118393,German Democratic Republic
http://www.wikidata.org/entity/Q3069904,Colombia
http://www.wikidata.org/entity/Q2932658,Dominica
http://www.wikidata.org/entity/Q2932658,Haiti
http://www.wikidata.org/entity/Q3191747,Haiti
http://www.wikidata.org/entity/Q3333303,Haiti
http://www.wikidata.org/entity/Q2281409,United States
http://www.wikidata.org/entity/Q2324411,United States
http://www.wikidata.org/entity/Q2336819,United States
http://www.wikidata.org/entity/Q2344472,United States
http://www.wikidata.org/entity/Q2342263,Japan
http://www.wikidata.org/entity/Q1817297,Tibet
http://www.wikidata.org/entity/Q1871532,Curaçao
http://www.wikidata.org/entity/Q3346909,Bangladesh
http://www.wikidata.org/entity/Q3091180,Tajikistan
http://www.wikidata.org/entity/Q1868278,Scandinavia
http://www.wikidata.org/entity/Q3135801,Serbia
http://www.wikidata.org/entity/Q3349990,Serbia
http://www.wikidata.org/entity/Q3328764,Thailand
http://www.wikidata.org/entity/Q1871532,Kingdom of the Netherlands
http://www.wikidata.org/entity/Q2343562,Italy
http://www.wikidata.org/entity/Q2342263,France
http://www.wikidata.org/entity/Q2343562,France
http://www.wikidata.org/entity/Q2299227,Netherlands
http://www.wikidata.org/entity/Q2344472,Europe
http://www.wikidata.org/entity/Q3135791,Ivory Coast
http://www.wikidata.org/entity/Q2302695,Germany
http://www.wikidata.org/entity/Q2304103,Germany
http://www.wikidata.org/entity/Q2342263,Germany
http://www.wikidata.org/entity/Q2281409,United Kingdom
http://www.wikidata.org/entity/Q2346991,United Kingdom
http://www.wikidata.org/entity/Q2374619,United Kingdom
http://www.wikidata.org/entity/Q3328781,Tunisia
http://www.wikidata.org/entity/Q3293102,Senegal
http://www.wikidata.org/entity/Q2329445,Tunisia
http://www.wikidata.org/entity/Q1793004,Kurdistan
http://www.wikidata.org/entity/Q2340395,Australia
http://www.wikidata.org/entity/Q2982341,Cape Verde
http://www.wikidata.org/entity/Q3090876,Cape Verde
http://www.wikidata.org/entity/Q3135799,Togo
http://www.wikidata.org/entity/Q2961759,Morocco
http://www.wikidata.org/entity/Q3337361,Morocco
http://www.wikidata.org/entity/Q2893435,Abbasid Caliphate
http://www.wikidata.org/entity/Q116952929,Japan
http://www.wikidata.org/entity/Q117031611,Japan
http://www.wikidata.org/entity/Q117561364,Japan
http://www.wikidata.org/entity/Q2307786,Viceroyalty of Peru
http://www.wikidata.org/entity/Q123177120,Canada
http://www.wikidata.org/entity/Q3388814,Philippines
http://www.wikidata.org/entity/Q116483739,Spain
http://www.wikidata.org/entity/Q120403950,Spain
http://www.wikidata.org/entity/Q1190485,Canada
http://www.wikidata.org/entity/Q1403744,Canada
http://www.wikidata.org/entity/Q120413103,Italy
http://www.wikidata.org/entity/Q116897627,Austria
http://www.wikidata.org/entity/Q3048168,Catalan countries
http://www.wikidata.org/entity/Q3347279,Occitania
http://www.wikidata.org/entity/Q3345491,British Raj
http://www.wikidata.org/entity/Q1132152,Japan
http://www.wikidata.org/entity/Q1207347,Japan
http://www.wikidata.org/entity/Q1298934,Japan
http://www.wikidata.org/entity/Q1348260,Japan
http://www.wikidata.org/entity/Q1418683,Japan
http://www.wikidata.org/entity/Q116782420,Mexico
http://www.wikidata.org/entity/Q122818238,Mexico
http://www.wikidata.org/entity/Q121160612,Armenia
http://www.wikidata.org/entity/Q119820709,Brazil
http://www.wikidata.org/entity/Q117353741,France
http://www.wikidata.org/entity/Q3305039,Maghreb
http://www.wikidata.org/entity/Q2994332,Latin America
http://www.wikidata.org/entity/Q2343030,Curaçao
http://www.wikidata.org/entity/Q116974285,India
http://www.wikidata.org/entity/Q120209068,India
http://www.wikidata.org/entity/Q1151259,Spain
http://www.wikidata.org/entity/Q1227093,Spain
http://www.wikidata.org/entity/Q1232283,Spain
http://www.wikidata.org/entity/Q1413570,Spain
http://www.wikidata.org/entity/Q116782420,Colombia
http://www.wikidata.org/entity/Q117261741,Benin
http://www.wikidata.org/entity/Q117261805,Benin
http://www.wikidata.org/entity/Q121170607,Benin
http://www.wikidata.org/entity/Q116285483,Burkina Faso
http://www.wikidata.org/entity/Q116210851,Argentina
http://www.wikidata.org/entity/Q117074058,Nigeria
http://www.wikidata.org/entity/Q117198196,Nigeria
http://www.wikidata.org/entity/Q1132152,United States
http://www.wikidata.org/entity/Q1136331,United States
http://www.wikidata.org/entity/Q1139136,United States
http://www.wikidata.org/entity/Q1151663,United States
http://www.wikidata.org/entity/Q1164252,United States
http://www.wikidata.org/entity/Q1166321,United States
http://www.wikidata.org/entity/Q1190485,United States
http://www.wikidata.org/entity/Q1190565,United States
http://www.wikidata.org/entity/Q1196752,United States
http://www.wikidata.org/entity/Q1253172,United States
http://www.wikidata.org/entity/Q1262781,United States
http://www.wikidata.org/entity/Q1269729,United States
http://www.wikidata.org/entity/Q1271752,United States
http://www.wikidata.org/entity/Q1307555,United States
http://www.wikidata.org/entity/Q1317816,United States
http://www.wikidata.org/entity/Q1371364,United States
http://www.wikidata.org/entity/Q1379958,United States
http://www.wikidata.org/entity/Q1391336,United States
http://www.wikidata.org/entity/Q1399695,United States
http://www.wikidata.org/entity/Q7310665,Japan
http://www.wikidata.org/entity/Q121306892,Sápmi
http://www.wikidata.org/entity/Q117873051,British Raj
http://www.wikidata.org/entity/Q7832290,Scotland
http://www.wikidata.org/entity/Q7482056,Ireland
http://www.wikidata.org/entity/Q7832290,Ireland
http://www.wikidata.org/entity/Q8192992,Spain
http://www.wikidata.org/entity/Q8261759,Spain
http://www.wikidata.org/entity/Q8770312,Spain
http://www.wikidata.org/entity/Q8774180,Spain
http://www.wikidata.org/entity/Q9009342,Spain
http://www.wikidata.org/entity/Q9014988,Spain
http://www.wikidata.org/entity/Q9031318,Spain
http://www.wikidata.org/entity/Q9034560,Spain
http://www.wikidata.org/entity/Q9034625,Spain
http://www.wikidata.org/entity/Q9048257,Spain
http://www.wikidata.org/entity/Q7573410,Spain
http://www.wikidata.org/entity/Q7676784,Spain
http://www.wikidata.org/entity/Q1403744,Belgium
http://www.wikidata.org/entity/Q7397088,United States
http://www.wikidata.org/entity/Q7397641,United States
http://www.wikidata.org/entity/Q7405759,United States
http://www.wikidata.org/entity/Q7541786,United States
http://www.wikidata.org/entity/Q7542391,United States
http://www.wikidata.org/entity/Q7672468,United States
http://www.wikidata.org/entity/Q7832321,United States
http://www.wikidata.org/entity/Q7858125,United States
http://www.wikidata.org/entity/Q8061059,United States
http://www.wikidata.org/entity/Q8347620,United States
http://www.wikidata.org/entity/Q9078960,United States
http://www.wikidata.org/entity/Q1270332,Denmark
http://www.wikidata.org/entity/Q1328560,Sweden
http://www.wikidata.org/entity/Q1337973,Switzerland
http://www.wikidata.org/entity/Q1399566,Switzerland
http://www.wikidata.org/entity/Q1399566,Austria
http://www.wikidata.org/entity/Q1185390,Poland
http://www.wikidata.org/entity/Q1379958,Poland
http://www.wikidata.org/entity/Q1195630,Italy
http://www.wikidata.org/entity/Q1243254,Italy
http://www.wikidata.org/entity/Q1339027,Italy
http://www.wikidata.org/entity/Q7654953,Sweden
http://www.wikidata.org/entity/Q7655004,Sweden
http://www.wikidata.org/entity/Q1141686,Europe
http://www.wikidata.org/entity/Q1166158,Europe
http://www.wikidata.org/entity/Q1166197,Europe
http://www.wikidata.org/entity/Q1190485,Europe
http://www.wikidata.org/entity/Q1307555,Europe
http://www.wikidata.org/entity/Q1374731,Europe
http://www.wikidata.org/entity/Q7672468,Europe
http://www.wikidata.org/entity/Q8032087,Europe
http://www.wikidata.org/entity/Q1265050,Netherlands
http://www.wikidata.org/entity/Q7901502,Uruguay
http://www.wikidata.org/entity/Q7901509,Uruguay
http://www.wikidata.org/entity/Q1136331,Mexico
http://www.wikidata.org/entity/Q1162954,France
http://www.wikidata.org/entity/Q1403744,France
http://www.wikidata.org/entity/Q7560584,Mexico
http://www.wikidata.org/entity/Q7560612,Mexico
http://www.wikidata.org/entity/Q7692752,Mexico
http://www.wikidata.org/entity/Q7801106,Mexico
http://www.wikidata.org/entity/Q8210150,Mexico
http://www.wikidata.org/entity/Q9030802,Mexico
http://www.wikidata.org/entity/Q9081689,Mexico
http://www.wikidata.org/entity/Q7535166,Greece
http://www.wikidata.org/entity/Q7855391,Turkey
http://www.wikidata.org/entity/Q7684951,Egypt
http://www.wikidata.org/entity/Q7770873,France
http://www.wikidata.org/entity/Q1133657,United Kingdom
http://www.wikidata.org/entity/Q1136331,United Kingdom
http://www.wikidata.org/entity/Q1141081,United Kingdom
http://www.wikidata.org/entity/Q1147692,United Kingdom
http://www.wikidata.org/entity/Q1151260,United Kingdom
http://www.wikidata.org/entity/Q1165777,United Kingdom
http://www.wikidata.org/entity/Q1166321,United Kingdom
http://www.wikidata.org/entity/Q1166726,United Kingdom
http://www.wikidata.org/entity/Q1190565,United Kingdom
http://www.wikidata.org/entity/Q1262781,United Kingdom
http://www.wikidata.org/entity/Q1273641,United Kingdom
http://www.wikidata.org/entity/Q1277532,United Kingdom
http://www.wikidata.org/entity/Q1298934,United Kingdom
http://www.wikidata.org/entity/Q1307555,United Kingdom
http://www.wikidata.org/entity/Q1317816,United Kingdom
http://www.wikidata.org/entity/Q1335569,United Kingdom
http://www.wikidata.org/entity/Q7624424,Brazil
http://www.wikidata.org/entity/Q7690640,Brazil
http://www.wikidata.org/entity/Q8251828,Brazil
http://www.wikidata.org/entity/Q7397641,United Kingdom
http://www.wikidata.org/entity/Q7439349,United Kingdom
http://www.wikidata.org/entity/Q9011351,United Kingdom
http://www.wikidata.org/entity/Q7541571,Slovakia
http://www.wikidata.org/entity/Q7311227,Indonesia
http://www.wikidata.org/entity/Q7315815,Indonesia
http://www.wikidata.org/entity/Q7636849,Indonesia
http://www.wikidata.org/entity/Q7362666,Romania
http://www.wikidata.org/entity/Q1130969,Brazil
http://www.wikidata.org/entity/Q1136331,Brazil
http://www.wikidata.org/entity/Q1145867,Brazil
http://www.wikidata.org/entity/Q1335045,Brazil
http://www.wikidata.org/entity/Q1413061,Brazil
http://www.wikidata.org/entity/Q7541854,Slovenia
http://www.wikidata.org/entity/Q7561291,Cuba
http://www.wikidata.org/entity/Q7565881,South Africa
http://www.wikidata.org/entity/Q8044009,South Africa
http://www.wikidata.org/entity/Q9051042,Chile
http://www.wikidata.org/entity/Q9051102,Argentina
http://www.wikidata.org/entity/Q9070133,Argentina
http://www.wikidata.org/entity/Q7513991,Peru
http://www.wikidata.org/entity/Q8345377,Peru
http://www.wikidata.org/entity/Q1206090,Germany
http://www.wikidata.org/entity/Q1262781,Germany
http://www.wikidata.org/entity/Q1298934,Germany
http://www.wikidata.org/entity/Q1362878,Germany
http://www.wikidata.org/entity/Q1399566,Germany
http://www.wikidata.org/entity/Q1403744,Germany
http://www.wikidata.org/entity/Q8072348,Algeria
http://www.wikidata.org/entity/Q7361460,Cambodia
http://www.wikidata.org/entity/Q7919872,Venezuela
http://www.wikidata.org/entity/Q7321654,The Bahamas
http://www.wikidata.org/entity/Q1143741,Peru
http://www.wikidata.org/entity/Q1154911,Peru
http://www.wikidata.org/entity/Q1253861,Croatia
http://www.wikidata.org/entity/Q1159539,Indonesia
http://www.wikidata.org/entity/Q1406136,Algeria
http://www.wikidata.org/entity/Q7911938,Colombia
http://www.wikidata.org/entity/Q7418014,Nepal
http://www.wikidata.org/entity/Q1129422,Mongolia
http://www.wikidata.org/entity/Q1154911,Chile
http://www.wikidata.org/entity/Q1252451,Cuba
http://www.wikidata.org/entity/Q1202208,Colombia
http://www.wikidata.org/entity/Q7684171,Tanzania
http://www.wikidata.org/entity/Q7295067,India
http://www.wikidata.org/entity/Q7634691,India
http://www.wikidata.org/entity/Q7935998,India
http://www.wikidata.org/entity/Q8074593,India
http://www.wikidata.org/entity/Q1154911,Bolivia
http://www.wikidata.org/entity/Q1202208,Venezuela
http://www.wikidata.org/entity/Q7724724,Suriname
http://www.wikidata.org/entity/Q7410295,Saudi Arabia
http://www.wikidata.org/entity/Q1262697,Jamaica
http://www.wikidata.org/entity/Q1277532,Jamaica
http://www.wikidata.org/entity/Q1299260,Jamaica
http://www.wikidata.org/entity/Q8072085,Zimbabwe
http://www.wikidata.org/entity/Q7450478,Senegal
http://www.wikidata.org/entity/Q1181308,Scandinavia
http://www.wikidata.org/entity/Q7832354,Kosovo
http://www.wikidata.org/entity/Q1191544,Angola
http://www.wikidata.org/entity/Q1192110,Sinophone
http://www.wikidata.org/entity/Q7983231,Benin
http://www.wikidata.org/entity/Q7983231,Togo
http://www.wikidata.org/entity/Q1195630,Naples
http://www.wikidata.org/entity/Q7402829,Nigeria
http://www.wikidata.org/entity/Q7983231,Nigeria
http://www.wikidata.org/entity/Q9095433,Nigeria
http://www.wikidata.org/entity/Q7832290,Isle of Man
http://www.wikidata.org/entity/Q7487815,China
http://www.wikidata.org/entity/Q8044658,China
http://www.wikidata.org/entity/Q1151259,Latin America
http://www.wikidata.org/entity/Q7409412,Sápmi
http://www.wikidata.org/entity/Q1143752,Argentina
http://www.wikidata.org/entity/Q1154911,Argentina
http://www.wikidata.org/entity/Q7676613,Taiwan
http://www.wikidata.org/entity/Q7676623,Taiwan
http://www.wikidata.org/entity/Q7425759,Sasanian Empire
http://www.wikidata.org/entity/Q1217862,German Democratic Republic
http://www.wikidata.org/entity/Q3876770,Norway
http://www.wikidata.org/entity/Q9016350,Russian Empire
http://www.wikidata.org/entity/Q8011200,Tang dynasty
http://www.wikidata.org/entity/Q7972788,Samorian state
http://www.wikidata.org/entity/Q7967858,Prehistory of Australia
http://www.wikidata.org/entity/Q3963051,United States
http://www.wikidata.org/entity/Q3980452,United States
http://www.wikidata.org/entity/Q4490718,United States
http://www.wikidata.org/entity/Q4490991,United States
http://www.wikidata.org/entity/Q4780884,United States
http://www.wikidata.org/entity/Q4852979,United States
http://www.wikidata.org/entity/Q4854353,United States
http://www.wikidata.org/entity/Q4875789,United States
http://www.wikidata.org/entity/Q4949812,United States
http://www.wikidata.org/entity/Q4965901,United States
http://www.wikidata.org/entity/Q4975996,United States
http://www.wikidata.org/entity/Q9051097,Latin America
http://www.wikidata.org/entity/Q7667734,Korea
http://www.wikidata.org/entity/Q8052472,Korea
http://www.wikidata.org/entity/Q9016941,Andean Region
http://www.wikidata.org/entity/Q4690039,Africa
http://www.wikidata.org/entity/Q4796091,Spain
http://www.wikidata.org/entity/Q4390945,Finland
http://www.wikidata.org/entity/Q3874690,Italy
http://www.wikidata.org/entity/Q3951797,Italy
http://www.wikidata.org/entity/Q4006465,Italy
http://www.wikidata.org/entity/Q4897056,Turkey
http://www.wikidata.org/entity/Q3974631,Netherlands
http://www.wikidata.org/entity/Q4832900,Mexico
http://www.wikidata.org/entity/Q4668375,Canada
http://www.wikidata.org/entity/Q5030714,Canada
http://www.wikidata.org/entity/Q5030825,Canada
http://www.wikidata.org/entity/Q5058557,Canada
http://www.wikidata.org/entity/Q4939163,Ethiopia
http://www.wikidata.org/entity/Q5072584,France
http://www.wikidata.org/entity/Q3874645,United Kingdom
http://www.wikidata.org/entity/Q4490718,United Kingdom
http://www.wikidata.org/entity/Q4637208,United Kingdom
http://www.wikidata.org/entity/Q4763552,United Kingdom
http://www.wikidata.org/entity/Q4841596,United Kingdom
http://www.wikidata.org/entity/Q4948714,United Kingdom
http://www.wikidata.org/entity/Q4971384,United Kingdom
http://www.wikidata.org/entity/Q4971443,United Kingdom
http://www.wikidata.org/entity/Q4971454,United Kingdom
http://www.wikidata.org/entity/Q4998143,United Kingdom
http://www.wikidata.org/entity/Q5063233,United Kingdom
http://www.wikidata.org/entity/Q4832826,Ghana
http://www.wikidata.org/entity/Q3889661,Brazil
http://www.wikidata.org/entity/Q4011109,Brazil
http://www.wikidata.org/entity/Q4215151,Brazil
http://www.wikidata.org/entity/Q4958927,Brazil
http://www.wikidata.org/entity/Q5069474,Brazil
http://www.wikidata.org/entity/Q4088026,Russia
http://www.wikidata.org/entity/Q4179738,Russia
http://www.wikidata.org/entity/Q4400803,Russia
http://www.wikidata.org/entity/Q4936212,Romania
http://www.wikidata.org/entity/Q5015165,Romania
http://www.wikidata.org/entity/Q4193824,Germany
http://www.wikidata.org/entity/Q4996252,Bulgaria
http://www.wikidata.org/entity/Q4058252,Azerbaijan
http://www.wikidata.org/entity/Q4453768,Azerbaijan
http://www.wikidata.org/entity/Q4251198,Kazakhstan
http://www.wikidata.org/entity/Q4428744,Cuba
http://www.wikidata.org/entity/Q4670712,Cuba
http://www.wikidata.org/entity/Q4873394,Cuba
http://www.wikidata.org/entity/Q4668383,Australia
http://www.wikidata.org/entity/Q4825017,Australia
http://www.wikidata.org/entity/Q4825029,Australia
http://www.wikidata.org/entity/Q4825034,Australia
http://www.wikidata.org/entity/Q4825221,Australia
http://www.wikidata.org/entity/Q4825229,Australia
http://www.wikidata.org/entity/Q4069711,Armenia
http://www.wikidata.org/entity/Q4159719,Armenia
http://www.wikidata.org/entity/Q4789437,Argentina
http://www.wikidata.org/entity/Q4200851,Indonesia
http://www.wikidata.org/entity/Q4372158,Indonesia
http://www.wikidata.org/entity/Q3981034,India
http://www.wikidata.org/entity/Q4854619,India
http://www.wikidata.org/entity/Q4945025,India
http://www.wikidata.org/entity/Q5000356,India
http://www.wikidata.org/entity/Q5070237,Cambodia
http://www.wikidata.org/entity/Q3978155,Peru
http://www.wikidata.org/entity/Q4694554,Venezuela
http://www.wikidata.org/entity/Q5071702,Venezuela
http://www.wikidata.org/entity/Q4848738,Suriname
http://www.wikidata.org/entity/Q5039688,Trinidad and Tobago
http://www.wikidata.org/entity/Q4006363,New Zealand
http://www.wikidata.org/entity/Q3931695,Jamaica
http://www.wikidata.org/entity/Q3978155,Bolivia
http://www.wikidata.org/entity/Q4950495,Dominica
http://www.wikidata.org/entity/Q4950496,Dominica
http://www.wikidata.org/entity/Q4996773,Colombia
http://www.wikidata.org/entity/Q4854619,Pakistan
http://www.wikidata.org/entity/Q4855483,Pakistan
http://www.wikidata.org/entity/Q5072696,Dominican Republic
http://www.wikidata.org/entity/Q3868787,Tanzania
http://www.wikidata.org/entity/Q4889602,Antigua and Barbuda
http://www.wikidata.org/entity/Q4855476,Bangladesh
http://www.wikidata.org/entity/Q4696445,Morocco
http://www.wikidata.org/entity/Q4706203,Israel
http://www.wikidata.org/entity/Q4078107,Soviet Union
http://www.wikidata.org/entity/Q4088026,Soviet Union
http://www.wikidata.org/entity/Q4736555,Puerto Rico
http://www.wikidata.org/entity/Q4857249,Cameroon
http://www.wikidata.org/entity/Q4848674,China
http://www.wikidata.org/entity/Q4088026,Russian Empire
http://www.wikidata.org/entity/Q4145692,Russian Empire
http://www.wikidata.org/entity/Q4400837,Russian Empire
