genre_id,artist_id
Q9778,Q223161
Q9778,Q185828
Q9778,Q312674
Q9778,Q104326
Q9778,Q154556
Q9778,Q44892
Q9778,Q153616
Q9778,Q208507
Q111387914,Q1209703
Q111387914,Q936480
Q111387914,Q7169608
Q193207,Q223161
Q193207,Q569003
Q193207,Q3108903
Q193207,Q728029
Q193207,Q11413264
Q193207,Q912800
Q193207,Q924993
Q193207,Q505747
Q213121,Q458828
Q213121,Q38257
Q213121,Q432302
Q213121,Q273652
Q213121,Q1338162
Q213121,Q3512059
Q213121,Q153172
Q213121,Q234716
Q98528207,Q192609
Q98528207,Q38257
Q98528207,Q274562
Q98528207,Q187576
Q112593424,Q467031
Q112593424,Q198546
Q16625659,Q2587969
Q16625659,Q717239
Q16625659,Q714470
Q98528139,Q7073354
Q98528139,Q1976619
Q98528139,Q714470
Q98528139,Q2385299
Q756956,Q3629037
Q756956,Q1107195
Q756956,Q1146899
Q756956,Q913245
Q756956,Q3119760
Q48971892,Q193172
Q48971892,Q376651
Q112118786,Q480084
Q12671486,Q393463
Q113447222,Q1785313
Q113447222,Q16218886
Q112159506,Q705221
Q112159506,Q11413264
Q112159506,Q22341183
Q112159506,Q96187424
Q112159506,Q95494604
Q79784514,Q4805856
Q79784514,Q705382
Q79784514,Q546592
Q79784514,Q104326
Q79784514,Q168015
Q79784514,Q44892
Q79784514,Q153616
Q79784514,Q153172
Q530750,Q700817
Q530750,Q168015
Q530750,Q879793
Q530750,Q2136387
Q530750,Q714470
Q530750,Q153616
Q851213,Q505476
Q851213,Q185828
Q851213,Q8298
Q851213,Q49009
Q851213,Q205322
Q851213,Q19004
Q851213,Q208507
Q851213,Q7256860
Q217597,Q316872
Q217597,Q2256420
Q217597,Q939429
Q217597,Q1258824
Q217597,Q705532
Q217597,Q1569035
Q217597,Q1760152
Q217597,Q1701447
Q4049849,Q5197720
Q4049849,Q67311
Q4049849,Q776170
Q4049849,Q7252901
Q372103,Q701692
Q372103,Q318322
Q372103,Q527787
Q372103,Q1470010
Q372103,Q454479
Q372103,Q580943
Q372103,Q371535
Q1890098,Q1873785
Q1890098,Q2992469
Q1890098,Q1786810
Q828243,Q619710
Q828243,Q593809
Q828243,Q1143750
Q828243,Q1656463
Q828243,Q569462
Q828243,Q480043
Q828243,Q473784
Q828243,Q727124
Q655514,Q5155511
Q655514,Q3020812
Q655514,Q1384772
Q655514,Q1165645
Q655514,Q15730804
Q655514,Q1333817
Q655514,Q888972
Q655514,Q7670542
Q20502,Q185828
Q20502,Q205322
Q20502,Q549373
Q20502,Q1375814
Q20502,Q1351604
Q20502,Q1758822
Q20502,Q286750
Q20502,Q1253645
Q1071961,Q1154222
Q1071961,Q2080533
Q1071961,Q205322
Q1071961,Q527564
Q1071961,Q1375814
Q1071961,Q1351604
Q1071961,Q1934666
Q1071961,Q1388088
Q928825,Q293169
Q928825,Q357476
Q928825,Q3183166
Q928825,Q549373
Q928825,Q1341804
Q928825,Q1758822
Q928825,Q3517940
Q928825,Q3993250
Q97277483,Q293169
Q97277483,Q357476
Q97277483,Q3183166
Q97277483,Q549373
Q97277483,Q3993250
Q874038,Q2963160
Q874038,Q205322
Q874038,Q1691598
Q874038,Q549373
Q874038,Q1375814
Q874038,Q369822
Q874038,Q1670319
Q108555812,Q59241691
Q108555812,Q87800198
Q108555812,Q60763800
Q341364,Q271283
Q341364,Q300430
Q341364,Q678099
Q341364,Q2019573
Q341364,Q286750
Q341364,Q1522392
Q116875230,Q357476
Q116875230,Q1691598
Q116875230,Q6408607
Q116875230,Q3517940
Q3056538,Q1758822
Q2465085,Q3108903
Q2465085,Q3317284
Q2465085,Q7634434
Q2465085,Q2718300
Q2465085,Q168031
Q2465085,Q741316
Q2465085,Q924993
Q4852979,Q4925240
Q4852979,Q16241410
Q4852979,Q7356279
Q3032212,Q880116
Q3032212,Q467129
Q3032212,Q249141
Q3032212,Q456964
Q3032212,Q236497
Q3032212,Q465302
Q3032212,Q470066
Q3032212,Q444309
Q30917612,Q238051
Q30917612,Q880116
Q30917612,Q1034857
Q30917612,Q1344793
Q601235,Q5300654
Q601235,Q557465
Q601235,Q42023
Q601235,Q1783772
Q601235,Q2409676
Q601235,Q1522392
Q2702280,Q238051
Q2702280,Q880116
Q2702280,Q704963
Q2702280,Q7634434
Q202925,Q1164771
Q202925,Q6313495
Q202925,Q87996
Q106522098,Q6395755
Q106522098,Q104772823
Q106522098,Q133687181
Q915152,Q49009
Q915152,Q155141
Q915152,Q4217170
Q915152,Q7425068
Q915152,Q277479
Q915152,Q556024
Q2748817,Q3011279
Q2748817,Q15912617
Q2748817,Q109451283
Q1521688,Q323171
Q1521688,Q15912617
Q1521688,Q5205330
Q1521688,Q1228447
Q24885387,Q16724355
Q24885387,Q1154271
Q24885387,Q22905998
Q24885387,Q41556490
Q1585015,Q6558178
Q1585015,Q124813072
Q1585015,Q1322694
Q28458027,Q89689870
Q949369,Q223167
Q949369,Q3090771
Q949369,Q714423
Q949369,Q3106906
Q598593,Q5336444
Q598593,Q1544666
Q598593,Q16733999
Q598593,Q13581065
Q598593,Q3327146
Q598593,Q111050304
Q598593,Q7704407
Q122474257,Q55365
Q122474257,Q114596815
Q1455292,Q513964
Q1455292,Q223167
Q1455292,Q36107
Q1455292,Q543981
Q1455292,Q185828
Q1455292,Q1425262
Q1455292,Q290167
Q1931555,Q423707
Q1931555,Q102616
Q1931555,Q779451
Q1931555,Q290270
Q1931555,Q132415
Q627906,Q311842
Q627906,Q706820
Q627906,Q49009
Q627906,Q1811235
Q627906,Q1517721
Q627906,Q49010
Q113493820,Q1154202
Q113493820,Q982784
Q113493820,Q453691
Q113493820,Q734098
Q113493820,Q455732
Q2365784,Q1140997
Q2365784,Q450797
Q2365784,Q7205605
Q2365784,Q10363097
Q2365784,Q111058603
Q2365784,Q3101707
Q1228230,Q349041
Q1228230,Q1089237
Q1228230,Q923731
Q1228230,Q2201526
Q1228230,Q3414998
Q1228230,Q715853
Q11691380,Q1453940
Q11691380,Q20615
Q11691380,Q1355154
Q11691380,Q12370465
Q11691380,Q21084
Q11691380,Q49010
Q11691380,Q21088
Q20047305,Q15623395
Q20047305,Q16212084
Q20047305,Q7806850
Q20047305,Q16325425
Q956717,Q710539
Q956717,Q892422
Q956717,Q4943439
Q956717,Q3843061
Q956717,Q3644372
Q956717,Q7670560
Q956717,Q7845381
Q956717,Q892409
Q135369460,Q5205387
Q135369460,Q28039416
Q108297203,Q136799193
Q388100,Q16215736
Q388100,Q19571978
Q388100,Q126415337
Q106634944,Q965455
Q106634944,Q715890
Q106634944,Q505476
Q106634944,Q260214
Q106634944,Q400094
Q106634944,Q20709
Q15300817,Q16319658
Q15300817,Q5807252
Q15300817,Q923731
Q15300817,Q19816655
Q15300817,Q14544318
Q15300817,Q260214
Q15300817,Q1067714
Q15300817,Q1891477
Q80725127,Q110128013
Q80725127,Q105726987
Q80725127,Q109599010
Q80725127,Q18158295
Q80725127,Q64853384
Q85741139,Q25706797
Q85741139,Q109106572
Q85741139,Q77297835
Q85741139,Q127378817
Q85741139,Q121746347
Q85741139,Q121820034
Q85741139,Q109406884
Q85741139,Q109981068
Q116745991,Q112861798
Q27345019,Q108633063
Q27345019,Q5107266
Q27345019,Q108529670
Q27345019,Q28053503
Q27345019,Q5398138
Q27345019,Q48976227
Q85748774,Q28007321
Q85748774,Q108798079
Q85748774,Q109296810
Q85748774,Q27306126
Q29973057,Q28039875
Q29973057,Q96375829
Q29973057,Q48008057
Q18342587,Q18943660
Q18342587,Q15041224
Q18342587,Q16845512
Q18342587,Q18857432
Q18342587,Q19845354
Q18342587,Q16231940
Q18342587,Q20972330
Q18342587,Q27924886
Q20021059,Q20851250
Q20021059,Q2464558
Q20021059,Q16667903
Q20021059,Q17151338
Q106493832,Q55006974
Q106493832,Q83688261
Q126175574,Q64009886
Q126175574,Q123982943
Q105637110,Q612068
Q116296482,Q52160540
Q116296482,Q20311234
Q116296482,Q21484134
Q116296482,Q107452045
Q116296482,Q23664961
Q173844,Q432268
Q173844,Q467129
Q173844,Q249141
Q173844,Q470066
Q173844,Q444309
Q170611,Q816535
Q170611,Q962197
Q170611,Q923104
Q170611,Q506851
Q170611,Q366714
Q170611,Q923090
Q170611,Q378876
Q170611,Q582813
Q526463,Q962197
Q526463,Q923104
Q526463,Q1258824
Q526463,Q327703
Q526463,Q366714
Q526463,Q923090
Q526463,Q110808631
Q341395,Q2275190
Q341395,Q668538
Q341395,Q819299
Q341395,Q378876
Q106522080,Q19654855
Q106522080,Q1798055
Q106522080,Q928905
Q106522080,Q15808423
Q106522080,Q783669
Q106522080,Q104520548
Q112663444,Q5192236
Q112663444,Q710574
Q112663444,Q2198055
Q112663444,Q2558967
Q29480448,Q130582693
Q29480448,Q66151972
Q29480448,Q28803195
Q29480448,Q93343
Q29480448,Q2368531
Q16951912,Q2368531
Q1430587,Q5588
Q1430587,Q1498245
Q1430587,Q132415
Q1430587,Q378876
Q1430587,Q582813
Q1430587,Q820968
Q107697221,Q261641
Q107697221,Q677304
Q107697221,Q67372
Q107697221,Q506851
Q111182811,Q261641
Q111182811,Q27902902
Q111182811,Q22668666
Q111182811,Q16844889
Q110185782,Q60743679
Q110185782,Q111703543
Q110185782,Q3816143
Q110185782,Q16661959
Q110185782,Q61679307
Q110185782,Q18155080
Q110185782,Q75361
Q110185782,Q24950843
Q9149801,Q223161
Q9149801,Q795254
Q9149801,Q616371
Q9149801,Q3108903
Q9149801,Q744723
Q9149801,Q677600
Q9149801,Q705015
Q9149801,Q2667938
Q1262781,Q574739
Q1262781,Q3438097
Q1262781,Q2752431
Q1262781,Q2105055
Q1262781,Q3429882
Q1262781,Q779451
Q3084222,Q67372
Q3084222,Q705037
Q3084222,Q3290053
Q3084222,Q45339026
Q1524033,Q1432107
Q3048168,Q3368476
Q307054,Q67372
Q307054,Q105440
Q307054,Q112490531
Q307054,Q45339026
Q2866725,Q4723775
Q2866725,Q605250
Q2866725,Q321339
Q2866725,Q7634434
Q663519,Q349406
Q663519,Q272619
Q663519,Q851798
Q663519,Q6317600
Q663519,Q7600283
Q663519,Q208507
Q663519,Q50975
Q663519,Q7256860
Q858579,Q2657284
Q858579,Q272619
Q858579,Q1628382
Q858579,Q1426055
Q858579,Q208507
Q858579,Q50975
Q858579,Q7256860
Q25389262,Q13580495
Q25389262,Q851798
Q25389262,Q1431341
Q110874814,Q50975
Q110874814,Q4052305
Q2396639,Q5205253
Q2396639,Q5205343
Q2396639,Q7278635
Q1756101,Q349406
Q1756101,Q1915490
Q1756101,Q6317600
Q1756101,Q7313342
Q1756101,Q7600283
Q106521759,Q2384799
Q106521759,Q1264149
Q848852,Q1205935
Q848852,Q179262
Q848852,Q723546
Q848852,Q11278859
Q848852,Q3308199
Q848852,Q43718
Q216961,Q222900
Q216961,Q594748
Q216961,Q313366
Q216961,Q156783
Q216961,Q572077
Q216961,Q41108
Q216961,Q705689
Q930592,Q240403
Q930592,Q28213309
Q930592,Q311748
Q930592,Q2424461
Q930592,Q729952
Q2076779,Q213388
Q2076779,Q4355668
Q2076779,Q601243
Q2076779,Q1201400
Q2076779,Q749050
Q2076779,Q936010
Q170435,Q323187
Q170435,Q62617
Q170435,Q13580495
Q170435,Q311157
Q170435,Q321339
Q170435,Q77034
Q170435,Q61011
Q170435,Q183508
Q481900,Q668538
Q481900,Q819299
Q481900,Q2908818
Q16837290,Q76913
Q832665,Q67311
Q832665,Q62945
Q832665,Q709234
Q2260696,Q13580495
Q2260696,Q57784
Q2260696,Q77034
Q2260696,Q556024
Q622871,Q135932234
Q622871,Q2292862
Q622871,Q373057
Q622871,Q548994
Q622871,Q1410018
Q622871,Q1748644
Q622871,Q1134411
Q622871,Q34398202
Q835131,Q246677
Q835131,Q2299682
Q835131,Q2362276
Q835131,Q784381
Q835131,Q1355916
Q835131,Q373057
Q835131,Q1410018
Q835131,Q1748644
Q4706203,Q5422550
Q2452152,Q4352950
Q2452152,Q2236728
Q2497323,Q7403497
Q2497323,Q18690241
Q2497323,Q2407606
Q10286190,Q2292862
Q10286190,Q1547848
Q10286190,Q548994
Q10286190,Q2456997
Q10286190,Q2905142
Q2385862,Q135932234
Q2385862,Q3242296
Q2385862,Q103258
Q2385862,Q16966850
Q2385862,Q914209
Q109715837,Q7451036
Q1027999,Q77002
Q1027999,Q323187
Q1027999,Q489653
Q1027999,Q62617
Q1027999,Q76913
Q1027999,Q903496
Q1027999,Q555552
Q2302695,Q711454
Q2302695,Q279368
Q2302695,Q252893
Q1339027,Q3879978
Q1339027,Q310985
Q890887,Q77002
Q890887,Q1543955
Q890887,Q360377
Q890887,Q360591
Q890887,Q67154301
Q890887,Q1756181
Q890887,Q604835
Q890887,Q159233
Q733804,Q858880
Q733804,Q61415
Q733804,Q165138
Q733804,Q156255
Q733804,Q66054
Q1136765,Q449985
Q1136765,Q62617
Q1136765,Q311157
Q1136765,Q1366223
Q1136765,Q77034
Q1136765,Q693671
Q1136765,Q457652
Q1136765,Q183508
Q388906,Q318760
Q388906,Q563386
Q388906,Q65829
Q388906,Q1448889
Q388906,Q960974
Q388906,Q2164548
Q1585075,Q924606
Q1585075,Q438344
Q1585075,Q7390721
Q1585075,Q5851484
Q1585075,Q7256860
Q1585075,Q2036827
Q1102161,Q1337319
Q1102161,Q1154114
Q1102161,Q507845
Q1102161,Q71107071
Q1102161,Q2023435
Q1102161,Q10359176
Q1102161,Q720649
Q2710523,Q1337319
Q2710523,Q321748
Q2710523,Q71107071
Q2710523,Q10359176
Q2710523,Q720649
Q2710523,Q99674255
Q188994,Q387288
Q188994,Q1067983
Q188994,Q507845
Q188994,Q921236
Q188994,Q47227
Q188994,Q20672
Q188994,Q1349876
Q188994,Q964002
Q2842043,Q921236
Q2842043,Q917450
Q2842043,Q1349876
Q9011351,Q924606
Q9011351,Q1628891
Q9011351,Q62554723
Q9011351,Q1349876
Q9011351,Q964002
Q46649,Q113569963
Q46649,Q1154114
Q46649,Q324346
Q1335569,Q745517
Q1335569,Q4037498
Q1335569,Q4042308
Q1335569,Q749426
Q1166321,Q3027518
Q1166321,Q2444651
Q1166321,Q4050782
Q11830421,Q1964456
Q11830421,Q18967146
Q11830421,Q7755692
Q2082572,Q1844152
Q2082572,Q701735
Q2082572,Q538289
Q2082572,Q2446878
Q2082572,Q1858715
Q2082572,Q60694463
Q2082572,Q44399
Q967654,Q745517
Q967654,Q158442
Q967654,Q21033832
Q967654,Q47227
Q967654,Q22909295
Q3179786,Q321256
Q3179786,Q5309106
Q3179786,Q1154211
Q107332291,Q1067983
Q107332291,Q941738
Q107332291,Q20672
Q107332291,Q376062
Q107332291,Q1848854
Q107332291,Q15139979
Q106404300,Q5153131
Q106404300,Q111060278
Q106404300,Q5204449
Q135553474,Q111060278
Q135553474,Q5204449
Q107010574,Q4727516
Q107010574,Q137590626
Q107010574,Q19520573
Q11693017,Q924606
Q11693017,Q16207033
Q11693017,Q507845
Q1191299,Q449323
Q1191299,Q7755692
Q56580,Q697954
Q56580,Q5111694
Q56580,Q1274028
Q820049,Q1970451
Q820049,Q1018354
Q820049,Q1375090
Q820049,Q1448889
Q820049,Q1514494
Q820049,Q960974
Q820049,Q2164548
Q1983750,Q318760
Q1983750,Q1353806
Q1983750,Q468162
Q1983750,Q1448889
Q1983750,Q650008
Q1983750,Q2690281
Q339906,Q2752365
Q339906,Q62098804
Q339906,Q3130257
Q339906,Q960974
Q339906,Q933673
Q3066180,Q28402704
Q3066180,Q933673
Q3066180,Q22909533
Q2374619,Q1166670
Q2374619,Q3095041
Q2374619,Q3130257
Q1242484,Q65829
Q903735,Q2042222
Q903735,Q1966962
Q903735,Q2486120
Q903735,Q6404409
Q903735,Q3482391
Q903735,Q120204
Q1275972,Q2042222
Q1275972,Q1966962
Q109322851,Q2282994
Q109322851,Q3482391
Q2181965,Q135037603
Q1265050,Q3021911
Q1455487,Q22210692
Q1455487,Q108631491
Q1455487,Q56305544
Q3098078,Q1154264
Q3098078,Q2162641
Q3098078,Q24872872
Q30902501,Q2934725
Q22909461,Q140667207
Q22909461,Q7256860
Q22909461,Q7899931
Q660984,Q223161
Q660984,Q247237
Q660984,Q722778
Q660984,Q1072372
Q660984,Q553861
Q660984,Q2667938
Q660984,Q120204
Q660984,Q446572
Q1259016,Q223161
Q1259016,Q1352724
Q1259016,Q553861
Q1259016,Q446572
Q2406633,Q924606
Q2406633,Q1002589
Q2406633,Q5971066
Q1165777,Q664132
Q1165777,Q154222
Q1165777,Q5205305
Q1165777,Q708129
Q1165777,Q1428002
Q1165777,Q1668351
Q1165777,Q7812349
Q1165777,Q16199899
Q780517,Q2810568
Q780517,Q437559
Q780517,Q70278516
Q780517,Q60740260
Q1751409,Q664132
Q1751409,Q154222
Q1751409,Q5205368
Q1751409,Q708129
Q1751409,Q2277022
Q1751409,Q1377724
Q1751409,Q16199899
Q4846346,Q5205411
Q4846346,Q1293555
Q5510816,Q552245
Q5510816,Q5432821
Q5510816,Q1359424
Q5510816,Q7451749
Q602561,Q1035442
Q602561,Q4036325
Q602561,Q89525
Q602561,Q2802775
Q602561,Q7727671
Q861823,Q689306
Q861823,Q518662
Q861823,Q1420144
Q861823,Q235770
Q861823,Q235095
Q861823,Q725341
Q5466607,Q16724355
Q5466607,Q1154271
Q5466607,Q22905998
Q5466607,Q41556490
Q223840,Q909017
Q223840,Q922397
Q223840,Q5207316
Q223840,Q223148
Q223840,Q516302
Q223840,Q1067714
Q223840,Q1339157
Q223840,Q1395589
Q108297238,Q13430882
Q108297238,Q909017
Q108297238,Q5207316
Q108297238,Q223148
Q108297238,Q65169266
Q108297238,Q1395589
Q21000514,Q2541836
Q21000514,Q33692845
Q21000514,Q2760921
Q21000514,Q140393557
Q2611143,Q147062
Q2611143,Q1067714
Q2611143,Q528413
Q2611143,Q1339157
Q1191544,Q1010243
Q1191544,Q2514348
Q108297194,Q20049460
Q1243254,Q311748
Q382343,Q3297853
Q513357,Q935241
Q513357,Q1252624
Q513357,Q19629991
Q362515,Q804177
Q362515,Q746955
Q362515,Q1573838
Q362515,Q570610
Q7844612,Q4636221
Q20474,Q552245
Q20474,Q104884
Q20474,Q1853792
Q20474,Q1394828
Q20474,Q1966715
Q20474,Q974298
Q20474,Q734062
Q20903,Q50674
Q20903,Q1998551
Q20903,Q21061
Q20903,Q390963
Q20903,Q20926
Q20903,Q20615
Q20903,Q19004
Q20903,Q14546605
Q65065491,Q73882406
Q98528158,Q55902818
Q98528158,Q31193390
Q98528158,Q7382510
Q2963621,Q16176303
Q106404229,Q27662462
Q106404229,Q14949098
Q1166726,Q366506
Q1166726,Q5556594
Q1166726,Q1385721
Q1166726,Q444224
Q1166726,Q913194
Q1166726,Q164446
Q1166726,Q20055659
Q1166726,Q936479
Q106654239,Q141266051
Q106654239,Q111071555
Q4965901,Q98597125
Q888137,Q5218703
Q888137,Q11856784
Q140369806,Q982784
Q140369806,Q20630566
Q9364028,Q5293828
Q1136045,Q139121
Q1136045,Q5928796
Q1136045,Q31193390
Q1136045,Q7382510
Q123922710,Q5928796
Q123922710,Q7382510
Q106514601,Q6334752
Q106514601,Q70913044
Q106514601,Q771912
Q106514601,Q5240437
Q17146868,Q16733502
Q19358266,Q3087850
Q19358266,Q187844
Q96376113,Q48698507
Q96376113,Q16149863
Q96376113,Q55584618
Q96376113,Q26370656
Q96376113,Q104839629
Q96376113,Q18161827
Q47781397,Q4671711
Q47781397,Q5461990
Q47781397,Q16234136
Q47781397,Q7670867
Q47781397,Q15613707
Q22908553,Q3930275
Q22908553,Q4038837
Q22908553,Q5928796
Q22908553,Q27662462
Q22908553,Q25345325
Q22908553,Q21621487
Q22908553,Q30132659
Q106577542,Q55955701
Q21092,Q97671621
Q21092,Q5276931
Q21092,Q6935664
Q106591506,Q18763975
Q106591506,Q19873918
Q106591506,Q19571788
Q106591506,Q18161827
Q31836693,Q24928699
Q106477753,Q51120186
Q106477753,Q35487701
Q101109587,Q8298
Q101109587,Q4331609
Q120484427,Q115920342
Q65937774,Q349406
Q65937774,Q2384799
Q65937774,Q1264149
Q65937774,Q6317600
Q65937774,Q7313342
Q65937774,Q7600283
Q389631,Q1537039
Q114443489,Q19734
Q114443489,Q96047
Q106130091,Q552245
Q106130091,Q350362
Q106130091,Q263726
Q106130091,Q14159313
Q106130091,Q1359424
Q106130091,Q1518508
Q898709,Q438344
Q898709,Q7390721
Q898709,Q5851484
Q898709,Q7256860
Q898709,Q2036827
Q6865341,Q14521452
Q6865341,Q27817130
Q98528171,Q14521452
Q98528171,Q27817130
Q135637,Q485416
Q135637,Q17305057
Q135637,Q599443
Q135637,Q7396372
Q135637,Q1150056
Q773880,Q485416
Q773880,Q1150056
Q107985638,Q1317474
Q107985638,Q95008
Q817138,Q223161
Q817138,Q42455
Q817138,Q959655
Q817138,Q14045
Q817138,Q515942
Q817138,Q193218
Q817138,Q208507
Q817138,Q849429
Q106641525,Q325111
Q106641525,Q3997302
Q106641525,Q3898491
Q3613770,Q2037019
Q3613770,Q552511
Q3613770,Q744723
Q3613770,Q924993
Q1435509,Q1036131
Q1435509,Q959655
Q1435509,Q2409957
Q1435509,Q1079264
Q325397,Q877512
Q325397,Q151783
Q325397,Q306130
Q325397,Q1784022
Q325397,Q1422764
Q325397,Q334652
Q325397,Q1239214
Q6658771,Q3307281
Q6658771,Q5281517
Q6658771,Q7753567
Q757143,Q318452
Q757143,Q707967
Q757143,Q117522
Q757143,Q1121411
Q757143,Q14045
Q757143,Q924993
Q757143,Q546930
Q757143,Q191915
Q251192,Q318452
Q251192,Q707967
Q251192,Q1121411
Q251192,Q928905
Q251192,Q546930
Q251192,Q3608376
Q251192,Q191915
Q205560,Q217716
Q205560,Q952337
Q205560,Q357418
Q205560,Q749019
Q205560,Q191352
Q205560,Q1754009
Q205560,Q313627
Q749475,Q2556934
Q749475,Q5380516
Q749475,Q1134411
Q749475,Q2658292
Q1658757,Q707084
Q85765918,Q4882032
Q85765918,Q722778
Q85765918,Q552245
Q85765918,Q7712717
Q85765918,Q3161226
Q85765918,Q7734637
Q19938910,Q24666176
Q19938910,Q28146294
Q19938910,Q982784
Q19938910,Q20685120
Q19938910,Q48700546
Q60973191,Q24666176
Q60973191,Q57701496
Q60973191,Q925877
Q60973191,Q20685120
Q1840167,Q22087924
Q1840167,Q22907541
Q1840167,Q1743088
Q1840167,Q10719888
Q1840167,Q7072798
Q2626684,Q15044595
Q2626684,Q6815694
Q2626684,Q2986540
Q2626684,Q7542670
Q2626684,Q1590013
Q2626684,Q1627479
Q15733887,Q28843403
Q15733887,Q60194398
Q15733887,Q4483079
Q15733887,Q114213152
Q15733887,Q16235124
Q15733887,Q18158295
Q80724932,Q60194398
Q124170473,Q286346
Q105763581,Q223161
Q105763581,Q16149863
Q105763581,Q247237
Q105763581,Q16203447
Q105763581,Q154556
Q105763581,Q962366
Q105763581,Q286346
Q105763581,Q1889385
Q1100989,Q683009
Q1100989,Q247237
Q1100989,Q689598
Q1100989,Q6404409
Q1100989,Q1256138
Q1100989,Q534454
Q1100989,Q1889385
Q1100989,Q1971542
Q3108920,Q3513698
Q3108920,Q594166
Q3108920,Q3106145
Q3108920,Q7261732
Q3503814,Q1741466
Q3503814,Q1518141
Q3503814,Q1971542
Q3503814,Q7689943
Q11399,Q5921
Q11399,Q2331
Q11399,Q11649
Q11399,Q2306
Q11399,Q15862
Q11399,Q1299
Q11399,Q11036
Q11399,Q93346
Q7749,Q2914477
Q7749,Q208881
Q7749,Q5977
Q7749,Q5921
Q7749,Q303
Q7749,Q209586
Q7749,Q202729
Q7749,Q82222
Q203720,Q5977
Q203720,Q310339
Q203720,Q5969
Q203720,Q303
Q203720,Q82311
Q203720,Q202729
Q203720,Q711339
Q203720,Q235223
Q65943390,Q1161663
Q65943390,Q1779387
Q65943390,Q1273740
Q2097664,Q584835
Q2097664,Q2044704
Q185162,Q123738761
Q185162,Q5351010
Q185162,Q370400
Q185162,Q110826804
Q185162,Q309725
Q220830,Q346785
Q220830,Q1682401
Q220830,Q183048
Q220830,Q1472126
Q220830,Q2165679
Q220830,Q1536429
Q220830,Q770732
Q106581470,Q346785
Q106581470,Q1452973
Q106581470,Q1472126
Q106581470,Q2165679
Q106581470,Q1536429
Q106581470,Q770732
Q108297234,Q7678153
Q108297234,Q3113502
Q112939200,Q1682401
Q112939200,Q2166038
Q112939200,Q183048
Q112939200,Q16955510
Q16011695,Q1682401
Q16011695,Q183048
Q16011695,Q16955510
Q193355,Q203736
Q193355,Q45650
Q193355,Q332635
Q193355,Q2331
Q193355,Q202937
Q193355,Q507327
Q193355,Q606226
Q193355,Q1407424
Q2266376,Q339088
Q2266376,Q114651
Q2266376,Q322265
Q2266376,Q136591
Q211573,Q1887722
Q211573,Q970502
Q211573,Q3110679
Q211573,Q2142320
Q211573,Q904921
Q211573,Q765177
Q211573,Q1536429
Q211573,Q943253
Q3752342,Q1026810
Q3752342,Q7756866
Q3752342,Q970502
Q3752342,Q385841
Q98528290,Q606226
Q98528290,Q3986249
Q98528290,Q847191
Q98528290,Q287690
Q98528290,Q211583
Q98528290,Q289405
Q98528290,Q268160
Q98528290,Q641858
Q135112757,Q667342
Q135112757,Q861190
Q135112757,Q962528
Q135112757,Q1509107
Q135112757,Q2142320
Q1650296,Q893007
Q1650296,Q346785
Q1650296,Q455818
Q1650296,Q194287
Q1650296,Q252248
Q1650296,Q212168
Q1650296,Q765861
Q1650296,Q770732
Q944465,Q48995
Q944465,Q371938
Q944465,Q1111834
Q944465,Q729505
Q944465,Q852435
Q186472,Q392
Q186472,Q48992
Q186472,Q10461933
Q186472,Q1145652
Q186472,Q484918
Q186472,Q211526
Q186472,Q211277
Q2614533,Q1145652
Q2614533,Q1454359
Q2614533,Q1427551
Q2614533,Q539955
Q2614533,Q1413921
Q2614533,Q786980
Q2662148,Q10681
Q2662148,Q858738
Q2662148,Q1629031
Q2662148,Q839817
Q2662148,Q48304
Q2662148,Q1422720
Q641318,Q1398215
Q641318,Q326034
Q641318,Q183260
Q641318,Q708220
Q641318,Q655629
Q6665252,Q1035286
Q6665252,Q11194338
Q5389389,Q45203
Q483740,Q442656
Q483740,Q1053260
Q483740,Q259405
Q483740,Q3063992
Q483740,Q477644
Q483740,Q455536
Q613408,Q189635
Q613408,Q229375
Q613408,Q1420833
Q613408,Q548990
Q613408,Q211526
Q613408,Q200769
Q136206036,Q438124
Q136206036,Q954997
Q136206036,Q16736403
Q325504,Q331731
Q325504,Q11647
Q325504,Q687866
Q325504,Q7256860
Q325504,Q316485
Q484641,Q482907
Q484641,Q2808
Q484641,Q106648
Q484641,Q182223
Q484641,Q200586
Q484641,Q183048
Q484641,Q1299
Q484641,Q178095
Q2090023,Q816495
Q2090023,Q194333
Q2090023,Q2808
Q2090023,Q202729
Q2090023,Q484311
Q2090023,Q1543137
Q2090023,Q271513
Q2090023,Q193744
Q837837,Q798993
Q837837,Q72608
Q837837,Q1068713
Q837837,Q733863
Q837837,Q3100060
Q837837,Q2715339
Q837837,Q1427240
Q837837,Q209956
Q217191,Q407814
Q217191,Q126852
Q217191,Q903536
Q217191,Q223495
Q217191,Q445438
Q217191,Q106648
Q217191,Q310300
Q217191,Q763765
Q28401124,Q896109
Q28401124,Q445438
Q28401124,Q435965
Q28401124,Q7340888
Q28401124,Q852435
Q28401124,Q506670
Q28401124,Q207472
Q2746831,Q255697
Q2746831,Q5496741
Q2746831,Q311306
Q2746831,Q379548
Q2746831,Q658182
Q2746831,Q310332
Q2746831,Q449371
Q546264,Q733400
Q546264,Q693597
Q546264,Q319265
Q546264,Q131422
Q546264,Q1299
Q546264,Q1141454
Q546264,Q282925
Q546264,Q1132434
Q2344635,Q19758833
Q2344635,Q286525
Q2344635,Q733400
Q2344635,Q1299
Q2344635,Q2113011
Q2344635,Q738714
Q2344635,Q1132434
Q2344635,Q1310839
Q2639210,Q638889
Q2639210,Q728049
Q2639210,Q504331
Q2639210,Q588382
Q2639210,Q2936649
Q2639210,Q7755711
Q2607836,Q1629681
Q2607836,Q1760836
Q2607836,Q11328522
Q2607836,Q1456447
Q2607836,Q7732946
Q2607836,Q1331669
Q3117305,Q7737020
Q3117305,Q7752222
Q3117305,Q7765848
Q3117305,Q285187
Q3117305,Q7769269
Q24935256,Q704112
Q24935256,Q5822268
Q6296743,Q2085377
Q6296743,Q10306713
Q6296743,Q10341995
Q6296743,Q10359400
Q6296743,Q465191
Q6296743,Q4124883
Q6296743,Q7967244
Q6153278,Q726071
Q6749708,Q3545224
Q6749708,Q1814728
Q6749708,Q5911095
Q6749708,Q3543976
Q6749708,Q7907572
Q1190565,Q6532216
Q1190565,Q134969
Q1190565,Q214418
Q1190565,Q1757705
Q1190565,Q1891138
Q1190565,Q1860769
Q1190565,Q180598
Q1190565,Q116936
Q97942949,Q3036182
Q97942949,Q666697
Q97942949,Q3482481
Q97942949,Q3520048
Q97942949,Q3521870
Q97942949,Q30504
Q97942949,Q3066755
Q97942949,Q4372
Q11325235,Q794148
Q11325235,Q313779
Q11325235,Q5367991
Q11325235,Q1781317
Q11325235,Q3522161
Q1432934,Q466370
Q1432934,Q452817
Q1432934,Q214418
Q1432934,Q259381
Q1432934,Q2252204
Q1432934,Q3523007
Q1432934,Q7847550
Q370778,Q813076
Q370778,Q691568
Q370778,Q1028565
Q370778,Q944058
Q370778,Q497298
Q370778,Q7733724
Q370778,Q1542725
Q370778,Q7801491
Q8770312,Q3751827
Q8770312,Q3756625
Q8770312,Q3756611
Q189045,Q485820
Q189045,Q1060797
Q189045,Q382890
Q189045,Q1332158
Q189045,Q504464
Q189045,Q826255
Q189045,Q1120684
Q189045,Q488916
Q11331157,Q212455
Q109050964,Q7399791
Q12701217,Q19804505
Q12701217,Q12701605
Q12701217,Q20453682
Q206159,Q861190
Q206159,Q203736
Q206159,Q212533
Q206159,Q488260
Q206159,Q2306
Q206159,Q9619
Q206159,Q45354
Q206159,Q1407424
Q236932,Q858688
Q236932,Q804567
Q236932,Q869427
Q236932,Q212533
Q236932,Q743353
Q236932,Q488260
Q236932,Q1382357
Q236932,Q1407424
Q1702909,Q611878
Q1702909,Q1299
Q1702909,Q211526
Q1702909,Q188713
Q1702909,Q192725
Q236913,Q285966
Q236913,Q1430616
Q236913,Q1550383
Q236913,Q2306
Q236913,Q1191761
Q236913,Q1144015
Q109077288,Q1990153
Q109077288,Q1550383
Q109077288,Q1191761
Q109077288,Q1144015
Q703778,Q547272
Q703778,Q925641
Q703778,Q391969
Q703778,Q583344
Q703778,Q9619
Q703778,Q523184
Q703778,Q2706252
Q703778,Q1971690
Q4841596,Q5462258
Q4841596,Q1141495
Q4841596,Q500492
Q4841596,Q485167
Q4841596,Q1542958
Q4841596,Q1428876
Q4841596,Q3066755
Q4841596,Q29606
Q25345818,Q659238
Q25345818,Q15044595
Q25345818,Q5526109
Q25345818,Q4483079
Q25345818,Q286346
Q16254929,Q112659660
Q617240,Q578376
Q617240,Q137769
Q617240,Q1457648
Q617240,Q4991503
Q617240,Q1430616
Q617240,Q1243718
Q617240,Q7489104
Q3322869,Q1276886
Q3322869,Q5437960
Q3322869,Q4991503
Q3322869,Q1243718
Q3322869,Q2733408
Q3322869,Q60827
Q98528291,Q804567
Q98528291,Q883407
Q98528291,Q839904
Q98528291,Q1031338
Q98528291,Q2563698
Q135112758,Q4729606
Q1641839,Q170132
Q1641839,Q312264
Q1641839,Q127330
Q1641839,Q1500073
Q1641839,Q44190
Q1641839,Q188626
Q1641839,Q573017
Q1641839,Q103550
Q320592,Q1319707
Q320592,Q700817
Q320592,Q170132
Q320592,Q705382
Q320592,Q679697
Q320592,Q44892
Q320592,Q181874
Q320592,Q153616
Q209137,Q808235
Q209137,Q578270
Q209137,Q181341
Q209137,Q645980
Q209137,Q483828
Q209137,Q578979
Q209137,Q595705
Q209137,Q1412030
Q1929352,Q192463
Q1929352,Q607725
Q1929352,Q370400
Q1929352,Q600344
Q1929352,Q378958
Q1929352,Q2004533
Q1929352,Q1683782
Q675553,Q192463
Q675553,Q511074
Q675553,Q983338
Q107197766,Q1316590
Q107197766,Q1452648
Q107197766,Q7756866
Q107197766,Q1431360
Q83270,Q27593
Q83270,Q126826
Q83270,Q101505
Q83270,Q11895
Q83270,Q124179
Q83270,Q2331
Q83270,Q202314
Q83270,Q190155
Q12702016,Q12695781
Q12702016,Q622988
Q12702016,Q12712669
Q55296418,Q885101
Q55296418,Q1138029
Q55296418,Q1264108
Q55296418,Q7729893
Q55296418,Q14197609
Q49451,Q273171
Q49451,Q151012
Q49451,Q192353
Q49451,Q189382
Q49451,Q2306
Q49451,Q213923
Q49451,Q203871
Q49451,Q184386
Q727803,Q11194338
Q727803,Q972623
Q727803,Q1474555
Q727803,Q942311
Q727803,Q1031228
Q727803,Q729505
Q106621063,Q1619432
Q106621063,Q273171
Q106621063,Q151012
Q106621063,Q917450
Q106621063,Q912990
Q106621063,Q184386
Q100151423,Q1844695
Q100151423,Q7378794
Q100151423,Q7899283
Q1051843,Q678410
Q1051843,Q1856247
Q1051843,Q1781747
Q65937817,Q218255
Q65937817,Q636
Q65937817,Q175195
Q65937817,Q176457
Q65937817,Q533478
Q65937817,Q211965
Q253137,Q727362
Q253137,Q47871
Q253137,Q483285
Q253137,Q2306
Q253137,Q462380
Q253137,Q1364657
Q253137,Q93346
Q217467,Q5383
Q217467,Q636
Q217467,Q44190
Q217467,Q334648
Q217467,Q1344131
Q217467,Q238795
Q217467,Q205001
Q217467,Q103550
Q753520,Q758845
Q753520,Q292960
Q753520,Q617822
Q753520,Q1445071
Q753520,Q2080180
Q753520,Q374747
Q753520,Q426827
Q106581777,Q832086
Q106581777,Q126953
Q106581777,Q212533
Q106581777,Q921267
Q106581777,Q507327
Q106581777,Q493697
Q106581777,Q7881749
Q106581777,Q71787
Q852767,Q607725
Q852767,Q158462
Q852767,Q285190
Q852767,Q1869710
Q852767,Q507327
Q852767,Q378958
Q852767,Q1061590
Q852767,Q136591
Q76092,Q332032
Q76092,Q5383
Q76092,Q1126287
Q76092,Q334648
Q76092,Q156872
Q76092,Q234750
Q76092,Q487919
Q76092,Q211770
Q1123745,Q1428813
Q1123745,Q920964
Q1123745,Q830586
Q835891,Q902881
Q835891,Q523957
Q835891,Q1752769
Q835891,Q7542
Q835891,Q10708
Q835891,Q1133807
Q6868046,Q472895
Q6868046,Q4759874
Q6868046,Q4043845
Q6868046,Q7542
Q6868046,Q250905
Q6868046,Q1571747
Q6868046,Q2992193
Q12326776,Q47670
Q12326776,Q42482
Q12326776,Q83468
Q12326776,Q15920
Q12326776,Q19697
Q12326776,Q180880
Q12326776,Q131231
Q12326776,Q254138
Q38848,Q25507
Q38848,Q47670
Q38848,Q478750
Q38848,Q42482
Q38848,Q83468
Q38848,Q19697
Q38848,Q504090
Q38848,Q124147
Q370515,Q531934
Q370515,Q182890
Q370515,Q552377
Q370515,Q1142870
Q370515,Q42482
Q370515,Q504090
Q370515,Q1753013
Q370515,Q192861
Q211723,Q25507
Q211723,Q392768
Q211723,Q613022
Q211723,Q1383552
Q211723,Q19697
Q211723,Q1531369
Q211723,Q192861
Q108665742,Q679287
Q108665742,Q1457636
Q108665742,Q728109
Q108665742,Q1042234
Q108665742,Q3832108
Q108665742,Q2023278
Q108665742,Q1408267
Q108665742,Q386747
Q822914,Q808863
Q822914,Q815610
Q822914,Q1186459
Q822914,Q1385113
Q822914,Q730248
Q822914,Q1123016
Q822914,Q1052564
Q822914,Q2141857
Q725011,Q314245
Q725011,Q648940
Q725011,Q44078
Q725011,Q156139
Q725011,Q252200
Q725011,Q192260
Q188539,Q259254
Q188539,Q384023
Q188539,Q182890
Q188539,Q486688
Q188539,Q550602
Q188539,Q221494
Q188539,Q272239
Q1785028,Q430224
Q1785028,Q46252
Q1785028,Q1397782
Q1785028,Q11895
Q1785028,Q1428813
Q1785028,Q542073
Q186170,Q47670
Q186170,Q840197
Q186170,Q1325974
Q186170,Q498460
Q186170,Q1402704
Q186170,Q514336
Q186170,Q2062170
Q108979517,Q1137045
Q108979517,Q7124160
Q108979517,Q1402704
Q108979517,Q1627650
Q108979517,Q514336
Q108979517,Q957090
Q108979517,Q2062170
Q108979517,Q1814408
Q5834708,Q756237
Q5834708,Q840197
Q5834708,Q1242531
Q5834708,Q2139942
Q5834708,Q109312907
Q5834708,Q1131337
Q2738113,Q329220
Q2738113,Q1113168
Q2738113,Q2525009
Q2738113,Q2278773
Q2738113,Q1539810
Q2738113,Q981397
Q2738113,Q781042
Q2089511,Q487396
Q2089511,Q737199
Q2089511,Q976851
Q2089511,Q1627365
Q2089511,Q498460
Q2089511,Q750593
Q2089511,Q1480687
Q483352,Q109871
Q483352,Q728170
Q483352,Q151890
Q483352,Q83431
Q483352,Q15920
Q483352,Q239074
Q483352,Q131231
Q483352,Q309312
Q932977,Q1135391
Q932977,Q1142256
Q932977,Q500350
Q932977,Q1383448
Q932977,Q922034
Q932977,Q899032
Q932977,Q519031
Q932977,Q899341
Q56377253,Q687760
Q56377253,Q655652
Q56377253,Q459524
Q56377253,Q1786798
Q56377253,Q2512236
Q56377253,Q845926
Q56377253,Q91178
Q57143,Q152540
Q57143,Q212715
Q57143,Q154129
Q57143,Q274593
Q57143,Q158895
Q57143,Q193174
Q57143,Q740159
Q57143,Q201207
Q484344,Q850616
Q484344,Q162586
Q484344,Q754323
Q484344,Q548844
Q484344,Q18557
Q484344,Q462380
Q484344,Q648940
Q484344,Q184827
Q2532560,Q547666
Q2532560,Q569408
Q2532560,Q15835576
Q2532560,Q2071101
Q2532560,Q1430984
Q2532560,Q2031683
Q2532560,Q1735960
Q2532560,Q722960
Q20378,Q484255
Q20378,Q485039
Q20378,Q320499
Q20378,Q1412298
Q20378,Q622947
Q20378,Q741836
Q20378,Q45165
Q20378,Q184827
Q667659,Q924413
Q667659,Q320499
Q667659,Q902881
Q667659,Q1662335
Q667659,Q1478077
Q667659,Q741836
Q667659,Q10708
Q856872,Q803876
Q856872,Q890064
Q856872,Q833370
Q856872,Q240767
Q856872,Q72092
Q856872,Q1489237
Q263734,Q485039
Q263734,Q131366
Q263734,Q80304
Q263734,Q240767
Q263734,Q261
Q263734,Q254371
Q263734,Q254138
Q263734,Q45165
Q641357,Q638241
Q641357,Q324645
Q641357,Q1208011
Q641357,Q1420629
Q641357,Q1147061
Q641357,Q1382642
Q641357,Q780588
Q641357,Q845926
Q132438,Q157201
Q132438,Q193172
Q132438,Q160119
Q132438,Q264029
Q132438,Q152761
Q132438,Q208417
Q132438,Q485116
Q132438,Q192861
Q213149,Q192863
Q213149,Q157201
Q213149,Q1307916
Q213149,Q916688
Q213149,Q698362
Q213149,Q954332
Q213149,Q524495
Q213149,Q928093
Q13586773,Q3499560
Q13586773,Q814482
Q13586773,Q830536
Q13586773,Q881957
Q13586773,Q176546
Q111971710,Q331626
Q111971710,Q22908676
Q111971710,Q67025
Q1621467,Q567714
Q1621467,Q1035310
Q1621467,Q487479
Q1621467,Q58207
Q1621467,Q264029
Q1621467,Q1362139
Q1621467,Q124720
Q1621467,Q1886400
Q2997058,Q1145479
Q2997058,Q1122398
Q2997058,Q948214
Q2997058,Q7888496
Q2997058,Q62030625
Q2997058,Q465220
Q2997058,Q10715833
Q65937017,Q390300
Q65937017,Q193172
Q65937017,Q748646
Q65937017,Q1261136
Q65937017,Q667042
Q65937017,Q88296934
Q65937017,Q247696
Q65937017,Q763887
Q16855754,Q1517060
Q16855754,Q1991928
Q16855754,Q31838670
Q16855754,Q5245804
Q16855754,Q19840134
Q16855754,Q23954870
Q16855754,Q253559
Q16855754,Q2482652
Q28949059,Q1437316
Q28949059,Q1824505
Q28949059,Q2468561
Q28949059,Q1530667
Q28949059,Q2733776
Q28949059,Q1348912
Q12882577,Q1261136
Q12882577,Q942165
Q12882577,Q164718
Q12882577,Q954332
Q12882577,Q1429330
Q12882577,Q161725
Q108297198,Q160111
Q108297198,Q160119
Q108297198,Q5881397
Q108297198,Q1740665
Q108297198,Q1794838
Q108297198,Q3473629
Q108297198,Q335352
Q108297198,Q1640550
Q126954549,Q632229
Q126954549,Q903033
Q126954549,Q61061591
Q126954549,Q96381993
Q126954549,Q1786394
Q126954549,Q17103153
Q483251,Q485231
Q483251,Q283835
Q483251,Q506314
Q483251,Q526132
Q483251,Q309001
Q483251,Q334537
Q483251,Q830761
Q65943557,Q737199
Q65943557,Q676620
Q65943557,Q526132
Q65943557,Q1116390
Q65943557,Q309001
Q65943557,Q334537
Q65943557,Q830761
Q1076092,Q755034
Q1076092,Q745915
Q1076092,Q370835
Q1076092,Q1538284
Q1076092,Q672432
Q1076092,Q660835
Q1076092,Q686550
Q1076092,Q269450
Q112144256,Q131836798
Q112144256,Q1538284
Q112144256,Q20880743
Q112144256,Q269614
Q2265866,Q485231
Q2265866,Q669042
Q2265866,Q1156998
Q2265866,Q138818
Q2265866,Q549768
Q2265866,Q1666276
Q2265866,Q966231
Q2265866,Q269450
Q6130346,Q4668280
Q6130346,Q17986331
Q6130346,Q1156998
Q6130346,Q49405377
Q6130346,Q1666276
Q6130346,Q6375048
Q6130346,Q3565258
Q253918,Q192863
Q253918,Q163989
Q253918,Q540368
Q253918,Q171718
Q253918,Q157026
Q253918,Q258546
Q253918,Q1146675
Q253918,Q257615
Q1181308,Q526132
Q1181308,Q954348
Q1181308,Q543604
Q2599472,Q417451
Q2599472,Q533658
Q2599472,Q272260
Q2599472,Q589580
Q2599472,Q1145479
Q2599472,Q948214
Q2599472,Q245494
Q178145,Q46573
Q178145,Q914074
Q178145,Q750593
Q178145,Q952468
Q178145,Q687651
Q178145,Q240457
Q178145,Q761119
Q178145,Q633405
Q241662,Q1133406
Q241662,Q1383759
Q241662,Q207731
Q241662,Q319458
Q241662,Q180880
Q241662,Q1638101
Q241662,Q239074
Q241662,Q740623
Q1772422,Q341374
Q1772422,Q2288552
Q1772422,Q1325974
Q1772422,Q278406
Q1772422,Q29421154
Q1772422,Q2699736
Q1772422,Q7979339
Q484179,Q673758
Q484179,Q75788
Q484179,Q218178
Q484179,Q498448
Q484179,Q111337
Q484179,Q954332
Q484179,Q1126314
Q484179,Q1339778
Q2525544,Q1141894
Q2525544,Q75788
Q2525544,Q1133218
Q2525544,Q1345756
Q2525544,Q700978
Q2525544,Q1394264
Q15629158,Q326034
Q15629158,Q183260
Q15629158,Q708220
Q15629158,Q655629
Q15629158,Q836609
Q1433387,Q893604
Q1433387,Q1135386
Q1433387,Q28974
Q1433387,Q2740154
Q1433387,Q625917
Q1433387,Q594855
Q720959,Q341338
Q720959,Q3647810
Q720959,Q528912
Q720959,Q973113
Q720959,Q2469809
Q720959,Q1795082
Q720959,Q385618
Q98528292,Q2238317
Q98528292,Q1143521
Q98528292,Q740430
Q98528292,Q334093
Q98528292,Q119265
Q98528292,Q8050892
Q486415,Q389008
Q486415,Q178792
Q486415,Q76244
Q486415,Q158304
Q486415,Q43510
Q486415,Q162247
Q486415,Q57138
Q486415,Q327072
Q41343,Q2238317
Q41343,Q1143521
Q41343,Q740430
Q41343,Q302
Q41343,Q334093
Q41343,Q119265
Q41343,Q1746210
Q124080511,Q302
Q124080511,Q625917
Q5690120,Q885152
Q16096634,Q11190781
Q16096634,Q20667368
Q3908370,Q259254
Q3908370,Q182890
Q3908370,Q185144
Q3908370,Q550602
Q3908370,Q1631685
Q3908370,Q522849
Q56353998,Q2004743
Q56353998,Q1135391
Q56353998,Q528912
Q56353998,Q690775
Q56353998,Q180880
Q107267446,Q1870545
Q1431327,Q917541
Q1431327,Q5099040
Q1431327,Q1253897
Q1431327,Q4037666
Q1431327,Q1282674
Q1431327,Q1377134
Q1431327,Q1652399
Q1431327,Q218997
Q145980,Q2841001
Q145980,Q18395212
Q747717,Q364131
Q747717,Q1225
Q747717,Q345431
Q747717,Q270669
Q747717,Q781634
Q747717,Q573067
Q747717,Q14159626
Q747717,Q2117272
Q187760,Q202741
Q187760,Q908848
Q187760,Q206939
Q187760,Q205001
Q187760,Q950309
Q187760,Q858388
Q187760,Q178095
Q187760,Q667389
Q597240,Q1798554
Q597240,Q50037
Q597240,Q58381
Q597240,Q16011
Q597240,Q316485
Q597240,Q1569811
Q11366,Q484255
Q11366,Q485820
Q11366,Q11647
Q11366,Q11649
Q11366,Q10708
Q11366,Q484427
Q11366,Q268160
Q11366,Q396
Q1055871,Q512076
Q1055871,Q212455
Q1055871,Q5462201
Q1055871,Q1137427
Q1055871,Q218866
Q1055871,Q5359582
Q1055871,Q769123
Q1055871,Q179767
Q113563746,Q95688943
Q113563746,Q55525789
Q113563746,Q60989925
Q485395,Q180582
Q485395,Q378948
Q485395,Q323834
Q485395,Q4049828
Q485395,Q484427
Q485395,Q1778916
Q485395,Q751814
Q485395,Q644458
Q1164252,Q2262336
Q1164252,Q1541561
Q1164252,Q1079267
Q1164252,Q1092459
Q1164252,Q4042301
Q1164252,Q7575024
Q1164252,Q7642402
Q1164252,Q105525534
Q183504,Q58608
Q183504,Q170599
Q183504,Q1003115
Q183504,Q431355
Q183504,Q922445
Q183504,Q180598
Q183504,Q211583
Q183504,Q221021
Q267287,Q16866644
Q267287,Q7547506
Q267287,Q7621157
Q267287,Q3514534
Q267287,Q3519888
Q267287,Q1634063
Q267287,Q2410301
Q267287,Q2414853
Q592330,Q812842
Q592330,Q25349372
Q592330,Q588820
Q592330,Q176240
Q592330,Q272496
Q592330,Q1132765
Q592330,Q1754136
Q2545135,Q4921986
Q2545135,Q2617421
Q2545135,Q1126301
Q2545135,Q11897643
Q2545135,Q3561554
Q2545135,Q1406448
Q2545135,Q221021
Q108123046,Q22080761
Q108123046,Q16390683
Q108123046,Q622944
Q108123046,Q984331
Q108123046,Q14517
Q108123046,Q16740568
Q108123046,Q922445
Q108123046,Q1467927
Q1490170,Q639124
Q1490170,Q4879261
Q1490170,Q1773603
Q1490170,Q4037708
Q1490170,Q176240
Q1490170,Q941559
Q1490170,Q1329500
Q110141586,Q14620218
Q110141586,Q4875710
Q110141586,Q534389
Q110141586,Q21485176
Q110141586,Q4392541
Q110141586,Q1419255
Q110141586,Q1406448
Q896513,Q11894
Q896513,Q1213111
Q896513,Q11889
Q896513,Q882464
Q896513,Q11890
Q10926,Q1035235
Q10926,Q976991
Q10926,Q642988
Q10926,Q483285
Q10926,Q943982
Q10926,Q1361543
Q10926,Q1757786
Q3724735,Q485811
Q3724735,Q642988
Q3724735,Q1340444
Q3724735,Q473466
Q3724735,Q1753105
Q3724735,Q1757786
Q3724735,Q1649624
Q3724735,Q1959559
Q11363,Q867706
Q11363,Q1345926
Q11363,Q75763471
Q11363,Q1080874
Q11363,Q3885030
Q11363,Q709143
Q11363,Q1412964
Q9253748,Q1080874
Q9253748,Q3885030
Q9253748,Q7902265
Q131481683,Q300558
Q131481683,Q3672076
Q131481683,Q838942
Q131481683,Q302533
Q131481683,Q2012006
Q131481683,Q1324566
Q131481683,Q1474339
Q131481683,Q638286
Q39052425,Q4955640
Q39052425,Q1035235
Q39052425,Q1690790
Q39052425,Q1277127
Q39052425,Q1649624
Q2187392,Q503037
Q2187392,Q1141495
Q2187392,Q4387765
Q2187392,Q45752
Q2187392,Q214990
Q2187392,Q666697
Q2187392,Q1430158
Q2187392,Q587713
Q1987105,Q950290
Q1987105,Q696898
Q1987105,Q1933496
Q1987105,Q1378050
Q1987105,Q500101
Q1987105,Q218149
Q1995980,Q1522079
Q1995980,Q840882
Q1995980,Q2465058
Q1995980,Q1217509
Q1995980,Q2633283
Q1995980,Q32543
Q1995980,Q2299850
Q11365,Q484255
Q11365,Q1127431
Q11365,Q624790
Q11365,Q898820
Q11365,Q11649
Q11365,Q142701
Q11365,Q1411035
Q11365,Q174817
Q272167,Q502291
Q272167,Q2476387
Q272167,Q1668512
Q272167,Q841042
Q272167,Q2069239
Q272167,Q4371
Q272167,Q1502037
Q272167,Q924292
Q379671,Q175097
Q379671,Q308816
Q379671,Q483718
Q379671,Q165714
Q379671,Q483802
Q379671,Q157327
Q379671,Q266496
Q2324411,Q371997
Q2324411,Q611179
Q2324411,Q1978005
Q2324411,Q420880
Q2324411,Q209956
Q3231749,Q45188
Q3231749,Q126128
Q3231749,Q665798
Q3231749,Q1335095
Q3231749,Q484311
Q3231749,Q188407
Q3231749,Q1051417
Q3231749,Q160103
Q2526653,Q259254
Q2526653,Q482907
Q2526653,Q483718
Q2526653,Q275059
Q2526653,Q464749
Q2526653,Q2117272
Q2526653,Q190155
Q2526653,Q136591
Q877693,Q224565
Q877693,Q214039
Q877693,Q158175
Q877693,Q261
Q877693,Q72092
Q877693,Q159351
Q877693,Q7857806
Q2281409,Q205838
Q2281409,Q58381
Q2281409,Q173180
Q2281409,Q489801
Q2281409,Q214990
Q2281409,Q464109
Q2281409,Q205001
Q2281409,Q220730
Q131425,Q999313
Q131425,Q379852
Q131425,Q24760
Q131425,Q853545
Q131425,Q256319
Q131425,Q769325
Q131425,Q179767
Q1132152,Q811021
Q1132152,Q2463731
Q1132152,Q3090295
Q1132152,Q578979
Q1132152,Q7701476
Q1132152,Q20019100
Q113676976,Q1803842
Q113676976,Q3990545
Q13060093,Q4280436
Q13060093,Q15982936
Q3606268,Q2866938
Q3606268,Q22121823
Q3606268,Q1890473
Q3606268,Q17109370
Q3606268,Q18395212
Q379033,Q259254
Q379033,Q204289
Q379033,Q275059
Q379033,Q464749
Q379033,Q124179
Q379033,Q15862
Q379033,Q845084
Q16527140,Q204289
Q16527140,Q275059
Q16527140,Q464749
Q16527140,Q204328
Q16527140,Q845084
Q16527140,Q1135315
Q16527140,Q207472
Q56351111,Q189635
Q56351111,Q2331
Q56351111,Q2306
Q56351111,Q15862
Q56351111,Q1299
Q56351111,Q1407424
Q56351111,Q11036
Q56351111,Q93346
Q1391336,Q8349
Q1391336,Q205356
Q1391336,Q868265
Q1391336,Q179652
Q1391336,Q205780
Q1391336,Q863573
Q1391336,Q2117518
Q6110311,Q501467
Q6110311,Q2240661
Q6110311,Q184217
Q6110311,Q598585
Q6110311,Q6160277
Q6453929,Q1282901
Q6453929,Q4353626
Q98528293,Q222628
Q98528293,Q1760836
Q98528293,Q11328522
Q98528293,Q1456447
Q98528293,Q188713
Q98528293,Q93346
Q2280273,Q3954067
Q2280273,Q7722658
Q2280273,Q916461
Q2280273,Q3987870
Q2280273,Q835289
Q2280273,Q7261422
Q25554481,Q464476
Q25554481,Q939329
Q25554481,Q208211
Q25554481,Q47871
Q25554481,Q81509
Q25554481,Q483407
Q25554481,Q82545
Q25554481,Q125603
Q27190,Q830316
Q27190,Q830586
Q27190,Q2294322
Q27190,Q904921
Q27190,Q208767
Q27190,Q103550
Q3071,Q939329
Q3071,Q557
Q3071,Q483407
Q3071,Q82545
Q3071,Q125603
Q3071,Q940536
Q3071,Q1135620
Q3071,Q28561969
Q486365,Q429952
Q486365,Q842336
Q486365,Q925601
Q486365,Q768132
Q486365,Q2719617
Q486365,Q2141308
Q486365,Q8074653
Q646679,Q1196229
Q646679,Q701692
Q646679,Q896398
Q646679,Q452100
Q646679,Q49661565
Q646679,Q153996
Q646679,Q538465
Q646679,Q2453750
Q2296495,Q1554171
Q2296495,Q4050792
Q2296495,Q2614717
Q2296495,Q2396318
Q2296495,Q3065138
Q2296495,Q28405869
Q2296495,Q600184
Q140626408,Q3065138
Q140626408,Q2413447
Q274401,Q521396
Q274401,Q884460
Q274401,Q600311
Q274401,Q973104
Q274401,Q959100
Q274401,Q1472482
Q274401,Q1751483
Q274401,Q1089581
Q1784032,Q1888098
Q487914,Q482477
Q487914,Q939329
Q487914,Q301142
Q487914,Q47871
Q487914,Q850645
Q487914,Q570025
Q487914,Q483558
Q487914,Q1501348
Q25099691,Q229496
Q25099691,Q524822
Q25099691,Q566173
Q25099691,Q1348695
Q25099691,Q864991
Q11661531,Q905073
Q11661531,Q10504997
Q11661531,Q11201367
Q11661531,Q910170
Q460674,Q1064319
Q460674,Q927112
Q460674,Q165846
Q460674,Q665979
Q460674,Q1382101
Q460674,Q591691
Q460674,Q1327973
Q460674,Q604695
Q2657409,Q1075851
Q2657409,Q1753290
Q2657409,Q690543
Q2657409,Q165846
Q2657409,Q1327973
Q2657409,Q2164974
Q2657409,Q604695
Q116148184,Q1075851
Q116148184,Q1753290
Q116148184,Q7600720
Q107697441,Q83814
Q107697441,Q7645874
Q10922,Q395013
Q10922,Q798671
Q10922,Q464476
Q10922,Q522463
Q10922,Q1140657
Q10922,Q208211
Q10922,Q1228418
Q10922,Q81509
Q1151260,Q574789
Q1151260,Q1228418
Q1151260,Q2321577
Q1151260,Q304675
Q1151260,Q771968
Q1151260,Q1809773
Q1151260,Q3995971
Q1151260,Q1365306
Q118640020,Q2321577
Q1995569,Q1142256
Q1995569,Q5250362
Q1995569,Q500350
Q1995569,Q1581736
Q542703,Q201669
Q542703,Q1113984
Q542703,Q747112
Q542703,Q301142
Q542703,Q862223
Q542703,Q754051
Q542703,Q246352
Q542703,Q951170
Q383615,Q574728
Q383615,Q1062552
Q383615,Q601984
Q383615,Q1422960
Q383615,Q117684
Q383615,Q2253282
Q1750088,Q4033175
Q1750088,Q884460
Q1750088,Q1062552
Q1750088,Q1228418
Q1750088,Q601984
Q1750088,Q117684
Q1750088,Q3988639
Q1750088,Q2001096
Q89423271,Q484595
Q89423271,Q56248912
Q89423271,Q2574419
Q89423271,Q23786494
Q89423271,Q7563397
Q188534,Q1826593
Q188534,Q994671
Q188534,Q1385506
Q188534,Q321762
Q188534,Q1500192
Q188534,Q677891
Q188534,Q1853330
Q188534,Q965154
Q888612,Q405269
Q888612,Q517472
Q888612,Q1937415
Q888612,Q965154
Q1147692,Q283835
Q1147692,Q668808
Q1147692,Q517472
Q1147692,Q1501681
Q1147692,Q1567719
Q1147692,Q458326
Q1147692,Q1806706
Q1147692,Q1783268
Q584752,Q689234
Q18915482,Q391393
Q9050551,Q484595
Q9050551,Q56248912
Q9050551,Q7563397
Q825769,Q460542
Q825769,Q3618794
Q825769,Q304675
Q825769,Q5706948
Q825769,Q1424928
Q825769,Q2485312
Q825769,Q12712669
Q825769,Q1365306
Q28070612,Q8058534
Q112628069,Q3738658
Q112628069,Q5505351
Q112628069,Q1424928
Q112628069,Q12712669
Q112593597,Q15784848
Q112593597,Q1206752
Q112593597,Q5706948
Q112593597,Q2210985
Q1784106,Q5035789
Q1784106,Q5075804
Q1784106,Q5188559
Q1784106,Q29636387
Q1784106,Q3844211
Q1784106,Q7044051
Q1784106,Q5554341
Q5724040,Q548907
Q5724040,Q1627373
Q183862,Q620454
Q183862,Q281894
Q183862,Q636135
Q183862,Q268359
Q183862,Q944143
Q183862,Q462709
Q183862,Q282855
Q183862,Q939139
Q475221,Q1044027
Q475221,Q597911
Q475221,Q1198118
Q475221,Q1348291
Q475221,Q17125981
Q475221,Q431700
Q475221,Q2430218
Q475221,Q1138974
Q616679,Q848428
Q616679,Q1035247
Q616679,Q3676067
Q616679,Q281894
Q616679,Q406379
Q616679,Q7361393
Q616679,Q961810
Q616679,Q1307025
Q110121422,Q12303765
Q4490718,Q654147
Q4490718,Q693583
Q4490718,Q240703
Q4490718,Q537954
Q4490718,Q485385
Q4490718,Q462709
Q4490718,Q1353720
Q4490718,Q390684
Q2084353,Q731642
Q2084353,Q757859
Q2084353,Q1141268
Q2084353,Q912581
Q2084353,Q953083
Q2084353,Q6088401
Q3046632,Q300386
Q3046632,Q584447
Q3046632,Q186318
Q3046632,Q2274674
Q30587784,Q850616
Q30587784,Q679818
Q30587784,Q20191939
Q30587784,Q15835576
Q30587784,Q7059558
Q30587784,Q2071101
Q30587784,Q1573029
Q133601921,Q113950871
Q133601921,Q722960
Q2225757,Q5448015
Q2225757,Q406379
Q2225757,Q961810
Q2225757,Q913673
Q2225757,Q2661106
Q2225757,Q147129
Q2035976,Q163597
Q2035976,Q646546
Q2035976,Q3521879
Q131286017,Q803876
Q131286017,Q268359
Q131286017,Q764671
Q131286017,Q1921113
Q830325,Q805877
Q830325,Q884489
Q830325,Q495322
Q830325,Q311785
Q830325,Q778278
Q830325,Q2164812
Q830325,Q538634
Q13627677,Q494215
Q13627677,Q1552705
Q13627677,Q836686
Q13627677,Q257712
Q13627677,Q1361146
Q13627677,Q2412878
Q13627677,Q1273740
Q13627677,Q2164080
Q1990122,Q2337562
Q1990122,Q938630
Q1990122,Q1427343
Q1990122,Q917861
Q1990122,Q48304
Q1990122,Q1570833
Q1990122,Q1263874
Q930995,Q5447495
Q930995,Q3109658
Q930995,Q6549903
Q930995,Q2253861
Q930995,Q2398467
Q930995,Q7840359
Q828305,Q3805230
Q828305,Q1338793
Q828305,Q375364
Q828305,Q265222
Q828305,Q754051
Q828305,Q2303544
Q828305,Q899341
Q677542,Q270055
Q677542,Q860153
Q677542,Q30509
Q677542,Q5419732
Q677542,Q5694936
Q677542,Q5929728
Q677542,Q1431678
Q677542,Q1891322
Q2715283,Q805038
Q2715283,Q1419043
Q2715283,Q46644
Q2715283,Q1362482
Q65089257,Q30196568
Q65089257,Q45898094
Q65089257,Q38002101
Q65089257,Q27671080
Q65089257,Q42224353
Q65089257,Q42211709
Q65089257,Q28561969
Q476983,Q16961880
Q476983,Q7762693
Q476983,Q7771583
Q598929,Q1130624
Q598929,Q172763
Q598929,Q1500073
Q598929,Q845265
Q598929,Q323834
Q598929,Q205001
Q598929,Q909916
Q598929,Q1135620
Q1643549,Q371
Q1643549,Q300348
Q1643549,Q5254556
Q1643549,Q1130624
Q1643549,Q45752
Q1643549,Q3242293
Q1643549,Q1426495
Q2343562,Q2842516
Q2343562,Q1094740
Q2343562,Q1933273
Q2343562,Q123867
Q2343562,Q3295408
Q2343562,Q16666774
Q2343562,Q3354052
Q2343562,Q2300231
Q823080,Q2928714
Q823080,Q433661
Q823080,Q45359
Q823080,Q1404339
Q823080,Q3390466
Q3840596,Q1095015
Q3840596,Q324400
Q3840596,Q703936
Q3840596,Q15110870
Q3840596,Q20088184
Q3840596,Q545686
Q3840596,Q644458
Q284543,Q2290182
Q284543,Q588820
Q284543,Q1138865
Q284543,Q324400
Q284543,Q1393568
Q284543,Q6691331
Q284543,Q1778165
Q284543,Q1754136
Q899116,Q631589
Q899116,Q301984
Q899116,Q324400
Q899116,Q1327978
Q899116,Q839408
Q1362878,Q697508
Q1362878,Q558464
Q1362878,Q2142533
Q1899347,Q205838
Q1899347,Q570393
Q1899347,Q65056403
Q1899347,Q173180
Q1899347,Q331790
Q1899347,Q141703
Q1899347,Q211583
Q1899347,Q641858
Q133501932,Q371
Q133501932,Q773953
Q133501932,Q840882
Q133501932,Q45752
Q133501932,Q1463593
Q133501932,Q2983671
Q133501932,Q1426495
Q659599,Q908848
Q659599,Q1364766
Q659599,Q1939097
Q659599,Q1500073
Q659599,Q1442188
Q659599,Q2142713
Q659599,Q1135620
Q377910,Q690904
Q377910,Q1089650
Q377910,Q277865
Q377910,Q1529784
Q377910,Q862223
Q377910,Q728559
Q377910,Q1358175
Q377910,Q1433169
Q3724778,Q1335095
Q3724778,Q1172137
Q3724778,Q75763471
Q3724778,Q388861
Q3724778,Q3882507
Q3724778,Q943982
Q106594784,Q2844869
Q106594784,Q3017011
Q106594784,Q65117623
Q106594784,Q1605508
Q106594784,Q981180
Q2426383,Q229496
Q2426383,Q885177
Q2426383,Q925946
Q2426383,Q1935572
Q141458789,Q603579
Q141458789,Q3013333
Q141458789,Q20684153
Q141458789,Q664871
Q141458789,Q178594
Q115684103,Q4657951
Q115684103,Q3013333
Q115684103,Q60744025
Q115684103,Q20684153
Q115684103,Q27817063
Q115684103,Q19881943
Q2268922,Q5244658
Q2268922,Q1132613
Q2268922,Q4048016
Q2268922,Q1398604
Q2268922,Q2406841
Q2268922,Q2252204
Q1425661,Q181684
Q1425661,Q4034017
Q1425661,Q508412
Q1425661,Q4356183
Q1425661,Q15053742
Q1425661,Q484969
Q1425661,Q48304
Q1425661,Q1134615
Q2551540,Q732205
Q2551540,Q1398604
Q2551540,Q1417601
Q2551540,Q268160
Q7308175,Q224565
Q7308175,Q2410892
Q7308175,Q6068302
Q7308175,Q3421778
Q7308175,Q3486668
Q7308175,Q591691
Q7308175,Q178095
Q7354827,Q180975
Q7354827,Q1346345
Q7354827,Q449002
Q719927,Q807957
Q719927,Q218255
Q719927,Q273171
Q719927,Q214486
Q719927,Q211965
Q719927,Q900864
Q719927,Q1360643
Q106654134,Q908848
Q106654134,Q1887278
Q106654134,Q7632349
Q106654134,Q950309
Q106654134,Q1413926
Q43343,Q392
Q43343,Q1192339
Q43343,Q131725
Q43343,Q314310
Q43343,Q244441
Q43343,Q528937
Q43343,Q662577
Q43343,Q4061
Q1195630,Q170726
Q1195630,Q695653
Q1195630,Q467069
Q1195630,Q1044154
Q1195630,Q736099
Q1195630,Q737751
Q1195630,Q1054527
Q674684,Q13081230
Q674684,Q13081522
Q674684,Q1287224
Q674684,Q452785
Q674684,Q83499
Q674684,Q144347
Q674684,Q6470729
Q1692318,Q1960658
Q3622181,Q3750957
Q3622181,Q11697214
Q1026089,Q2893053
Q1026089,Q3011042
Q1026089,Q1251780
Q1026089,Q3154632
Q1026089,Q2324713
Q1026089,Q532475
Q1026089,Q3499085
Q1026089,Q3519860
Q212024,Q4038788
Q212024,Q231923
Q212024,Q237633
Q212024,Q273233
Q139566448,Q3126025
Q139566448,Q1586825
Q139566448,Q231923
Q139566448,Q6915818
Q139566448,Q273233
Q139566448,Q3440096
Q139566448,Q2484851
Q482981,Q12605726
Q482981,Q6372726
Q482981,Q26260697
Q482981,Q7125397
Q3083000,Q130532
Q3083000,Q10682
Q3083000,Q10678
Q220528,Q529340
Q220528,Q331263
Q220528,Q510704
Q220528,Q3458835
Q220528,Q1395666
Q220528,Q1500297
Q2389651,Q5214626
Q2389651,Q3051334
Q2389651,Q3827948
Q2389651,Q2610362
Q2389651,Q7489953
Q2389651,Q1409039
Q185676,Q730481
Q185676,Q214813
Q185676,Q463930
Q185676,Q718180
Q185676,Q983479
Q185676,Q463925
Q185676,Q247386
Q185676,Q463918
Q5141514,Q375610
Q5141514,Q16492076
Q5141514,Q4801647
Q5141514,Q952965
Q5141514,Q559269
Q5141514,Q555770
Q106298881,Q392
Q106298881,Q131725
Q106298881,Q205721
Q106298881,Q244441
Q106298881,Q654716
Q106298881,Q379802
Q106298881,Q484918
Q106298881,Q59965
Q606089,Q5087038
Q606089,Q491092
Q606089,Q1702316
Q606089,Q121602937
Q606089,Q27743
Q606089,Q7772770
Q649634,Q1145652
Q649634,Q472578
Q649634,Q211588
Q649634,Q1427551
Q649634,Q365670
Q649634,Q1500510
Q649634,Q65972849
Q1414130,Q6530807
Q466445,Q1677192
Q466445,Q6129841
Q466445,Q705040
Q466445,Q1507752
Q466445,Q3938177
Q466445,Q3948333
Q1500364,Q317427
Q1500364,Q1368192
Q1500364,Q538395
Q1500364,Q1342505
Q1500364,Q1500510
Q1500364,Q63067885
Q2404568,Q4701665
Q2404568,Q547272
Q2404568,Q1105391
Q2404568,Q223443
Q2404568,Q1368192
Q2404568,Q233061
Q2404568,Q642730
Q2404568,Q1692558
Q98528183,Q5073885
Q98528183,Q16954370
Q98528183,Q642730
Q98528183,Q3503801
Q10387147,Q9639349
Q10387147,Q6702758
Q10387147,Q10325378
Q10387147,Q2756134
Q134889869,Q6978753
Q1773654,Q442207
Q1773654,Q1386899
Q1773654,Q6070186
Q1773654,Q520296
Q1773654,Q6375866
Q1773654,Q447032
Q1773654,Q740729
Q775614,Q874358
Q775614,Q739657
Q775614,Q1181285
Q775614,Q1438192
Q775614,Q310162
Q775614,Q1971254
Q106621114,Q739657
Q106621114,Q1181285
Q106621114,Q1971254
Q106621114,Q1756151
Q106621114,Q2120164
Q574651,Q433060
Q574651,Q541940
Q574651,Q712910
Q574651,Q3891705
Q574651,Q229274
Q574651,Q747512
Q1317816,Q357340
Q1317816,Q852335
Q1317816,Q361881
Q1317816,Q315107
Q1317816,Q236735
Q1317816,Q849875
Q1317816,Q319502
Q1317816,Q930112
Q28401204,Q232462
Q28401204,Q915714
Q28401204,Q319502
Q28401204,Q145515
Q108297184,Q233061
Q108297184,Q19646960
Q5934478,Q708582
Q5934478,Q3141228
Q98528178,Q233061
Q98528178,Q211588
Q98528178,Q319502
Q11700058,Q317427
Q11700058,Q297097
Q11700058,Q953918
Q11700058,Q484918
Q11700058,Q236112
Q11700058,Q211277
Q11700058,Q187814
Q123421101,Q555623
Q123421101,Q6679405
Q123421101,Q953918
Q123421101,Q509702
Q123421101,Q219519
Q123421101,Q2076097
Q123421101,Q496101
Q136335965,Q862097
Q136335965,Q538395
Q136335965,Q297486
Q6040713,Q109522010
Q6040713,Q6683393
Q6040713,Q5551605
Q6040713,Q3440329
Q617338,Q97483826
Q617338,Q3511609
Q245296,Q2893080
Q245296,Q893231
Q245296,Q999968
Q245296,Q2930445
Q245296,Q1101377
Q245296,Q3194737
Q245296,Q3147762
Q245296,Q3437970
Q111186967,Q2893080
Q111186967,Q329610
Q111186967,Q3194737
Q111186967,Q8075741
Q1470503,Q98456012
Q1470503,Q112269673
Q1470503,Q7022497
Q1470503,Q2032898
Q2087267,Q343627
Q2087267,Q557003
Q2087267,Q232752
Q2087267,Q6751214
Q2087267,Q434106
Q2087267,Q12884049
Q2087267,Q737903
Q2087267,Q7622239
Q109713745,Q229606
Q109713745,Q606439
Q109713745,Q235949
Q109713745,Q1383970
Q109713745,Q722484
Q109713745,Q719110
Q109713745,Q4503270
Q109713745,Q2363489
Q446241,Q641531
Q446241,Q530251
Q446241,Q691139
Q446241,Q326034
Q446241,Q702867
Q446241,Q183260
Q446241,Q708220
Q446241,Q655629
Q96647680,Q104490038
Q1798870,Q691139
Q1798870,Q1568235
Q1798870,Q50179341
Q1798870,Q1749482
Q1798870,Q2120164
Q786815,Q337143
Q786815,Q237385
Q786815,Q291970
Q786815,Q267822
Q786815,Q79191
Q786815,Q236943
Q786815,Q1285105
Q786815,Q284488
Q108616106,Q1095358
Q108616106,Q465636
Q108616106,Q1233734
Q108616106,Q2661396
Q108616106,Q7082838
Q108616106,Q3817217
Q108616106,Q1412029
Q108616106,Q7819562
Q12302,Q2878967
Q7770873,Q523178
Q7770873,Q3588776
Q7770873,Q1555337
Q7770873,Q3179415
Q7770873,Q1892935
Q7770873,Q3531839
Q7770873,Q456538
Q2891921,Q10341548
Q13058900,Q3347988
Q13058900,Q3349799
Q13058900,Q7261330
Q13058900,Q13059796
Q1033073,Q382570
Q1033073,Q974970
Q774475,Q17092262
Q2447797,Q725953
Q2447797,Q4984912
Q2447797,Q6183761
Q2447797,Q6968206
Q2447797,Q8026083
Q854451,Q10681
Q854451,Q434372
Q854451,Q1034596
Q854451,Q192609
Q854451,Q763092
Q854451,Q1410132
Q854451,Q662577
Q854451,Q478629
Q110606359,Q16495229
Q110606359,Q304391
Q110606359,Q3816355
Q110606359,Q266271
Q110606359,Q137804
Q4208567,Q28155448
Q597493,Q284017
Q597493,Q5979474
Q597493,Q1041947
Q597493,Q6553529
Q597493,Q9024019
Q597493,Q216450
Q1060475,Q5699952
Q1060475,Q5072093
Q1060475,Q5836951
Q1060475,Q5921010
Q1060475,Q601577
Q1060475,Q439182
Q1060475,Q7849095
Q106634987,Q1552700
Q106634987,Q6653482
Q106634987,Q715384
Q106634987,Q22337570
Q106634987,Q436236
Q2159891,Q2372239
Q1443316,Q214548
Q1443316,Q72984
Q1443316,Q230925
Q1443316,Q1529102
Q1443316,Q41076
Q1443316,Q137042
Q1443316,Q333405
Q1443316,Q1360643
Q15042720,Q270830
Q15042720,Q127643
Q15042720,Q2423005
Q15042720,Q457655
Q15042720,Q242084
Q15042720,Q521949
Q15042720,Q4822616
Q15042720,Q259152
Q766240,Q5979530
Q766240,Q6270848
Q766240,Q3290634
Q5793651,Q5979530
Q5793651,Q7351847
Q1156570,Q12227879
Q1156570,Q619303
Q2138543,Q255725
Q121437389,Q19694577
Q121437389,Q108208363
Q535328,Q5593993
Q535328,Q164201
Q535328,Q6754546
Q535328,Q7322526
Q882985,Q2723980
Q2000173,Q81120980
Q2000173,Q3128141
Q2000173,Q3277803
Q107123896,Q20730471
Q107123896,Q330419
Q107123896,Q810481
Q107123896,Q1435087
Q107123896,Q546235
Q107123896,Q551576
Q107123896,Q773793
Q107123896,Q380711
Q2307786,Q5671685
Q2307786,Q8559966
Q2307786,Q8961801
Q2307786,Q10751549
Q2307786,Q7190493
Q5903971,Q10751549
Q722989,Q900578
Q722989,Q236312
Q220535,Q794815
Q627181,Q4472054
Q627181,Q1192339
Q7482056,Q434372
Q7482056,Q192609
Q7482056,Q1179823
Q7482056,Q763092
Q7482056,Q1410132
Q7482056,Q662577
Q7482056,Q1209252
Q7482056,Q478629
Q771291,Q5222024
Q771291,Q3147363
Q771291,Q2448688
Q3160589,Q2382303
Q744327,Q16945221
Q744327,Q464191
Q744327,Q379684
Q744327,Q464204
Q744327,Q1398096
Q1202208,Q5767112
Q1202208,Q50398989
Q1202208,Q3534561
Q1202208,Q7319541
Q1202208,Q2519623
Q947155,Q4479007
Q947155,Q1641056
Q1428470,Q16114625
Q1428470,Q15405752
Q212944,Q3616567
Q212944,Q4958389
Q212944,Q5229964
Q212944,Q512168
Q212944,Q11687266
Q212944,Q1351126
Q212944,Q1751786
Q6444335,Q5483929
Q6444335,Q1887441
Q16572889,Q3930163
Q16572889,Q3954017
Q1785243,Q3335478
Q942955,Q203413
Q942955,Q284017
Q901610,Q3236273
Q901610,Q11379993
Q2278881,Q240841
Q2278881,Q7071588
Q2278881,Q7335050
Q2278881,Q837482
Q15975701,Q6668481
Q15975701,Q18986556
Q972424,Q1044384
Q972424,Q1066976
Q972424,Q1411165
Q972424,Q1523075
Q972424,Q7009927
Q972424,Q1412029
Q972424,Q7819562
Q972424,Q2492614
Q359607,Q300406
Q359607,Q2289503
Q108055228,Q4982393
Q108055228,Q7502608
Q108055228,Q7518805
Q118744381,Q6201257
Q89363113,Q392
Q89363113,Q217787
Q89363113,Q310300
Q89363113,Q205721
Q89363113,Q1276
Q89363113,Q633
Q89363113,Q211588
Q89363113,Q4028
Q4056436,Q2459284
Q4056436,Q239652
Q4056436,Q512
Q4056436,Q750943
Q4056436,Q582152
Q4078107,Q973400
Q4078107,Q119590
Q4078107,Q949424
Q108297209,Q25106
Q108297209,Q114285
Q108297209,Q559529
Q108297209,Q25147
Q108297209,Q470554
Q108297209,Q167546
Q108297209,Q469068
Q108297209,Q179516
Q1151259,Q284017
Q1151259,Q1068887
Q1151259,Q216450
Q1151259,Q560953
Q1151259,Q1140278
Q1151259,Q377956
Q1151259,Q230499
Q497957,Q139465
Q497957,Q2294741
Q497957,Q560953
Q497957,Q9074523
Q497957,Q377956
Q497957,Q2067516
Q3879286,Q41265
Q3879286,Q1068887
Q3879286,Q6077732
Q3879286,Q583025
Q3879286,Q1140278
Q3879286,Q230499
Q3879286,Q432069
Q98528181,Q2963377
Q98528181,Q470732
Q98528181,Q1398571
Q98528181,Q981236
Q9051102,Q216450
Q9051102,Q16186057
Q9051102,Q6147534
Q2956176,Q547034
Q2956176,Q1804
Q2956176,Q449
Q2956176,Q1666
Q2956176,Q54885
Q2956176,Q320146
Q12257561,Q3752508
Q12257561,Q4890261
Q12257561,Q379992
Q12257561,Q3091084
Q106917640,Q503717
Q106917640,Q1889636
Q98528299,Q77745
Q98528299,Q65491
Q98528299,Q45373
Q98528299,Q164721
Q98528299,Q323063
Q109350090,Q375610
Q109350090,Q10280322
Q109350090,Q559269
Q109350090,Q983914
Q109350090,Q939347
Q254890,Q5409276
Q254890,Q9001292
Q254890,Q312753
Q254890,Q7999
Q254890,Q237042
Q254890,Q452094
Q254890,Q2734296
Q254890,Q3051570
Q98528264,Q1488078
Q98528264,Q6393036
Q98528264,Q3228823
Q98528264,Q7562018
Q109526125,Q1518965
Q109526125,Q7092163
Q3980452,Q392
Q3980452,Q5111843
Q3980452,Q4061
Q2036172,Q3656583
Q3980643,Q3879772
Q108981355,Q3527978
Q29252685,Q3184006
Q29252685,Q966088
Q3541635,Q7677031
Q3541635,Q603171
Q1810546,Q660599
Q1810546,Q252734
Q1810546,Q463818
Q1810546,Q326819
Q1810546,Q1953954
Q1810546,Q1653946
Q1810546,Q349194
Q89099707,Q401893
Q89099707,Q248059
Q1195253,Q1678866
Q1195253,Q3496491
Q60030725,Q20235
Q60030725,Q366358
Q3106448,Q1073943
Q3106448,Q1041947
Q3106448,Q6553529
Q3106448,Q216450
Q18345375,Q200131
Q18345375,Q474045
Q18345375,Q184697
Q18345375,Q738404
Q18345375,Q122003
Q18345375,Q34424
Q18345375,Q317122
Q18217098,Q16840946
Q9764,Q603123
Q9764,Q312093
Q9764,Q729973
Q9764,Q153300
Q9764,Q729933
Q9764,Q729964
Q9764,Q505159
Q3053954,Q637380
Q3053954,Q576420
Q3053954,Q153300
Q3053954,Q2240661
Q3053954,Q1755388
Q3053954,Q28843759
Q3053954,Q505159
Q1426909,Q269335
Q1426909,Q1062314
Q1426909,Q518103
Q1426909,Q153300
Q1426909,Q1860517
Q108297241,Q1060648
Q108297241,Q40586
Q108297241,Q3323178
Q108297241,Q270828
Q108297241,Q28843759
Q108297241,Q251210
Q282131,Q1283083
Q282131,Q504583
Q282131,Q1702424
Q282131,Q158753
Q282131,Q1582170
Q282131,Q457379
Q282131,Q2273190
Q282131,Q973166
Q3855113,Q475963
Q3855113,Q5941036
Q3855113,Q385861
Q3855113,Q1529927
Q9031739,Q3392753
Q6819034,Q5441484
Q6819034,Q7688132
Q6819034,Q292853
Q7142141,Q5752293
Q7142141,Q1395127
Q7142141,Q3350611
Q1076539,Q2422968
Q1076539,Q465902
Q1076539,Q1356808
Q1076539,Q5645273
Q1076539,Q923012
Q1076539,Q1690855
Q1076539,Q281086
Q1076539,Q1929085
Q3889661,Q1042647
Q3889661,Q121655
Q3889661,Q465902
Q3889661,Q10316110
Q752785,Q4356602
Q752785,Q1176403
Q752785,Q214959
Q752785,Q375888
Q752785,Q938082
Q752785,Q6679777
Q752785,Q205876
Q752785,Q7339869
Q1090048,Q5309380
Q1090048,Q7334080
Q1090048,Q7639216
Q586110,Q560788
Q586110,Q5290443
Q586110,Q465351
Q586110,Q17379763
Q586110,Q329698
Q586110,Q982314
Q586110,Q10384826
Q10283582,Q3631117
Q10283582,Q9674234
Q10283582,Q10318415
Q10283582,Q10327219
Q10283582,Q10288367
Q108857881,Q107605286
Q108857881,Q105902791
Q108857881,Q105467202
Q108857881,Q105461805
Q10283584,Q17379763
Q10283584,Q10357548
Q2420447,Q2831849
Q2420447,Q3286792
Q2420447,Q3296479
Q2420447,Q7166241
Q2420447,Q1647843
Q1574985,Q2890515
Q1574985,Q4914497
Q1574985,Q965888
Q1574985,Q5256493
Q1574985,Q6278435
Q1574985,Q3112679
Q1574985,Q248353
Q11403,Q199666
Q11403,Q458663
Q11403,Q2710419
Q11403,Q447984
Q11403,Q385498
Q11403,Q281078
Q11403,Q241801
Q11403,Q169565
Q834959,Q16336862
Q834959,Q9783121
Q834959,Q119015
Q834959,Q953450
Q834959,Q3998921
Q108556056,Q2334564
Q3360459,Q1383367
Q3360459,Q1320656
Q3360459,Q1550910
Q3360459,Q10310921
Q3360459,Q169565
Q25448883,Q1585609
Q25448883,Q10344640
Q25448883,Q3409991
Q25448883,Q3577322
Q10343541,Q1383367
Q10343541,Q10314010
Q10343541,Q1974431
Q10343541,Q1320685
Q10343541,Q2801238
Q10343541,Q11950306
Q10343541,Q1320710
Q1420722,Q16490677
Q1420722,Q268288
Q1420722,Q169565
Q10367246,Q3891609
Q10367225,Q1275017
Q4215151,Q3034280
Q4215151,Q1791454
Q4215151,Q2635164
Q4215151,Q7050137
Q3470692,Q3504775
Q3470692,Q10335997
Q10367220,Q717755
Q10367220,Q10284562
Q13634037,Q16502244
Q13634037,Q10270314
Q13634037,Q6107195
Q13634037,Q337359
Q13634037,Q9355427
Q13634037,Q8072106
Q10367222,Q9654390
Q10367222,Q10320631
Q10367259,Q5335090
Q10367259,Q435176
Q10367259,Q119015
Q10367259,Q10330096
Q10367259,Q10341515
Q208239,Q474045
Q208239,Q1282931
Q208239,Q769803
Q208239,Q555195
Q208239,Q26625
Q208239,Q474980
Q208239,Q317122
Q208239,Q1388336
Q7405759,Q1282931
Q7405759,Q913059
Q7405759,Q555195
Q7405759,Q1364197
Q7405759,Q740099
Q7405759,Q7330563
Q7405759,Q1388336
Q371745,Q2881794
Q371745,Q65053184
Q371745,Q983920
Q371745,Q587086
Q371745,Q1870602
Q371745,Q1890975
Q371745,Q467532
Q371745,Q17013873
Q7405765,Q977845
Q7405765,Q711406
Q7405765,Q361555
Q7405765,Q1360931
Q7405765,Q1506665
Q7405765,Q322350
Q7405765,Q26625
Q7405765,Q1386740
Q1958273,Q505348
Q1958273,Q10308035
Q1958273,Q1787165
Q1958273,Q24040310
Q1958273,Q10330035
Q1958273,Q7666101
Q1958273,Q7821391
Q1958273,Q8069993
Q106594814,Q16142152
Q106594814,Q6028735
Q106594814,Q10348267
Q106594814,Q10359386
Q106594814,Q7810556
Q106594814,Q7821391
Q10331354,Q16142152
Q10331354,Q10348267
Q10331354,Q7810556
Q10331354,Q7821391
Q106594830,Q505348
Q106594830,Q16939761
Q106594830,Q10289428
Q106594830,Q10311963
Q106594830,Q1787165
Q106594830,Q8069993
Q10370558,Q380821
Q10370558,Q18275695
Q10370558,Q9015071
Q10370558,Q10308035
Q10370558,Q353853
Q10370558,Q28677153
Q10370558,Q24040310
Q10370558,Q488387
Q138617267,Q114279907
Q138617267,Q131573800
Q1646666,Q560505
Q1646666,Q562148
Q1646666,Q462983
Q1646666,Q154809
Q1646666,Q317122
Q1646666,Q705847
Q2707994,Q3050188
Q2707994,Q3753186
Q2707994,Q40586
Q2707994,Q9023870
Q2707994,Q11689555
Q2707994,Q1388730
Q155119,Q320998
Q155119,Q23776017
Q155119,Q2545712
Q367751,Q921588
Q367751,Q5819161
Q367751,Q1364197
Q3069904,Q363265
Q3069904,Q3392753
Q486263,Q200131
Q486263,Q230401
Q486263,Q464993
Q486263,Q567872
Q486263,Q192359
Q486263,Q940848
Q486263,Q30587
Q486263,Q333856
Q40461,Q1866673
Q40461,Q782889
Q40461,Q1648306
Q40461,Q612185
Q40461,Q158753
Q40461,Q1969179
Q40461,Q2570042
Q4848738,Q7289323
Q23925185,Q7122056
Q1046768,Q309983
Q1046768,Q333632
Q1046768,Q939829
Q1046768,Q465877
Q1046768,Q236361
Q1046768,Q221479
Q1046768,Q235980
Q1046768,Q542847
Q1413061,Q309983
Q1413061,Q236361
Q1413061,Q221479
Q1413061,Q940848
Q1413061,Q1325248
Q1413061,Q7359590
Q1413061,Q1375576
Q2932658,Q3061959
Q2932658,Q5016968
Q1051735,Q4727094
Q1051735,Q4997720
Q1051735,Q1176403
Q1051735,Q4949471
Q1051735,Q3274295
Q1051735,Q7294674
Q5118383,Q5309380
Q5118383,Q7334080
Q109930142,Q4997720
Q109930142,Q3274295
Q109930142,Q7643057
Q650505,Q4975550
Q650505,Q6483624
Q283405,Q278024
Q283405,Q775629
Q283405,Q2068562
Q1435485,Q2866267
Q1435485,Q806246
Q1435485,Q975016
Q1435485,Q2980493
Q1435485,Q465927
Q1435485,Q235940
Q1435485,Q1597249
Q1435485,Q505384
Q455686,Q1566042
Q455686,Q2021108
Q455686,Q505384
Q1061165,Q131767793
Q227045,Q273797
Q227045,Q3082337
Q227045,Q3168137
Q227045,Q1318954
Q227045,Q227046
Q16534955,Q327163
Q16534955,Q509073
Q8074636,Q273797
Q8074636,Q3168137
Q8074636,Q740711
Q4950496,Q8024793
Q117745223,Q13476301
Q117745223,Q587694
Q117745223,Q85875015
Q117745223,Q16337938
Q117745223,Q28678297
Q117745223,Q20045968
Q117745223,Q10322334
Q117745223,Q7688054
Q1931130,Q13476301
Q1931130,Q9661296
Q1931130,Q5252624
Q1931130,Q587694
Q1931130,Q16337938
Q1931130,Q10322334
Q1931130,Q7688054
Q15893013,Q13796375
Q15893013,Q16337935
Q15893013,Q10322333
Q15893013,Q16337937
Q10286515,Q10322332
Q10286515,Q10322334
Q10286515,Q7169164
Q202930,Q44333953
Q202930,Q272591
Q202930,Q310539
Q202930,Q351019
Q202930,Q292135
Q202930,Q966845
Q202930,Q611466
Q202930,Q910354
Q96395212,Q25432114
Q96395212,Q83505290
Q96395212,Q50385238
Q108297222,Q3100841
Q108297222,Q125532044
Q108297222,Q7107123
Q111357005,Q126201846
Q111357005,Q106036729
Q1759189,Q6983583
Q1759189,Q10329004
Q1759189,Q10333178
Q1759189,Q59485
Q16491869,Q80002798
Q16491869,Q58257004
Q16491869,Q114562187
Q16491869,Q108291862
Q5716336,Q9021150
Q2879962,Q338693
Q2879962,Q5290443
Q2879962,Q735407
Q2879962,Q982314
Q2879962,Q539833
Q814402,Q2636138
Q814402,Q3281598
Q15830404,Q560505
Q15830404,Q953117
Q15830404,Q7166241
Q15830404,Q1647843
Q15830404,Q1077637
Q6397421,Q1077637
Q5393053,Q4762125
Q5393053,Q3010495
Q5393053,Q5195487
Q5393053,Q3082582
Q5393053,Q23001417
Q5393053,Q1902939
Q5393053,Q237997
Q489913,Q399318
Q489913,Q1453045
Q489913,Q198939
Q489913,Q1395127
Q489913,Q1361546
Q489913,Q954681
Q489913,Q1069140
Q489913,Q953117
Q2278063,Q984122
Q2278063,Q7282075
Q2464314,Q9609477
Q2464314,Q10281447
Q2464314,Q10340215
Q2464314,Q2117780
Q2464314,Q7129012
Q2464314,Q3486426
Q8251828,Q1131682
Q1634085,Q4123831
Q1634085,Q18275264
Q1634085,Q16941093
Q97278139,Q115367878
Q2863648,Q5593
Q2863648,Q116042025
Q3191747,Q3709624
Q1036183,Q16337363
Q1036183,Q10329038
Q1036183,Q1472962
Q16986699,Q3054688
Q16986699,Q16199202
Q16986699,Q7104019
Q16986699,Q2031558
Q1062199,Q3051024
Q502448,Q329698
Q502448,Q10369763
Q504476,Q10317842
Q1335045,Q16939621
Q1335045,Q329698
Q107195014,Q56811731
Q107195014,Q16199202
Q107195014,Q7104019
Q107195014,Q2031558
Q388475,Q3259792
Q388475,Q3259757
Q388475,Q30694556
Q3322619,Q3259792
Q3322619,Q3259757
Q3322619,Q30694556
Q723418,Q29416402
Q723418,Q16257941
Q723418,Q5058467
Q723418,Q5981294
Q723418,Q5979601
Q723418,Q5980563
Q723418,Q7828521
Q7171184,Q397738
Q7171184,Q5704807
Q7171184,Q1418687
Q7171184,Q5886009
Q7171184,Q581966
Q7171184,Q5979655
Q7171184,Q1744189
Q7171184,Q1870547
Q1143741,Q1418687
Q1143741,Q581966
Q1143741,Q5979655
Q1143741,Q1744189
Q1143741,Q1870547
Q5643186,Q581966
Q5643186,Q1744189
Q5643186,Q5980565
Q131334621,Q397738
Q131334621,Q5704807
Q131334621,Q16491523
Q131334621,Q5886009
Q131334621,Q3089478
Q1143744,Q887911
Q1143744,Q18627374
Q1143744,Q111594339
Q1143744,Q140457467
Q4789437,Q16302216
Q4789437,Q1158232
Q4789437,Q447621
Q4789437,Q1548086
Q4789437,Q5980126
Q4789437,Q1536711
Q1143752,Q1158232
Q1143752,Q1405092
Q1143752,Q5990377
Q1143752,Q1870526
Q1143752,Q7643966
Q1143752,Q935401
Q4996773,Q137212360
Q4996773,Q6073645
Q5794676,Q311523
Q115625176,Q29416402
Q115625176,Q16257941
Q115625176,Q5979601
Q115625176,Q3259789
Q115625176,Q363265
Q115625176,Q3392753
Q115625176,Q6110449
Q115625176,Q7828521
Q5794688,Q1548086
Q5794688,Q5980126
Q6826021,Q5058467
Q6826021,Q5981294
Q6826021,Q430216
Q5794682,Q5058467
Q5794682,Q430216
Q9051042,Q4170257
Q9051042,Q1072239
Q9051042,Q5103570
Q9051042,Q3210516
Q125850367,Q2670911
Q5794983,Q14395442
Q1165358,Q3619860
Q1165358,Q5719338
Q1165358,Q1765889
Q28219760,Q562148
Q28219760,Q769803
Q28219760,Q18155786
Q1455932,Q9696192
Q1455932,Q16939861
Q1455932,Q10336072
Q134589282,Q122751420
Q10285947,Q9696192
Q10285947,Q16939861
Q10285947,Q10336072
Q787663,Q919666
Q787663,Q3079985
Q1552806,Q560505
Q1552806,Q474045
Q1552806,Q292863
Q3278092,Q1395857
Q3278092,Q2410356
Q2915789,Q123031036
Q2915789,Q1557521
Q2915789,Q3555368
Q610022,Q3929644
Q610022,Q15943533
Q2726026,Q2938788
Q2726026,Q2603942
Q2726026,Q3709714
Q2726026,Q57512
Q2726026,Q12897581
Q2726026,Q3513534
Q2726026,Q3709624
Q533946,Q831480
Q533946,Q500613
Q10292943,Q10329042
Q430075,Q465902
Q430075,Q1356808
Q6032965,Q5659662
Q6032965,Q16493034
Q108951349,Q5767112
Q108951349,Q50398989
Q108951349,Q3534561
Q108951349,Q7319541
Q108951349,Q2519623
Q6950428,Q3324949
Q6950428,Q2605806
Q6950428,Q3061231
Q6950428,Q2429939
Q6950428,Q9024079
Q6950428,Q431554
Q6950428,Q6174732
Q6950428,Q152266
Q5445668,Q3061231
Q5445668,Q3780177
Q5445668,Q7171305
Q5445668,Q152266
Q5445668,Q6161554
Q3217069,Q3780177
Q3217069,Q7171305
Q3217069,Q152266
Q2509521,Q3324949
Q2509521,Q5759771
Q2509521,Q2605806
Q2509521,Q2429939
Q2509521,Q3826503
Q2509521,Q9024079
Q2509521,Q431554
Q2509521,Q6174732
Q124080517,Q5979618
Q124080517,Q6270848
Q6050834,Q1992348
Q16615430,Q5277249
Q2715398,Q5202535
Q2715398,Q984122
Q2715398,Q3319807
Q2715398,Q18158382
Q3410882,Q2038255
Q3410882,Q139603504
Q7295057,Q4949476
Q7295057,Q11182116
Q7309098,Q4854311
Q7309098,Q5068769
Q7309098,Q18529010
Q7309098,Q1467310
Q7309098,Q467954
Q7309098,Q117242724
Q7309098,Q23543
Q7309098,Q119069
Q464129,Q198939
Q464129,Q734580
Q464129,Q297703
Q464129,Q1184884
Q464129,Q467954
Q464129,Q119069
Q1780056,Q5171205
Q1780056,Q2033206
Q1780056,Q5980597
Q1780056,Q16866646
Q1780056,Q1467310
Q1780056,Q6683325
Q1780056,Q787191
Q101440473,Q112702265
Q101440473,Q104919331
Q101440473,Q28155527
Q108665706,Q118466501
Q108665706,Q118119939
Q108665706,Q109569656
Q108665706,Q104904549
Q108665706,Q117242724
Q727634,Q1958523
Q727634,Q236024
Q727634,Q198939
Q727634,Q734580
Q727634,Q1352007
Q727634,Q297703
Q727634,Q467954
Q727634,Q119069
Q7560612,Q6300893
Q431415,Q12858184
Q431415,Q1316590
Q431415,Q6463596
Q431415,Q6498768
Q431415,Q6650524
Q431415,Q864524
Q431415,Q23543
Q5612172,Q2926060
Q5612172,Q5612232
Q5612172,Q6682540
Q5612172,Q933490
Q5612172,Q3244395
Q5612172,Q6683362
Q2812726,Q4854311
Q2812726,Q17274366
Q2812726,Q17635809
Q2812726,Q3373508
Q10932272,Q4854297
Q10932272,Q4854296
Q869210,Q1958523
Q869210,Q5068769
Q869210,Q5980597
Q869210,Q1467310
Q869210,Q6683325
Q221934,Q5068769
Q221934,Q30905544
Q221934,Q15463707
Q221934,Q1467310
Q221934,Q6683325
Q221934,Q963396
Q109406736,Q30905544
Q907799,Q4705459
Q907799,Q5352290
Q907799,Q3118236
Q907799,Q3140890
Q907799,Q3429218
Q907799,Q7148160
Q3089524,Q5368793
Q1797650,Q30915293
Q1797650,Q51557893
Q1797650,Q60824605
Q1797650,Q7560616
Q5643998,Q3393871
Q5643998,Q13430856
Q5690818,Q95699749
Q5690818,Q3050287
Q5690818,Q5976888
Q5753407,Q9012837
Q5753407,Q111174445
Q4428744,Q704705
Q4428744,Q560505
Q4428744,Q842415
Q4428744,Q316102
Q4428744,Q2271794
Q4428744,Q3479012
Q4428744,Q1077637
Q290869,Q704705
Q290869,Q5872203
Q6132088,Q5742219
Q1756680,Q1870602
Q100330555,Q1200853
Q100330555,Q7180927
Q14390274,Q381843
Q14390274,Q172505
Q14390274,Q229613
Q14390274,Q526424
Q14390274,Q746955
Q14390274,Q512104
Q14390274,Q380673
Q14390274,Q558709
Q1632601,Q172505
Q1632601,Q743869
Q1632601,Q445934
Q502808,Q5290443
Q502808,Q17379763
Q502808,Q982314
Q6169362,Q5866998
Q1583807,Q154770
Q1583807,Q4700
Q1583807,Q53068
Q1583807,Q7314
Q1583807,Q1339
Q1583807,Q255
Q1583807,Q1511
Q1583807,Q254
Q9730,Q4700
Q9730,Q1268
Q9730,Q7314
Q9730,Q1339
Q9730,Q7294
Q9730,Q255
Q9730,Q7315
Q9730,Q254
Q163775,Q4214
Q163775,Q311674
Q163775,Q200580
Q163775,Q70991
Q163775,Q297501
Q163775,Q206275
Q163491,Q4214
Q163491,Q1383390
Q163491,Q297501
Q163491,Q180026
Q163491,Q206275
Q210854,Q311674
Q210854,Q200580
Q210854,Q510939
Q210854,Q311766
Q141187502,Q4501
Q141187502,Q62708
Q141187502,Q44385
Q188285,Q179277
Q188285,Q200580
Q188285,Q1339
Q188285,Q143100
Q188285,Q154792
Q188285,Q208375
Q201405,Q179277
Q201405,Q207717
Q201405,Q143059
Q201405,Q143100
Q201405,Q154792
Q201405,Q207789
Q201405,Q215128
Q201405,Q208375
Q2995521,Q214964
Q2995521,Q207717
Q2995521,Q2711953
Q8361,Q1340
Q8361,Q164475
Q8361,Q53068
Q8361,Q75854
Q8361,Q7302
Q8361,Q9695
Q8361,Q1145
Q8361,Q1339
Q174873,Q183087
Q174873,Q153637
Q174873,Q75854
Q174873,Q7302
Q174873,Q1339
Q1344,Q53068
Q1344,Q7302
Q1344,Q7311
Q1344,Q9726
Q1344,Q7317
Q1344,Q13894
Q1344,Q1511
Q1344,Q254
Q131269,Q164475
Q131269,Q167837
Q131269,Q7312
Q131269,Q7294
Q131269,Q7349
Q131269,Q255
Q131269,Q49481
Q131269,Q254
Q85477,Q179631
Q85477,Q46096
Q85477,Q7302
Q85477,Q312686
Q85477,Q1339
Q85477,Q7349
Q17723,Q51088
Q17723,Q76428
Q17723,Q130759
Q17723,Q7349
Q17723,Q255
Q17723,Q189766
Q17723,Q193673
Q17723,Q254
Q65937946,Q154770
Q65937946,Q83326
Q65937946,Q4700
Q65937946,Q80135
Q65937946,Q7314
Q65937946,Q180727
Q65937946,Q151593
Q65937946,Q262791
Q613707,Q78475
Q613707,Q190933
Q613707,Q154770
Q2195355,Q1377317
Q2195355,Q434916
Q507246,Q78475
Q507246,Q190933
Q507246,Q154770
Q507246,Q154556
Q507246,Q160451
Q507246,Q318518
Q507246,Q156193
Q3391334,Q1276420
Q3391334,Q1153170
Q3391334,Q154556
Q3391334,Q160451
Q3391334,Q318518
Q3391334,Q151593
Q3391334,Q156193
Q612024,Q189534
Q612024,Q154331
Q612024,Q152880
Q612024,Q241432
Q612024,Q154556
Q612024,Q221450
Q612024,Q156193
Q612024,Q262791
Q1326777,Q291288
Q1326777,Q57247
Q1326777,Q1450908
Q1326777,Q152880
Q1326777,Q154556
Q1326777,Q221450
Q1326777,Q544469
Q1326777,Q315744
Q823560,Q291288
Q823560,Q1450908
Q823560,Q1279889
Q823560,Q1147958
Q823560,Q544469
Q823560,Q315744
Q423918,Q291288
Q423918,Q1187661
Q423918,Q1441466
Q423918,Q1450908
Q423918,Q129469
Q3587612,Q295202
Q3587612,Q1969558
Q3587612,Q1884181
Q3587612,Q3514381
Q3587612,Q16733139
Q106594706,Q296804
Q106594706,Q313371
Q106594706,Q76364
Q106594706,Q207773
Q106594706,Q235077
Q106594706,Q131285
Q105697818,Q560635
Q105697818,Q710733
Q105697818,Q382748
Q105697818,Q450620
Q3512282,Q449171
Q3512282,Q189729
Q3512282,Q262791
Q3512282,Q365243
Q572901,Q84114
Q572901,Q432822
Q572901,Q313639
Q572901,Q189729
Q572901,Q262791
Q572901,Q365243
Q2164565,Q189534
Q2164565,Q348652
Q2164565,Q294568
Q2164565,Q317350
Q2164565,Q368449
Q98528143,Q3018260
Q98528143,Q84114
Q98528143,Q6306853
Q98528143,Q1795042
Q98528143,Q504743
Q98528143,Q3308220
Q98528143,Q724998
Q98528143,Q8008040
Q9089200,Q4886213
Q9089200,Q1795042
Q9089200,Q6490966
Q9089200,Q3308220
Q9089200,Q6849417
Q105697765,Q477571
Q105697765,Q4700
Q105697765,Q312698
Q105697765,Q230412
Q105697765,Q1178
Q109678435,Q366711
Q109678435,Q816527
Q109678435,Q49388
Q109678435,Q201494
Q109678435,Q1380845
Q109678435,Q681634
Q106576145,Q313376
Q106576145,Q223258
Q106576145,Q186264
Q106576145,Q191408
Q106576145,Q7314
Q106576145,Q57244
Q106576145,Q49481
Q4993367,Q658733
Q4993367,Q1277459
Q4993367,Q180727
Q4993367,Q316427
Q4797274,Q150767
Q4797274,Q7312
Q4797274,Q104919
Q4797274,Q7304
Q4797274,Q215747
Q4797274,Q7294
Q4797274,Q13894
Q4797274,Q7351
Q216860,Q158899
Q216860,Q7312
Q216860,Q7304
Q216860,Q215747
Q216860,Q7294
Q216860,Q13894
Q216860,Q7351
Q2737175,Q4700
Q2737175,Q312368
Q2737175,Q191408
Q2737175,Q104919
Q2737175,Q1151
Q2737175,Q364983
Q2737175,Q1178
Q2737175,Q432938
Q6705418,Q1699751
Q6705418,Q1374217
Q6705418,Q455618
Q2028627,Q78524
Q2028627,Q7304
Q2028627,Q1151
Q2028627,Q13894
Q788460,Q190933
Q788460,Q83326
Q788460,Q255
Q4851628,Q192185
Q4851628,Q189544
Q4851628,Q152293
Q4851628,Q7314
Q4851628,Q434821
Q4851628,Q207951
Q4851628,Q7315
Q4851628,Q49481
Q122034643,Q1192
Q122034643,Q524331
Q1123381,Q1192
Q1123381,Q55524
Q116875252,Q50186
Q116875252,Q7302
Q116875252,Q1145
Q116875252,Q60724
Q116875252,Q1339
Q207683,Q217317
Q207683,Q34624
Q207683,Q209212
Q1063010,Q80621
Q1063010,Q46096
Q1063010,Q7312
Q1063010,Q1268
Q1063010,Q7294
Q1063010,Q7351
Q194172,Q1268
Q194172,Q104919
Q2976236,Q1066908
Q2976236,Q191499
Q2976236,Q1345690
Q48810672,Q1356404
Q48810672,Q312698
Q48810672,Q774863
Q48810672,Q713025
Q48810672,Q200867
Q48810672,Q963107
Q48810672,Q323048
Q48810672,Q207947
Q181014,Q80135
Q181014,Q1339
Q181014,Q255
Q852027,Q7312
Q852027,Q1268
Q852027,Q104919
Q193217,Q192958
Q193217,Q316074
Q193217,Q53068
Q193217,Q316402
Q193217,Q682089
Q193217,Q316532
Q193217,Q438141
Q193217,Q553908
Q109589562,Q549442
Q3736603,Q462291
Q3736603,Q11299332
Q3736603,Q709092
Q3736603,Q2813877
Q3736603,Q929476
Q781815,Q189534
Q781815,Q75854
Q781815,Q153643
Q781815,Q1339
Q781815,Q153469
Q11821889,Q150272
Q11821889,Q4442402
Q11821889,Q83309
Q137441035,Q446398
Q137441035,Q7965248
Q127270988,Q1354827
Q127270988,Q357036
Q127270988,Q1947215
Q137767022,Q4442402
Q11821942,Q1268
Q11821942,Q709977
Q65943744,Q4660666
Q65943744,Q770687
Q65943744,Q91573
Q65943744,Q428347
Q65943744,Q83182
Q65943744,Q714325
Q65943744,Q1493073
Q65943744,Q292972
Q212148,Q185647
Q212148,Q4700
Q212148,Q1268
Q212148,Q1339
Q212148,Q131861
Q746743,Q217317
Q746743,Q209212
Q207591,Q41309
Q207591,Q7312
Q207591,Q1268
Q207591,Q1151
Q207591,Q7294
Q207591,Q7315
Q207591,Q1511
Q207591,Q7351
Q215911,Q7298
Q215911,Q7294
Q215911,Q7315
Q215911,Q254
Q10370216,Q5110234
Q10370216,Q7128978
Q10370216,Q10376356
Q615418,Q294568
Q615418,Q1720016
Q615418,Q153469
Q615418,Q715624
Q1245902,Q49388
Q1245902,Q456751
Q1245902,Q548149
Q1245902,Q1235832
Q1245902,Q1058729
Q1245902,Q499742
Q1245902,Q241432
Q1245902,Q708501
Q2350507,Q152880
Q11487510,Q83326
Q11487510,Q80135
Q11487510,Q7312
Q11487510,Q7349
Q11487510,Q1126131
Q11487510,Q255
Q11487510,Q254
Q3328774,Q81752
Q3328774,Q7304
Q3328774,Q45682
Q3328774,Q7294
Q3328774,Q7349
Q3328774,Q255
Q3328774,Q7315
Q3328774,Q254
Q9734,Q81752
Q9734,Q80135
Q9734,Q7304
Q9734,Q45682
Q9734,Q7294
Q9734,Q7349
Q9734,Q255
Q9734,Q254
Q2142754,Q80135
Q2142754,Q7304
Q2142754,Q1151
Q2142754,Q255
Q2142754,Q207947
Q1136846,Q106641
Q1136846,Q7349
Q1136846,Q254
Q12845743,Q936001
Q12845743,Q714526
Q9748,Q1340
Q9748,Q46096
Q9748,Q1339
Q9748,Q7294
Q9748,Q255
Q9748,Q7315
Q9748,Q131861
Q9748,Q254
Q210216,Q158078
Q210216,Q1340
Q210216,Q164475
Q210216,Q311625
Q210216,Q7302
Q210216,Q207532
Q210216,Q1339
Q96870628,Q83326
Q96870628,Q318835
Q96870628,Q156472
Q96870628,Q153008
Q271802,Q48173
Q271802,Q150445
Q271802,Q41309
Q271802,Q45682
Q271802,Q243837
Q271802,Q215556
Q271802,Q13894
Q214981,Q1339
Q214981,Q7294
Q214981,Q255
Q214981,Q131861
Q632964,Q356953
Q632964,Q768718
Q632964,Q540135
Q140544,Q215161
Q140544,Q380517
Q140544,Q153637
Q140544,Q209212
Q140544,Q1339
Q8701407,Q1268
Q8701407,Q184178
Q8701407,Q83309
Q8701407,Q44927
Q8701407,Q7315
Q8701407,Q286616
Q7919873,Q602802
Q207841,Q185647
Q207841,Q215333
Q207841,Q4700
Q207841,Q41309
Q207841,Q1268
Q207841,Q154331
Q207841,Q131861
Q7439349,Q335723
Q1937548,Q6128039
Q1937548,Q305202
Q2265295,Q5393281
Q2265295,Q273716
Q109719462,Q128532
Q109719462,Q2397929
Q109719462,Q350472
Q109719462,Q153358
Q109719462,Q441730
Q109719462,Q152520
Q2332751,Q57247
Q2332751,Q152880
Q2332751,Q180727
Q2332751,Q154556
Q2332751,Q432822
Q2332751,Q316427
Q2332751,Q444857
Q790188,Q457125
Q790188,Q572924
Q790188,Q705530
Q790188,Q363908
Q790188,Q367508
Q790188,Q7346
Q790188,Q208797
Q790188,Q354508
Q211781,Q457125
Q211781,Q200791
Q211781,Q363908
Q211781,Q456180
Q211781,Q706941
Q211781,Q208797
Q211781,Q175277
Q211781,Q470617
Q98528203,Q1531745
Q98528203,Q1684462
Q98528203,Q120835122
Q98528203,Q354508
Q3630966,Q705406
Q3630966,Q705790
Q3630966,Q1474555
Q3630966,Q965493
Q3630966,Q2085247
Q3630966,Q2116423
Q196999,Q1709944
Q196999,Q1844695
Q196999,Q914489
Q196999,Q7378794
Q196999,Q2555179
Q196999,Q147129
Q854775,Q3349252
Q854775,Q42018
Q854775,Q5657172
Q854775,Q465067
Q110230168,Q880229
Q110230168,Q5173544
Q110230168,Q3373557
Q111535905,Q213900
Q111535905,Q55004
Q111535905,Q93604
Q111535905,Q4612
Q111535905,Q60659
Q1166158,Q10306910
Q1166158,Q1736902
Q1166158,Q2031780
Q1166158,Q1123938
Q1166158,Q724783
Q106582953,Q322569
Q106582953,Q7248144
Q106582953,Q4167927
Q106582953,Q2813687
Q5151495,Q8349
Q5151495,Q205356
Q5151495,Q860556
Q5151495,Q868265
Q5151495,Q622636
Q5151495,Q205780
Q5151495,Q863573
Q5151495,Q369724
Q107194780,Q4885471
Q16154635,Q69870
Q16154635,Q213900
Q16154635,Q45275
Q108297215,Q2915432
Q108297215,Q2074465
Q108297215,Q2915717
Q108297215,Q1708769
Q125346598,Q2915432
Q125346598,Q2915717
Q125346598,Q1708769
Q8812109,Q81752
Q8812109,Q179277
Q8812109,Q153643
Q8812109,Q963107
Q8812109,Q1339
Q8812109,Q505614
Q8812109,Q207789
Q8812109,Q208375
Q1339121,Q19846501
Q1339121,Q714033
Q1339121,Q1184300
Q1339121,Q10271783
Q1339121,Q22121828
Q1339121,Q284872
Q1339121,Q100276699
Q1339121,Q357515
Q217295,Q81752
Q217295,Q179277
Q217295,Q200580
Q217295,Q1339
Q217295,Q7349
Q217295,Q143100
Q217295,Q255
Q217295,Q254
Q6941842,Q150767
Q6941842,Q104919
Q6941842,Q7317
Q6941842,Q1151
Q6941842,Q7294
Q6941842,Q143059
Q6941842,Q183256
Q6941842,Q254
Q7382074,Q316505
Q7382074,Q584391
Q7382074,Q7315
Q7382074,Q131861
Q128631435,Q7720909
Q4752840,Q323966
Q718540,Q11103061
Q718540,Q6798087
Q5619688,Q715384
Q6942109,Q3272154
Q1323698,Q468356
Q1323698,Q121077
Q1323698,Q379707
Q1323698,Q212512
Q1323698,Q465067
Q1323698,Q103774
Q1323698,Q144719
Q956883,Q3519929
Q956883,Q2880506
Q956883,Q465067
Q956883,Q3525273
Q956883,Q7668495
Q956883,Q2044389
Q956883,Q2038634
Q3521984,Q119598303
Q3521984,Q2383421
Q3521984,Q2505257
Q1770695,Q468356
Q1770695,Q121077
Q1770695,Q379707
Q1770695,Q212512
Q1770695,Q2117321
Q1770695,Q103774
Q1770695,Q1395417
Q1770695,Q144719
Q512410,Q207817
Q512410,Q562440
Q512410,Q5434930
Q512410,Q299073
Q512410,Q691490
Q512410,Q2210108
Q70076,Q3107617
Q2641862,Q121077
Q59158,Q921937
Q59158,Q7283409
Q59158,Q469894
Q59158,Q7876960
Q59158,Q8071293
Q62128,Q2745300
Q62128,Q121077
Q62128,Q731422
Q62128,Q2117321
Q62128,Q121122
Q62128,Q3181884
Q62128,Q2426558
Q6419747,Q741658
Q69596,Q2745300
Q69596,Q3595116
Q69596,Q3107617
Q69596,Q7295154
Q69596,Q539711
Q69596,Q3595120
Q106586236,Q1940929
Q106586236,Q4022598
Q3075498,Q3111407
Q3075498,Q6139361
Q3075498,Q7973034
Q7497655,Q1940929
Q11603109,Q1940929
Q11603109,Q4022598
Q5219995,Q4022598
Q109012701,Q4022598
Q1361891,Q2389434
Q6346110,Q2537790
Q6346110,Q3694816
Q623904,Q2821120
Q623904,Q2743459
Q623904,Q3318847
Q623904,Q1267054
Q19820570,Q2743459
Q19820570,Q3318847
Q12193614,Q5435275
Q12193614,Q107345948
Q12193614,Q6899403
Q1474372,Q936538
Q1474372,Q4216454
Q1474372,Q2427251
Q1518063,Q4723615
Q1518063,Q159933
Q1518063,Q1567295
Q1518063,Q2073149
Q1518063,Q3514773
Q11223087,Q348907
Q11223087,Q83717
Q11223087,Q433745
Q11223087,Q1238247
Q11223087,Q2375711
Q11223087,Q1771734
Q3091180,Q653491
Q3091180,Q3542298
Q211025,Q322210
Q211025,Q11313608
Q211025,Q356151
Q211025,Q6371986
Q211025,Q1290316
Q7438911,Q5495583
Q7438911,Q3182445
Q7438911,Q6371986
Q940462,Q4709921
Q940462,Q2618270
Q940462,Q5539359
Q940462,Q5620648
Q940462,Q349902
Q940462,Q3127854
Q940462,Q6762922
Q940462,Q2063684
Q783874,Q2750368
Q783874,Q1816236
Q783874,Q558226
Q783874,Q144371
Q6981036,Q3629911
Q6981036,Q5250040
Q6981036,Q6203251
Q6981036,Q7916376
Q4745477,Q1379688
Q4745477,Q590911
Q81105,Q10810227
Q11401,Q5608
Q11401,Q765409
Q11401,Q62766
Q11401,Q130798
Q11401,Q209182
Q11401,Q159351
Q11401,Q179157
Q11401,Q6107
Q969663,Q892968
Q969663,Q1180841
Q969663,Q347368
Q969663,Q209182
Q969663,Q1814766
Q141459,Q880574
Q141459,Q286022
Q141459,Q130798
Q141459,Q432552
Q141459,Q310116
Q141459,Q1052139
Q429264,Q322196
Q429264,Q309941
Q429264,Q130798
Q429264,Q216856
Q429264,Q6096
Q429264,Q158223
Q429264,Q6107
Q429264,Q319585
Q876171,Q300602
Q876171,Q1351122
Q876171,Q62766
Q876171,Q727115
Q876171,Q159351
Q876171,Q179157
Q876171,Q52463
Q868855,Q316872
Q868855,Q458787
Q868855,Q765409
Q868855,Q961447
Q868855,Q3966988
Q868855,Q7726628
Q868855,Q1413494
Q868855,Q3989691
Q12302979,Q42308794
Q12302979,Q112939308
Q12302979,Q48699884
Q213608,Q2573649
Q213608,Q505882
Q213608,Q269645
Q213608,Q918592
Q213608,Q7306953
Q6010117,Q1360723
Q6010117,Q97096739
Q6010117,Q124695247
Q6010117,Q593741
Q6010117,Q1027165
Q6010117,Q63699444
Q2572585,Q1154136
Q2572585,Q33240
Q2572585,Q213538
Q2572585,Q16853301
Q2572585,Q295923
Q2572585,Q218992
Q2572585,Q1552233
Q2572585,Q313578
Q19708376,Q469756
Q19708376,Q39224
Q19708376,Q324726
Q19708376,Q7409698
Q1253172,Q1519986
Q1253172,Q287142
Q1253172,Q15615
Q1253172,Q722042
Q1253172,Q472595
Q1253172,Q214227
Q1253172,Q1027165
Q1253172,Q1153351
Q4949812,Q4905738
Q4949812,Q16730475
Q4949812,Q42336699
Q4949812,Q6731948
Q4949812,Q976090
Q136653467,Q4905738
Q136653467,Q42336699
Q136653467,Q42291385
Q2238236,Q4761048
Q2238236,Q5587383
Q2238236,Q3809570
Q2238236,Q1041034
Q2238236,Q15452907
Q255406,Q300602
Q255406,Q685595
Q255406,Q3027728
Q255406,Q844524
Q255406,Q42023
Q255406,Q1851859
Q255406,Q1052139
Q255406,Q1755857
Q546206,Q222856
Q546206,Q4646005
Q546206,Q4690196
Q546206,Q1154172
Q546206,Q6455846
Q546206,Q7208447
Q546206,Q7268270
Q106522238,Q726649
Q1109947,Q6725992
Q1109947,Q3482190
Q98528482,Q381883
Q98528482,Q919961
Q98528482,Q2931699
Q98528482,Q449083
Q98528482,Q304675
Q98528482,Q3481131
Q529742,Q316588
Q529742,Q892968
Q529742,Q844524
Q529742,Q3201552
Q529742,Q727115
Q529742,Q1851859
Q529742,Q52463
Q438503,Q300602
Q438503,Q699534
Q438503,Q214039
Q438503,Q685595
Q438503,Q472595
Q438503,Q1856396
Q438503,Q1052139
Q438503,Q167635
Q602646,Q225855
Q602646,Q16876006
Q602646,Q863573
Q5072880,Q6928394
Q5072880,Q7248144
Q966564,Q892968
Q966564,Q223769
Q966564,Q1519986
Q966564,Q1052019
Q966564,Q727115
Q966564,Q209182
Q966564,Q52463
Q753679,Q6060
Q753679,Q1519986
Q753679,Q309941
Q753679,Q216856
Q753679,Q1395950
Q753679,Q6096
Q753679,Q179157
Q753679,Q6107
Q1399695,Q4657762
Q1399695,Q322196
Q1399695,Q1395969
Q1399695,Q6928518
Q1399695,Q7250165
Q1399695,Q1241167
Q1399695,Q3080711
Q137541541,Q744772
Q137541541,Q1246237
Q137541541,Q342447
Q137541541,Q320167
Q137541541,Q297831
Q9302696,Q323463
Q9302696,Q62766
Q9302696,Q554168
Q9302696,Q320167
Q9302696,Q297831
Q9302696,Q179157
Q122143484,Q127038400
Q122143484,Q106658275
Q918095,Q1554854
Q918095,Q13027879
Q918095,Q116702131
Q3791697,Q4444669
Q3791697,Q59185
Q3791697,Q6303872
Q3791697,Q359303
Q3791697,Q448638
Q965635,Q381883
Q965635,Q757508
Q965635,Q449083
Q965635,Q846016
Q965635,Q347368
Q965635,Q1540106
Q965635,Q503031
Q965635,Q304675
Q2706919,Q958708
Q2706919,Q1111988
Q2706919,Q5179561
Q2706919,Q6176881
Q2706919,Q62591281
Q2706919,Q24548680
Q1619932,Q18815170
Q1619932,Q64211521
Q1619932,Q18217816
Q1619932,Q737403
Q1619932,Q7424230
Q1619932,Q662416
Q1139136,Q942076
Q1139136,Q1238828
Q1139136,Q2411413
Q1139136,Q377387
Q1139136,Q929731
Q1139136,Q359474
Q1139136,Q1849210
Q17995961,Q2772878
Q17995961,Q162634
Q17995961,Q3841925
Q17995961,Q1277055
Q17995961,Q158223
Q2913982,Q25095399
Q2913982,Q3445057
Q2913982,Q206032
Q2913982,Q342447
Q2913982,Q15777045
Q2913982,Q214227
Q2913982,Q13605596
Q2913982,Q571125
Q54329757,Q26690130
Q54329757,Q638331
Q54329757,Q44333953
Q54329757,Q53567275
Q54329757,Q328437
Q54329757,Q5436372
Q54329757,Q65550251
Q54329757,Q28739901
Q116314630,Q140247474
Q116314630,Q2306265
Q116679787,Q114913075
Q116679787,Q118220059
Q116679787,Q114654731
Q111133885,Q114913075
Q111133885,Q114654731
Q26234147,Q23820256
Q55644985,Q57444866
Q55644985,Q45898094
Q55644985,Q54887666
Q104847619,Q129273842
Q104847619,Q125510148
Q104847619,Q127303532
Q111133884,Q113510276
Q111133884,Q114050700
Q111133884,Q27671080
Q111133884,Q40890697
Q111133884,Q108761978
Q115063525,Q85199678
Q115063525,Q110388398
Q119889474,Q27886640
Q119889474,Q21066641
Q119889474,Q15929398
Q119889474,Q18353558
Q1046801,Q2658111
Q1046801,Q1154047
Q1046801,Q217716
Q1046801,Q1542920
Q1046801,Q6061091
Q1046801,Q1347250
Q1046801,Q2268060
Q630689,Q21285312
Q630689,Q15429574
Q630689,Q38902387
Q630689,Q2305847
Q630689,Q519965
Q1754592,Q294037
Q1754592,Q1158503
Q1754592,Q1799314
Q1754592,Q7291909
Q1754592,Q8046034
Q936573,Q892294
Q936573,Q708506
Q936573,Q294449
Q936573,Q2056297
Q936573,Q1027165
Q936573,Q3998800
Q936573,Q942668
Q936573,Q2630403
Q2991840,Q947198
Q2991840,Q603402
Q2991840,Q1201007
Q2991840,Q313080
Q2991840,Q782134
Q2991840,Q169034
Q2043175,Q162634
Q2043175,Q40422
Q2043175,Q1368449
Q2043175,Q3444819
Q2043175,Q4000594
Q135239105,Q4819842
Q135239105,Q1631159
Q1074569,Q956870
Q1074569,Q15935
Q1074569,Q7739259
Q97265899,Q352218
Q97265899,Q4260744
Q97265899,Q462347
Q97265899,Q47502796
Q16829781,Q129910
Q16829781,Q21857084
Q16829781,Q23787695
Q16829781,Q5951242
Q16829781,Q15052763
Q16829781,Q15281410
Q109303336,Q66584231
Q109303336,Q16247049
Q109303336,Q16199628
Q109303336,Q32836087
Q109303336,Q111337749
Q109303336,Q7353659
Q109303336,Q704757
Q109303336,Q27733794
Q15697534,Q127362
Q15697534,Q104772838
Q15697534,Q95698148
Q15697534,Q17811716
Q15697534,Q60736888
Q15697534,Q94579368
Q15697534,Q2899818
Q15697534,Q81698554
Q115691081,Q127362
Q115691081,Q13107451
Q115691081,Q17811716
Q115691081,Q6411833
Q115691081,Q94579368
Q115691081,Q16236029
Q115691081,Q2899818
Q115691081,Q2110116
Q65943851,Q106078330
Q65943851,Q104772838
Q65943851,Q85846077
Q65943851,Q60736888
Q65943851,Q88756847
Q65943851,Q111083794
Q65943851,Q60194717
Q110643230,Q112208160
Q110643230,Q125989634
Q110643230,Q125216072
Q110643230,Q109584832
Q115483855,Q115099788
Q126281100,Q85014708
Q126281100,Q115946577
Q126281100,Q95698148
Q126281100,Q109584832
Q126281100,Q81698554
Q126281100,Q99386320
Q126281100,Q98740205
Q127129068,Q125989634
Q127129068,Q130407844
Q109941986,Q15941115
Q109941986,Q7859785
Q109941986,Q3076050
Q12362064,Q52151598
Q12362064,Q29388200
Q12362064,Q45898064
Q12362064,Q23771950
Q12362064,Q42336667
Q12362064,Q40890697
Q12362064,Q28561969
Q112997482,Q115750132
Q112997482,Q2322270
Q107515261,Q111628978
Q107515261,Q100978614
Q107515261,Q111472061
Q107515261,Q113635146
Q124692508,Q122731572
Q85740017,Q28976178
Q85740017,Q56461128
Q85740017,Q62745180
Q85740017,Q55075209
Q85740017,Q42300439
Q2261628,Q858908
Q2261628,Q859053
Q2261628,Q743478
Q2261628,Q1397912
Q2261628,Q1824899
Q2261628,Q140388844
Q2261628,Q15436057
Q106839650,Q95694810
Q106839650,Q115098502
Q106839650,Q115769267
Q106839650,Q104771504
Q106839650,Q28732615
Q106839650,Q124408930
Q8560269,Q1360723
Q8560269,Q287142
Q8560269,Q193676
Q8560269,Q722042
Q8560269,Q472595
Q8560269,Q919386
Q8560269,Q1153351
Q5421158,Q2739596
Q5421158,Q17299778
Q5421158,Q2337999
Q5421158,Q3020722
Q5421158,Q1269638
Q5421158,Q50415953
Q5421158,Q3481131
Q2004156,Q17299778
Q2004156,Q2273277
Q2004156,Q3020722
Q2004156,Q1269638
Q2004156,Q3513649
Q2004156,Q18162708
Q2004156,Q1754173
Q5533135,Q6298712
Q5533135,Q7049430
Q122034475,Q106570642
Q122034475,Q12339779
Q28490034,Q18207948
Q136908587,Q743478
Q136908587,Q1519986
Q136908587,Q954623
Q136908587,Q709640
Q136908587,Q512592
Q136908587,Q13605596
Q136908587,Q1153351
Q136908587,Q135794
Q1077172,Q740388
Q1077172,Q1154159
Q1077172,Q217716
Q1077172,Q139121
Q1077172,Q352218
Q1077172,Q503031
Q1077172,Q462347
Q1077172,Q1933793
Q124399713,Q115099788
Q137441526,Q225855
Q137441526,Q1144846
Q137441526,Q322196
Q137441526,Q1206920
Q137441526,Q299138
Q137441526,Q313138
Q137441526,Q6096
Q137441526,Q117139
Q37073,Q18233
Q37073,Q36153
Q37073,Q303
Q37073,Q1744
Q37073,Q2831
Q37073,Q26876
Q37073,Q1299
Q37073,Q34389
Q1062400,Q1804
Q1062400,Q1785
Q1062400,Q212549
Q1062400,Q449
Q1062400,Q1666
Q1062400,Q320146
Q1062400,Q1698
Q1062400,Q1631
Q2956171,Q535188
Q2956171,Q2899291
Q2956171,Q253990
Q2956171,Q2601735
Q2956171,Q1631
Q2956164,Q2977736
Q2956164,Q3026211
Q2956164,Q594644
Q2956164,Q1522692
Q2956164,Q3169283
Q2956164,Q3372725
Q2956164,Q3430709
Q2956164,Q464534
Q959583,Q76675
Q959583,Q466120
Q959583,Q6541
Q959583,Q236549
Q959583,Q44801
Q959583,Q69263
Q959583,Q45370
Q959583,Q155236
Q2532274,Q45430
Q2532274,Q45230
Q2532274,Q265793
Q2532274,Q1896942
Q2532274,Q1651693
Q2532274,Q106395
Q2532274,Q548168
Q1051575,Q11855726
Q1051575,Q316309
Q1564596,Q1775226
Q1564596,Q135275392
Q1564596,Q1775216
Q4400837,Q516281
Q4400837,Q4130411
Q4400837,Q1188776
Q4400837,Q4226573
Q2138639,Q519588
Q2138639,Q607838
Q2138639,Q319183
Q2138639,Q1702347
Q2138639,Q2801602
Q2138639,Q2008329
Q2138639,Q321160
Q2138639,Q2364614
Q5433431,Q111750814
Q839029,Q544096
Q839029,Q983496
Q839029,Q441266
Q839029,Q452186
Q839029,Q741850
Q839029,Q312609
Q7496127,Q1320703
Q7496127,Q934493
Q7496127,Q1139517
Q7496127,Q3373883
Q7496127,Q253862
Q7496127,Q710402
Q7496127,Q1189731
Q7496127,Q1207860
Q1196752,Q72984
Q1196752,Q215359
Q1196752,Q104372
Q1196752,Q40912
Q1196752,Q137042
Q1196752,Q333405
Q1196752,Q466508
Q1196752,Q296729
Q1121111,Q215120
Q1121111,Q123829
Q1121111,Q1561874
Q1121111,Q128746
Q1121111,Q313270
Q5747258,Q1029506
Q5747258,Q2608238
Q5747258,Q2707438
Q5747258,Q122003
Q5747258,Q430613
Q5747258,Q5597
Q5747258,Q465191
Q5747258,Q56074
Q107539904,Q80510
Q107539904,Q80399
Q107539904,Q1980296
Q107539904,Q541493
Q107539904,Q2622339
Q107539904,Q558799
Q107539904,Q43137
Q107539904,Q32927
Q6701559,Q6668297
Q6701559,Q6640518
Q860196,Q175509
Q860196,Q1718073
Q860196,Q3235960
Q860196,Q3307040
Q3453150,Q3064804
Q3453150,Q1378892
Q3453150,Q3113632
Q3453150,Q735736
Q3453150,Q736274
Q3453150,Q736281
Q3453150,Q2743754
Q3453150,Q279778
Q1752683,Q4161091
Q1752683,Q1394971
Q1752683,Q735736
Q1752683,Q90811030
Q1752683,Q736274
Q1752683,Q2325467
Q1752683,Q736281
Q1752683,Q1411146
Q3868787,Q1404441
Q3868787,Q1914898
Q3868787,Q2575113
Q2362669,Q4161091
Q2362669,Q1394971
Q1779294,Q4799590
Q1779294,Q5246133
Q1779294,Q1343499
Q1779294,Q722627
Q1779294,Q3743009
Q1779294,Q1820469
Q1779294,Q557535
Q1779294,Q7169608
Q6301761,Q3014517
Q6301761,Q3101850
Q873478,Q843742
Q873478,Q181434
Q873478,Q147811
Q873478,Q1039647
Q873478,Q1141827
Q873478,Q1070572
Q873478,Q1065709
Q873478,Q3290277
Q1418683,Q1143664
Q1418683,Q1366214
Q1418683,Q147811
Q1418683,Q313081
Q1418683,Q1198084
Q1418683,Q498416
Q1418683,Q284007
Q1418683,Q1580276
Q107985650,Q1143664
Q107985650,Q1366214
Q107985650,Q1197212
Q107985650,Q1198084
Q107985650,Q498416
Q107985650,Q284007
Q10296747,Q1022071
Q25094849,Q42455
Q25094849,Q5383
Q25094849,Q15291033
Q25094849,Q636
Q25094849,Q235066
Q25094849,Q334648
Q25094849,Q238795
Q25094849,Q205001
Q1636684,Q448508
Q1636684,Q365985
Q1636684,Q208258
Q1636684,Q53939
Q1636684,Q713477
Q1636684,Q212015
Q1636684,Q261489
Q1636684,Q240885
Q997481,Q1760014
Q997481,Q512836
Q997481,Q1658371
Q997481,Q464036
Q997481,Q1543041
Q997481,Q62278589
Q997481,Q1335207
Q1159539,Q3608937
Q1159539,Q2746631
Q1159539,Q4273010
Q1159539,Q580563
Q1159539,Q9027531
Q1159539,Q2735641
Q1159539,Q19744918
Q31174954,Q580563
Q31174954,Q31174141
Q31174954,Q19744918
Q3032090,Q3061106
Q3328764,Q5110740
Q3328764,Q13026138
Q3328764,Q530413
Q3328764,Q253607
Q3328764,Q1365889
Q53806314,Q729101
Q53806314,Q343627
Q53806314,Q232752
Q53806314,Q447433
Q53806314,Q1891055
Q53806314,Q234918
Q53806314,Q151976
Q53806314,Q1347993
Q3559240,Q12874025
Q3559240,Q729101
Q3559240,Q3574246
Q1936659,Q797247
Q1936659,Q1234527
Q1936659,Q1277592
Q1936659,Q2165220
Q1936659,Q728049
Q1936659,Q719447
Q1936659,Q588382
Q1936659,Q1961659
Q2047814,Q797247
Q2047814,Q1961659
Q46046,Q691568
Q46046,Q488603
Q46046,Q183048
Q46046,Q1543686
Q46046,Q1424124
Q46046,Q1163207
Q517415,Q18233
Q517415,Q151634
Q517415,Q213388
Q517415,Q689823
Q517415,Q156298
Q517415,Q240403
Q517415,Q27417
Q517415,Q173790
Q963061,Q4717311
Q963061,Q1811495
Q963061,Q14903387
Q963061,Q20088941
Q963061,Q28043525
Q963061,Q1893336
Q963061,Q7319236
Q963061,Q7926207
Q1014887,Q5538379
Q1014887,Q28043525
Q3397882,Q169145
Q3397882,Q218255
Q3397882,Q636
Q3397882,Q269091
Q3397882,Q183048
Q3397882,Q1299
Q3397882,Q364875
Q383982,Q317427
Q383982,Q391969
Q383982,Q9619
Q383982,Q183048
Q383982,Q1299
Q383982,Q523184
Q383982,Q282925
Q383982,Q1163207
Q2461933,Q1586034
Q2461933,Q1753111
Q2461933,Q2118895
Q2461933,Q183048
Q2461933,Q211277
Q2461933,Q17142063
Q2461933,Q627470
Q12307741,Q806020
Q12307741,Q438849
Q12307741,Q6208009
Q12307741,Q2615105
Q388296,Q2853143
Q388296,Q14903387
Q388296,Q313868
Q388296,Q982872
Q388296,Q19886334
Q388296,Q3111214
Q388296,Q1371393
Q5099460,Q2270225
Q11307326,Q2761128
Q11307326,Q6313983
Q11307326,Q1143704
Q11307326,Q3313730
Q11307326,Q11439213
Q11307326,Q1154190
Q11307326,Q11373892
Q11307326,Q7827686
Q113086512,Q22129264
Q113086512,Q30937500
Q547137,Q47122
Q547137,Q184697
Q547137,Q43189
Q547137,Q1069140
Q547137,Q128799
Q547137,Q23543
Q547137,Q34424
Q547137,Q171235
Q6496560,Q1029506
Q6496560,Q2608238
Q6496560,Q738404
Q6496560,Q122003
Q6496560,Q1069140
Q6496560,Q430613
Q6496560,Q5597
Q6496560,Q465191
Q535402,Q2849005
Q535402,Q965888
Q535402,Q938043
Q535402,Q943904
Q535402,Q6793578
Q556959,Q2998861
Q556959,Q2367143
Q556959,Q3524673
Q556959,Q1396717
Q556959,Q96945267
Q556959,Q210734
Q1298934,Q482964
Q1298934,Q484885
Q1298934,Q207706
Q1298934,Q956500
Q1298934,Q485625
Q1298934,Q1329303
Q1298934,Q730158
Q1298934,Q854590
Q2280497,Q236543
Q2280497,Q180453
Q2280497,Q464241
Q2280497,Q162667
Q2280497,Q105460
Q2280497,Q217160
Q2280497,Q131433
Q2280497,Q26876
Q138314533,Q25189679
Q138314533,Q17916987
Q138314533,Q16959408
Q138314533,Q21620939
Q138314533,Q7793491
Q16954055,Q94831
Q16954055,Q5087189
Q16954055,Q15101510
Q16954055,Q3644642
Q16954055,Q195439
Q16954055,Q166197
Q106561868,Q563057
Q106561868,Q721943
Q106561868,Q162667
Q106561868,Q362435
Q106561868,Q163593
Q106561868,Q273080
Q106561868,Q1929135
Q106561868,Q234017
Q16295131,Q1282956
Q16295131,Q1687517
Q16295131,Q217160
Q16295131,Q324757
Q3090876,Q65231869
Q3090876,Q18244464
Q3090876,Q133856137
Q3090876,Q5449777
Q2104067,Q174547
Q2104067,Q348459
Q2104067,Q1383840
Q2104067,Q549981
Q2104067,Q658182
Q2104067,Q852435
Q3025242,Q1395361
Q3025242,Q3453625
Q188450,Q5118436
Q188450,Q331731
Q188450,Q606250
Q188450,Q178943
Q188450,Q229445
Q1597549,Q3609204
Q1597549,Q23540938
Q1597549,Q16939983
Q1597549,Q740711
Q1597549,Q10336076
Q1597549,Q3553518
Q850412,Q121507
Q850412,Q36153
Q850412,Q651231
Q850412,Q131324
Q850412,Q41076
Q850412,Q742804
Q850412,Q165911
Q850412,Q34389
Q106876903,Q6675941
Q106876903,Q6827833
Q106876903,Q977786
Q840065,Q2260801
Q840065,Q2894589
Q840065,Q222517
Q840065,Q311241
Q840065,Q439109
Q840065,Q3182925
Q840065,Q946728
Q840065,Q943592
Q2256407,Q11617
Q2256407,Q236318
Q2256407,Q1661305
Q2256407,Q228909
Q2256407,Q1679412
Q2256407,Q3571048
Q7118426,Q15291033
Q7118426,Q357645
Q7118426,Q15929781
Q7118426,Q17306137
Q7118426,Q5682
Q7118426,Q3964188
Q7118426,Q16210722
Q7118426,Q2121062
Q211756,Q11975
Q211756,Q21914464
Q211756,Q131324
Q211756,Q11998
Q211756,Q1744
Q211756,Q185465
Q211756,Q36844
Q1185390,Q9143241
Q1185390,Q9353279
Q1185390,Q9178266
Q1185390,Q6554860
Q1185390,Q9360045
Q1185390,Q9371848
Q110230812,Q186840
Q110230812,Q132187857
Q110230812,Q539193
Q842324,Q813076
Q842324,Q691568
Q842324,Q1028565
Q842324,Q944058
Q842324,Q1781317
Q842324,Q497298
Q842324,Q7733724
Q842324,Q30504
Q22991878,Q503783
Q22991878,Q692668
Q22991878,Q691568
Q22991878,Q192402
Q22991878,Q488603
Q22991878,Q319502
Q22991878,Q1543686
Q22991878,Q1424124
Q28746819,Q66817366
Q28746819,Q96308743
Q28746819,Q52433533
Q28746819,Q66551093
Q28746819,Q62140662
Q28746819,Q51858412
Q28746819,Q14517
Q28746819,Q46994463
Q6993291,Q3751549
Q6993291,Q1522573
Q6993291,Q585972
Q6993291,Q1044154
Q6993291,Q3992914
Q9095433,Q4869273
Q9095433,Q3294502
Q95469495,Q29564107
Q95469495,Q42455
Q95469495,Q5084390
Q95469495,Q217360
Q95469495,Q117970
Q95469495,Q636
Q95469495,Q37150
Q95469495,Q13476175
Q264289,Q794148
Q264289,Q313779
Q264289,Q1506813
Q264289,Q658182
Q264289,Q955863
Q264289,Q1970440
Q264289,Q676522
Q2064394,Q231276
Q2064394,Q561596
Q2064394,Q551576
Q2064394,Q4028
Q2064394,Q175195
Q2064394,Q313318
Q2064394,Q210734
Q131578,Q626440
Q131578,Q188111
Q131578,Q150186
Q131578,Q1195268
Q131578,Q234598
Q131578,Q686915
Q131578,Q266676
Q131578,Q1378545
Q11660484,Q264989
Q11660484,Q2475314
Q213665,Q25056945
Q213665,Q13580495
Q213665,Q20153
Q213665,Q483135
Q213665,Q488973
Q213665,Q192983
Q213665,Q20645861
Q3575673,Q466741
Q106528422,Q2277734
Q106528422,Q306130
Q106528422,Q1239214
Q1207347,Q1062941
Q1207347,Q5367991
Q1207347,Q2567233
Q1207347,Q10864039
Q1207347,Q1202626
Q1207347,Q1193049
Q12199824,Q306509
Q12199824,Q7205578
Q642983,Q18539717
Q642983,Q3545459
Q642983,Q4116976
Q642983,Q2606502
Q2961766,Q2841148
Q2961766,Q2921492
Q2961766,Q3011965
Q2961766,Q3049909
Q25099840,Q222021
Q25099840,Q17305712
Q25099840,Q944365
Q25099840,Q16234484
Q25099840,Q106308191
Q25099840,Q65071082
Q25099840,Q7810465
Q25099840,Q16233663
Q110592306,Q108824597
Q110592306,Q52345352
Q110592306,Q72759173
Q28055053,Q22936556
Q55642856,Q580736
Q55642856,Q425728
Q55642856,Q422799
Q2610186,Q477461
Q2610186,Q3049280
Q2610186,Q258541
Q2610186,Q1036918
Q2610186,Q571707
Q33160145,Q38257
Q33160145,Q272496
Q623824,Q467067
Q623824,Q709859
Q623824,Q6014924
Q623824,Q343394
Q623824,Q1395064
Q623824,Q1382418
Q2867170,Q26702221
Q9162904,Q547272
Q9162904,Q42455
Q9162904,Q4499486
Q9162904,Q636
Q9162904,Q235066
Q9162904,Q312693
Q9162904,Q488603
Q9162904,Q595705
Q2879826,Q6713084
Q2879826,Q7738577
Q2879826,Q53835066
Q854844,Q85740447
Q854844,Q2881398
Q854844,Q464185
Q854844,Q5276830
Q854844,Q3694931
Q854844,Q5698073
Q854844,Q3695398
Q854844,Q1346896
Q15720097,Q2553609
Q15720097,Q6948700
Q15720097,Q7117378
Q4943457,Q5321456
Q4943457,Q11167386
Q28206879,Q217787
Q28206879,Q450080
Q28206879,Q294531
Q28206879,Q312743
Q28206879,Q1386995
Q28206879,Q1475018
Q28206879,Q1060576
Q28206879,Q1353426
Q1192110,Q464650
Q1192110,Q665090
Q1192110,Q16781
Q1192110,Q238819
Q1192110,Q716022
Q1192110,Q313596
Q1192110,Q51731
Q1192110,Q463945
Q973150,Q713461
Q973150,Q464650
Q973150,Q238819
Q973150,Q716022
Q973150,Q51101
Q973150,Q51731
Q973150,Q463945
Q973150,Q251068
Q10874829,Q238819
Q10874829,Q251068
Q3274667,Q5661029
Q3274667,Q13094926
Q853873,Q714449
Q853873,Q16766
Q853873,Q232621
Q853873,Q853266
Q853873,Q704041
Q853873,Q16781
Q853873,Q313596
Q853873,Q549233
Q870340,Q2296660
Q870340,Q1990992
Q870340,Q271704
Q870340,Q3171491
Q56342556,Q42402
Q56342556,Q231207
Q56342556,Q231985
Q56342556,Q269813
Q56342556,Q177732
Q56342556,Q218083
Q56342556,Q272581
Q56342556,Q151814
Q2336819,Q42402
Q2336819,Q269813
Q2336819,Q177732
Q2336819,Q218083
Q2336819,Q299331
Q2336819,Q151814
Q2982341,Q103759
Q105757139,Q717408
Q105757139,Q742028
Q105757139,Q4353806
Q105757139,Q696274
Q105757139,Q129464
Q105757139,Q644865
Q105757139,Q644876
Q1762761,Q276317
Q1762761,Q5405984
Q1762761,Q727187
Q1762761,Q2140182
Q3509353,Q4682418
Q3509353,Q3510240
Q3509353,Q7399579
Q3509353,Q8195511
Q5515214,Q15132019
Q281111,Q3595116
Q281111,Q539567
Q281111,Q3595190
Q281111,Q6065762
Q281111,Q107067
Q281111,Q395249
Q281111,Q2723854
Q104695865,Q67556784
Q104695865,Q18763975
Q104695865,Q5084390
Q104695865,Q5297785
Q104695865,Q100978614
Q104695865,Q18921645
Q104695865,Q18161827
Q3535998,Q2722967
Q3535998,Q3595122
Q3535998,Q5148311
Q3535998,Q464185
Q3535998,Q3595213
Q3535998,Q3346448
Q3535998,Q5117995
Q134589204,Q23498586
Q134589204,Q6751197
Q7170257,Q1279891
Q7170257,Q255233
Q7170257,Q3056796
Q7170257,Q1395732
Q7170257,Q6894452
Q7170257,Q3943924
Q7170257,Q2916422
Q95366506,Q855109
Q1715700,Q112538672
Q1715700,Q982857
Q1715700,Q3155106
Q1715700,Q982678
Q1715700,Q3510184
Q1715700,Q3510150
Q17108262,Q7155240
Q4925966,Q60675279
Q55648025,Q489575
Q55648025,Q16090207
Q55648025,Q54350
Q55648025,Q16090860
Q55648025,Q490146
Q55648025,Q391397
Q1930107,Q176412
Q1930107,Q2273534
Q12493867,Q2273534
Q665286,Q6583188
Q665286,Q13022627
Q665286,Q4922443
Q665286,Q467624
Q665286,Q13019128
Q1815364,Q19544251
Q1815364,Q1279965
Q1815364,Q27062890
Q1815364,Q445829
Q1815364,Q6899840
Q1815364,Q2079842
Q496929,Q23021832
Q496929,Q3015811
Q496929,Q3072901
Q496929,Q3115369
Q496929,Q2409682
Q496929,Q2601978
Q6748746,Q97122096
Q1786724,Q1225627
Q1786724,Q10280037
Q1786724,Q18960277
Q1786724,Q7976922
Q6783396,Q16019173
Q6799787,Q775883
Q2738544,Q4828830
Q2738544,Q1382405
Q2738544,Q1569294
Q2738544,Q2910639
Q2738544,Q111087
Q2738544,Q2918713
Q2738544,Q466767
Q2738544,Q258991
Q1753803,Q16140485
Q1753803,Q383197
Q1753803,Q13017264
Q502535,Q10285239
Q502535,Q103759
Q502535,Q486879
Q502535,Q445463
Q502535,Q1258044
Q2961759,Q2821003
Q2961759,Q2631733
Q17115009,Q118208096
Q135112773,Q3247658
Q135112773,Q1756790
Q135112773,Q2600118
Q135112773,Q4115951
Q11324951,Q1323453
Q11324951,Q1006517
Q11324951,Q267471
Q107565104,Q3545224
Q107565104,Q5384910
Q107565104,Q983329
Q107565104,Q3550458
Q107565104,Q387710
Q107565104,Q446854
Q107565104,Q3548093
Q107565104,Q7383955
Q110555065,Q2778189
Q110555065,Q2909630
Q110555065,Q781972
Q110555065,Q2747854
Q5480212,Q6430491
Q5480212,Q7387465
Q110230816,Q107067
Q110230816,Q2723854
Q118640019,Q732135
Q118640019,Q4262957
Q118640019,Q6164438
Q117745444,Q12482403
Q3908372,Q983496
Q3908372,Q441266
Q3908372,Q741850
Q3908372,Q312609
Q98528253,Q859116
Q98528253,Q613838
Q98528253,Q705413
Q98528253,Q310763
Q98528253,Q560153
Q4372158,Q11856039
Q4372158,Q4262877
Q110230818,Q4210537
Q3415943,Q2356261
Q1891685,Q663116
Q1891685,Q4412230
Q1891685,Q18131062
Q1891685,Q4477966
Q1891685,Q1372387
Q1891685,Q541833
Q1891685,Q4459467
Q7385628,Q147811
Q7385628,Q3138085
Q7385628,Q3543876
Q7385628,Q3137013
Q1781796,Q123434055
Q1781796,Q2941314
Q1781796,Q117477492
Q1781796,Q3527978
Q16323732,Q593636
Q16323732,Q3296942
Q16323732,Q2920703
Q25230739,Q112181418
Q25230739,Q55640062
Q109538468,Q4726348
Q109538468,Q6525230
Q109538468,Q6525874
Q109538468,Q137368542
Q109538468,Q7663688
Q109538468,Q7821003
Q739138,Q17140
Q739138,Q11975
Q739138,Q41594
Q739138,Q233817
Q739138,Q122020
Q739138,Q212464
Q739138,Q154454
Q739138,Q233886
Q485915,Q496245
Q485915,Q490192
Q485915,Q12611433
Q485915,Q90872620
Q485915,Q484216
Q485915,Q6617244
Q485915,Q625547
Q485915,Q490719
Q108667604,Q136324170
Q108667604,Q50505246
Q108667604,Q16013757
Q7855391,Q237378
Q7855391,Q82199
Q7855391,Q446945
Q7855391,Q331711
Q7855391,Q437231
Q7855391,Q193534
Q7855391,Q298139
Q7855391,Q485771
Q5398894,Q2246954
Q5398894,Q1993589
Q5398894,Q17450386
Q5398894,Q5211857
Q61127902,Q10748727
Q61127902,Q10771464
Q61127902,Q7181551
Q61127902,Q10824899
Q7972788,Q132156971
Q7972788,Q99527593
Q7972788,Q467094
Q1499262,Q1320703
Q1499262,Q1139517
Q1499262,Q710402
Q1499262,Q1189731
Q1499262,Q253862
Q1499262,Q1207860
Q8059887,Q1990612
Q199415,Q1356737
Q227036,Q3058461
Q227036,Q1663028
Q227036,Q3491728
Q227036,Q48778115
Q8341,Q104358
Q8341,Q103767
Q8341,Q4030
Q8341,Q1768
Q8341,Q7346
Q8341,Q1779
Q8341,Q93341
Q8341,Q109612
Q906647,Q225131
Q906647,Q317128
Q906647,Q441399
Q906647,Q313368
Q906647,Q1779
Q906647,Q1506370
Q906647,Q933710
Q906647,Q313519
Q1736883,Q2311993
Q1914924,Q1760208
Q1914924,Q1886342
Q1914924,Q116306326
Q3807537,Q4030
Q3807537,Q505559
Q3807537,Q348477
Q3807537,Q470182
Q3807537,Q315780
Q203775,Q320065
Q203775,Q46755
Q203775,Q273079
Q203775,Q505749
Q203775,Q107008
Q203775,Q4030
Q203775,Q103651
Q203775,Q313529
Q447962,Q858464
Q447962,Q453074
Q447962,Q5092454
Q447962,Q1131818
Q447962,Q1817585
Q1530455,Q465943
Q1530455,Q104358
Q1530455,Q240371
Q1530455,Q229322
Q1530455,Q1768
Q1530455,Q40912
Q1530455,Q137042
Q1530455,Q229513
Q2299060,Q326436
Q2299060,Q1742068
Q2299060,Q948868
Q2299060,Q1801348
Q2299060,Q933550
Q2299060,Q1431787
Q844245,Q535815
Q844245,Q502307
Q844245,Q44122
Q844245,Q206244
Q844245,Q510161
Q844245,Q3442540
Q837389,Q491368
Q837389,Q1282931
Q837389,Q1672362
Q837389,Q462983
Q837389,Q472644
Q837389,Q1377199
Q837389,Q740099
Q837389,Q317122
Q3163340,Q813553
Q3163340,Q1062320
Q3163340,Q177824
Q3163340,Q49575
Q3163340,Q1672362
Q3163340,Q462983
Q3163340,Q722618
Q105513,Q312692
Q105513,Q103767
Q105513,Q118116
Q105513,Q49575
Q105513,Q711198
Q105513,Q346779
Q105513,Q175899
Q105513,Q109612
Q181010,Q311715
Q181010,Q110477
Q181010,Q354490
Q181010,Q346762
Q181010,Q534842
Q181010,Q365560
Q181010,Q362564
Q181010,Q299208
Q14546558,Q454819
Q14546558,Q361927
Q14546558,Q711059
Q14546558,Q1406177
Q14546558,Q727418
Q14546558,Q648750
Q14546558,Q967230
Q14546558,Q273076
Q1092837,Q505138
Q1092837,Q346762
Q1092837,Q105875
Q1092837,Q506006
Q1092837,Q318619
Q1092837,Q93341
Q1092837,Q44841
Q1092837,Q317161
Q327547,Q2274
Q327547,Q108597
Q327547,Q156535
Q327547,Q453393
Q327547,Q586994
Q327547,Q93341
Q327547,Q830379
Q327547,Q30587
Q848399,Q506360
Q848399,Q212762
Q848399,Q185928
Q848399,Q344822
Q848399,Q57213
Q848399,Q505683
Q848399,Q712683
Q848399,Q206304
Q916387,Q4799590
Q916387,Q6432349
Q916387,Q1820469
Q916387,Q557535
Q916387,Q239030
Q1141081,Q212762
Q1141081,Q2985104
Q1141081,Q185928
Q1141081,Q722627
Q1141081,Q1543576
Q80725067,Q111633626
Q108297218,Q2985104
Q105527,Q105875
Q105527,Q841778
Q105527,Q93341
Q105527,Q213887
Q105527,Q1065887
Q105527,Q7547407
Q105527,Q7769580
Q105527,Q1120697
Q539089,Q535308
Q539089,Q704154
Q539089,Q528103
Q539089,Q830379
Q539089,Q330830
Q1127530,Q208205
Q1127530,Q105875
Q1127530,Q7346
Q1127530,Q318619
Q1127530,Q93341
Q1127530,Q317161
Q17988509,Q234304
Q17988509,Q935982
Q3591962,Q2740796
Q3591962,Q54738460
Q3591962,Q382901
Q38656,Q362764
Q38656,Q536322
Q38656,Q463678
Q38656,Q105875
Q38656,Q1242553
Q38656,Q2166019
Q38656,Q588551
Q38656,Q7718487
Q5500244,Q644768
Q5500244,Q208797
Q5500244,Q331088
Q846833,Q888012
Q846833,Q945778
Q846833,Q348459
Q846833,Q463678
Q846833,Q1892509
Q831354,Q888012
Q831354,Q726018
Q831354,Q1173262
Q831354,Q178112
Q831354,Q463678
Q831354,Q295777
Q831354,Q937020
Q831354,Q913590
Q221772,Q286110
Q221772,Q615207
Q221772,Q202041
Q221772,Q608233
Q221772,Q1057805
Q221772,Q1755857
Q1136331,Q897564
Q1136331,Q708757
Q1136331,Q927538
Q1136331,Q946505
Q1136331,Q738139
Q1136331,Q612068
Q1136331,Q1087300
Q6168369,Q317677
Q6168369,Q246594
Q6168369,Q445829
Q105756581,Q320065
Q105756581,Q46755
Q105756581,Q107008
Q105756581,Q4030
Q105756581,Q103651
Q105756581,Q315780
Q105756581,Q313529
Q105756581,Q349357
Q1034231,Q317677
Q1034231,Q810016
Q1034231,Q2027370
Q1034231,Q1527319
Q5928480,Q356187
Q5928480,Q287061
Q5928480,Q238705
Q5928480,Q361927
Q5928480,Q16221677
Q5928480,Q213887
Q5928480,Q1370642
Q5928480,Q7547407
Q124504713,Q317128
Q124504713,Q441399
Q124504713,Q313368
Q124504713,Q313519
Q113493826,Q185928
Q113493826,Q247293
Q113493826,Q1369304
Q31837446,Q357014
Q31837446,Q566555
Q31837446,Q31837635
Q31837446,Q12674983
Q6025624,Q764514
Q6025624,Q2174541
Q6025624,Q1565745
Q6025624,Q666495
Q1684520,Q358350
Q1684520,Q1689431
Q1684520,Q1689472
Q1684520,Q1382570
Q6168405,Q378858
Q6168405,Q1811622
Q185652,Q919632
Q185652,Q317128
Q185652,Q1066908
Q185652,Q191499
Q185652,Q1345690
Q181897,Q109053
Q181897,Q1240056
Q181897,Q310476
Q181897,Q550541
Q181897,Q725945
Q181897,Q1773956
Q2909943,Q369382
Q2909943,Q3445741
Q2909943,Q2263974
Q98528204,Q238243
Q98528204,Q456180
Q98528204,Q7346
Q98528204,Q16221677
Q98528204,Q1242553
Q98528204,Q470617
Q98528204,Q354508
Q98528204,Q539832
Q137799958,Q467087
Q137799958,Q1284551
Q137799958,Q470182
Q137799958,Q2217509
Q4020968,Q325111
Q4020968,Q1565745
Q4020968,Q842642
Q1640319,Q449171
Q1640319,Q312264
Q1640319,Q180727
Q1640319,Q154556
Q1640319,Q432822
Q1640319,Q267170
Q1640319,Q444857
Q1640319,Q947955
Q726239,Q380126
Q726239,Q2748333
Q726239,Q434916
Q726239,Q1420932
Q726239,Q452011
Q181861,Q572821
Q181861,Q1328096
Q181861,Q1018174
Q181861,Q683478
Q181861,Q188626
Q181861,Q573017
Q181861,Q475227
Q181861,Q168290
Q131535243,Q572821
Q131535243,Q1018174
Q131535243,Q3520438
Q131535243,Q1336827
Q131535243,Q2712704
Q131535243,Q951819
Q120867282,Q120881151
Q120867282,Q7256203
Q120867282,Q7507373
Q120867282,Q11897643
Q1913888,Q6005201
Q1913888,Q7047756
Q1913888,Q2943135
Q1913888,Q3569409
Q16562829,Q380126
Q16562829,Q2748333
Q16562829,Q1420932
Q16562829,Q452011
Q16562829,Q2574419
Q39046859,Q109678068
Q39046859,Q74703053
Q650316,Q369916
Q650316,Q28974
Q650316,Q432822
Q650316,Q3381062
Q650316,Q912800
Q650316,Q594855
Q650316,Q481477
Q650316,Q274082
Q592060,Q295202
Q592060,Q563517
Q592060,Q706941
Q592060,Q713575
Q592060,Q175277
Q592060,Q2312109
Q2484587,Q1969558
Q2484587,Q1884181
Q2484587,Q3514381
Q2484587,Q7706997
Q2484587,Q16733139
Q742341,Q572924
Q742341,Q705530
Q742341,Q1173180
Q742341,Q354158
Q742341,Q298726
Q742341,Q729293
Q742341,Q524953
Q742341,Q563162
Q487965,Q1024747
Q487965,Q1102092
Q487965,Q1107195
Q487965,Q11898
Q487965,Q1930798
Q487965,Q1788002
Q487965,Q1502233
Q487965,Q1165655
Q2687544,Q9179347
Q2687544,Q123237633
Q2687544,Q60297254
Q2687544,Q1502454
Q2687544,Q287486
Q2687544,Q16968240
Q2687544,Q7649908
Q2687544,Q734907
Q3487358,Q3846033
Q3487358,Q9179347
Q936942,Q1107195
Q936942,Q739657
Q936942,Q1181285
Q936942,Q11898
Q936942,Q11647
Q936942,Q2115954
Q936942,Q371535
Q968730,Q750954
Q968730,Q250421
Q968730,Q1351424
Q968730,Q186327
Q968730,Q425772
Q968730,Q11647
Q968730,Q939556
Q1078010,Q639510
Q1078010,Q668236
Q1078010,Q904214
Q1078010,Q6010844
Q1078010,Q1891766
Q1078010,Q7826218
Q1078010,Q820664
Q1403744,Q596117
Q1403744,Q1470010
Q1403744,Q1424035
Q1403744,Q1478944
Q1403744,Q962524
Q1403744,Q1168617
Q1403744,Q371535
Q1403744,Q375950
Q4155078,Q596117
Q4155078,Q1478944
Q4155078,Q1427795
Q4155078,Q1543315
Q4155078,Q265454
Q1091450,Q395327
Q1091450,Q266782
Q1091450,Q1545680
Q1091450,Q1431398
Q1091450,Q11788639
Q1091450,Q1807574
Q1091450,Q1543315
Q1091450,Q692872
Q208494,Q128010
Q208494,Q1533787
Q208494,Q425772
Q208494,Q11647
Q208494,Q25177
Q208494,Q491892
Q208494,Q1345932
Q208494,Q740623
Q213572,Q704541
Q213572,Q62724
Q213572,Q619332
Q213572,Q572174
Q213572,Q25177
Q213572,Q502142
Q3008122,Q376651
Q3008122,Q2033431
Q3008122,Q689341
Q3008122,Q1143750
Q108297220,Q1017857
Q108297220,Q298726
Q7306376,Q348449
Q7306376,Q877525
Q7306376,Q1884181
Q7306376,Q16733139
Q310871,Q4894178
Q310871,Q1518141
Q310871,Q7613783
Q310871,Q7689943
Q1744327,Q449171
Q1744327,Q2903211
Q1744327,Q1083203
Q1744327,Q2182711
Q1808721,Q4932094
Q1808721,Q2355139
Q1808721,Q327311
Q1808721,Q155158
Q5969884,Q49277
Q5969884,Q29544
Q5969884,Q276413
Q5969884,Q2039834
Q5969884,Q544469
Q5969884,Q315744
Q5969884,Q262791
Q5969884,Q1322803
Q1744304,Q278207
Q1744304,Q624627
Q1744304,Q2000851
Q1744304,Q2409957
Q7205507,Q2608674
Q7205507,Q278207
Q7205507,Q624627
Q7205507,Q2000851
Q7410145,Q214039
Q7410145,Q698224
Q7410145,Q685595
Q7410145,Q217716
Q7410145,Q2000851
Q45981,Q358350
Q45981,Q182725
Q45981,Q209586
Q45981,Q4001165
Q45981,Q544387
Q45981,Q144669
Q45981,Q326649
Q180268,Q493028
Q180268,Q1349627
Q180268,Q206466
Q180268,Q7498714
Q180268,Q438106
Q180268,Q466840
Q180268,Q935884
Q180268,Q562158
Q2022163,Q2320232
Q2022163,Q1615382
Q2022163,Q2778878
Q2022163,Q2008427
Q2022163,Q7766405
Q1379958,Q464213
Q1379958,Q1049345
Q1379958,Q292960
Q1379958,Q617822
Q1379958,Q357515
Q1379958,Q2080180
Q1379958,Q2745548
Q1379958,Q2000598
Q6188299,Q222918
Q6188299,Q809077
Q6188299,Q1706272
Q6188299,Q1579192
Q6188299,Q2130817
Q123909197,Q4038788
Q123909197,Q1393884
Q123909197,Q652294
Q7397320,Q1550716
Q7397320,Q7721110
Q880270,Q299881
Q880270,Q4845705
Q880270,Q206466
Q880270,Q438106
Q880270,Q2092670
Q880270,Q6844110
Q880270,Q466840
Q5967604,Q538696
Q5967604,Q5296675
Q5967604,Q1452334
Q5967604,Q1349627
Q5967604,Q1906374
Q5967604,Q12005972
Q5967604,Q7859802
Q5967604,Q270869
Q546359,Q1226925
Q546359,Q1445090
Q546359,Q1060576
Q546359,Q1241507
Q546359,Q1969478
Q546359,Q1431711
Q546359,Q1114144
Q546359,Q753905
Q3658336,Q963044
Q3658336,Q920288
Q3658336,Q1356912
Q3658336,Q209586
Q3658336,Q271139
Q3658336,Q958578
Q3658336,Q918447
Q3658336,Q708922
Q4875789,Q5068109
Q4875789,Q1911474
Q4875789,Q7721684
Q4875789,Q1060576
Q4875789,Q7731864
Q4875789,Q2712705
Q131272,Q313260
Q131272,Q125121
Q131272,Q5950
Q131272,Q189758
Q131272,Q217839
Q131272,Q544387
Q131272,Q295919
Q131272,Q714
Q1615483,Q110477
Q1615483,Q601427
Q1615483,Q365560
Q1615483,Q726100
Q1615483,Q318948
Q1615483,Q562912
Q1615483,Q723821
Q1615483,Q1936300
Q1567032,Q313260
Q1567032,Q893007
Q1567032,Q462426
Q1567032,Q217839
Q1567032,Q445862
Q1567032,Q1545232
Q1567032,Q312270
Q6496549,Q71915
Q6496549,Q935746
Q6496549,Q3376398
Q6496549,Q740099
Q1269729,Q863227
Q1269729,Q711442
Q1269729,Q372820
Q1269729,Q12858987
Q1269729,Q467933
Q1269729,Q1759086
Q1269729,Q580823
Q1269729,Q721043
Q885561,Q896109
Q885561,Q219782
Q885561,Q733182
Q885561,Q282002
Q885561,Q339430
Q885561,Q235931
Q885561,Q1757318
Q885561,Q610228
Q105334717,Q310170
Q105334717,Q507864
Q105334717,Q206439
Q105334717,Q189758
Q105334717,Q1133807
Q105334717,Q714
Q2743435,Q523957
Q2743435,Q2168041
Q2743435,Q1133807
Q2743435,Q2410177
Q2743435,Q178134
Q2743435,Q846373
Q2743435,Q118804
Q1928583,Q485961
Q1928583,Q708136
Q1928583,Q8962695
Q1928583,Q270546
Q1928583,Q12858987
Q1928583,Q2123849
Q3963051,Q255697
Q3963051,Q213647
Q3963051,Q5496741
Q3963051,Q311306
Q3963051,Q379548
Q3963051,Q310332
Q3963051,Q449371
Q268253,Q241660
Q268253,Q933598
Q268253,Q223875
Q268253,Q258750
Q268253,Q232592
Q268253,Q24008618
Q268253,Q1955333
Q2998920,Q2864978
Q2998920,Q272253
Q2998920,Q563057
Q2998920,Q5214189
Q2998920,Q1691619
Q2998920,Q544387
Q2998920,Q49888
Q2998920,Q983338
Q96376126,Q449200
Q96376126,Q3347472
Q96376126,Q3357654
Q96376126,Q217839
Q96376126,Q445862
Q96376126,Q49888
Q1546028,Q863212
Q1546028,Q1585918
Q1546028,Q1670579
Q1546028,Q2000558
Q1546028,Q2412135
Q1546028,Q1749011
Q1546028,Q2030958
Q1546028,Q2307426
Q11700065,Q234695
Q11700065,Q653480
Q11700065,Q26695
Q11700065,Q43267
Q11700065,Q218837
Q11700065,Q34389
Q9078960,Q653480
Q9078960,Q1326522
Q9078960,Q189758
Q9078960,Q714
Q9078960,Q43267
Q9078960,Q1761222
Q9078960,Q218837
Q9078960,Q846373
Q892958,Q71915
Q892958,Q935746
Q892958,Q6266499
Q892958,Q3376398
Q892958,Q740099
Q892958,Q7330563
Q4971442,Q588315
Q4971442,Q319265
Q4971442,Q131422
Q4971442,Q1364657
Q4971442,Q11036
Q4971442,Q1049145
Q4971442,Q192725
Q4971442,Q1338638
Q164444,Q28974
Q164444,Q5950
Q164444,Q850290
Q164444,Q1291507
Q164444,Q7542
Q164444,Q1133807
Q164444,Q1887369
Q2697917,Q98641279
Q2697917,Q2967586
Q2697917,Q5421047
Q2697917,Q6313822
Q2697917,Q7294514
Q2697917,Q281888
Q577080,Q452411
Q577080,Q523957
Q577080,Q2053632
Q577080,Q913560
Q1045541,Q323178
Q1045541,Q1154246
Q1045541,Q6078
Q1045541,Q47159
Q1045541,Q6096
Q1045541,Q1070141
Q1045541,Q319585
Q106641536,Q14903387
Q106641536,Q313868
Q106641536,Q18645820
Q106641536,Q445829
Q106641536,Q19886334
Q106641536,Q17109370
Q106641536,Q8016354
Q4969182,Q4880442
Q4969182,Q1429224
Q4969182,Q5750432
Q4969182,Q615207
Q4969182,Q123025
Q4969182,Q6546214
Q1182371,Q3288013
Q1182371,Q125157335
Q1325963,Q316872
Q1325963,Q939429
Q1325963,Q705532
Q1325963,Q1569035
Q1325963,Q1760152
Q1325963,Q6275943
Q1325963,Q644975
Q109048162,Q123738761
Q109048162,Q5351010
Q109048162,Q110826804
Q109048162,Q1282844
Q30632022,Q922528
Q30632022,Q5320134
Q30632022,Q647279
Q30632022,Q7542
Q30632022,Q992295
Q30632022,Q1571747
Q30632022,Q644975
Q58339,Q133405
Q58339,Q516712
Q58339,Q908933
Q58339,Q228918
Q58339,Q1130581
Q58339,Q500683
Q58339,Q1685123
Q58339,Q219874
Q1374731,Q18233
Q1374731,Q454010
Q1374731,Q261058
Q1374731,Q753066
Q1374731,Q156298
Q1374731,Q106861
Q1374731,Q312674
Q1374731,Q125533
Q98528149,Q1056163
Q98528149,Q312674
Q98528149,Q1395989
Q98528149,Q615867
Q98528149,Q854590
Q2608506,Q1056163
Q2608506,Q3039557
Q2608506,Q1363881
Q2608506,Q645373
Q606393,Q2907992
Q606393,Q368961
Q606393,Q357786
Q606393,Q437129
Q606393,Q273868
Q606393,Q435487
Q606393,Q1395989
Q606393,Q500683
Q744417,Q353025
Q744417,Q1186767
Q744417,Q361329
Q744417,Q444224
Q744417,Q220050
Q744417,Q734326
Q744417,Q4354163
Q744417,Q2260725
Q4045538,Q4688391
Q4045538,Q903674
Q4045538,Q1609632
Q4045538,Q1363881
Q4045538,Q7245230
Q4045538,Q16056085
Q106588727,Q1833753
Q4942839,Q593139
Q4942839,Q3193690
Q4942839,Q2745611
Q4942839,Q1329167
Q4942839,Q646170
Q4942839,Q8049252
Q106522115,Q5167093
Q106522115,Q6199827
Q106522115,Q1702271
Q106522115,Q7182272
Q106522115,Q7356117
Q106522115,Q7819686
Q106522115,Q7970504
Q83440,Q180453
Q83440,Q216288
Q83440,Q508202
Q83440,Q206181
Q83440,Q42775
Q83440,Q273080
Q83440,Q1412029
Q83440,Q206112
Q1730388,Q732733
Q1730388,Q888326
Q1730388,Q706422
Q1730388,Q6545995
Q1730388,Q1531285
Q1730388,Q366469
Q1730388,Q321178
Q1751782,Q230925
Q1751782,Q72096
Q1751782,Q1239171
Q1751782,Q721943
Q1751782,Q969629
Q1751782,Q362435
Q1751782,Q273080
Q1751782,Q292412
Q5177472,Q13156953
Q5177472,Q4961096
Q5177472,Q1161999
Q5177472,Q5249375
Q5177472,Q15304958
Q5177472,Q7186118
Q5177472,Q19561463
Q14493900,Q5173620
Q14493900,Q366584
Q14493900,Q1677067
Q14493900,Q979411
Q14493900,Q3195701
Q14493900,Q7143495
Q14493900,Q7292403
Q14493900,Q333014
Q4490991,Q1115087
Q4490991,Q327886
Q4490991,Q1386899
Q4490991,Q979411
Q4490991,Q208681
Q4490991,Q1928543
Q4490991,Q206112
Q964658,Q320775
Q964658,Q711892
Q964658,Q243103
Q964658,Q42775
Q964658,Q208681
Q964658,Q2441201
Q964658,Q251287
Q964658,Q206112
Q3422697,Q5307900
Q3422697,Q5188245
Q3422697,Q3162896
Q3422697,Q7619416
Q3422697,Q2377124
Q3422697,Q7856100
Q438476,Q607725
Q438476,Q256813
Q438476,Q3881496
Q438476,Q1424828
Q438476,Q1508351
Q438476,Q1473092
Q438476,Q1240650
Q438476,Q637771
Q65052052,Q197230
Q65052052,Q3486681
Q65052052,Q60339
Q65052052,Q55635797
Q65052052,Q665143
Q2407862,Q164060
Q2407862,Q231286
Q2407862,Q442207
Q2407862,Q6162757
Q2407862,Q256813
Q2407862,Q781634
Q2407862,Q600344
Q2407862,Q740729
Q5128236,Q712353
Q5128236,Q82250
Q5128236,Q963142
Q5128236,Q508202
Q5128236,Q206181
Q5128236,Q272931
Q5128236,Q183092
Q5128236,Q234017
Q65937954,Q39639
Q65937954,Q215546
Q65937954,Q216288
Q65937954,Q467526
Q65937954,Q166197
Q65937954,Q29561472
Q65937954,Q131433
Q65937954,Q356487
Q458480,Q380927
Q458480,Q320264
Q458480,Q713099
Q458480,Q366584
Q458480,Q346036
Q458480,Q455939
Q458480,Q467519
Q458480,Q1347095
Q5201841,Q3507588
Q5201841,Q12018456
Q5201841,Q12020101
Q5201841,Q12043494
Q5201841,Q10838330
Q3140141,Q963142
Q3140141,Q508202
Q3140141,Q706422
Q3140141,Q206181
Q3140141,Q272913
Q3140141,Q1347215
Q3140141,Q1929135
Q3140141,Q1347695
Q804401,Q712353
Q804401,Q713099
Q804401,Q183092
Q804401,Q2136070
Q804401,Q2258587
Q804401,Q200717
Q65943778,Q170042
Q65943778,Q963142
Q65943778,Q206181
Q65943778,Q366358
Q65943778,Q272913
Q65943778,Q455773
Q65943778,Q1412029
Q65943778,Q2492614
Q213714,Q10853874
Q213714,Q170042
Q213714,Q5252933
Q213714,Q1040688
Q213714,Q355915
Q213714,Q1137218
Q213714,Q3522116
Q213714,Q656291
Q7832321,Q170042
Q7832321,Q5252933
Q7832321,Q1040688
Q7832321,Q6193271
Q7832321,Q355915
Q7832321,Q1882498
Q7832321,Q7313417
Q7832321,Q656291
Q21327441,Q656291
Q3307225,Q561390
Q3307225,Q1174604
Q3307225,Q7007840
Q3307225,Q1895390
Q3307225,Q82179
Q3307225,Q1137218
Q3307225,Q7763250
Q3307225,Q1390373
Q107982599,Q52004084
Q107982599,Q5604524
Q107982599,Q12858787
Q107982599,Q7284050
Q107982599,Q1662265
Q107982599,Q493697
Q107982599,Q8054914
Q135687210,Q977373
Q135687210,Q1184543
Q135687210,Q690138
Q135687210,Q1756844
Q135687210,Q136554184
Q106562392,Q1922029
Q106562392,Q6907524
Q106562392,Q963827
Q106562392,Q1184543
Q3696098,Q1228233
Q3696098,Q366358
Q3696098,Q6391192
Q3696098,Q272845
Q3696098,Q1928449
Q3696098,Q124670
Q7847156,Q1022574
Q7847156,Q1173181
Q7847156,Q2675743
Q7847156,Q2136070
Q7847156,Q2136093
Q1425111,Q342723
Q1425111,Q919565
Q1425111,Q1928543
Q1425111,Q1374215
Q1425111,Q2151848
Q1425111,Q367129
Q1425111,Q2414335
Q1425111,Q966565
Q9759,Q188969
Q9759,Q93349
Q9759,Q354519
Q9759,Q44780
Q9759,Q44570
Q9759,Q314310
Q9759,Q220707
Q9759,Q18672192
Q212952,Q731178
Q212952,Q358619
Q212952,Q1346384
Q212952,Q1399605
Q212952,Q1399599
Q212952,Q1095520
Q1309336,Q267951
Q1309336,Q93349
Q1309336,Q242725
Q1309336,Q508100
Q1309336,Q239533
Q1309336,Q274181
Q1309336,Q371508
Q1309336,Q543443
Q1271752,Q741119
Q1271752,Q45001
Q1271752,Q436209
Q1271752,Q332635
Q1271752,Q435552
Q1271752,Q715345
Q1271752,Q202937
Q1271752,Q358538
Q98528141,Q45001
Q98528141,Q712586
Q98528141,Q506198
Q98528141,Q314310
Q98528141,Q435552
Q98528141,Q715345
Q98528141,Q1349298
Q649823,Q45001
Q649823,Q181689
Q649823,Q354519
Q649823,Q314310
Q649823,Q382962
Q649823,Q18672192
Q649823,Q380289
Q649823,Q352999
Q1127539,Q519289
Q1127539,Q918497
Q1127539,Q354519
Q1127539,Q18672192
Q1127539,Q380289
Q1127539,Q352999
Q5762403,Q3177699
Q5762403,Q1713550
Q5762403,Q964219
Q5762403,Q475935
Q5762403,Q323966
Q5762403,Q2123902
Q1109497,Q742396
Q1109497,Q174478
Q1109497,Q181689
Q1109497,Q454320
Q1109497,Q292389
Q1109497,Q1699575
Q1109497,Q159098
Q1109497,Q59149232
Q1515757,Q474283
Q1515757,Q352225
Q1515757,Q358350
Q1515757,Q974670
Q1515757,Q4001165
Q1515757,Q588392
Q1515757,Q327047
Q1515757,Q326649
Q640097,Q44809
Q640097,Q188969
Q640097,Q314208
Q640097,Q356598
Q640097,Q44780
Q640097,Q220707
Q640097,Q202937
Q640097,Q358538
Q1071873,Q314208
Q1071873,Q44780
Q1071873,Q435600
Q1071873,Q380261
Q1071873,Q549960
Q1071873,Q220707
Q1071873,Q711197
Q1071873,Q204092
Q534606,Q1809563
Q534606,Q322502
Q534606,Q2011936
Q534606,Q7514167
Q534606,Q731231
Q918542,Q886036
Q918542,Q968313
Q918542,Q203736
Q918542,Q106648
Q918542,Q886072
Q918542,Q1707816
Q918542,Q630808
Q98528142,Q741119
Q98528142,Q1095432
Q98528142,Q436209
Q98528142,Q325273
Q98528142,Q332635
Q98528142,Q202937
Q98528142,Q358538
Q98528142,Q511277
Q65937937,Q314208
Q65937937,Q1153310
Q65937937,Q347717
Q65937937,Q708721
Q65937937,Q455723
Q65937937,Q202937
Q2603965,Q161805
Q2603965,Q729444
Q2603965,Q1068404
Q2603965,Q1349079
Q2603965,Q458229
Q2603965,Q918447
Q2603965,Q322236
Q2603965,Q477783
Q515074,Q607448
Q515074,Q1809563
Q515074,Q322502
Q515074,Q2011936
Q515074,Q918447
Q515074,Q731231
Q516568,Q161805
Q516568,Q931607
Q516568,Q607448
Q516568,Q918447
Q516568,Q708922
Q516568,Q2468145
Q2521569,Q541634
Q2521569,Q5257702
Q2521569,Q968938
Q2521569,Q6496167
Q2521569,Q153802
Q2521569,Q3347472
Q2521569,Q135815
Q65936357,Q1347072
Q65936357,Q314310
Q65936357,Q382962
Q65936357,Q159098
Q65936357,Q18672192
Q65936357,Q352999
Q65936357,Q353023
Q106641530,Q449239
Q106641530,Q464728
Q106641530,Q1345751
Q106641530,Q328968
Q2907328,Q334947
Q2907328,Q894958
Q2907328,Q517506
Q7800608,Q891919
Q7800608,Q16732408
Q7800608,Q1515351
Q7800608,Q3518278
Q7800608,Q262317
Q5447390,Q16015304
Q5447390,Q323966
Q5447390,Q23063230
Q1075338,Q1033480
Q1075338,Q1689135
Q1075338,Q1421242
Q9794,Q2525354
Q9794,Q361646
Q9794,Q711294
Q9794,Q440898
Q9794,Q109063
Q9794,Q273049
Q9794,Q1542680
Q9794,Q845465
Q1262697,Q11691580
Q1262697,Q11762576
Q1262697,Q3496799
Q1262697,Q1141580
Q54365,Q333598
Q54365,Q745741
Q54365,Q447437
Q54365,Q441161
Q54365,Q1327973
Q54365,Q1546385
Q54365,Q845449
Q54365,Q19057
Q108807661,Q16954729
Q108807661,Q1936730
Q108807661,Q333598
Q108807661,Q536566
Q108807661,Q447437
Q108807661,Q441161
Q108807661,Q845449
Q108807661,Q845465
Q209498,Q798739
Q209498,Q745741
Q209498,Q2165980
Q209498,Q646218
Q209498,Q1546385
Q209498,Q19057
Q7580152,Q3157402
Q3990466,Q927112
Q3990466,Q43259
Q3990466,Q165846
Q3990466,Q665979
Q3990466,Q1165867
Q3990466,Q1382101
Q3990466,Q591691
Q3990466,Q1327973
Q212688,Q467250
Q212688,Q329809
Q212688,Q451858
Q212688,Q315417
Q212688,Q918458
Q212688,Q898207
Q108107635,Q2923594
Q108107635,Q1546885
Q108107635,Q3192280
Q108107635,Q191319
Q1277532,Q838410
Q1277532,Q333598
Q1277532,Q109063
Q1277532,Q1808794
Q1277532,Q1754873
Q1277532,Q286596
Q1277532,Q845465
Q573484,Q443886
Q573484,Q5899965
Q573484,Q768410
Q573484,Q460970
Q573484,Q1092132
Q573484,Q1812589
Q573484,Q927618
Q573484,Q3437104
Q1299260,Q804260
Q1299260,Q2525354
Q1299260,Q361646
Q1299260,Q958875
Q1299260,Q1542680
Q1299260,Q1535896
Q1299260,Q1725152
Q1113204,Q561142
Q1113204,Q3170263
Q1113204,Q557775
Q1113204,Q706252
Q1113204,Q7082705
Q474027,Q589846
Q474027,Q848590
Q474027,Q560642
Q474027,Q200577
Q474027,Q711260
Q474027,Q385650
Q474027,Q1357035
Q474027,Q711228
Q740911,Q848590
Q740911,Q560642
Q740911,Q536588
Q740911,Q1146597
Q740911,Q1993035
Q740911,Q711260
Q740911,Q385650
Q1872505,Q5046623
Q1872505,Q3017545
Q1872505,Q6153427
Q1872505,Q1872126
Q1872505,Q705413
Q1872505,Q787391
Q7122786,Q56281544
Q7122786,Q13635889
Q7122786,Q17386094
Q7122786,Q1846819
Q136537479,Q96386222
Q136537479,Q222978
Q3477737,Q1365130
Q98528252,Q794747
Q98528252,Q1188945
Q98528252,Q1225575
Q98528252,Q1356456
Q98528252,Q2110365
Q98528252,Q1356920
Q98528252,Q711228
