wikidata_id,musicbrainz_id,name,parent_wikidata_id,parent_name,level,children_direct,descendants_total,display_rule,epoch_year,origin,group,bpm_min,bpm_max,parent_choice,wikidata_parents_raw,wikipedia_links,featured,family_shape,family_hue
Q9778,89255676-1f14-4dd8-bbad-fca839d6aff4,electronic music,,,0,26,391,dial,1920,,,,,root,,108,1,circle,295
Q863539,d89f1b3c-0e50-474e-8a76-443199dbc484,binaural beats,Q9778,electronic music,1,0,0,ring,1839,,AMBIENT & CHILL-OUT,,,single,electronic music,17,,,
Q111387914,faf91afb-d07f-46dc-bf38-45200c22201f,moogsploitation,Q9778,electronic music,1,0,0,ring,1966,,SYNTH & RETRO,,,single,electronic music,0,,,
Q193207,608b0471-7531-4854-a348-e698c69cb699,ambient music,Q9778,electronic music,1,6,17,ring,1967,Japan · United Kingdom,AMBIENT & CHILL-OUT,,,attach,popular music,54,,,
Q213121,6c76d9ec-0924-4fc9-bb22-91a695ca09d6,new age music,Q193207,ambient music,2,4,4,ring,1960,Europe · United States,,,,attach,popular music,47,,,
Q613874,27f6e0f8-8d02-4f15-ac9f-45c5798978b7,neoclassical new-age music,Q213121,new age music,3,0,0,ring,1972,,,,,single,new age music,2,,,
Q622688,ba1b6ce0-b4e0-4c89-b472-37c969e9cdfb,Andean new age music,Q213121,new age music,3,0,0,ring,1980,,,,,single,new age music,1,,,
Q98528207,fff215c1-bded-4749-9d44-d29bf44c6be4,Celtic new age,Q213121,new age music,3,0,0,ring,,,,,,auto,Celtic music | new age music,0,,,
Q112593424,67623f54-1090-41d7-836e-3f70a487bf47,Native American new age music,Q213121,new age music,3,0,0,ring,,,,,,single,new age music,0,,,
Q16625659,cb058995-96b0-45ed-a3db-2f066bfe948d,space ambient,Q193207,ambient music,2,0,0,ring,1971,,,,,auto,ambient music | space music,0,,,
Q98528139,94bd08a1-367d-49ad-a9f5-6db1c08f196a,tribal ambient,Q193207,ambient music,2,0,0,ring,1978,,,,,auto,ambient music | tribal music,0,,,
Q756956,01ecf8e4-7f7a-4145-ae97-504d3109633d,dark ambient,Q193207,ambient music,2,3,7,ring,1988,Europe · United States,,,,auto,ambient music | post-industrial music,29,,,
Q48971892,c89a76aa-2149-499e-946b-8299aa2f4ab3,dungeon synth,Q756956,dark ambient,3,4,4,ring,1991,,,,,attach,popular music,12,,,
Q112118786,f8344ab4-cdd1-4acc-829b-8be207ea54d0,winter synth,Q48971892,dungeon synth,4,0,0,ring,1998,,,,,single,dungeon synth,0,,,
Q112118783,0b8b564c-fb7f-4f6d-b40f-e432b2a1ae02,comfy synth,Q48971892,dungeon synth,4,0,0,ring,2018,,,,,single,dungeon synth,0,,,
Q140630035,37369d59-6ffd-4c9d-be9f-913cad71f740,dungeon chip,Q48971892,dungeon synth,4,0,0,ring,,,,,,auto,bit music | dungeon synth,0,,,
Q140369600,dc7b3df8-0f8c-4bcd-9daa-8eca53c3e1f9,keller synth,Q48971892,dungeon synth,4,0,0,ring,,,,,,single,dungeon synth,0,,,
Q106642137,fa969459-94a6-4c47-9770-c8517b180645,black ambient,Q756956,dark ambient,3,0,0,ring,,,,,,single,dark ambient,2,,,
Q12671486,1deaf1c4-d01b-4a3c-adc4-ff45cf09264c,ritual ambient,Q756956,dark ambient,3,0,0,ring,,,,,,single,dark ambient,2,,,
Q113447222,8a7503ae-543b-4be3-b8dd-c031bc8548a0,ambient americana,Q193207,ambient music,2,0,0,ring,,,,,,single,ambient music | music of North America,0,,,
Q112159506,d5541aec-ffc2-4bc5-834d-d72f0718996a,kankyō ongaku,Q193207,ambient music,2,0,0,ring,,,,,,single,environmental music,0,,,
Q79784514,2d069613-cd1b-4ce8-ad90-d0925e4ff9c9,progressive electronic music,Q9778,electronic music,1,1,1,ring,1969,,SYNTH & RETRO,,,auto,progressive music | synth music,1,,,
Q530750,ae93e318-c563-4bb7-9a48-eb2f4e4df96f,Berlin School of electronic music,Q79784514,progressive electronic music,2,0,0,ring,1974,Germany,,,,single,progressive electronic music,12,,,
Q851213,3976e9ba-16d0-461d-b732-99408a0374ba,electronic dance music,Q9778,electronic music,1,74,312,group,1977,,CLUB & DANCEFLOOR,,,auto,club/dance music | electronic music,54,,,
Q217597,60f00d05-df4d-496e-8f5a-c45c03a56ad4,electro,Q851213,electronic dance music,2,0,0,ring,1980,,HOUSE & TECHNO,,,single,electronic dance music,35,,,
Q4049849,4e45ed10-6896-4911-8b5d-366f38af0f40,spacesynth,Q851213,electronic dance music,2,1,1,ring,1981,,RETRO & EURODANCE > SYNTH REVIVAL,,,single,electronic dance music,4,,,
Q108297232,d9ca03bf-e5b8-47f2-a0b2-d9951ba34559,doskpop,Q4049849,spacesynth,3,0,0,ring,1995,,,,,auto,spacesynth | tracker music,0,,,
Q372103,f3818817-6235-48d5-82f7-b223eb0261d9,electronic body music,Q851213,electronic dance music,2,3,4,ring,1982,Belgium · Canada · Germany · United Kingdom,RETRO & EURODANCE > ELECTRO & BODY MUSIC,,,auto,electronic dance music | post-industrial music,33,,,
Q1890098,637d81ef-90b2-4385-9726-5ecf47daf4e4,new beat,Q372103,electronic body music,3,1,1,ring,1987,Belgium,,,,single,electronic body music,16,,,
Q106577108,2d663a70-d823-4d21-a755-2c91cb039eea,hard beat,Q1890098,new beat,4,0,0,ring,1989,Belgium,,,,single,new beat,1,,,
Q828243,6df6e38b-2a6f-4990-94dc-ea48eba4f8ad,futurepop,Q372103,electronic body music,3,0,0,ring,1993,,,,,auto,electronic body music | synth-pop,22,,,
Q2693142,72b2e254-8ec9-4244-b1be-911a683ae0ff,techno body music,Q372103,electronic body music,3,0,0,ring,,,,,,auto,electronic body music | techno,2,,,
Q655514,c37edb66-6712-46e2-b5fd-c4d386cf844f,freestyle music,Q851213,electronic dance music,2,0,0,ring,1982,United States,RETRO & EURODANCE > EURODANCE,,,auto,dance-pop | electronic dance music | electronic pop,14,,,
Q20502,a2782cb6-1cd0-477c-a61d-b3f8b42dd1b3,house music,Q851213,electronic dance music,2,48,71,group,1982,United States,HOUSE & TECHNO,,,single,electronic dance music,67,,,
Q1071961,eb815795-3ac3-4433-b957-b14e7ccf112d,Chicago house,Q20502,house music,3,0,0,ring,1981,United States,CLASSIC HOUSE > CHICAGO & THE ORIGINS,,,single,house music,20,,,
Q928825,092f40b5-9157-41f2-8243-68b704cd0ed1,garage house,Q20502,house music,3,1,1,ring,1983,United States,CLASSIC HOUSE > CHICAGO & THE ORIGINS,,,single,house music,18,,,
Q97277483,f2c19c14-82b2-4e99-a84b-c14fe39d4362,New Jersey sound,Q928825,garage house,4,0,0,ring,1987,United States,,,,single,garage house,3,,,
Q874038,7fa479e7-3d35-40d1-96f7-b619a5ca9d9f,deep house,Q20502,house music,3,1,1,ring,1985,United States,CLASSIC HOUSE > CHICAGO & THE ORIGINS,,,single,house music,32,,,
Q108555812,6de95c7c-b404-4e2a-8571-739b9ae0c5ed,lo-fi house,Q874038,deep house,4,0,0,ring,2015,,,,,auto,deep house | outsider house,1,,,
Q341364,54c01942-22fd-4184-9877-1db0089b18f1,acid house,Q20502,house music,3,0,0,ring,1987,United States,CLASSIC HOUSE > CHICAGO & THE ORIGINS,,,auto,acid | house music | rave music,31,,,
Q116875230,2f90721b-70be-4657-920f-4978ed0fc801,gospel house,Q20502,house music,3,0,0,ring,1987,,"CLASSIC HOUSE > SOUL, JAZZ & VOCAL HOUSE",,,single,house music,0,,,
Q3056538,14e05f33-e086-4232-8e62-ef4b2ae05c38,Latin house,Q20502,house music,3,0,0,ring,1987,United States,LATIN & BRAZILIAN HOUSE,,,auto,Latin music | house music,10,,,
Q2465085,cc2327cf-88a3-476b-950c-296c382eabd9,ambient house,Q20502,house music,3,0,0,ring,1988,Japan · United Kingdom,"DEEP, MINIMAL & ORGANIC",,,auto,chill-out music | house music,16,,,
Q4852979,6889a005-a736-4131-b399-510094d86db0,Baltimore club,Q20502,house music,3,0,0,ring,1988,United States,BASS & CLUB HOUSE,,,auto,East Coast club | breakbeat | house music,6,,,
Q3032212,a6e22eba-5f6f-4042-befa-a6c881eec0e2,diva house,Q20502,house music,3,1,1,ring,1988,United States,CLASSIC HOUSE > CHICAGO & THE ORIGINS,,,single,house music,9,,,
Q5655695,c05828d7-9647-4eba-8f3a-b77a4b129453,hardbag,Q3032212,diva house,4,0,0,ring,1990,United Kingdom,,,,auto,Eurohouse | diva house,2,,,
Q30917612,8f8cbcde-3948-4be5-8bf0-8073f13e4b60,Eurohouse,Q20502,house music,3,0,0,ring,1988,,EUROPEAN & ASIAN SCENES,,,single,house music,4,,,
Q601235,b99d935b-cc28-404f-a306-50b7d468304f,hip house,Q20502,house music,3,0,0,ring,1988,United States,CLASSIC HOUSE > CHICAGO & THE ORIGINS,,,auto,hip-hop | house music | rapping,19,,,
Q2702280,0abc808d-5d95-4839-8d60-f48ca244d68a,Italo house,Q20502,house music,3,0,0,ring,1988,Italy · United Kingdom · United States,EUROPEAN & ASIAN SCENES,,,single,house music,12,,,
Q202925,57159d7c-faa8-4266-abe1-7504e312fc88,tribal house,Q20502,house music,3,1,1,ring,1988,United States,LATIN & BRAZILIAN HOUSE,,,single,house music | tribal music,12,,,
Q111678759,e18e281d-7287-49fb-b513-f15f45caf0ca,guaracha,Q202925,tribal house,4,0,0,ring,2016,,,,,single,tribal house,2,,,
Q106522098,ede9a040-d08d-443e-981b-a8f3d1da743e,ballroom,Q20502,house music,3,0,0,ring,1989,,BASS & CLUB HOUSE,,,single,US bass music | house music,0,,,
Q915152,70adb285-e1f7-458a-823f-5cbda5e291c4,progressive house,Q20502,house music,3,1,1,ring,1990,Germany · Netherlands · United Kingdom,BIG ROOM & FESTIVAL,,,single,house music | progressive electronic dance music,25,,,
Q140637712,253064b4-ec3d-4a45-b0d9-669428824de2,epic house,Q915152,progressive house,4,0,0,ring,,,,,,single,progressive house,0,,,
Q109538574,36f3209d-503c-4126-a876-f1be01498458,vinahouse,Q20502,house music,3,0,0,ring,1990,Vietnam,EUROPEAN & ASIAN SCENES,,,single,house music,3,,,
Q2748817,75ddea23-a5f4-466c-951c-900d45fc352c,ghetto house,Q20502,house music,3,2,2,ring,1992,United States,CLASSIC HOUSE > CHICAGO & THE ORIGINS,,,single,house music,8,,,
Q1521688,511a3aa8-abdb-4e63-b11c-2d50ab19b373,ghettotech,Q2748817,ghetto house,4,0,0,ring,1994,United States,,,,single,US bass music | ghetto house,13,,,
Q24885387,36cdb9a1-a19e-4c8f-a887-c451e71cca46,juke,Q2748817,ghetto house,4,0,0,ring,1997,,,,,single,ghetto house,0,,,
Q1585015,9c5052e0-36ff-4b92-9447-58f44ffdf682,hard house,Q20502,house music,3,2,2,ring,1992,United Kingdom,BIG ROOM & FESTIVAL,,,single,hard dance | house music,15,,,
Q106522190,7c42bdd8-e8c6-42d4-930b-02f04abc9f8a,scouse house,Q1585015,hard house,4,0,0,ring,1998,,,,,single,hard house,0,,,
Q28458027,d3a28fe9-40f8-47d7-8fe9-b741307f5b49,hardbass,Q1585015,hard house,4,0,0,ring,2001,Russia,,,,single,pumping house,25,,,
Q949369,62e4c7cb-a2b3-462b-8d96-1b0d66ee6cf3,funky house,Q20502,house music,3,0,0,ring,1993,,"CLASSIC HOUSE > SOUL, JAZZ & VOCAL HOUSE",,,single,house music,16,,,
Q598593,1f9c4b4a-c43d-40bd-b806-357153641fd0,tech house,Q20502,house music,3,2,2,ring,1993,Spain · United States,BIG ROOM & FESTIVAL,,,single,house music,17,,,
Q112829330,82c2ef18-d28a-48fa-992e-793328bcc117,deep tech,Q598593,tech house,4,0,0,ring,2009,,,,,single,tech house,0,,,
Q122474257,d706c066-a33d-49e8-ad7e-d456234854f7,rominimal,Q598593,tech house,4,0,0,ring,,,,,,single,minimal house | tech house,0,,,
Q1455292,5acda04e-995d-4f79-9a66-5fe6a977ce15,French house,Q20502,house music,3,0,0,ring,1995,France · United Kingdom,EUROPEAN & ASIAN SCENES,,,single,house music,28,,,
Q1931555,bbce54eb-a477-4b23-ac81-d3b9aac43756,microhouse,Q20502,house music,3,0,0,ring,1996,Europe,"DEEP, MINIMAL & ORGANIC",,,single,house music | minimal EDM,12,,,
Q5071702,5c1976f4-700b-4737-95a6-fee0fa0a8442,changa tuki,Q20502,house music,3,0,0,ring,1997,Venezuela,LATIN & BRAZILIAN HOUSE,,,auto,Latin electronic music | house music,3,,,
Q627906,05247982-e44f-4c58-96f8-a5453be69f5f,electro house,Q20502,house music,3,5,6,ring,1997,Europe · Netherlands,BIG ROOM & FESTIVAL,,,single,house music,29,,,
Q113493820,bb55e7aa-ec06-4605-b867-ee66938713e1,French electro,Q627906,electro house,4,0,0,ring,2000,,,,,single,electro house,0,,,
Q2365784,60cbcb55-852b-4329-9392-30a697802b71,fidget house,Q627906,electro house,4,0,0,ring,2005,,,,,single,electro house,5,,,
Q1228230,7201af41-f0f5-4b21-b09b-d0bf86e7b3e6,Dutch house,Q627906,electro house,4,1,1,ring,2007,,,,,single,electro house,8,,,
Q130301602,54bfae60-074c-484d-90c4-260135823190,noiadance,Q1228230,Dutch house,5,0,0,ring,,,,,,auto,Brazilian funk | Dutch house,0,,,
Q11691380,d20c40f8-935f-43f3-80cb-b65857abb7fc,complextro,Q627906,electro house,4,0,0,ring,2008,,,,,single,electro house,5,,,
Q20047305,ffb5811c-7e3c-4807-82ef-4caec5167344,Melbourne bounce,Q627906,electro house,4,0,0,ring,2011,Australia,,,,single,electro house,6,,,
Q956717,8894628d-7f01-4936-913f-949fcf6ae91b,kwaito,Q20502,house music,3,1,1,ring,1998,South Africa,AFRICAN HOUSE,,,single,house music | music of South Africa,19,,,
Q135369460,5144fcc9-6cc7-471f-ab78-565e57b77192,bacardi,Q956717,kwaito,4,0,0,ring,,,,,,single,kwaito,0,,,
Q108321657,d5c8b95a-fcf6-4c1d-b98c-a7cb4efb494f,jackin' house,Q20502,house music,3,0,0,ring,2001,,"CLASSIC HOUSE > SOUL, JAZZ & VOCAL HOUSE",,,single,house music,1,,,
Q108297203,9ae2e708-136a-4954-8ec0-9ba13eae5e35,bubbling house,Q20502,house music,3,0,0,ring,2002,,EUROPEAN & ASIAN SCENES,,,single,house music,0,,,
Q388100,07041357-bba4-415f-8b9b-5423ae05f907,Afro house,Q20502,house music,3,1,1,ring,2005,South Africa,AFRICAN HOUSE,,,single,house music,7,,,
Q127606394,99032cf7-a4e3-40ac-b943-293b44b9a65b,3-step,Q388100,Afro house,4,0,0,ring,2018,,,,,single,Afro house,0,,,
Q109378734,afadfd9d-e7f3-48cc-89b7-e73eb04bc395,popcorn music,Q20502,house music,3,0,0,ring,2007,,EUROPEAN & ASIAN SCENES,,,auto,Eastern European pop | dance-pop | electronic pop | house music,3,,,
Q106634944,3a50f3eb-f0fd-49e2-b51c-e79df3e025c1,festival progressive house,Q20502,house music,3,0,0,ring,2008,Sweden,BIG ROOM & FESTIVAL,,,single,house music,0,,,
Q15300817,d4b71a23-7dc0-4291-9a8d-a27d5dbbf9f2,big room house,Q20502,house music,3,0,0,ring,2009,,BIG ROOM & FESTIVAL,,,single,house music,15,,,
Q109148913,640fb6e1-c2b9-40be-bbd0-4da3c4d4832c,organic house,Q20502,house music,3,0,0,ring,2009,,"DEEP, MINIMAL & ORGANIC",,,single,house music,2,,,
Q119438497,682002e1-0573-4162-8708-369aced0ef97,UK jackin',Q20502,house music,3,0,0,ring,2009,,"CLASSIC HOUSE > SOUL, JAZZ & VOCAL HOUSE",,,single,house music,0,,,
Q80725127,4cc411c2-ec68-4aeb-8af5-d690e96eba88,future funk,Q20502,house music,3,0,0,ring,2010,,"DEEP, MINIMAL & ORGANIC",,,auto,house music | vaporwave,4,,,
Q18358879,09a7573a-1bf2-4f8e-aadb-b582780746a0,outsider house,Q20502,house music,3,0,0,ring,2010,United States,"DEEP, MINIMAL & ORGANIC",,,single,house music,5,,,
Q110101956,e5145fb2-e796-462d-bd53-fff2feedc996,eletrofunk,Q20502,house music,3,0,0,ring,2011,,LATIN & BRAZILIAN HOUSE,,,auto,Brazilian funk | house music,0,,,
Q85741139,de3f8f85-1d8a-499f-9a1e-edad65a26dad,Amapiano,Q20502,house music,3,1,1,ring,2012,South Africa,AFRICAN HOUSE,,,single,house music | music of South Africa,16,,,
Q116745991,d42b567f-0952-424b-959d-bee6e5961cc0,Afropiano,Q85741139,Amapiano,4,0,0,ring,2020,,,,,auto,Afrobeats | Amapiano,0,,,
Q27345019,2d5cd6af-6195-4d12-9788-9a9b03ac0a12,bass house,Q20502,house music,3,1,1,ring,2012,,BASS & CLUB HOUSE,,,single,bass music (EDM) | house music,6,,,
Q114878571,78431be5-9128-409d-b9e4-e145f8065a25,speed house,Q27345019,bass house,4,0,0,ring,2017,,,,,single,bass house | hard dance,0,,,
Q85748774,47df9270-9259-4a60-ac10-086982b8622e,Brazilian bass,Q20502,house music,3,0,0,ring,2012,,LATIN & BRAZILIAN HOUSE,,,single,house music,4,,,
Q29973057,51183839-ce7a-4d3b-9e04-78bd9de8c8d5,gqom,Q20502,house music,3,0,0,ring,2012,South Africa,AFRICAN HOUSE,,,single,house music | music of South Africa,8,,,
Q18342587,fb56e5c9-2063-4664-9293-b4aa369d5286,tropical house,Q20502,house music,3,0,0,ring,2012,Europe,EUROPEAN & ASIAN SCENES,,,single,house music,24,,,
Q20021059,593ac826-8e72-4544-abc1-53192b683751,future house,Q20502,house music,3,2,2,ring,2013,United Kingdom,BIG ROOM & FESTIVAL,,,single,house music,15,,,
Q106634926,499b4153-64ff-4f0a-ad79-97828bc898aa,future bounce,Q20021059,future house,4,0,0,ring,2015,Netherlands,,,,single,future house,1,,,
Q106493832,aef0ee80-631d-4487-b5af-c7306d1f676e,slap house,Q20021059,future house,4,0,0,ring,2017,Lithuania,,,,auto,Brazilian bass | future house,5,,,
Q107697041,bcb59664-ce5c-4105-8617-7cd7edee87c1,g-house,Q20502,house music,3,0,0,ring,2013,,BASS & CLUB HOUSE,,,single,house music,0,,,
Q126175574,345b2a80-b4da-4c3b-a89d-b0291aefbb3d,stutter house,Q20502,house music,3,0,0,ring,2019,,BASS & CLUB HOUSE,,,single,house music,0,,,
Q123753500,6edcc882-b402-440c-975d-dd2f367956fb,phonk house,Q20502,house music,3,0,0,ring,2020,,BASS & CLUB HOUSE,,,auto,drift phonk | house music,1,,,
Q105637110,1ece3afe-bbff-4408-8e45-b20ca45fe9ae,jazz house,Q20502,house music,3,0,0,ring,,,"CLASSIC HOUSE > SOUL, JAZZ & VOCAL HOUSE",,,single,house music,1,,,
Q116296482,bd7072d4-359f-4441-9e04-2a8e39f6a279,melodic house,Q20502,house music,3,0,0,ring,,,"DEEP, MINIMAL & ORGANIC",,,single,house music,1,,,
Q173844,9405d427-8b33-4670-a41a-040e23cef8ce,vocal house,Q20502,house music,3,0,0,ring,,,"CLASSIC HOUSE > SOUL, JAZZ & VOCAL HOUSE",,,single,house music,4,,,
Q170611,41fe3260-fcc1-450b-bd5a-803886c56912,techno,Q851213,electronic dance music,2,12,18,dial,1984,United States,HOUSE & TECHNO,,,single,electronic dance music,65,,,
Q526463,88b01b1f-9151-4a1b-a9f7-608accdeaf20,Detroit techno,Q170611,techno,3,0,0,ring,1984,United States,DETROIT & CLASSIC TECHNO,,,single,techno,20,,,
Q341395,ba64013e-27bb-4f14-a530-8d25b296e0da,acid techno,Q170611,techno,3,0,0,ring,1988,,DETROIT & CLASSIC TECHNO,,,single,acid | techno,14,,,
Q106522080,43ef7823-5f16-4c9b-840d-f6b0de83a9c4,bleep techno,Q170611,techno,3,0,0,ring,1988,United Kingdom,DETROIT & CLASSIC TECHNO,,,single,techno,3,,,
Q112663444,576ebd6b-d72f-4311-b445-cd30a1b6cb5c,Belgian hardcore techno,Q170611,techno,3,0,0,ring,1990,Belgium,HARD & INDUSTRIAL TECHNO,,,auto,hardcore | rave music | techno,3,,,
Q29480448,39b5ca66-873c-4a3d-94a3-3d31176b545e,industrial techno,Q170611,techno,3,1,1,ring,1990,United Kingdom,HARD & INDUSTRIAL TECHNO,,,auto,post-industrial music | techno,6,,,
Q16951912,c802c2be-2351-4478-b6a1-003fdb8733c9,Birmingham sound,Q29480448,industrial techno,4,0,0,ring,1993,,,,,single,industrial techno,3,,,
Q1430587,c1313278-b276-4a79-9fc1-770dd62a8b83,minimal techno,Q170611,techno,3,0,0,ring,1991,Germany · United States,DETROIT & CLASSIC TECHNO,,,single,minimal EDM | techno,20,,,
Q107697221,8cfe3e23-f64c-4523-ab2a-186bf0dcd12e,hardgroove techno,Q170611,techno,3,0,0,ring,1993,,HARD & INDUSTRIAL TECHNO,,,single,techno,0,,,
Q10856835,09a6e5f4-86e1-421c-9440-8da880dcc140,wonky techno,Q170611,techno,3,0,0,ring,1994,,DEEP & MELODIC TECHNO,,,single,techno,1,,,
Q111182811,e7c41e03-c3df-4841-a9e8-3451bbbac0de,peak time techno,Q170611,techno,3,0,0,ring,2011,,DEEP & MELODIC TECHNO,,,single,techno,0,,,
Q110185782,7fc914c1-a44e-43fd-ace8-63a2c6550057,melodic techno,Q170611,techno,3,0,0,ring,2013,,DEEP & MELODIC TECHNO,,,single,techno,0,,,
Q106521662,6d9ae1bf-be62-4cf4-aa70-f6f831eea80f,deep techno,Q170611,techno,3,2,2,ring,,,DEEP & MELODIC TECHNO,,,single,techno,0,,,
Q9149801,1c6e4eae-915d-4662-a7ff-038920b67d9e,ambient techno,Q106521662,deep techno,4,0,0,ring,1989,,,,,single,deep techno,8,,,
Q1262781,16aab171-3dce-454e-bb96-2636f15813fc,dub techno,Q106521662,deep techno,4,0,0,ring,1993,Germany · United Kingdom · United States,,,,auto,deep techno | dubtronica,9,,,
Q3084222,ed2e5e6b-2af6-4c7c-a9fb-e2e886bfda38,hard techno,Q170611,techno,3,3,3,ring,,Belgium · Germany · Netherlands,HARD & INDUSTRIAL TECHNO,,,single,techno,7,,,
Q1524033,3a9b4cb1-a189-437d-85fa-c55d9c59415d,free tekno,Q3084222,hard techno,4,0,0,ring,1993,,,,,auto,hard techno | rave music,6,,,
Q3048168,79719082-6fda-4461-ba89-c923d155cc45,mákina,Q3084222,hard techno,4,0,0,ring,1995,Catalan countries · Spain,,,,single,hard dance | hard techno,11,,,
Q307054,23b9af26-1442-4dd9-8b40-a0db8a22e149,schranz,Q3084222,hard techno,4,0,0,ring,1995,Frankfurt,,,,single,hard techno,14,,,
Q2866725,2df69460-a03a-4557-8b0f-0bf95b8b0d36,Balearic beat,Q851213,electronic dance music,2,0,0,ring,1987,Spain · United Kingdom,TRANCE & RAVE,,,auto,chill-out music | electronic dance music,15,,,
Q663519,3b8f3f65-6caa-47c8-b076-fa59dfb69c43,breakbeat,Q851213,electronic dance music,2,9,10,dial,1987,United Kingdom,CLUB & BREAKS > BREAKBEAT & JUNGLE,,,single,electronic dance music,34,,,
Q2634010,c755b4da-de34-4d64-909a-9447833315ce,acid breaks,Q663519,breakbeat,3,0,0,ring,1987,,NU SKOOL & PSY BREAKS,,,single,acid | breakbeat,4,,,
Q858579,aac07ae0-8acf-4249-b5c0-2762b53947a2,big beat,Q663519,breakbeat,3,0,0,ring,1992,United Kingdom,BIG BEAT & FUNKY BREAKS,,,single,breakbeat,23,,,
Q25389262,93b7938a-ff65-4eae-8b95-4301ce161b27,progressive breaks,Q663519,breakbeat,3,0,0,ring,1992,,NU SKOOL & PSY BREAKS,,,single,breakbeat | progressive electronic dance music,2,,,
Q110874814,dacdaae8-eb43-4f0a-8c77-b284196a3be0,West Coast breaks,Q663519,breakbeat,3,0,0,ring,1992,,BIG BEAT & FUNKY BREAKS,,,single,breakbeat,0,,,
Q2396639,81c66c55-2790-4dfb-9954-d8b07477700e,Florida breaks,Q663519,breakbeat,3,0,0,ring,1995,,BIG BEAT & FUNKY BREAKS,,,single,breakbeat,4,,,
Q1756101,5338e516-5d65-48d5-b7ee-5fd82f3387ea,nu skool breaks,Q663519,breakbeat,3,0,0,ring,1995,United Kingdom,NU SKOOL & PSY BREAKS,,,single,breakbeat,8,,,
Q11680297,fd05e327-1e87-4db3-beeb-660b41167da5,psybreaks,Q663519,breakbeat,3,0,0,ring,1995,,NU SKOOL & PSY BREAKS,,,single,breakbeat,2,,,
Q106636289,ddfcd69c-d363-41ca-93e9-2dc09280a369,breakbeat kota,Q663519,breakbeat,3,1,1,ring,2000,,BIG BEAT & FUNKY BREAKS,,,auto,breakbeat | funkot,0,,,
Q106636283,02585ef0-2034-4905-aa47-9fb4ee090c89,jungle dutch,Q106636289,breakbeat kota,4,0,0,ring,2016,,,,,single,breakbeat kota,0,,,
Q106521759,53ab2484-e9f7-4709-9f0e-275446e7ff7c,funky breaks,Q663519,breakbeat,3,0,0,ring,,,BIG BEAT & FUNKY BREAKS,,,single,breakbeat,0,,,
Q848852,8de96944-cabb-4864-893a-ed072d802046,Eurobeat,Q851213,electronic dance music,2,0,0,ring,1988,Italy,RETRO & EURODANCE > EURODANCE,,,single,electronic dance music,27,,,
Q216961,e9a67960-9b49-4967-a1c9-c26360e9c612,Eurodance,Q851213,electronic dance music,2,2,3,ring,1988,Belgium · Germany · Netherlands,RETRO & EURODANCE > EURODANCE,,,single,electronic dance music | music of Europe,47,,,
Q930592,0e246476-8dc7-4806-9493-21a510a7d63d,Italo dance,Q216961,Eurodance,3,1,1,ring,1988,Italy,,,,single,Eurodance,18,,,
Q109589387,5ab05a08-86cd-4461-9a9c-e5ef37ef0ea5,manyao,Q930592,Italo dance,4,0,0,ring,2017,,,,,single,Italo dance | electronic dance music,0,,,
Q2076779,17ea7898-10ff-4c48-8729-3a077f6eb75e,bubblegum dance,Q216961,Eurodance,3,0,0,ring,1995,Denmark · Japan,,,,single,Eurodance,8,,,
Q170435,2afc2320-384f-43a4-a71e-1b763c485045,trance,Q851213,electronic dance music,2,15,28,dial,1988,Germany,TRANCE & RAVE,,,single,electronic dance music,59,,,
Q481900,267433bc-721d-4d60-8455-e6ed1e0b922f,acid trance,Q170435,trance,3,0,0,ring,1988,Europe,HARD & TECH TRANCE,,,single,acid | trance,11,,,
Q16837290,a57eaca8-4df0-4835-8581-1179a485729f,Balearic trance,Q170435,trance,3,0,0,ring,1991,Spain,CLASSIC & UPLIFTING,,,auto,chill-out music | trance,7,,,
Q832665,c8acb78a-8337-4eae-9d19-48220dba03ac,hard trance,Q170435,trance,3,0,0,ring,1992,Belgium · Germany · Netherlands,HARD & TECH TRANCE,,,single,hard dance | trance,19,,,
Q2260696,6bd228be-3374-4c4e-bc0a-46779fafe8f1,progressive trance,Q170435,trance,3,0,0,ring,1992,,PSYCHEDELIC & MODERN,,,single,progressive electronic dance music | trance,11,,,
Q622871,b3cccf71-e843-4546-87fa-728055ba3147,psychedelic trance,Q170435,trance,3,6,11,ring,1992,India · Israel · South Africa · United Kingdom,PSYCHEDELIC & MODERN,,,single,trance,35,,,
Q835131,ade8f293-c049-438a-a5f0-b51e6776d9c5,Goa trance,Q622871,psychedelic trance,4,1,1,ring,1991,India,,,,single,psychedelic trance,23,,,
Q4706203,62065a7f-c26c-4c27-8ac6-707437acd52f,nitzhonot,Q835131,Goa trance,5,0,0,ring,1998,Israel,,,,single,Goa trance,4,,,
Q2452152,9e70bec0-18b3-4bcd-b96c-1a607661f3b8,dark psytrance,Q622871,psychedelic trance,4,2,2,ring,1996,,,,,single,psychedelic trance,10,,,
Q105404852,39d5078b-d2b4-44fd-86e0-e3a2e6ae1f54,hi-tech psytrance,Q2452152,dark psytrance,5,0,0,ring,2005,,,,,single,dark psytrance,1,,,
Q114107195,d1cbfa0d-b1b6-4692-bbec-457681dd111f,psycore,Q2452152,dark psytrance,5,0,0,ring,2007,,,,,single,dark psytrance,0,,,
Q2497323,f60ce167-04a0-4b17-ba82-57e481c5e858,suomisaundi,Q622871,psychedelic trance,4,0,0,ring,1996,,,,,single,psychedelic trance,8,,,
Q109714096,80a85e62-8500-4b02-a5e1-1741b66e8536,forest psytrance,Q622871,psychedelic trance,4,0,0,ring,1998,,,,,single,psychedelic trance,0,,,
Q10286190,0d89844c-d79e-427a-96ef-8117dd2769c5,full-on,Q622871,psychedelic trance,4,1,1,ring,1998,Brazil,,,,single,psychedelic trance,2,,,
Q109714084,0d30c163-53ba-4805-aead-ba209b4eb997,twilight psytrance,Q10286190,full-on,5,0,0,ring,1999,,,,,single,full-on,0,,,
Q2385862,050ec099-b9b5-4f5d-82fa-2238a8c9c650,progressive psytrance,Q622871,psychedelic trance,4,1,1,ring,1998,Europe · United States,,,,single,progressive electronic dance music | psychedelic trance,5,,,
Q109715837,3bf27ab1-32dc-46dd-8512-1cbd3e8bd866,zenonesque,Q2385862,progressive psytrance,5,0,0,ring,1999,,,,,single,progressive psytrance,0,,,
Q1027999,f4dec9c1-abe2-4f3f-adee-5aa8f395d5ce,vocal trance,Q170435,trance,3,0,0,ring,1992,Europe,CLASSIC & UPLIFTING,,,single,trance,14,,,
Q2302695,ec039eb4-e175-44af-82ed-f152349eca35,tech trance,Q170435,trance,3,0,0,ring,1993,Germany,HARD & TECH TRANCE,,,single,trance,13,,,
Q1339027,f32ff972-f3ea-41a4-80ae-650fe317abfc,dream trance,Q170435,trance,3,0,0,ring,1994,Italy,CLASSIC & UPLIFTING,,,single,trance,16,,,
Q5402470,b51565b2-b298-4f43-a775-e974e3ab063b,hard NRG,Q170435,trance,3,0,0,ring,1994,,HARD & TECH TRANCE,,,single,hard dance | trance,3,,,
Q890887,5549175d-c972-4038-b610-57e482c83608,Eurotrance,Q170435,trance,3,1,2,ring,1995,,CLASSIC & UPLIFTING,,,single,music of Europe | trance,14,,,
Q733804,e7e26200-8939-4623-af75-32ba5e04e854,hands up,Q890887,Eurotrance,4,1,1,ring,2001,,,,,single,Eurotrance | hard dance,13,,,
Q132165415,2393533c-f66a-411a-8f77-fe7465d77820,buchiage trance,Q733804,hands up,5,0,0,ring,,,,,,single,hands up | music of Japan,0,,,
Q1136765,13e409d0-fe4a-4dd4-a957-6e06462b085f,uplifting trance,Q170435,trance,3,0,0,ring,1996,,CLASSIC & UPLIFTING,,,single,trance,15,,,
Q108831582,302123f6-aaa4-4dd1-91aa-aeb622536329,big room trance,Q170435,trance,3,0,0,ring,2008,,PSYCHEDELIC & MODERN,,,single,trance,0,,,
Q11877639,cabec35a-16d0-47ff-9c89-398cc481c029,electro trance,Q170435,trance,3,0,0,ring,,,HARD & TECH TRANCE,,,single,trance,1,,,
Q134997891,94eebdb4-b064-4e79-94b6-e4add8fdc784,hi-tech full-on,Q170435,trance,3,0,0,ring,,,PSYCHEDELIC & MODERN,,,single,trance,0,,,
Q139807789,21326c45-a01b-4438-ac08-fed83d87c423,trance 2.0,Q170435,trance,3,0,0,ring,,,PSYCHEDELIC & MODERN,,,single,trance,0,,,
Q388906,3308d0b0-3c7f-45e2-b835-5c2a0d433f02,hardcore,Q851213,electronic dance music,2,19,56,dial,1989,Germany,HARDCORE & HARDSTYLE,,,single,electronic dance music,36,,,
Q1585075,1c5db6d3-9ce6-48c0-9bff-e29f7d7cb1af,breakbeat hardcore,Q388906,hardcore,3,4,27,ring,1989,United Kingdom,BREAKS & DIGITAL,,,auto,breakbeat | hardcore | rave music,15,,,
Q1102161,ea9b6ec3-fc8f-4c55-b2f9-19bd4511a986,jungle,Q1585075,breakbeat hardcore,4,2,23,ring,1987,United Kingdom,,,,override,drum and bass,31,,,
Q2710523,7aae791f-dfff-4910-b133-ba1b9e9c1560,ragga jungle,Q1102161,jungle,5,0,0,ring,1989,United Kingdom,,,,auto,jungle | ragga,9,,,
Q188994,462f9321-6103-49c9-b6db-96219bce6f62,drum and bass,Q1102161,jungle,5,17,21,dial,1992,Jamaica · United Kingdom,,,,override,electronic dance music,48,,,
Q2842043,1e215463-ccf8-413a-b281-bd83ed2246bb,atmospheric drum and bass,Q188994,drum and bass,6,0,0,ring,1991,,LIQUID & ATMOSPHERIC,,,single,intelligent drum and bass,3,,,
Q2121992,4dbca7ea-9bea-4c14-a819-cefa071127fc,drumfunk,Q188994,drum and bass,6,0,0,ring,1994,,LIQUID & ATMOSPHERIC,,,single,drum and bass,9,,,
Q2640307,f4553b2c-ef41-4d1c-ae02-7145202465b8,hardstep,Q188994,drum and bass,6,0,0,ring,1994,Austria,DANCEFLOOR & JUMP-UP,,,single,drum and bass,10,,,
Q9011351,6294b8c8-42d7-4f32-a888-1d77acce495a,jazzstep,Q188994,drum and bass,6,0,0,ring,1994,United Kingdom,LIQUID & ATMOSPHERIC,,,single,intelligent drum and bass,7,,,
Q46649,5766df26-70b6-45ac-a0e2-cf5f4b1fd1ac,jump-up,Q188994,drum and bass,6,0,0,ring,1995,,DANCEFLOOR & JUMP-UP,,,single,drum and bass,11,,,
Q1335569,de706214-32bb-4b52-9bb4-463aec11bcd3,techstep,Q188994,drum and bass,6,0,0,ring,1995,United Kingdom,DARK & TECHNICAL,,,single,drum and bass,15,,,
Q1166321,8a51f0fd-1c24-4938-8e6a-e70c6e95b629,darkstep,Q188994,drum and bass,6,2,2,ring,1997,United Kingdom · United States,DARK & TECHNICAL,,,single,drum and bass,14,,,
Q108716407,c3c86aa0-cd5a-4fcc-9c35-179415787b6c,skullstep,Q1166321,darkstep,7,0,0,ring,2005,,,,,single,darkstep,0,,,
Q11830421,a9417ed2-3276-4b0f-b5b3-33f88d33c5fc,crossbreed,Q1166321,darkstep,7,0,0,ring,2006,,,,,auto,darkstep | hardcore,2,,,
Q2082572,f1eaf2fd-46de-4ee3-81b8-5c064a33ce82,liquid drum and bass,Q188994,drum and bass,6,0,0,ring,1998,United Kingdom,LIQUID & ATMOSPHERIC,,,single,drum and bass,17,,,
Q967654,9094f251-8379-4ced-9541-a1c91045c327,neurofunk,Q188994,drum and bass,6,0,0,ring,1998,,DARK & TECHNICAL,,,single,drum and bass,18,,,
Q3179786,ea1dbc68-c880-4487-8656-6c273acb948e,sambass,Q188994,drum and bass,6,0,0,ring,2001,Brazil,DANCEFLOOR & JUMP-UP,,,single,drum and bass,8,,,
Q646165,63d216d7-1a9a-4863-87f8-906541de801a,trancestep,Q188994,drum and bass,6,0,0,ring,2001,,DARK & TECHNICAL,,,single,drum and bass,4,,,
Q107332291,5af8f19f-ea20-44cb-b6a3-05d5ed8b19a9,dancefloor drum and bass,Q188994,drum and bass,6,0,0,ring,2004,,DANCEFLOOR & JUMP-UP,,,single,drum and bass,0,,,
Q10268931,49f3843a-2a29-4f37-9053-3cc5a3e545b7,dubwise drum and bass,Q188994,drum and bass,6,0,0,ring,2004,,DANCEFLOOR & JUMP-UP,,,single,drum and bass,1,,,
Q106404300,8f910197-1389-4924-8428-64d9b6e2905f,minimal drum and bass,Q188994,drum and bass,6,2,2,ring,2007,,LIQUID & ATMOSPHERIC,,,single,drum and bass | minimal EDM,0,,,
Q135437342,ba7ff630-3168-4b9e-9d05-094943af8d50,microfunk,Q106404300,minimal drum and bass,7,0,0,ring,2008,Russia,,,,single,minimal drum and bass,0,,,
Q135553474,a0dd9bdd-ee29-4b68-8a4d-f6f308074538,autonomic,Q106404300,minimal drum and bass,7,0,0,ring,,,,,,single,minimal drum and bass,0,,,
Q107010574,c37219bd-6d4d-464a-accb-fe70c767dcb7,halftime,Q188994,drum and bass,6,0,0,ring,2011,,DARK & TECHNICAL,,,single,drum and bass,0,,,
Q111804002,dd674bd2-6bff-4d94-8aa2-8f6d30fdfcd2,deep drum and bass,Q188994,drum and bass,6,0,0,ring,,,LIQUID & ATMOSPHERIC,,,single,drum and bass,0,,,
Q4181927,995834dd-a1a0-4514-ae51-8af2be62f1d1,technoid,Q188994,drum and bass,6,0,0,ring,,,DARK & TECHNICAL,,,single,drum and bass,3,,,
Q11693017,74e08062-3737-4744-9177-873d8c1eb6ac,darkcore,Q1585075,breakbeat hardcore,4,0,0,ring,1992,United Kingdom,,,,single,breakbeat hardcore,10,,,
Q4177625,6573896e-5e5e-48d9-b030-4cf95e7ac861,hardcore breaks,Q1585075,breakbeat hardcore,4,0,0,ring,2000,,,,,single,breakbeat hardcore,2,,,
Q140528499,4baf9f91-5d11-48cc-b1ca-735bdd3683d8,jungle techno,Q1585075,breakbeat hardcore,4,0,0,ring,,,,,,single,breakbeat hardcore,0,,,
Q1191299,e4ba3fa5-5256-4f87-981a-1239e05acab0,industrial hardcore,Q388906,hardcore,3,0,0,ring,1990,,SCENES & OFFSHOOTS,,,auto,hardcore | post-industrial music,8,,,
Q341396,4bcbf8f0-e8bc-403c-93d4-cf2b4385cecd,acidcore,Q388906,hardcore,3,0,0,ring,1991,Belgium · Netherlands,BREAKS & DIGITAL,,,single,acid | hardcore,3,,,
Q56580,6d12e828-40a5-4ebc-a5b0-aa5506e2efd0,digital hardcore,Q388906,hardcore,3,0,0,ring,1992,Germany,BREAKS & DIGITAL,,,auto,hardcore | punk music,16,,,
Q820049,2f2118d7-315b-4241-bf40-d5d6ca11348d,gabber,Q388906,hardcore,3,1,1,ring,1992,Netherlands,GABBER & MAINSTREAM,,,single,hardcore,25,,,
Q1983750,5b4f9d07-d830-4ee6-8cbb-7e0dccfb7eb0,mainstream hardcore,Q820049,gabber,4,0,0,ring,1996,,,,,single,gabber | hard dance,9,,,
Q339906,bd477a3e-9235-4597-9ce5-3caa994baef7,happy hardcore,Q388906,hardcore,3,2,3,ring,1992,Germany · Netherlands · United Kingdom,GABBER & MAINSTREAM,,,single,hardcore,26,,,
Q3066180,6804f401-50a8-4e7a-9094-278c80c2ebed,bouncy techno,Q339906,happy hardcore,4,0,0,ring,1992,Scotland · United Kingdom,,,,auto,happy hardcore | rave music,5,,,
Q2374619,45cac621-cb2d-49a9-90b8-0472b8fbd864,UK hardcore,Q339906,happy hardcore,4,1,1,ring,1993,United Kingdom,,,,single,happy hardcore | hard dance,8,,,
Q117750973,c10156a4-aa7c-4e81-b520-9b3ce13f2cd1,powerstomp,Q2374619,UK hardcore,5,0,0,ring,,,,,,single,UK hardcore,0,,,
Q1242484,4bd9ad1b-ed76-4c68-a1ca-bf6025d675fb,doomcore,Q388906,hardcore,3,0,0,ring,1993,,SPEED & EXTREME,,,single,hardcore,4,,,
Q903735,8aad8a03-be38-48e4-aa43-5ca0f826c569,breakcore,Q388906,hardcore,3,3,3,ring,1994,Germany · Netherlands · United Kingdom,BREAKS & DIGITAL,,,single,hardcore,24,,,
Q1275972,41603984-87fd-47e7-ad57-64839a277c55,raggacore,Q903735,breakcore,4,0,0,ring,1998,,,,,single,breakcore,7,,,
Q109322851,a3e44ca3-7e7c-48fb-bd92-965fe144aabc,mashcore,Q903735,breakcore,4,0,0,ring,2003,,,,,single,breakcore,0,,,
Q5978495,73c6290f-e5fb-4e92-889a-5de98ac2a73f,lolicore,Q903735,breakcore,4,0,0,ring,2004,,,,,single,breakcore,3,,,
Q848457,03544ca7-48ef-449b-abed-67aebdcd8120,speedcore,Q388906,hardcore,3,2,2,ring,1994,,SPEED & EXTREME,,,single,hardcore,23,,,
Q3062629,6d588e79-30b0-4f8c-9924-d4a951d60aef,extratone,Q848457,speedcore,4,0,0,ring,2006,,,,,single,speedcore,4,,,
Q11312853,dfef6183-73cc-4ff1-a78c-6200a57c21c7,splittercore,Q848457,speedcore,4,0,0,ring,2007,,,,,single,speedcore,2,,,
Q2181965,0d7ed299-9a8b-4819-ba00-9a188a8f57e8,freeform hardcore,Q388906,hardcore,3,0,0,ring,1995,United Kingdom,SCENES & OFFSHOOTS,,,single,hardcore,7,,,
Q1265050,8a757534-0928-434c-accd-6be5517c1af3,terrorcore,Q388906,hardcore,3,0,0,ring,1995,Netherlands,SPEED & EXTREME,,,single,hardcore,12,,,
Q1455487,f372ab9d-3ea6-4975-93d2-a91c421b29a7,Frenchcore,Q388906,hardcore,3,0,0,ring,1997,France,GABBER & MAINSTREAM,,,single,hardcore,14,,,
Q106594174,a0b5aaea-8535-4869-a6be-5dd57c9eaadc,uptempo hardcore,Q388906,hardcore,3,0,0,ring,2008,,GABBER & MAINSTREAM,,,single,hard dance | hardcore,2,,,
Q125854043,7d22c459-5f2e-4443-b383-518c03aa990c,amigacore,Q388906,hardcore,3,0,0,ring,,,BREAKS & DIGITAL,,,auto,hardcore | tracker music,0,,,
Q123543092,011feba0-d7a5-4441-bb28-5ce3b16aaa11,darkcore,Q388906,hardcore,3,0,0,ring,,Netherlands,SPEED & EXTREME,,,single,hardcore,1,,,
Q122839839,3cc5d085-84ce-4e62-8cd0-392163a34cb1,deathchant hardcore,Q388906,hardcore,3,0,0,ring,,,SPEED & EXTREME,,,single,hardcore,0,,,
Q136696186,17fa1ba8-3731-46d6-8467-df41dfdd5cf8,frapcore,Q388906,hardcore,3,0,0,ring,,,SCENES & OFFSHOOTS,,,single,hardcore,0,,,
Q140716476,daf32434-30c9-4f25-8e5e-5f434dfe2016,hard renaissance,Q388906,hardcore,3,0,0,ring,,,GABBER & MAINSTREAM,,,auto,Japanese artcore | hardcore,0,,,
Q3098078,aa068134-d667-4f9b-a7a2-07a5fafe51c1,J-core,Q388906,hardcore,3,1,1,ring,,Japan,SCENES & OFFSHOOTS,,,single,Dōjin music | hardcore,10,,,
Q113621229,ce119355-b6b5-40eb-adad-538a1f6a6ad4,future core,Q3098078,J-core,4,0,0,ring,,,,,,auto,J-core | UK hardcore | kawaii future bass,0,,,
Q30902501,d8cd64c6-5b28-47e1-a9a2-8766c5388a2a,tecnorumba,Q851213,electronic dance music,2,0,0,ring,1989,Spain,GLOBAL CLUB > LATIN CLUB,,,auto,dance-pop | electronic dance music | music of Spain,2,,,
Q108297187,6f5d9680-2932-4901-b88b-60c2e7e3f814,balani show,Q851213,electronic dance music,2,0,0,ring,1990,,GLOBAL CLUB > AFRICAN CLUB,,,single,electronic dance music | music of West Africa,1,,,
Q22909461,b3d3eddf-092e-482c-8d77-63dee15ad982,toytown techno,Q851213,electronic dance music,2,0,0,ring,1990,,HOUSE & TECHNO,,,single,electronic dance music,3,,,
Q660984,8eb583f1-4fd7-460c-8246-dcdccc0e3ef9,intelligent dance music,Q851213,electronic dance music,2,1,1,ring,1992,United Kingdom,CLUB & BREAKS > BREAKBEAT & JUNGLE,,,single,electronic dance music,31,,,
Q1259016,6732427a-0d04-4a15-b9e5-b4b5b9532f8f,drill and bass,Q660984,intelligent dance music,3,0,0,ring,1995,,,,,single,intelligent dance music,13,,,
Q2406633,cf9daa9d-74e2-4eff-b0eb-7269bbca6501,broken beat,Q851213,electronic dance music,2,0,0,ring,1993,United Kingdom,CLUB & BREAKS > BREAKBEAT & JUNGLE,,,auto,electronic dance music | electronica,7,,,
Q1165777,95c57cd7-7fb8-4405-ade1-775c2d27e54e,UK garage,Q851213,electronic dance music,2,6,6,ring,1993,United Kingdom,CLUB & BREAKS > UK & US CLUB,,,single,electronic dance music,28,,,
Q780517,59c7776f-fd87-4cfb-a7a5-9fe66ec02b1b,speed garage,Q1165777,UK garage,3,0,0,ring,1994,United Kingdom,,,,auto,UK garage | house music,11,,,
Q1751409,db325bd7-ae64-40bd-966a-a3af3cef8bb9,2-step garage,Q1165777,UK garage,3,0,0,ring,1998,United Kingdom,,,,single,UK garage,13,,,
Q1987980,e98e563c-afaa-4e38-9fc8-c46a35c98b9d,breakstep,Q1165777,UK garage,3,0,0,ring,1998,United Kingdom,,,,single,UK garage,7,,,
Q4846346,8ae6fbbe-2dd0-432e-a176-6678f48dffb4,bassline,Q1165777,UK garage,3,0,0,ring,1999,,,,,single,UK garage | bass music (EDM),11,,,
Q5510816,ad6d7f8d-2224-4708-8a00-0fdd838d4676,future garage,Q1165777,UK garage,3,0,0,ring,2005,United Kingdom,,,,single,UK garage,7,,,
Q139488139,77aa0d65-8295-469c-a428-92c9055c6ea3,dark garage,Q1165777,UK garage,3,0,0,ring,,,,,,single,UK garage,0,,,
Q602561,9b1af4d0-2196-43d4-bbca-845a2e02d962,electro swing,Q851213,electronic dance music,2,0,0,ring,1994,,RETRO & EURODANCE > ELECTRO & BODY MUSIC,,,single,electronic dance music,19,,,
Q106520965,f6412203-84a7-45db-9245-c4d57c36515c,nerdcore techno,Q851213,electronic dance music,2,0,0,ring,1994,,HOUSE & TECHNO,,,single,electronic dance music,0,,,
Q106876075,d58c4439-f191-4344-80b9-f8887db4485f,bubbling,Q851213,electronic dance music,2,0,0,ring,1995,Dutch Caribbean,CLUB & BREAKS > UK & US CLUB,,,auto,dancehall | electronic dance music,2,,,
Q861823,cae57e98-c939-4b0e-ae49-8e0cb1bdc91d,electroclash,Q851213,electronic dance music,2,0,0,ring,1995,,RETRO & EURODANCE > ELECTRO & BODY MUSIC,,,single,electronic dance music,26,,,
Q5466607,405b97cf-e1d9-48aa-97cd-53212730589c,footwork,Q851213,electronic dance music,2,1,1,ring,1997,United States,CLUB & BREAKS > BREAKBEAT & JUNGLE,,,single,bass music (EDM),9,,,
Q110967939,a5b58e91-7764-4aa5-9609-4ce61cd0ddfd,footwork jungle,Q5466607,footwork,3,0,0,ring,2011,,,,,auto,drum and bass | footwork,0,,,
Q223840,4a74a604-f702-424c-984f-93c5b04360ea,hardstyle,Q851213,electronic dance music,2,6,8,ring,1998,Europe,HARDCORE & HARDSTYLE,,,single,hard dance,35,,,
Q108297238,be5b703a-2544-4df4-b5d9-1c5c3a8d8edb,euphoric hardstyle,Q223840,hardstyle,3,0,0,ring,2008,,,,,single,hardstyle,0,,,
Q21000514,0b81f6b8-dfa3-41c8-9e3f-a21ad44e1011,rawstyle,Q223840,hardstyle,3,2,2,ring,2008,,,,,single,hardstyle,3,,,
Q114594005,f550f264-0683-4999-b99d-5dfc67b7adff,rawphoric,Q21000514,rawstyle,4,0,0,ring,2016,,,,,single,rawstyle,0,,,
Q139567721,dbfb70cb-c515-4c6a-be5e-90658444b102,xtra raw,Q21000514,rawstyle,4,0,0,ring,,,,,,single,rawstyle,0,,,
Q2428625,1954b2c1-2a6c-4d3c-8256-ae0343c1b7ba,dubstyle,Q223840,hardstyle,3,0,0,ring,2010,United Kingdom,,,,single,hardstyle,2,,,
Q114743580,9a6666cb-9816-4ab4-acf6-0e91030339be,psystyle,Q223840,hardstyle,3,0,0,ring,2015,,,,,single,hardstyle,0,,,
Q2611143,e967b751-d919-445d-93f7-2902168cbe31,early hardstyle,Q223840,hardstyle,3,0,0,ring,,,,,,single,hardstyle,1,,,
Q136206123,573829f4-9caf-456e-a383-33fda8aa5d9a,nustyle,Q223840,hardstyle,3,0,0,ring,,,,,,single,hardstyle,0,,,
Q11332204,c81d4b3d-e4cd-426c-b5c9-b175d81f81aa,funkot,Q851213,electronic dance music,2,0,0,ring,1999,,GLOBAL CLUB > ASIAN CLUB,,,single,electronic dance music,4,,,
Q1191544,8134acbd-8822-4042-8e17-276599a3a843,kuduro,Q851213,electronic dance music,2,1,1,ring,1999,Angola,GLOBAL CLUB > AFRICAN CLUB,,,single,electronic dance music | music of Central Africa,18,,,
Q108297194,9889899e-cd71-49cd-aa54-b908084345a2,batida,Q1191544,kuduro,3,0,0,ring,1980,,,,,single,kuduro,0,,,
Q1243254,8d4fc5b0-f1b2-4784-9db8-cc37bb7a151a,lento violento,Q851213,electronic dance music,2,0,0,ring,1999,Italy,HARDCORE & HARDSTYLE,,,single,hard dance,10,,,
Q382343,d41531c8-99c2-4c3c-981d-4ee22ddb9a6f,Nortec,Q851213,electronic dance music,2,0,0,ring,1999,,GLOBAL CLUB > LATIN CLUB,,,single,electronic dance music,5,,,
Q513357,9d966bd4-89d5-4d6a-a408-eeb8c300c426,coupé-décalé,Q851213,electronic dance music,2,0,0,ring,2000,France,GLOBAL CLUB > AFRICAN CLUB,,,auto,electronic dance music | zouglou,9,,,
Q362515,b4d22964-4640-474e-a86a-0bdac986ca87,electrotango,Q851213,electronic dance music,2,0,0,ring,2000,,GLOBAL CLUB > LATIN CLUB,,,single,electronic dance music,7,,,
Q7844612,7d0d95f7-eb36-4ec9-9492-0c0d51a6c2b8,tribal guarachero,Q851213,electronic dance music,2,0,0,ring,2000,,GLOBAL CLUB > LATIN CLUB,,,auto,Latin electronic music | electronic dance music,3,,,
Q20474,1b50083b-1afa-4778-82c8-548b309af783,dubstep,Q851213,electronic dance music,2,6,15,ring,2001,United Kingdom,BASS MUSIC > DUBSTEP & BASS > DUBSTEP & GRIME,,,single,bass music (EDM),50,,,
Q109335331,f7156de7-0602-4f5c-ac72-284119e85dad,dungeon sound,Q20474,dubstep,3,0,0,ring,2006,,,,,single,dubstep,0,,,
Q118798959,d861508b-f667-49bf-abaf-02d1587ec902,tearout dubstep,Q20474,dubstep,3,0,0,ring,2006,,,,,single,dubstep,0,,,
Q20903,1dfc0cd3-bf39-4240-9265-96ced154425a,brostep,Q20474,dubstep,3,6,9,ring,2007,United States,,,,single,dubstep,8,,,
Q24876318,685717fe-3d0d-4d99-a4bf-1b9d89112de2,drumstep,Q20903,brostep,4,0,0,ring,2007,,,,,auto,brostep | drum and bass,2,,,
Q106528420,bd728f00-d740-463c-a420-4f05917beb79,deathstep,Q20903,brostep,4,1,1,ring,2010,,,,,single,brostep,0,,,
Q109713720,81003386-f8ee-4c22-af5d-ae3514afbc8b,minatory,Q106528420,deathstep,5,0,0,ring,2015,,,,,single,deathstep,0,,,
Q65065491,e07f0fb2-8a7d-4436-8745-b8d26f9a2d6f,riddim,Q20903,brostep,4,2,2,ring,2010,England,,,,single,brostep | dubstep,4,,,
Q115690999,c2cab551-1017-4ace-8ad0-f36b7c089875,future riddim,Q65065491,riddim,5,0,0,ring,2019,,,,,single,riddim,0,,,
Q136539124,9fa9b59a-43cd-42d5-bdc5-af4be786d9b3,liquid riddim,Q65065491,riddim,5,0,0,ring,,,,,,single,riddim,0,,,
Q108197774,6352a404-ef81-4b5a-afad-299606027903,colour bass,Q20903,brostep,4,0,0,ring,2014,,,,,single,brostep,1,,,
Q119259589,bf44ad8f-47be-4bcc-b577-ba2268160cd1,tearout brostep,Q20903,brostep,4,0,0,ring,2015,,,,,single,brostep,0,,,
Q123421084,700eb336-affc-4151-849f-749ecb8e4411,briddim,Q20903,brostep,4,0,0,ring,,,,,,single,brostep,0,,,
Q98528158,c2d62074-781e-4e00-8c80-4be8147a7d4a,purple sound,Q20474,dubstep,3,0,0,ring,2007,,,,,single,dubstep,0,,,
Q2963621,5bc51167-b526-4c78-948b-6e4b3f003b75,chillstep,Q20474,dubstep,3,0,0,ring,2009,,,,,single,dubstep,5,,,
Q106404229,3b3a9490-18bf-437b-970a-cb4b31bd4099,melodic dubstep,Q20474,dubstep,3,0,0,ring,2010,,,,,single,dubstep,0,,,
Q1166726,51cfaac4-6696-480b-8f1b-27cfc789109c,grime,Q851213,electronic dance music,2,2,2,ring,2001,United Kingdom,BASS MUSIC > DUBSTEP & BASS > DUBSTEP & GRIME,,,auto,electronic dance music | rapping,33,,,
Q106654239,1a13716e-77cd-4bb3-a0e1-1832a53b1a1b,weightless,Q1166726,grime,3,0,0,ring,2011,,,,,single,grime,0,,,
Q123009321,96fc9d7f-0406-4575-ab4d-37f705b1097d,neo-grime,Q1166726,grime,3,0,0,ring,,,,,,auto,grime | wave,0,,,
Q4965901,526c7a1e-d9da-4050-a567-be44c3cf1066,Jersey club,Q851213,electronic dance music,2,0,0,ring,2002,United States,CLUB & BREAKS > UK & US CLUB,,,single,East Coast club,11,,,
Q111442385,a9207ed8-8173-420d-a8d7-5add746d7304,Japanese artcore,Q851213,electronic dance music,2,0,0,ring,2003,,BASS MUSIC > TRAP & HYPERPOP,,,single,electronic dance music,2,,,
Q888137,f3bab7c4-d649-4738-8a9a-d3874650c485,skweee,Q851213,electronic dance music,2,0,0,ring,2005,Finland · Sweden,BASS MUSIC > DUBSTEP & BASS > GLITCH & WONKY,,,single,electronic dance music,10,,,
Q140369806,0e03f72d-0423-4ed1-ab6c-51d5fa3e1bcd,outrun,Q851213,electronic dance music,2,0,0,ring,2006,,RETRO & EURODANCE > SYNTH REVIVAL,,,auto,electronic dance music | synthwave,0,,,
Q9364028,31ec78f2-15c9-464b-a9e4-19e531028544,UK funky,Q851213,electronic dance music,2,0,0,ring,2006,,CLUB & BREAKS > BREAKBEAT & JUNGLE,,,single,electronic dance music,7,,,
Q1136045,449e7cdf-0d7e-46aa-852d-96d81078abf3,wonky,Q851213,electronic dance music,2,1,1,ring,2006,,BASS MUSIC > DUBSTEP & BASS > GLITCH & WONKY,,,single,electronic dance music,6,,,
Q123922710,b50429c4-e790-4689-a5be-12b9591f51d0,aquacrunk,Q1136045,wonky,3,0,0,ring,,,,,,single,wonky,0,,,
Q106514601,31880ede-b5a4-48c0-b15a-dddc030d25c2,glitch hop (EDM),Q851213,electronic dance music,2,2,2,ring,2007,,BASS MUSIC > DUBSTEP & BASS > GLITCH & WONKY,,,single,electronic dance music,0,,,
Q18432631,669f7533-2739-48a7-a46c-d67bf3295dd5,neurohop,Q106514601,glitch hop (EDM),3,0,0,ring,2009,,,,,single,glitch hop (EDM),1,,,
Q120715859,beec7d20-9f7b-4a7b-a68b-e924d4d21971,ghetto funk,Q106514601,glitch hop (EDM),3,0,0,ring,,,,,,single,glitch hop (EDM),0,,,
Q106594102,c03e5faa-1ec3-463d-95d5-96a550189510,Philly club,Q851213,electronic dance music,2,0,0,ring,2007,,CLUB & BREAKS > UK & US CLUB,,,single,East Coast club,0,,,
Q17146868,5a26133b-487a-4698-82b8-19c0efb827a3,shangaan electro,Q851213,electronic dance music,2,0,0,ring,2007,South Africa,GLOBAL CLUB > AFRICAN CLUB,,,single,electronic dance music,2,,,
Q19358266,904c0b6b-8008-4feb-9410-4ed61c7ce07a,electro latino,Q851213,electronic dance music,2,0,0,ring,2008,,GLOBAL CLUB > LATIN CLUB,,,auto,Latin electronic music | electronic dance music | electronic pop,1,,,
Q100922002,7321525e-30a2-441e-aeb1-549f47f6a26f,budots,Q851213,electronic dance music,2,0,0,ring,2009,,GLOBAL CLUB > ASIAN CLUB,,,single,electronic dance music,4,,,
Q96376113,5a291744-e683-49bb-883e-bf978f235b6b,deconstructed club,Q851213,electronic dance music,2,0,0,ring,2010,,CLUB & BREAKS > UK & US CLUB,,,auto,experimental club music,3,,,
Q47781397,a21ea484-efba-4119-8120-429b26f98728,EDM trap music,Q851213,electronic dance music,2,5,5,ring,2010,,BASS MUSIC > TRAP & HYPERPOP,,,single,bass music (EDM),7,,,
Q111628716,aa8c93b7-2ac1-4776-8a11-92c257de53d8,festival trap,Q47781397,EDM trap music,3,0,0,ring,2012,,,,,single,EDM trap music,1,,,
Q107407607,b4c47b4e-20a2-49e3-baa4-2dd94f8b1d5d,hard trap,Q47781397,EDM trap music,3,0,0,ring,2012,,,,,single,EDM trap music,0,,,
Q111653578,93dbdf64-39ab-4956-9f4c-550692d2cc2b,hybrid trap,Q47781397,EDM trap music,3,0,0,ring,2012,,,,,single,EDM trap music,1,,,
Q109753757,6018aa23-b08d-49f9-86c7-0c6f21a0766e,twerk,Q47781397,EDM trap music,3,0,0,ring,2012,,,,,single,EDM trap music,0,,,
Q111971785,8715373e-6dc4-4a9a-91db-9123134c96d9,heaven trap,Q47781397,EDM trap music,3,0,0,ring,2014,,,,,single,EDM trap music,0,,,
Q22908553,e254f865-58ea-4483-9b2f-1bc65febcd71,future bass,Q851213,electronic dance music,2,1,1,ring,2010,,BASS MUSIC > DUBSTEP & BASS > FUTURE & MELODIC BASS,,,single,bass music (EDM),19,,,
Q106577542,35f85622-978c-4bf4-b5e4-722394d474f1,kawaii future bass,Q22908553,future bass,3,0,0,ring,2013,,,,,single,future bass,0,,,
Q6907397,32c42c46-0acc-4d7d-a7f0-23ce2afab5c7,moombahcore,Q851213,electronic dance music,2,0,0,ring,2010,,GLOBAL CLUB > LATIN CLUB,,,single,bass music (EDM),5,,,
Q21092,ce92d27c-2d7a-439e-8182-e4ccdeee522a,moombahton,Q851213,electronic dance music,2,0,0,ring,2010,Netherlands · United Kingdom · United States,GLOBAL CLUB > LATIN CLUB,,,single,electronic dance music,19,,,
Q106591506,a969d92f-cd87-4a30-820a-e3c6405595de,bubblegum bass,Q851213,electronic dance music,2,0,0,ring,2011,,BASS MUSIC > TRAP & HYPERPOP,,,single,bass music (EDM),1,,,
Q31836693,0ed0c455-55ef-4acd-8a9e-d3350fbcb3c2,jungle terror,Q851213,electronic dance music,2,0,0,ring,2011,Netherlands,CLUB & BREAKS > BREAKBEAT & JUNGLE,,,single,bass music (EDM),2,,,
Q106477753,dc54ca20-4fd0-44bb-ac2c-0a004234ecc0,midtempo bass,Q851213,electronic dance music,2,0,0,ring,2011,,BASS MUSIC > DUBSTEP & BASS > FUTURE & MELODIC BASS,,,single,bass music (EDM),2,,,
Q106576261,b3a324c9-151e-484c-af70-aa1cd7be9518,bérite club,Q851213,electronic dance music,2,0,0,ring,2012,,GLOBAL CLUB > AFRICAN CLUB,,,single,ghetto club,0,,,
Q109873537,cbea6078-eff4-42e9-ad94-8a1a049ca5c5,dark disco,Q851213,electronic dance music,2,0,0,ring,2013,,HOUSE & TECHNO,,,single,electronic dance music,0,,,
Q108297243,7025a3b9-0f54-47dd-b310-f89cb7b7181e,flex dance music,Q851213,electronic dance music,2,0,0,ring,2014,,CLUB & BREAKS > UK & US CLUB,,,auto,dancehall | electronic dance music,0,,,
Q135493744,2fa3bd85-9165-4773-b807-5ea5937cbee0,melodic bass,Q851213,electronic dance music,2,0,0,ring,2014,,BASS MUSIC > DUBSTEP & BASS > FUTURE & MELODIC BASS,,,single,bass music (EDM),0,,,
Q107697201,10a1ea21-63b0-42d3-b72d-551a5bf9100e,hard drum,Q851213,electronic dance music,2,0,0,ring,2015,,HARDCORE & HARDSTYLE,,,single,electronic dance music,0,,,
Q30594541,35747abe-46a7-4491-b666-66f10abd5683,hardvapour,Q851213,electronic dance music,2,0,0,ring,2015,,HARDCORE & HARDSTYLE,,,auto,electronic dance music | vaporwave,5,,,
Q65330805,78aa8c4a-4846-43ed-a34e-cea07d1f556c,singeli,Q851213,electronic dance music,2,0,0,ring,2015,,GLOBAL CLUB > AFRICAN CLUB,,,single,electronic dance music | music of Tanzania,3,,,
Q106388388,f9d29130-733d-443d-bb80-636701762220,hardwave,Q851213,electronic dance music,2,0,0,ring,2017,,HARDCORE & HARDSTYLE,,,auto,bass music (EDM) | wave,2,,,
Q117198196,6abf434f-9122-4150-a21c-cb87d67df462,cruise,Q851213,electronic dance music,2,0,0,ring,2019,Nigeria,CLUB & BREAKS > UK & US CLUB,,,single,electronic dance music | music of Nigeria,0,,,
Q101109587,8a5393de-f9eb-41ca-beae-03282d4783c7,future rave,Q851213,electronic dance music,2,0,0,ring,2019,,TRANCE & RAVE,,,single,electronic dance music,4,,,
Q120484427,5ea0841e-dd9b-46cd-85fc-b01373fa7b55,dariacore,Q851213,electronic dance music,2,0,0,ring,2020,,CLUB & BREAKS > UK & US CLUB,,,single,electronic dance music,3,,,
Q65937774,63eddc75-dbad-4a05-a365-e30d1e87bca8,breaks,Q851213,electronic dance music,2,0,0,ring,,,CLUB & BREAKS > BREAKBEAT & JUNGLE,,,single,electronic dance music,0,,,
Q140221083,e9a374e9-aef9-4714-9146-ade77640de5d,hardtekk,Q851213,electronic dance music,2,0,0,ring,,,TRANCE & RAVE,,,single,electronic dance music,0,,,
Q126335126,b931157c-80f7-42bb-b16d-24245fb4fe58,hypertechno,Q851213,electronic dance music,2,0,0,ring,,,HOUSE & TECHNO,,,single,electronic dance music,0,,,
Q389631,22253c29-0e14-4463-915e-1e563de4efe1,jumpstyle,Q851213,electronic dance music,2,0,0,ring,,,TRANCE & RAVE,,,single,hard dance,28,,,
Q131529620,fb2853d4-76fa-4c75-83f0-970894e342e5,krushclub,Q851213,electronic dance music,2,0,0,ring,,,HARDCORE & HARDSTYLE,,,auto,HexD | electronic dance music,1,,,
Q139567714,12730f8b-8c9b-41be-98a4-23cf8882d26f,neo rave,Q851213,electronic dance music,2,0,0,ring,,,TRANCE & RAVE,,,single,hard dance,0,,,
Q122932896,92cc82a2-5193-4056-ac1c-dcb74db3efa5,ori deck,Q851213,electronic dance music,2,0,0,ring,,,BASS MUSIC > TRAP & HYPERPOP,,,single,electronic dance music | music of Tahiti,0,,,
Q114443489,34dd0158-f504-499b-be6e-7e38ae35bb83,partyschlager,Q851213,electronic dance music,2,0,0,ring,,,RETRO & EURODANCE > EURODANCE,,,auto,electronic dance music | schlager music,2,,,
Q106130091,be85b02a-9cb7-47c8-a6c6-a214dde4b2b7,post-dubstep,Q851213,electronic dance music,2,0,0,ring,,United Kingdom,BASS MUSIC > DUBSTEP & BASS > DUBSTEP & GRIME,,,single,electronic dance music,2,,,
Q898709,660e755a-1b66-440b-9b7c-fbcf245f4415,rave music,Q851213,electronic dance music,2,2,4,ring,,Detroit,TRANCE & RAVE,,,single,electronic dance music,9,,,
Q113600471,cb27e80f-44d6-478c-b30c-59dddbfa73fa,hardtek,Q898709,rave music,3,2,2,ring,2005,,,,,single,hard dance | rave music,0,,,
Q137442001,156557a7-d3fe-4dfc-9129-256b3237cfa4,pumpcore,Q113600471,hardtek,4,0,0,ring,,,,,,single,hardtek,0,,,
Q117405746,e3563a72-1bcc-445e-ac7d-84ca1a47d290,raggatek,Q113600471,hardtek,4,0,0,ring,,,,,,single,hardtek,0,,,
Q116952929,5ec5840c-60fd-47da-b651-9bb1c554701f,hyper techno,Q898709,rave music,3,0,0,ring,,Japan,,,,single,rave music,0,,,
Q134380635,5338769c-f422-4222-bfc3-b5d84d197d73,slimepunk,Q851213,electronic dance music,2,0,0,ring,,,HARDCORE & HARDSTYLE,,,single,electronic dance music,0,,,
Q6865341,556be6ff-df60-4bb1-bd88-3ec7c69dfa28,minimal wave,Q9778,electronic music,1,1,1,ring,1977,,AMBIENT & CHILL-OUT,,,single,minimal electronic music,5,,,
Q98528171,ada97e23-fc67-462e-ae4f-dc24a93d723a,minimal synth,Q6865341,minimal wave,2,0,0,ring,1977,,,,,single,minimal wave,0,,,
Q106422444,50a99000-1e63-444e-8624-7c45fb517d9d,bit music,Q9778,electronic music,1,6,6,ring,1979,,SYNTH & RETRO,,,single,electronic music,0,,,
Q135637,103a65bb-35d9-4d27-9c9b-f35a458621ba,chiptune,Q106422444,bit music,2,0,0,ring,1978,Japan,,,,single,bit music | nerd music,30,,,
Q106424145,0c129160-a881-4313-8d15-335ce650d0da,FM synthesis,Q106422444,bit music,2,0,0,ring,1986,,,,,single,bit music | video game music,0,,,
Q773880,c4c55689-2b92-430e-811c-1e8c0ff5c6fb,bitpop,Q106422444,bit music,2,0,0,ring,1990,Australia · Europe · Japan · United States,,,,auto,bit music | electronic pop,13,,,
Q22964975,ed4813b3-3187-4319-b458-e3de48de694b,black MIDI,Q106422444,bit music,2,0,0,ring,2009,,,,,single,MIDI music,12,,,
Q110942239,4f9d3457-479a-4aa1-8e13-2f7dd5dbac8f,bytebeat,Q106422444,bit music,2,0,0,ring,,,,,,single,bit music,0,,,
Q125799361,7a13c4bb-5385-47ee-ba7f-d93755f511a3,demostyle,Q106422444,bit music,2,0,0,ring,,,,,,single,tracker music,0,,,
Q107985638,a92d5780-7201-4e87-95d3-1967a53133e5,horror synth,Q9778,electronic music,1,0,0,ring,1979,,SYNTH & RETRO,,,single,synth music,0,,,
Q817138,53a3cea3-17af-4421-a07a-5824b540aeb5,electronica,Q9778,electronic music,1,6,6,ring,1991,,EXPERIMENTAL & DIGITAL,,,single,electronic music,36,,,
Q106641525,c4496647-f9f9-4b0b-b97f-22ef8f1a432a,Celtic electronica,Q817138,electronica,2,0,0,ring,1987,,,,,auto,Celtic music | electronica,0,,,
Q3613770,9c143ab1-1506-4134-ba40-1660fbad7f51,ambient dub,Q817138,electronica,2,0,0,ring,1991,,,,,auto,chill-out music | dubtronica,4,,,
Q1435509,ec5a14c7-7793-46dc-b858-470183eb63f7,folktronica,Q817138,electronica,2,0,0,ring,1993,United Kingdom,,,,single,electronica,23,,,
Q325397,9e7ae1de-d5f2-46a5-b105-11c7367dc70d,indietronica,Q817138,electronica,2,0,0,ring,1993,,,,,single,alternative music | electronica | independent music,17,,,
Q6658771,cf7c6a4f-9e37-4dac-b0b7-fd70fced51a2,livetronica,Q817138,electronica,2,0,0,ring,1997,United States,,,,auto,electronica | jam band music,2,,,
Q1091056,2fe74485-a939-4aa5-958f-ce09ba16906c,funktronica,Q817138,electronica,2,0,0,ring,2001,,,,,single,electronica,6,,,
Q757143,7232e5df-8466-421f-ad5a-ce2048e5522d,chill-out music,Q9778,electronic music,1,4,5,ring,1992,Europe,AMBIENT & CHILL-OUT,,,single,electronic music,29,,,
Q251192,cc38aba3-48ed-439a-83b9-f81a34a66598,downtempo,Q757143,chill-out music,2,1,1,ring,1988,United Kingdom,,,,single,chill-out music,30,,,
Q205560,45eb1d9c-588c-4dc8-9394-a14b7c8f02bc,trip hop,Q251192,downtempo,3,0,0,ring,1992,United Kingdom,,,,single,downtempo,47,,,
Q4993553,b4b397c1-c3e8-4b8b-af20-be6fdac65994,ambient trance,Q757143,chill-out music,2,0,0,ring,1990,,,,,single,chill-out music,3,,,
Q749475,fee8ccf9-8def-4855-9e6a-7d03da945f32,psybient,Q757143,chill-out music,2,0,0,ring,1993,,,,,single,chill-out music,12,,,
Q115456684,6af98bb7-9232-48a7-b559-5f27dcbff3c2,barber beats,Q757143,chill-out music,2,0,0,ring,,,,,,auto,chill-out music | vaporwave,1,,,
Q1658757,da52c9d1-73f2-456e-a0d0-94bd854cb338,illbient,Q9778,electronic music,1,0,0,ring,1994,United States,AMBIENT & CHILL-OUT,,,single,electronic music,12,,,
Q85765918,05039e37-4520-4d1e-8173-92a7915a452b,hauntology,Q9778,electronic music,1,0,0,ring,2000,,EXPERIMENTAL & DIGITAL,,,attach,,6,,,
Q3876770,4f2977aa-6943-404a-b8ec-295639ff0adf,nightcore,Q9778,electronic music,1,0,0,ring,2002,Norway,CLUB & DANCEFLOOR,,,single,electronic music,24,,,
Q115063474,c1e6e9ef-0ca6-4bf0-a0ad-a45dcacf6c5f,digital fusion,Q9778,electronic music,1,0,0,ring,2005,,EXPERIMENTAL & DIGITAL,,,single,electronic music,0,,,
Q19938910,19565d07-8460-4773-8d54-149208a61bb4,synthwave,Q9778,electronic music,1,4,4,ring,2005,United Kingdom,SYNTH & RETRO,,,single,electronic music,31,,,
Q60973191,c3632505-be72-487c-8430-f85bd6b3f7c9,darksynth,Q19938910,synthwave,2,0,0,ring,2010,,,,,single,synthwave,3,,,
Q110620412,4a615a8e-8360-4209-9e68-e3df1641bcff,chillsynth,Q19938910,synthwave,2,0,0,ring,2014,,,,,auto,chillwave | synthwave,0,,,
Q140005978,6fc0962d-52b9-4b38-ae43-26bd4b6af749,dreamwave,Q19938910,synthwave,2,0,0,ring,,,,,,single,synthwave,0,,,
Q30895273,fa50a85d-fb61-441c-84a4-599482e190b6,Sovietwave,Q19938910,synthwave,2,0,0,ring,,,,,,single,synthwave,14,,,
Q1840167,34ec5538-a91a-454f-b500-18253bb45c20,witch house,Q9778,electronic music,1,0,0,ring,2007,,CLUB & DANCEFLOOR,,,single,electronic music,19,,,
Q2626684,18d52a87-bbbf-42f0-8338-189c8c314523,chillwave,Q9778,electronic music,1,0,0,ring,2008,United States,AMBIENT & CHILL-OUT,,,single,electronic music | popular music,22,,,
Q15733887,e837fa08-f314-428f-af96-ceed9858e3b2,vaporwave,Q9778,electronic music,1,8,8,ring,2009,United States,SYNTH & RETRO,,,attach,popular music,38,,,
Q107697260,7e586e26-5a3f-4fb3-be64-46c04cd5eb23,broken transmission,Q15733887,vaporwave,2,0,0,ring,2010,,,,,single,vaporwave,0,,,
Q106594177,9be25653-b2aa-4ab5-89aa-d9808179fd1b,utopian virtual,Q15733887,vaporwave,2,0,0,ring,2011,,,,,single,vaporwave,0,,,
Q80724932,dcc79a22-0983-431a-bb4f-f55a767583cc,vaportrap,Q15733887,vaporwave,2,0,0,ring,2011,,,,,single,vaporwave,1,,,
Q117193815,1186229a-e315-40f8-82e7-836534f022dd,slushwave,Q15733887,vaporwave,2,0,0,ring,2013,,,,,single,vaporwave,0,,,
Q106583068,8c8caf98-9744-4073-b4ad-9c226163f9e5,dreampunk,Q15733887,vaporwave,2,0,0,ring,2014,,,,,single,vaporwave,5,,,
Q124170473,d280078d-079a-4cf4-94a2-8ca78b33a812,eccojams,Q15733887,vaporwave,2,0,0,ring,,,,,,single,vaporwave,0,,,
Q138081554,9ae35448-af12-4405-9618-18369dff558f,slowed & reverb,Q15733887,vaporwave,2,0,0,ring,,,,,,attach,,1,,,
Q109771345,9e3de3e7-cc54-4aff-b392-5b4c4bf5b946,vapornoise,Q15733887,vaporwave,2,0,0,ring,,,,,,single,vaporwave,0,,,
Q3476798,5b544a79-4583-4f5a-a312-bade7eac7201,seapunk,Q9778,electronic music,1,0,0,ring,2011,,CLUB & DANCEFLOOR,,,single,electronic music,10,,,
Q106369996,dc935785-4fbf-4e18-b733-77917cde0c49,wave,Q9778,electronic music,1,0,0,ring,2012,,AMBIENT & CHILL-OUT,,,single,electronic music,3,,,
Q107697234,72fc5ddb-2c22-4f87-9511-fd16a7813f5c,HexD,Q9778,electronic music,1,0,0,ring,2016,,EXPERIMENTAL & DIGITAL,,,single,electronic music,1,,,
Q124851801,c9c58bd8-bf69-428e-8c71-9e34d5916eda,acholitronix,Q9778,electronic music,1,0,0,ring,,,EXPERIMENTAL & DIGITAL,,,single,Acholi music | electronic music,0,,,
Q106582942,75858cef-eb30-4787-b524-3e04a41698cc,cyberpunk music,Q9778,electronic music,1,0,0,ring,,,SYNTH & RETRO,,,single,electronic music,0,,,
Q105763581,3832a068-e169-40cb-9638-d0b04342f3a3,experimental electronic music,Q9778,electronic music,1,4,5,ring,,,EXPERIMENTAL & DIGITAL,,,auto,electronic music | experimental music,0,,,
Q1100989,18b010d7-7d85-4445-a4a8-1889a4688308,glitch,Q105763581,experimental electronic music,2,1,1,ring,1990,Europe · United States,,,,single,experimental electronic music,22,,,
Q3108920,aa3215ae-28e6-4993-908e-ed3807e1ce54,glitch hop,Q1100989,glitch,3,0,0,ring,1998,United States,,,,auto,electronic dance music | glitch | hip-hop,8,,,
Q3503814,299c1b38-5c7b-4dfc-ab3a-f541c936987a,microsound,Q105763581,experimental electronic music,2,0,0,ring,1992,,,,,single,experimental electronic music,6,,,
Q108297242,0e4eae85-208b-4480-8b45-92df4bf446d8,flashcore,Q105763581,experimental electronic music,2,0,0,ring,1998,,,,,single,experimental electronic music,0,,,
Q16002495,e0a9d0d1-b86f-4344-82a9-022a84627087,algorave,Q105763581,experimental electronic music,2,0,0,ring,2011,,,,,single,experimental electronic music,6,,,
Q5597175,f5ebef72-89dc-4c1e-a099-5917bf1abeb3,graphical sound,Q9778,electronic music,1,0,0,ring,,,EXPERIMENTAL & DIGITAL,,,auto,electronic music | experimental music,4,,,
Q65937906,32bea60c-e201-4241-8ed4-228636d34a97,leftfield electronic,Q9778,electronic music,1,0,0,ring,,,AMBIENT & CHILL-OUT,,,single,electronic music,0,,,
Q11399,0e3fc579-2d24-4f20-9dae-736e1ec78798,rock music,,,0,51,295,group,1948,United Kingdom · United States,,,,root,popular music,161,2,hex,103
Q7749,e4581b76-a842-440b-9b0f-1aa7a00a5c57,rock and roll,Q11399,rock music,1,2,3,ring,1949,United States,ROCK AND ROLL & GARAGE,,,single,rock music,106,,,
Q203720,f1a053eb-61bb-448a-964d-35784c4ae8c1,rockabilly,Q7749,rock and roll,2,1,1,ring,1950,United States,,,,single,rock and roll,46,,,
Q65943390,66366e89-590e-424f-b13d-0d0564eb4f27,neo-rockabilly,Q203720,rockabilly,3,0,0,ring,,,,,,single,rockabilly,2,,,
Q2097664,fde4b353-2d97-4b57-af38-e7c53efa84f3,Indorock,Q7749,rock and roll,2,0,0,ring,1957,Netherlands,,,,single,rock and roll,7,,,
Q185162,b07b5eec-c7f0-4529-a876-e0dd6b350084,Latin rock,Q11399,rock music,1,0,0,ring,1957,United States,SCENES AROUND THE WORLD > LATIN AMERICA,,,auto,Latin music | rock music,21,,,
Q220830,6a325db6-8c10-44e1-b17a-b7c8dda50546,surf music,Q11399,rock music,1,3,5,ring,1957,United States,ROCK AND ROLL & GARAGE,,,single,rock music,30,,,
Q106581470,b76ee78d-ec97-49e9-8ea6-cfc46ecc3b23,surf rock,Q220830,surf music,2,2,2,ring,1950,,,,,single,surf music,9,,,
Q17065399,ae6a6118-985d-4622-b423-2d00bb1a0678,wong shadow,Q106581470,surf rock,3,0,0,ring,1963,Thailand,,,,single,music of Thailand | surf rock,2,,,
Q108297234,d618d975-3a37-4f13-9568-a6212c033844,eleki,Q106581470,surf rock,3,0,0,ring,1965,Japan,,,,single,music of Japan | surf rock,0,,,
Q112939200,cfeedbcb-3071-498e-8284-f58506096311,hot rod music,Q220830,surf music,2,0,0,ring,,,,,,single,surf music,2,,,
Q16011695,0bb94bd0-0025-479c-b398-41fb2f12f939,vocal surf,Q220830,surf music,2,0,0,ring,,,,,,auto,pop rock | surf music,3,,,
Q193355,58e325d5-54fd-4e98-b39a-3aa6bc319273,blues rock,Q11399,rock music,1,1,1,ring,1960,United Kingdom · United States,ROOTS ROCK > BLUES & SOUTHERN ROCK,,,auto,blues | rock music,56,,,
Q2266376,f07bf7f4-1b55-42ea-8c4d-9906fce84cdf,boogie rock,Q193355,blues rock,2,0,0,ring,1968,United Kingdom · United States,,,,single,blues rock,16,,,
Q211573,b7bb11c3-bb83-4047-af65-1e8aba89039f,garage rock,Q11399,rock music,1,3,3,ring,1960,United States,ROCK AND ROLL & GARAGE,,,single,rock music,46,,,
Q3752342,005eb40f-1f3d-4bd2-a2cd-0923b064a45d,frat rock,Q211573,garage rock,2,0,0,ring,1959,,,,,single,American rock | garage rock,3,,,
Q98528290,8875a441-7b19-4729-9a02-89525ad84574,garage rock revival,Q211573,garage rock,2,0,0,ring,1978,,,,,auto,garage rock | indie rock,1,,,
Q135112757,d031678a-15f2-4722-ab3a-a3ae297e41e9,garage psych,Q211573,garage rock,2,0,0,ring,,,,,,auto,garage rock | psychedelic rock,0,,,
Q1650296,6b3903aa-8abe-4645-b363-558483b1586f,instrumental rock,Q11399,rock music,1,1,1,ring,1960,United States,ROCK AND ROLL & GARAGE,,,auto,instrumental music | rock music,24,,,
Q4390945,15d97569-718a-42e6-b740-c80b8aca8de5,rautalanka,Q1650296,instrumental rock,2,0,0,ring,,Finland,,,,auto,instrumental rock | surf rock,6,,,
Q944465,5eea976c-1ab2-4d94-9b63-7d1297d5dba5,jazz rock,Q11399,rock music,1,0,0,ring,1960,,FUSIONS,,,single,rock music,12,,,
Q186472,445dc48f-5233-4b4f-987f-867ff9ade836,folk rock,Q11399,rock music,1,6,6,ring,1964,United Kingdom · United States,"ROOTS ROCK > FOLK, COUNTRY & ACOUSTIC",,,single,rock music,58,,,
Q2614533,5ac64352-db68-4fc2-9f4a-c434349657d3,British folk rock,Q186472,folk rock,2,0,0,ring,1968,England,,,,single,folk rock | music of the United Kingdom,6,,,
Q2662148,4ca72caf-956f-4b36-bab2-cf5d9a7b6549,Celtic rock,Q186472,folk rock,2,0,0,ring,1972,Celtic nations,,,,single,folk rock,18,,,
Q641318,a82ff86c-52d2-42b9-8989-10001a0bb86d,medieval folk rock,Q186472,folk rock,2,0,0,ring,1972,Germany · United Kingdom,,,,single,folk rock,9,,,
Q6665252,08050245-2405-4dcd-97e9-a14b8987a311,Phleng phuea chiwit,Q186472,folk rock,2,0,0,ring,1973,,,,,single,folk rock | phleng Thai sakon,2,,,
Q5389389,ef1d11cc-e70f-4885-ad6c-103f060d33b2,Alpenrock,Q186472,folk rock,2,0,0,ring,,,,,,single,Alpine music | folk rock,2,,,
Q123360735,5fe1c259-cabf-41bb-8778-ed4f495496b9,rock rural,Q186472,folk rock,2,0,0,ring,,,,,,auto,folk rock | music of Brazil,0,,,
Q483740,a6c36824-e5bc-4db3-b704-44941c9dcdf9,Anatolian rock,Q11399,rock music,1,0,0,ring,1965,Turkey,SCENES AROUND THE WORLD > AFRICA & THE MIDDLE EAST,,,single,Turkish rock,21,,,
Q613408,fb07b1e3-411d-4146-a0d6-3479c0e7557b,country rock,Q11399,rock music,1,1,1,ring,1965,United States,"ROOTS ROCK > FOLK, COUNTRY & ACOUSTIC",,,single,music of North America | rock music,44,,,
Q136206036,1a50d4ac-49d5-4615-8995-caa7388afa2a,cosmic country,Q613408,country rock,2,0,0,ring,,,,,,single,country rock,0,,,
Q325504,c4a69842-f891-4569-9506-1882aa5db433,electronic rock,Q11399,rock music,1,0,0,ring,1965,United Kingdom,FUSIONS,,,auto,electronic music | rock music,37,,,
Q484641,797e2e85-5ffd-495c-a757-8b4079052f0e,pop rock,Q11399,rock music,1,13,25,dial,1965,United Kingdom · United States,POP ROCK,,,auto,pop music | rock music,62,,,
Q2090023,34cd43be-4711-4e77-a25c-c6d6a4bf3cb4,piano rock,Q484641,pop rock,2,0,0,ring,1955,United States,BRITPOP & SOFT ROCK,,,single,pop rock | rock music,12,,,
Q837837,618704fc-daac-44a2-92c9-89e3b1a2fc8c,power pop,Q484641,pop rock,2,0,0,ring,1960,United Kingdom · United States,BEAT & POWER POP,,,single,pop rock,34,,,
Q217191,7d0c6a6b-5d56-4b1e-a8c7-e32194f246b9,soft rock,Q484641,pop rock,2,2,2,ring,1960,Europe · United States,BRITPOP & SOFT ROCK,,,single,pop rock,39,,,
Q28401124,6d39ad19-fbd6-407b-baf3-ad6ad46a5518,yacht rock,Q217191,soft rock,3,0,0,ring,1971,United States,,,,single,soft rock,13,,,
Q2746831,27b1c4a7-07f9-4dee-9362-b16530b5c73a,quiet storm,Q217191,soft rock,3,0,0,ring,1976,United States,,,,auto,contemporary R&B | jazz fusion | pop music | smooth jazz | smooth soul | soft rock,12,,,
Q546264,decc967b-5b70-453b-9107-0b4e7a00505f,beat music,Q484641,pop rock,2,6,6,ring,1963,United Kingdom,BEAT & POWER POP,,,single,pop rock,34,,,
Q2344635,c979d6c8-fa9e-47c3-86d6-754a7f89ea18,Merseybeat,Q546264,beat music,3,0,0,ring,1962,,,,,single,beat music,8,,,
Q2639210,2bb22fbe-860f-4101-814e-e0c1346585fc,Nederbeat,Q546264,beat music,3,0,0,ring,1963,Netherlands,,,,auto,Nederpop | beat music,8,,,
Q2607836,1fb25dfa-0c71-4ecb-9ae8-560474d9413b,freakbeat,Q546264,beat music,3,0,0,ring,1965,United Kingdom,,,,auto,beat music | garage rock,8,,,
Q3117305,77f8d0ee-059a-4420-9ac7-84890730ae2a,group sounds,Q546264,beat music,3,0,0,ring,1967,Japan,,,,auto,beat music | kayōkyoku,9,,,
Q24935256,98c1efff-ea21-470e-9e40-e19f6dff1211,Candombe beat,Q546264,beat music,3,0,0,ring,1968,Uruguay,,,,auto,beat music | candombe | music of Latin America | rock music,1,,,
Q6296743,0b5745b5-8fd8-40f2-b717-5a650f7828a1,jovem guarda,Q546264,beat music,3,0,0,ring,,Brazil,,,,single,beat music,4,,,
Q6153278,8f2d1cd2-a4b3-4fec-b220-2c7074fddd94,tropical rock,Q484641,pop rock,2,0,0,ring,1973,,POP ROCK AROUND THE WORLD,,,single,pop rock,5,,,
Q6749708,cd6aef47-745b-4f7e-a6e5-cfe8d28d9796,Manila sound,Q484641,pop rock,2,0,0,ring,1975,Philippines,POP ROCK AROUND THE WORLD,,,single,pop rock,5,,,
Q1190565,6c207307-cac0-43cf-be8f-e2dde68a92f1,jangle pop,Q484641,pop rock,2,3,3,ring,1978,United Kingdom · United States,BEAT & POWER POP,,,auto,alternative rock | pop rock,26,,,
Q97942949,17cee13b-8725-43d1-a52a-6786933c0166,C86,Q1190565,jangle pop,3,0,0,ring,1982,,,,,auto,indie pop | jangle pop,1,,,
Q11325235,6793f60d-be5e-4968-8428-9f7855218414,neo-acoustic,Q1190565,jangle pop,3,0,0,ring,1982,Japan,,,,auto,indie pop | jangle pop,1,,,
Q1432934,77f67575-46ed-4447-afc1-ebcd2ab36b66,Paisley Underground,Q1190565,jangle pop,3,0,0,ring,1982,United States,,,,auto,Amerindie | jangle pop | neo-psychedelia,11,,,
Q370778,35709b28-c4d0-4019-b6ca-2eca017344b5,twee pop,Q484641,pop rock,2,1,1,ring,1985,United Kingdom,BEAT & POWER POP,,,auto,indie pop | indie rock | pop rock,15,,,
Q126281483,aca0cdd7-37c3-416d-9fb7-3bd0a35a6f20,cuddlecore,Q370778,twee pop,3,0,0,ring,,,,,,single,college rock | twee pop,1,,,
Q8770312,0c516b77-4590-4db7-93ba-9c2fa6f2a737,Donosti sound,Q484641,pop rock,2,0,0,ring,1989,Spain,BRITPOP & SOFT ROCK,,,auto,indie pop | pop rock,2,,,
Q189045,f1c9b874-7ef2-4e79-9419-c0bcb5f33a30,Britpop,Q484641,pop rock,2,0,0,ring,1991,United Kingdom,BRITPOP & SOFT ROCK,,,auto,alternative rock | pop rock,47,,,
Q11331157,186a4056-03d6-4fa5-a987-fd8d680960a8,beat rock,Q484641,pop rock,2,0,0,ring,,,BEAT & POWER POP,,,auto,music of Japan | new wave | pop rock,1,,,
Q109050964,3ead7360-888d-4858-aa03-4a1885c5dc61,Burmese stereo,Q484641,pop rock,2,0,0,ring,,Myanmar,POP ROCK AROUND THE WORLD,,,single,music of Myanmar | pop rock,0,,,
Q12701217,d7c4cedb-ae3a-4905-b0f5-41713f472516,pop yeh-yeh,Q484641,pop rock,2,0,0,ring,,Malaysia,POP ROCK AROUND THE WORLD,,,single,Malay music | Malaysian popular music | pop rock,1,,,
Q206159,146ef761-5ad9-48b4-b0b3-483104f7da48,psychedelic rock,Q11399,rock music,1,8,13,ring,1965,United Kingdom · United States,ART & PROGRESSIVE ROCK > PSYCHEDELIC & EXPERIMENTAL,,,auto,psychedelic music | rock music,57,,,
Q236932,ef063b60-3206-466c-a7d8-7d317fcdf9fc,acid rock,Q206159,psychedelic rock,2,0,0,ring,1965,United States,,,,single,psychedelic rock,31,,,
Q1702909,783463fe-66a5-4147-8fe9-f175dbfbaa54,raga rock,Q206159,psychedelic rock,2,0,0,ring,1965,United Kingdom · United States,,,,single,psychedelic rock,19,,,
Q236913,532dcf83-5641-446d-b007-51292b401650,space rock,Q206159,psychedelic rock,2,1,1,ring,1968,United Kingdom,,,,single,psychedelic rock,32,,,
Q109077288,11c85378-c3d2-4f21-a189-56fac6e3de24,space rock revival,Q236913,space rock,3,0,0,ring,1986,,,,,auto,neo-psychedelia | space rock,0,,,
Q703778,cd99451c-f6d5-47c7-8d49-6c08b51e61aa,neo-psychedelia,Q206159,psychedelic rock,2,3,3,ring,1978,United Kingdom · United States,,,,single,psychedelic rock,20,,,
Q4841596,013161b9-3f21-468f-aa1f-28adf1eae085,baggy,Q703778,neo-psychedelia,3,0,0,ring,1988,United Kingdom,,,,auto,alternative rock | neo-psychedelia,6,,,
Q25345818,c0dccaaa-171d-4355-b5c6-10ae392c1087,hypnagogic pop,Q703778,neo-psychedelia,3,0,0,ring,1999,,,,,single,neo-psychedelia,9,,,
Q16254929,1ef3590b-c610-4ffe-a952-f2d9d3883b14,Italian occult psychedelia,Q703778,neo-psychedelia,3,0,0,ring,,,,,,single,music of Italy | neo-psychedelia,3,,,
Q617240,aa5f0254-403e-496a-a388-c01abf62f39a,stoner rock,Q206159,psychedelic rock,2,1,1,ring,1988,United States,,,,auto,hard rock | heavy metal music | psychedelic rock,37,,,
Q3322869,bc1b8c46-5a69-4262-b909-c376f5de491a,Palm Desert Scene,Q617240,stoner rock,3,0,0,ring,,,,,,single,stoner rock,9,,,
Q98528291,3bc3d7dd-2bc5-4848-a9ef-4b67c6f7c6f9,heavy psych,Q206159,psychedelic rock,2,0,0,ring,,,,,,auto,hard rock | psychedelic rock,0,,,
Q135493769,4cd06da9-cccb-4e3a-ad7b-b41e06959e23,psychploitation,Q206159,psychedelic rock,2,0,0,ring,,,,,,attach,psychedelic music,0,,,
Q135112758,e1a01e86-1d17-4ad2-9ef0-9e1405875e21,xian psych,Q206159,psychedelic rock,2,0,0,ring,,,,,,auto,Christian rock | psychedelic rock,0,,,
Q1641839,65c97e89-b42b-45c2-a70e-0eca1b8f0ff7,experimental rock,Q11399,rock music,1,2,2,ring,1966,United States,ART & PROGRESSIVE ROCK > PSYCHEDELIC & EXPERIMENTAL,,,auto,experimental music | rock music,36,,,
Q320592,ba318056-9ddf-46cd-8b95-61fc993b962d,Krautrock,Q1641839,experimental rock,2,0,0,ring,1967,Germany,,,,single,experimental rock,42,,,
Q209137,0bfffa19-4e4a-4bf7-bf53-6ec44f0a2f8e,post-rock,Q1641839,experimental rock,2,0,0,ring,1995,Canada · Europe · United States,,,,single,experimental rock,48,,,
Q1929352,883d75d5-1365-46ee-8cbe-d3ae2facdd93,roots rock,Q11399,rock music,1,2,2,ring,1966,United States,"ROOTS ROCK > FOLK, COUNTRY & ACOUSTIC",,,single,music of the United States | rock music,18,,,
Q675553,82e38e98-8a93-4ea9-a07f-ff0aeba07444,swamp rock,Q1929352,roots rock,2,0,0,ring,1965,Louisiana · United States,,,,single,roots rock,13,,,
Q107197766,532af7e7-79d1-4bd2-9416-7b7c5860a66e,Tex-Mex,Q1929352,roots rock,2,0,0,ring,,,,,,single,music of Texas | roots rock,5,,,
Q83270,51cb9f91-e6a2-41bf-891f-e78e3f1e52ab,hard rock,Q11399,rock music,1,2,2,ring,1967,United Kingdom · United States,HARD & ARENA ROCK,,,single,rock music,77,,,
Q12702016,6d69d421-6547-4039-9ad3-93a8bef0460b,rock kapak,Q83270,hard rock,2,0,0,ring,1987,Malaysia · Singapore,,,,single,Malay music | hard rock,3,,,
Q55296418,290afc44-ad41-4d51-9ca6-4ee88df0f4f8,occult rock,Q83270,hard rock,2,0,0,ring,,,,,,single,hard rock,5,,,
Q49451,ae9b8279-3959-48d8-8a88-741a7f6d4a48,progressive rock,Q11399,rock music,1,5,5,ring,1967,United Kingdom,ART & PROGRESSIVE ROCK > PROGRESSIVE & THEATRICAL,,,auto,progressive music | rock music,65,,,
Q727803,9c2f8b08-9bac-4bfd-b9ed-6381c65791e9,Canterbury scene,Q49451,progressive rock,2,0,0,ring,1968,United Kingdom,,,,single,progressive rock,27,,,
Q106621063,166be36f-febb-4523-a005-1fb3603bd3f6,symphonic prog,Q49451,progressive rock,2,0,0,ring,1968,,,,,single,progressive rock,0,,,
Q100151423,f223062a-27f4-4cb0-9336-7a1ea3eee7ec,brutal prog,Q49451,progressive rock,2,0,0,ring,1984,,,,,auto,experimental rock | progressive rock,1,,,
Q1051843,d2327987-362f-4d70-8bfd-a8b47c3b0a54,neo-prog,Q49451,progressive rock,2,0,0,ring,1988,United Kingdom,,,,single,progressive rock,21,,,
Q65937817,eee90717-3eee-41bd-b463-003c180544bd,crossover prog,Q49451,progressive rock,2,0,0,ring,,,,,,single,progressive rock | rock fusion,0,,,
Q253137,baaf713d-1e4e-459e-a058-60d89ce1f9df,rock opera,Q11399,rock music,1,0,0,ring,1967,United States,ART & PROGRESSIVE ROCK > PROGRESSIVE & THEATRICAL,,,auto,musical play | rock music,36,,,
Q217467,b7ef058e-6d83-4ca4-8123-9724bff4648b,art rock,Q11399,rock music,1,0,0,ring,1968,United Kingdom,ART & PROGRESSIVE ROCK > PSYCHEDELIC & EXPERIMENTAL,,,single,rock music,50,,,
Q753520,c02cd2c5-9316-4046-a241-f74b773fee06,Christian rock,Q11399,rock music,1,0,0,ring,1968,United States,POP ROCK,,,single,Christian music | rock music,36,,,
Q106581777,ee4c47d7-4afe-4410-ab3e-0100a204ec23,jam band music,Q11399,rock music,1,0,0,ring,1968,,ROOTS ROCK > BLUES & SOUTHERN ROCK,,,single,rock music,1,,,
Q852767,905c1899-3027-4d29-8d9c-bbeef2c8628a,Southern rock,Q11399,rock music,1,0,0,ring,1968,United States,ROOTS ROCK > BLUES & SOUTHERN ROCK,,,single,rock music,32,,,
Q76092,54d89e62-5bfb-42bc-a321-9230e6fdcd75,glam rock,Q11399,rock music,1,1,1,ring,1969,United Kingdom,HARD & ARENA ROCK,,,auto,glam music | rock music,54,,,
Q1123745,feb9bb2f-0756-41d2-990b-2bba8746a7a0,glam punk,Q76092,glam rock,2,0,0,ring,1975,United States,,,,auto,glam rock | punk music,19,,,
Q835891,eca476ac-d63b-431f-9347-c45f530dc15d,funk rock,Q11399,rock music,1,1,1,ring,1970,United States,FUSIONS,,,single,rock music,32,,,
Q6868046,c78afd93-92ee-4330-b9bd-3c610c37c8df,Minneapolis sound,Q835891,funk rock,2,0,0,ring,1978,United States,,,,auto,funk rock | synth funk,6,,,
Q12326776,cc28f5aa-5e19-487c-88e1-e56b022f1fdd,metal music,Q11399,rock music,1,23,61,dial,1970,,,,,single,rock music,2,3,pent,271
Q38848,a6719055-99c4-47eb-beaa-71081f2376f9,heavy metal music,Q12326776,metal music,2,4,4,ring,1970,United Kingdom,CLASSIC & POWER METAL,,,single,metal music,105,,,
Q370515,feddf74e-576b-40d6-8896-a7f66f331e48,new wave of British heavy metal,Q38848,heavy metal music,3,0,0,ring,1978,United Kingdom,,,,single,British metal music | heavy metal music,41,,,
Q211723,13b9a3d0-cadd-483d-9bf5-9c2b32a946a7,speed metal,Q38848,heavy metal music,3,0,0,ring,1978,United Kingdom,,,,single,extreme metal | heavy metal music,47,,,
Q108665742,145cca52-3c7f-463c-bcd4-b7a5d031e0d7,US power metal,Q38848,heavy metal music,3,0,0,ring,1983,,,,,single,American metal | heavy metal music,0,,,
Q822914,8e7216a9-c5c2-4d47-b70b-2ef148c727c6,Christian metal,Q38848,heavy metal music,3,0,0,ring,1985,Sweden · United States,,,,auto,Christian rock | heavy metal music,37,,,
Q725011,73c7a867-f928-480a-852b-179d59be79ec,neo-classical metal,Q12326776,metal music,2,0,0,ring,1978,Canada · Scandinavia · United Kingdom · United States,CLASSIC & POWER METAL,,,single,metal music,35,,,
Q188539,818134e3-9392-4624-a13c-c4b19c54bccd,glam metal,Q12326776,metal music,2,1,1,ring,1979,United Kingdom · United States,CLASSIC & POWER METAL,,,auto,glam music | hard rock | metal music,49,,,
Q1785028,27157216-605d-44a8-8a3f-8020a6cf0f25,sleaze rock,Q188539,glam metal,3,0,0,ring,,United States,,,,single,glam metal,7,,,
Q186170,db815815-60fe-44a3-9859-2232df479dc9,doom metal,Q12326776,metal music,2,4,4,ring,1980,United Kingdom,DOOM & SLUDGE,,,single,extreme metal,55,,,
Q108979517,5f2ae224-81de-4dfa-82ec-672c321c4e58,traditional doom metal,Q186170,doom metal,3,0,0,ring,1981,,,,,single,doom metal,1,,,
Q5834708,83a47912-b919-41d7-ad00-acb0c9930998,epic doom metal,Q186170,doom metal,3,0,0,ring,1985,Europe,,,,auto,doom metal | epic heavy metal,5,,,
Q2738113,20d04371-4b82-41be-9a56-fd0833d99a85,funeral doom metal,Q186170,doom metal,3,0,0,ring,1991,,,,,single,doom metal,11,,,
Q2089511,2bd1ff1a-777d-4c5c-a1cb-92792adcf10c,death-doom,Q186170,doom metal,3,0,0,ring,1992,United Kingdom,,,,single,doom metal,28,,,
Q483352,cc4cf136-5690-4ee3-a62b-b172febfe322,thrash metal,Q12326776,metal music,2,2,2,ring,1980,Canada · Germany · United Kingdom · United States,EXTREME METAL,,,single,extreme metal,71,,,
Q932977,9f7c0c5a-9a5e-4bbc-bf98-036d2d98bbe3,crossover thrash,Q483352,thrash metal,3,0,0,ring,1985,Canada · United States,,,,auto,hardcore punk | thrash metal,27,,,
Q56377253,54495e1c-4f04-4bba-8dab-d3d8c2d3e8c1,technical thrash metal,Q483352,thrash metal,3,0,0,ring,,,,,,single,thrash metal,1,,,
Q57143,f0b0aa5f-ed81-456b-85ab-492002a29eeb,power metal,Q12326776,metal music,2,0,0,ring,1982,Europe,CLASSIC & POWER METAL,,,single,metal music,53,,,
Q484344,5c7785e6-a0b4-4441-a1e6-4fd4c0066a5f,progressive metal,Q12326776,metal music,2,1,1,ring,1984,United States,PROGRESSIVE & SYMPHONIC,,,auto,metal music | progressive music,56,,,
Q2532560,2c63c5f4-280d-466c-bcd1-7905a4795d5b,djent,Q484344,progressive metal,3,0,0,ring,1995,Sweden · United Kingdom,,,,single,math metal,30,,,
Q20378,7983ff25-ddf9-411e-a7f9-6cca238bff79,alternative metal,Q12326776,metal music,2,3,3,ring,1985,United States,CROSSOVER METAL,,,single,alternative music | metal music,53,,,
Q667659,0caaa092-27c4-413e-841c-7c4deeec57a7,funk metal,Q20378,alternative metal,3,0,0,ring,1985,United States,,,,auto,alternative metal | funk rock,38,,,
Q856872,22623d74-4676-4853-aed9-921ae6fad495,rap metal,Q20378,alternative metal,3,0,0,ring,1985,United States,,,,auto,alternative metal | rap rock,34,,,
Q263734,bbad9cda-bde2-448e-821c-7ebf85a54020,nu metal,Q20378,alternative metal,3,0,0,ring,1995,United States,,,,single,alternative metal,66,,,
Q641357,77c0160b-8090-4493-b229-890addfee1df,avant-garde metal,Q12326776,metal music,2,0,0,ring,1985,Europe,PROGRESSIVE & SYMPHONIC,,,single,metal music,39,,,
Q132438,12568698-97cc-49a9-80ab-9c5e3fe4dd33,black metal,Q12326776,metal music,2,10,11,dial,1985,England · Finland · Norway · Sweden,EXTREME METAL,,,single,extreme metal,71,,,
Q213149,fc736acd-9413-4b86-b8d4-47e9ce61d561,viking metal,Q132438,black metal,3,0,0,ring,1980,Finland · Norway · Scandinavia · Sweden,RAW & DISSONANT,,,auto,black metal | folk metal,44,,,
Q13586773,3f845f15-6580-4910-ac94-fda34a8c1d63,war metal,Q132438,black metal,3,0,0,ring,1989,,RAW & DISSONANT,,,single,black metal,3,,,
Q111971710,5cb5960d-92b6-4a08-a4a8-8261216712ab,black noise,Q132438,black metal,3,0,0,ring,1990,,RAW & DISSONANT,,,auto,black metal | noise music,0,,,
Q1621467,86a383d3-a4cc-4690-9a0f-f8ee83f7492d,symphonic black metal,Q132438,black metal,3,0,0,ring,1990,Norway · Sweden,ATMOSPHERIC & MELODIC,,,auto,black metal | symphonic metal,28,,,
Q2997058,74ed98e0-d2f4-4d34-9a51-0c18c1303726,melodic black metal,Q132438,black metal,3,0,0,ring,1992,United States,ATMOSPHERIC & MELODIC,,,single,black metal | melodic metal,9,,,
Q65937017,d14a4c4a-bea5-4b08-b945-59b048acd2d5,atmospheric black metal,Q132438,black metal,3,1,1,ring,1993,,ATMOSPHERIC & MELODIC,,,single,black metal,1,,,
Q16855754,a687ea57-487a-440d-b5fd-2f1b2f8b1f57,blackgaze,Q65937017,atmospheric black metal,4,0,0,ring,2003,France,,,,single,atmospheric black metal,22,,,
Q28949059,8b6f2489-4f8a-4bff-80d6-9f39ef672493,depressive black metal,Q132438,black metal,3,0,0,ring,1993,,ATMOSPHERIC & MELODIC,,,single,black metal,15,,,
Q12882577,8130bb79-f50a-47d0-a404-57388861c4ac,pagan black metal,Q132438,black metal,3,0,0,ring,1993,,ATMOSPHERIC & MELODIC,,,single,black metal | pagan metal,1,,,
Q108297198,43b2b269-c235-4c9e-997f-d86aeebf5929,black 'n' roll,Q132438,black metal,3,0,0,ring,2001,,RAW & DISSONANT,,,single,black metal,1,,,
Q126954549,1a481e21-a8dc-4e5f-a797-6279ef8343bc,dissonant black metal,Q132438,black metal,3,0,0,ring,2001,,RAW & DISSONANT,,,single,black metal,0,,,
Q483251,eacfa027-2fad-413f-a2f1-80fa43674f0b,death metal,Q12326776,metal music,2,6,8,ring,1985,Europe · United Kingdom · United States,EXTREME METAL,,,single,extreme metal,65,,,
Q65943557,2692f2d7-d680-4a5c-83f0-48e6e7c3ec6b,old school death metal,Q483251,death metal,3,0,0,ring,1984,,,,,single,death metal,0,,,
Q1076092,db37c56d-e6a7-4809-b549-6f1cb559b559,technical death metal,Q483251,death metal,3,1,1,ring,1988,Canada · Europe · United States,,,,single,death metal,31,,,
Q112144256,f7afad41-4673-4741-a0d0-b124d1e38b0a,dissonant death metal,Q1076092,technical death metal,4,0,0,ring,1998,,,,,single,technical death metal,0,,,
Q2265866,12d11d01-cecc-4f9b-8d3a-99e4590952fe,brutal death metal,Q483251,death metal,3,1,1,ring,1990,,,,,single,death metal,16,,,
Q6130346,d985286b-6296-4f89-91af-03cb97db7324,slam death metal,Q2265866,brutal death metal,4,0,0,ring,,,,,,single,brutal death metal,3,,,
Q253918,5eeb0431-8160-40a7-ae44-c2ad01fed156,melodic death metal,Q483251,death metal,3,0,0,ring,1990,Sweden,,,,single,death metal | melodic metal,54,,,
Q1181308,db15812c-4206-40c7-9a5b-5e6216356cbe,death 'n' roll,Q483251,death metal,3,0,0,ring,1992,Scandinavia,,,,single,death metal,22,,,
Q2599472,f976d48b-965e-4fe9-aaa6-105aab988c7c,blackened death metal,Q483251,death metal,3,0,0,ring,,,,,,auto,black metal | death metal,17,,,
Q178145,c73392a9-adaf-4ee4-b911-97a5892ac917,gothic metal,Q12326776,metal music,2,0,0,ring,1990,United Kingdom,PROGRESSIVE & SYMPHONIC,,,single,metal music,55,,,
Q241662,1a85800e-945e-4a9d-824e-dbd21ca15757,groove metal,Q12326776,metal music,2,0,0,ring,1990,United Kingdom · United States,EXTREME METAL,,,single,extreme metal,46,,,
Q1772422,5c76eb54-7342-4d1f-9d98-a93f2f6aa7f6,stoner metal,Q12326776,metal music,2,0,0,ring,1990,,DOOM & SLUDGE,,,single,metal music,4,,,
Q484179,f5b0242a-ede0-4929-9361-4eddeb0516b5,folk metal,Q12326776,metal music,2,2,2,ring,1991,Europe · Germany · Iran · Israel · Russia · Scandinavia · United Kingdom,PROGRESSIVE & SYMPHONIC,,,single,metal music,51,,,
Q2525544,09abb62f-526c-408f-bfbb-6793eb1864bb,Celtic metal,Q484179,folk metal,3,0,0,ring,1994,Ireland,,,,single,folk metal,14,,,
Q15629158,f812b8f5-537d-4218-a2b5-417ba470c993,medieval metal,Q484179,folk metal,3,0,0,ring,1995,Germany,,,,single,folk metal,8,,,
Q1433387,9e5374b1-1f09-4c27-827a-d4e6aff4cc29,drone metal,Q12326776,metal music,2,0,0,ring,1992,Japan · United States,DOOM & SLUDGE,,,single,metal music,28,,,
Q720959,66544dbb-08a8-44c2-a21a-4d251481d2b6,sludge metal,Q12326776,metal music,2,1,1,ring,1992,United States,DOOM & SLUDGE,,,single,extreme metal,36,,,
Q98528292,a592dfc6-b601-4347-a060-a78ffabe4a8e,atmospheric sludge metal,Q720959,sludge metal,3,0,0,ring,1993,,,,,auto,post-metal | sludge metal,0,,,
Q486415,2a4cae89-5a5a-44b7-9cf8-bf92c38a31dc,symphonic metal,Q12326776,metal music,2,0,0,ring,1995,Europe,PROGRESSIVE & SYMPHONIC,,,single,metal music,54,,,
Q41343,e214700e-dae1-4b69-81e9-276e4e88fa32,post-metal,Q12326776,metal music,2,1,1,ring,1996,United Kingdom · United States,DOOM & SLUDGE,,,single,metal music,34,,,
Q124080511,f1437f4a-94b8-4828-9770-08e9421d5a7d,doomgaze,Q41343,post-metal,3,0,0,ring,2001,,,,,single,post-metal,0,,,
Q5690120,a12fb710-1420-4e81-a24b-d82c7210c00f,trance metal,Q12326776,metal music,2,0,0,ring,2005,,CROSSOVER METAL,,,single,metal music,2,,,
Q16096634,5319fada-431d-4b16-ac6f-37e24b2201b5,kawaii metal,Q12326776,metal music,2,0,0,ring,2010,Japan,CROSSOVER METAL,,,single,metal music,20,,,
Q3908370,77365c92-f25b-4ed3-8d02-03aae8b6df0e,pop metal,Q12326776,metal music,2,0,0,ring,,,CROSSOVER METAL,,,single,metal music,14,,,
Q56353998,6cac3aeb-00c3-4125-b1bc-ec5e074d6ea3,Southern metal,Q12326776,metal music,2,0,0,ring,,,CLASSIC & POWER METAL,,,single,metal music,2,,,
Q107267446,111303a5-ca25-47ea-aaef-3ca9ac6fb77f,rock andino,Q11399,rock music,1,0,0,ring,1970,,SCENES AROUND THE WORLD > LATIN AMERICA,,,auto,Andean music | rock music,0,,,
Q1431327,86c3d53d-c9db-44a2-930c-d3145cbf7b7b,pub rock,Q11399,rock music,1,0,0,ring,1972,United Kingdom,ROOTS ROCK > BLUES & SOUTHERN ROCK,,,single,rock music,25,,,
Q145980,281e2c3f-80ad-4bc4-8b30-54222dee3b9c,Zamrock,Q11399,rock music,1,0,0,ring,1972,Zambia,SCENES AROUND THE WORLD > AFRICA & THE MIDDLE EAST,,,single,music of Zambia | rock music,11,,,
Q747717,52856ec0-9f9b-45f4-ab09-1bb8cc0a98e4,heartland rock,Q11399,rock music,1,0,0,ring,1975,United States,ROOTS ROCK > BLUES & SOUTHERN ROCK,,,single,rock music,24,,,
Q187760,56407f9d-3398-4bf3-bbbd-ea372fa5adeb,new wave,Q11399,rock music,1,1,1,ring,1976,United Kingdom · United States,NEW WAVE & ALTERNATIVE,,,single,rock music,57,,,
Q597240,391a797d-50d7-46df-b380-39ccacd52a09,New Romantic,Q187760,new wave,2,0,0,ring,1979,,,,,single,new wave,31,,,
Q11366,ceeaa283-5d7b-4202-8d1d-e25d116b2a18,alternative rock,Q11399,rock music,1,10,26,dial,1978,United Kingdom · United States,NEW WAVE & ALTERNATIVE,,,single,alternative music | rock music,71,,,
Q1055871,d181e978-c908-4f33-b2a2-f7454d0cb2c1,Japanese rock,Q11366,alternative rock,2,1,1,ring,1965,Japan,INDIE & GUITAR,,,single,alternative rock | music of Japan,22,,,
Q113563746,d03d0c50-c6f4-4539-b18f-1ea0e75015ac,yakousei,Q1055871,Japanese rock,3,0,0,ring,,,,,,single,Japanese rock,0,,,
Q485395,d9858aef-25bf-478b-b135-b900aa1f0fd1,gothic rock,Q11366,alternative rock,2,1,1,ring,1979,United Kingdom · United States,INDIE & GUITAR,,,auto,alternative rock | post-punk,53,,,
Q1164252,d5e21e4f-f6fe-464d-b269-14cf670a6949,deathrock,Q485395,gothic rock,3,0,0,ring,1978,United States,,,,auto,gothic rock | punk rock,25,,,
Q183504,ccd19ebf-052c-4afe-8ad9-fbb0a73f94a7,indie rock,Q11366,alternative rock,2,7,7,ring,1981,Europe · United Kingdom · United States,INDIE & GUITAR,,,single,alternative rock | independent music,60,,,
Q267287,0bc15cf0-7c55-45ea-a6fb-930a33e2bbcf,Dunedin sound,Q183504,indie rock,3,0,0,ring,1981,New Zealand,,,,single,indie rock,7,,,
Q592330,6242615b-5620-465b-b6fb-2e593e90cbad,dream pop,Q183504,indie rock,3,0,0,ring,1982,United States,,,,single,indie rock,33,,,
Q2545135,1208a8e7-e5bd-4891-9f81-9a9fdfceeb39,noise pop,Q183504,indie rock,3,0,0,ring,1985,United Kingdom · United States,,,,single,indie rock,19,,,
Q108123046,f2e920a2-a2b4-4688-b9c4-913224e9f140,slacker rock,Q183504,indie rock,3,0,0,ring,1985,,,,,single,indie rock,7,,,
Q1490170,8d3d9402-79df-4d91-946c-ea041acfb3cc,slowcore,Q183504,indie rock,3,0,0,ring,1993,United Kingdom · United States,,,,single,indie rock,13,,,
Q110141586,0ef9454d-94fa-416d-97b8-b7864c3e0ed7,indie surf,Q183504,indie rock,3,0,0,ring,2009,,,,,auto,indie rock | surf music,1,,,
Q896513,073f0dc7-e49c-4170-ba88-655597f0cca4,Hamburger Schule,Q183504,indie rock,3,0,0,ring,,Germany,,,,single,indie rock,5,,,
Q10926,ef0c2769-9c8f-49fc-b66e-27b8242b004a,emo,Q11366,alternative rock,2,4,5,ring,1984,United States,GRUNGE & EMO,,,auto,alternative rock | punk music,61,,,
Q3724735,17466ce1-b750-4f75-9341-c68b16531ba3,emo pop,Q10926,emo,3,0,0,ring,1995,United States,,,,single,alternative rock | emo,8,,,
Q11363,8fea0cb0-4205-49cb-95e8-bc1122857c7d,screamo,Q10926,emo,3,1,1,ring,1995,United States,,,,auto,emo | post-hardcore,33,,,
Q9253748,6cf9c00f-f046-4b7a-8ffe-2932bb6cb064,emo violence,Q11363,screamo,4,0,0,ring,,,,,,single,screamo,2,,,
Q131481683,30335a76-0814-4202-b8a1-31d8b987e4d8,mall screamo,Q10926,emo,3,0,0,ring,,,,,,auto,alternative rock | emo | post-hardcore,1,,,
Q39052425,e85a2565-d33d-4697-b55b-82803901d1a0,Midwest emo,Q10926,emo,3,0,0,ring,,,,,,auto,emo | indie rock,11,,,
Q2187392,8301f73c-9166-4108-bfeb-4fd22dc19083,alternative dance,Q11366,alternative rock,2,2,2,ring,1985,United Kingdom,GRUNGE & EMO,,,auto,alternative rock | club/dance music,20,,,
Q1987105,b9c9a69d-5fc2-4317-b25d-5a96c8c9478a,grebo,Q2187392,alternative dance,3,0,0,ring,1986,,,,,single,alternative dance,9,,,
Q1995980,041b2388-b2d7-4fd9-a3cd-fa49e3195089,new rave,Q2187392,alternative dance,3,0,0,ring,2003,United Kingdom,,,,auto,alternative dance | indie rock,15,,,
Q11365,3f08faa9-6c3e-4b6d-b4b8-08eea45954e2,grunge,Q11366,alternative rock,2,0,0,ring,1985,United States,GRUNGE & EMO,,,single,alternative rock,72,,,
Q272167,a4012b2e-5c27-4f81-8781-9ae5998d882c,shoegaze,Q11366,alternative rock,2,0,0,ring,1987,United Kingdom,INDIE & GUITAR,,,single,alternative rock,48,,,
Q379671,bbb1310c-24cb-4fc9-97c4-f93e4549f1e2,post-grunge,Q11366,alternative rock,2,0,0,ring,1994,United Kingdom · United States,GRUNGE & EMO,,,single,alternative rock,38,,,
Q2324411,26eac6f1-bcf8-499c-82a6-ef0f13cb054c,geek rock,Q11366,alternative rock,2,0,0,ring,1995,United States,INDIE & GUITAR,,,single,alternative rock | nerd music,12,,,
Q3231749,a493b79c-4072-4371-a14c-446b1027982a,post-Britpop,Q11366,alternative rock,2,0,0,ring,1998,United Kingdom,GRUNGE & EMO,,,single,alternative rock,20,,,
Q2526653,caec8f8d-d862-4b62-9942-5622c2c18446,mainstream rock,Q11399,rock music,1,0,0,ring,1981,United Kingdom · United States,HARD & ARENA ROCK,,,single,rock music,3,,,
Q877693,b4b184b7-6224-478e-a273-f9da9ee30136,rap rock,Q11399,rock music,1,0,0,ring,1982,United States,FUSIONS,,,auto,hip-hop | rapping | rock music,39,,,
Q2281409,2c473395-9cd5-465d-8d85-c308de067c04,dance-rock,Q11399,rock music,1,0,0,ring,1983,United Kingdom · United States,FUSIONS,,,auto,club/dance music | rock music,19,,,
Q131425,823e4a7f-ade7-4d34-927a-721c60469b81,visual kei,Q11399,rock music,1,2,2,ring,1984,Japan,SCENES AROUND THE WORLD > ASIA,,,attach,music of Japan | popular music,43,,,
Q124361699,ff3c1f86-02b7-4e21-8038-4144113ef794,loud kei,Q131425,visual kei,2,0,0,ring,,,,,,single,visual kei,0,,,
Q133826304,6e0ace30-b85c-456a-a424-abf1fcf6cd50,soft visual,Q131425,visual kei,2,0,0,ring,,,,,,single,visual kei,0,,,
Q1132152,a6b55d73-bba3-49fc-a361-ca4bde004717,math rock,Q11399,rock music,1,1,1,ring,1986,Japan · United States,ART & PROGRESSIVE ROCK > PSYCHEDELIC & EXPERIMENTAL,,,single,rock music,31,,,
Q113676976,733c2be8-296b-41f4-abcb-3faa09591c43,math pop,Q1132152,math rock,2,0,0,ring,,,,,,auto,indie rock | math rock,0,,,
Q13060093,5cf90924-d771-4eb2-a07a-450f0963bf9f,Sufi rock,Q11399,rock music,1,0,0,ring,1992,India · Pakistan · Turkey,SCENES AROUND THE WORLD > AFRICA & THE MIDDLE EAST,,,single,Sufi music | music of South Asia | rock music,10,,,
Q65936391,00055e8b-b951-46e2-af1e-58b5624e7952,acoustic rock,Q11399,rock music,1,0,0,ring,,,"ROOTS ROCK > FOLK, COUNTRY & ACOUSTIC",,,single,acoustic music | rock music,0,,,
Q3606268,41569e0d-9b3f-4ad0-8ddc-85da7cf66e5b,Afro-rock,Q11399,rock music,1,0,0,ring,,,SCENES AROUND THE WORLD > AFRICA & THE MIDDLE EAST,,,single,music of West Africa | rock music,7,,,
Q379033,26af3760-750a-4b5e-a699-78c87697585a,arena rock,Q11399,rock music,1,1,1,ring,,,HARD & ARENA ROCK,,,single,rock music,29,,,
Q16527140,aca1caab-09d1-44b5-ae84-590ff1d218fc,adult-oriented rock,Q379033,arena rock,2,0,0,ring,,,,,,single,arena rock,0,,,
Q56351111,93244085-20e5-4f16-9067-1d19143b3810,classic rock,Q11399,rock music,1,0,0,ring,,,HARD & ARENA ROCK,,,single,rock music,6,,,
Q1391336,8b945b77-ccf8-4e55-a9a5-103cca5c1c96,comedy rock,Q11399,rock music,1,0,0,ring,,United States,POP ROCK,,,auto,comedy music | rock music,16,,,
Q6110311,bb30a9d1-e839-493f-9a17-92b05a99ce20,flamenco rock,Q11399,rock music,1,0,0,ring,,Spain,SCENES AROUND THE WORLD > EUROPE,,,auto,music of Andalusia | rock music,7,,,
Q6453929,8710f56d-31e7-484f-983e-f35d6022cd08,könsrock,Q11399,rock music,1,0,0,ring,,,SCENES AROUND THE WORLD > EUROPE,,,single,rock music,3,,,
Q9261178,ad95bb67-5e87-46c0-978a-8250a6bca0c7,miejski folk,Q11399,rock music,1,0,0,ring,,,SCENES AROUND THE WORLD > EUROPE,,,single,music of Poland | rock music,1,,,
Q98528293,f5ce6b81-b277-4a23-ba23-2e1e2a7e51ac,mod,Q11399,rock music,1,1,1,ring,,,ROCK AND ROLL & GARAGE,,,single,rock music,0,,,
Q2280273,d7bed65c-06c4-4d3e-9cdf-3612728f9059,mod revival,Q98528293,mod,2,0,0,ring,1977,United Kingdom,,,,auto,mod | punk music,10,,,
Q25554481,8cc9b280-230b-4a3a-b1e2-8acab0744dd3,punk music,Q11399,rock music,1,9,80,dial,,,,,,single,rock music,1,4,square,79
Q27190,048a85aa-0713-40af-915f-7e34937ee23c,proto-punk,Q25554481,punk music,2,0,0,ring,1965,United Kingdom · United States,PUNK ROOTS,,,single,punk music,29,,,
Q3071,bd7e1d40-43b1-4ba5-97b3-05b891466962,punk rock,Q25554481,punk music,2,17,57,dial,1975,United Kingdom · United States,PUNK ROOTS,,,single,punk music,93,,,
Q486365,e12fe025-4c13-485e-a2fe-ad5bf2cd75eb,anarcho-punk,Q3071,punk rock,3,0,0,ring,1976,United Kingdom · United States,HARDCORE & OI!,,,single,leftist music | punk rock,31,,,
Q646679,3ea5e230-c0e1-4c04-af91-2a4fb07b8afc,Neue Deutsche Welle,Q3071,punk rock,3,0,0,ring,1976,Germany,PUNK FUSIONS,,,auto,music of Germany | new wave | punk rock,23,,,
Q2296495,fd5bea65-15ef-44c4-83fb-ba15013b3596,garage punk,Q3071,punk rock,3,1,1,ring,1977,,POP & SKATE PUNK,,,auto,garage rock | punk rock,19,,,
Q140626408,85123f0d-7395-4862-90d6-379141a147f7,budget rock,Q2296495,garage punk,4,0,0,ring,,,,,,single,garage punk,0,,,
Q274401,221ff39c-4521-49e3-ab52-e4dde85efd1e,oi!,Q3071,punk rock,3,1,1,ring,1977,United Kingdom,HARDCORE & OI!,,,single,punk rock,38,,,
Q1784032,4f4e09e1-fb82-45c5-a428-c4f3092c0196,viking rock,Q274401,oi!,4,0,0,ring,,Sweden,,,,single,oi!,9,,,
Q487914,60e21d01-ce21-4127-86b7-aada79558dab,pop-punk,Q3071,punk rock,3,2,2,ring,1977,Canada · United Kingdom · United States,POP & SKATE PUNK,,,auto,pop music | punk rock,45,,,
Q25099691,2228bcbf-78ca-424a-bf37-9cfa1566d82e,neon pop-punk,Q487914,pop-punk,4,0,0,ring,2005,United States,,,,auto,electronic rock | pop rock | pop-punk,1,,,
Q11661531,2a54647d-bccf-4195-b837-222ab821a323,seishun punk,Q487914,pop-punk,4,0,0,ring,,,,,,single,music of Japan | pop-punk,1,,,
Q460674,89e34d8e-6562-412f-8da3-d040e159e6cd,ska punk,Q3071,punk rock,3,1,2,ring,1977,United Kingdom · United States,PUNK FUSIONS,,,auto,punk rock | third wave ska,33,,,
Q2657409,7aabc697-7c79-4f12-bb6f-ee5d70298a3f,skacore,Q460674,ska punk,4,1,1,ring,,,,,,auto,hardcore punk | ska punk,3,,,
Q116148184,48ee83fd-4c9d-4c10-97fb-c3a737d684ab,crack rock steady,Q2657409,skacore,5,0,0,ring,1993,United States,,,,single,hardcore punk | skacore,1,,,
Q107697441,794ff79a-994a-4ecf-96e9-b7aa510a215f,surf punk,Q3071,punk rock,3,0,0,ring,1977,,ROOTS & REVIVAL,,,auto,punk rock | surf music,2,,,
Q10922,055a6e4d-d929-42ac-ba7a-9d063b254ea5,hardcore punk,Q3071,punk rock,3,14,34,dial,1978,United States,HARDCORE & OI!,,,single,punk rock,65,,,
Q1151260,ad41288f-0803-4e2e-859f-148e7f7b2eae,D-beat,Q10922,hardcore punk,4,1,1,ring,1980,United Kingdom,CRUST & D-BEAT,,,single,hardcore punk,20,,,
Q118640020,f60e11bf-b25d-4222-ad89-d2498f4d2986,raw punk,Q1151260,D-beat,5,0,0,ring,,,,,,single,D-beat,0,,,
Q1995569,e8a3ec42-4427-4365-8180-f1e05b46459e,thrashcore,Q10922,hardcore punk,4,0,0,ring,1980,United States,METALLIC HARDCORE,,,auto,hardcore punk | thrash metal,16,,,
Q542703,9f29e83b-d093-47d2-8d36-d836a247a640,melodic hardcore,Q10922,hardcore punk,4,0,0,ring,1981,United States,MELODIC & THEMED,,,single,hardcore punk,24,,,
Q383615,c2ca3275-7e83-40cc-8f13-7ccae588144d,street punk,Q10922,hardcore punk,4,1,1,ring,1982,United Kingdom,MELODIC & THEMED,,,single,hardcore punk,16,,,
Q1750088,8e6f636b-4b33-404d-b65e-26d378330410,UK82,Q383615,street punk,5,0,0,ring,1980,United Kingdom,,,,single,street punk,2,,,
Q89423271,0cd76818-fdde-4f56-93a1-040f09ca7f23,noisecore,Q10922,hardcore punk,4,0,0,ring,1983,,CRUST & D-BEAT,,,single,hardcore punk,7,,,
Q106839582,40b6dfd1-5e55-426a-9d54-cbaea7dc8d0f,burning spirits,Q10922,hardcore punk,4,0,0,ring,1985,Japan,CRUST & D-BEAT,,,single,hardcore punk,0,,,
Q188534,093149ea-d1bc-4f93-bd5a-8fdcd055ea2f,grindcore,Q10922,hardcore punk,4,5,7,ring,1985,United Kingdom · United States,METALLIC HARDCORE,,,auto,extreme metal | hardcore punk,51,,,
Q888612,619c5945-6484-4a68-96e9-a48d4a4e1f73,deathgrind,Q188534,grindcore,5,0,0,ring,1988,United Kingdom · United States,,,,auto,death metal | grindcore,17,,,
Q1147692,ca315be3-733b-4630-92d9-cd8ecafe0419,goregrind,Q188534,grindcore,5,2,2,ring,1988,United Kingdom,,,,single,grindcore,23,,,
Q584752,aef2077e-6cbc-47ba-9698-9eb5f842a412,pornogrind,Q1147692,goregrind,6,0,0,ring,1988,Germany · United States,,,,single,goregrind,17,,,
Q108297250,5b0c0da5-5ed4-4adc-864f-b1f72c48aab7,gorenoise,Q1147692,goregrind,6,0,0,ring,1996,,,,,auto,goregrind | harsh noise | noisecore,0,,,
Q3008180,bda9a65b-1434-402a-bd66-01ce8c155f0c,cybergrind,Q188534,grindcore,5,0,0,ring,,,,,,single,grindcore,5,,,
Q18915482,d024e2e6-842c-43f7-b46e-8d0b87a4cd8e,mincecore,Q188534,grindcore,5,0,0,ring,,,,,,single,grindcore | hardcore punk,2,,,
Q9050551,ad4c310c-ce1c-4d26-8122-b477ffc7eca2,noisegrind,Q188534,grindcore,5,0,0,ring,,,,,,single,grindcore,3,,,
Q825769,f66d7266-eb3d-4ef3-b4d8-b7cd992f918b,crust punk,Q10922,hardcore punk,4,3,3,ring,1986,United Kingdom · United States,CRUST & D-BEAT,,,single,hardcore punk,35,,,
Q28070612,f506ff63-b4a0-471f-b6d0-c6adf45286e6,blackened crust,Q825769,crust punk,5,0,0,ring,2000,,,,,single,crust punk,1,,,
Q112628069,1520e87c-040e-4c62-892e-3ce2c71badf7,neocrust,Q825769,crust punk,5,0,0,ring,,,,,,single,crust punk,1,,,
Q112593597,dc90e0aa-c310-451f-ae06-de5184fdcb93,stenchcore,Q825769,crust punk,5,0,0,ring,,,,,,auto,crust punk | metal music,0,,,
Q1784106,4e6e388c-a9d2-45cb-80ad-bf64db4a0759,powerviolence,Q10922,hardcore punk,4,0,0,ring,1987,Canada · United States,METALLIC HARDCORE,,,single,hardcore punk,15,,,
Q5724040,396d50dc-bf7c-40a8-90fd-30b81a50b31c,beatdown hardcore,Q10922,hardcore punk,4,0,0,ring,1988,United States,METALLIC HARDCORE,,,single,hardcore punk,12,,,
Q183862,62f88295-0605-4ce8-958b-2e0063ece47e,metalcore,Q10922,hardcore punk,4,8,8,ring,1988,Canada · United States,METALLIC HARDCORE,,,auto,extreme metal | hardcore punk,51,,,
Q475221,d39cbc30-7dc6-4194-8f99-6d35dd602451,deathcore,Q183862,metalcore,5,0,0,ring,1986,Canada · United States,DEATHCORE & EXTREME,,,auto,death metal | metalcore,40,,,
Q616679,8df1241b-2ba1-40b8-bb8f-2dc15ce6dc1e,mathcore,Q183862,metalcore,5,0,0,ring,1988,Canada · United States,DEATHCORE & EXTREME,,,single,metalcore,26,,,
Q110121422,d2ad44ce-1a19-4a69-a5f1-d06f83eccb99,downtempo deathcore,Q183862,metalcore,5,0,0,ring,1991,,DEATHCORE & EXTREME,,,single,metalcore,1,,,
Q4490718,4f2cd717-7259-48df-8d0a-c17ccd9203b9,melodic metalcore,Q183862,metalcore,5,0,0,ring,1996,United Kingdom · United States,MELODIC & PROGRESSIVE,,,single,melodic metal | metalcore,20,,,
Q2084353,f9720c77-3574-4fe8-823b-c290b117222e,electronicore,Q183862,metalcore,5,0,0,ring,2000,United Kingdom,MELODIC & PROGRESSIVE,,,auto,metalcore | post-hardcore,19,,,
Q3046632,a437d67e-493d-4933-85b7-1c3e0c170d96,easycore,Q183862,metalcore,5,0,0,ring,2004,,MELODIC & PROGRESSIVE,,,auto,metalcore | pop-punk,4,,,
Q30587784,9db3c90f-43d5-4cd7-9282-cd21ac7c8db9,progressive metalcore,Q183862,metalcore,5,0,0,ring,,,MELODIC & PROGRESSIVE,,,auto,metalcore | progressive metal,6,,,
Q133601921,84f3a444-de9a-49dd-9d29-55242e3612e8,thall,Q183862,metalcore,5,0,0,ring,,,DEATHCORE & EXTREME,,,auto,djent | metalcore,0,,,
Q2225757,3984bfdc-007e-4e78-8854-75377aa97946,Christian hardcore,Q10922,hardcore punk,4,0,0,ring,1992,Europe · United States,MELODIC & THEMED,,,single,Christian punk | hardcore punk,10,,,
Q2035976,e44d6214-36b7-4c2f-b143-ad51c96fa972,Nintendocore,Q10922,hardcore punk,4,0,0,ring,2001,United States,MELODIC & THEMED,,,single,hardcore punk,22,,,
Q131286017,74c83fdc-5863-48b9-a2e9-6c82bf1fb965,tough guy hardcore,Q10922,hardcore punk,4,0,0,ring,,,METALLIC HARDCORE,,,single,hardcore punk,2,,,
Q830325,36471baf-3fd6-459d-918c-40dc64adea36,horror punk,Q3071,punk rock,3,0,0,ring,1978,United States,ROOTS & REVIVAL,,,single,punk rock,31,,,
Q13627677,8a14f570-7297-438d-996d-8797f9b8cfcc,psychobilly,Q3071,punk rock,3,0,0,ring,1978,United Kingdom · United States,ROOTS & REVIVAL,,,auto,garage rock | punk rock | rockabilly,25,,,
Q1990122,36c0f210-b6c1-4481-bc7c-33de031a4046,Celtic punk,Q3071,punk rock,3,0,0,ring,1984,United Kingdom,ROOTS & REVIVAL,,,auto,folk punk | punk rock,25,,,
Q930995,2481fbdc-05ed-458d-9928-46f3336c343e,queercore,Q3071,punk rock,3,0,0,ring,1985,,HARDCORE & OI!,,,single,punk rock,18,,,
Q828305,ba98f8a6-1b7a-4cc4-bfb2-25be78b18511,skate punk,Q3071,punk rock,3,0,0,ring,1985,Canada · United States,POP & SKATE PUNK,,,single,punk rock,25,,,
Q677542,7f89796a-4b15-4d31-9d9b-639ec0be399a,riot grrrl,Q3071,punk rock,3,0,0,ring,1990,United States,HARDCORE & OI!,,,single,punk rock,37,,,
Q2715283,4ab0dfbd-1c0b-45e6-8cb8-3acf78a3bd77,Gypsy punk,Q3071,punk rock,3,0,0,ring,1992,United States,ROOTS & REVIVAL,,,single,Romani music | punk rock,18,,,
Q65089257,3385bb64-94ae-42bd-b43b-b8785835cfe7,punk rap,Q3071,punk rock,3,0,0,ring,2007,United States,PUNK FUSIONS,,,auto,hip-hop | punk rock,6,,,
Q65936979,e096efc6-6c9c-4240-b627-d7bbb5e8fa2a,alternative punk,Q3071,punk rock,3,0,0,ring,,,POP & SKATE PUNK,,,single,alternative music | punk rock,0,,,
Q476983,c187da0e-48a0-4de5-b759-4ca2a1503008,synth-punk,Q25554481,punk music,2,0,0,ring,1977,,POST-PUNK & ART PUNK,,,auto,electronic rock | punk music,16,,,
Q598929,f6d8cadd-6a5e-4ec9-9c2b-996b5332a639,post-punk,Q25554481,punk music,2,5,9,ring,1978,United Kingdom,POST-PUNK & ART PUNK,,,single,punk music,59,,,
Q1643549,509c006f-67c2-4c54-a568-d2b415cb0642,dance-punk,Q598929,post-punk,3,0,0,ring,1975,United States,,,,single,post-punk,25,,,
Q2343562,6f411023-a59f-4546-b8a3-ae8127911cec,coldwave,Q598929,post-punk,3,0,0,ring,1977,France · Italy,,,,auto,new wave | post-punk,14,,,
Q823080,3188a961-88e0-4b12-9b9e-47f79e53d780,no wave,Q598929,post-punk,3,0,0,ring,1977,United States,,,,auto,experimental rock | post-punk,34,,,
Q3840596,c4a72fcd-e291-43c8-a546-9ce1764ff31b,dark wave,Q598929,post-punk,3,3,3,ring,1980,Europe,,,,single,post-punk,34,,,
Q284543,348a3ac2-4cad-4c93-8b3d-ec595ba60f80,ethereal wave,Q3840596,dark wave,4,0,0,ring,1982,United Kingdom,,,,single,dark wave | post-punk,17,,,
Q899116,3fddb093-2e8d-4cbd-85c5-2b5e7b0e5c43,neoclassical dark wave,Q3840596,dark wave,4,0,0,ring,1986,,,,,single,dark wave,10,,,
Q1362878,0e5cd439-5448-426e-bab8-c8492676521c,Neue Deutsche Todeskunst,Q3840596,dark wave,4,0,0,ring,,Germany,,,,single,dark wave | music of Germany,8,,,
Q1899347,b8495241-e3c7-445b-82db-cea5ebe9ea7a,post-punk revival,Q598929,post-punk,3,1,1,ring,1996,United Kingdom · United States,,,,auto,indie rock | post-punk,24,,,
Q133501932,c988e593-ee53-4b23-a99f-7a9b75d58acd,dance-punk revival,Q1899347,post-punk revival,4,0,0,ring,2000,,,,,auto,dance-punk | post-punk revival,0,,,
Q659599,6e105daf-c06d-431e-8e33-1b8da3e48f7e,art punk,Q25554481,punk music,2,0,0,ring,1979,United Kingdom · United States,POST-PUNK & ART PUNK,,,single,punk music,19,,,
Q377910,aec382b7-b635-470c-9051-2f84e0b5ea1e,post-hardcore,Q25554481,punk music,2,4,5,ring,1980,United States,POST-PUNK & ART PUNK,,,single,punk music,39,,,
Q3724778,1d6489a9-5837-43c9-8155-94a126e8a951,emotional hardcore,Q377910,post-hardcore,3,0,0,ring,1984,,,,,auto,emo | post-hardcore,1,,,
Q106594784,6b3a407b-eb18-4070-88e2-5d3748683631,sass,Q377910,post-hardcore,3,0,0,ring,1990,,,,,single,post-hardcore,2,,,
Q2426383,03ea79fb-02a5-46e3-914b-49ca5dd67a86,crunkcore,Q377910,post-hardcore,3,0,0,ring,2005,United States,,,,auto,crunk | post-hardcore,13,,,
Q141458789,766ef30c-913f-4b10-8da8-57beec6beed6,progressive post-hardcore,Q377910,post-hardcore,3,1,1,ring,,,,,,single,post-hardcore,0,,,
Q115684103,6ef693da-15a7-4a41-8d07-ae566516ef10,swancore,Q141458789,progressive post-hardcore,4,0,0,ring,,,,,,single,progressive post-hardcore,0,,,
Q2268922,ac4806f4-b2a8-43e8-8014-4f2bd9d64dad,cowpunk,Q25554481,punk music,2,0,0,ring,1982,United States,PUNK ROOTS,,,single,punk music,15,,,
Q1425661,6cec5b4d-3c64-44a6-914d-3e833432f631,folk punk,Q25554481,punk music,2,0,0,ring,1985,United Kingdom,PUNK ROOTS,,,single,punk music,25,,,
Q2551540,3f0727c4-b2e6-4c3c-b28c-f207dd2ec51a,punk blues,Q25554481,punk music,2,0,0,ring,1987,United States,PUNK ROOTS,,,single,punk music,15,,,
Q7308175,fab69fe7-de95-43f7-9629-67e520dfbebb,reggae rock,Q11399,rock music,1,0,0,ring,,,FUSIONS,,,auto,reggae fusion | rock music,10,,,
Q7354827,7b57021e-b9e5-4365-90fa-dd343dea394d,rock musical,Q11399,rock music,1,0,0,ring,,,ART & PROGRESSIVE ROCK > PROGRESSIVE & THEATRICAL,,,single,musical theater | rock music,6,,,
Q719927,f729e6f8-30dc-4b81-9ff4-f4e7de82225d,symphonic rock,Q11399,rock music,1,0,0,ring,,,ART & PROGRESSIVE ROCK > PROGRESSIVE & THEATRICAL,,,single,rock music,31,,,
Q106654134,53590d7d-d8a8-445d-93e7-090f61412fc8,zolo,Q11399,rock music,1,0,0,ring,,,ART & PROGRESSIVE ROCK > PSYCHEDELIC & EXPERIMENTAL,,,single,rock music,0,,,
Q43343,a91eed3a-fdd0-494e-ade0-95ea4117f6eb,folk music,,,0,244,322,group,,,,,,root,,73,5,diamond,247
Q4400125,6e2e5770-6e2b-4c3e-a123-2047b0058896,runo song,Q43343,folk music,1,1,1,ring,1100,,EUROPE > THE NORDIC COUNTRIES,,,single,Balto-Finnic folk music,18,,,
Q3228974,16c54f1b-96d1-43ba-8d4a-ab4852f5bb64,seto leelo,Q4400125,runo song,2,0,0,ring,,Estonia,,,,single,music of Estonia | polyphony | runo song,24,,,
Q1195630,44638d99-fd4a-424c-aaeb-48d849bad72a,canzone napoletana,Q43343,folk music,1,0,0,ring,1250,Italy · Naples,EUROPE > ITALY & GREECE > ITALY,,,single,Italian folk music,24,,,
Q674684,6abd7874-7d87-418d-a887-e1718b13c24c,sevdalinka,Q43343,folk music,1,0,0,ring,1475,,EUROPE > THE BALKANS,,,single,Bosnian and Herzegovinian folk music,27,,,
Q1692318,071701ff-80ab-4896-b8ac-605ec93a2255,modinha,Q43343,folk music,1,0,0,ring,1690,Brazil · Portugal,THE AMERICAS > BRAZIL & THE GUIANAS > BRAZILIAN SONG & POETRY,,,auto,Brazilian folk music,10,,,
Q3622181,2d55d595-ff49-4d53-ad6c-61f5d0734a2f,tonadilla,Q43343,folk music,1,0,0,ring,1757,Spain,EUROPE > SPAIN > SPANISH SONG,,,attach,,13,,,
Q208341,5ca92d4c-1d4e-4964-be1b-8e1fd60c15a6,pasodoble,Q43343,folk music,1,0,0,ring,1780,Spain,EUROPE > SPAIN > SPANISH DANCE,,,auto,Spanish folk music | march,46,,,
Q8261759,dfe8e409-3aaf-45ca-a32e-b446d5ca2e4b,asturianada,Q43343,folk music,1,0,0,ring,1790,Spain,EUROPE > SPAIN > SPANISH SONG,,,auto,Asturian folk music,2,,,
Q1026089,0af301ff-3e33-4f5f-934f-5916cfc04157,Cajun music,Q43343,folk music,1,0,0,ring,1790,United States,THE AMERICAS > NORTH AMERICA > LOUISIANA,,,attach,music of Louisiana,14,,,
Q212024,3482aedc-8ad9-4e8f-b69f-3803b148ed5f,spirituals,Q43343,folk music,1,1,1,ring,1790,United States,THE AMERICAS > NORTH AMERICA > AFRICAN-AMERICAN TRADITIONS,,,single,African-American music | American folk music | Christian music,44,,,
Q139566448,97ab27cc-2991-40aa-932a-3e4eedffc850,concert spiritual,Q212024,spirituals,2,0,0,ring,,,,,,single,spirituals,0,,,
Q482981,12758167-7628-4cd0-811d-3d461b31a4be,pansori,Q43343,folk music,1,0,0,ring,1800,Korea · South Korea,ASIA > KOREA,,,single,Korean folk music,27,,,
Q3083000,4b22710f-968d-45af-9b6c-24061eed9974,kan ha diskan,Q43343,folk music,1,0,0,ring,1850,France · United Kingdom,EUROPE > WESTERN EUROPE > FRANCE & THE MEDITERRANEAN,,,single,Breton folk music | Breton song,9,,,
Q220528,1c49631f-2329-4c65-967d-1852de2a9dfb,Rebetiko,Q43343,folk music,1,0,0,ring,1850,Greece,EUROPE > ITALY & GREECE > GREECE,,,single,Greek folk music,38,,,
Q2389651,6d76ba14-94f3-4677-a153-9263f8d50f95,children's music,Q43343,folk music,1,0,0,ring,1900,,SONG & DANCE FORMS,,,attach,popular music,19,,,
Q185676,2fb0a213-28f9-4e67-bb02-3df6d396d2de,fado,Q43343,folk music,1,1,1,ring,1900,Portugal,EUROPE > PORTUGAL,,,single,Portuguese folk music,56,,,
Q5141514,0238b41f-aa88-4217-ab81-2f910b641abf,coimbra fado,Q185676,fado,2,0,0,ring,1925,Portugal,,,,single,fado,3,,,
Q106298881,c11e4253-a888-4a2a-adde-c274b748d0b3,contemporary folk music,Q43343,folk music,1,16,22,dial,1920,United States,SONG & DANCE FORMS > DANCE & REVIVAL,,,single,folk music | popular music,28,,,
Q606089,9322a638-95ba-467c-992d-d1e641e8ee9a,skiffle,Q106298881,contemporary folk music,2,0,0,ring,1920,United States,FOLK REVIVAL,,,single,contemporary folk music,32,,,
Q649634,34d08b64-7426-42e1-959e-48af44352fcd,progressive folk,Q106298881,contemporary folk music,2,0,0,ring,1930,United States,PSYCHEDELIC & AVANT FOLK,,,auto,contemporary folk music | progressive music,8,,,
Q1414130,18a0d235-c8e0-4575-b0dc-e3bb0cc2ad2c,filk,Q106298881,contemporary folk music,2,0,0,ring,1940,,PSYCHEDELIC & AVANT FOLK,,,single,nerd-folk,13,,,
Q466445,2eacaaae-8824-49cf-b2c0-f86f5d48055d,American primitive guitar,Q106298881,contemporary folk music,2,0,0,ring,1959,,FOLK REVIVAL,,,single,contemporary folk music | music of North America,2,,,
Q1500364,507757f0-a63c-422b-93f1-f1d77462033f,psychedelic folk,Q106298881,contemporary folk music,2,4,4,ring,1965,United States,PSYCHEDELIC & AVANT FOLK,,,auto,contemporary folk music | psychedelic music,19,,,
Q2404568,8103927c-5f4b-4bbc-9d8c-7a1241d2bab8,freak folk,Q1500364,psychedelic folk,3,0,0,ring,1998,United States,,,,single,psychedelic folk,7,,,
Q98528183,1b92a7f2-3229-47ac-9b18-40c66775775e,free folk,Q1500364,psychedelic folk,3,0,0,ring,,,,,,single,psychedelic folk,1,,,
Q10387147,6654e7a7-ef36-425e-bea3-587e27a3719c,udigrudi,Q1500364,psychedelic folk,3,0,0,ring,,Brazil,,,,auto,northeastern Brazilian music | psychedelic folk,1,,,
Q134889869,2deff918-d95f-4871-ae85-61ecf5dfce00,wyrd folk,Q1500364,psychedelic folk,3,0,0,ring,,,,,,single,psychedelic folk,0,,,
Q1773654,984e6cb2-823e-4709-a23b-233f7f2ee3aa,country folk,Q106298881,contemporary folk music,2,0,0,ring,1968,United States,FOLK REVIVAL,,,auto,contemporary folk music | country music,6,,,
Q775614,e94c28db-21a2-43de-9e58-8113fba2c732,neofolk,Q106298881,contemporary folk music,2,1,1,ring,1980,England,PSYCHEDELIC & AVANT FOLK,,,single,contemporary folk music,30,,,
Q106621114,16103855-c0f1-4221-81d8-eafc53b1b41c,dark folk,Q775614,neofolk,3,0,0,ring,,,,,,single,neofolk,1,,,
Q574651,19c3396c-edab-4bf7-ac53-6057788f0a48,anti-folk,Q106298881,contemporary folk music,2,0,0,ring,1985,United States,INDIE & ALTERNATIVE FOLK,,,single,contemporary folk music,17,,,
Q1317816,36917620-240a-4fed-abcb-7be611ac3834,indie folk,Q106298881,contemporary folk music,2,0,0,ring,1990,United Kingdom · United States,INDIE & ALTERNATIVE FOLK,,,single,contemporary folk music | independent music,30,,,
Q28401204,0b48a36c-630f-4ee7-8cf3-480e3dd8be65,alternative folk,Q106298881,contemporary folk music,2,0,0,ring,,,INDIE & ALTERNATIVE FOLK,,,single,alternative music | contemporary folk music,1,,,
Q108297184,44830131-da6a-40b5-b3de-e2d241cced5f,avant-folk,Q106298881,contemporary folk music,2,0,0,ring,,,PSYCHEDELIC & AVANT FOLK,,,single,contemporary folk music,0,,,
Q5934478,c5b2e707-31b6-4e45-87e2-9b14d88b8e0c,campus folk song,Q106298881,contemporary folk music,2,0,0,ring,,,FOLK REVIVAL,,,single,contemporary folk music,7,,,
Q98528178,f0c26658-95b8-46b8-b167-fdc9a659465b,chamber folk,Q106298881,contemporary folk music,2,0,0,ring,,,PSYCHEDELIC & AVANT FOLK,,,single,contemporary folk music,0,,,
Q11700058,abb2374f-30e5-4d3e-b417-2caf78ef1f6c,folk-pop,Q106298881,contemporary folk music,2,1,1,ring,,,INDIE & ALTERNATIVE FOLK,,,auto,contemporary folk music | pop music,20,,,
Q123421101,a6ab1691-d34c-40fa-a46d-13b43f01738b,stomp and holler,Q11700058,folk-pop,3,0,0,ring,,,,,,auto,folk-pop | indie folk,0,,,
Q136335965,4868b2f6-5074-47fc-a260-03e6a8f37f63,loner folk,Q106298881,contemporary folk music,2,0,0,ring,,,INDIE & ALTERNATIVE FOLK,,,single,contemporary folk music,0,,,
Q6040713,91e20746-d8a5-449b-8f45-6fb102fdc5ef,neofolklore,Q106298881,contemporary folk music,2,0,0,ring,,Chile,FOLK REVIVAL,,,auto,contemporary folk music | music of Chile,1,,,
Q617338,a85ecafe-2c43-47df-8dc2-2877b7094556,apala,Q43343,folk music,1,0,0,ring,1930,Ghana · Nigeria,AFRICA & THE MIDDLE EAST > WEST AFRICA,,,single,African folk music | Yoruba music,9,,,
Q245296,498229df-4956-4ed7-91f7-a9d4b1877af1,zydeco,Q43343,folk music,1,1,1,ring,1936,United States,THE AMERICAS > NORTH AMERICA > LOUISIANA,,,attach,music of Louisiana,17,,,
Q111186967,e4d0d99a-9126-4832-a3b2-41fa6eb24bfb,nouveau zydeco,Q245296,zydeco,2,0,0,ring,,,,,,single,zydeco,0,,,
Q1470503,f79fae10-9201-4b43-a086-4d82828bbed9,semba,Q43343,folk music,1,0,0,ring,1950,Angola,AFRICA & THE MIDDLE EAST > CENTRAL & SOUTHERN AFRICA,,,single,African folk music | music of Central Africa,11,,,
Q2087267,13a4b543-46d4-4cb8-85a1-1ef3a8a81e8f,laïko,Q43343,folk music,1,2,2,ring,1960,Greece,EUROPE > ITALY & GREECE > GREECE,,,single,music of Greece | music of the Balkans | popular folk music,19,,,
Q109713745,b0948e40-f4a0-4bff-807d-8967c8e46333,modern laika,Q2087267,laïko,2,0,0,ring,,,,,,auto,Balkan pop-folk | laïko,0,,,
Q7535166,4931b4f7-f22e-4ad9-94d4-6c82fffae776,skiladiko,Q2087267,laïko,2,0,0,ring,,Greece,,,,single,laïko,4,,,
Q446241,4910de6b-f795-4695-a758-5dcfb664e423,neo-medieval music,Q43343,folk music,1,1,1,ring,1960,Germany,SONG & DANCE FORMS > DANCE & REVIVAL,,,single,folk music,7,,,
Q96647680,19d31930-9e5f-450d-8fa1-120e622773a5,bardcore,Q446241,neo-medieval music,2,0,0,ring,2020,,,,,single,neo-medieval music,13,,,
Q1798870,da54754f-7656-4078-904f-9c80f5cc51ed,pagan folk,Q43343,folk music,1,0,0,ring,1975,United States,EUROPE > WESTERN EUROPE > FRANCE & THE MEDITERRANEAN,,,single,European folk music | modern pagan music,2,,,
Q786815,7789edaa-93e9-4a1c-ac84-9ba7eee97c8b,turbo-folk,Q43343,folk music,1,0,0,ring,1975,Yugoslavia,EUROPE > THE BALKANS,,,auto,Balkan pop-folk,33,,,
Q6039799,62d54c07-87f0-428c-9d4a-62129ef6fc14,aboio,Q43343,folk music,1,0,0,ring,,Brazil,THE AMERICAS > BRAZIL & THE GUIANAS > BRAZILIAN SONG & POETRY,,,auto,Brazilian folk music | work song,2,,,
Q30632442,c6d1e78b-ac82-4bb8-89d5-21e3226dc906,agbadza,Q43343,folk music,1,0,0,ring,,Benin,"AFRICA & THE MIDDLE EAST > WEST AFRICA > GHANA, TOGO & BENIN",,,attach,Ewe music,11,,,
Q4691650,b8ae0a3c-5826-4104-9663-fe8f828effa9,agbekor,Q43343,folk music,1,0,0,ring,,,"AFRICA & THE MIDDLE EAST > WEST AFRICA > GHANA, TOGO & BENIN",,,attach,Ewe music,2,,,
Q4696445,4802e6e4-f403-41d1-8e58-76e5cf4df81d,ahwash,Q43343,folk music,1,0,0,ring,,Morocco,AFRICA & THE MIDDLE EAST > NORTH AFRICA & THE ISLANDS,,,attach,Berber music,7,,,
Q22949256,50cc5641-b4f9-40b7-bf7a-6d903ac6c1c5,aita,Q43343,folk music,1,0,0,ring,,,AFRICA & THE MIDDLE EAST > MIDDLE EAST,,,single,Arabic folk music | music of North Africa,5,,,
Q4735603,948034ab-1e31-4d5b-b447-71eb53c611ca,Alpini song,Q43343,folk music,1,0,0,ring,,,EUROPE > WESTERN EUROPE > THE ALPS & CENTRAL EUROPE,,,single,Alpine folk music | Italian folk music,2,,,
Q4741152,2c2fe37b-2657-47b5-b3a8-e8a4d7be07d0,ambasse bey,Q43343,folk music,1,0,0,ring,,,AFRICA & THE MIDDLE EAST > WEST AFRICA,,,single,African folk music | music of Cameroon,13,,,
Q108616106,16f76639-3520-4fa8-beb3-9da32cdd2a26,Appalachian folk music,Q43343,folk music,1,0,0,ring,,,THE AMERICAS > NORTH AMERICA > FIDDLE TRADITIONS,,,single,American folk music | Appalachian music,1,,,
Q12302,e48cd629-31f9-43d9-af7c-3468fbf53dc7,bagad,Q43343,folk music,1,0,0,ring,,France,EUROPE > WESTERN EUROPE > FRANCE & THE MEDITERRANEAN,,,attach,music of Brittany,10,,,
Q7770873,09c62321-3f2c-496b-9f3c-bf36ca891371,bal-musette,Q43343,folk music,1,0,0,ring,,France,EUROPE > WESTERN EUROPE > FRANCE & THE MEDITERRANEAN,,,single,French folk music,7,,,
Q108297188,9d217d1e-ef89-4f92-8585-0b07ec7cbf32,balitaw,Q43343,folk music,1,0,0,ring,,,ASIA > SOUTHEAST ASIA > THE PHILIPPINES,,,single,Southeast Asian folk music | music of the Philippines,0,,,
Q527675,bf75d0be-88f6-4b4e-9eff-6c20d0c07e0e,bambuco,Q43343,folk music,1,0,0,ring,,Colombia · Venezuela,THE AMERICAS > CARIBBEAN COAST,,,auto,Hispanic American folk music | music of Colombia | music of Venezuela,17,,,
Q25458248,cc2b350c-3609-4959-b885-a4e8b6217c92,bantengan,Q43343,folk music,1,0,0,ring,,,ASIA > SOUTHEAST ASIA > INDONESIA,,,attach,music of Java,2,,,
Q2891921,079859da-bc3d-43d1-89bf-2f59baaabc04,batuque,Q43343,folk music,1,0,0,ring,,Cape Verde,AFRICA & THE MIDDLE EAST > WEST AFRICA,,,single,African folk music | music of Cape Verde,9,,,
Q13058900,85425138-5e9b-40de-addf-a7161506318a,baul gaan,Q43343,folk music,1,0,0,ring,,,ASIA > SOUTH ASIA > BENGAL & THE HIMALAYA,,,single,Bengali folk music | music of Bangladesh,2,,,
Q97159655,c995f0d7-ea59-4ce8-aa76-e27777167b3f,bedoui oranais,Q43343,folk music,1,0,0,ring,,Algeria,AFRICA & THE MIDDLE EAST > MIDDLE EAST,,,single,Arabic folk music | Bedouin music | Maghreb music,2,,,
Q4889602,7e0254b5-a8c1-4ec2-9684-872c416f2902,benna,Q43343,folk music,1,0,0,ring,,Antigua and Barbuda,THE AMERICAS > THE CARIBBEAN,,,single,Caribbean folk music,2,,,
Q55593233,bc76cdfe-c4fb-4590-9703-4ba496abf90b,biraha,Q43343,folk music,1,0,0,ring,,India,ASIA > SOUTH ASIA > INDIA,,,single,Bhojpuri folk music,5,,,
Q4936212,60ecf2bf-63ff-4b9f-b438-967a0f02410c,bocet,Q43343,folk music,1,0,0,ring,,Romania,EUROPE > THE BALKANS,,,single,Romanian folk music,2,,,
Q4936753,44d391f5-84c1-4b33-bf1a-92e3c33deffc,boduberu,Q43343,folk music,1,0,0,ring,,,ASIA > SOUTH ASIA > SRI LANKA & THE MALDIVES,,,single,South Asian folk music,4,,,
Q4937089,7f5767bd-43f8-43eb-9ddd-51e81607b08e,boedra,Q43343,folk music,1,0,0,ring,,,ASIA > SOUTH ASIA > BENGAL & THE HIMALAYA,,,single,Bhutanese folk music | music of Tibet,5,,,
Q18702741,263a3bae-623f-403d-944a-17b118700c02,bogino duu,Q43343,folk music,1,0,0,ring,,,ASIA > CHINA & MONGOLIA,,,single,Mongolian folk music,3,,,
Q4947422,a40ac9d5-aa70-4901-8236-a6b23aa2b6a2,Bosnian root music,Q43343,folk music,1,0,0,ring,,,EUROPE > THE BALKANS,,,single,Bosnian and Herzegovinian folk music | polyphony | popular folk music,1,,,
Q5000356,13c4ef77-3050-40d4-a5c4-0c752b80d696,Burra katha,Q43343,folk music,1,0,0,ring,,India,ASIA > SOUTH ASIA > INDIA,,,single,Telugu folk music,8,,,
Q2929369,56c3e042-67ee-47c5-95fe-021b6f89cce4,bélé,Q43343,folk music,1,0,0,ring,,,THE AMERICAS > THE CARIBBEAN,,,single,Caribbean folk music,5,,,
Q1033073,b72d3108-3360-447e-bb08-0895deff7ae5,candombe,Q43343,folk music,1,0,0,ring,,,THE AMERICAS > RÍO DE LA PLATA,,,auto,Hispanic American folk music | Rioplatense music | music of Uruguay,24,,,
Q19754215,3d4956f9-b8b7-4190-8561-441c8e17c0c4,cante alentejano,Q43343,folk music,1,0,0,ring,,Kingdom of Portugal · Portugal,EUROPE > PORTUGAL,,,single,Portuguese folk music | polyphony,14,,,
Q5747874,ff6258ed-7a7b-412e-9c1b-f4dced972c99,canto a lo poeta,Q43343,folk music,1,0,0,ring,,Chile,THE AMERICAS > ANDES & PACIFIC COAST,,,auto,Hispanic American folk music | music of Chile,1,,,
Q107254627,c2e65d3b-ffd1-424e-80c9-7ad798bcc393,cantoria,Q43343,folk music,1,0,0,ring,,,THE AMERICAS > BRAZIL & THE GUIANAS > BRAZILIAN SONG & POETRY,,,auto,Brazilian folk music,2,,,
Q3656466,255cbc4d-46e6-487d-a63a-bc853647f310,cantu a chiterra,Q43343,folk music,1,0,0,ring,,,EUROPE > ITALY & GREECE > ITALY,,,single,Sardinian folk music | vocal music,5,,,
Q774475,00aeab7d-f33d-4b46-b426-5d6dd20bb07a,cantu a tenore,Q43343,folk music,1,0,0,ring,,Italy,EUROPE > ITALY & GREECE > ITALY,,,single,Italian folk music | polyphony,14,,,
Q2936886,64e715d5-598b-4d5f-9166-2f68a7467012,cantèra,Q43343,folk music,1,0,0,ring,,France,EUROPE > WESTERN EUROPE > FRANCE & THE MEDITERRANEAN,,,attach,,4,,,
Q2447797,340e3fe3-bb82-467d-9d10-ea2ebbfc8350,Cape Breton fiddling,Q43343,folk music,1,0,0,ring,,Canada,THE AMERICAS > NORTH AMERICA > FIDDLE TRADITIONS,,,auto,Cape Breton folk music,2,,,
Q854451,34edc6ac-d431-4b36-be15-ecd17533e5e2,Celtic music,Q43343,folk music,1,1,1,ring,,,EUROPE > WESTERN EUROPE > BRITAIN & IRELAND,,,attach,music of Europe,39,,,
Q5058545,8c64d537-dc2b-4f5b-b691-e7edf39c2ba4,Celtic chant,Q854451,Celtic music,2,0,0,ring,,,,,,single,Celtic music | chant,3,,,
Q110606359,c7f35b3c-a36c-46ce-8522-9919fdbe1ddf,Central Asian throat singing,Q43343,folk music,1,1,1,ring,,,ASIA > CENTRAL ASIA & THE CAUCASUS,,,attach,Turkic-Mongolic music | throat singing,0,,,
Q4208567,bf6e759d-4d1c-44df-bd3f-0b4ebc971ef7,kai,Q110606359,Central Asian throat singing,2,0,0,ring,,,,,,single,Central Asian throat singing | music of Altai | overtone singing,3,,,
Q597493,8933dc68-5ef4-421e-89d1-f6aeba4b0c55,chacarera,Q43343,folk music,1,0,0,ring,,Argentina · Bolivia,THE AMERICAS > RÍO DE LA PLATA,,,auto,Hispanic American folk music | music of Argentina,18,,,
Q1060475,693751e9-acb6-41f1-a439-42fb2f8c6aab,chamamé,Q43343,folk music,1,1,1,ring,,Argentina,THE AMERICAS > RÍO DE LA PLATA,,,auto,litoraleña music,21,,,
Q136653443,17c23b0c-37c7-40e2-b6bc-844b410abd30,chamamé tropical,Q1060475,chamamé,2,0,0,ring,,,,,,single,chamamé,0,,,
Q108297212,f6e96d56-7735-45e9-bdea-aac79c76648d,chamarrita açoriana,Q43343,folk music,1,0,0,ring,,,EUROPE > PORTUGAL,,,auto,Portuguese folk music | chamarrita,0,,,
Q108297213,34c229bd-83b1-46b5-8244-808804fbba70,chamarrita rioplatense,Q43343,folk music,1,0,0,ring,,,THE AMERICAS > RÍO DE LA PLATA,,,auto,Hispanic American folk music | Rioplatense music | chamarrita,0,,,
Q461406,369079d2-3b90-4ef0-9ec0-91ab6c4f3af7,change ringing,Q43343,folk music,1,0,0,ring,,,EUROPE > WESTERN EUROPE > BRITAIN & IRELAND,,,attach,music of the United Kingdom,7,,,
Q124851788,45d032d4-e5ee-405c-8696-a53b1d1b6ce4,changjak gugak,Q43343,folk music,1,0,0,ring,,,ASIA > KOREA,,,attach,music of Korea,0,,,
Q5096318,b07ca316-9e92-43d6-a6ff-6666e3a822f5,Chicken scratch,Q43343,folk music,1,0,0,ring,,,THE AMERICAS > NORTH AMERICA > INDIGENOUS TRADITIONS,,,attach,O'odham music,2,,,
Q106634987,4e4c4eac-fb33-4d31-8797-26adc0da0341,Chinese classical music,Q43343,folk music,1,6,6,ring,,,ASIA > CHINA & MONGOLIA,,,auto,Chinese traditional music | East Asian classical music,1,,,
Q4848674,0bc9836a-a845-44b4-bc5e-e321d075e18d,Baisha xiyue,Q106634987,Chinese classical music,2,0,0,ring,1600,China,,,,single,Chinese classical music | ancient Naxi music,2,,,
Q131854045,2e3fb1c9-5e3d-4699-9162-205087afa67c,Chinese literati music,Q106634987,Chinese classical music,2,0,0,ring,,,,,,single,Chinese classical music,0,,,
Q5295946,d12980f5-25d5-42f0-b801-c6255d9b1d62,dongjing,Q106634987,Chinese classical music,2,0,0,ring,,,,,,single,Chinese classical music | ancient Naxi music | ritual music,1,,,
Q700805,3c7f7859-b374-480e-83a3-1935826369be,nanguan,Q106634987,Chinese classical music,2,0,0,ring,,People's Republic of China,,,,single,Chinese classical music,15,,,
Q15917095,f23f0a08-4561-4efb-b2a7-240c05806151,yanyue,Q106634987,Chinese classical music,2,0,0,ring,,China,,,,single,Chinese classical music | East Asian court ceremonial music,2,,,
Q15056301,09d455dc-c5a1-4262-bbae-63383dd87582,yayue,Q106634987,Chinese classical music,2,0,0,ring,,China,,,,single,Chinese classical music | East Asian court ceremonial music,10,,,
Q2159891,530fa580-cb71-4226-8325-3946b011c3e1,chopi timbila,Q43343,folk music,1,0,0,ring,,Mozambique,AFRICA & THE MIDDLE EAST > CENTRAL & SOUTHERN AFRICA,,,attach,music of East Africa,8,,,
Q108297216,ee875619-66a5-4cf4-967a-4fa05a41d239,chotis madrileño,Q43343,folk music,1,0,0,ring,,,EUROPE > SPAIN > SPANISH DANCE,,,auto,Spanish folk music | schottische,0,,,
Q1443316,31aee5bc-c1e8-43d7-a7bc-902df802ccbb,Christmas music,Q43343,folk music,1,1,1,ring,,,SONG & DANCE FORMS,,,attach,holiday music,28,,,
Q136933450,c2946cce-9f1b-40a5-be48-1c4c786c829c,son de pascua,Q1443316,Christmas music,2,0,0,ring,,,,,,auto,Christmas music | Hispanic American music | music of Central America | son,0,,,
Q4349839,0ad3890f-38bd-4868-9466-c7568d0f145e,chèo,Q43343,folk music,1,0,0,ring,,,ASIA > SOUTHEAST ASIA > VIETNAM,,,single,Vietnamese folk music,7,,,
Q331810,ef7e40c5-e00f-487b-a86c-0228e63fea57,colindă,Q43343,folk music,1,0,0,ring,,Moldova · Romania,SONG & DANCE FORMS > SONG,,,auto,Christmas carol | Romanian folk music,12,,,
Q89423571,2f7f569a-9348-4384-8508-2d0ac7d6a778,contra dance music,Q43343,folk music,1,0,0,ring,,,SONG & DANCE FORMS > DANCE & REVIVAL,,,single,folk dance music,1,,,
Q15042720,ccfa5782-31ce-4f35-b7f3-13c1a6d2a813,copla,Q43343,folk music,1,0,0,ring,,Spain,EUROPE > SPAIN > SPANISH SONG,,,auto,Spanish folk music,14,,,
Q766240,6edf2509-18f5-469d-beb2-3ae8ef0645e2,cueca,Q43343,folk music,1,1,1,ring,,Argentina · Bolivia · Chile · Peru,THE AMERICAS > ANDES & PACIFIC COAST,,,auto,Hispanic American folk music,16,,,
Q5793651,ed4251a7-b135-4402-8c8c-7d64bd4ab4c6,cueca brava,Q766240,cueca,2,0,0,ring,,,,,,single,Chilean cueca,1,,,
Q1145867,906549d7-85b9-48c6-b4b8-702d9c01fa98,cururu,Q43343,folk music,1,0,0,ring,,Brazil,THE AMERICAS > BRAZIL & THE GUIANAS > BRAZILIAN SONG & POETRY,,,auto,Brazilian folk music,3,,,
Q5202988,ae406dcd-8da9-4ff5-9ee1-71f4165c3128,cải lương,Q43343,folk music,1,0,0,ring,,Vietnam,ASIA > SOUTHEAST ASIA > VIETNAM,,,attach,music of Vietnam,9,,,
Q1156570,4ef0ff22-6dc7-416a-855c-a84de5b7637a,dabke,Q43343,folk music,1,0,0,ring,,,AFRICA & THE MIDDLE EAST > MIDDLE EAST,,,attach,Levantine Arabic music,30,,,
Q10265571,8eb9ce1d-4cb8-4253-8c1b-667e1d6099d6,desgarrada,Q43343,folk music,1,0,0,ring,,Portugal,EUROPE > PORTUGAL,,,single,Portuguese folk music,4,,,
Q16960459,fbfcef2e-15c6-4961-8e18-f9bf3dbf0e80,dhaanto,Q43343,folk music,1,0,0,ring,,,AFRICA & THE MIDDLE EAST > EAST AFRICA & THE HORN,,,attach,music of Somalia,5,,,
Q125754839,0ab28994-f246-4519-b5c2-58c74ea2298d,dhol tasha,Q43343,folk music,1,0,0,ring,,,ASIA > SOUTH ASIA > INDIA,,,attach,music of South Asia,0,,,
Q5276535,b495112e-d32e-47e5-b0c6-938a5b564f51,Dikir barat,Q43343,folk music,1,0,0,ring,,,ASIA > SOUTHEAST ASIA > THE MALAY WORLD,,,attach,Malay music,3,,,
Q15931253,7d02c0fc-62e2-4af6-a871-b5059b74ea3f,dimotiko,Q43343,folk music,1,0,0,ring,,Greece,EUROPE > ITALY & GREECE > GREECE,,,single,Greek folk music,0,,,
Q108297231,be4e89d1-63ce-45cb-816d-59fc1407405d,djanba,Q43343,folk music,1,0,0,ring,,,OCEANIA > AUSTRALIA,,,attach,indigenous Australian music,0,,,
Q25620807,da1dc056-00ea-42fa-b668-89814b9d9e5c,dohori,Q43343,folk music,1,0,0,ring,,Nepal,ASIA > SOUTH ASIA > BENGAL & THE HIMALAYA,,,single,South Asian folk music | music of Nepal,5,,,
Q2138543,2a66dc44-b53e-4b54-a09e-0b4a7dd62ed0,doina,Q43343,folk music,1,0,0,ring,,Romania,EUROPE > THE BALKANS,,,single,Romanian folk music,29,,,
Q5295546,62a042e0-1a23-43bf-aac4-ea0a607f10a7,Dondang Sayang,Q43343,folk music,1,0,0,ring,,Malaysia,ASIA > SOUTHEAST ASIA > THE MALAY WORLD,,,attach,Malay music,13,,,
Q2165184,ee7acd50-498e-4d20-b6b5-eb66875c9428,drinking song,Q43343,folk music,1,0,0,ring,,,SONG & DANCE FORMS > SONG,,,single,traditional folk music,22,,,
Q2583965,19f910d1-3e50-42c1-8bbd-37f7bf0234ad,duma,Q43343,folk music,1,0,0,ring,,,EUROPE > CENTRAL & EASTERN EUROPE,,,single,Ukrainian folk music,20,,,
Q17048822,3f734d4c-cad2-437c-91c8-2c1f966d8bcf,Fakaseasea,Q43343,folk music,1,0,0,ring,,Tuvalu,OCEANIA > POLYNESIA & HAWAII,,,single,Oceanic folk music,2,,,
Q5431633,9a4c104b-c838-456a-bbfe-74750c4ce601,falak,Q43343,folk music,1,0,0,ring,,Tajikistan,ASIA > CENTRAL ASIA & THE CAUCASUS,,,attach,Pamiri music,12,,,
Q1130969,fcceeb1c-afda-4089-9748-477849dc48ba,fandango,Q43343,folk music,1,0,0,ring,,Brazil,EUROPE > SPAIN > SPANISH DANCE,,,auto,Spanish folk music | music of the Iberian Peninsula,30,,,
Q109369576,5d0bed8c-e628-4b91-a544-0baf14dd15e8,fandango caiçara,Q43343,folk music,1,0,0,ring,,,THE AMERICAS > BRAZIL & THE GUIANAS > BRAZILIAN DANCE & DRUMMING,,,auto,Brazilian folk music,0,,,
Q5448207,39ed8ae3-fcf0-402d-999a-28e0c545f912,fijiri,Q43343,folk music,1,0,0,ring,,Bahrain,AFRICA & THE MIDDLE EAST > MIDDLE EAST,,,single,Arabic folk music | West Asian folk music | vocal music,8,,,
Q2489759,411327f1-5ba6-46f9-bdfe-04424dee8748,football chant,Q43343,folk music,1,0,0,ring,,,SONG & DANCE FORMS,,,attach,,15,,,
Q5509175,85a4ded7-33b3-429a-97c2-4625fa9a28c6,fungi,Q43343,folk music,1,0,0,ring,,,THE AMERICAS > THE CARIBBEAN,,,single,Caribbean folk music,1,,,
Q121437389,7cd7ffa4-8fce-4aba-b06b-75db9fc499dd,fusion gugak,Q43343,folk music,1,0,0,ring,,,ASIA > KOREA,,,attach,music of Korea,0,,,
Q65067835,8659e92f-74f1-4e3e-b4bb-57a6441bf9da,Gaelic psalm singing,Q43343,folk music,1,0,0,ring,,,EUROPE > WESTERN EUROPE > BRITAIN & IRELAND,,,auto,Gaelic song | liturgical music,3,,,
Q535328,8a901f43-0b83-42e9-8ada-7be3682ff395,gaita zuliana,Q43343,folk music,1,0,0,ring,,Venezuela,THE AMERICAS > CARIBBEAN COAST,,,auto,Hispanic American folk music | music of Venezuela,6,,,
Q882985,ea51a15b-c521-447d-b037-0b615a6f1205,garba,Q43343,folk music,1,0,0,ring,,,ASIA > SOUTH ASIA > INDIA,,,attach,music of India,24,,,
Q2000173,e44125f6-b60a-4b23-bb57-cb7aad35990d,Gnawa music,Q43343,folk music,1,0,0,ring,,Morocco,AFRICA & THE MIDDLE EAST > NORTH AFRICA & THE ISLANDS,,,single,African folk music | music of North Africa,15,,,
Q10973951,b23127b6-9d8c-4298-bb2c-19029e65e172,gondang,Q43343,folk music,1,0,0,ring,,Indonesia,ASIA > SOUTHEAST ASIA > INDONESIA,,,single,Austronesian music | Batak music | Southeast Asian folk music,2,,,
Q107123896,3ebecbf7-f897-4d2f-9c85-d08010acfb08,griot music,Q43343,folk music,1,0,0,ring,,,AFRICA & THE MIDDLE EAST > WEST AFRICA > SAHEL & SENEGAMBIA,,,attach,music of West Africa,0,,,
Q82469,4b30a9db-97ea-4f0b-b3bc-2293994eaafb,Gstanzl,Q43343,folk music,1,0,0,ring,,Bavaria,EUROPE > WESTERN EUROPE > THE ALPS & CENTRAL EUROPE,,,single,German folk music,4,,,
Q1399566,4c342c83-bbf6-4ece-954e-d852723000f4,Guggenmusik,Q43343,folk music,1,0,0,ring,,Austria · Germany · Switzerland,EUROPE > WESTERN EUROPE > THE ALPS & CENTRAL EUROPE,,,attach,carnival music | music of Germany,8,,,
Q1452401,70f46762-7b18-44b9-8d37-1dd3ad08a169,għana,Q43343,folk music,1,0,0,ring,,Malta,EUROPE > WESTERN EUROPE > FRANCE & THE MEDITERRANEAN,,,single,European folk music,9,,,
Q5639767,837e907a-1021-4373-b17a-9fc410b5137a,Haitian vodou drumming,Q43343,folk music,1,0,0,ring,,Haiti,THE AMERICAS > THE CARIBBEAN,,,auto,Caribbean folk music | music of Haiti,1,,,
Q1430717,988fdf1a-84c8-47cd-8c2f-f6b8d4fdb242,Hambo,Q43343,folk music,1,0,0,ring,,,EUROPE > THE NORDIC COUNTRIES,,,single,Polska | Swedish folk music,7,,,
Q136031262,019526df-0501-4825-980d-d60be8a2e4bc,haozi,Q43343,folk music,1,0,0,ring,,,ASIA > CHINA & MONGOLIA,,,auto,Chinese traditional music | work song,0,,,
Q123028778,27720af4-dc09-42b5-b0bb-39cf7b51fd36,hapa haole,Q43343,folk music,1,0,0,ring,,,OCEANIA > POLYNESIA & HAWAII,,,attach,music of Hawaii | music of North America,0,,,
Q25339674,42b69b3e-26df-4287-9243-c0af7e228217,harana,Q43343,folk music,1,0,0,ring,,,ASIA > SOUTHEAST ASIA > THE PHILIPPINES,,,single,Southeast Asian folk music | music of the Philippines,3,,,
Q5765288,ac57e2dc-22a7-4b61-a53a-2aa68db6c757,Himene tarava,Q43343,folk music,1,0,0,ring,,Cook Islands · Polynesia,OCEANIA > POLYNESIA & HAWAII,,,attach,music of Polynesia | polyphony,2,,,
Q23637018,dfef2ed3-257f-4246-81a2-5c077c6450c5,hornpipe,Q43343,folk music,1,0,0,ring,,,EUROPE > WESTERN EUROPE > BRITAIN & IRELAND,,,attach,music of Europe,1,,,
Q2307786,4007fdfd-f036-4ba8-8021-f7763037fc26,huayno,Q43343,folk music,1,3,3,ring,,Viceroyalty of Peru,THE AMERICAS > THE ANDES,,,auto,Andean music | Hispanic American folk music,14,,,
Q1154911,cc8f49fa-71f4-4edb-bfde-43165df575e6,carnavalito,Q2307786,huayno,2,0,0,ring,,Argentina · Bolivia · Chile · Peru,,,,single,huayno,8,,,
Q8345377,ccd3d9d9-a5d6-43c5-b328-dae1aeeb9c36,chimayche,Q2307786,huayno,2,0,0,ring,,Peru,,,,single,huayno | music of Peru,1,,,
Q5903971,4979f199-3481-4bf6-acf5-094890da2538,huayno ancashino,Q2307786,huayno,2,0,0,ring,,Peru,,,,single,huayno | music of Peru,1,,,
Q722989,ee022b9f-8e02-4e90-b855-41d60cb1bcc3,Hungarian folk music,Q43343,folk music,1,4,4,ring,,,EUROPE > WESTERN EUROPE > THE ALPS & CENTRAL EUROPE,,,single,European folk music | music of Hungary,7,,,
Q11691916,74510ca7-e44e-44fe-bac4-ba65042254f8,csárdás,Q722989,Hungarian folk music,2,0,0,ring,,,,,,single,Hungarian folk music | dance music,1,,,
Q1162475,13c17211-a10e-4b78-97dd-d87ff344206e,nóta,Q722989,Hungarian folk music,2,0,0,ring,,,,,,single,Hungarian folk music,2,,,
Q137900601,7e67109a-b81d-4c3f-9148-e4604c4f86ea,pásztordal,Q722989,Hungarian folk music,2,0,0,ring,,,,,,single,Hungarian folk music,0,,,
Q220535,0be95ed4-29dc-4afb-b889-7af59cc721f7,verbunkos,Q722989,Hungarian folk music,2,0,0,ring,,,,,,single,Hungarian folk music,19,,,
Q627181,b60cd443-b387-4a4c-98cd-2e5bb592089d,industrial folk music,Q43343,folk music,1,1,1,ring,,,SONG & DANCE FORMS > DANCE & REVIVAL,,,single,traditional folk music,4,,,
Q13164291,518102e9-8d09-4f6b-b1e2-141bdcce6a82,red music,Q627181,industrial folk music,2,0,0,ring,,People's Republic of China,,,,single,industrial folk music | political music in China,6,,,
Q7482056,3d88ed41-624d-4be9-bf9d-ca11991eb250,Irish folk music,Q43343,folk music,1,1,1,ring,,Ireland,EUROPE > WESTERN EUROPE > BRITAIN & IRELAND,,,auto,Celtic folk music | music of Ireland,19,,,
Q771291,8dca11a8-7cf2-4c6e-9e6b-9c94afc204c6,sean-nós singing,Q7482056,Irish folk music,2,0,0,ring,,,,,,single,Irish folk music | a cappella,12,,,
Q9009342,ae550c5b-ffa8-4f6f-bcdf-2c0c76d2c670,Isa,Q43343,folk music,1,0,0,ring,,Spain,EUROPE > SPAIN > SPANISH SONG,,,attach,popular music,4,,,
Q17630580,1ed9d2e1-cf56-4529-a07e-a34524f5b3dd,Izlan,Q43343,folk music,1,0,0,ring,,Morocco,AFRICA & THE MIDDLE EAST > NORTH AFRICA & THE ISLANDS,,,attach,Berber music,4,,,
Q3160589,01bf7fe6-48c6-4c17-be82-a8e06f5b451c,Jaipongan,Q43343,folk music,1,1,1,ring,,Indonesia,ASIA > SOUTHEAST ASIA > INDONESIA,,,attach,Sundanese music,12,,,
Q6421060,94739e90-28bb-4457-944f-50415f2484a8,Kliningan,Q3160589,Jaipongan,2,0,0,ring,,Indonesia,,,,single,Jaipongan,0,,,
Q111394868,b977e713-254b-40f8-9101-fc68e836809e,James Bay fiddling,Q43343,folk music,1,0,0,ring,,,THE AMERICAS > NORTH AMERICA > FIDDLE TRADITIONS,,,single,indigenous American folk music | indigenous music of North America,0,,,
Q744327,53c3e4ea-ce29-4dc1-9133-09b6be18a607,joik,Q43343,folk music,1,0,0,ring,,,EUROPE > THE NORDIC COUNTRIES,,,attach,Sami music,29,,,
Q505343,0f64f531-9af8-4773-a2dd-8aba7d039cfd,jongo,Q43343,folk music,1,0,0,ring,,Brazil,THE AMERICAS > BRAZIL & THE GUIANAS > BRAZILIAN DANCE & DRUMMING,,,auto,Brazilian folk music,7,,,
Q1202208,792119aa-4911-4149-9125-836810b52389,joropo,Q43343,folk music,1,0,0,ring,,Colombia · Venezuela,THE AMERICAS > CARIBBEAN COAST,,,auto,Hispanic American folk music | music of Venezuela | tropical music,15,,,
Q252626,9f9398b7-61fb-4bb2-a3a9-a426fc7a64f4,jota,Q43343,folk music,1,0,0,ring,,Spain,EUROPE > SPAIN > SPANISH DANCE,,,auto,Spanish folk music | dance music,30,,,
Q1571388,db487631-d1a0-4584-81f4-276728fb14c4,Jácara,Q43343,folk music,1,0,0,ring,,,EUROPE > SPAIN > SPANISH SONG,,,attach,,8,,,
Q122658157,7fecd5af-d284-4e76-8074-7c565f2839c8,kalattut,Q43343,folk music,1,0,0,ring,,,THE AMERICAS > NORTH AMERICA > INDIGENOUS TRADITIONS,,,attach,Greenlander music,0,,,
Q6365333,93cdfa86-adef-4a9a-b9ce-970decf7aedd,kantan chamorrita,Q43343,folk music,1,0,0,ring,,,OCEANIA > MELANESIA & MICRONESIA,,,attach,music of Micronesia,1,,,
Q1737691,5ac69ee4-befe-438f-b1ea-a3f8af69bc2f,Kecak,Q43343,folk music,1,0,0,ring,,Indonesia,ASIA > SOUTHEAST ASIA > INDONESIA,,,attach,music of Bali,21,,,
Q20427333,e32aa6be-e8aa-425a-950e-8478690cc45d,ketuk tilu,Q43343,folk music,1,0,0,ring,,Indonesia,ASIA > SOUTHEAST ASIA > INDONESIA,,,attach,Sundanese music,4,,,
Q108845022,22281d15-2edd-4610-8336-444c1e50d0e9,kilapanga,Q43343,folk music,1,0,0,ring,,,AFRICA & THE MIDDLE EAST > CENTRAL & SOUTHERN AFRICA,,,single,African folk music | music of Central Africa,0,,,
Q947155,c5aa3e2c-b7ad-4f52-adc3-53af8c9913f1,kirtan,Q43343,folk music,1,1,1,ring,,,ASIA > SOUTH ASIA > INDIA,,,single,South Asian folk music,30,,,
Q118114324,2e959439-5bc1-447a-b055-24ad02f20381,shabad kirtan,Q947155,kirtan,2,0,0,ring,,,,,,auto,Hindustani classical music | kirtan,0,,,
Q1428470,5d1f5abe-3e6b-45fe-bdad-8114b5c275fe,klapa,Q43343,folk music,1,0,0,ring,,Croatia,EUROPE > THE BALKANS,,,single,Croatian folk music,30,,,
Q212944,06eeec6e-f389-4783-b601-909bb10bd04e,klezmer,Q43343,folk music,1,0,0,ring,,,EUROPE > CENTRAL & EASTERN EUROPE,,,attach,Jewish music,44,,,
Q11459349,ab5f045c-2394-4856-8fa7-d9a60b1fe638,kouta,Q43343,folk music,1,0,0,ring,,,ASIA > JAPAN,,,single,Japanese folk music,2,,,
Q648283,f1ce6ddd-0a12-4bbb-98af-4735b3cffccf,krakowiak,Q43343,folk music,1,0,0,ring,,Poland,EUROPE > CENTRAL & EASTERN EUROPE,,,single,Polish folk music,34,,,
Q3181943,4d27f1f6-525f-4396-ac53-140136bba9a9,kuda kepang,Q43343,folk music,1,0,0,ring,,Indonesia,ASIA > SOUTHEAST ASIA > INDONESIA,,,single,Indonesian folk music | music of Java,12,,,
Q2360319,3c21ef4e-49b7-49fb-b653-156cad11764b,kujawiak,Q43343,folk music,1,0,0,ring,,,EUROPE > CENTRAL & EASTERN EUROPE,,,single,Polish folk music,21,,,
Q6444335,5f706b5b-5775-4c85-803d-dd7ca2248d91,kundiman,Q43343,folk music,1,0,0,ring,,,ASIA > SOUTHEAST ASIA > THE PHILIPPINES,,,single,Southeast Asian folk music | music of the Philippines,4,,,
Q2722134,0c0ceed4-48a7-42d4-969b-fcce5879e7f6,lavani,Q43343,folk music,1,0,0,ring,,,ASIA > SOUTH ASIA > INDIA,,,attach,,18,,,
Q16572889,b8c1003b-d3c3-424d-8d6a-75b77d5c2f95,liscio,Q43343,folk music,1,0,0,ring,,,EUROPE > ITALY & GREECE > ITALY,,,single,Italian folk music,4,,,
Q5684704,6b5ebbd8-fb48-4767-9fc0-0a0898f39a95,liwa,Q43343,folk music,1,0,0,ring,,Iran,AFRICA & THE MIDDLE EAST > MIDDLE EAST,,,single,Arabic folk music | Khaliji,4,,,
Q1785243,d33ad449-ab9a-4f8e-b8df-04f01a0b486f,Long song,Q43343,folk music,1,0,0,ring,,Mongolia,ASIA > CHINA & MONGOLIA,,,single,Mongolian folk music,16,,,
Q193605,27e29de7-a35d-4bf9-9dc3-6390421aa452,lullaby,Q43343,folk music,1,1,2,ring,,,SONG & DANCE FORMS > SONG,,,attach,nursery rhyme,82,,,
Q131681303,ae545486-089d-4f67-b3fc-936c91d8f5f8,batonebi songs,Q193605,lullaby,2,1,1,ring,,,,,,auto,Georgian folk music | lullaby,0,,,
Q2396005,406b102c-7d9f-4e9f-85b1-1decdfe0c14e,Iavnana,Q131681303,batonebi songs,3,0,0,ring,,,,,,single,batonebi songs | therapy music,8,,,
Q1499839,d5f86ca8-5ca5-4e2a-8d1c-d6f71ec87116,lundu,Q43343,folk music,1,0,0,ring,,Brazil,THE AMERICAS > BRAZIL & THE GUIANAS > BRAZILIAN DANCE & DRUMMING,,,auto,Brazilian folk music,7,,,
Q1879175,7bc6fac1-1a5b-470f-a294-dfd9f5a484db,ländler music,Q43343,folk music,1,0,0,ring,,,EUROPE > WESTERN EUROPE > THE ALPS & CENTRAL EUROPE,,,single,Swiss folk music,1,,,
Q6741049,d42e0ebc-16ea-4224-863f-b4a1d881332d,malagueña,Q43343,folk music,1,0,0,ring,,Venezuela,THE AMERICAS > ANDES & PACIFIC COAST,,,auto,Hispanic American folk music | music of Venezuela,1,,,
Q6754164,ff1daec7-d926-4f6f-a077-4ffb6f8a5eae,Mappila song,Q43343,folk music,1,0,0,ring,,,AFRICA & THE MIDDLE EAST > MIDDLE EAST,,,single,Islamic music | Malayali folk music,4,,,
Q1753071,dc906cab-651c-4ec0-a6ef-b92b75a5cea9,maracatu,Q43343,folk music,1,0,0,ring,,Brazil,THE AMERICAS > BRAZIL & THE GUIANAS > BRAZILIAN DANCE & DRUMMING,,,auto,Brazilian folk music,11,,,
Q151942,8fe8f035-27ed-4f4a-99d4-39bb8f28e1bd,mazurka,Q43343,folk music,1,0,0,ring,,Poland,SONG & DANCE FORMS > DANCE & REVIVAL,,,attach,music of Poland,55,,,
Q2500734,b024cd1e-a0a1-4546-b030-6187506b5ee4,meykhana,Q43343,folk music,1,0,0,ring,,,ASIA > CENTRAL ASIA & THE CAUCASUS,,,single,Azerbaijani folk music,15,,,
Q942955,7588308f-e08b-444e-8d6b-55549c58cf3c,milonga,Q43343,folk music,1,0,0,ring,,Argentina · Brazil · Uruguay,THE AMERICAS > RÍO DE LA PLATA,,,auto,Hispanic American folk music | Rioplatense music,27,,,
Q901610,b0ac2e92-b41d-46e9-8c88-cd254f3a86e0,min'yō,Q43343,folk music,1,1,1,ring,,Japan,ASIA > JAPAN,,,single,Japanese folk music,7,,,
Q2278881,4c3e1630-a1c6-458b-b135-fe8440e8fc6b,shima-uta,Q901610,min'yō,2,0,0,ring,,,,,,attach,Ryukyuan music,5,,,
Q11693803,409df354-f736-49bb-8fa2-f71e8dad2a1f,montea,Q43343,folk music,1,0,0,ring,,Seychelles,AFRICA & THE MIDDLE EAST > CENTRAL & SOUTHERN AFRICA,,,single,African folk music | music of Seychelles,17,,,
Q1550501,6f4d5347-ef06-43ab-ba33-6ba36425ebf0,muiñeira,Q43343,folk music,1,0,0,ring,,Spain,EUROPE > SPAIN > SPANISH DANCE,,,auto,Galician folk music,14,,,
Q9035712,2014650f-c44a-4d2b-8ec4-fcca62abd3d5,muliza,Q43343,folk music,1,0,0,ring,,,THE AMERICAS > THE ANDES,,,auto,Peruvian folk music,3,,,
Q4207331,f6eb3f68-a017-4a36-ad72-e2d941fd122d,musok eumak,Q43343,folk music,1,0,0,ring,,,ASIA > KOREA,,,single,Korean folk music | shamanic music,3,,,
Q3333303,17ad0889-088e-4a09-b16e-8f6eb1618b49,méringue,Q43343,folk music,1,0,0,ring,,Haiti,THE AMERICAS > THE CARIBBEAN,,,auto,Caribbean folk music | music of Haiti,3,,,
Q6950147,3fad6232-8448-4042-8e20-9c3ed6040af4,Métis fiddle,Q43343,folk music,1,0,0,ring,,,THE AMERICAS > NORTH AMERICA > FIDDLE TRADITIONS,,,single,Canadian folk music | Métis music,1,,,
Q139907417,9560ece3-b1b8-416f-9cd8-d7d2bf79d725,música festera,Q43343,folk music,1,0,0,ring,,,EUROPE > SPAIN > SPANISH SONG,,,auto,Spanish folk music | march,0,,,
Q15975701,ef4397ff-05f4-4ec6-a32c-24ff44cbbe6a,narodnozabavna glasba,Q43343,folk music,1,0,0,ring,,Slovenia,EUROPE > WESTERN EUROPE > THE ALPS & CENTRAL EUROPE,,,single,Alpine folk music | Slavic folk music | popular folk music,3,,,
Q140369612,b0520e22-a8c9-4c7e-bdfb-b590859849fc,nepali lok geet,Q43343,folk music,1,0,0,ring,,,ASIA > SOUTH ASIA > BENGAL & THE HIMALAYA,,,single,South Asian folk music,0,,,
Q109589714,544bbda6-7e3a-4018-9fca-d6f20348fa91,Ngoma music,Q43343,folk music,1,1,1,ring,,,AFRICA & THE MIDDLE EAST > CENTRAL & SOUTHERN AFRICA,,,single,African folk music | music of East Africa,4,,,
Q663833,cd6d8471-e702-4b94-b14f-cea2f8f39ada,unyago,Q109589714,Ngoma music,2,0,0,ring,,,,,,single,Ngoma music,2,,,
Q125544586,daa0ba6d-c8b2-4279-a2e0-7f4363115d69,ngâm thơ,Q43343,folk music,1,0,0,ring,,,ASIA > SOUTHEAST ASIA > VIETNAM,,,attach,music of Vietnam,0,,,
Q7042505,46108404-27e1-498c-a800-5365d307ddbf,Njuup,Q43343,folk music,1,0,0,ring,,,AFRICA & THE MIDDLE EAST > WEST AFRICA > SAHEL & SENEGAMBIA,,,attach,religious music,4,,,
Q3347093,c51a1fe9-5d12-4d4f-85fc-889c7bcee79f,néo-trad,Q43343,folk music,1,0,0,ring,,,THE AMERICAS > NORTH AMERICA > FIDDLE TRADITIONS,,,attach,music of Canada,3,,,
Q11794650,a3b6e04f-561e-479d-937c-c1bc6261d6ee,oberek,Q43343,folk music,1,0,0,ring,,,EUROPE > CENTRAL & EASTERN EUROPE,,,single,Polish folk music | folk dance music,1,,,
Q972424,ed67ff3f-8f00-4321-badd-e9f183f7584b,old-time music,Q43343,folk music,1,0,0,ring,,United States,THE AMERICAS > NORTH AMERICA > FIDDLE TRADITIONS,,,single,North American folk music,14,,,
Q7092205,3b4fad99-f9d6-473b-b967-8a193f17fb1a,ondo,Q43343,folk music,1,0,0,ring,,,ASIA > JAPAN,,,single,Japanese folk music,6,,,
Q118395684,87e72c45-40c7-45ec-bbf2-a5719ff92ec9,orkes gambus,Q43343,folk music,1,0,0,ring,,,ASIA > SOUTHEAST ASIA > THE MALAY WORLD,,,attach,Arabic music | music of Indonesia,0,,,
Q359607,3b0ff4eb-eaef-47f3-9877-00f3bcab5605,paghjella,Q43343,folk music,1,0,0,ring,,France,EUROPE > ITALY & GREECE > ITALY,,,single,Corsican folk music | polyphony,7,,,
Q3365745,453abf01-c366-49f0-aeda-be6c3ad720e5,parang,Q43343,folk music,1,0,0,ring,,Trinidad and Tobago,THE AMERICAS > THE CARIBBEAN,,,single,music of the Caribbean | popular folk music,6,,,
Q5955539,82bbd9d3-e6fa-4895-84cc-840f21c19875,payada,Q43343,folk music,1,0,0,ring,,,THE AMERICAS > RÍO DE LA PLATA,,,auto,Brazilian folk music | Hispanic American folk music,7,,,
Q122034415,dd3de55e-e952-46e2-9b32-a9777de88884,Philippine rondalla,Q43343,folk music,1,0,0,ring,,,ASIA > SOUTHEAST ASIA > THE PHILIPPINES,,,auto,Hispanic music | Southeast Asian folk music | music of the Philippines,0,,,
Q108055228,efa5aed0-3c0e-46cd-a369-faf1d06017a8,pipe band music,Q43343,folk music,1,0,0,ring,,,EUROPE > WESTERN EUROPE > BRITAIN & IRELAND,,,auto,Scottish folk music,0,,,
Q13118900,03d5cc11-af67-475d-b53b-60e016de9ffd,Powada,Q43343,folk music,1,0,0,ring,,,ASIA > SOUTH ASIA > INDIA,,,attach,,6,,,
Q1540495,89562d34-9c86-4fba-84db-d6da813ae779,puirt à beul,Q43343,folk music,1,0,0,ring,,United Kingdom,EUROPE > WESTERN EUROPE > BRITAIN & IRELAND,,,attach,vocal music,4,,,
Q497674,db868b8c-08fd-43e3-9269-12a7fc0a7db9,pungmul,Q43343,folk music,1,0,0,ring,,,ASIA > KOREA,,,single,Korean folk music,15,,,
Q3525838,c9a87aa1-5d32-4174-98dd-0e162a89a2b3,quan họ,Q43343,folk music,1,0,0,ring,,Vietnam,ASIA > SOUTHEAST ASIA > VIETNAM,,,single,Vietnamese folk music,15,,,
Q7273050,622dbc32-8110-42b7-a5d4-77d6d024a571,quyi,Q43343,folk music,1,0,0,ring,,,ASIA > CHINA & MONGOLIA,,,attach,music of China,2,,,
Q138588714,b5876590-f58e-4582-ba02-976063ea5824,rabbit song,Q43343,folk music,1,0,0,ring,,,THE AMERICAS > NORTH AMERICA > INDIGENOUS TRADITIONS,,,single,indigenous American folk music | indigenous music of North America,0,,,
Q132362695,f935e171-62d5-471f-aaa7-7a1f0d5ee055,ring shout,Q43343,folk music,1,0,0,ring,,,THE AMERICAS > NORTH AMERICA > AFRICAN-AMERICAN TRADITIONS,,,single,American folk music,0,,,
Q7335754,04b3d6ad-a65a-4478-bb12-1235e3c43ac9,ripsaw music,Q43343,folk music,1,0,0,ring,,,THE AMERICAS > THE CARIBBEAN,,,single,Caribbean folk music,3,,,
Q16327884,bf3593b0-f3f0-41f6-b1e9-f4bd874960b9,rizitika,Q43343,folk music,1,0,0,ring,,,EUROPE > ITALY & GREECE > GREECE,,,single,Cretan folk music,3,,,
Q3867028,cf0da746-de1f-4120-8ef5-8445786908e9,rōkyoku,Q43343,folk music,1,0,0,ring,,,ASIA > JAPAN,,,single,Japanese folk music | vocal music,8,,,
Q133826466,39eb0fb1-f88c-407f-bc71-1a02f6318bfc,sa'idi,Q43343,folk music,1,0,0,ring,,,AFRICA & THE MIDDLE EAST > MIDDLE EAST,,,single,Arabic folk music | music of Egypt,0,,,
Q958982,0bf359d0-8a09-428d-b807-f884586dc8f2,saeta,Q43343,folk music,1,0,0,ring,,Spain,EUROPE > SPAIN > SPANISH SONG,,,auto,Andalusian folk music | cante jondo | paraliturgical music,11,,,
Q9300201,36442646-97a0-412e-b4f0-7aefd45dbe0d,samba de roda,Q43343,folk music,1,0,0,ring,,Brazil,THE AMERICAS > BRAZIL & THE GUIANAS > BRAZILIAN DANCE & DRUMMING,,,auto,Brazilian folk music,5,,,
Q710917,435d3160-2564-4d79-a6d4-84e5769c7699,sanjo,Q43343,folk music,1,0,0,ring,,,ASIA > KOREA,,,single,Korean folk music,8,,,
Q109719071,5475ffbc-0660-4c48-a84b-b450b187e621,sarala gee,Q43343,folk music,1,0,0,ring,,,ASIA > SOUTH ASIA > SRI LANKA & THE MALDIVES,,,single,Sinhalese folk music,0,,,
Q1413570,761c7736-b45f-4aea-a3d4-882f9c4f94c4,sardana,Q43343,folk music,1,0,0,ring,,Spain,EUROPE > SPAIN > SPANISH DANCE,,,auto,Catalan traditional folk music,29,,,
Q63197384,e26d323e-2e25-4258-b82a-8af862896401,saya afroboliviana,Q43343,folk music,1,0,0,ring,,Bolivia,THE AMERICAS > THE ANDES,,,auto,music of Bolivia | saya,7,,,
Q329385,e69499c5-3577-4d67-bc8b-68e7e0df8841,schottische,Q43343,folk music,1,0,0,ring,,,EUROPE > WESTERN EUROPE > THE ALPS & CENTRAL EUROPE,,,attach,music of Europe,18,,,
Q118744381,539b9b4f-8a53-4e9b-b28b-ec50b80589cd,Scottish country dance music,Q43343,folk music,1,0,0,ring,,,EUROPE > WESTERN EUROPE > BRITAIN & IRELAND,,,auto,Scottish folk music | folk dance music,0,,,
Q1973457,c4a47240-a16d-4cd8-abd7-8f10a28e38c8,seguidilla,Q43343,folk music,1,0,0,ring,,,SONG & DANCE FORMS > SONG,,,single,traditional folk music,17,,,
Q7487815,e6063c04-2039-4cb5-923e-1cb36cc1e34d,shan'ge,Q43343,folk music,1,0,0,ring,,China,ASIA > CHINA & MONGOLIA,,,auto,Chinese traditional music | work song,6,,,
Q115812361,daa38e9e-5666-4e23-8fb8-3512743ed674,sigidrigi,Q43343,folk music,1,0,0,ring,,Fiji,OCEANIA > MELANESIA & MICRONESIA,,,attach,music of Fiji,0,,,
Q4216001,9a3f7361-23e9-4e4e-a041-f8f0a1741c27,Sinawi,Q43343,folk music,1,0,0,ring,,,ASIA > KOREA,,,single,Korean folk music | ritual music,6,,,
Q89363113,455f264b-db00-4716-991d-fbd32dc24523,singer-songwriter music,Q43343,folk music,1,9,14,dial,,,SONG & DANCE FORMS,,,attach,acoustic music | popular music | vocal music,0,,,
Q4056436,de9595eb-cd33-4993-8b88-05078c77d1b2,bard song,Q89363113,singer-songwriter music,2,1,1,ring,1930,,GERMAN & SLAVIC SONG,,,single,Russian song | music of Russia | music of Ukraine | music of the Soviet Union | singer-songwriter music,9,,,
Q4078107,2073df12-7283-4f2c-b616-212cf592e91a,bard rock,Q4056436,bard song,3,0,0,ring,1970,Soviet Union,,,,auto,bard song | rock music,1,,,
Q108297209,ae39f26a-411b-4217-8bec-073709a8863e,canzone d'autore,Q89363113,singer-songwriter music,2,0,0,ring,1958,,FRENCH & ITALIAN SONG,,,single,music of Italy | singer-songwriter music,0,,,
Q1151259,ebf28819-ebd3-4c00-9c42-3b8dc00f897c,nueva canción,Q89363113,singer-songwriter music,2,4,4,ring,1965,Latin America · Spain,IBERIA & LATIN AMERICA,,,single,singer-songwriter music,20,,,
Q497957,c5646045-fab8-4121-9c5c-2369c2b629f0,nueva trova,Q1151259,nueva canción,3,0,0,ring,1965,Cuba,,,,auto,nueva canción latinoamericana | trova,12,,,
Q3879286,cbfaa784-71fb-4b24-a86c-654479f99b11,nueva canción chilena,Q1151259,nueva canción,3,0,0,ring,,,,,,auto,nueva canción latinoamericana,5,,,
Q98528181,92af9346-1a9a-42ed-9ca4-4b62d7449de1,nueva canción española,Q1151259,nueva canción,3,0,0,ring,,,,,,auto,music of Spain | nueva canción,0,,,
Q9051102,c7ed514b-a599-400c-87b3-54448f743498,nuevo cancionero,Q1151259,nueva canción,3,0,0,ring,,Argentina,,,,auto,nueva canción latinoamericana,2,,,
Q2956176,5ac95ee1-e4ea-48fa-b87a-3ced0ecab745,chanson à texte,Q89363113,singer-songwriter music,2,0,0,ring,,,FRENCH & ITALIAN SONG,,,single,chanson | singer-songwriter music,1,,,
Q12257561,0240853e-5752-4b9e-90a1-4bbb78339c84,euskal kantagintza berria,Q89363113,singer-songwriter music,2,0,0,ring,,Spain,IBERIA & LATIN AMERICA,,,single,singer-songwriter music,3,,,
Q106917640,77f95127-ba44-4211-8d69-36bd53391ec8,kleinkunst,Q89363113,singer-songwriter music,2,0,0,ring,,,GERMAN & SLAVIC SONG,,,single,singer-songwriter music,0,,,
Q98528299,fe7250f1-aff0-457e-a92b-faa0ddb7012c,Liedermacher,Q89363113,singer-songwriter music,2,0,0,ring,,,GERMAN & SLAVIC SONG,,,single,music of Germany | singer-songwriter music,0,,,
Q109350090,39587ba4-5df0-49ed-958e-270f99c0b8e7,música de intervenção,Q89363113,singer-songwriter music,2,0,0,ring,,,IBERIA & LATIN AMERICA,,,single,music of Portugal | protest song | singer-songwriter music,0,,,
Q254890,e38d2694-912f-4ad6-a0be-93e01577f6d3,nova cançó,Q89363113,singer-songwriter music,2,0,0,ring,,Catalan countries,IBERIA & LATIN AMERICA,,,single,singer-songwriter music,11,,,
Q98528264,266f3930-a0a9-4f96-8327-9b866debd043,slack-key guitar,Q43343,folk music,1,0,0,ring,,,OCEANIA > POLYNESIA & HAWAII,,,attach,music of Hawaii,0,,,
Q1093232,706fca71-b10d-4c7a-b210-1fe6763efbd9,stornello,Q43343,folk music,1,0,0,ring,,,EUROPE > ITALY & GREECE > ITALY,,,single,Italian folk music,8,,,
Q988502,d5dff60a-1362-46d2-9c19-654964335b77,sutartinė,Q43343,folk music,1,0,0,ring,,Lithuania,EUROPE > CENTRAL & EASTERN EUROPE,,,single,Lithuanian folk music | polyphony,10,,,
Q109526125,720d37ba-c234-4cee-be1a-071b023be9c9,taiko music,Q43343,folk music,1,0,0,ring,,,ASIA > JAPAN,,,single,Japanese folk music,0,,,
Q7676784,4e10edcf-be21-4aa9-989b-7602549a56f7,tajaraste,Q43343,folk music,1,0,0,ring,,Spain,EUROPE > SPAIN > SPANISH DANCE,,,attach,,2,,,
Q105883401,b92d3924-1b31-4a6c-8a22-457b29c0b708,takamba,Q43343,folk music,1,0,0,ring,,,AFRICA & THE MIDDLE EAST > WEST AFRICA > SAHEL & SENEGAMBIA,,,attach,Tuareg music,2,,,
Q7679165,2ed84e1c-b405-451e-b72c-8ee6f21a81fb,talempong,Q43343,folk music,1,0,0,ring,,,ASIA > SOUTHEAST ASIA > INDONESIA,,,attach,music of Indonesia,6,,,
Q3980452,fc62654d-d99f-48a7-9e00-db99fb5af8bb,talking blues,Q43343,folk music,1,0,0,ring,,United States,THE AMERICAS > NORTH AMERICA > AFRICAN-AMERICAN TRADITIONS,,,single,American folk music,4,,,
Q6138499,a976fda4-0a76-4159-ba30-e04aca643021,tamborito,Q43343,folk music,1,0,0,ring,,Panama,THE AMERICAS > CARIBBEAN COAST,,,auto,Hispanic American folk music | music of Panama,5,,,
Q10970468,6f6ec875-70ab-4d84-95a4-0aabaff2d607,Taquirari,Q43343,folk music,1,0,0,ring,,Bolivia · Moxo people,THE AMERICAS > ANDES & PACIFIC COAST,,,auto,Hispanic American folk music | music of Bolivia,2,,,
Q324617,00b4ef05-f026-420c-8850-18d8d6665268,tarantella,Q43343,folk music,1,2,2,ring,,Italy,EUROPE > ITALY & GREECE > ITALY,,,attach,,44,,,
Q2036172,fd86e927-260e-4d2c-ac38-fbf800a26c60,pizzica,Q324617,tarantella,2,0,0,ring,,,,,,attach,,14,,,
Q3980643,e02fc980-b842-4979-aa7d-d8803eef08dc,tammurriata,Q324617,tarantella,2,0,0,ring,,,,,,single,tarantella,3,,,
Q128792625,0ea57feb-3cb8-4ddf-9aa2-94100012cd3d,tarawangsa,Q43343,folk music,1,0,0,ring,,,ASIA > SOUTHEAST ASIA > INDONESIA,,,single,Southeast Asian folk music | Sundanese music,0,,,
Q110241400,9e646912-84b5-4f29-9652-98a8487b1c83,tassu,Q43343,folk music,1,0,0,ring,,,AFRICA & THE MIDDLE EAST > WEST AFRICA > SAHEL & SENEGAMBIA,,,attach,Wolof music,0,,,
Q108575656,96d548de-3e1c-4455-aff0-9f71299f7199,tchinkoumé,Q43343,folk music,1,0,0,ring,,Benin,"AFRICA & THE MIDDLE EAST > WEST AFRICA > GHANA, TOGO & BENIN",,,single,African folk music | Fon music,1,,,
Q124428373,4e57251b-a965-4d4d-80c5-475385467a84,tivaner inngernerlu,Q43343,folk music,1,0,0,ring,,,THE AMERICAS > NORTH AMERICA > INDIGENOUS TRADITIONS,,,attach,Greenlander music | Inuit music,0,,,
Q7810544,89b5a22e-81ef-485f-b69b-6dc2e8e0fddd,tizita,Q43343,folk music,1,0,0,ring,,,AFRICA & THE MIDDLE EAST > EAST AFRICA & THE HORN,,,attach,Ethiopic music,5,,,
Q16844015,2ba03974-4bde-495c-85b4-46aafb78b6aa,toada de boi,Q43343,folk music,1,0,0,ring,,,THE AMERICAS > BRAZIL & THE GUIANAS > BRAZILIAN SONG & POETRY,,,auto,Brazilian folk music | holiday music,2,,,
Q109406646,4c8c43d6-b22f-4b3d-89e7-2fcb3b7a3df5,tonada potosina,Q43343,folk music,1,0,0,ring,,Bolivia,THE AMERICAS > THE ANDES,,,auto,Andean music | indigenous American folk music,0,,,
Q108981355,cd839d99-6845-4dea-8956-a487bf7560ef,traditional séga,Q43343,folk music,1,1,1,ring,,,AFRICA & THE MIDDLE EAST > NORTH AFRICA & THE ISLANDS,,,auto,African folk music | sega,0,,,
Q139565726,5054b150-e6b1-4330-aecc-f08f420e4646,séga tambour,Q108981355,traditional séga,2,0,0,ring,,,,,,single,traditional séga,1,,,
Q1432540,34394cd2-16aa-4c4a-9771-bf9bb130b36f,trallalero,Q43343,folk music,1,0,0,ring,,Italy,SONG & DANCE FORMS > SONG,,,single,folk music | polyphony,4,,,
Q29252685,72f893ef-d7c0-4227-840b-bfe64607af14,trikiti,Q43343,folk music,1,0,0,ring,,,EUROPE > SPAIN > SPANISH DANCE,,,auto,Basque folk music,1,,,
Q3541635,8483ef4e-09f8-4f92-bc69-e20af93bdcb3,tsugaru-jamisen,Q43343,folk music,1,0,0,ring,,,ASIA > JAPAN,,,single,Japanese folk music,8,,,
Q2738469,8e17124b-12e6-4f7d-b56b-7a243691a62d,tumba,Q43343,folk music,1,0,0,ring,,,THE AMERICAS > THE CARIBBEAN,,,single,Caribbean folk music,4,,,
Q1810546,0b2a4765-d422-4063-9651-387c5230eaa2,Turkish folk music,Q43343,folk music,1,3,3,ring,,Turkey,AFRICA & THE MIDDLE EAST > MIDDLE EAST,,,single,West Asian folk music | music of Turkey,8,,,
Q1799871,ab2ca1f3-bf87-4258-97fc-aa9f948e3838,uzun hava,Q1810546,Turkish folk music,2,0,0,ring,,,,,,single,Turkish folk music,4,,,
Q106654144,76a8e3ee-720a-40a4-8d3a-7bf39d7c0f1e,zeybek,Q1810546,Turkish folk music,2,0,0,ring,,,,,,single,Turkish folk music,0,,,
Q89099707,66a9166e-2807-4e75-acb1-660913d8360b,özgün müzik,Q1810546,Turkish folk music,2,0,0,ring,,Turkey,,,,auto,Turkish folk music | pop music,1,,,
Q123556216,4ff2ba4c-53a2-4b9e-a6cf-324c51ffa145,tân cổ giao duyên,Q43343,folk music,1,0,0,ring,,,ASIA > SOUTHEAST ASIA > VIETNAM,,,attach,music of Vietnam,0,,,
Q127835715,044fdc79-ff32-4a2e-b759-368395809284,uaajeerneq,Q43343,folk music,1,0,0,ring,,,THE AMERICAS > NORTH AMERICA > INDIGENOUS TRADITIONS,,,attach,Greenlander music | Inuit music,0,,,
Q123105792,1fef48bb-3ac2-4c7a-9cda-4adbd9c638da,unakesa,Q43343,folk music,1,0,0,ring,,,THE AMERICAS > NORTH AMERICA > INDIGENOUS TRADITIONS,,,auto,indigenous American folk music | northeastern Brazilian music,0,,,
Q108665895,c55ccf47-f552-46ab-b69a-10b45f52af2e,upopo,Q43343,folk music,1,0,0,ring,,,ASIA > JAPAN,,,single,Ainu folk music,0,,,
Q110242082,18ae7ac1-4452-42e4-9a67-c977b567ab43,urumi melam,Q43343,folk music,1,0,0,ring,,,ASIA > SOUTH ASIA > INDIA,,,single,Tamil folk music,0,,,
Q123699455,35ed660a-421e-49f6-b003-5377ad3a65c8,vaigat music,Q43343,folk music,1,0,0,ring,,,THE AMERICAS > NORTH AMERICA > INDIGENOUS TRADITIONS,,,attach,music of Greenland,0,,,
Q1232283,9c6cbdd6-d513-48f1-8b49-bb9b8e68a06d,villancico,Q43343,folk music,1,0,0,ring,,Spain,EUROPE > SPAIN > SPANISH SONG,,,attach,music of the Iberian Peninsula,22,,,
Q3482281,ee5490d6-845d-4980-b3d7-cd7efa49ebba,visa,Q43343,folk music,1,0,0,ring,,,EUROPE > THE NORDIC COUNTRIES,,,attach,music of the Nordic countries,6,,,
Q115776141,6872a5ba-a511-4903-bdaa-08eed4e39dea,vude,Q43343,folk music,1,0,0,ring,,Fiji,OCEANIA > MELANESIA & MICRONESIA,,,attach,music of Fiji,0,,,
Q7967858,89832b52-e1bd-41da-9969-37169c1b17fd,wangga,Q43343,folk music,1,0,0,ring,,Prehistory of Australia,OCEANIA > AUSTRALIA,,,attach,indigenous Australian music,1,,,
Q127624,f974a851-062d-45f5-a3dd-11483531305b,white voice,Q43343,folk music,1,0,0,ring,,Eastern Europe,SONG & DANCE FORMS > SONG,,,single,traditional folk music | vocal music,6,,,
Q502658,4d95a70b-1efa-4f8e-9161-781621a2f1a3,work song,Q43343,folk music,1,3,3,ring,,,SONG & DANCE FORMS > SONG,,,attach,,29,,,
Q4993817,0c7e242a-ce78-4b34-becd-7b1a91529a0b,military cadence,Q502658,work song,2,0,0,ring,,,,,,single,work song,6,,,
Q1195253,8b952b7d-f5e0-410b-9c3b-2800fa80bcdb,sea shanty,Q502658,work song,2,0,0,ring,,,,,,single,sailor song | work song,27,,,
Q7975176,80c781c0-b36e-4e8f-a891-663feacc7508,waulking song,Q502658,work song,2,0,0,ring,,,,,,auto,Scottish folk music | work song,2,,,
Q3570841,3456e6ad-a252-4ebe-bc2e-42732b05caa2,xaxado,Q43343,folk music,1,0,0,ring,,,THE AMERICAS > BRAZIL & THE GUIANAS > BRAZILIAN DANCE & DRUMMING,,,auto,Brazilian folk music | northeastern Brazilian music,5,,,
Q10836741,190e00da-34f3-427c-8b20-64738822793e,xẩm,Q43343,folk music,1,0,0,ring,,Vietnam,ASIA > SOUTHEAST ASIA > VIETNAM,,,single,Vietnamese folk music,4,,,
Q106558878,33e7453a-181b-4637-82bd-dc79cce9e110,yaraví,Q43343,folk music,1,0,0,ring,,,THE AMERICAS > ANDES & PACIFIC COAST,,,auto,Hispanic American folk music,3,,,
Q60030725,d988e7a5-c7e1-474c-807a-cb4434564b20,yodel,Q43343,folk music,1,0,0,ring,,,SONG & DANCE FORMS > SONG,,,single,traditional folk music | vocal music,0,,,
Q1193421,b95d5ef3-9fd0-4277-92bd-c28418663e3b,yukar,Q43343,folk music,1,0,0,ring,,,ASIA > JAPAN,,,single,Ainu folk music | vocal music,15,,,
Q2738178,2de05713-08b6-4d65-951a-5ac6383c8a7d,zamacueca,Q43343,folk music,1,0,0,ring,,Peru,THE AMERICAS > ANDES & PACIFIC COAST,,,auto,Hispanic American folk music,7,,,
Q3106448,51e68066-0c41-433b-8b89-8fc66fd8e11a,zamba,Q43343,folk music,1,0,0,ring,,Argentina · Bolivia · Chile · Peru,THE AMERICAS > RÍO DE LA PLATA,,,auto,Hispanic American folk music,14,,,
Q106654137,15ec4a95-f611-47db-aa3d-5882968864da,zinli,Q43343,folk music,1,0,0,ring,,Benin,"AFRICA & THE MIDDLE EAST > WEST AFRICA > GHANA, TOGO & BENIN",,,single,African folk music | Fon music,2,,,
Q106654136,687e49fc-5289-4bf9-9c2a-ba7f1f63c54a,zohioliin duu,Q43343,folk music,1,0,0,ring,,,ASIA > CHINA & MONGOLIA,,,attach,music of Mongolia,0,,,
Q3408409,84f1c888-3abd-4840-8fb1-dc21d37881af,čalgija,Q43343,folk music,1,0,0,ring,,Bulgaria · North Macedonia · Serbia,EUROPE > THE BALKANS,,,single,Macedonian folk music | starogradska muzika,4,,,
Q3357584,85015508-d15d-46b3-8755-1fd1a8cd09d5,ʻōteʻa,Q43343,folk music,1,0,0,ring,,,OCEANIA > POLYNESIA & HAWAII,,,attach,music of Tahiti,4,,,
Q18345375,7369bb8b-3399-4180-8cb2-4e37e0e7b0e7,Latin music,,,0,112,256,group,,Ibero-America · Portugal · Spain · United States,,,,root,,15,6,oct,55
Q18217098,ace16f38-882c-4175-9643-bcb658430600,New Mexico music,Q18345375,Latin music,1,0,0,ring,1300,United States,MEXICO & CENTRAL AMERICA > MEXICO,,,single,Latin music | music of North America,2,,,
Q9764,961c6dad-8cf0-47ab-bc09-ccd011f9ef28,flamenco,Q18345375,Latin music,1,2,3,ring,1774,Spain,SPAIN,,,single,Latin music | music of Spain,111,,,
Q3053954,57ab94f1-8407-45d5-a9d4-16c339bd86f0,new flamenco,Q9764,flamenco,2,1,1,ring,1970,,,,,single,flamenco,12,,,
Q1426909,93ebcf80-bbe0-4e0d-ba0c-0591df462d91,flamenco jazz,Q3053954,new flamenco,3,0,0,ring,1967,,,,,auto,jazz | new flamenco,4,,,
Q108297241,c0fc336d-506d-443d-b335-32d81f416466,flamenco pop,Q9764,flamenco,2,0,0,ring,,,,,,auto,flamenco | pop music,0,,,
Q282131,3f5f955d-f505-484a-b397-d0bf0760d8f3,merengue,Q18345375,Latin music,1,5,5,ring,1850,Dominican Republic,"CUBA & THE CARIBBEAN > THE WIDER CARIBBEAN > PUERTO RICO, HISPANIOLA & THE COAST",,,single,music of the Dominican Republic | popular music | tropical music,36,,,
Q3855113,68bbe7de-b2df-47c2-87c4-19ec6306a92f,merenhouse,Q282131,merengue,2,0,0,ring,1990,United States,,,,single,merengue,4,,,
Q116316147,e58cf0cc-72ec-48b6-8a7e-6f99557e246d,mambo urbano,Q282131,merengue,2,0,0,ring,,,,,,single,merengue,0,,,
Q9031739,74e9b856-a463-42ff-9b18-e80e80fd8bab,merecumbé,Q282131,merengue,2,0,0,ring,,,,,,auto,cumbia | merengue,3,,,
Q6819034,6f393dc6-19e9-485d-bb08-6f8cf5759d58,merengue típico,Q282131,merengue,2,0,0,ring,,,,,,single,merengue,2,,,
Q6140143,f63a8886-f91a-4a1e-9469-1fa69eff5239,tecnomerengue,Q282131,merengue,2,0,0,ring,,,,,,single,merengue | music of South America,1,,,
Q7142141,2e311ada-f643-4b25-8951-962db715da58,pasillo,Q18345375,Latin music,1,0,0,ring,1850,Colombia · Ecuador,THE ANDES & THE PACIFIC > COLOMBIA & VENEZUELA,,,single,music of Latin America,14,,,
Q1076539,600367ac-a24d-49dc-bd5c-d7e5b4d24d4c,choro,Q18345375,Latin music,1,0,0,ring,1875,Brazil,BRAZIL > SAMBA & BOSSA NOVA,,,single,music of Brazil,20,,,
Q3889661,7e0a5f35-f39d-4c45-9f76-0e2e34caa65c,marchinha,Q18345375,Latin music,1,0,0,ring,1899,Brazil,DANCE & CARNIVAL > CARNIVAL & STREET,,,single,carnival music | music of Brazil,6,,,
Q752785,b44a8ffd-e717-4d73-99ea-9fe5d245339d,calypso,Q18345375,Latin music,1,1,1,ring,1900,Trinidad and Tobago,CUBA & THE CARIBBEAN > THE WIDER CARIBBEAN > TRINIDAD & THE ENGLISH-SPEAKING ISLANDS,,,attach,music of the Caribbean,38,,,
Q117223398,5d84b19a-0f1a-45d2-b296-b4f3a5f9a051,calipso venezolano,Q752785,calypso,2,0,0,ring,,,,,,auto,calypso | music of Venezuela,0,,,
Q1090048,dc726e7d-7f0d-47e8-9172-c9311d7bd4a8,chutney music,Q18345375,Latin music,1,0,0,ring,1900,Trinidad and Tobago,CUBA & THE CARIBBEAN > THE WIDER CARIBBEAN > TRINIDAD & THE ENGLISH-SPEAKING ISLANDS,,,attach,music of the Caribbean,11,,,
Q586110,8b8567eb-b8b8-466f-962d-948942eef8c2,forró,Q18345375,Latin music,1,2,4,ring,1900,Brazil,DANCE & CARNIVAL > SONG FORMS,,,single,dance music | music of Brazil,22,,,
Q10283582,d6c5fa61-1ffe-4bd9-9be4-088e7654d54b,electronic forró,Q586110,forró,2,2,2,ring,,Brazil,,,,single,forró,2,,,
Q124637903,1da53000-31ee-4b41-b41b-9f217932a322,forró de favela,Q10283582,electronic forró,3,0,0,ring,,,,,,single,electronic forró,0,,,
Q108857881,595f36d5-4357-4885-9152-155b64c8f19b,piseiro,Q10283582,electronic forró,3,0,0,ring,,,,,,single,pisadinha,1,,,
Q10283584,4c704362-59fc-4078-8642-0760356913b7,forró universitário,Q586110,forró,2,0,0,ring,,Brazil,,,,single,forró,1,,,
Q835562,fadba332-9cf8-4350-99fb-7744e869cc69,habanera,Q18345375,Latin music,1,0,0,ring,1900,Cuba,CUBA & THE CARIBBEAN > DANZÓN & BALLROOM,,,single,music of Cuba,27,,,
Q2420447,2227647c-a849-40d1-9ba8-24c2cc01c411,trova,Q18345375,Latin music,1,0,0,ring,1900,Cuba,CUBA & THE CARIBBEAN > SON & GUARACHA,,,single,music of Cuba,7,,,
Q1574985,bff33e5d-d591-498f-927f-b26c5527d817,Vallenato,Q18345375,Latin music,1,0,0,ring,1900,Colombia,THE ANDES & THE PACIFIC > COLOMBIA & VENEZUELA,,,single,Hispanic American music | music of Colombia | music of the Caribbean | tropical music,29,,,
Q11403,2447a0ec-e65f-48c7-b402-05cfe5c62cb7,samba,Q18345375,Latin music,1,15,19,dial,1914,Brazil,BRAZIL > SAMBA & BOSSA NOVA,,,single,music of Brazil,96,,,
Q3470688,0cacd6c7-be5e-4577-91b9-a82d1063e3ba,samba de gafieira,Q11403,samba,2,0,0,ring,1930,Brazil,SAMBA & SONG,,,single,samba,4,,,
Q834959,e52cb48b-1d55-447f-82e2-9b9098591ded,samba rock,Q11403,samba,2,1,1,ring,1967,Brazil,MODERN SAMBA,,,single,samba,8,,,
Q108556056,465ac90e-f566-4987-a4b3-8f007a0a1605,samba soul,Q834959,samba rock,3,0,0,ring,,,,,,single,samba rock,1,,,
Q3360459,4bcd6118-46ff-4903-a466-e1485005a3ba,pagode,Q11403,samba,2,2,3,ring,1978,Brazil,MODERN SAMBA,,,single,samba,7,,,
Q25448883,c22b6f3c-b9ae-4759-8a10-9e35d2cdc463,pagode baiano,Q3360459,pagode,3,1,1,ring,1995,Brazil,,,,auto,axé | pagode,5,,,
Q100139647,ca5acfa3-be7b-4cee-8d4d-bca0261002b9,arrochadeira,Q25448883,pagode baiano,4,0,0,ring,2010,Brazil,,,,auto,arrocha | swingueira,4,,,
Q10343541,fb48ed36-cb49-4ad7-8c26-a91574c795b2,pagode romântico,Q3360459,pagode,3,0,0,ring,,Brazil,,,,single,pagode,1,,,
Q19816,5ed45c54-2d5c-4b5f-adc2-55adb19269ea,batucada,Q11403,samba,2,0,0,ring,,Brazil,TRADITIONAL SAMBA,,,single,samba,14,,,
Q1420722,bc578f07-d984-48fb-8075-63b751288966,partido alto,Q11403,samba,2,0,0,ring,,,TRADITIONAL SAMBA,,,single,samba,6,,,
Q10367246,67fb3869-7550-47dc-a93a-7c613bd31f04,samba de breque,Q11403,samba,2,0,0,ring,,Brazil,TRADITIONAL SAMBA,,,single,samba,3,,,
Q10367249,298f470d-37a8-4188-8d2b-196636779e66,samba de terreiro,Q11403,samba,2,0,0,ring,,Brazil,TRADITIONAL SAMBA,,,single,samba,2,,,
Q10367225,efedf5ea-8f9b-4db0-9a8a-417738b46912,samba rap,Q11403,samba,2,0,0,ring,,Brazil,MODERN SAMBA,,,auto,hip-hop | samba,0,,,
Q4215151,77a3669c-d74b-4a08-aa68-d8858bac931a,samba-canção,Q11403,samba,2,0,0,ring,,Brazil,SAMBA & SONG,,,single,samba,5,,,
Q10367217,b66954d8-1fd8-4338-8de0-4f2a2ac19958,samba-choro,Q11403,samba,2,0,0,ring,,Brazil,SAMBA & SONG,,,single,samba,3,,,
Q3470692,3b1a5653-15d9-44d4-88b9-0a4f1d3aba52,samba-enredo,Q11403,samba,2,0,0,ring,,Brazil,TRADITIONAL SAMBA,,,single,samba,5,,,
Q10367220,b73e4b0c-753a-4972-bc36-bc0ee4e18c97,samba-exaltação,Q11403,samba,2,0,0,ring,,Brazil,TRADITIONAL SAMBA,,,single,samba,3,,,
Q13634037,b79b9937-5cb9-418d-a0c4-63192689f4ae,samba-jazz,Q11403,samba,2,0,0,ring,,Brazil,SAMBA & SONG,,,auto,jazz | samba,6,,,
Q10367222,085e3b2e-c34f-4294-861a-c5812dd55a4f,samba-joia,Q11403,samba,2,0,0,ring,,Brazil,SAMBA & SONG,,,single,samba,3,,,
Q10367259,185d3df1-4d9a-4109-8501-f86babc85860,sambalanço,Q11403,samba,2,0,0,ring,,Brazil,MODERN SAMBA,,,single,samba,3,,,
Q208239,717f442d-59d1-4349-a14e-c4874acd3509,salsa,Q18345375,Latin music,1,4,4,ring,1920,Latin America · United States,DANCE & CARNIVAL > BALLROOM & COUPLE DANCES,,,single,dance music | tropical music,40,,,
Q7405759,6b985a4b-c11b-4fa7-8130-66edbe398670,salsa dura,Q208239,salsa,2,0,0,ring,1975,United States,,,,single,salsa,1,,,
Q371745,6b8e3c88-add3-4b27-b2ec-a2135edf6e95,timba,Q208239,salsa,2,0,0,ring,1988,Cuba,,,,single,music of Cuba | salsa,9,,,
Q20016116,bec0194d-b9ec-4c82-86fd-4a390ec06d61,salsa choke,Q208239,salsa,2,0,0,ring,,,,,,single,salsa,2,,,
Q7405765,fc032b6b-f0a2-4c67-80b6-81605aaaad90,salsa romántica,Q208239,salsa,2,0,0,ring,,,,,,single,salsa,4,,,
Q1958273,8f34dcd7-4e90-4bec-ba28-872da1eda808,sertanejo,Q18345375,Latin music,1,4,8,ring,1920,Brazil,BRAZIL > MODERN BRAZILIAN POP,,,single,music of Brazil,17,,,
Q4011109,7f427215-ec5a-4c44-b287-ce501c2efa7f,rasqueado,Q1958273,sertanejo,2,0,0,ring,,Brazil,,,,single,sertanejo,1,,,
Q106594814,93fff4e6-f9ca-4da2-bc93-92314f32293d,sertanejo de raiz,Q1958273,sertanejo,2,1,1,ring,,,,,,auto,Brazilian folk music | sertanejo,0,,,
Q10331354,52ae87ae-fbc7-41fa-b1da-2bbc455dfe8e,moda de viola,Q106594814,sertanejo de raiz,3,0,0,ring,,Brazil,,,,single,sertanejo de raiz,1,,,
Q106594830,2134f5eb-9ee1-46fa-84ce-f8f3859302bc,sertanejo romântico,Q1958273,sertanejo,2,0,0,ring,,,,,,single,sertanejo,0,,,
Q10370558,23e3d253-a8c6-4c77-8d82-5b7afc3cc360,sertanejo universitário,Q1958273,sertanejo,2,3,3,ring,,Brazil,,,,single,sertanejo,3,,,
Q138617267,49fed886-b666-4bdb-9363-c5190571732e,agronejo,Q10370558,sertanejo universitário,3,0,0,ring,,Brazil,,,,single,sertanejo universitário,0,,,
Q113205225,bf41e0b3-3b03-4b1b-ab3b-f818f51fc685,arrocha sertanejo,Q10370558,sertanejo universitário,3,0,0,ring,,,,,,single,sertanejo universitário,0,,,
Q108297247,46863f4f-1d41-49d8-8e1a-7cca3bbb8ba4,funknejo,Q10370558,sertanejo universitário,3,0,0,ring,,Brazil,,,,auto,Brazilian funk | sertanejo universitário,2,,,
Q1646666,f6fb8e67-cd02-4fb4-b256-2970000dcb46,mambo,Q18345375,Latin music,1,0,0,ring,1937,,CUBA & THE CARIBBEAN > DANZÓN & BALLROOM,,,single,music of Cuba | tropical music,11,,,
Q2707994,92eb009d-ddeb-4004-9ad6-3fd3a9785d9a,Catalan rumba,Q18345375,Latin music,1,0,0,ring,1940,,SPAIN,,,single,music of Catalonia,13,,,
Q155119,4b0743d9-932c-4d6f-bbfb-9dfd33136559,cuarteto,Q18345375,Latin music,1,0,0,ring,1940,Argentina,THE SOUTHERN CONE,,,single,music of Argentina,8,,,
Q367751,bbe70cad-e184-42e5-9b90-e14438ba4363,pachanga,Q18345375,Latin music,1,0,0,ring,1950,Cuba,CUBA & THE CARIBBEAN > DANZÓN & BALLROOM,,,single,music of Cuba,14,,,
Q3069904,2251832b-c7a8-464e-b0bc-374ffbffdd21,porro,Q18345375,Latin music,1,0,0,ring,1950,Colombia,THE ANDES & THE PACIFIC > COLOMBIA & VENEZUELA,,,single,Hispanic American music | music of the Caribbean,6,,,
Q486263,573a284f-2ae3-4636-af36-10fc1078d295,bossa nova,Q18345375,Latin music,1,0,0,ring,1958,Brazil,BRAZIL > SAMBA & BOSSA NOVA,,,single,music of Brazil | popular music,62,,,
Q40461,b413acf5-112a-4d44-a61f-9abe28f0dfac,bachata,Q18345375,Latin music,1,0,0,ring,1960,Dominican Republic,DANCE & CARNIVAL > BALLROOM & COUPLE DANCES,,,single,dance music | music of the Dominican Republic | tropical music,39,,,
Q4848738,b7c9c95e-3153-4cff-917f-b63d4f9abf9a,baithak gana,Q18345375,Latin music,1,0,0,ring,1965,Suriname,CUBA & THE CARIBBEAN > THE WIDER CARIBBEAN > SURINAME & GUYANA,,,attach,music of the Caribbean,6,,,
Q23925185,65785a84-5993-46c8-85af-1b7ebf0bc240,pilón,Q18345375,Latin music,1,0,0,ring,1965,Cuba,CUBA & THE CARIBBEAN > RUMBA & AFRO-CUBAN,,,single,music of Cuba,1,,,
Q1046768,7b447f98-1e94-4e57-9bb8-373743fbcdd8,música popular brasileira,Q18345375,Latin music,1,1,1,ring,1966,Brazil,BRAZIL > SAMBA & BOSSA NOVA,,,single,music of Brazil,24,,,
Q1413061,d86535f2-0a13-46b1-97a4-024ed9c9002d,tropicália,Q1046768,música popular brasileira,2,0,0,ring,1967,Brazil,,,,single,música popular brasileira,22,,,
Q2932658,e05ce570-eb7a-4037-9391-3ac34a8033f9,cadence-lypso,Q18345375,Latin music,1,0,0,ring,1970,Dominica · Haiti · Trinidad and Tobago,CUBA & THE CARIBBEAN > THE WIDER CARIBBEAN > FRENCH ANTILLES & GUIANA,,,attach,French Caribbean music,3,,,
Q1051735,b251cd9a-990c-49f6-8da3-db3457aa2114,soca music,Q18345375,Latin music,1,5,5,ring,1970,Trinidad and Tobago,CUBA & THE CARIBBEAN > THE WIDER CARIBBEAN > TRINIDAD & THE ENGLISH-SPEAKING ISLANDS,,,attach,music of the Caribbean,23,,,
Q121437377,609007f1-a761-47bd-b154-035f35859c7e,bashment soca,Q1051735,soca music,2,0,0,ring,,,,,,single,soca music,0,,,
Q5118383,b7262a81-d143-49b0-9653-39308b4e6ba1,chutney soca,Q1051735,soca music,2,0,0,ring,,Trinidad and Tobago,,,,auto,chutney music | soca music,3,,,
Q108297227,69059728-4972-43d8-86d2-e0c7f081f9af,dennery segment,Q1051735,soca music,2,0,0,ring,,,,,,single,French Caribbean music | soca music,0,,,
Q109930142,c2aae0ae-419a-4b22-904c-cdf4c6f678e7,power soca,Q1051735,soca music,2,0,0,ring,,,,,,single,soca music,0,,,
Q650505,cf8b9e6f-c025-44f9-b89c-2218ed2df9e4,rapso,Q1051735,soca music,2,0,0,ring,,,,,,single,soca music,3,,,
Q283405,feab181e-3181-47c8-ab31-67501b94e083,punta,Q18345375,Latin music,1,0,0,ring,1978,Belize · Honduras,MEXICO & CENTRAL AMERICA > CENTRAL AMERICA,,,attach,music of the Caribbean,13,,,
Q1435485,32cb036c-1f11-47e9-869e-ede70c307cfe,axé,Q18345375,Latin music,1,1,1,ring,1980,Brazil,BRAZIL > NORTHEASTERN BRAZIL,,,single,music of Brazil,18,,,
Q455686,eb367415-e473-460d-b812-3dd20d39f8b0,samba reggae,Q1435485,axé,2,0,0,ring,1987,Brazil,,,,single,axé,8,,,
Q1061165,55d05e59-4829-4e98-8cb7-5d769cafb576,champeta,Q18345375,Latin music,1,0,0,ring,1980,Colombia,THE ANDES & THE PACIFIC > COLOMBIA & VENEZUELA,,,single,Hispanic American music | music of the Caribbean,7,,,
Q227045,34d6235e-91cd-452f-95fb-2f8ce6508471,zouk,Q18345375,Latin music,1,4,4,ring,1986,French West Indies,CUBA & THE CARIBBEAN > THE WIDER CARIBBEAN > FRENCH ANTILLES & GUIANA,,,attach,French Caribbean music,22,,,
Q5618068,57f979f1-cfe0-47da-ae62-4791c81f376a,gumbé,Q227045,zouk,2,0,0,ring,1973,Guinea-Bissau · Sierra Leone,,,,single,zouk,6,,,
Q16525381,a7e0229c-6e53-45f1-a6f2-a791e78b159e,Afro-zouk,Q227045,zouk,2,0,0,ring,,,,,,single,zouk,1,,,
Q16534955,932278bb-3214-4936-8896-e8dea057ab98,cabo zouk,Q227045,zouk,2,0,0,ring,,,,,,single,zouk,1,,,
Q8074636,daf31859-bf65-495b-a15a-7e522c1f269e,zouk-love,Q227045,zouk,2,0,0,ring,,,,,,single,zouk,2,,,
Q4950496,0f84c39e-ab26-4ad7-aa3b-cc7ac0a3c0de,bouyon,Q18345375,Latin music,1,0,0,ring,1988,Dominica,CUBA & THE CARIBBEAN > THE WIDER CARIBBEAN > FRENCH ANTILLES & GUIANA,,,attach,French Caribbean music,2,,,
Q117745223,dfdf3e46-3b2b-417e-9346-86f9a5bac360,Brazilian funk,Q18345375,Latin music,1,11,16,dial,1989,,BRAZIL > MODERN BRAZILIAN POP,,,attach,US bass music | club/dance music | music of Brazil,2,,,
Q1931130,62619990-1f83-4043-9cd5-df3e8110f2dc,funk carioca,Q117745223,Brazilian funk,2,2,2,ring,1980,Brazil,FUNK CARIOCA & MELODY,,,single,Brazilian funk,17,,,
Q10354439,e16c5953-fcbf-4d5d-b344-1e0a9d43d4a4,funk proibidão,Q1931130,funk carioca,3,0,0,ring,1990,Brazil,,,,single,funk carioca,5,,,
Q15893013,de77774c-b254-4597-896a-257cbe04e84a,funk ostentação,Q1931130,funk carioca,3,0,0,ring,2008,Brazil,,,,single,funk carioca,5,,,
Q10286515,7682b943-d17e-4465-a383-2643db9bfa57,funk melody,Q117745223,Brazilian funk,2,0,0,ring,1991,Brazil,FUNK CARIOCA & MELODY,,,auto,Brazilian funk | dance-pop,5,,,
Q20716146,4347ec28-f2ba-41bf-95ed-144e0447e663,rasteirinha,Q117745223,Brazilian funk,2,0,0,ring,2012,Brazil,FUNK CARIOCA & MELODY,,,single,Brazilian funk,3,,,
Q97181439,c3be4ef7-9d5a-417f-850c-bbbaf7ecfa24,arrocha funk,Q117745223,Brazilian funk,2,0,0,ring,2015,,FUSIONS,,,single,Brazilian funk,1,,,
Q107010629,a9f57c3b-fede-4e59-b3fa-15cc036b210d,funk mandelão,Q117745223,Brazilian funk,2,3,3,ring,2016,,NEW BEATS,,,single,Brazilian funk,1,,,
Q113622724,db9257e9-914e-475f-bca1-84064d5ebf18,beat bruxaria,Q107010629,funk mandelão,3,0,0,ring,,,,,,single,funk mandelão,1,,,
Q130391349,e8856e91-becf-4b0c-9c88-ef3e3af7a9c9,funk automotivo,Q107010629,funk mandelão,3,0,0,ring,,,,,,single,funk mandelão,0,,,
Q128792618,7a26b24d-2405-40b3-b2fd-ff5f9c90ff05,ritmada,Q107010629,funk mandelão,3,0,0,ring,,,,,,single,funk mandelão,0,,,
Q124661614,7c31e249-0cdf-4dcd-8655-1de189de51e5,beat bolha,Q117745223,Brazilian funk,2,0,0,ring,,,NEW BEATS,,,single,Brazilian funk,0,,,
Q124728302,db233525-d84c-4073-980b-a418b6ffe968,beat fino,Q117745223,Brazilian funk,2,0,0,ring,,,NEW BEATS,,,single,Brazilian funk,0,,,
Q138314537,541c4682-6b8e-47c9-8496-bef08400764b,funk consciente,Q117745223,Brazilian funk,2,0,0,ring,,,FUNK CARIOCA & MELODY,,,single,Brazilian funk,0,,,
Q119580609,e97cea9c-9cc8-48fa-a20f-d05540a31311,funk de BH,Q117745223,Brazilian funk,2,0,0,ring,,,NEW BEATS,,,single,Brazilian funk,0,,,
Q122474184,0c74e40a-9ef1-4214-ba4b-7143802c5bfc,mega funk,Q117745223,Brazilian funk,2,0,0,ring,,,FUNK CARIOCA & MELODY,,,auto,Brazilian bass | Brazilian funk,0,,,
Q127835664,eddcea5d-8204-4ad6-9cef-42f8d009cd50,trapfunk,Q117745223,Brazilian funk,2,0,0,ring,,Brazil,FUSIONS,,,single,Brazilian funk,1,,,
Q202930,bb14fb18-af6b-4547-9130-47fc4b208f48,reggaeton,Q18345375,Latin music,1,7,8,ring,1990,Puerto Rico,"CUBA & THE CARIBBEAN > THE WIDER CARIBBEAN > PUERTO RICO, HISPANIOLA & THE COAST",,,attach,popular music,54,,,
Q6111428,9e610aac-333e-45f9-baf9-ca799de4a239,romantic style,Q202930,reggaeton,2,0,0,ring,1980,Panama,,,,single,reggaeton,1,,,
Q96395212,46481d3d-f9f4-4fe3-af5b-c861c5e18aad,neoperreo,Q202930,reggaeton,2,0,0,ring,2011,,,,,single,feminist music | reggaeton,5,,,
Q4838724,f28daa06-8447-4cdc-bb32-73f6d709252e,bachatón,Q202930,reggaeton,2,0,0,ring,,,,,,single,reggaeton,1,,,
Q108297222,1523fb0d-3603-485b-b126-94b8718dcb3a,cubaton,Q202930,reggaeton,2,1,1,ring,,,,,,auto,music of Cuba | reggaeton,0,,,
Q124713283,7d261844-0aa2-481a-b573-3e467133e886,reparto,Q108297222,cubaton,3,0,0,ring,,Cuba,,,,single,cubaton,1,,,
Q118678057,19f0e932-8eae-4b16-9868-78806781408d,cumbiaton,Q202930,reggaeton,2,0,0,ring,,,,,,auto,music of Mexico | reggaeton,0,,,
Q137171613,6e1509e6-4b37-4fee-a8b4-93ccaba6547e,doble paso,Q202930,reggaeton,2,0,0,ring,,,,,,single,reggaeton,0,,,
Q111357005,043faf53-1874-4ef3-b5e0-52e3de25291e,RKT,Q202930,reggaeton,2,0,0,ring,,,,,,single,reggaeton,1,,,
Q1759189,815f2b3d-5b2c-4901-b859-58de130931fb,mangue bit,Q18345375,Latin music,1,0,0,ring,1991,Brazil,BRAZIL > MODERN BRAZILIAN POP,,,single,music of Brazil,12,,,
Q16491869,3c63b017-05b2-4a64-a724-1ef50119e1ac,Dominican dembow,Q18345375,Latin music,1,0,0,ring,2000,Dominican Republic,"CUBA & THE CARIBBEAN > THE WIDER CARIBBEAN > PUERTO RICO, HISPANIOLA & THE COAST",,,single,Hispanic American music | music of the Caribbean,5,,,
Q383530,d2d6de50-4dd8-4838-92ac-aa6d1e600bba,afoxê,Q18345375,Latin music,1,0,0,ring,,Brazil,BRAZIL > NORTHEASTERN BRAZIL,,,single,music of Brazil,6,,,
Q65447927,87177b7a-4a61-4cf3-8c24-c997d4d86509,aleke,Q18345375,Latin music,1,0,0,ring,,,CUBA & THE CARIBBEAN > THE WIDER CARIBBEAN > SURINAME & GUYANA,,,attach,music of Guyana | music of the Caribbean,1,,,
Q5713112,764f939b-69d6-4713-99e6-18f67c8de045,avanzada,Q18345375,Latin music,1,0,0,ring,,,THE SOUTHERN CONE,,,single,Hispanic American music | music of Paraguay,1,,,
Q5716336,29a3487c-a590-4688-8b8b-a1b4b9d16b9c,baguala,Q18345375,Latin music,1,0,0,ring,,Argentina,THE ANDES & THE PACIFIC > THE ANDES,,,single,Andean music,2,,,
Q2879962,8baa6f41-4b0a-476b-9b38-fcb296f07fd1,baião,Q18345375,Latin music,1,0,0,ring,,Brazil,BRAZIL > NORTHEASTERN BRAZIL,,,single,music of Brazil,12,,,
Q111241124,fb47c26a-fbf1-44a9-8ded-d9e2f9594e7d,bandinha,Q18345375,Latin music,1,0,0,ring,,,BRAZIL > MODERN BRAZILIAN POP,,,single,music of Brazil,0,,,
Q814402,4f9519f9-6bbc-4f2e-a279-c4fdf216a2f3,biguine,Q18345375,Latin music,1,0,0,ring,,,CUBA & THE CARIBBEAN > THE WIDER CARIBBEAN > FRENCH ANTILLES & GUIANA,,,single,French Caribbean music | Latin dance music,3,,,
Q15830404,49fa872d-561c-4f8a-aea4-fbe7f67e1bd6,bolero,Q18345375,Latin music,1,2,2,ring,,Cuba,CUBA & THE CARIBBEAN > DANZÓN & BALLROOM,,,single,music of Latin America | tropical music,26,,,
Q6397421,ae4e05d3-6ae6-41b2-9b63-7c9e27784e27,Bolero son,Q15830404,bolero,2,0,0,ring,,Cuba,,,,auto,bolero | son cubano,1,,,
Q5393053,7678f757-523b-4b7f-aee8-5f393eb5c8ed,filin,Q15830404,bolero,2,0,0,ring,,Cuba,,,,single,bolero | music of Cuba,3,,,
Q489913,24a95713-041e-4841-880e-55e8790d17b3,bolero,Q18345375,Latin music,1,0,0,ring,,,SPAIN,,,single,music of Spain,31,,,
Q2278063,bfcda809-1a59-49a5-abe9-e51d26ac8594,bomba,Q18345375,Latin music,1,0,0,ring,,,"CUBA & THE CARIBBEAN > THE WIDER CARIBBEAN > PUERTO RICO, HISPANIOLA & THE COAST",,,single,Latin music | music of Puerto Rico | tropical music,8,,,
Q2464314,26cac57c-af02-4f60-829b-2c2cfc66bb66,brega,Q18345375,Latin music,1,3,6,ring,,Brazil,BRAZIL > MODERN BRAZILIAN POP,,,single,music of Brazil,10,,,
Q8251828,776b9bfd-7532-47b1-a99e-3d97183d218a,brega pop,Q2464314,brega,2,0,0,ring,1990,Brazil,,,,auto,brega | pop music,4,,,
Q1634085,694e1a00-cb09-4eb0-9064-402ef8a1059d,tecno brega,Q2464314,brega,2,2,3,ring,2000,Brazil,,,,auto,brega | electronic music,10,,,
Q97278139,719e578f-ebc9-4d47-bb40-14bd222900ed,brega funk,Q1634085,tecno brega,3,1,1,ring,2011,,,,,auto,Brazilian funk | tecno brega,4,,,
Q97178866,38345d21-80bd-48a0-b0bf-b0fb35cdfe2a,batidão romântico,Q97278139,brega funk,4,0,0,ring,2018,,,,,single,brega funk,3,,,
Q117193818,ead3ec76-41fa-4d3e-bddd-0c6f833a769f,tecnofunk,Q1634085,tecno brega,3,0,0,ring,,,,,,auto,Brazilian funk | tecno brega,0,,,
Q2863648,c874cd28-1d84-43f5-bccf-9fbfd9258111,arrocha,Q2464314,brega,2,0,0,ring,,Brazil,,,,single,brega,5,,,
Q3191747,8da28d3e-6354-4655-8f03-f1ac09bd1612,cadence rampa,Q18345375,Latin music,1,0,0,ring,,Haiti,CUBA & THE CARIBBEAN > THE WIDER CARIBBEAN > HAITI,,,single,music of Haiti,6,,,
Q123253590,7cdc3f17-8344-41ce-bbb6-28a1762f19c0,caporal,Q18345375,Latin music,1,0,0,ring,,,THE ANDES & THE PACIFIC > THE ANDES,,,single,music of Bolivia,0,,,
Q1036183,e2fd581b-495c-4023-8e6b-5f8f0836619f,carimbó,Q18345375,Latin music,1,0,0,ring,,Brazil,BRAZIL > NORTHEASTERN BRAZIL,,,single,music of Brazil,10,,,
Q16986699,e8a66eb6-882a-49fe-81d3-73f05a0a027f,cha-cha-chá,Q18345375,Latin music,1,0,0,ring,,Cuba,DANCE & CARNIVAL > BALLROOM & COUPLE DANCES,,,single,dance music | music of Cuba | tropical music,8,,,
Q1062199,42419c8a-48ab-4b1e-a3d2-48b2a4d9ebdb,changüí,Q18345375,Latin music,1,0,0,ring,,,CUBA & THE CARIBBEAN > SON & GUARACHA,,,single,music of Cuba,8,,,
Q961146,07dd5fb7-c8fe-4e8b-8608-1cf606158a19,chilena,Q18345375,Latin music,1,0,0,ring,,,MEXICO & CENTRAL AMERICA > MEXICO,,,single,music of Mexico,4,,,
Q502448,e348168e-24f8-4d6a-87ed-b9389934a14a,coco,Q18345375,Latin music,1,2,2,ring,,Brazil,BRAZIL > NORTHEASTERN BRAZIL,,,single,music of Brazil,4,,,
Q504476,e9d8ba12-8ea7-4a74-92cb-90339765402b,Ciranda,Q502448,coco,2,0,0,ring,,Brazil,,,,single,coco,6,,,
Q1335045,4292ce34-3fe5-4ad5-b229-48f8185a3267,embolada,Q502448,coco,2,0,0,ring,,Brazil,,,,auto,coco | repente,5,,,
Q1125657,f146b88e-77c6-4e8a-8424-cea3781f6e74,conga,Q18345375,Latin music,1,0,0,ring,,Cuba,CUBA & THE CARIBBEAN > RUMBA & AFRO-CUBAN,,,single,music of Cuba,6,,,
Q140129045,7df22d6a-da66-484c-9543-62cb8c2a7645,coplas cajamarquinas,Q18345375,Latin music,1,0,0,ring,,Peru,THE ANDES & THE PACIFIC > THE ANDES,,,single,music of Peru,0,,,
Q107195014,566b35dc-6b54-4ebe-9837-87a3850d2703,Cuban charanga,Q18345375,Latin music,1,0,0,ring,,,CUBA & THE CARIBBEAN > DANZÓN & BALLROOM,,,single,music of Cuba,0,,,
Q388475,e63204d4-2906-4829-82f4-84d68c75e367,Cuban rumba,Q18345375,Latin music,1,1,1,ring,,Cuba,CUBA & THE CARIBBEAN > RUMBA & AFRO-CUBAN,,,single,music of Cuba,22,,,
Q3322619,2cd172f7-d191-4cfd-8c4f-0a648b155fdf,Guaguancó,Q388475,Cuban rumba,2,0,0,ring,,,,,,single,Cuban rumba,9,,,
Q723418,7cd4173c-fef8-4e99-a527-98a25b6487c0,cumbia,Q18345375,Latin music,1,10,19,dial,,Colombia · Panama,"CUBA & THE CARIBBEAN > THE WIDER CARIBBEAN > PUERTO RICO, HISPANIOLA & THE COAST",,,single,tropical music,34,,,
Q7171184,8174d410-97d7-4f27-8ca5-a714a5f1f1cf,Peruvian cumbia,Q723418,cumbia,2,4,4,ring,1968,Peru,ANDEAN & PACIFIC CUMBIA,,,single,cumbia,5,,,
Q1143741,579bf2f6-0ed7-4584-854a-114c3e95d427,chicha,Q7171184,Peruvian cumbia,3,0,0,ring,,Peru,,,,single,Andean music | Peruvian cumbia,3,,,
Q5643186,6531f111-649c-4898-b461-c767bb191de7,cumbia amazónica,Q7171184,Peruvian cumbia,3,0,0,ring,,Peru,,,,single,Peruvian cumbia,1,,,
Q131334621,13fda64e-92c7-4f49-ac68-bc4255f3548a,cumbia norteña peruana,Q7171184,Peruvian cumbia,3,0,0,ring,,,,,,single,Peruvian cumbia,0,,,
Q140528496,2d7d86f0-dd50-4230-8893-aa6210daa4d4,cumbia sureña peruana,Q7171184,Peruvian cumbia,3,0,0,ring,,,,,,single,Peruvian cumbia | cumbia sureña,0,,,
Q1143744,bcdbf8df-f5b0-4f30-b01e-5d2ad5ac48e8,digital cumbia,Q723418,cumbia,2,0,0,ring,1997,,SOUTHERN & MODERN CUMBIA,,,auto,Latin electronic music | cumbia,1,,,
Q4789437,31556186-a110-4a3c-8e50-c16b68c183b5,Argentine cumbia,Q723418,cumbia,2,2,2,ring,,Argentina,SOUTHERN & MODERN CUMBIA,,,single,cumbia,4,,,
Q1143752,09754a03-bf20-40e9-bfbe-ba1172d4a966,cumbia villera,Q4789437,Argentine cumbia,3,0,0,ring,1999,Argentina,,,,single,Argentine cumbia,8,,,
Q107455228,50beaffc-2ba7-4311-a3b3-637e4f155beb,cumbia turra,Q4789437,Argentine cumbia,3,0,0,ring,,,,,,single,Argentine cumbia,0,,,
Q4996773,4b63ad04-4035-487e-84a9-32de15c16fe3,bullerengue,Q723418,cumbia,2,0,0,ring,,Colombia,ANDEAN & PACIFIC CUMBIA,,,single,cumbia | music of the Caribbean,3,,,
Q5794676,42bf7b29-0c26-4826-b7ed-cbdef36e9bb5,Chilean cumbia,Q723418,cumbia,2,0,0,ring,,Chile,ANDEAN & PACIFIC CUMBIA,,,single,cumbia | music of Chile,2,,,
Q115625176,684072e2-ebbf-4962-8634-8ba4a1f03b3a,Colombian cumbia,Q723418,cumbia,2,0,0,ring,,,ANDEAN & PACIFIC CUMBIA,,,single,cumbia | music of Colombia,0,,,
Q5794686,9d93cb70-7696-40a7-ada3-f6904be8a369,cumbia salvadoreña,Q723418,cumbia,2,0,0,ring,,El Salvador,SOUTHERN & MODERN CUMBIA,,,single,cumbia | music of El Salvador,2,,,
Q5794688,d28fd367-2a91-48bb-92b3-86a30f3adbaf,cumbia santafesina,Q723418,cumbia,2,0,0,ring,,,SOUTHERN & MODERN CUMBIA,,,single,cumbia,2,,,
Q6826021,763e78b4-fa84-4052-ac95-cc26f96a7177,Mexican cumbia,Q723418,cumbia,2,2,3,ring,,,SOUTHERN & MODERN CUMBIA,,,auto,cumbia | regional Mexican,3,,,
Q5794682,b02f0643-1821-4482-9df5-83dd94c8b655,cumbia norteña mexicana,Q6826021,Mexican cumbia,3,0,0,ring,,Mexico,,,,single,Mexican cumbia,2,,,
Q108297224,2d8be232-a8cd-48d0-8e6a-05f6a99330a4,cumbia sonidera,Q6826021,Mexican cumbia,3,1,1,ring,,,,,,single,Mexican cumbia,0,,,
Q85867089,db10b353-89f1-412a-830e-af3eb5fb8416,cumbia rebajada,Q108297224,cumbia sonidera,4,0,0,ring,,,,,,single,cumbia sonidera,2,,,
Q9051042,7f65be3e-dbbd-4878-83b8-b82f850f07bb,new Chilean cumbia,Q723418,cumbia,2,0,0,ring,,Chile,ANDEAN & PACIFIC CUMBIA,,,single,cumbia,4,,,
Q125850367,8d258f3b-3f65-442c-973b-57c8cfd40dd4,cuplé,Q18345375,Latin music,1,0,0,ring,,Spain,DANCE & CARNIVAL > SONG FORMS,,,single,couplet | music of Spain,6,,,
Q5794983,f5994a85-6bcc-4e85-9a1b-4271b6ae97c2,currulao,Q18345375,Latin music,1,0,0,ring,,Colombia,THE ANDES & THE PACIFIC > COLOMBIA & VENEZUELA,,,single,music of Latin America,2,,,
Q1165358,3351a42f-2565-455c-9509-82560e98c1f1,danzón,Q18345375,Latin music,1,0,0,ring,,,CUBA & THE CARIBBEAN > DANZÓN & BALLROOM,,,single,music of Cuba,17,,,
Q28219760,396d532a-19e2-47da-9f05-f98ff961407d,descarga,Q18345375,Latin music,1,0,0,ring,,,CUBA & THE CARIBBEAN > SON & GUARACHA,,,single,music of Cuba,1,,,
Q1455932,7a438d39-ae0a-4383-993d-4167132d37f7,frevo,Q18345375,Latin music,1,4,4,ring,,Brazil,DANCE & CARNIVAL > CARNIVAL & STREET,,,single,carnival music | music of Brazil,24,,,
Q10285948,21295cd9-a4e6-49e8-92cf-e5c2001c041b,frevo de bloco,Q1455932,frevo,2,0,0,ring,,Brazil,,,,single,frevo,1,,,
Q130600756,4dece336-1f30-473b-84ee-5f1979d6a174,frevo de rua,Q1455932,frevo,2,0,0,ring,,,,,,single,frevo,0,,,
Q134589282,79941409-5b1f-49ab-a56b-b054a0957989,frevo elétrico,Q1455932,frevo,2,0,0,ring,,,,,,single,frevo,0,,,
Q10285947,9b78ee2c-88e7-44ca-9349-2f929931a125,frevo-canção,Q1455932,frevo,2,0,0,ring,,Brazil,,,,single,frevo,1,,,
Q5583956,e48771f8-b9e0-4cab-ab31-d636e2a4cb1f,goombay,Q18345375,Latin music,1,0,0,ring,,The Bahamas,CUBA & THE CARIBBEAN > THE WIDER CARIBBEAN > TRINIDAD & THE ENGLISH-SPEAKING ISLANDS,,,attach,music of the Caribbean,3,,,
Q787663,e17eaeab-2d3f-4dae-8344-1dd5d9cb3c00,guajira,Q18345375,Latin music,1,0,0,ring,,,CUBA & THE CARIBBEAN > SON & GUARACHA,,,single,music of Cuba | tropical music,13,,,
Q1552806,3c9097f9-10d9-4086-98e3-e8c54ef470b3,guaracha,Q18345375,Latin music,1,0,0,ring,,Cuba,CUBA & THE CARIBBEAN > SON & GUARACHA,,,single,music of Cuba,13,,,
Q124630346,f4db35d2-6b21-437e-bd40-1384372b5ca6,guaracha santiagueña,Q18345375,Latin music,1,0,0,ring,,,THE SOUTHERN CONE,,,single,music of Argentina,0,,,
Q3278092,bd188fb3-f5e4-4777-aa59-80486a193555,guarania,Q18345375,Latin music,1,0,0,ring,,,THE SOUTHERN CONE,,,single,Hispanic American music,13,,,
Q2915789,08965af5-99e4-49f1-a531-9003c72746c9,gwo ka,Q18345375,Latin music,1,0,0,ring,,France,CUBA & THE CARIBBEAN > THE WIDER CARIBBEAN > FRENCH ANTILLES & GUIANA,,,attach,French Caribbean music | music of Guadeloupe,18,,,
Q5654316,2879da65-b662-4254-aa8f-984a52103766,harawi,Q18345375,Latin music,1,0,0,ring,,,THE ANDES & THE PACIFIC > THE ANDES,,,single,Andean music,2,,,
Q3141879,cdce176c-1b0e-4f67-b9c3-d418ecb52306,huaylarsh,Q18345375,Latin music,1,0,0,ring,,Peru,THE ANDES & THE PACIFIC > THE ANDES,,,single,Andean music | music of Peru,4,,,
Q120233553,d4e8be24-8e70-4d64-bbc7-3ae7efd96266,jazz guachaca,Q18345375,Latin music,1,0,0,ring,,,THE SOUTHERN CONE,,,single,music of Chile,0,,,
Q106634508,dacb2641-0882-469c-9557-8076f126e1e3,junkanoo,Q18345375,Latin music,1,0,0,ring,,,CUBA & THE CARIBBEAN > THE WIDER CARIBBEAN > TRINIDAD & THE ENGLISH-SPEAKING ISLANDS,,,attach,music of the Caribbean,1,,,
Q610022,57a6dcc1-c3cd-4ce1-9fb2-e1783992a683,kaseko,Q18345375,Latin music,1,0,0,ring,,Suriname,CUBA & THE CARIBBEAN > THE WIDER CARIBBEAN > SURINAME & GUYANA,,,attach,music of the Caribbean,9,,,
Q60722009,c1f813d2-d21f-4eda-85e3-e8bfac92b3e1,Kasékò,Q18345375,Latin music,1,0,0,ring,,France,CUBA & THE CARIBBEAN > THE WIDER CARIBBEAN > FRENCH ANTILLES & GUIANA,,,attach,music of French Guiana,2,,,
Q2726026,cbb6cb49-6671-46ba-8d35-c5f703d881a3,konpa,Q18345375,Latin music,1,0,0,ring,,Haiti,CUBA & THE CARIBBEAN > THE WIDER CARIBBEAN > HAITI,,,single,music of Haiti,15,,,
Q533946,6d6fd939-c2c2-4ad0-940e-bc0bf3bbf52c,lambada,Q18345375,Latin music,1,1,1,ring,,Brazil,BRAZIL > MODERN BRAZILIAN POP,,,single,music of Brazil,37,,,
Q10292943,3a544fa6-5095-437e-9950-208583927694,guitarrada,Q533946,lambada,2,0,0,ring,,Brazil,,,,single,lambada,2,,,
Q117193811,86bda8ae-33e4-484b-8d66-d0341de598d2,mambo chileno,Q18345375,Latin music,1,0,0,ring,,,THE SOUTHERN CONE,,,single,music of Chile,0,,,
Q430075,8053db3d-86e8-4128-8941-d4e5f9e2e350,maxixe,Q18345375,Latin music,1,0,0,ring,,Brazil,BRAZIL > SAMBA & BOSSA NOVA,,,single,music of Brazil,15,,,
Q113133172,6b044e50-88ab-4a7d-a54c-b6c45532b70c,merequetengue,Q18345375,Latin music,1,0,0,ring,,,MEXICO & CENTRAL AMERICA > MEXICO,,,single,music of Mexico,0,,,
Q1640587,01ae3be5-070d-42a0-8062-f0f1ff43a791,morenada,Q18345375,Latin music,1,0,0,ring,,,THE ANDES & THE PACIFIC > THE ANDES,,,single,Andean music,11,,,
Q1452181,9ad55cef-3a10-4b13-9af4-bb05e9352259,murga,Q18345375,Latin music,1,1,1,ring,,Spain,DANCE & CARNIVAL > CARNIVAL & STREET,,,single,Hispanic music | holiday music | musical theater,12,,,
Q6032965,cde51164-4024-4969-8da7-f3459ee081f2,murga uruguaya,Q1452181,murga,2,0,0,ring,,Uruguay,,,,single,Hispanic American music | murga,1,,,
Q108951349,8838aca6-2131-4631-b8e5-2b998e186f89,music of the Llanos,Q18345375,Latin music,1,0,0,ring,,,THE ANDES & THE PACIFIC > COLOMBIA & VENEZUELA,,,attach,music of South America,1,,,
Q6950428,d7987fd0-82d3-4800-b4a7-da11e77f6b2c,música criolla,Q18345375,Latin music,1,5,5,ring,,Peru,THE ANDES & THE PACIFIC > THE ANDES,,,single,music of Peru,7,,,
Q5445668,429f3121-3a1f-462e-aa8d-3ac0f9b7691f,festejo,Q6950428,música criolla,2,0,0,ring,1900,Peru,,,,single,Afro-Peruvian music | música criolla,4,,,
Q3217069,6abada7c-9459-4d50-ba02-586844be4d28,landó,Q6950428,música criolla,2,0,0,ring,,,,,,single,Afro-Peruvian music | música criolla,4,,,
Q222445,5777ae30-152d-4baa-ae31-821a352e73f8,marinera,Q6950428,música criolla,2,0,0,ring,,Peru,,,,single,música criolla,14,,,
Q2509521,3285e667-bbff-41ff-9d35-2893b931fc48,Peruvian waltz,Q6950428,música criolla,2,0,0,ring,,Peru · Viceroyalty of Peru,,,,single,música criolla,7,,,
Q3531526,29abdef9-c36c-41e6-a23b-045681e852bb,tondero,Q6950428,música criolla,2,0,0,ring,,Peru,,,,single,música criolla,5,,,
Q124080517,0416ed4c-f7a0-44d6-973a-c8ea326b46fc,música típica chilena,Q18345375,Latin music,1,0,0,ring,,,THE SOUTHERN CONE,,,single,music of Chile,0,,,
Q6050834,9683a907-3755-45a0-b671-0e7e4502f4d2,onda nueva,Q18345375,Latin music,1,0,0,ring,,Venezuela,THE ANDES & THE PACIFIC > COLOMBIA & VENEZUELA,,,single,music of Latin America | music of Venezuela,1,,,
Q16615430,6f45b405-2629-4a5f-8534-ac3b1ffa1b0c,Palo de Mayo,Q18345375,Latin music,1,0,0,ring,,Nicaragua,MEXICO & CENTRAL AMERICA > CENTRAL AMERICA,,,attach,music of the Caribbean,4,,,
Q140369829,8b8ed2e9-5eee-45de-b37c-00a7f0d099d2,pandilla,Q18345375,Latin music,1,0,0,ring,,,THE ANDES & THE PACIFIC > THE ANDES,,,single,music of Peru,0,,,
Q7134728,d95198e8-911e-4216-abc0-ce60ee83725f,Paraguayan polka,Q18345375,Latin music,1,0,0,ring,,,THE SOUTHERN CONE,,,single,music of Paraguay,6,,,
Q2715398,9605c40d-cb3a-4301-8be2-90e929357572,plena,Q18345375,Latin music,1,0,0,ring,,,"CUBA & THE CARIBBEAN > THE WIDER CARIBBEAN > PUERTO RICO, HISPANIOLA & THE COAST",,,single,music of Puerto Rico | tropical music,11,,,
Q3410882,d177ab45-b19e-46fd-b358-9504af94f859,punto guajiro,Q18345375,Latin music,1,0,0,ring,,Cuba,CUBA & THE CARIBBEAN > SON & GUARACHA,,,single,music of Cuba,13,,,
Q3419744,847595c4-61d9-4399-a68f-872e30cb76b2,rara,Q18345375,Latin music,1,0,0,ring,,Haiti,DANCE & CARNIVAL > CARNIVAL & STREET,,,single,holiday music | music of Haiti,6,,,
Q7295057,dfadfddd-0eb9-4f8c-a726-35cafeabcf6f,rasin,Q18345375,Latin music,1,0,0,ring,,Haiti,CUBA & THE CARIBBEAN > THE WIDER CARIBBEAN > HAITI,,,single,music of Haiti,6,,,
Q7309098,c5c255f9-a93d-4940-9c17-223ac887958e,regional Mexican,Q18345375,Latin music,1,16,21,dial,,,MEXICO & CENTRAL AMERICA > MEXICO,,,single,music of Mexico,3,,,
Q464129,55fe39b6-1675-42cd-90ac-feeb7362a986,mariachi,Q7309098,regional Mexican,2,0,0,ring,1800,Mexico,MARIACHI & RANCHERA,,,single,regional Mexican,42,,,
Q1780056,3e226375-1286-40e3-92b3-d257e3a1babb,norteño,Q7309098,regional Mexican,2,1,2,ring,1900,Mexico,BANDA & NORTEÑO,,,single,popular music | regional Mexican,9,,,
Q101440473,edd7dcee-0bb8-4d0a-b292-b297f7971a93,sierreña,Q1780056,norteño,3,1,1,ring,,Mexico,,,,single,norteño,2,,,
Q108665706,b0cd7203-1781-4d14-b8ff-67666bf75f14,corridos tumbados,Q101440473,sierreña,4,0,0,ring,,Mexico · United States,,,,single,sierreña,4,,,
Q727634,ca20f188-68d2-4af5-966e-8e2e0f848758,ranchera,Q7309098,regional Mexican,2,0,0,ring,1930,Mexico,MARIACHI & RANCHERA,,,single,regional Mexican,19,,,
Q7560612,83dc537c-0ca2-4051-9da1-ab81c81842bc,son calentano,Q7309098,regional Mexican,2,0,0,ring,1930,Mexico,SON & HUAPANGO,,,auto,son mexicano,3,,,
Q431415,1e6f2b7a-bab4-4194-bd42-d1836ce95650,tejano music,Q7309098,regional Mexican,2,0,0,ring,1945,United States,BANDA & NORTEÑO,,,single,music of Texas | regional Mexican,14,,,
Q5612172,b50bd8c6-c736-4b98-b68c-093c2d2e9352,grupera,Q7309098,regional Mexican,2,0,0,ring,1970,Mexico · United States,BANDA & NORTEÑO,,,single,regional Mexican,7,,,
Q2812726,f04fc239-2da9-4bf2-82d6-f54137bd80bd,banda music,Q7309098,regional Mexican,2,1,1,ring,,Mexico,BANDA & NORTEÑO,,,single,regional Mexican,9,,,
Q10932272,dc8f56da-a098-4f70-ab78-2f296b34cc57,technobanda,Q2812726,banda music,3,0,0,ring,,Mexico,,,,single,banda music,2,,,
Q5747877,d27e0b43-6292-441d-85f4-c4ab3acfda0e,canto cardenche,Q7309098,regional Mexican,2,0,0,ring,,Mexico,MARIACHI & RANCHERA,,,auto,Mexican folk music | a cappella,2,,,
Q869210,d60ef35c-e367-4272-9b25-e3f2ecebb2aa,corrido,Q7309098,regional Mexican,2,1,2,ring,,Mexico,BANDA & NORTEÑO,,,auto,Mexican folk music | ballad,15,,,
Q221934,54008cd9-7725-482b-a2ed-1d31a0d54517,narcocorrido,Q869210,corrido,3,1,1,ring,,Mexico · United States,,,,auto,banda music | corrido | norteño,13,,,
Q109406736,e628eb45-1490-4800-ae13-9ab66aaca4cb,movimiento alterado,Q221934,narcocorrido,4,0,0,ring,,,,,,single,narcocorrido,0,,,
Q907799,5348f256-ada2-4177-b16d-b0e07e96786f,Duranguense,Q7309098,regional Mexican,2,0,0,ring,,Mexico,BANDA & NORTEÑO,,,single,regional Mexican,5,,,
Q3089524,d043bf3b-dfd6-4112-bd38-267f1b67cd11,huapango,Q7309098,regional Mexican,2,0,0,ring,,Mexico,SON & HUAPANGO,,,single,regional Mexican,9,,,
Q616425,681cc918-0e9a-4ae0-8060-375fc3103edc,pirekua,Q7309098,regional Mexican,2,0,0,ring,,Mexico,MARIACHI & RANCHERA,,,auto,Mesoamerican music | Mexican folk music,15,,,
Q7560584,d1d0cce8-c920-414e-ba07-cb578eee0345,son huasteco,Q7309098,regional Mexican,2,0,0,ring,,Mexico,SON & HUAPANGO,,,auto,son mexicano,6,,,
Q6132086,95d9765c-ee62-45ee-90f6-9a8acc491789,son istmeño,Q7309098,regional Mexican,2,0,0,ring,,Mexico,SON & HUAPANGO,,,auto,son mexicano,3,,,
Q1797650,3388a17a-34ec-46a5-a5fb-24dbaadaee4e,son jarocho,Q7309098,regional Mexican,2,0,0,ring,,Mexico,SON & HUAPANGO,,,auto,son mexicano,7,,,
Q5643998,6177eaed-eee1-4f52-b771-a71f8e8b0bff,trova yucateca,Q7309098,regional Mexican,2,0,0,ring,,Mexico,SON & HUAPANGO,,,auto,Mexican folk music | music of Yucatán,1,,,
Q2936879,6b9254d5-cb21-4605-b3b1-19262a06d716,repente,Q18345375,Latin music,1,0,0,ring,,Brazil,BRAZIL > NORTHEASTERN BRAZIL,,,single,music of Brazil,4,,,
Q5690818,1ba71fd2-6043-4021-9516-72039f4118b1,rock urbano mexicano,Q18345375,Latin music,1,0,0,ring,,Mexico,MEXICO & CENTRAL AMERICA > MEXICO,,,single,music of Mexico,1,,,
Q21684437,190bba5b-909f-4501-9a00-f96969983459,rumba,Q18345375,Latin music,1,1,1,ring,,,CUBA & THE CARIBBEAN > RUMBA & AFRO-CUBAN,,,single,music of Cuba | tropical music,7,,,
Q5753407,3627d64f-70bd-4e0e-bc28-9fac853abb96,carranga,Q21684437,rumba,2,0,0,ring,,Colombia,,,,single,rumba,1,,,
Q7489094,2911bf96-0b61-4fe2-946e-23333347c4ab,Shanto,Q18345375,Latin music,1,0,0,ring,,,CUBA & THE CARIBBEAN > THE WIDER CARIBBEAN > SURINAME & GUYANA,,,attach,music of Guyana,1,,,
Q4428744,db48f46a-6467-49b0-a6b2-beb059584d9d,son cubano,Q18345375,Latin music,1,1,1,ring,,Cuba,CUBA & THE CARIBBEAN > SON & GUARACHA,,,single,music of Cuba | son | tropical music,25,,,
Q290869,7f0d2b34-d0ea-4ab5-a169-934f131bc40c,son montuno,Q4428744,son cubano,2,0,0,ring,1900,Cuba,,,,single,son cubano,9,,,
Q6132088,708dcae5-59e7-4018-9692-bd1aafc0d0e1,son nica,Q18345375,Latin music,1,0,0,ring,,Nicaragua,MEXICO & CENTRAL AMERICA > CENTRAL AMERICA,,,single,music of Nicaragua | son,1,,,
Q1756680,c1af7cc0-44e4-484a-b5b7-89d068944c24,songo music,Q18345375,Latin music,1,0,0,ring,,,CUBA & THE CARIBBEAN > SON & GUARACHA,,,single,music of Cuba,8,,,
Q100330555,9f716c92-7166-4217-9c44-f9e3312f05e9,steel band music,Q18345375,Latin music,1,0,0,ring,,,CUBA & THE CARIBBEAN > THE WIDER CARIBBEAN > TRINIDAD & THE ENGLISH-SPEAKING ISLANDS,,,attach,music of the Caribbean,0,,,
Q6138491,4418c874-8354-4463-a5ad-f41e7ceea31e,tamborera,Q18345375,Latin music,1,0,0,ring,,,MEXICO & CENTRAL AMERICA > CENTRAL AMERICA,,,single,Hispanic American music,2,,,
Q14390274,267b14aa-3e3c-4615-803c-0255a81c8203,tango,Q18345375,Latin music,1,1,1,ring,,,DANCE & CARNIVAL > BALLROOM & COUPLE DANCES,,,single,Latin music | dance music | music of Latin America,20,,,
Q1632601,62449ed2-795f-46e8-91ca-09f56922a7a8,nuevo tango,Q14390274,tango,2,0,0,ring,1955,Argentina,,,,single,tango,12,,,
Q115327281,c44705ef-8c3d-4abc-b92d-836865d58142,tropicanibalismo,Q18345375,Latin music,1,0,0,ring,,,MEXICO & CENTRAL AMERICA > MEXICO,,,single,Hispanic American music | music of the Caribbean,0,,,
Q976802,24d32ead-f5b6-49d1-9fef-1bd91812fee6,tumba francesa,Q18345375,Latin music,1,0,0,ring,,Cuba,CUBA & THE CARIBBEAN > RUMBA & AFRO-CUBAN,,,single,music of Cuba,18,,,
Q108556409,156959a9-b80f-4f10-8901-52f9829c1271,tumbélé,Q18345375,Latin music,1,0,0,ring,,,CUBA & THE CARIBBEAN > THE WIDER CARIBBEAN > FRENCH ANTILLES & GUIANA,,,attach,French Caribbean music,0,,,
Q2406900,edec5ac6-b124-49fe-ad29-6a015ce5b0cf,twoubadou,Q18345375,Latin music,1,0,0,ring,,Haiti,CUBA & THE CARIBBEAN > THE WIDER CARIBBEAN > HAITI,,,single,music of Haiti,4,,,
Q3554510,2ba2c439-1709-4696-8970-4d31196bbac4,vanera,Q18345375,Latin music,1,0,0,ring,,Brazil,BRAZIL > MODERN BRAZILIAN POP,,,single,Brazilian gaucho music,2,,,
Q502808,24dc3f46-4f11-4306-ab6c-a7aabeaf51cd,xote,Q18345375,Latin music,1,0,0,ring,,Brazil,BRAZIL > NORTHEASTERN BRAZIL,,,single,music of Brazil,7,,,
Q6169362,b9777c90-d358-41b7-9b75-8dc66b907ae2,xuc,Q18345375,Latin music,1,0,0,ring,,El Salvador,MEXICO & CENTRAL AMERICA > CENTRAL AMERICA,,,single,music of El Salvador,4,,,
Q1583807,6ed4e4d1-9a97-4e2c-b8df-083754f154f4,art music,,,0,55,261,group,,,,,,root,,33,7,tri_up,223
Q9730,bf9955d6-c3eb-466d-95ca-30f3848fc9ea,classical music,Q1583807,art music,1,48,95,group,500,,WESTERN ART MUSIC,,,single,art music,145,,,
Q163775,4fc769b7-acac-4061-9129-ee8c6875b4c3,medieval music,Q9730,classical music,2,3,3,ring,500,,HISTORICAL PERIODS,,,single,early music | music of Europe,53,,,
Q163491,196a8a7b-c7c8-4e5f-9a02-bf0579da2ef5,ars antiqua,Q163775,medieval music,3,0,0,ring,1170,,,,,single,medieval music,32,,,
Q210854,6de58694-aabd-4600-9cd8-095e724a86c8,ars nova,Q163775,medieval music,3,0,0,ring,1310,,,,,single,medieval music | polyphony,38,,,
Q141187502,64e446a3-af29-4f40-837b-74dd5b423f05,medieval lyric poetry,Q163775,medieval music,3,0,0,ring,,,,,,single,medieval music,0,,,
Q2956246,b04c4c80-a4fa-400f-af1a-13525ea1ea0c,Mozarabic chant,Q9730,classical music,2,0,0,ring,550,,HISTORICAL PERIODS,,,auto,Spanish classical music | plainsong,12,,,
Q188285,6eb07b1a-25d9-46b4-aa93-4d1206866885,motet,Q9730,classical music,2,0,0,ring,1200,,VOCAL & SACRED FORMS,,,single,choral music | classical music,51,,,
Q201405,54a4ff47-c153-4337-8a0c-c6e3a4ee9aa9,Renaissance music,Q9730,classical music,2,1,1,ring,1400,,HISTORICAL PERIODS,,,single,classical music | music of Europe,55,,,
Q2995521,9140a1ef-2a69-4af3-90fa-0ef760e5c887,contenance angloise,Q201405,Renaissance music,3,0,0,ring,,,,,,auto,Renaissance music | medieval music | polyphony,3,,,
Q8361,9e44c2c9-8c44-4aa6-9de3-0f3e75b49f1b,Baroque music,Q9730,classical music,2,0,0,ring,1600,,HISTORICAL PERIODS,,,single,classical music | music of Europe,69,,,
Q174873,ce70ed18-0f2d-47a9-bcee-45a1b3cc3225,cantata,Q9730,classical music,2,0,0,ring,1600,,VOCAL & SACRED FORMS,,,single,classical music,67,,,
Q1344,56e0b906-1018-4a55-8ec7-86746272116e,opera,Q9730,classical music,2,0,0,ring,1600,Europe,VOCAL & SACRED FORMS,,,single,classical music | musical drama | theatre music,168,,,
Q131269,ef8227d2-a286-47af-85c8-d5b6bec1f9db,sonata,Q9730,classical music,2,0,0,ring,1600,Europe,CHAMBER & ORCHESTRAL FORMS,,,auto,classical music | instrumental music,70,,,
Q85477,373a3d38-23cb-48e3-baf1-6737eac93a29,oratorio,Q9730,classical music,2,0,0,ring,1700,Italy,VOCAL & SACRED FORMS,,,attach,theatre music,64,,,
Q17723,095695ad-5a3e-4eda-b169-6f3f9cc9fa0d,Classical period,Q9730,classical music,2,0,0,ring,1730,,HISTORICAL PERIODS,,,single,classical music | music of Europe,47,,,
Q65937946,e328c306-8e35-46d2-93c3-623412ec7c13,modern classical music,Q9730,classical music,2,9,19,dial,1900,,HISTORICAL PERIODS,,,single,classical music,0,,,
Q613707,2b82a2c3-9a7f-445e-91e8-84e43aabf469,expressionist music,Q65937946,modern classical music,3,0,0,ring,1908,,EARLY MODERNISM,,,single,modern classical music,27,,,
Q2195355,dc59f92c-2353-428d-ac92-81c1de23ac07,futurism,Q65937946,modern classical music,3,0,0,ring,1909,,EARLY MODERNISM,,,auto,experimental music | modern classical music,6,,,
Q507246,16dbea99-8d13-4334-ad14-f956844ca90c,serialism,Q65937946,modern classical music,3,1,1,ring,1923,,POST-WAR & PROCESS,,,single,modern classical music,41,,,
Q3391334,09c0c4a4-20ff-48f1-9632-426f0bac1390,integral serialism,Q507246,serialism,4,0,0,ring,,,,,,single,postmodern music | serialism,3,,,
Q612024,a190bb32-e0a7-4c56-b142-5cf9cfcfa713,contemporary classical music,Q65937946,modern classical music,3,3,6,ring,1945,Europe,POST-WAR & PROCESS,,,single,modern classical music,29,,,
Q1326777,463066ef-ac54-4dae-9c83-73824c2c8432,electroacoustic music,Q612024,contemporary classical music,4,3,3,ring,1956,,,,,auto,contemporary classical music | electronic music | experimental music,30,,,
Q823560,edc96a6f-e8d0-4006-b065-d0fe188191c9,musique concrète,Q1326777,electroacoustic music,5,0,0,ring,1948,,,,,single,electroacoustic music | modern classical music,35,,,
Q423918,0464c047-e7df-4555-a4e0-86c8620b2671,acousmatic music,Q1326777,electroacoustic music,5,0,0,ring,1957,,,,,single,electroacoustic music,13,,,
Q3587612,a66b92bb-79dc-48ba-b9c8-bd501b984e2b,electroacoustic improvisation,Q1326777,electroacoustic music,5,0,0,ring,,,,,,auto,electroacoustic music | free improvisation,3,,,
Q106594706,23b490c7-69f9-418c-8e63-32f1a683dcf1,cinematic classical,Q612024,contemporary classical music,4,0,0,ring,,,,,,single,contemporary classical music | film score,0,,,
Q105697818,5b3d7e5d-9c74-4e16-b6cc-18272619fc71,neoromantic music,Q612024,contemporary classical music,4,0,0,ring,,,,,,single,contemporary classical music,0,,,
Q3512282,bc9f1bcb-834b-42f7-8303-e62e9437e1a8,process music,Q65937946,modern classical music,3,0,0,ring,1960,,POST-WAR & PROCESS,,,single,modern classical music,3,,,
Q572901,8d9a00db-0b8b-41ff-9af7-d0f96793bdc5,minimalist music,Q65937946,modern classical music,3,2,3,ring,1964,United States,POST-WAR & PROCESS,,,single,minimal music | modern classical music,40,,,
Q2164565,619cc010-2e43-418f-8f4e-4a69b8a53e12,holy minimalism,Q572901,minimalist music,4,0,0,ring,1970,,,,,single,minimalist music,6,,,
Q98528143,435ca3eb-0191-48d7-97ca-d45ba7b0f915,post-minimalism,Q572901,minimalist music,4,1,1,ring,,,,,,single,minimalist music,1,,,
Q9089200,6e3f8c78-8144-4d1a-8f90-ceea1fac6fbf,totalism,Q98528143,post-minimalism,5,0,0,ring,,,,,,single,post-minimalism,4,,,
Q105697765,792e652b-fbf6-4c18-8cc9-48ce80e96e79,impressionist music,Q65937946,modern classical music,3,0,0,ring,,,EARLY MODERNISM,,,single,modern classical music,0,,,
Q109678435,e947d579-4ed5-4234-89d9-3d2c09ed8ab7,microtonal classical music,Q65937946,modern classical music,3,0,0,ring,,,POST-WAR & PROCESS,,,single,classical music | microtonal music,0,,,
Q106576145,25a86f18-e17e-46af-9633-01133b2cf042,neoclassical music,Q65937946,modern classical music,3,0,0,ring,,,EARLY MODERNISM,,,single,modern classical music,0,,,
Q4993367,8cac332f-48e0-4e20-8a00-6da8b353c3a2,indeterminacy,Q9730,classical music,2,0,0,ring,1951,,MODERN & AVANT-GARDE,,,auto,experimental music | postmodern music,5,,,
Q4797274,a93d203b-7399-4bcb-8600-579a508698d9,art song,Q9730,classical music,2,5,5,ring,,,VOCAL & SACRED FORMS,,,single,classical music,11,,,
Q216860,6077a563-2935-4c77-ae93-f6a97ddf9d08,Lied,Q4797274,art song,3,0,0,ring,1810,,,,,single,art song,40,,,
Q2737175,0a85eddc-6edc-420e-9062-2e67f8b5ba40,mélodie,Q4797274,art song,3,0,0,ring,1900,France,,,,single,art song,6,,,
Q6705418,980468f8-7edf-49fa-83f1-92e10077d1b0,lute song,Q4797274,art song,3,0,0,ring,,,,,,auto,Elizabethan song,4,,,
Q2028627,a2258f38-67cf-4245-b135-1bfa92cbd754,orchestral song,Q4797274,art song,3,0,0,ring,,,,,,auto,art song | symphonic music,4,,,
Q140045099,e427198e-072f-4b2b-8dbf-f89172a82fd7,spiritual art song,Q4797274,art song,3,0,0,ring,,,,,,auto,art song | concert spiritual,0,,,
Q788460,875c7bef-8745-4e76-8333-218d23913052,bagatelle,Q9730,classical music,2,0,0,ring,,,KEYBOARD FORMS > CHARACTER PIECES,,,single,classical music,28,,,
Q4851628,2bc5a478-0f82-4d2f-af42-f862a95c354a,ballet,Q9730,classical music,2,2,2,ring,,,STAGE & DANCE FORMS,,,single,classical music | dance music | theatre music,9,,,
Q122034643,53a912f2-8883-4201-86f8-2d2c842c0706,ballet de cour,Q4851628,ballet,3,0,0,ring,,,,,,auto,Baroque music | ballet,0,,,
Q1123381,88b6d28d-3bd6-4082-9fcc-f5b04928f870,comédie-ballet,Q4851628,ballet,3,0,0,ring,,,,,,auto,Baroque music | ballet | musical theater,12,,,
Q116875252,7c3be1db-8973-46ae-989a-bd2f2d7267d2,Baroque suite,Q9730,classical music,2,0,0,ring,,,CHAMBER & ORCHESTRAL FORMS,,,single,classical dance music | music of Europe,1,,,
Q207683,eebae268-bfeb-47e5-b99f-35e8dda2d27e,canzona,Q9730,classical music,2,0,0,ring,,,CHAMBER & ORCHESTRAL FORMS,,,single,classical music,19,,,
Q876812,c0b1e4d0-469c-46a7-916b-47909b33296f,capriccio,Q9730,classical music,2,0,0,ring,,,KEYBOARD FORMS > CHARACTER PIECES,,,single,classical music,29,,,
Q1063010,5a0a2e9d-81cb-492a-b083-d152fc567912,character piece,Q9730,classical music,2,1,1,ring,,,KEYBOARD FORMS > CHARACTER PIECES,,,single,classical music,12,,,
Q194172,3b5250e0-f88d-4232-8a05-fd2e3edab2c6,nocturne,Q1063010,character piece,3,0,0,ring,,,,,,single,character piece | classical music,50,,,
Q2976236,5e87aa2e-e212-43cb-b4ab-e706518f9e91,classic rag,Q9730,classical music,2,0,0,ring,,,STAGE & DANCE FORMS,,,auto,classical music | ragtime,2,,,
Q1230604,191d4d41-5861-49f7-a689-87cbc3ce96ed,divertissement,Q9730,classical music,2,0,0,ring,,,STAGE & DANCE FORMS,,,single,classical music,7,,,
Q86729224,e9c29df4-23f1-4d0b-ab11-24bcc90744f1,dobrado,Q9730,classical music,2,0,0,ring,,,STAGE & DANCE FORMS,,,auto,Brazilian classical music | march,1,,,
Q48810672,200df348-5dff-408f-9679-b9d4df4aebfd,English Pastoral School,Q9730,classical music,2,0,0,ring,,,MODERN & AVANT-GARDE,,,auto,classical music | music of the United Kingdom | national music | pastoral,1,,,
Q836571,96544aeb-bb2a-4591-b4f6-85aeda327000,fantasia,Q9730,classical music,2,0,0,ring,,,KEYBOARD FORMS > COUNTERPOINT & IMPROVISATION,,,single,classical music,34,,,
Q181014,95398f48-c101-41f0-b134-c14ba928ac17,fugue,Q9730,classical music,2,0,0,ring,,,KEYBOARD FORMS > COUNTERPOINT & IMPROVISATION,,,single,classical music,62,,,
Q852027,d7ed6cd7-24ba-447e-bde6-c21312f951f3,impromptu,Q9730,classical music,2,0,0,ring,,,KEYBOARD FORMS > CHARACTER PIECES,,,single,classical music,29,,,
Q193217,cb6a6be1-1f9b-488b-9b10-5d44fa557245,madrigal,Q9730,classical music,2,0,0,ring,,,VOCAL & SACRED FORMS,,,single,classical music | music of Europe | polyphony,57,,,
Q109589562,b241d9be-7d10-4830-a334-109e015f0441,musique concrète instrumentale,Q9730,classical music,2,0,0,ring,,,MODERN & AVANT-GARDE,,,single,postmodern music,0,,,
Q3736603,673be496-4e5b-4043-aef8-345030d7ab9b,New Complexity,Q9730,classical music,2,0,0,ring,,,MODERN & AVANT-GARDE,,,single,postmodern music,9,,,
Q202287,0a7624fd-25b3-4153-b804-e99f49d8bf15,overture,Q9730,classical music,2,0,0,ring,,,CHAMBER & ORCHESTRAL FORMS,,,auto,classical music | instrumental music,57,,,
Q781815,04aa656f-25fe-412d-a76e-d90b263ec6ea,passion,Q9730,classical music,2,0,0,ring,,,VOCAL & SACRED FORMS,,,auto,church music | classical music,32,,,
Q11821889,df6d324a-ff39-4055-9289-b14da57ab4e4,polka,Q9730,classical music,2,4,4,ring,,,STAGE & DANCE FORMS,,,single,classical dance music,3,,,
Q137441035,82d62fe9-d784-461b-815e-5aac1e2255d9,Chicago polka,Q11821889,polka,3,0,0,ring,,,,,,single,music of Poland | polka,0,,,
Q127270988,997e11a2-e5be-4e96-8bf4-7008d9fa155a,dechovka,Q11821889,polka,3,0,0,ring,,,,,,attach,music of Central Europe,0,,,
Q137767022,512a2be1-a591-438a-9265-a020934b9f5e,Eastern-style polka,Q11821889,polka,3,0,0,ring,,,,,,attach,music of North America | music of Poland,0,,,
Q116158395,568fddd1-5b4c-47de-8992-9d4b9b822985,polka criolla,Q11821889,polka,3,0,0,ring,,Peru,,,,auto,música criolla | polka,0,,,
Q11821942,b1f9224b-23b8-448b-bc8e-bead292379a6,polonaise,Q9730,classical music,2,0,0,ring,,,STAGE & DANCE FORMS,,,single,classical music | dance music | music of Poland,3,,,
Q65943744,842008b8-1c67-4c8c-b450-7f5adf20fb7f,post-classical,Q9730,classical music,2,0,0,ring,,,HISTORICAL PERIODS,,,single,classical music,0,,,
Q212148,6c49e84a-e75d-43d7-95c9-2509774ac060,prelude,Q9730,classical music,2,0,0,ring,,,KEYBOARD FORMS > COUNTERPOINT & IMPROVISATION,,,single,classical music,44,,,
Q746743,657e44b5-2a8f-449a-aedc-6f529403e490,ricercar,Q9730,classical music,2,0,0,ring,,,KEYBOARD FORMS > COUNTERPOINT & IMPROVISATION,,,single,classical music,29,,,
Q207591,bdebe8fd-c5b6-4b89-bb2a-ece612f1caa7,Romantic music,Q9730,classical music,2,0,0,ring,,,HISTORICAL PERIODS,,,single,classical music,53,,,
Q215911,df716de8-bf3a-47df-8fed-c412ff21d4e1,serenade,Q9730,classical music,2,1,1,ring,,,STAGE & DANCE FORMS,,,single,classical music,53,,,
Q10370216,a833a00d-97f2-4e2e-be8f-1b4ffc9f2972,seresta,Q215911,serenade,3,0,0,ring,,Brazil,,,,auto,Southeastern Brazilian music | modinha | serenade,4,,,
Q615418,fbb9e1aa-6586-42f3-ba57-d2bb0202253e,sonorism,Q9730,classical music,2,0,0,ring,,,MODERN & AVANT-GARDE,,,single,postmodern music,7,,,
Q1245902,3571d5f1-b4f1-446c-87f3-5033c3ea0bcd,spectral music,Q9730,classical music,2,0,0,ring,,,MODERN & AVANT-GARDE,,,single,postmodern music,12,,,
Q2350507,145a615a-b310-4c62-8ecc-39539556cb41,stochastic music,Q9730,classical music,2,0,0,ring,,,MODERN & AVANT-GARDE,,,single,postmodern music,4,,,
Q11487510,2e2fd576-dfa8-4e8e-9537-31c996a45953,string quartet,Q9730,classical music,2,0,0,ring,,,CHAMBER & ORCHESTRAL FORMS,,,single,chamber music,1,,,
Q3328774,f3fe6570-1e79-4ed5-8eb9-9ed64d631871,symphonic music,Q9730,classical music,2,4,8,ring,,,CHAMBER & ORCHESTRAL FORMS,,,auto,classical music | instrumental music,17,,,
Q9734,50294a4d-61f0-4dc8-a20f-4708d52fe78a,symphony,Q3328774,symphonic music,3,2,2,ring,1600,,,,,attach,,113,,,
Q2142754,e691c13f-22a4-466b-99e1-0d9983e58f67,choral symphony,Q9734,symphony,4,0,0,ring,,,,,,single,choral music | symphony,15,,,
Q1136846,3759c812-1331-4b7a-8e5d-3f4aaffaaad2,sinfonia concertante,Q9734,symphony,4,0,0,ring,,,,,,auto,concerto | symphony,21,,,
Q12845743,a91703b7-ccbf-4000-8db0-de573fe3429b,symphonic mugham,Q3328774,symphonic music,3,0,0,ring,1950,Azerbaijan,,,,auto,mugham | symphonic music,7,,,
Q9748,7969288f-182d-4cef-b68d-870cc4c753da,concerto,Q3328774,symphonic music,3,2,2,ring,,,,,,attach,,50,,,
Q210216,b295cc86-8799-49aa-991b-8ba215314832,concerto grosso,Q9748,concerto,4,0,0,ring,1681,,,,,single,concerto,45,,,
Q96870628,99a5cadf-4c04-430e-9ffb-29fae682e125,concerto for orchestra,Q9748,concerto,4,0,0,ring,,,,,,single,concerto,8,,,
Q271802,9bcd245f-6644-41a9-901d-9697e2e1f0a9,symphonic poem,Q3328774,symphonic music,3,0,0,ring,,,,,,single,programme music | symphonic music,42,,,
Q214981,1b1a2518-44a9-482e-a8c1-25be4b74f8aa,theme and variation,Q9730,classical music,2,0,0,ring,,,CHAMBER & ORCHESTRAL FORMS,,,single,classical music,37,,,
Q632964,c1772694-541d-4c97-8460-820fdf38b494,tiento,Q9730,classical music,2,0,0,ring,,,KEYBOARD FORMS > COUNTERPOINT & IMPROVISATION,,,attach,,10,,,
Q140544,28531139-91ab-42d5-841a-f029f94391de,toccata,Q9730,classical music,2,0,0,ring,,Italy,KEYBOARD FORMS > COUNTERPOINT & IMPROVISATION,,,single,classical music,41,,,
Q8701407,4bf6058e-0736-4836-8eae-6d63bf78b9fb,waltz,Q9730,classical music,2,3,3,ring,,,STAGE & DANCE FORMS,,,single,classical dance music,15,,,
Q108226936,a4704a31-7c69-44d9-a590-8fcc2b258f77,slow waltz,Q8701407,waltz,3,0,0,ring,,,,,,single,waltz,0,,,
Q107254577,49a6af5e-89d5-4154-ae2a-153382cad33e,valsa brasileira,Q8701407,waltz,3,0,0,ring,,,,,,auto,Brazilian classical music | waltz,0,,,
Q7919873,a93217e1-8be1-4081-a917-facb3693050c,Venezuelan waltz,Q8701407,waltz,3,0,0,ring,,,,,,auto,Hispanic American music | music of South America | waltz,2,,,
Q207841,ff3c81ef-f053-4e9f-918a-79acd13afdb2,étude,Q9730,classical music,2,0,0,ring,,,KEYBOARD FORMS > CHARACTER PIECES,,,single,classical music,45,,,
Q708228,47791b14-968a-4f20-bd4d-3326b10d5b0f,Korean court music,Q1583807,art music,1,4,5,ring,900,,EAST ASIAN COURT & THEATRE,,,single,East Asian classical music | Korean traditional music,8,,,
Q710673,bdc421e1-0164-4c14-9927-4217bfb25667,aak,Q708228,Korean court music,2,0,0,ring,1116,Goryeo,,,,single,Korean court music,13,,,
Q5215959,5052f473-3358-44dd-b397-f2b68b9bca30,dangak,Q708228,Korean court music,2,0,0,ring,,Later Silla,,,,single,Korean court music,5,,,
Q5369664,2c109071-b1af-46c7-81f0-550271d18d17,hyangak,Q708228,Korean court music,2,0,0,ring,,Korea,,,,single,Korean court music,5,,,
Q389372,e1a239ca-aad0-4e22-bedd-2d23c8a48a26,jeongak,Q708228,Korean court music,2,1,1,ring,,,,,,single,Korean court music,8,,,
Q846219,fbeab683-925b-47a9-9568-42f4b2366ee5,gagok,Q389372,jeongak,3,0,0,ring,,Korea · South Korea,,,,single,jeongak,16,,,
Q2743,ff6d73e8-bf1a-431e-9911-88ae7ffcfdfb,musical play,Q1583807,art music,1,2,2,ring,1560,Europe,STAGE & CABARET,,,attach,musical drama,89,,,
Q6027927,b97dda04-d712-4527-80fe-7cfa0e71ecf1,industrial musical,Q2743,musical play,2,0,0,ring,,,,,,single,musical play,1,,,
Q7439349,ce04473b-0b0b-482b-9b4d-163696fa2a70,Scrumpy and Western,Q2743,musical play,2,0,0,ring,,United Kingdom,,,,auto,English folk music | musical comedy,3,,,
Q7397088,7de0cdcc-9ea2-487f-a9e8-66c317395bbf,Sacred Harp,Q1583807,art music,1,0,0,ring,1800,United States,SACRED TRADITIONS > CHRISTIAN,,,attach,Christian music | music of the United States | religious vocal music,9,,,
Q1937548,fb691c08-12a7-4f7e-ac18-9ba3fe624784,minstrel music,Q1583807,art music,1,1,1,ring,1830,United States,STAGE & CABARET,,,attach,music of North America | musical theater,1,,,
Q2265295,c0224cf0-33fc-44c7-8073-b074424cfb6b,coon song,Q1937548,minstrel music,2,0,0,ring,1840,,,,,attach,music of North America,6,,,
Q109719462,db8a5e56-60da-4438-8e2a-f2f51f0d4092,vaudeville,Q1583807,art music,1,0,0,ring,1880,,STAGE & CABARET,,,attach,music of North America | musical theater,0,,,
Q2332751,b1c0c2ad-e5ae-4bb6-a1be-d66e195fd2d7,avant-garde music,Q1583807,art music,1,2,5,ring,1945,,WESTERN ART MUSIC,,,single,art music,23,,,
Q790188,8d901306-d4a3-436c-a1c3-75550e5b6eaf,avant-garde jazz,Q2332751,avant-garde music,2,2,2,ring,1957,United States,,,,auto,avant-garde music | jazz,25,,,
Q211781,3c31635b-a5a7-44eb-ab9d-4bbde11da2d4,free jazz,Q790188,avant-garde jazz,3,0,0,ring,1960,Europe · United States,,,,single,avant-garde jazz,43,,,
Q98528203,2a28fbf5-52e2-436f-a048-b2be3b00d987,experimental big band,Q790188,avant-garde jazz,3,0,0,ring,,,,,,single,avant-garde jazz,0,,,
Q3630966,e5abef91-49eb-491c-b0ce-c6dd4e1f2d19,avant-prog,Q2332751,avant-garde music,2,1,1,ring,1969,Europe · Japan · United States,,,,auto,avant-garde music | experimental rock | progressive rock,5,,,
Q196999,6992b6b1-c275-4728-89b0-8aebab5b7d94,Zeuhl,Q3630966,avant-prog,3,0,0,ring,1970,,,,,single,avant-prog,14,,,
Q130711589,312381b1-0a4f-4476-a3d7-aefdb2969e2a,banga,Q1583807,art music,1,0,0,ring,,Tunisia,SACRED TRADITIONS > ISLAMIC & SUFI,,,attach,Maghreb music | Sufi music,0,,,
Q4371786,d73b2574-c62a-4239-a032-54edb66cf60e,beompae,Q1583807,art music,1,0,0,ring,,,"SACRED TRADITIONS > HINDU, BUDDHIST & TAOIST",,,attach,Buddhist music | chant | music of Korea,3,,,
Q854775,6af33c14-3e4c-4b88-94c5-514333b45964,bhajan,Q1583807,art music,1,0,0,ring,,,"SACRED TRADITIONS > HINDU, BUDDHIST & TAOIST",,,attach,music of South Asia,37,,,
Q110230168,32d363f6-562d-4efa-a4b0-43ee8f1a7e15,British brass band music,Q1583807,art music,1,0,0,ring,,,BANDS & MARCHES,,,attach,music of the United Kingdom,0,,,
Q111535905,b8a07a90-2b50-4257-8f1e-69846b582432,cabaret music,Q1583807,art music,1,4,6,ring,,,STAGE & CABARET,,,attach,musical theater,0,,,
Q1166158,66e222b5-4a1f-4626-90c6-d0f7029d7dec,dark cabaret,Q111535905,cabaret music,2,1,1,ring,1980,Europe,,,,attach,popular music,14,,,
Q106582953,8a729b73-1ef1-44da-a0d8-ce90cfc181c3,steampunk music,Q1166158,dark cabaret,3,0,0,ring,,,,,,attach,,0,,,
Q5151495,119ecf69-7d87-4f63-bc83-2959a0111a55,comedy music,Q111535905,cabaret music,2,1,1,ring,,,,,,attach,,9,,,
Q107194780,b38881af-4d5b-45d1-a88e-9916a49b0c69,break-in,Q5151495,comedy music,3,0,0,ring,,,,,,single,comedy music | novelty music,1,,,
Q16154635,38c0236f-f452-4a5a-8666-5aa1d85d7af0,Kabarett,Q111535905,cabaret music,2,0,0,ring,,,,,,attach,,9,,,
Q11817196,5493cab0-6ce9-44da-be98-2920dcb88ff9,piosenka aktorska,Q111535905,cabaret music,2,0,0,ring,,Poland,,,,attach,music of Poland | musical theater | poetry song,2,,,
Q108297215,6cd00547-6ee7-4b87-8325-b43e614f3047,chazzanut,Q1583807,art music,1,1,1,ring,,,SACRED TRADITIONS > JEWISH,,,attach,Jewish liturgical music | chant,0,,,
Q125346598,19f54987-35b9-499e-81b2-a0402135a195,Ashkenazi cantorial music,Q108297215,chazzanut,2,0,0,ring,,,,,,single,Ashkenazi music | chazzanut,0,,,
Q8812109,ebe9d6f6-265a-4234-89c5-f444e2765616,church music,Q1583807,art music,1,8,17,ring,,,SACRED TRADITIONS > CHRISTIAN,,,attach,Christian music | liturgical music,31,,,
Q4763551,2b6ccba5-24fd-4741-a151-f8da4f1af089,Anglican chant,Q8812109,church music,2,0,0,ring,,,,,,single,church music | music of England,2,,,
Q106810831,723fc4d5-e456-45cf-98ac-87e57c09f2aa,Byzantine chant,Q8812109,church music,2,0,0,ring,,Cyprus · Greece,,,,single,Byzantine music | chant | church music,0,,,
Q1339121,00488539-6086-453e-a0e4-58be76ba6475,contemporary worship music,Q8812109,church music,2,1,1,ring,,,,,,single,church music,15,,,
Q5640052,e5bce5b5-7b14-40fc-8af7-6b4e9b4bf8ed,shout,Q1339121,contemporary worship music,3,0,0,ring,,,,,,auto,contemporary worship music | gospel music,2,,,
Q18324847,d3d1cff6-9c61-4f64-8530-b01e0999f07e,Kievan chant,Q8812109,church music,2,0,0,ring,,,,,,single,East Slavic church music | chant,4,,,
Q217295,de77d1c8-eae4-41f2-930c-91efd9979915,mass,Q8812109,church music,2,1,1,ring,,,,,,single,choir work | choral music | church music | event music,44,,,
Q6941842,627d27d1-4ea4-44c2-a6a7-74daf9445ba7,music for the Requiem Mass,Q217295,mass,3,0,0,ring,,,,,,single,funeral music | mass,9,,,
Q2707688,f1934903-1841-42bf-90e7-302359efeb30,plainsong,Q8812109,church music,2,5,6,ring,,,,,,single,chant | church music,14,,,
Q4083733,26685717-e1b6-4b27-991f-8a8f982c19af,Beneventan chant,Q2707688,plainsong,3,0,0,ring,700,,,,,single,music of Italy | plainsong,9,,,
Q26473,711668e0-53bd-4268-8db0-92cfdd255eda,Gregorian chant,Q2707688,plainsong,3,1,1,ring,900,Europe,,,,single,monody | plainsong,61,,,
Q109523071,d8602ee4-8947-4549-8853-345f753a2d26,Sarum chant,Q26473,Gregorian chant,4,0,0,ring,,,,,,single,Gregorian chant | music of the United Kingdom,0,,,
Q1428162,c6eb7df0-5bc6-4ac6-8bca-ad4701eab1c0,Ambrosian chant,Q2707688,plainsong,3,0,0,ring,,,,,,single,plainsong | religious vocal music,18,,,
Q2956240,9797a1de-8ba6-492c-be4f-0739209bc6b5,Gallican chant,Q2707688,plainsong,3,0,0,ring,,,,,,single,plainsong,4,,,
Q4440575,bbc4731e-f44c-49d4-94df-e1bcfb39bccd,Old Roman chant,Q2707688,plainsong,3,0,0,ring,,,,,,single,music of Italy | plainsong,5,,,
Q7382074,9c33a528-ff3e-447f-ad1d-bf922e732c16,Russian liturgical music,Q8812109,church music,2,1,1,ring,,,,,,single,East Slavic church music | Russian religious music,3,,,
Q140528502,2cd30014-018f-4c51-b06b-3a2dd51fa447,Valaam chant,Q7382074,Russian liturgical music,3,0,0,ring,,,,,,single,Russian liturgical music,0,,,
Q965834,cdcb419d-7967-4667-bb9c-b5c39bddbac6,Znamenny chant,Q8812109,church music,2,0,0,ring,,,,,,single,East Slavic church music | chant,12,,,
Q130391382,e8732e11-73a8-42ff-b5a0-60b9b3b64b02,chöd,Q1583807,art music,1,0,0,ring,,,"SACRED TRADITIONS > HINDU, BUDDHIST & TAOIST",,,attach,Buddhist music | music of Tibet,0,,,
Q135965645,274ce69b-c59a-4f10-be71-5ee63d523b4c,concertina band,Q1583807,art music,1,0,0,ring,,,BANDS & MARCHES,,,attach,music of the United Kingdom,0,,,
Q128631435,c6ec2a15-e040-4b2b-aced-5dee7ba526f3,drum and bugle corps music,Q1583807,art music,1,0,0,ring,,,BANDS & MARCHES,,,attach,,0,,,
Q952404,e68b88da-3a15-4475-ba63-f571016f37b7,drumline,Q1583807,art music,1,0,0,ring,,,BANDS & MARCHES,,,attach,,5,,,
Q30324607,ddab0084-13c2-4664-ba99-060b62002e94,Ethiopian chant,Q1583807,art music,1,0,0,ring,,,SACRED TRADITIONS > CHRISTIAN,,,attach,Christian hymn | chant,4,,,
Q4752840,49adfa62-f3d8-47ce-90af-5ef37b04508a,fife and drum corps,Q1583807,art music,1,0,0,ring,,,BANDS & MARCHES,,,attach,,4,,,
Q718540,07b217fc-7798-4e74-aad6-2c08b32c2810,gagaku,Q1583807,art music,1,0,0,ring,,Japan,EAST ASIAN COURT & THEATRE,,,single,East Asian court ceremonial music | traditional Japanese music,34,,,
Q5562953,550c5488-0425-4d3b-a831-e01ff2f70941,ginans,Q1583807,art music,1,0,0,ring,,,SACRED TRADITIONS > ISLAMIC & SUFI,,,attach,Islamic music | music of South Asia,3,,,
Q5619688,5a63dc51-a5b1-445d-bb22-3f9ede756521,guoyue,Q1583807,art music,1,1,4,ring,,Taiwan,EAST ASIAN COURT & THEATRE,,,single,art music | music of China | national music,3,,,
Q134005844,67d2abea-9880-4660-ae3c-5de3c6ed082e,sizhu music,Q5619688,guoyue,2,2,3,ring,,,,,,attach,music of China,0,,,
Q6942109,b9a125e0-5ce5-40ff-8325-2480cb3c1865,Guangdong music,Q134005844,sizhu music,3,0,0,ring,,,,,,single,sizhu music,3,,,
Q6191683,e7c24ae2-7663-407b-9ad6-63409f7ccd30,Jiangnan sizhu,Q134005844,sizhu music,3,1,1,ring,,People's Republic of China,,,,auto,Chinese traditional music | sizhu music,5,,,
Q7701003,a35d0c36-91f2-4f9e-bd57-eab90e80950a,Teochew string music,Q6191683,Jiangnan sizhu,4,0,0,ring,,,,,,single,Chinese stringed music | Jiangnan sizhu,3,,,
Q1323698,4a2f8fe1-477a-4dfd-9a40-41c59ca3c0d8,Indian classical music,Q1583807,art music,1,3,12,ring,,,OTHER CLASSICAL TRADITIONS,,,single,art music | music of South Asia,45,,,
Q7077860,dc552f00-d9d9-4ffd-80aa-e6938ed31a95,Odissi music,Q1323698,Indian classical music,2,0,0,ring,200,Odisha,,,,single,Indian classical music,7,,,
Q956883,5b8be5dd-44b1-4461-9266-cfed3e16f55c,Carnatic music,Q1323698,Indian classical music,2,1,1,ring,1100,Karnataka,,,,single,Indian classical music,31,,,
Q3521984,2ab6c422-3a84-41d8-986b-52aa94ad7464,konnakol,Q956883,Carnatic music,3,0,0,ring,,,,,,single,Carnatic music,8,,,
Q1770695,92ccf7a7-c886-4e06-9aff-e432593653df,Hindustani classical music,Q1323698,Indian classical music,2,8,8,ring,,,,,,single,Indian classical music,28,,,
Q512410,ab01fbff-c7da-462a-93a9-71ad62b64d80,qawwali,Q1770695,Hindustani classical music,3,0,0,ring,1450,India · Pakistan,DEVOTIONAL & LIGHT,,,single,Hindustani classical music | Sufi music | music of India,43,,,
Q70076,dbfada72-0ef2-4af9-bc0d-04065e0c5f3d,tappa,Q1770695,Hindustani classical music,3,0,0,ring,1700,India,DHRUPAD & KHYAL,,,single,Hindustani classical music | semi-classical music | vocal music,13,,,
Q2641862,6e319459-3520-4079-8755-d8c9f35ce78e,Abhang,Q1770695,Hindustani classical music,3,0,0,ring,,,DEVOTIONAL & LIGHT,,,single,Hindustani classical music,18,,,
Q59158,10bcaf1c-cd46-46be-b8f8-ffd321a117fb,dhrupad,Q1770695,Hindustani classical music,3,0,0,ring,,,DHRUPAD & KHYAL,,,single,Hindustani classical music,17,,,
Q62128,b8bf0e96-4961-488b-a5f7-4cfbb9afa17c,Khyal,Q1770695,Hindustani classical music,3,0,0,ring,,,DHRUPAD & KHYAL,,,single,Hindustani classical music,15,,,
Q6419747,d6630bbd-65a3-4a13-9727-f4100695dc49,Klasik,Q1770695,Hindustani classical music,3,0,0,ring,,Afghanistan,DEVOTIONAL & LIGHT,,,single,Hindustani classical music | music of Afghanistan,1,,,
Q3981034,b4ed04e9-3f9c-45b3-acd4-e99e0cbc4625,tarana,Q1770695,Hindustani classical music,3,0,0,ring,,India,DHRUPAD & KHYAL,,,single,Hindustani classical music,7,,,
Q69596,47d61cdb-55c0-4220-b420-8903afe0a1a1,Thumri,Q1770695,Hindustani classical music,3,0,0,ring,,India,DEVOTIONAL & LIGHT,,,single,Hindustani classical music,17,,,
Q106586236,9a8b5ca4-6a47-4ede-8c6f-90ce1ce3d2bd,Japanese classical music,Q1583807,art music,1,8,10,ring,,,EAST ASIAN COURT & THEATRE,,,single,East Asian classical music | traditional Japanese music,0,,,
Q3129432,6e8856fb-0a15-4351-ad74-7a1d4cbe7211,heikyoku,Q106586236,Japanese classical music,2,0,0,ring,,,,,,attach,katarimono | traditional Japanese music,2,,,
Q3075498,bfc4294e-6815-4664-a176-8083e5e47e91,Honkyoku,Q106586236,Japanese classical music,2,0,0,ring,,,,,,single,Buddhist music | Japanese classical music,7,,,
Q11162353,5c9bb85f-55df-4731-91b7-05df7c16d0ca,jiuta,Q106586236,Japanese classical music,2,0,0,ring,,,,,,attach,early modern Japanese music | utaimono,6,,,
Q112144219,732422d2-a6c6-4e97-88a9-8bb9929eec09,meiji shinkyoku,Q106586236,Japanese classical music,2,0,0,ring,,,,,,single,Japanese classical music,0,,,
Q3080963,db22cff9-df8e-4a6a-83f2-a8093bf6c488,nagauta,Q106586236,Japanese classical music,2,0,0,ring,,,,,,attach,early modern Japanese music | utaimono,10,,,
Q7497655,4f022b0d-6194-4fa1-a1e9-24d8e2f16263,shinkyoku,Q106586236,Japanese classical music,2,0,0,ring,,,,,,attach,music of Japan,2,,,
Q1760256,66d59e9f-d88e-4cf1-9e4f-8b6d448d0aff,shōmyō,Q106586236,Japanese classical music,2,0,0,ring,,,,,,single,Buddhist chant | Japanese classical music,10,,,
Q11603109,c9a21345-203f-4752-9fc9-a23b16e6fdc6,sokyoku,Q106586236,Japanese classical music,2,2,2,ring,,,,,,single,Japanese classical music,1,,,
Q5219995,5e48886e-fead-450d-8433-8e9f3e3ad3cf,Danmono,Q11603109,sokyoku,3,0,0,ring,,,,,,single,sokyoku,1,,,
Q109012701,e487f5a9-dc24-4b25-896c-13b1b23eb423,kumiuta,Q11603109,sokyoku,3,0,0,ring,,,,,,single,sokyoku,0,,,
Q1361891,ebbbccc1-4aaf-40ac-9dc1-99e42b621988,jōruri,Q1583807,art music,1,0,0,ring,,,EAST ASIAN COURT & THEATRE,,,attach,early modern Japanese music | theatre music,14,,,
Q6346110,3036a015-750f-412a-8b6f-deb5602518e0,Kafi,Q1583807,art music,1,0,0,ring,,,SACRED TRADITIONS > ISLAMIC & SUFI,,,attach,Sufi music,10,,,
Q1348260,6c80d463-476c-4260-986a-4d35599b9952,Kagura,Q1583807,art music,1,0,0,ring,,Japan,"SACRED TRADITIONS > HINDU, BUDDHIST & TAOIST",,,attach,Shinto music,25,,,
Q6365528,3f2875dd-4f53-41a0-95fe-a19a21a06a72,kanto,Q1583807,art music,1,0,0,ring,,,STAGE & CABARET,,,attach,music of Turkey | musical theater,2,,,
Q124399721,60ada19f-c6af-49db-8fbf-3479e70f6689,kete,Q1583807,art music,1,0,0,ring,,,OTHER CLASSICAL TRADITIONS,,,single,Akan music | art music,0,,,
Q1337498,b317f591-53dd-402f-9b4f-54c91a19f1f7,Kontakion,Q1583807,art music,1,0,0,ring,,,SACRED TRADITIONS > CHRISTIAN,,,attach,Christian hymn,27,,,
Q574784,62c4a48c-70c7-4d48-a100-271564abca8a,lauda,Q1583807,art music,1,0,0,ring,,,SACRED TRADITIONS > CHRISTIAN,,,attach,hymn | music of Italy | paraliturgical music,13,,,
Q5683605,d95dcf5d-2512-4bf6-b9a6-16d3dd63d401,Maddahi,Q1583807,art music,1,1,1,ring,,,SACRED TRADITIONS > ISLAMIC & SUFI,,,attach,Islamic music,8,,,
Q135840551,7204cef3-6608-4696-af7e-bd40db94e569,shoor,Q5683605,Maddahi,2,0,0,ring,,,,,,single,Maddahi,0,,,
Q6030291,d2dbccc6-b894-4b4e-b47e-a27074e6b4bb,maftirim,Q1583807,art music,1,0,0,ring,,,SACRED TRADITIONS > JEWISH,,,attach,Sephardic music | music of the Middle East,1,,,
Q131510,539dc6b1-a191-4a0e-adca-01ae434a2f1d,mantra,Q1583807,art music,1,1,1,ring,,India · Iran,"SACRED TRADITIONS > HINDU, BUDDHIST & TAOIST",,,attach,chant,94,,,
Q124670108,8e1493f8-6c07-4244-9bb2-d790ee938de1,Tibetan Buddhist chant,Q131510,mantra,2,0,0,ring,,,,,,single,Buddhist chant | Tibetan Buddhist music | mantra,0,,,
Q98528260,3e298bf0-de7b-4d66-ac14-b8f82e379291,maqāmic music,Q1583807,art music,1,8,9,ring,,,OTHER CLASSICAL TRADITIONS,,,single,art music | music of Asia,0,,,
Q623904,22ccf722-6f47-479c-a96f-2bc403ab98d7,Andalusi classical music,Q98528260,maqāmic music,2,1,1,ring,1000,Emirate of Córdoba,ARAB & ANDALUSI,,,auto,Arabic classical music | music of Andalusia | music of North Africa,13,,,
Q19820570,6ccef497-ec94-42b3-97a1-4bfc2070e434,ma'luf,Q623904,Andalusi classical music,3,0,0,ring,,,,,,single,Andalusi classical music,6,,,
Q12193614,abdb0355-3f5c-4475-b671-00977f115efa,Iraqi maqam,Q98528260,maqāmic music,2,0,0,ring,,Iraq,ARAB & ANDALUSI,,,single,Arabic classical music | music of Iraq,8,,,
Q1474372,94338c63-5167-4e6b-ad36-38cbaca22583,mugham,Q98528260,maqāmic music,2,0,0,ring,,Azerbaijan,PERSIAN & CENTRAL ASIAN,,,single,maqāmic music | music of Azerbaijan,35,,,
Q2608710,31b6ac6a-0279-448d-a1aa-d687ababf39f,muqam,Q98528260,maqāmic music,2,0,0,ring,,,PERSIAN & CENTRAL ASIAN,,,single,Uyghur music | maqāmic music,14,,,
Q1518063,8a8bdf57-d3dd-4c2a-86a9-2eab2775c728,Ottoman classical music,Q98528260,maqāmic music,2,0,0,ring,,,ARAB & ANDALUSI,,,single,maqāmic music | music of Turkey,15,,,
Q11223087,73f08ab4-72fa-42be-8395-6698bb33042a,Persian traditional music,Q98528260,maqāmic music,2,0,0,ring,,Iran,PERSIAN & CENTRAL ASIAN,,,single,maqāmic music | music of Iran,12,,,
Q3091180,37a64068-189d-4c13-aebb-62c4ac03cb11,shashmaqam,Q98528260,maqāmic music,2,0,0,ring,,Tajikistan · Uzbekistan,PERSIAN & CENTRAL ASIAN,,,single,Tajik music | Uzbek classical music,24,,,
Q3511593,8bf3c587-1cde-4d44-91c4-d2d60e17783a,Sufiana kalam,Q98528260,maqāmic music,2,0,0,ring,,,ARAB & ANDALUSI,,,single,Sufi music | maqāmic music | music of Central Asia | music of South Asia,1,,,
Q211025,6036174f-0320-4901-a4da-6c4621bb2418,march,Q1583807,art music,1,2,2,ring,,,BANDS & MARCHES,,,attach,,49,,,
Q1677377,14a72d3d-c35c-475b-a733-d4b7f62499cd,funeral march,Q211025,march,2,0,0,ring,,,,,,single,funeral music | march,21,,,
Q7438911,6ce17d02-4aa7-4463-abb9-899abc44a9a2,screamer,Q211025,march,2,0,0,ring,,,,,,single,march,1,,,
Q124354571,572cd9af-3acd-49db-b4f6-8c3d3cb22bb1,mataali,Q1583807,art music,1,0,0,ring,,,SACRED TRADITIONS > ISLAMIC & SUFI,,,attach,Baganda music | Islamic music,0,,,
Q39046042,5a8404e6-b00e-4503-bc74-2a2fed24e11f,menzuma,Q1583807,art music,1,0,0,ring,,,SACRED TRADITIONS > ISLAMIC & SUFI,,,attach,Ethiopic music | Sufi music | chant,2,,,
Q940462,3b389785-3857-4316-9e80-3bbaaa2778ab,music hall,Q1583807,art music,1,0,0,ring,,United Kingdom,STAGE & CABARET,,,attach,,25,,,
Q122616091,b25d990e-d0d4-42bd-9644-47d907fb24ba,muzika yehudit mekorit,Q1583807,art music,1,0,0,ring,,,SACRED TRADITIONS > JEWISH,,,attach,contemporary Jewish religious music,1,,,
Q783874,e0ddc3bf-1fa8-44ac-89ae-e3306cdf8541,nasheed,Q1583807,art music,1,0,0,ring,,Arab world · Indonesia · Malaysia · Mauritania,SACRED TRADITIONS > ISLAMIC & SUFI,,,attach,Islamic music | muslim chant | vocal music,32,,,
Q6981036,a4613018-0372-4f2b-a097-9b88ca6e9482,Natya Sangeet,Q1583807,art music,1,0,0,ring,,,STAGE & CABARET,,,attach,,1,,,
Q1989725,b32ff90e-9ebe-4b3c-90a6-70a1745b203d,nigun,Q1583807,art music,1,0,0,ring,,,SACRED TRADITIONS > JEWISH,,,attach,Jewish religious music,12,,,
Q226887,bb59451e-9d55-49ea-a555-8e2a1a6d5ae1,noh,Q1583807,art music,1,0,0,ring,,Japan,EAST ASIAN COURT & THEATRE,,,attach,music of Japan,67,,,
Q115063561,d777590d-aa44-42ec-ba49-c210f151a297,pep band music,Q1583807,art music,1,0,0,ring,,,BANDS & MARCHES,,,attach,music of North America,0,,,
Q781402,f8856492-37ee-479c-9f1b-f9afa5cd5db9,piyyut,Q1583807,art music,1,2,2,ring,,,SACRED TRADITIONS > JEWISH,,,attach,Jewish liturgical music,20,,,
Q2880274,dcec1fd1-2b8b-43cc-aa45-f67f051ff8ff,baqashot,Q781402,piyyut,2,0,0,ring,,,,,,single,Sephardic music | oriental Jewish music | piyyut,3,,,
Q2891357,4880e6af-9ac0-409a-b4de-fa8ea388a08a,zemirot,Q781402,piyyut,2,0,0,ring,,,,,,single,piyyut,10,,,
Q1457753,69dbea9c-13d6-4038-acdb-5232e06e236c,pìobaireachd,Q1583807,art music,1,0,0,ring,,,WESTERN ART MUSIC,,,single,art music | music of Scotland,7,,,
Q918727,084eabca-bdfd-4985-a01b-de0dcc53d3c1,revue,Q1583807,art music,1,0,0,ring,,,STAGE & CABARET,,,attach,musical theater,34,,,
Q106586998,18df26c4-bcf6-4c91-8c62-8791c2fa1107,Southeast Asian classical music,Q1583807,art music,1,10,31,dial,,,OTHER CLASSICAL TRADITIONS,,,single,art music | music of Southeast Asia,0,,,
Q3517436,18dda576-d72c-42c2-8bb4-538e056ac4b6,tembang sunda,Q106586998,Southeast Asian classical music,2,0,0,ring,1850,Indonesia,INDONESIAN TRADITIONS,,,single,Southeast Asian classical music | Sundanese music | tembang,4,,,
Q108297205,eff22645-f13d-465d-a403-d73286d09017,Burmese classical music,Q106586998,Southeast Asian classical music,2,0,0,ring,,,MAINLAND & PHILIPPINE,,,single,Southeast Asian classical music | music of Myanmar,0,,,
Q194492,404a769d-cc30-431a-9ca9-1091cf0c833e,gamelan,Q106586998,Southeast Asian classical music,2,9,18,dial,,Indonesia,INDONESIAN TRADITIONS,,,single,Southeast Asian classical music,59,,,
Q5520018,a1bb925b-131e-4b39-826b-73f3d0ce4ce4,gamelan salendro,Q194492,gamelan,3,0,0,ring,1000,Indonesia,JAVA & BALI,,,single,gamelan,1,,,
Q4745477,5bcd2de1-8606-41ce-afa6-4f3e53f215e8,American gamelan,Q194492,gamelan,3,0,0,ring,,,OTHER GAMELAN,,,auto,gamelan | modern classical music | music of the United States,1,,,
Q11210968,c497c08a-22b3-483e-b1cf-abd4a1469fe3,Gamelan Bali,Q194492,gamelan,3,8,8,ring,,,JAVA & BALI,,,single,gamelan | music of Bali,3,,,
Q5520021,944f7bc1-0b80-42d4-9bd0-5dd6af3a31ac,Gamelan selunding,Q11210968,Gamelan Bali,4,0,0,ring,1000,Indonesia,CEREMONIAL GAMELAN,,,single,Gamelan Bali,6,,,
Q1493069,f914f629-664f-4f20-9538-6ca0cb70f5b5,gamelan gong kebyar,Q11210968,Gamelan Bali,4,0,0,ring,1915,Indonesia,THEATRE & MODERN GAMELAN,,,single,Gamelan Bali,8,,,
Q12472139,ca653db4-68f0-4d68-b2c9-7cc2def82751,gamelan angklung,Q11210968,Gamelan Bali,4,0,0,ring,,Indonesia,CEREMONIAL GAMELAN,,,single,Gamelan Bali,3,,,
Q4882148,b9287de8-064d-4ab6-93e2-ad0b802fc652,gamelan beleganjur,Q11210968,Gamelan Bali,4,0,0,ring,,,CEREMONIAL GAMELAN,,,single,Gamelan Bali,4,,,
Q5520014,3dd62118-137d-4ec8-bf5e-694189e442ae,gamelan gender wayang,Q11210968,Gamelan Bali,4,0,0,ring,,,THEATRE & MODERN GAMELAN,,,single,Gamelan Bali,3,,,
Q5520015,2535b30c-b079-4e7d-bd63-c288a479b702,gamelan gong gede,Q11210968,Gamelan Bali,4,0,0,ring,,Indonesia,CEREMONIAL GAMELAN,,,single,Gamelan Bali,3,,,
Q5520017,5614a6f5-614f-4c62-9bbf-6b5b56b02277,gamelan jegog,Q11210968,Gamelan Bali,4,0,0,ring,,Indonesia,THEATRE & MODERN GAMELAN,,,single,Gamelan Bali,4,,,
Q5520022,2698c645-a6ab-4e66-92f6-ebe7aeaf7ec6,gamelan semar pegulingan,Q11210968,Gamelan Bali,4,0,0,ring,,Indonesia,THEATRE & MODERN GAMELAN,,,single,Gamelan Bali,3,,,
Q5520020,93953be7-9dbf-48b2-bb3a-a09b94c5d97d,gamelan degung,Q194492,gamelan,3,0,0,ring,,,JAVA & BALI,,,single,Sundanese music | gamelan,6,,,
Q12487960,18f0e170-5595-44ac-b962-9f795c766f2b,gamelan joged bumbung,Q194492,gamelan,3,0,0,ring,,Indonesia,OTHER GAMELAN,,,single,gamelan,4,,,
Q5520010,0255f4d0-a363-4d82-aba1-edbf7545c711,gamelan sekaten,Q194492,gamelan,3,0,0,ring,,Indonesia,JAVA & BALI,,,single,Islamic music | gamelan,5,,,
Q5520007,4f5a0f77-941a-44d4-9f2a-583db87c33cb,gamelan siteran,Q194492,gamelan,3,0,0,ring,,Indonesia,OTHER GAMELAN,,,single,gamelan,1,,,
Q11215782,40fcf9c3-4dc0-48e4-9823-cb3abcf64e85,Javanese gamelan,Q194492,gamelan,3,1,1,ring,,Indonesia,JAVA & BALI,,,single,gamelan | music of Java,4,,,
Q5520009,8f000b70-83c3-4c87-89dd-cb8f97e11e0c,gamelan surakarta,Q11215782,Javanese gamelan,4,0,0,ring,,,,,,single,Javanese gamelan,4,,,
Q6741534,06676f29-0a30-411e-8fa6-0e5dcb76b741,Malay gamelan,Q194492,gamelan,3,0,0,ring,,,OTHER GAMELAN,,,single,Malay classical music | gamelan,5,,,
Q3191713,26892781-f6aa-49ff-84f7-ae3809c96d83,kacapi suling,Q106586998,Southeast Asian classical music,2,0,0,ring,,,INDONESIAN TRADITIONS,,,single,Southeast Asian classical music | Sundanese music,6,,,
Q131459053,1aa9ef73-2d01-4bd6-9cc2-b6de4e858eb4,kakawin,Q106586998,Southeast Asian classical music,2,0,0,ring,,,INDONESIAN TRADITIONS,,,single,Southeast Asian classical music | music of Indonesia,0,,,
Q106634883,2f9a42aa-a452-44d1-a8d6-06671eba0289,kulintang,Q106586998,Southeast Asian classical music,2,0,0,ring,,,MAINLAND & PHILIPPINE,,,single,Southeast Asian classical music,5,,,
Q4355815,43d062e6-ba5f-467d-ba26-f5054762cf91,mahori,Q106586998,Southeast Asian classical music,2,0,0,ring,,,MAINLAND & PHILIPPINE,,,single,Cambodian classical music,4,,,
Q6149344,9ac1baa7-a7e3-410f-a006-d17749e81daa,pinpeat,Q106586998,Southeast Asian classical music,2,0,0,ring,,Angkor · Cambodia,MAINLAND & PHILIPPINE,,,single,Cambodian classical music,6,,,
Q110241080,0b32e71a-a1a2-45be-85fc-6afa316dcbd4,saluang klasik,Q106586998,Southeast Asian classical music,2,0,0,ring,,,INDONESIAN TRADITIONS,,,single,Minangkabau music | Southeast Asian classical music,0,,,
Q13025600,ed927354-2410-484e-823d-e2f10910226f,Thai classical music,Q106586998,Southeast Asian classical music,2,3,3,ring,,,MAINLAND & PHILIPPINE,,,single,Southeast Asian classical music | music of Thailand,1,,,
Q13018408,89142acf-e3ec-45a5-82b2-053d51911dee,fon leb,Q13025600,Thai classical music,3,0,0,ring,,Thailand,,,,auto,Thai classical music | Thai folk music,1,,,
Q6629917,ecac48dc-1b01-4793-956d-5d6905105808,khrueang sai,Q13025600,Thai classical music,3,0,0,ring,,,,,,single,Thai classical music,3,,,
Q478176,b697f880-bdf4-4ac7-ae38-21cc95ef20fb,piphat,Q13025600,Thai classical music,3,0,0,ring,,,,,,single,Thai classical music,5,,,
Q116875242,8dcb596f-91ab-49b7-bfb8-91e804e2378d,tanjidor music,Q1583807,art music,1,0,0,ring,,,BANDS & MARCHES,,,attach,music of Indonesia,0,,,
Q3296779,ca34c281-956f-4b62-bdf6-79aa75129c86,Taoist music,Q1583807,art music,1,0,0,ring,,,"SACRED TRADITIONS > HINDU, BUDDHIST & TAOIST",,,attach,music of China | religious music,5,,,
Q919516,8b1cd4e1-e0cf-4ab4-928a-5908ccdc4b6a,troparion,Q1583807,art music,1,0,0,ring,,,SACRED TRADITIONS > CHRISTIAN,,,attach,hymn,22,,,
Q48723594,87c7a6b9-058d-4d25-b2d9-4fb7a0f3f956,Vedic chant,Q1583807,art music,1,0,0,ring,,India,"SACRED TRADITIONS > HINDU, BUDDHIST & TAOIST",,,attach,chant | hymn | music of South Asia,13,,,
Q106654247,70cbaeb2-3309-42bf-a8a9-c2f0cba87d5a,Vietnamese classical music,Q1583807,art music,1,2,2,ring,,,EAST ASIAN COURT & THEATRE,,,single,East Asian classical music | music of Vietnam,0,,,
Q81105,9bba0b69-1f7e-40cf-83db-c95ae5dd28d1,ca trù,Q106654247,Vietnamese classical music,2,0,0,ring,,Vietnam,,,,single,Vietnamese classical music,12,,,
Q10830180,5da4831b-1558-4235-9b60-fa31ce686d06,tuồng,Q106654247,Vietnamese classical music,2,0,0,ring,,,,,,auto,Vietnamese classical music | musical play,9,,,
Q11401,52faa157-6bad-4d86-a0ab-d4dec7d2513c,hip-hop,,,0,55,101,group,1973,United States,,,,root,popular music,124,8,tri_down,31
Q969663,aa92e307-b2bc-4802-8953-48b8c912fe9a,political hip-hop,Q11401,hip-hop,1,1,1,ring,1970,United States,THEMES & CROSSOVERS,,,single,hip-hop | leftist music,15,,,
Q141459,c0e73bb6-37a4-485e-aaea-11c63b40c9f3,conscious hip-hop,Q969663,political hip-hop,2,0,0,ring,1960,United States,,,,single,hip-hop | political hip-hop | rapping,10,,,
Q429264,149a3524-0fd3-4bdc-9876-0361dfee8908,West Coast hip-hop,Q11401,hip-hop,1,0,0,ring,1975,United States,US REGIONAL SCENES,,,single,American hip-hop,30,,,
Q876171,1bafab01-c092-47bc-84ee-a6b503b3cb86,East Coast hip-hop,Q11401,hip-hop,1,0,0,ring,1978,United States,US REGIONAL SCENES,,,single,American hip-hop,28,,,
Q868855,4a28dad3-1224-4b9b-bd4b-e03e03791856,old-school hip-hop,Q11401,hip-hop,1,0,0,ring,1978,United States,OLD SCHOOL & FOUNDATIONS,,,single,hip-hop,23,,,
Q12302979,a0b9959b-15df-4372-8a72-5a581e55ae71,battle rap,Q11401,hip-hop,1,0,0,ring,1980,United States,OLD SCHOOL & FOUNDATIONS,,,single,hip-hop | rapping,25,,,
Q213608,33354c9b-2d74-440a-89c3-d4c311a3a8fb,beatboxing,Q11401,hip-hop,1,0,0,ring,1980,,OLD SCHOOL & FOUNDATIONS,,,attach,,54,,,
Q6010117,2f38ceb3-0ed0-475d-9ebd-bee14a2ca28e,Memphis rap,Q11401,hip-hop,1,1,1,ring,1980,United States,US REGIONAL SCENES,,,single,American hip-hop | US bass music,12,,,
Q119889473,350fa197-1f7f-47f6-a445-9ebad5eddb9b,dungeon rap,Q6010117,Memphis rap,2,0,0,ring,,,,,,single,Memphis rap,0,,,
Q2572585,da2fc3b4-b97d-491a-ac0f-8a731bee7237,pop rap,Q11401,hip-hop,1,1,1,ring,1980,United States,THEMES & CROSSOVERS,,,single,hip-hop,22,,,
Q19708376,05299eea-f2bd-4de0-bc7f-1ab62d24947d,frat rap,Q2572585,pop rap,2,0,0,ring,,,,,,single,pop rap,2,,,
Q1253172,7abbbbea-21ea-4167-bcea-48147bf642b8,Southern hip-hop,Q11401,hip-hop,1,1,2,ring,1980,United States,US REGIONAL SCENES,,,single,American hip-hop,17,,,
Q4949812,ccd103a5-bf71-43a2-b715-244a81ac9950,bounce music,Q1253172,Southern hip-hop,2,1,1,ring,1990,United States,,,,single,Southern hip-hop | US bass music,8,,,
Q136653467,bb38a7c9-2f6e-4a3b-8208-90f6be952c4d,sissy bounce,Q4949812,bounce music,3,0,0,ring,,,,,,single,bounce music,0,,,
Q2238236,0db33693-8ae5-4749-af7a-20895395dc82,Christian hip-hop,Q11401,hip-hop,1,0,0,ring,1985,United States,THEMES & CROSSOVERS,,,single,Christian music | hip-hop,13,,,
Q255406,6061fb1b-d733-4643-a3d4-940c9a5e2ab8,jazz rap,Q11401,hip-hop,1,0,0,ring,1985,United States,ALTERNATIVE & EXPERIMENTAL,,,single,hip-hop,26,,,
Q546206,432290bd-f667-4871-9fdc-127996f3ad93,Miami bass,Q11401,hip-hop,1,2,2,ring,1985,United States,CLUB & PARTY RAP > SOUTHERN CLUB RAP,,,auto,US bass music | club/dance music | hip-hop,14,,,
Q106522238,f89fe81d-acc4-4b34-ab75-6b8d15d60209,techno bass,Q546206,Miami bass,2,0,0,ring,1989,,,,,auto,Miami bass | electro,1,,,
Q119438481,92b5b34b-c168-4883-8ccb-c37f720971b4,tamborzão,Q546206,Miami bass,2,0,0,ring,,,,,,auto,Brazilian funk | Miami bass,0,,,
Q1109947,4080e55b-ac2e-4907-a724-491b3bfdba63,ragga hip hop,Q11401,hip-hop,1,0,0,ring,1985,Jamaica,OTHER SCENES,,,auto,hip-hop | ragga,5,,,
Q98528482,e009a9c2-c20c-40d9-9bb6-4e098676ea9c,abstract hip-hop,Q11401,hip-hop,1,0,0,ring,1986,,ALTERNATIVE & EXPERIMENTAL,,,single,hip-hop,3,,,
Q529742,d8048b43-9edb-4e1a-aa88-bb91fa847d4a,boom bap,Q11401,hip-hop,1,0,0,ring,1987,United States,OLD SCHOOL & FOUNDATIONS,,,single,hip-hop,16,,,
Q438503,924943cd-73c8-45c0-96eb-74f2a15e5d6e,alternative hip-hop,Q11401,hip-hop,1,0,0,ring,1988,United States,ALTERNATIVE & EXPERIMENTAL,,,single,alternative music | hip-hop | rapping,31,,,
Q602646,a8ee2ad0-eadd-4082-9585-904def112c70,comedy hip-hop,Q11401,hip-hop,1,1,1,ring,1988,United States,THEMES & CROSSOVERS,,,auto,comedy music | hip-hop,14,,,
Q5072880,fbd4f954-6056-4d50-87c0-733519bd79fb,chap hop,Q602646,comedy hip-hop,2,0,0,ring,2007,United Kingdom,,,,single,comedy hip-hop | nerd music,1,,,
Q966564,12b013ff-cf03-4fa0-8e1b-c9b7f5d27f90,hardcore hip-hop,Q11401,hip-hop,1,3,7,ring,1988,United States,OLD SCHOOL & FOUNDATIONS,,,single,hip-hop,26,,,
Q753679,bc8c2f79-dcea-43f3-962b-f0663868d42c,gangsta rap,Q966564,hardcore hip-hop,2,4,4,ring,1985,United States,,,,single,hardcore hip-hop,36,,,
Q1399695,3e7b6b58-f95b-4439-90d2-75ee9717745a,Chicano rap,Q753679,gangsta rap,3,0,0,ring,1990,United States,,,,auto,Latin hip-hop | gangsta rap,11,,,
Q137541541,caca7aa8-7c7f-47e0-b2a2-40dd55340b48,coke rap,Q753679,gangsta rap,3,0,0,ring,,,,,,single,gangsta rap,0,,,
Q9302696,a115aea0-3fa8-410d-b8de-4106d79e4858,mafioso rap,Q753679,gangsta rap,3,0,0,ring,,,,,,single,gangsta rap,3,,,
Q122143484,0610e4f7-c6b4-42bc-9cab-1c27737abf6e,scam rap,Q753679,gangsta rap,3,0,0,ring,,,,,,single,gangsta rap,1,,,
Q918095,dfb59d7b-c690-4de7-a189-efe944ab60db,Britcore,Q966564,hardcore hip-hop,2,0,0,ring,1988,,,,,single,hardcore hip-hop,2,,,
Q3791697,44c86fca-a84b-4967-abea-a3b5757c19b7,chopper,Q966564,hardcore hip-hop,2,0,0,ring,,,,,,single,hardcore hip-hop,4,,,
Q965635,03a8749c-93e6-4b71-8204-b33de116d8fd,underground hip-hop,Q11401,hip-hop,1,0,0,ring,1988,United States,OLD SCHOOL & FOUNDATIONS,,,single,hip-hop | independent music | rapping | underground music,16,,,
Q2706919,9eb1c5f6-fa0a-495b-beb6-aba292fd3bbe,country rap,Q11401,hip-hop,1,0,0,ring,1990,United States,THEMES & CROSSOVERS,,,single,hip-hop,14,,,
Q1619932,979ae351-612e-4c63-9263-5b70f799dfbe,hiplife,Q11401,hip-hop,1,0,0,ring,1990,Ghana,AFRICAN HIP-HOP,,,single,hip-hop | music of West Africa,7,,,
Q1139136,66d01f06-21dc-4216-ac63-c5efb7b6338e,horrorcore,Q11401,hip-hop,1,0,0,ring,1990,United States,THEMES & CROSSOVERS,,,single,hip-hop,25,,,
Q17995961,ec0d9c44-4c90-47b6-82c9-dc8e2bd94b21,mobb music,Q11401,hip-hop,1,0,0,ring,1990,,US REGIONAL SCENES,,,single,hip-hop,3,,,
Q2913982,9a339aa8-a0e5-450c-95a7-b11517bb508f,trap music,Q11401,hip-hop,1,13,18,dial,1990,,TRAP & PHONK,,,single,US bass music | hip-hop,44,,,
Q54329757,2e4f4062-4d77-4d35-934b-a2c3ed44328b,Latin trap,Q2913982,trap music,2,0,0,ring,2010,United States,TRAP AROUND THE WORLD,,,auto,Latin hip-hop | trap music,8,,,
Q116314630,38dd5ce2-96d8-4202-b477-75a857d78adb,rare phonk,Q2913982,trap music,2,0,0,ring,2012,,RAGE & PHONK,,,auto,phonk | trap music,0,,,
Q109382160,213ac446-424b-43d9-8131-1ff1a23d192c,plugg music,Q2913982,trap music,2,4,5,ring,2013,United States,TRAP FUSIONS,,,single,trap music,8,,,
Q116679787,e7471575-4d36-462e-8649-b1c9facdddca,dark plugg,Q109382160,plugg music,3,0,0,ring,2016,,,,,single,plugg music,0,,,
Q111133885,130790af-ee2d-478f-a02a-f8c1b999e23c,pluggnb,Q109382160,plugg music,3,1,1,ring,2017,,,,,single,plugg music,2,,,
Q120715924,7366eb1a-4c8b-4e10-b3a0-6b327b99f65f,asian rock,Q111133885,pluggnb,4,0,0,ring,,,,,,single,pluggnb,0,,,
Q134613334,a3a91d37-5816-4bd5-ab37-ec5a6d455ebd,ambient plugg,Q109382160,plugg music,3,0,0,ring,,,,,,single,plugg music,0,,,
Q136348971,76cc31a4-e45f-4cf4-9d8d-421be773333e,terror plugg,Q109382160,plugg music,3,0,0,ring,,,,,,single,plugg music,0,,,
Q26234147,243975aa-1250-4429-8bd3-97080af44cf7,Afro trap,Q2913982,trap music,2,0,0,ring,2015,France,TRAP AROUND THE WORLD,,,single,trap music,6,,,
Q55644985,260d1450-1055-4c5c-9c78-863253349a5a,trap metal,Q2913982,trap music,2,0,0,ring,2015,United States,TRAP FUSIONS,,,auto,hardcore hip-hop | trap music,6,,,
Q104847619,5ba3d031-03bb-4894-ab70-5db521a9c67a,tread rap,Q2913982,trap music,2,0,0,ring,2015,,RAGE & PHONK,,,single,trap music,1,,,
Q111133884,dc2b0a66-0cf9-440c-8723-8540b23a94ec,rage,Q2913982,trap music,2,0,0,ring,2017,United States,RAGE & PHONK,,,single,trap music,10,,,
Q115485183,655210c4-70ea-4fc5-ba32-281a3579de5a,sigilkore,Q2913982,trap music,2,0,0,ring,2018,,RAGE & PHONK,,,single,trap music,3,,,
Q125346571,4311c12a-ff5c-4099-b10e-a17470356412,new jazz,Q2913982,trap music,2,0,0,ring,,,TRAP FUSIONS,,,single,trap music,0,,,
Q116960000,3ed50b54-98da-4854-bb72-807597a0ac2e,no melody trap,Q2913982,trap music,2,0,0,ring,,,RAGE & PHONK,,,single,trap music,0,,,
Q122474221,2030b210-f0b8-4cb9-a59c-fa24f8cc2a92,regalia,Q2913982,trap music,2,0,0,ring,,,TRAP AROUND THE WORLD,,,single,trap music,0,,,
Q115063525,6bd59226-65ed-48b2-926f-8dc100071e2c,trap shaabi,Q2913982,trap music,2,0,0,ring,,,TRAP AROUND THE WORLD,,,single,Arabic music | trap music,0,,,
Q119889474,bbfa4b39-8bb2-47e0-b457-55fee5e51511,trap soul,Q2913982,trap music,2,0,0,ring,,,TRAP FUSIONS,,,auto,contemporary R&B | trap music,0,,,
Q1046801,cfe47781-460e-498a-92f5-399d68076727,turntablism,Q11401,hip-hop,1,0,0,ring,1990,United States,OLD SCHOOL & FOUNDATIONS,,,auto,experimental music | hip-hop,26,,,
Q630689,79fb8e4d-f508-40c3-9043-524811ee9897,bongo flava,Q11401,hip-hop,1,0,0,ring,1995,Tanzania,AFRICAN HIP-HOP,,,single,hip-hop | music of East Africa,12,,,
Q1754592,9c8ba153-740e-4b88-b7ff-31d004944c95,nerdcore,Q11401,hip-hop,1,0,0,ring,1995,,THEMES & CROSSOVERS,,,single,hip-hop | nerd music,11,,,
Q936573,44c375ed-1041-4aa7-a2a0-05fb28135da3,crunk,Q11401,hip-hop,1,0,0,ring,1997,United States,CLUB & PARTY RAP > SOUTHERN CLUB RAP,,,single,US bass music | hip-hop,28,,,
Q2991840,e58ffd6d-e8c2-4cae-9068-099a7c2d601c,snap music,Q11401,hip-hop,1,0,0,ring,1997,United States,CLUB & PARTY RAP > SOUTHERN CLUB RAP,,,single,US bass music | hip-hop,10,,,
Q2043175,0822d395-7bf7-4b43-b944-54c4457f76c1,hyphy,Q11401,hip-hop,1,1,1,ring,1998,United States,CLUB & PARTY RAP > WEST COAST CLUB RAP,,,single,hip-hop,6,,,
Q135239105,f4462d4b-c7c1-4579-a0f9-907015ac9aee,jerk rap,Q2043175,hyphy,2,0,0,ring,2009,,,,,single,hyphy,2,,,
Q1074569,cec1580a-ef3c-4928-b302-58015335c7b0,chipmunk soul,Q11401,hip-hop,1,0,0,ring,1999,,ALTERNATIVE & EXPERIMENTAL,,,single,hip-hop,5,,,
Q97265899,d92aaf30-5941-4a65-b741-d9d48c80772a,lofi hip-hop,Q11401,hip-hop,1,0,0,ring,2000,,ALTERNATIVE & EXPERIMENTAL,,,auto,chill-out music | hip-hop,10,,,
Q16829781,2346fb3e-8546-4119-a929-601db8e0a733,cloud rap,Q11401,hip-hop,1,0,0,ring,2006,United States,TRAP & PHONK,,,single,hip-hop,16,,,
Q109303336,9e4c8b90-75d8-4dc9-a5a8-0d09285773dd,drumless hip hop,Q11401,hip-hop,1,0,0,ring,2007,,ALTERNATIVE & EXPERIMENTAL,,,single,hip-hop,0,,,
Q15697534,1e5e18e5-4e70-4a73-942a-c6c79c1aefe2,drill,Q11401,hip-hop,1,7,9,ring,2010,United States,TRAP & PHONK,,,single,US bass music | hip-hop,25,,,
Q115691081,b11f3064-4c98-472b-8877-2c69a9ede4e8,Chicago drill,Q15697534,drill,2,1,1,ring,2010,,,,,single,drill,1,,,
Q108297200,008fdc34-d27d-4400-bc39-21ce4db5d119,bop,Q115691081,Chicago drill,3,0,0,ring,2011,,,,,auto,Chicago drill | pop rap,0,,,
Q65943851,ca5d2892-93bf-4aae-85d5-a4589a1680b9,UK drill,Q15697534,drill,2,0,0,ring,2015,Brixton,,,,single,drill,5,,,
Q110643230,57a2964f-bf1d-41ad-99b1-3a09e4082e5c,sample drill,Q15697534,drill,2,0,0,ring,2019,,,,,single,drill,0,,,
Q115483855,a0d184ef-df74-4d91-b82b-5a24dc658218,Jersey drill,Q15697534,drill,2,0,0,ring,2021,,,,,single,drill,0,,,
Q132473088,eada8627-d6ac-4d03-80d8-5d39de65d462,free car music,Q15697534,drill,2,0,0,ring,,,,,,single,drill,0,,,
Q126281100,803ee1ab-e961-434e-a53f-424a405f6342,New York drill,Q15697534,drill,2,1,1,ring,,,,,,single,drill,0,,,
Q127129068,b1856899-cd57-4b51-b438-0c49786aeffd,sexy drill,Q126281100,New York drill,3,0,0,ring,,,,,,single,New York drill,0,,,
Q134997892,da66b9b3-9c4d-4a7d-a31a-fdfa4c0200ad,philly drill,Q15697534,drill,2,0,0,ring,,,,,,single,drill,0,,,
Q109941986,1177d5c3-7902-452c-9d2d-66bb06a307a3,ratchet music,Q11401,hip-hop,1,0,0,ring,2011,,CLUB & PARTY RAP > WEST COAST CLUB RAP,,,single,US bass music | hip-hop,1,,,
Q12362064,f52f5fc5-3b75-4757-9d1f-4cabe6808856,emo rap,Q11401,hip-hop,1,0,0,ring,2013,United States,TRAP & PHONK,,,single,hip-hop,22,,,
Q112997482,5a401ed0-7024-40e5-981d-4aed335fe2f4,drift phonk,Q11401,hip-hop,1,1,1,ring,2016,,TRAP & PHONK,,,auto,electronic music | phonk,3,,,
Q125455905,4519564f-98ae-4c33-af8d-e9968ea41ab3,Brazilian phonk,Q112997482,drift phonk,2,0,0,ring,,,,,,auto,drift phonk | funk mandelão,3,,,
Q107515261,b48ff5e2-b1da-4938-ad94-8411171d5170,digicore,Q11401,hip-hop,1,0,0,ring,2018,,TRAP & PHONK,,,single,hip-hop,3,,,
Q124692508,54809f85-0ba7-40a6-ba5c-11e621062581,jerk,Q11401,hip-hop,1,0,0,ring,2020,,CLUB & PARTY RAP > WEST COAST CLUB RAP,,,single,hip-hop,1,,,
Q85740017,52349b68-9cad-496e-8785-00d53f410246,Afroswing,Q11401,hip-hop,1,0,0,ring,,,AFRICAN HIP-HOP,,,single,hip-hop,4,,,
Q107267643,d81d7bb2-3f51-4004-a03e-6d2be0338543,arabesque rap,Q11401,hip-hop,1,0,0,ring,,Turkey,OTHER SCENES,,,single,hip-hop | music of Turkey,0,,,
Q2261628,8a2e8d9c-3402-4e83-b35d-a23e8016461a,chopped and screwed,Q11401,hip-hop,1,0,0,ring,,United States,CLUB & PARTY RAP > SOUTHERN CLUB RAP,,,single,hip-hop,11,,,
Q106839650,94eed6a9-901c-4de7-bd7c-e02dee690330,Detroit sound,Q11401,hip-hop,1,0,0,ring,,,US REGIONAL SCENES,,,single,Midwest hip-hop,0,,,
Q8560269,4f9a1d5e-ee21-474a-b9a2-720ace91a641,dirty south,Q11401,hip-hop,1,0,0,ring,,,US REGIONAL SCENES,,,single,hip-hop,4,,,
Q5421158,13a4ac4a-8291-4a03-ab7b-311dec6457de,experimental hip-hop,Q11401,hip-hop,1,1,1,ring,,United States,ALTERNATIVE & EXPERIMENTAL,,,auto,experimental music | hip-hop,5,,,
Q2004156,5f216b90-4ed2-4297-a243-d623db4c8235,industrial hip-hop,Q5421158,experimental hip-hop,2,0,0,ring,1985,United Kingdom · United States,,,,auto,experimental hip-hop | post-industrial music,7,,,
Q5533135,f6a96189-54e5-4a45-8b39-46153ca26f40,genge,Q11401,hip-hop,1,1,1,ring,,,AFRICAN HIP-HOP,,,single,hip-hop | music of East Africa,3,,,
Q122034475,691c7b1a-3734-4e17-af0e-73d7def0d47a,gengetone,Q5533135,genge,2,0,0,ring,,,,,,single,genge,0,,,
Q97169418,b440457c-962b-4fdd-afc5-449644098142,hanmai,Q11401,hip-hop,1,0,0,ring,,,OTHER SCENES,,,single,rapping,2,,,
Q28490034,55f2165a-7e94-4954-8fd1-87183645e4a1,hipco,Q11401,hip-hop,1,0,0,ring,,,AFRICAN HIP-HOP,,,single,hip-hop | music of Liberia,2,,,
Q136908587,49c1c15a-1e98-4325-8b88-adc56b353027,Houston sound,Q11401,hip-hop,1,0,0,ring,,,US REGIONAL SCENES,,,single,American hip-hop,0,,,
Q1077172,24695813-4a26-4872-bc95-b3378e0ae1b4,instrumental hip-hop,Q11401,hip-hop,1,0,0,ring,,,ALTERNATIVE & EXPERIMENTAL,,,auto,hip-hop | instrumental music,6,,,
Q124399713,4d59de45-c22d-45f4-aee6-ae86ea8ea3fd,Jersey club rap,Q11401,hip-hop,1,0,0,ring,,,CLUB & PARTY RAP > EAST COAST CLUB RAP,,,single,hip-hop,0,,,
Q122474149,60d31b40-7f08-4628-aaf6-a57a42190e55,lowend,Q11401,hip-hop,1,0,0,ring,,,TRAP & PHONK,,,single,hip-hop,1,,,
Q125653755,4950df5c-7d13-4fdd-9214-0a255968d5cd,Philly club rap,Q11401,hip-hop,1,0,0,ring,,,CLUB & PARTY RAP > EAST COAST CLUB RAP,,,single,hip-hop,0,,,
Q137441526,128e37bb-2a2f-4a9a-8716-651f693fb514,stoner rap,Q11401,hip-hop,1,0,0,ring,,,THEMES & CROSSOVERS,,,single,hip-hop,0,,,
Q37073,911c7bbb-172d-4df8-9478-dbff4296e791,pop music,,,0,171,230,group,1950,United Kingdom · United States,,,,root,popular music,134,9,hex_r,199
Q3305039,e5f6ce9b-f244-4ced-8a54-3dd42ae32bdd,malhun,Q37073,pop music,1,0,0,ring,1300,Maghreb,POP AROUND THE WORLD > MIDDLE EAST & NORTH AFRICA > THE MAGHREB,,,attach,music of North Africa,10,,,
Q1062400,b7864789-29e6-4965-84e4-463baaa869df,chanson,Q37073,pop music,1,2,2,ring,1450,,EUROPEAN POP > WESTERN EUROPEAN POP,,,attach,music of France,49,,,
Q2956171,7232f728-cc2d-4e55-8504-2e230860b422,chanson réaliste,Q1062400,chanson,2,0,0,ring,,,,,,single,chanson,5,,,
Q2956164,0d9335ad-25ed-465e-8321-69e6b96e7cd2,Quebec chanson,Q1062400,chanson,2,0,0,ring,,Canada,,,,single,chanson | music of Quebec,2,,,
Q959583,7edde935-8094-409e-ba33-34779b4668f8,schlager music,Q37073,pop music,1,2,2,ring,1874,Europe · Germany · Scandinavia,EUROPEAN POP > WESTERN EUROPEAN POP,,,single,music of Europe | pop music,42,,,
Q2532274,2c07a4f6-e74d-49c6-8062-4b2d40a09c02,Volkstümliche Musik,Q959583,schlager music,2,0,0,ring,1975,Germany,,,,single,schlager music,6,,,
Q1051575,998ab3d6-b975-45c0-948e-412b1e72bc58,humppa,Q959583,schlager music,2,0,0,ring,,Finland,,,,single,schlager music,17,,,
Q1564596,8d28a99e-69a8-452e-a34e-6f2f69398cb3,taarab,Q37073,pop music,1,0,0,ring,1880,Kenya · Tanzania,AFRICAN POP > EAST AFRICA > TANZANIA,,,attach,music of East Africa,16,,,
Q4400837,ce6e9088-9316-43db-8b4d-ccda4dc9e310,Russian romance,Q37073,pop music,1,0,0,ring,1900,Russian Empire,POP AROUND THE WORLD > RUSSIA & CENTRAL ASIA,,,attach,Russian music,8,,,
Q2138639,6882d709-c05a-44fb-9614-45124384fc17,Levenslied,Q37073,pop music,1,0,0,ring,1908,Netherlands,EUROPEAN POP > WESTERN EUROPEAN POP,,,attach,Dutch-language music | music of the Netherlands,6,,,
Q5433431,3890d16f-1bee-4856-be11-32a40debee17,famo,Q37073,pop music,1,0,0,ring,1920,Lesotho,AFRICAN POP > SOUTHERN AFRICA > SOUTH AFRICA & LESOTHO,,,attach,music of Southern Africa,4,,,
Q839029,deec5f2f-ccfc-4e0c-b1ac-8e5a17cd5cb7,raï,Q37073,pop music,1,0,0,ring,1920,Algeria,POP AROUND THE WORLD > MIDDLE EAST & NORTH AFRICA > THE MAGHREB,,,attach,music of Algeria,38,,,
Q7496127,b1611387-c581-41a4-acba-48889758c7c5,shidaiqu,Q37073,pop music,1,0,0,ring,1920,,EAST ASIAN POP > CHINESE-LANGUAGE POP,,,attach,music of China,9,,,
Q1196752,70c145aa-fed6-4b20-9d75-48b2c3b208f2,traditional pop,Q37073,pop music,1,1,1,ring,1920,United States,CLASSIC POP,,,single,pop music,18,,,
Q1121111,7fab1fe6-4338-4364-907a-2757782c2756,Tin Pan Alley,Q1196752,traditional pop,2,0,0,ring,1885,United States,,,,single,music of North America | traditional pop,27,,,
Q5747258,6848c546-59b8-4ee8-8573-4bf4573f07f7,canción melódica,Q37073,pop music,1,2,2,ring,1930,Latin America · Spain,POP AROUND THE WORLD > LATIN POP,,,single,pop music,3,,,
Q108297199,f609287c-d97f-4cd1-9d8d-b7f547d4dc04,bolero-beat,Q5747258,canción melódica,2,0,0,ring,,,,,,single,canción melódica,0,,,
Q85787413,520667f6-afbd-44dc-b591-64b74638a782,música cebolla,Q5747258,canción melódica,2,0,0,ring,,,,,,auto,canción melódica | music of Chile,2,,,
Q107539904,b97edf00-f31c-4ae0-92dc-2cd6fa2c64c6,estrada music,Q37073,pop music,1,0,0,ring,1930,Soviet Union,POP AROUND THE WORLD > RUSSIA & CENTRAL ASIA,,,attach,popular music,4,,,
Q6701559,924bddc4-5e86-46b8-adf7-ba23ed764c40,luk krung,Q37073,pop music,1,0,0,ring,1931,Thailand,POP AROUND THE WORLD > SOUTHEAST ASIAN POP > MAINLAND SOUTHEAST ASIA,,,attach,phleng Thai sakon,3,,,
Q860196,d7db2674-0b59-4650-a518-87f7f7f4c4fc,bikutsi,Q37073,pop music,1,0,0,ring,1940,Cameroon,AFRICAN POP > CENTRAL AFRICA > CAMEROON,,,attach,music of Cameroon,12,,,
Q3453150,b4e4bd83-a5e9-47d4-91a4-8baca4b21dc9,Congolese rumba,Q37073,pop music,1,1,3,ring,1940,Democratic Republic of the Congo · Republic of the Congo,AFRICAN POP > CENTRAL AFRICA > CONGO & ANGOLA,,,attach,music of Congo,13,,,
Q1752683,215a1932-5ca1-4316-9378-9cdccc6d389c,soukous,Q3453150,Congolese rumba,2,2,2,ring,1968,Democratic Republic of the Congo · Republic of the Congo,,,,single,Congolese rumba | music of Central Africa,21,,,
Q3868787,a78fa973-0554-40d7-a361-270974a2cd22,muziki wa dansi,Q1752683,soukous,3,0,0,ring,1935,Tanzania,,,,single,soukous,5,,,
Q2362669,b8c663f7-9f1d-46af-8eb9-ddafcadf1758,kwassa kwassa,Q1752683,soukous,3,0,0,ring,,,,,,single,soukous,5,,,
Q1779294,18e297f0-8fd3-46ac-9953-1a9a91b69596,space age pop,Q37073,pop music,1,0,0,ring,1947,,CLASSIC POP,,,auto,easy listening | pop music,11,,,
Q6301761,cdf63035-2083-4520-9c20-84d540886ab3,benga music,Q37073,pop music,1,0,0,ring,1948,Kenya,"AFRICAN POP > EAST AFRICA > KENYA, UGANDA & SOMALIA",,,attach,music of Kenya,6,,,
Q873478,b73d4a65-091e-4f08-8422-93f1b90f95d7,enka,Q37073,pop music,1,0,0,ring,1950,Japan,EAST ASIAN POP > JAPAN,,,attach,music of Japan,30,,,
Q1418683,7054e8e2-7c7b-4432-83b9-93423b361792,kayōkyoku,Q37073,pop music,1,3,3,ring,1950,Japan,EAST ASIAN POP > JAPAN,,,single,music of Japan | pop music,13,,,
Q11319232,1fb74392-b39f-4415-86b9-93b74920890a,techno kayō,Q1418683,kayōkyoku,2,0,0,ring,1979,Japan,,,,auto,kayōkyoku | techno-pop,1,,,
Q107985650,52584862-36e0-405c-9d76-0e71cbc69f9a,idol kayō,Q1418683,kayōkyoku,2,0,0,ring,,,,,,single,kayōkyoku,0,,,
Q10296747,905cbc3e-31cb-40c0-bc3c-bee506e1a4a8,mood kayō,Q1418683,kayōkyoku,2,0,0,ring,,,,,,single,kayōkyoku,2,,,
Q25094849,930ef127-3653-4677-9b95-ecc90c7c1a14,art pop,Q37073,pop music,1,0,0,ring,1955,United Kingdom,ART & INDIE POP > ART POP,,,single,pop music,17,,,
Q1636684,e6d6a58f-6c00-484e-9bc7-12e2c4d024e2,yé-yé,Q37073,pop music,1,0,0,ring,1959,France · Italy · Spain,EUROPEAN POP > WESTERN EUROPEAN POP,,,single,pop music,20,,,
Q997481,6fd83b83-9b63-47fa-a208-5f9e762f40ab,bubblegum music,Q37073,pop music,1,0,0,ring,1960,United States,CLASSIC POP,,,single,pop music,34,,,
Q1159539,a05721d4-22e3-4763-8a65-218f7e023495,dangdut,Q37073,pop music,1,1,1,ring,1960,Indonesia,POP AROUND THE WORLD > SOUTHEAST ASIAN POP > INDONESIA & MALAYSIA,,,attach,music of Indonesia | music of Malaysia | popular music,26,,,
Q31174954,8040d6f5-c378-4ef3-9d3f-5585a18c5bf2,koplo,Q1159539,dangdut,2,0,0,ring,,Indonesia,,,,single,dangdut,3,,,
Q110168453,ecb024ca-8a45-4fd6-b6b8-82604e454d11,omutibo,Q37073,pop music,1,0,0,ring,1960,,"AFRICAN POP > EAST AFRICA > KENYA, UGANDA & SOMALIA",,,attach,music of Kenya,0,,,
Q3032090,9fdf0204-4d5f-4dae-82fd-c36c49fb67cc,Salegy,Q37073,pop music,1,0,0,ring,1960,,AFRICAN POP > INDIAN OCEAN,,,attach,music of Madagascar,9,,,
Q3328764,9215ff62-a08c-4c04-9fe7-84dbeaa55afe,Thai pop,Q37073,pop music,1,0,0,ring,1960,Thailand,POP AROUND THE WORLD > SOUTHEAST ASIAN POP > MAINLAND SOUTHEAST ASIA,,,attach,A-pop | music of Thailand,7,,,
Q53806314,a74bf60f-2df6-46dc-b640-3ae22a3872f1,éntekhno,Q37073,pop music,1,1,1,ring,1960,Greece,EUROPEAN POP > BALKAN & EASTERN EUROPEAN POP,,,attach,music of Greece | music of the Balkans,4,,,
Q3559240,d6d14bcf-016c-4b03-9d74-b112f2d97f22,neo kyma,Q53806314,éntekhno,2,0,0,ring,1965,Greece,,,,single,éntekhno,3,,,
Q1936659,fb880da7-5d39-45df-a8ab-eb7f99b223fd,Nederpop,Q37073,pop music,1,1,1,ring,1963,Netherlands,EUROPEAN POP > WESTERN EUROPEAN POP,,,single,Dutch-language music | music of the Netherlands | pop music,7,,,
Q2047814,3e61a9eb-4bd3-4d0a-b59c-89847d5554ec,Palingsound,Q1936659,Nederpop,2,0,0,ring,,Netherlands,,,,single,Nederpop,5,,,
Q46046,150eb95a-7739-4fde-a5fe-b62ca576a928,baroque pop,Q37073,pop music,1,0,0,ring,1965,United Kingdom · United States,ART & INDIE POP > ART POP,,,single,pop music,33,,,
Q517415,50e3ff0e-1abb-4577-9bf3-95d5c539ce2d,Europop,Q37073,pop music,1,0,0,ring,1965,Europe,EUROPEAN POP > WESTERN EUROPEAN POP,,,single,pop music,26,,,
Q963061,a394e4ba-1fff-4fca-a2e8-30e789a8b6e8,highlife,Q37073,pop music,1,1,1,ring,1965,Ghana,AFRICAN POP > WEST AFRICA > NIGERIA & GHANA,,,attach,music of West Africa,23,,,
Q1014887,f502ac86-d84e-4105-a455-c9df1199ef61,burger-highlife,Q963061,highlife,2,0,0,ring,,,,,,single,highlife,5,,,
Q3397882,489ebed8-1299-4761-ba0b-29d381085f82,progressive pop,Q37073,pop music,1,0,0,ring,1965,United Kingdom · United States,ART & INDIE POP > ART POP,,,auto,pop music | progressive music,13,,,
Q383982,2aeb5340-c474-4677-b9a6-35ddac9b6a58,psychedelic pop,Q37073,pop music,1,0,0,ring,1965,United Kingdom · United States,ART & INDIE POP > ART POP,,,auto,pop music | psychedelic music,18,,,
Q2461933,68b80b55-c919-4258-ac7a-55fb6c927ed9,sunshine pop,Q37073,pop music,1,0,0,ring,1965,United States,CLASSIC POP,,,single,pop music,13,,,
Q12307741,5e93b0b1-ac58-4f5c-b02a-426a8cbd1efd,dansktop,Q37073,pop music,1,0,0,ring,1968,Denmark,EUROPEAN POP > NORDIC POP,,,single,music of Denmark | pop music,1,,,
Q388296,fcc58a18-9326-4c92-8b29-c294d44379c3,Afrobeat,Q37073,pop music,1,0,0,ring,1970,,AFRICAN POP > WEST AFRICA > NIGERIA & GHANA,,,attach,music of West Africa,34,,,
Q5099460,0781d3ea-6f06-482c-ab60-90271d13f6ad,chimurenga music,Q37073,pop music,1,0,0,ring,1970,Zimbabwe,"AFRICAN POP > SOUTHERN AFRICA > ZIMBABWE, ZAMBIA & MOZAMBIQUE",,,attach,music of Zimbabwe,8,,,
Q11307326,5fef47af-772b-48e2-8e49-855f7d999e81,city pop,Q37073,pop music,1,1,1,ring,1970,Japan,EAST ASIAN POP > JAPAN,,,single,music of Japan | pop music,27,,,
Q113086512,5aeffaee-63dd-4337-9f7c-9d6d55f3620d,neo city pop,Q11307326,city pop,2,0,0,ring,,,,,,single,city pop,1,,,
Q547137,2b9b7ea8-cb90-428c-adb2-d55b2faa4f1d,Latin pop,Q37073,pop music,1,3,3,ring,1970,Latin America · Portugal · Spain,POP AROUND THE WORLD > LATIN POP,,,auto,Latin music | pop music,36,,,
Q6496560,5c6ed789-779a-4851-ae85-0f0305084c2b,Latin ballad,Q547137,Latin pop,2,0,0,ring,1962,Latin America · Spain,,,,auto,Latin pop | sentimental ballad,4,,,
Q535402,fad5eb09-4d09-4e3b-9a4f-fde428a33af1,tropipop,Q547137,Latin pop,2,0,0,ring,1998,Colombia,,,,single,Latin pop,3,,,
Q21059341,a5cdc5ff-1626-4155-8fb1-64a672722ba3,cumbia pop,Q547137,Latin pop,2,0,0,ring,,,,,,auto,Latin pop | cumbia,2,,,
Q556959,38364c7f-06d0-4307-bd5c-efa83ed30c65,mbalax,Q37073,pop music,1,0,0,ring,1972,Senegal · The Gambia,"AFRICAN POP > WEST AFRICA > SENEGAL, MALI & CAPE VERDE",,,attach,Wolof music,21,,,
Q1298934,988e91a3-3341-416d-b7f8-7dbef6848dac,synth-pop,Q37073,pop music,1,1,1,ring,1972,Germany · Japan · United Kingdom,ELECTRONIC POP,,,auto,electronic pop,53,,,
Q11339397,74a197c3-5d9a-4fde-8d46-3d28a620b1d0,pon-chak disco,Q1298934,synth-pop,2,0,0,ring,1987,,,,,auto,synth-pop | trot,1,,,
Q2280497,2de61e9c-de1d-47c8-999d-5b44c0cfeca1,country pop,Q37073,pop music,1,4,4,ring,1975,United States,POP CROSSOVERS,,,auto,country music | pop music,25,,,
Q138314533,f8d9dbe6-7eaa-4aee-a082-02243b58809e,boyfriend country,Q2280497,country pop,2,0,0,ring,,,,,,auto,contemporary country | country pop,0,,,
Q16954055,f3739c4c-7297-48e6-a3d7-1ab737c0d9a0,bro-country,Q2280497,country pop,2,0,0,ring,,,,,,single,country pop,7,,,
Q106561868,284af738-d94d-44c6-8971-d998bbf46356,countrypolitan,Q2280497,country pop,2,0,0,ring,,,,,,auto,Nashville sound | country pop,1,,,
Q16295131,0f721ac3-ac72-4854-bda9-3bb86f0518d4,urban cowboy,Q2280497,country pop,2,0,0,ring,,,,,,single,country pop,2,,,
Q3090876,dd1c765a-f220-412b-82c2-0a1ee33ca2d1,funaná,Q37073,pop music,1,0,0,ring,1975,Cape Verde,"AFRICAN POP > WEST AFRICA > SENEGAL, MALI & CAPE VERDE",,,attach,dance music | music of Cape Verde,8,,,
Q2104067,c88a8b97-ba4b-4d45-916f-4c4a779ccd89,jazz pop,Q37073,pop music,1,0,0,ring,1975,United States,POP CROSSOVERS,,,single,pop music,6,,,
Q3025242,d8c35e80-2249-4731-b5bc-6c4c92428342,pimba,Q37073,pop music,1,0,0,ring,1975,Portugal,EUROPEAN POP > WESTERN EUROPEAN POP,,,attach,music of Portugal,5,,,
Q188450,3f3388b4-e36a-4bf8-a0be-66b10d92aaa4,electropop,Q37073,pop music,1,0,0,ring,1978,United Kingdom,ELECTRONIC POP,,,auto,electronic pop,35,,,
Q1597549,5c8b654c-0f2b-40d5-990b-e070a527b1df,kizomba,Q37073,pop music,1,1,1,ring,1978,Angola,AFRICAN POP > CENTRAL AFRICA > CONGO & ANGOLA,,,attach,music of Angola,29,,,
Q110241185,5edffcb4-dc5d-441a-b879-3ba06895ab49,tarraxinha,Q1597549,kizomba,2,0,0,ring,,,,,,single,kizomba,2,,,
Q850412,4bb4043a-0ee5-4b84-93fa-6ba4567a6ba0,contemporary R&B,Q37073,pop music,1,4,4,ring,1980,United States,POP CROSSOVERS,,,auto,pop music | rhythm and blues,47,,,
Q106876903,cd1ad933-1ca9-4de4-a60d-ad5fe143c827,UK street soul,Q850412,contemporary R&B,2,0,0,ring,1980,United Kingdom,,,,single,contemporary R&B,0,,,
Q840065,dd497eac-e915-49a9-b1e4-482792acf397,new jack swing,Q850412,contemporary R&B,2,0,0,ring,1985,,,,,single,contemporary R&B,26,,,
Q2256407,e031ab53-f85c-4d6a-a932-4000666e54de,hip-hop soul,Q850412,contemporary R&B,2,0,0,ring,1990,United States,,,,single,contemporary R&B,15,,,
Q7118426,4e03fb35-d571-4111-824d-88c9f8a3d0c9,alternative R&B,Q850412,contemporary R&B,2,0,0,ring,2005,Canada · United States,,,,single,contemporary R&B,18,,,
Q211756,b739a895-85ed-4ad3-8717-4e9ef5387dd8,dance-pop,Q37073,pop music,1,2,2,ring,1980,United States,ELECTRONIC POP,,,auto,club/dance music | pop music,41,,,
Q1185390,303b85e8-1b07-4b39-9af8-a87fb984eb30,disco polo,Q211756,dance-pop,2,0,0,ring,1988,Poland,,,,single,dance-pop | music of Poland,21,,,
Q110230812,c372342c-dfc3-497b-9a99-163c02215de1,township bubblegum,Q211756,dance-pop,2,0,0,ring,,,,,,single,dance-pop | music of South Africa,0,,,
Q842324,f390be72-360b-41bb-a310-6a2e638779d2,indie pop,Q37073,pop music,1,3,3,ring,1980,United Kingdom,ART & INDIE POP > INDIE POP,,,single,independent music | pop music,47,,,
Q22991878,f0843e91-c025-4dd7-8aef-6fe3d35470d9,chamber pop,Q842324,indie pop,2,0,0,ring,1965,United States,,,,single,indie pop,10,,,
Q28746819,cdb61215-4e59-4102-9f42-8ebf0f1db41b,bedroom pop,Q842324,indie pop,2,0,0,ring,,,,,,single,indie pop,3,,,
Q123773619,f5b84b00-729e-4c46-b2af-8789b0111012,tontipop,Q842324,indie pop,2,0,0,ring,,,,,,auto,indie pop | music of Spain,0,,,
Q6124308,e8f8ba46-a9c8-4dc5-93a1-a0a57ef9d430,jaiva,Q37073,pop music,1,0,0,ring,1980,,AFRICAN POP > SOUTHERN AFRICA > SOUTH AFRICA & LESOTHO,,,attach,music of South Africa,4,,,
Q6993291,92d5ad06-ec21-4bb1-b58a-75ffc489be7d,neomelodic music,Q37073,pop music,1,0,0,ring,1980,,POP AROUND THE WORLD > LATIN POP,,,single,Italo pop,2,,,
Q9095433,cf230bd3-1456-437a-8e0c-cb943d2c3fa3,waka music,Q37073,pop music,1,0,0,ring,1980,Nigeria,AFRICAN POP > WEST AFRICA > NIGERIA & GHANA,,,attach,Yoruba music,4,,,
Q95469495,d3ebe947-7c03-43f5-b333-09379881b0f6,alternative pop,Q37073,pop music,1,0,0,ring,1985,United Kingdom,ART & INDIE POP > INDIE POP,,,single,alternative music | pop music,8,,,
Q264289,d13290c7-581a-4aa7-85ad-450b35261bf8,sophisti-pop,Q37073,pop music,1,0,0,ring,1985,United Kingdom,ART & INDIE POP > INDIE POP,,,single,pop music,19,,,
Q2064394,497e03b3-68fd-405b-bce3-16f89177adc0,worldbeat,Q37073,pop music,1,0,0,ring,1985,,POP CROSSOVERS,,,attach,popular music | world music,13,,,
Q131578,eba7715e-ee26-4989-8d49-9db382955419,J-pop,Q37073,pop music,1,3,4,ring,1988,Japan,EAST ASIAN POP > JAPAN,,,attach,A-pop,69,,,
Q11660484,36f9bf8f-716a-4297-9bae-380b0a17b0f4,denpa song,Q131578,J-pop,2,1,1,ring,1992,Japan,,,,single,Akiba-pop | J-pop,11,,,
Q119844080,de61dff1-6891-4764-a7f7-5b49f2aa83c0,moe song,Q11660484,denpa song,3,0,0,ring,,,,,,single,denpa song,0,,,
Q133520038,3246236f-45aa-4637-a510-1cbbd338616f,J-euro,Q131578,J-pop,2,0,0,ring,,,,,,auto,Eurobeat | J-pop,0,,,
Q135493776,51d1862f-6f48-4660-8669-f3bb1bc06a15,wa euro,Q131578,J-pop,2,0,0,ring,,,,,,auto,J-pop | club/dance music,0,,,
Q213665,b74b3b6c-0700-46b1-aa55-1f2869a3bd1a,K-pop,Q37073,pop music,1,0,0,ring,1990,South Korea,EAST ASIAN POP > KOREA,,,attach,A-pop | music of South Korea,96,,,
Q3575673,d5f569e8-acbf-47d5-9ff6-538d41c4a588,zoblazo,Q37073,pop music,1,0,0,ring,1992,Ivory Coast,AFRICAN POP > WEST AFRICA > IVORY COAST,,,attach,Akan music,2,,,
Q590662,53b0aa4e-bb35-484b-b481-b26a2412ca5d,bend-skin,Q37073,pop music,1,0,0,ring,1993,Cameroon,AFRICAN POP > CENTRAL AFRICA > CAMEROON,,,attach,music of Central Africa,4,,,
Q106528422,997baf8b-203b-4567-a475-1c1fe348d206,glitch pop,Q37073,pop music,1,0,0,ring,1993,,ELECTRONIC POP,,,auto,indietronica | pop music,0,,,
Q1207347,9864d280-a987-466f-bac2-ce103721c3e2,Shibuya-kei,Q37073,pop music,1,2,2,ring,1993,Japan,EAST ASIAN POP > JAPAN,,,single,music of Japan | pop music,17,,,
Q11282754,aebbce35-0e8b-40e9-b04c-bebbbda124d0,Akishibu-kei,Q1207347,Shibuya-kei,2,0,0,ring,,,,,,auto,J-pop | Shibuya-kei,4,,,
Q12199824,1f3d1ad8-d0dd-4c60-942f-675dca613287,picopop,Q1207347,Shibuya-kei,2,0,0,ring,,,,,,single,Shibuya-kei,1,,,
Q642983,ea132f37-e849-4248-a127-7b0cd17cea1a,manele,Q37073,pop music,1,0,0,ring,1995,Romania,EUROPEAN POP > BALKAN & EASTERN EUROPEAN POP,,,auto,Balkan pop-folk,20,,,
Q2961766,998efb76-2f98-41c8-8c5f-74c32e405e9f,Algerian chaabi,Q37073,pop music,1,0,0,ring,2000,Algeria,POP AROUND THE WORLD > MIDDLE EAST & NORTH AFRICA > THE MAGHREB,,,attach,chaabi,10,,,
Q784310,6c1451bd-5d65-487d-8757-682a3592c702,electro hop,Q37073,pop music,1,0,0,ring,2007,,ELECTRONIC POP,,,auto,electronic pop,9,,,
Q25099840,b8793fdb-bbc8-4418-a6f8-05eafbbe07ef,Afrobeats,Q37073,pop music,1,1,1,ring,2008,,AFRICAN POP > WEST AFRICA > NIGERIA & GHANA,,,single,music of West Africa | pop music,20,,,
Q110592306,7c4d0994-4c49-4c74-8763-df27fc0084cc,alté,Q25099840,Afrobeats,2,0,0,ring,,,,,,single,Afrobeats,2,,,
Q28055053,23190de4-9051-4512-b87e-bfbdf25c6985,Q-pop,Q37073,pop music,1,0,0,ring,2015,Kazakhstan,POP AROUND THE WORLD > RUSSIA & CENTRAL ASIA,,,auto,electronic pop | music of Kazakhstan,15,,,
Q55642856,061610f9-6207-49d7-9a7c-b176eca7a3df,adhunik geet,Q37073,pop music,1,0,0,ring,,Nepal,POP AROUND THE WORLD > SOUTH ASIAN POP,,,attach,music of Nepal,3,,,
Q2610186,0f8d3ff4-8cda-42c4-b462-10352cd01606,al jeel,Q37073,pop music,1,0,0,ring,,,POP AROUND THE WORLD > MIDDLE EAST & NORTH AFRICA > EGYPT,,,single,Arabic pop,4,,,
Q16526296,e367c884-d94d-4fba-abc4-8ac51d167ccf,alloukou,Q37073,pop music,1,0,0,ring,,,AFRICAN POP > WEST AFRICA > IVORY COAST,,,attach,Kru music,1,,,
Q33160145,2cdcecfe-3e7c-4055-ab34-78eceabe4d9b,ambient pop,Q37073,pop music,1,0,0,ring,,,ART & INDIE POP > INDIE POP,,,single,pop music,4,,,
Q623824,05b3c77c-3f55-4efc-89c7-0932f1f3f0e3,arabesque,Q37073,pop music,1,0,0,ring,,,POP AROUND THE WORLD > MIDDLE EAST & NORTH AFRICA > TURKEY & IRAN,,,attach,music of Turkey,16,,,
Q2867170,6ef74f46-c687-439e-9057-26804ebfe558,assiko,Q37073,pop music,1,0,0,ring,,,AFRICAN POP > CENTRAL AFRICA > CAMEROON,,,attach,music of Central Africa,7,,,
Q9162904,0e7a3c6a-4fbc-4b66-8201-9196032768ac,avant-pop,Q37073,pop music,1,0,0,ring,,,ART & INDIE POP > ART POP,,,single,pop music,10,,,
Q2879826,4aef3530-955f-4e0b-b366-45f1f64eacc0,baila,Q37073,pop music,1,0,0,ring,,,POP AROUND THE WORLD > SOUTH ASIAN POP,,,attach,music of Sri Lanka,3,,,
Q804596,9e2bc081-50e4-4612-9fa3-ac81823b732e,baladi,Q37073,pop music,1,0,0,ring,,,POP AROUND THE WORLD > MIDDLE EAST & NORTH AFRICA > EGYPT,,,attach,music of Egypt,6,,,
Q3735422,d213c5c7-2e82-41e7-b281-8725d438424f,Bandari music,Q37073,pop music,1,0,0,ring,,,POP AROUND THE WORLD > MIDDLE EAST & NORTH AFRICA > TURKEY & IRAN,,,attach,music of Iran,7,,,
Q55605210,8c6a0ba9-7583-447d-b50c-a158708bdc58,beni,Q37073,pop music,1,0,0,ring,,,AFRICAN POP > EAST AFRICA > TANZANIA,,,attach,music of Tanzania,3,,,
Q854844,59a849e1-73fe-428d-8a61-3788875f9644,bhangra,Q37073,pop music,1,1,1,ring,,,POP AROUND THE WORLD > SOUTH ASIAN POP,,,attach,music of South Asia,28,,,
Q17053024,cb654931-fdca-456b-a645-138d7e90bc7c,folkhop,Q854844,bhangra,2,0,0,ring,,,,,,single,bhangra,1,,,
Q15720097,800943f2-5076-464c-873c-4a50839f2da9,bhavageete,Q37073,pop music,1,0,0,ring,,India,POP AROUND THE WORLD > SOUTH ASIAN POP,,,attach,,3,,,
Q4943457,b32532d2-0006-49cd-957f-4011e33881d1,boomba music,Q37073,pop music,1,0,0,ring,,,AFRICAN POP > EAST AFRICA > TANZANIA,,,attach,music of East Africa,3,,,
Q28206879,8c5defb4-95b6-42f6-bfee-8791f670f3a8,Brill Building,Q37073,pop music,1,0,0,ring,,,CLASSIC POP,,,single,pop music,2,,,
Q109050954,393da299-4ac6-4828-8cd7-74311279503b,Burmese mono,Q37073,pop music,1,0,0,ring,,Myanmar,POP AROUND THE WORLD > SOUTHEAST ASIAN POP > MAINLAND SOUTHEAST ASIA,,,attach,music of Myanmar,0,,,
Q1192110,b4cc27f0-6734-4f1e-b586-6eba7588f13f,C-pop,Q37073,pop music,1,3,3,ring,,Sinophone,EAST ASIAN POP > CHINESE-LANGUAGE POP,,,attach,A-pop,23,,,
Q83330307,ae40c644-47b7-4f42-9775-4fde479a75b7,Gufeng music,Q1192110,C-pop,2,0,0,ring,,,,,,single,C-pop,5,,,
Q973150,489cf2f9-0edd-4fbc-aa05-ae248706cb3e,mandopop,Q1192110,C-pop,2,0,0,ring,,,,,,single,C-pop,24,,,
Q10874829,40948be6-5fd4-4d21-9fb1-0cb886688954,zhongguo feng,Q1192110,C-pop,2,0,0,ring,,,,,,single,C-pop,2,,,
Q3274667,434bda01-7947-4c07-b554-2aed1bea1b21,campursari,Q37073,pop music,1,0,0,ring,,Indonesia,POP AROUND THE WORLD > SOUTHEAST ASIAN POP > INDONESIA & MALAYSIA,,,attach,music of Java | tembang,8,,,
Q853873,78caea3b-84fd-4664-878a-fe70a6e1d9d1,cantopop,Q37073,pop music,1,0,0,ring,,People's Republic of China,EAST ASIAN POP > CHINESE-LANGUAGE POP,,,auto,C-pop | pop music,26,,,
Q870340,be57d78c-bbb4-4de7-bb34-6b577db54370,chalga,Q37073,pop music,1,0,0,ring,,,EUROPEAN POP > BALKAN & EASTERN EUROPEAN POP,,,auto,Balkan pop-folk,22,,,
Q56342556,5e6d5394-6508-4ce2-87ee-90388b1a6b9c,classical crossover,Q37073,pop music,1,1,1,ring,,,POP CROSSOVERS,,,attach,popular music,10,,,
Q2336819,dc9637d5-d505-4fc8-9841-8c4fd41fa056,operatic pop,Q56342556,classical crossover,2,0,0,ring,1910,United States,,,,single,classical crossover,14,,,
Q2982341,b5a9b721-6fbd-46ae-a229-ddd5ca8487d7,coladeira,Q37073,pop music,1,0,0,ring,,Cape Verde,"AFRICAN POP > WEST AFRICA > SENEGAL, MALI & CAPE VERDE",,,attach,music of Cape Verde,9,,,
Q105757139,2126f16b-13b6-45c9-b02e-c63be8bbdaea,dansband music,Q37073,pop music,1,0,0,ring,,Sweden,EUROPEAN POP > NORDIC POP,,,single,music of the Nordic countries | pop music,2,,,
Q123945693,9c3e0436-b3b7-4f21-852d-76634b5806ce,egwu ogene,Q37073,pop music,1,0,0,ring,,Nigeria,AFRICAN POP > WEST AFRICA > NIGERIA & GHANA,,,attach,Igbo music,0,,,
Q6016474,f9a6a027-a5d8-4c39-90ad-6c418805afd8,Fantezi,Q37073,pop music,1,0,0,ring,,,POP AROUND THE WORLD > MIDDLE EAST & NORTH AFRICA > TURKEY & IRAN,,,attach,music of Turkey,3,,,
Q1762761,5766201d-d707-4289-94b9-ff8a79fd7d61,Finnish tango,Q37073,pop music,1,0,0,ring,,Finland,EUROPEAN POP > NORDIC POP,,,attach,,10,,,
Q3509353,ff15d4f5-e6d6-4f25-9622-46b9bf4298cd,fuji music,Q37073,pop music,1,0,0,ring,,,AFRICAN POP > WEST AFRICA > NIGERIA & GHANA,,,attach,Yoruba music,7,,,
Q5515214,20ca79ad-052d-4171-b0f3-4a29b005187d,gaana,Q37073,pop music,1,0,0,ring,,India,POP AROUND THE WORLD > SOUTH ASIAN POP,,,attach,music of Tamil Nadu,3,,,
Q11185609,97f7434a-9133-4721-967b-9243d232b12e,Gambang kromong,Q37073,pop music,1,0,0,ring,,,POP AROUND THE WORLD > SOUTHEAST ASIAN POP > INDONESIA & MALAYSIA,,,attach,music of Indonesia,7,,,
Q281111,e8afd324-9781-4dcb-9bac-31277de2db7b,ghazal,Q37073,pop music,1,0,0,ring,,,POP AROUND THE WORLD > SOUTH ASIAN POP,,,attach,,76,,,
Q104695865,a8a72860-0bf8-44fd-90a1-b947a8ac2c56,hyperpop,Q37073,pop music,1,0,0,ring,,,ELECTRONIC POP,,,auto,electronic pop | experimental pop,25,,,
Q3535998,18487371-4890-4e10-be97-9f59da1cec76,Indian pop,Q37073,pop music,1,1,1,ring,,India,POP AROUND THE WORLD > SOUTH ASIAN POP,,,single,music of India | pop music,9,,,
Q134589204,6181a758-eda0-487f-85b0-ed4758485936,Bhojpuri pop,Q3535998,Indian pop,2,0,0,ring,,,,,,single,Indian pop,0,,,
Q7170257,5533d969-903c-4c0e-92ac-3bfd167796e3,Iranian pop,Q37073,pop music,1,0,0,ring,,,POP AROUND THE WORLD > MIDDLE EAST & NORTH AFRICA > TURKEY & IRAN,,,single,Arabic pop | music of Iran,10,,,
Q1673922,f8375b91-073d-486a-bb59-97a97c0db8f3,isicathamiya,Q37073,pop music,1,0,0,ring,,,AFRICAN POP > SOUTHERN AFRICA > SOUTH AFRICA & LESOTHO,,,attach,a cappella | music of Southern Africa,11,,,
Q95366506,704bea5c-7aed-4adf-9bb8-9997af078da0,Jit,Q37073,pop music,1,0,0,ring,,,"AFRICAN POP > SOUTHERN AFRICA > ZIMBABWE, ZAMBIA & MOZAMBIQUE",,,attach,music of Southern Africa,6,,,
Q1715700,bf595ed7-9288-4228-8ccc-7e196547aa03,Jùjú music,Q37073,pop music,1,0,0,ring,,,AFRICAN POP > WEST AFRICA > NIGERIA & GHANA,,,attach,Yoruba music,15,,,
Q17108262,2247a6b4-5152-47bf-90c5-23282a234c08,Kadongo kamu,Q37073,pop music,1,0,0,ring,,Uganda,"AFRICAN POP > EAST AFRICA > KENYA, UGANDA & SOMALIA",,,attach,music of Uganda,2,,,
Q1669802,5bb3b18c-a301-4654-a11a-7e39ee36867e,kalindula,Q37073,pop music,1,0,0,ring,,,"AFRICAN POP > SOUTHERN AFRICA > ZIMBABWE, ZAMBIA & MOZAMBIQUE",,,attach,music of Central Africa,4,,,
Q4925966,7beb296c-76bf-41b7-90e7-7613d167134a,kantrum,Q37073,pop music,1,0,0,ring,,,POP AROUND THE WORLD > SOUTHEAST ASIAN POP > MAINLAND SOUTHEAST ASIA,,,attach,Khmer music,5,,,
Q6404580,d04c4dcd-8e79-4dc1-b24a-000b3dd861ad,kidandali,Q37073,pop music,1,0,0,ring,,,"AFRICAN POP > EAST AFRICA > KENYA, UGANDA & SOMALIA",,,attach,African popular music | music of Uganda,3,,,
Q3815106,083a536e-41b5-4639-9589-fca13ef5dd82,kidumbaki,Q37073,pop music,1,0,0,ring,,,AFRICAN POP > EAST AFRICA > TANZANIA,,,attach,music of East Africa,3,,,
Q55648025,9973ee00-9ccb-4aac-b8b4-2cd2666f42ea,Korean ballad,Q37073,pop music,1,1,1,ring,,,EAST ASIAN POP > KOREA,,,single,music of South Korea | pop music,4,,,
Q112066384,1a3dabe1-d734-424d-8537-f9373c57087b,oriental ballad,Q55648025,Korean ballad,2,0,0,ring,,,,,,single,Korean ballad,1,,,
Q1930107,98c1a0fe-f460-4521-bcff-760d719cd958,kroncong,Q37073,pop music,1,2,2,ring,,Indonesia,POP AROUND THE WORLD > SOUTHEAST ASIAN POP > INDONESIA & MALAYSIA,,,attach,music of Indonesia,16,,,
Q108297217,5f22c051-37b6-4bf0-b231-e08c7e336e21,cilokaq,Q1930107,kroncong,2,0,0,ring,,,,,,single,kroncong,0,,,
Q12493867,0876e225-4409-4007-992b-6d0e1d32fece,langgam jawa,Q1930107,kroncong,2,0,0,ring,,,,,,single,kroncong | music of Java,5,,,
Q665286,2b756f35-79bc-4424-8061-026b431d036a,luk thung,Q37073,pop music,1,0,0,ring,,,POP AROUND THE WORLD > SOUTHEAST ASIAN POP > MAINLAND SOUTHEAST ASIA,,,attach,phleng Thai sakon,16,,,
Q1815364,fe3ac8f4-a9cb-4ad7-801e-6d1a69b1a380,makossa,Q37073,pop music,1,0,0,ring,,Cameroon,AFRICAN POP > CENTRAL AFRICA > CAMEROON,,,attach,dance music | music of Central Africa,13,,,
Q496929,4c1cfd87-002d-49de-8e88-0f3cbcc090fe,maloya,Q37073,pop music,1,2,2,ring,,France,AFRICAN POP > INDIAN OCEAN,,,attach,music of Réunion | music of Seychelles,21,,,
Q129098689,047e0133-a88e-4d7b-b680-0ff27678aea6,maloya électronique,Q496929,maloya,2,0,0,ring,,,,,,auto,electronic music | maloya,0,,,
Q109426115,081b044a-5924-4307-8ba1-943f92a0f6e2,maloya élektrik,Q496929,maloya,2,0,0,ring,,,,,,single,maloya,0,,,
Q6748746,1ca51f35-015c-40cb-8c62-813fae86d518,mangambeu,Q37073,pop music,1,0,0,ring,,,AFRICAN POP > CENTRAL AFRICA > CAMEROON,,,attach,music of Central Africa,3,,,
Q1786724,42173af2-612d-487a-82a7-0895e79ffc46,marrabenta,Q37073,pop music,1,0,0,ring,,,"AFRICAN POP > SOUTHERN AFRICA > ZIMBABWE, ZAMBIA & MOZAMBIQUE",,,attach,music of Mozambique,10,,,
Q6783396,16929e76-e49b-4ca3-9d26-11f7dc7e665a,maskandi,Q37073,pop music,1,0,0,ring,,,AFRICAN POP > SOUTHERN AFRICA > SOUTH AFRICA & LESOTHO,,,attach,Zulu music,6,,,
Q115612369,e4c546ee-917c-448f-8a6b-c14c8183fa61,mbolé,Q37073,pop music,1,0,0,ring,,Cameroon,AFRICAN POP > CENTRAL AFRICA > CAMEROON,,,attach,dance music | music of Central Africa,1,,,
Q6799787,f4443316-c011-4566-9542-50aac92b05bd,mbube,Q37073,pop music,1,0,0,ring,,,AFRICAN POP > SOUTHERN AFRICA > SOUTH AFRICA & LESOTHO,,,attach,a cappella | music of South Africa,7,,,
Q118255449,372596eb-d227-48ab-af17-abcbe6d6e88e,mchiriku,Q37073,pop music,1,0,0,ring,,,AFRICAN POP > EAST AFRICA > TANZANIA,,,attach,music of Tanzania,0,,,
Q101002867,0c0c7765-ee6d-416e-946d-061d1ff45d4b,mgodro,Q37073,pop music,1,0,0,ring,,Mayotte,AFRICAN POP > INDIAN OCEAN,,,attach,music of the Comoros,1,,,
Q2738544,930bbe39-fe59-47ab-b8d3-7ededb0dcfde,Mizrahi music,Q37073,pop music,1,1,1,ring,,Israel,"POP AROUND THE WORLD > MIDDLE EAST & NORTH AFRICA > THE LEVANT, ISRAEL & THE GULF",,,attach,Jewish secular music | music of the Middle East | oriental Jewish music,18,,,
Q16130554,d2a65267-853d-41bd-be59-3ab9fa86b2c2,muzikat dika'on,Q2738544,Mizrahi music,2,0,0,ring,,,,,,single,Mizrahi music,1,,,
Q1753803,82bd9ace-be4a-4b00-ae26-ca0a3f9ce0fb,mor lam,Q37073,pop music,1,1,1,ring,,Laos · Thailand,POP AROUND THE WORLD > SOUTHEAST ASIAN POP > MAINLAND SOUTHEAST ASIA,,,attach,music of Southeast Asia,19,,,
Q6908884,cbcf58c2-c5ac-4fc1-95ed-8647bc7c1977,mor lam sing,Q1753803,mor lam,2,0,0,ring,,,,,,single,mor lam | music of Thailand,2,,,
Q502535,99442719-234d-420c-8a17-f3f0d3c856d6,morna,Q37073,pop music,1,0,0,ring,,Cape Verde · Norway,"AFRICAN POP > WEST AFRICA > SENEGAL, MALI & CAPE VERDE",,,attach,music of Cape Verde,29,,,
Q2961759,540c4f34-e4d6-4847-9949-8005e669f411,Moroccan chaabi,Q37073,pop music,1,0,0,ring,,Morocco,POP AROUND THE WORLD > MIDDLE EAST & NORTH AFRICA > THE MAGHREB,,,attach,chaabi | music of North Africa,6,,,
Q17115009,0401f5fd-ae88-4b39-a003-a5dfddeb9a7d,mugithi,Q37073,pop music,1,0,0,ring,,,"AFRICAN POP > EAST AFRICA > KENYA, UGANDA & SOMALIA",,,attach,music of East Africa,1,,,
Q107970042,14eeb2be-7d6c-4c32-b2b3-ae5b21ff8ea9,mulatós,Q37073,pop music,1,0,0,ring,,,EUROPEAN POP > BALKAN & EASTERN EUROPEAN POP,,,single,Hungarian pop,0,,,
Q135112773,ceeaed0b-4130-4bc9-a0b8-4ce02102c3aa,mūsīqā lubnāniyya,Q37073,pop music,1,0,0,ring,,,"POP AROUND THE WORLD > MIDDLE EAST & NORTH AFRICA > THE LEVANT, ISRAEL & THE GULF",,,single,Arabic pop | Levantine Arabic music,0,,,
Q11324951,e1a4e0f4-cfca-4faa-adfb-fdf8630d5e88,new music,Q37073,pop music,1,0,0,ring,,,CLASSIC POP,,,single,music of Japan | pop music,1,,,
Q7023411,1a59ea8b-4020-4f01-a5ec-afcb30fed28f,nhạc đỏ,Q37073,pop music,1,0,0,ring,,Vietnam,POP AROUND THE WORLD > SOUTHEAST ASIAN POP > VIETNAM,,,attach,music of Vietnam,4,,,
Q107565104,f5bf17de-aa09-46ef-b7a0-a49a2f5bece9,original Pilipino music,Q37073,pop music,1,0,0,ring,,,POP AROUND THE WORLD > SOUTHEAST ASIAN POP,,,attach,music of the Philippines | popular music,1,,,
Q110555065,ba81d364-2b3d-4606-9d47-06edd1fdb33a,Orthodox pop,Q37073,pop music,1,0,0,ring,,,"POP AROUND THE WORLD > MIDDLE EAST & NORTH AFRICA > THE LEVANT, ISRAEL & THE GULF",,,single,contemporary Jewish religious music | pop music,1,,,
Q5480212,6815b113-e7b7-4a2d-82b7-159183cc4022,palm-wine music,Q37073,pop music,1,0,0,ring,,Liberia · Sierra Leone,AFRICAN POP > WEST AFRICA > NIGERIA & GHANA,,,attach,Kru music,9,,,
Q110230816,2dce8aba-1657-4fef-a6af-55298c9f4aeb,pop ghazal,Q37073,pop music,1,0,0,ring,,,POP CROSSOVERS,,,single,music of South Asia | pop music,0,,,
Q118640019,cda35861-6e0f-4692-8e67-efd9125a0143,pop kreatif,Q37073,pop music,1,0,0,ring,,,POP AROUND THE WORLD > SOUTHEAST ASIAN POP > INDONESIA & MALAYSIA,,,single,Indo pop,4,,,
Q117745444,32c32d08-7266-48da-ab56-3905fcca69ae,pop minang,Q37073,pop music,1,1,1,ring,,,POP AROUND THE WORLD > SOUTHEAST ASIAN POP > INDONESIA & MALAYSIA,,,single,Minangkabau music | pop music,1,,,
Q123141133,6765598b-df69-4499-a1b1-5888b0429dfd,talempong goyang,Q117745444,pop minang,2,0,0,ring,,,,,,single,pop minang,0,,,
Q3908372,8679420c-a3a6-4cf6-896c-ba9a6564eb9f,pop raï,Q37073,pop music,1,0,0,ring,,,POP CROSSOVERS,,,auto,pop music | raï,2,,,
Q98528253,125f8214-a25d-4047-a96e-0fee46d30716,pop reggae,Q37073,pop music,1,0,0,ring,,,POP CROSSOVERS,,,auto,pop music | reggae fusion,3,,,
Q4372158,f696d3a1-2c11-46f0-834e-2d9659bc173b,pop Sunda,Q37073,pop music,1,0,0,ring,,Indonesia,POP AROUND THE WORLD > SOUTHEAST ASIAN POP > INDONESIA & MALAYSIA,,,single,Sundanese music | pop music,2,,,
Q10801096,62306674-5a44-417c-9c56-1f8b3ab3af21,Purple music,Q37073,pop music,1,0,0,ring,,,POP AROUND THE WORLD > SOUTHEAST ASIAN POP > VIETNAM,,,attach,music of Vietnam,2,,,
Q122589702,666ce7b0-986f-44b9-87c5-a5b1b18f1bf5,puxa,Q37073,pop music,1,0,0,ring,,,AFRICAN POP > CENTRAL AFRICA > CONGO & ANGOLA,,,attach,music of Central Africa,0,,,
Q25683514,33a31cc3-6339-4166-bec4-e5cba3fe6ab9,Qaraami,Q37073,pop music,1,0,0,ring,,,"AFRICAN POP > EAST AFRICA > KENYA, UGANDA & SOMALIA",,,attach,music of Somalia,3,,,
Q110230818,54502676-4dd2-4f8e-9f46-bba1a767e198,qasidah modern,Q37073,pop music,1,0,0,ring,,,POP AROUND THE WORLD > SOUTHEAST ASIAN POP > INDONESIA & MALAYSIA,,,attach,music of Indonesia,0,,,
Q3415943,761ffbc8-7223-4106-b6d2-86049c93558c,rabiz,Q37073,pop music,1,0,0,ring,,Armenia,EUROPEAN POP > BALKAN & EASTERN EUROPEAN POP,,,single,music of Armenia | pop music,9,,,
Q2612458,8fa73cb2-b708-4cbf-976d-7634fd426988,rigsar,Q37073,pop music,1,0,0,ring,,,POP AROUND THE WORLD > SOUTH ASIAN POP,,,single,music of Bhutan | pop music,7,,,
Q7361460,d0b35afb-e2b5-4f60-be60-599fdee863ac,rom kbach,Q37073,pop music,1,0,0,ring,,Cambodia,POP AROUND THE WORLD > SOUTHEAST ASIAN POP > MAINLAND SOUTHEAST ASIA,,,single,Cambodian pop,2,,,
Q1891685,fb8f5a04-9d9e-494d-9cb0-f4eeef841d31,Russian chanson,Q37073,pop music,1,0,0,ring,,Russia,POP AROUND THE WORLD > RUSSIA & CENTRAL ASIA,,,attach,music of Russia | popular music,16,,,
Q7385628,15d8d1e8-302d-4919-93a7-740099aef3c0,Ryūkōka,Q37073,pop music,1,0,0,ring,,,EAST ASIAN POP > JAPAN,,,attach,music of Japan,6,,,
Q7410295,530a1b0e-d457-4f44-ae75-c0f835e4d98a,samri,Q37073,pop music,1,0,0,ring,,Saudi Arabia,"POP AROUND THE WORLD > MIDDLE EAST & NORTH AFRICA > THE LEVANT, ISRAEL & THE GULF",,,attach,Bedouin music | Khaliji,4,,,
Q17088735,691028c1-71a5-4fe6-8917-c1875bc21e6a,santé engagé,Q37073,pop music,1,0,0,ring,,,AFRICAN POP > INDIAN OCEAN,,,attach,music of Seychelles,3,,,
Q2516031,651adf42-f54d-4d86-8109-1babc7a83830,sawt,Q37073,pop music,1,0,0,ring,,,"POP AROUND THE WORLD > MIDDLE EAST & NORTH AFRICA > THE LEVANT, ISRAEL & THE GULF",,,attach,Arabic music,5,,,
Q1781796,9e5dc752-6f6b-460a-9068-e9220394d7b8,sega,Q37073,pop music,1,0,0,ring,,France · Mauritius,AFRICAN POP > INDIAN OCEAN,,,attach,music of Seychelles,18,,,
Q16323732,941160b7-f469-4655-a3e2-0fa6891d715a,shaabi,Q37073,pop music,1,1,1,ring,,,POP AROUND THE WORLD > MIDDLE EAST & NORTH AFRICA > EGYPT,,,attach,Arabic music | music of North Africa,5,,,
Q25230739,0d3a94db-97f8-492a-8e8e-5861d9815f0f,mahraganat,Q16323732,shaabi,2,0,0,ring,,Egypt,,,,single,shaabi,6,,,
Q3328762,7e484407-7a78-48a9-bf2d-586bd2705739,staifi music,Q37073,pop music,1,0,0,ring,,,POP AROUND THE WORLD > MIDDLE EAST & NORTH AFRICA > THE MAGHREB,,,attach,Berber music,2,,,
Q109538468,76a4b474-d2db-45ad-b77b-bc4646b3efaa,sungura,Q37073,pop music,1,0,0,ring,,,"AFRICAN POP > SOUTHERN AFRICA > ZIMBABWE, ZAMBIA & MOZAMBIQUE",,,attach,music of Zimbabwe,0,,,
Q17153632,4a3bc03b-ac00-4ed0-b0b2-58ccfd5dd8b1,tallava,Q37073,pop music,1,0,0,ring,,Albania,EUROPEAN POP > BALKAN & EASTERN EUROPEAN POP,,,auto,Balkan pop-folk,9,,,
Q739138,4b7c8e31-462b-4e06-acfd-fa508ad26e0c,teen pop,Q37073,pop music,1,0,0,ring,,United States,CLASSIC POP,,,single,pop music,31,,,
Q133687529,837937c0-cf1d-403c-ac7f-6432bb2d21ad,toypop,Q37073,pop music,1,0,0,ring,,,ELECTRONIC POP,,,attach,popular music,0,,,
Q133862566,03db4625-33c4-4169-9fd6-2aedc43660ef,toytown pop,Q37073,pop music,1,0,0,ring,,,CLASSIC POP,,,single,pop music,1,,,
Q98528236,7a037a49-90c8-45b4-9a5c-6d5c9f43b299,tradi-moderne congolais,Q37073,pop music,1,0,0,ring,,Democratic Republic of the Congo,AFRICAN POP > CENTRAL AFRICA > CONGO & ANGOLA,,,attach,music of Central Africa,0,,,
Q125854050,059a4b6f-4195-4d34-b09f-31923c555368,tradi-moderne ivoirien,Q37073,pop music,1,0,0,ring,,,AFRICAN POP > WEST AFRICA > IVORY COAST,,,attach,music of Ivory Coast,0,,,
Q485915,7ac6f9bd-a7f3-4e50-97ae-d8028079f546,trot,Q37073,pop music,1,1,1,ring,,South Korea,EAST ASIAN POP > KOREA,,,attach,music of Korea,23,,,
Q108151076,69fa8b68-60d8-4c56-8fee-447173a21523,semi-trot,Q485915,trot,2,0,0,ring,,,,,,auto,K-pop | trot,0,,,
Q25093633,54f634c3-4a8b-46ba-9953-ed61108afa18,tsapiky,Q37073,pop music,1,0,0,ring,,Madagascar,AFRICAN POP > INDIAN OCEAN,,,attach,music of Madagascar,3,,,
Q108667604,345e9b20-5601-43c7-86c2-0229b6110e8b,Tsonga disco,Q37073,pop music,1,0,0,ring,,,AFRICAN POP > SOUTHERN AFRICA > SOUTH AFRICA & LESOTHO,,,attach,music of Southern Africa,0,,,
Q7855391,81f71a6c-bb20-41f8-8755-061a57c5d1be,Turkish pop,Q37073,pop music,1,0,0,ring,,Turkey,POP AROUND THE WORLD > MIDDLE EAST & NORTH AFRICA > TURKEY & IRAN,,,single,music of Turkey | pop music,5,,,
Q5398894,6efd9fb2-ef41-4c60-a2d6-f9d5cebf1d96,V-pop,Q37073,pop music,1,0,0,ring,,Vietnam,POP AROUND THE WORLD > SOUTHEAST ASIAN POP > VIETNAM,,,single,music of Vietnam | pop music,8,,,
Q61127902,8d673e97-73c4-4738-a398-9c1f72bb34cc,Vietnamese bolero,Q37073,pop music,1,0,0,ring,,Vietnam,POP AROUND THE WORLD > SOUTHEAST ASIAN POP > VIETNAM,,,attach,music of Vietnam,1,,,
Q7972788,fa2ed862-06f3-4aec-a214-91359b9c15a6,Wassoulou music,Q37073,pop music,1,0,0,ring,,Samorian state,"AFRICAN POP > WEST AFRICA > SENEGAL, MALI & CAPE VERDE",,,attach,music of West Africa,8,,,
Q1499262,92714b3a-a40a-4b75-9d7a-ed0fcd6e326d,yellow music,Q37073,pop music,1,0,0,ring,,,POP AROUND THE WORLD > SOUTHEAST ASIAN POP > VIETNAM,,,attach,music of Vietnam,7,,,
Q8059887,1dbdfc67-0e10-4073-81c0-f4a7793561b1,Yu-Mex,Q37073,pop music,1,0,0,ring,,,EUROPEAN POP > BALKAN & EASTERN EUROPEAN POP,,,attach,music of Yugoslavia,11,,,
Q199415,0fbb1075-eb40-408d-8825-0e5552d468f6,ziglibithy,Q37073,pop music,1,0,0,ring,,,AFRICAN POP > WEST AFRICA > IVORY COAST,,,attach,Kru music,3,,,
Q227036,ac46ed29-ceb7-43fc-9d6d-9f3aa6638068,zouglou,Q37073,pop music,1,0,0,ring,,Ivory Coast,AFRICAN POP > WEST AFRICA > IVORY COAST,,,attach,music of West Africa,6,,,
Q8341,a715278f-1580-409f-8078-4ffbc800e08b,jazz,,,0,37,57,dial,1917,United States,,,,root,popular music,177,10,circle,7
Q906647,a5a946eb-e068-42d5-bf17-cb73bfc6c192,Dixieland jazz,Q8341,jazz,1,0,0,ring,1910,United States,ORIGINS & SWING,,,single,jazz,39,,,
Q2798694,f7867ec2-4d4a-4241-9c39-21ac1860f0ec,marabi,Q8341,jazz,1,2,2,ring,1920,South Africa,JAZZ AROUND THE WORLD,,,single,South African jazz,10,,,
Q1736883,e889e516-07ac-4a51-a958-d51bbb5b3a8f,kwela,Q2798694,marabi,2,0,0,ring,,,,,,single,marabi,10,,,
Q1914924,319d6944-3674-46c4-b2df-c19e8ba51a09,mbaqanga,Q2798694,marabi,2,0,0,ring,,South Africa,,,,single,marabi,16,,,
Q3807537,750f89f0-3a9b-4c15-96fd-899cc4e421c8,orchestral jazz,Q8341,jazz,1,0,0,ring,1920,United States,ORIGINS & SWING,,,single,jazz,8,,,
Q203775,063d0461-1e12-4246-87bf-69c5ca611cc2,swing,Q8341,jazz,1,1,1,ring,1930,,ORIGINS & SWING,,,single,jazz,52,,,
Q447962,6162d71d-6307-4021-8c50-a9524444f645,swing revival,Q203775,swing,2,0,0,ring,1994,United States,,,,single,swing,11,,,
Q1530455,782dc157-d1a5-42b9-9174-d329c24a7ef3,vocal jazz,Q8341,jazz,1,1,1,ring,1930,United States,BLUES & SPIRITUAL JAZZ,,,single,jazz | vocal music,3,,,
Q2299060,5578942a-9ef8-4361-b473-daee384b301b,vocalese,Q1530455,vocal jazz,2,0,0,ring,,,,,,single,vocal jazz,9,,,
Q844245,f9f0bdd7-47aa-447a-80a9-578655bf721b,Gypsy jazz,Q8341,jazz,1,0,0,ring,1935,France,JAZZ AROUND THE WORLD,,,single,jazz,29,,,
Q837389,48095aaf-c31d-4bfc-9578-8755c71d44af,Latin jazz,Q8341,jazz,1,1,1,ring,1943,Latin America,JAZZ AROUND THE WORLD,,,auto,Latin music | jazz,23,,,
Q3163340,cdb11433-1ff1-4c88-be16-717567e1342f,Afro-Cuban jazz,Q837389,Latin jazz,2,0,0,ring,1948,Cuba · United States,,,,single,Afro-Cuban music | Latin jazz,10,,,
Q105513,ac30756b-55a7-4dc3-8908-8f94c93318d0,bebop,Q8341,jazz,1,2,3,ring,1945,United States,BEBOP & MODERN JAZZ,,,single,jazz,55,,,
Q181010,8c083468-2dce-4a31-ae77-433af3deafd3,hard bop,Q105513,bebop,2,1,1,ring,1955,United States,,,,single,bebop,31,,,
Q14546558,d0f5d50f-3a68-4c00-b59d-7f9f363a7af1,neo-bop jazz,Q181010,hard bop,3,0,0,ring,1985,United States,,,,single,hard bop,7,,,
Q1092837,94ce0ba0-9043-4b5b-87d6-3c1a8458f75d,post-bop,Q105513,bebop,2,0,0,ring,1963,United States,,,,single,bebop | jazz,21,,,
Q327547,5fc86669-d9ba-4716-8090-eff39081090e,cool jazz,Q8341,jazz,1,0,0,ring,1948,United States,BEBOP & MODERN JAZZ,,,single,jazz,36,,,
Q848399,ca06817d-8622-4120-b49d-96921c8bb767,easy listening,Q8341,jazz,1,3,5,ring,1948,United States,MOOD & SCREEN,,,attach,popular music,36,,,
Q916387,1b757a82-3b28-4522-81d9-82d3d10b00c0,exotica,Q848399,easy listening,2,1,1,ring,1948,United States,,,,single,easy listening,12,,,
Q134417733,57b55668-3af7-4d3b-a4a7-c1318b09420a,sitarsploitation,Q916387,exotica,3,0,0,ring,,,,,,auto,exotica | psychedelic music,0,,,
Q1141081,de2785b2-f282-4718-a422-37dc93964bdd,lounge music,Q848399,easy listening,2,1,1,ring,1950,United Kingdom,,,,single,easy listening,19,,,
Q80725067,4f09664e-7f63-4431-b2b8-4b0184cd88db,mallsoft,Q1141081,lounge music,3,0,0,ring,2012,,,,,auto,lounge music | vaporwave,6,,,
Q108297218,5d86d992-3444-4528-a385-a0fdb34ff093,cocktail nation,Q848399,easy listening,2,0,0,ring,,,,,,single,easy listening,0,,,
Q105527,2377ff19-83e7-4873-b425-dce6d1ad4ef4,jazz fusion,Q8341,jazz,1,0,0,ring,1950,Europe · United States,FUSION & FUNK,,,single,jazz,46,,,
Q539089,b73c3b2a-45ba-44e6-a863-0fe6073181c3,third stream,Q8341,jazz,1,0,0,ring,1957,,BEBOP & MODERN JAZZ,,,single,jazz,17,,,
Q1127530,ff60b411-27db-4bd3-a444-3afe92cbfa7e,modal jazz,Q8341,jazz,1,1,1,ring,1959,,BEBOP & MODERN JAZZ,,,single,jazz,25,,,
Q17988509,0a84c545-a3c8-458a-b834-9556334d7287,jazz mugham,Q1127530,modal jazz,2,0,0,ring,,,,,,single,modal jazz | music of Azerbaijan,2,,,
Q3591962,cc5916e9-4832-453e-88a8-ae0a52434395,Ethio-jazz,Q8341,jazz,1,0,0,ring,1968,Ethiopia,JAZZ AROUND THE WORLD,,,single,Ethiopic music | jazz,5,,,
Q38656,f3c43ae8-839a-4523-b295-cfa4eba6c911,jazz-funk,Q8341,jazz,1,1,1,ring,1972,United States,FUSION & FUNK,,,auto,funk | jazz,22,,,
Q5500244,fed27b98-6da1-4a15-b56a-6c1a92d4011a,free funk,Q38656,jazz-funk,2,0,0,ring,1970,,,,,auto,avant-garde jazz | jazz-funk,8,,,
Q846833,af1040cf-d8bc-432f-a250-52bd287f92ac,crossover jazz,Q8341,jazz,1,0,0,ring,1975,United States,FUSION & FUNK,,,single,jazz,5,,,
Q831354,a1f1dcc8-6078-4c12-90b7-47e3080e330c,smooth jazz,Q8341,jazz,1,0,0,ring,1983,United States,FUSION & FUNK,,,single,jazz,26,,,
Q221772,7dc2b20f-3953-4874-b9bf-41b8ba06d20c,acid jazz,Q8341,jazz,1,0,0,ring,1987,United Kingdom,FUSION & FUNK,,,attach,club/dance music,38,,,
Q1136331,848ecccf-e7fa-4439-a8ab-9dd3c31b4cf6,nu jazz,Q8341,jazz,1,0,0,ring,1995,Brazil · Mexico · United Kingdom · United States,FUSION & FUNK,,,auto,electronica | jazz,24,,,
Q6168369,6f33d775-b4e2-473c-a7db-e34c525cc52d,Afro-jazz,Q8341,jazz,1,0,0,ring,,,JAZZ AROUND THE WORLD,,,single,jazz | music of Africa,3,,,
Q26906566,e60a0c34-fb01-4434-a835-a9167f136fe9,Beat poetry,Q8341,jazz,1,0,0,ring,,,MOOD & SCREEN,,,attach,,0,,,
Q105756581,e7bb9a21-9556-4b85-bc78-5f69a3d0577d,big band music,Q8341,jazz,1,0,0,ring,,,ORIGINS & SWING,,,single,jazz,0,,,
Q1034231,6719a210-ca19-4932-b392-83e93283296d,cape jazz,Q8341,jazz,1,0,0,ring,,,JAZZ AROUND THE WORLD,,,single,South African jazz,7,,,
Q5928480,e2b06d21-13df-4a48-aa81-6ddd99344dc7,contemporary jazz,Q8341,jazz,1,0,0,ring,,,BEBOP & MODERN JAZZ,,,single,jazz,1,,,
Q124504713,49f0addb-4ed8-4f27-b40a-d98f067939f2,Creole jazz,Q8341,jazz,1,0,0,ring,,,ORIGINS & SWING,,,single,French Caribbean music | jazz,1,,,
Q113493826,cf64f76d-35a1-4d15-93a2-9ead67f67da7,crime jazz,Q8341,jazz,1,0,0,ring,,,MOOD & SCREEN,,,single,jazz,0,,,
Q31837446,fd7b5582-e69c-40ad-90b1-d31db33be612,dark jazz,Q8341,jazz,1,0,0,ring,,,MOOD & SCREEN,,,single,jazz,3,,,
Q6025624,ecca1642-82e6-4118-b0c4-c794ebda9995,Indo jazz,Q8341,jazz,1,0,0,ring,,,JAZZ AROUND THE WORLD,,,single,jazz | music of India,4,,,
Q65937893,c1a4860e-720f-4f4c-8a54-a8032aac08fa,instrumental jazz,Q8341,jazz,1,0,0,ring,,,BLUES & SPIRITUAL JAZZ,,,auto,instrumental music | jazz,0,,,
Q1684520,9702d99a-823f-47ba-b8c2-af0538c9640b,jazz blues,Q8341,jazz,1,0,0,ring,,,BLUES & SPIRITUAL JAZZ,,,auto,blues | jazz,9,,,
Q6168405,d690e28c-828d-4011-ad0e-b157a222597e,jazz poetry,Q8341,jazz,1,0,0,ring,,,MOOD & SCREEN,,,single,jazz,8,,,
Q591990,f0e90b41-4499-493f-b6e3-05d3c3ea1b20,jazz standard,Q8341,jazz,1,0,0,ring,,,ORIGINS & SWING,,,auto,jazz | traditional pop,25,,,
Q2178442,34983571-5e75-4a91-93c6-be77cdbdf239,paramaribop,Q8341,jazz,1,0,0,ring,,Suriname,JAZZ AROUND THE WORLD,,,single,jazz | music of South America,1,,,
Q7139128,95028731-1bcb-427f-bab4-19b223096152,parlour music,Q8341,jazz,1,1,5,ring,,,ORIGINS & SWING,,,attach,popular music,2,,,
Q185652,d017dd87-704b-4ad4-8b67-39fb401b8339,ragtime,Q7139128,parlour music,2,4,4,ring,1890,United States,,,,single,music of North America | parlour music | popular music,60,,,
Q181897,b5313d5a-f910-4fa8-a31c-0152897ed840,stride piano,Q185652,ragtime,3,0,0,ring,1920,,,,,auto,jazz | ragtime,20,,,
Q1026113,edd74ef3-a9a4-4a14-8bea-d063ab03af96,cakewalk,Q185652,ragtime,3,0,0,ring,,,,,,single,ragtime,20,,,
Q2909943,0b71848f-8dff-4658-8f2a-b21e4d9a05e2,novelty piano,Q185652,ragtime,3,0,0,ring,,,,,,single,ragtime,6,,,
Q3417531,6471bf77-ea5f-4446-ba17-2e1e9971383f,ragtime song,Q185652,ragtime,3,0,0,ring,,,,,,single,ragtime,1,,,
Q98528204,b37ceb94-0e7b-4d60-bcb1-662148b75a92,spiritual jazz,Q8341,jazz,1,0,0,ring,,,BLUES & SPIRITUAL JAZZ,,,single,jazz,5,,,
Q137799958,ff89f40f-4e72-4a3d-a7e3-4f95e8034a6e,sweet jazz,Q8341,jazz,1,0,0,ring,,,ORIGINS & SWING,,,single,jazz,2,,,
Q4020968,7af339eb-e666-4aa6-a6ca-8444ca573fe0,world fusion,Q8341,jazz,1,0,0,ring,,,FUSION & FUNK,,,single,jazz,1,,,
Q1640319,68c81274-5770-4e7b-a4bf-ab0d7d425d99,experimental music,,,0,11,39,dial,1960,Canada · United Kingdom · United States,,,,root,,36,11,hex,175
Q726239,89c7c9b3-215e-482f-bce3-3219ffd0a222,noise music,Q1640319,experimental music,1,4,7,ring,1910,Europe,NOISE & DRONE,,,single,experimental music,33,,,
Q181861,8e5474b7-f445-49a7-866d-0f8e34b0a519,noise rock,Q726239,noise music,2,2,2,ring,1977,Australia · Japan · United Kingdom · United States,,,,auto,noise music | rock music,40,,,
Q131535243,4a3546b4-ec9f-431f-8532-55434f1038ea,pigfuck,Q181861,noise rock,3,0,0,ring,,,,,,auto,noise rock | punk music,1,,,
Q120867282,72d66485-56c1-4b6a-8618-0aabad9bcd52,shitgaze,Q181861,noise rock,3,0,0,ring,,,,,,auto,noise rock | slacker rock,4,,,
Q1913888,ceadd212-a669-4981-b05c-7e8889df55ae,power noise,Q726239,noise music,2,0,0,ring,1981,Belgium · Germany · United Kingdom · United States,,,,auto,noise music | post-industrial music,9,,,
Q9149798,a8424840-ae95-45a2-a6d7-dace870cf93a,ambient noise wall,Q726239,noise music,2,0,0,ring,,,,,,auto,ambient music | wall noise,1,,,
Q16562829,5c61cf56-7dcd-4bd8-87e4-b5bb0c25255a,harsh noise,Q726239,noise music,2,1,1,ring,,,,,,single,noise music,5,,,
Q39046859,344dc18a-b982-49e7-918c-23c7d69fb6ba,harsh noise wall,Q16562829,harsh noise,3,0,0,ring,,,,,,single,harsh noise | wall noise,8,,,
Q650316,75c5866f-0212-4c02-9650-de475dda157e,drone music,Q1640319,experimental music,1,0,0,ring,1958,United Kingdom · United States,NOISE & DRONE,,,single,experimental music | minimal music,18,,,
Q592060,6a1ba2f9-1e5b-446f-9ffa-c0b0963aa08f,free improvisation,Q1640319,experimental music,1,1,1,ring,1966,,IMPROVISATION & PROCESS,,,single,experimental music,16,,,
Q2484587,1e661112-612a-487a-a3de-180816200eab,onkyokei,Q592060,free improvisation,2,0,0,ring,1998,Japan,,,,auto,free improvisation | music of Japan | reductionism,5,,,
Q742341,c8aa5344-6063-41b6-bf18-ac9867f50fa1,modern creative,Q1640319,experimental music,1,0,0,ring,1968,,IMPROVISATION & PROCESS,,,single,experimental music,6,,,
Q487965,060beed7-e597-4c42-8e25-5bf8bd5dd3cb,industrial music,Q1640319,experimental music,1,2,12,ring,1975,United Kingdom,NOISE & DRONE,,,single,experimental music,41,,,
Q2687544,18527512-634e-48bb-81b2-6bfcf1818b95,power electronics,Q487965,industrial music,2,1,1,ring,1980,United Kingdom,,,,auto,industrial music | noise music,15,,,
Q3487358,1ff6cfb5-ff2b-415f-86b8-22951db5f72a,death industrial,Q2687544,power electronics,3,0,0,ring,,,,,,single,industrial music | power electronics,3,,,
Q936942,53ceafec-ced4-4bec-ac57-d00cbf3a0c29,post-industrial music,Q487965,industrial music,2,4,9,ring,1988,United Kingdom,,,,single,industrial music,11,,,
Q968730,ffbc9907-c9be-4ace-876b-b7fd5b9d51f9,industrial rock,Q936942,post-industrial music,3,1,1,ring,1976,United Kingdom,,,,auto,post-industrial music | rock music,31,,,
Q138830160,649ab447-fc25-4fb8-98ba-867dc97cac0f,machine rock,Q968730,industrial rock,4,0,0,ring,,,,,,single,industrial rock,0,,,
Q1078010,482ff4ed-fc37-49fb-9858-92f955a19e6c,martial industrial,Q936942,post-industrial music,3,0,0,ring,1980,,,,,single,post-industrial music,17,,,
Q1403744,6e2e809f-8c54-4e0f-aca0-0642771ab3cf,electro-industrial,Q936942,post-industrial music,3,1,2,ring,1985,Belgium · Canada · France · Germany,,,,auto,electronic music | post-industrial music,18,,,
Q4155078,24db3574-7c54-4d9b-b238-8d17eb7e8d63,dark electro,Q1403744,electro-industrial,4,1,1,ring,1989,,,,,auto,electro-industrial | electronic body music,6,,,
Q1091450,c844c144-90a8-4288-981e-e38275592688,aggrotech,Q4155078,dark electro,5,0,0,ring,1993,,,,,single,dark electro,13,,,
Q208494,d4df54b5-67b4-4fb7-8f73-79e71717a501,industrial metal,Q936942,post-industrial music,3,2,2,ring,1988,Europe · Germany · United Kingdom · United States,,,,auto,metal music | post-industrial music,54,,,
Q213572,28f8cf28-d1d6-4df9-8bee-ab0c6a9f0721,Neue Deutsche Härte,Q208494,industrial metal,4,0,0,ring,1990,Germany,,,,auto,alternative metal | industrial metal | music of Germany,38,,,
Q3008122,d55fda19-1d73-4d55-9449-17ad0c18489f,cyber metal,Q208494,industrial metal,4,0,0,ring,1995,Norway,,,,single,industrial metal,5,,,
Q108297220,f1fbd80e-1a9e-495d-ba39-baa3603542fd,conducted improvisation,Q1640319,experimental music,1,0,0,ring,,,IMPROVISATION & PROCESS,,,single,experimental music,1,,,
Q112593459,3849ad8b-01d4-4a14-b427-7c72f75dcc88,data sonification music,Q1640319,experimental music,1,0,0,ring,,,IMPROVISATION & PROCESS,,,single,experimental music,0,,,
Q7306376,1a26306a-b3f1-4185-9f7d-2c4070496c2b,reductionism,Q1640319,experimental music,1,1,1,ring,,,IMPROVISATION & PROCESS,,,single,experimental music,1,,,
Q310871,449e6224-5a56-4146-9463-3feda95a5f15,lowercase,Q7306376,reductionism,2,0,0,ring,1997,United States,,,,single,minimal music | reductionism,11,,,
Q1744327,1ec74b4b-4f9f-4aa4-9a46-b840382f3a59,sound art,Q1640319,experimental music,1,0,0,ring,,,NOISE & DRONE,,,single,experimental music,25,,,
Q1808721,71104599-7161-41ff-a7d9-43fc193c35e6,sound poetry,Q1640319,experimental music,1,0,0,ring,,,IMPROVISATION & PROCESS,,,attach,,15,,,
Q5969884,0be99ba1-2377-4e5a-a1ed-ca0f3c9c84fa,tape music,Q1640319,experimental music,1,1,7,ring,,,NOISE & DRONE,,,single,experimental music,3,,,
Q1744304,dd5ad210-043c-4af3-86bd-91bedd9ca827,sound collage,Q5969884,tape music,2,3,6,ring,,,,,,single,tape music,7,,,
Q108297235,52a8ce12-2dcf-4317-b8c8-c9d66895f630,epic collage,Q1744304,sound collage,3,0,0,ring,2008,,,,,auto,electronic music | sound collage,0,,,
Q7205507,8302fd70-150f-4f74-b11c-10a7ff7586b9,plunderphonics,Q1744304,sound collage,3,3,3,ring,,,,,,single,sound collage,10,,,
Q115725860,8890b345-78cb-4464-9e67-f64f4c118712,MAD Movie music,Q7205507,plunderphonics,4,0,0,ring,,,,,,single,plunderphonics,0,,,
Q7410145,1384a044-7eff-4fb3-b948-a74703cf4010,sampledelia,Q7205507,plunderphonics,4,0,0,ring,,,,,,attach,popular music,5,,,
Q115725821,10422532-2aea-4c9e-ad1c-536f372cbc0f,YouTube poop music video,Q7205507,plunderphonics,4,0,0,ring,,,,,,single,plunderphonics,1,,,
Q137442003,3886bfdd-a9ef-4790-915e-d3ce4aad3787,spamwave,Q1744304,sound collage,3,0,0,ring,,,,,,single,sound collage,0,,,
Q45981,31be54b2-4d0c-42df-aa44-c496c7b4c3c3,rhythm and blues,,,0,12,54,dial,1938,,,,,root,popular music,85,12,pent,343
Q180268,08289b42-7e41-4987-9263-c28bb4c59da0,gospel music,Q45981,rhythm and blues,1,7,8,ring,1600,United States,GOSPEL & VOCAL HARMONY,,,attach,Christian music,58,,,
Q2022163,d8a2d193-431d-418c-9ec5-69be9fa60f79,Southern gospel,Q180268,gospel music,2,0,0,ring,1890,United States,,,,single,gospel music,6,,,
Q1379958,2b4f0036-79a0-4ce0-a38c-4c0c8e61c579,contemporary Christian music,Q180268,gospel music,2,1,1,ring,1968,Poland · United States,,,,attach,Christian music | popular music,19,,,
Q6188299,516b4e72-4fdd-46c7-84ec-0d235143a846,Jesus music,Q1379958,contemporary Christian music,3,0,0,ring,1968,United States,,,,single,contemporary Christian music,1,,,
Q1381447,7768fdf0-63fa-4bce-ab1f-5b7471ccd971,gospel hymn,Q180268,gospel music,2,0,0,ring,,,,,,single,Protestant hymn | gospel music | music of North America,2,,,
Q123909197,08cb4fdf-73fa-411d-b5f6-15f7e0c8328e,jubilee,Q180268,gospel music,2,0,0,ring,,,,,,auto,barbershop music | gospel music,0,,,
Q7397320,63431b5d-a30a-4092-8566-0cb1e7126b96,Sacred Steel,Q180268,gospel music,2,0,0,ring,,,,,,single,black gospel music,1,,,
Q880270,90a57b35-f01e-4935-b54e-a40fe8fd3bf3,traditional black gospel,Q180268,gospel music,2,0,0,ring,,,,,,auto,American folk music | black gospel music | traditional gospel music,1,,,
Q5967604,6aeacd9a-3964-4ca4-9e3c-23ec8bd8848d,urban contemporary gospel,Q180268,gospel music,2,0,0,ring,,,,,,auto,contemporary Christian music | gospel music | urban contemporary,5,,,
Q546359,1696f12e-9f01-4309-be9d-116e31ac65b7,doo-wop,Q45981,rhythm and blues,1,0,0,ring,1930,United States,CLASSIC R&B,,,single,rhythm and blues,38,,,
Q3658336,5e869f9e-b7f8-4380-9d03-379ecf68f85c,New Orleans rhythm and blues,Q45981,rhythm and blues,1,0,0,ring,1945,United States,CLASSIC R&B,,,single,early R&B,3,,,
Q4875789,2808ca51-a7c1-439b-9ea7-53f66917b9f9,beach music,Q45981,rhythm and blues,1,0,0,ring,1948,United States,"SOUL, FUNK & DISCO",,,single,rhythm and blues,1,,,
Q131272,1b5e7b16-336b-473e-a364-5120413a9827,soul,Q45981,rhythm and blues,1,14,15,dial,1955,United States,"SOUL, FUNK & DISCO",,,single,rhythm and blues,80,,,
Q1615483,e70f0aa3-9531-448c-8182-7ff34e3d74f8,soul jazz,Q131272,soul,2,0,0,ring,1950,United States,SOUL CROSSOVERS,,,auto,jazz | soul,15,,,
Q1567032,bd61d502-8906-4073-a4ea-18c04e946dbc,Southern soul,Q131272,soul,2,0,0,ring,1957,United States,CITY SCENES,,,single,soul,11,,,
Q6496549,4ae8eaa5-91f7-49d5-a2b9-e81a97f4cc12,Latin soul,Q131272,soul,2,0,0,ring,1961,United States,SOUL CROSSOVERS,,,auto,Latin music | soul,3,,,
Q1269729,634ef45b-c321-445f-b827-450b2924b7e2,Chicago soul,Q131272,soul,2,0,0,ring,1962,United States,CITY SCENES,,,single,soul,6,,,
Q885561,650bda08-20ca-4012-b873-3b68c5768bdf,blue-eyed soul,Q131272,soul,2,0,0,ring,1965,,SOUL CROSSOVERS,,,auto,pop music | soul,26,,,
Q105334717,597e93aa-2a1b-4a9b-961b-25993b5e1cf6,progressive soul,Q131272,soul,2,0,0,ring,1965,,MODERN SOUL,,,auto,progressive music | soul,6,,,
Q2743435,8e30c7c0-f268-4138-9aff-1403e07eb2c6,psychedelic soul,Q131272,soul,2,0,0,ring,1967,United States,MODERN SOUL,,,auto,psychedelic music | soul,15,,,
Q1928583,a18a254b-67ca-4c8b-a13c-87154055e47e,Northern soul,Q131272,soul,2,0,0,ring,1968,United Kingdom,CITY SCENES,,,single,soul,15,,,
Q3963051,d4eafdc7-1a86-422b-b598-79e6bb81745c,smooth soul,Q131272,soul,2,0,0,ring,1975,United States,MODERN SOUL,,,single,soul,4,,,
Q268253,286f9168-9c46-4e41-94a1-1aa4aeb93b8c,neo soul,Q131272,soul,2,0,0,ring,1998,United States,MODERN SOUL,,,single,soul,28,,,
Q2998920,06e51963-e18c-4372-8962-96a0afe5a831,country soul,Q131272,soul,2,0,0,ring,,,SOUL CROSSOVERS,,,single,soul,3,,,
Q96376126,9d180bd4-f0a8-4062-b306-196b6c4539e1,deep soul,Q131272,soul,2,0,0,ring,,,CITY SCENES,,,single,soul,2,,,
Q1546028,779b2d38-deb0-4838-a0e2-18170323ca13,Philadelphia soul,Q131272,soul,2,0,0,ring,,,CITY SCENES,,,single,soul,18,,,
Q11700065,64e0bd76-822f-4549-a6fe-9858561282d1,pop soul,Q131272,soul,2,1,1,ring,,,MODERN SOUL,,,auto,pop music | soul,6,,,
Q9078960,0c44a04f-f7ba-46a0-9dbe-1a21359cfa1e,Motown,Q11700065,pop soul,3,0,0,ring,,United States,,,,single,pop soul,1,,,
Q892958,e195386e-6140-4b20-be18-4fbe4fd6ea5a,boogaloo,Q45981,rhythm and blues,1,0,0,ring,1963,United States,"SOUL, FUNK & DISCO",,,auto,Latin music | rhythm and blues,14,,,
Q4971442,31e04673-75cd-4ae0-af3c-ad9081e39f5b,British rhythm and blues,Q45981,rhythm and blues,1,0,0,ring,1963,,CLASSIC R&B,,,auto,rhythm and blues | rock music,5,,,
Q164444,fe4ba6a1-9873-4fd0-a12b-a70c81818514,funk,Q45981,rhythm and blues,1,10,11,dial,1965,United States,"SOUL, FUNK & DISCO",,,attach,popular music,76,,,
Q2697917,6a84e9c9-87e8-423a-8c14-6d176d2a26b8,go-go,Q164444,funk,2,1,1,ring,1962,United States,CLASSIC FUNK,,,single,funk,10,,,
Q128792610,7c0d5f16-ab20-44f0-ae17-ff143a22f359,bounce beat,Q2697917,go-go,3,0,0,ring,,,,,,single,go-go,0,,,
Q2742436,4b54fc95-a9ad-4681-afcb-44b8c070db74,porn groove,Q164444,funk,2,0,0,ring,1970,United States,CLASSIC FUNK,,,single,funk,1,,,
Q577080,fadab481-3ced-466e-b828-74aed72d5c2f,P-Funk,Q164444,funk,2,0,0,ring,1974,United States,CLASSIC FUNK,,,auto,psychedelic funk,9,,,
Q1045541,b37aef4d-0029-4fc7-b634-6338197335a8,G-funk,Q164444,funk,2,0,0,ring,1989,United States,ELECTRO & SYNTH FUNK,,,auto,funk | gangsta rap,27,,,
Q106641536,fc00175b-2be9-4d73-ba91-27b3ca827223,Afro-funk,Q164444,funk,2,0,0,ring,,,FUNK AROUND THE WORLD,,,single,funk | music of West Africa,0,,,
Q4969182,3e426ac8-6303-41fe-9493-c7ff9d46b005,Brit funk,Q164444,funk,2,0,0,ring,,,FUNK AROUND THE WORLD,,,single,funk,3,,,
Q1182371,138b033d-4c43-47a5-8d8f-7e9b8fa1c235,deep funk,Q164444,funk,2,0,0,ring,,,CLASSIC FUNK,,,single,funk,5,,,
Q1325963,4f476710-cd29-400f-98fe-7782e1f00e06,electro funk,Q164444,funk,2,0,0,ring,,,ELECTRO & SYNTH FUNK,,,single,funk,3,,,
Q109048162,5af9759a-49d7-4027-821e-c854cbe1cc53,Latin funk,Q164444,funk,2,0,0,ring,,,FUNK AROUND THE WORLD,,,auto,Latin music | funk,0,,,
Q30632022,4dcf868a-cbcb-4969-beff-d75c91d0bd47,synth funk,Q164444,funk,2,0,0,ring,,,ELECTRO & SYNTH FUNK,,,single,funk,1,,,
Q58339,a04d680b-b5c5-4f6a-87a3-f9f1ff98e3ea,disco,Q45981,rhythm and blues,1,4,8,ring,1972,,"SOUL, FUNK & DISCO",,,auto,club/dance music | rhythm and blues,78,,,
Q1374731,b8881630-243e-4c9b-b091-fc79ef3a16d3,Eurodisco,Q58339,disco,2,0,0,ring,1974,Europe,,,,single,disco,28,,,
Q98528149,f6cd97fb-7c7c-483e-9f98-e5c0abe1b1b2,electro-disco,Q58339,disco,2,4,4,ring,1976,,,,,auto,disco | electronic dance music,2,,,
Q2608506,0e0b8d87-7a4c-44d1-a279-1076782af19f,space disco,Q98528149,electro-disco,3,0,0,ring,1976,Europe,,,,single,electro-disco,11,,,
Q606393,61d50e81-17bb-4b8b-ab36-7ae1759bc589,Hi-NRG,Q98528149,electro-disco,3,0,0,ring,1978,United Kingdom · United States,,,,single,electro-disco,25,,,
Q744417,97a4a75a-6e49-4519-9684-ae2ccb2fc0f9,Italo disco,Q98528149,electro-disco,3,0,0,ring,1978,Italy,,,,single,electro-disco | music of Italy,32,,,
Q110226234,583a8721-c90c-4338-acce-f0db44e4854b,red disco,Q98528149,electro-disco,3,0,0,ring,1986,Soviet Union,,,,auto,Eastern European pop | electro-disco | music of the Soviet Union,0,,,
Q4045538,351424dd-91a3-4cf2-9edb-5df647743ec0,nu-disco,Q58339,disco,2,0,0,ring,1993,,,,,auto,disco | electronic dance music,17,,,
Q106588727,fb38e44e-d73c-42d2-b070-4fd1ca1618a0,Latin disco,Q58339,disco,2,0,0,ring,,,,,,auto,Latin music | disco,0,,,
Q4942839,10fd28e3-51aa-4110-a3dd-032d8a141f99,boogie,Q45981,rhythm and blues,1,0,0,ring,1976,,CLASSIC R&B,,,auto,post-disco | rhythm and blues,13,,,
Q807820,f8f6157d-5ace-4844-90c2-2e2a829b8932,barbershop music,Q45981,rhythm and blues,1,0,0,ring,,,GOSPEL & VOCAL HARMONY,,,attach,a cappella | vocal harmony,18,,,
Q106522115,42fabe6b-0d6a-469d-b83c-21515bb2b490,swamp pop,Q45981,rhythm and blues,1,0,0,ring,,,CLASSIC R&B,,,single,early R&B | music of Louisiana,8,,,
Q83440,5f665615-7fb3-49d8-b541-62a7b239edbe,country music,,,0,15,29,dial,1920,United States,,,,root,music of North America | popular music,94,13,square,151
Q1730388,60e19df0-99e8-4863-be31-7ec7e5c98c7a,Western swing,Q83440,country music,1,0,0,ring,1928,United States,TRADITIONAL COUNTRY,,,single,country music,20,,,
Q1751782,2684d72e-76ea-406d-ad64-fa292209b5ac,Nashville sound,Q83440,country music,1,0,0,ring,1957,,MODERN NASHVILLE,,,single,country music,19,,,
Q5177472,fec14793-817e-4671-afbb-58c13f419c15,country and Irish,Q83440,country music,1,0,0,ring,1964,Ireland,ALTERNATIVE & REGIONAL,,,single,country music,2,,,
Q14493900,7557c05c-e767-48a2-a9d9-701d44a1f54a,Texas country music,Q83440,country music,1,0,0,ring,1968,United States,ALTERNATIVE & REGIONAL,,,single,country music,3,,,
Q4490991,b612bf3b-65fe-42d0-9a2f-1d90872ccaee,progressive country,Q83440,country music,1,1,2,ring,1970,United States,ALTERNATIVE & REGIONAL,,,auto,country music | progressive music,4,,,
Q964658,f30d5ce4-559c-45c2-897c-089599ac9a83,outlaw country,Q4490991,progressive country,2,1,1,ring,,,,,,single,progressive country,16,,,
Q3422697,9a3ba843-1bdb-4bd9-a662-46a8396768ed,red dirt,Q964658,outlaw country,3,0,0,ring,,,,,,auto,Southern rock | outlaw country,5,,,
Q438476,5f9cba3d-1a9f-46cd-8c49-7ed78d1f3354,alternative country,Q83440,country music,1,1,1,ring,1984,United States,ALTERNATIVE & REGIONAL,,,single,alternative music | country music,20,,,
Q65052052,ef7f6b36-cf15-408d-9eb4-fd7a46d0602b,gothic country,Q438476,alternative country,2,0,0,ring,,,,,,auto,alternative country | gothic music,5,,,
Q2407862,2c765e49-a12e-45eb-b628-f8b9cc0a0250,Americana,Q83440,country music,1,0,0,ring,,,ALTERNATIVE & REGIONAL,,,attach,music of North America,23,,,
Q5128236,9cc9ea3b-e189-4def-9e47-86e9dc643eee,classic country,Q83440,country music,1,0,0,ring,,,TRADITIONAL COUNTRY,,,single,country music,1,,,
Q65937954,31c0b6ff-a356-4c73-91d7-203c80e6646b,contemporary country,Q83440,country music,1,1,1,ring,,,MODERN NASHVILLE,,,single,country music,0,,,
Q458480,b5220905-bd0a-41d5-b534-ed5401be80c2,neotraditional country,Q65937954,contemporary country,2,0,0,ring,1985,United States,,,,single,contemporary country,6,,,
Q5179572,3ab617e2-a0b0-478d-9684-38b76869d5e5,cowboy poetry,Q83440,country music,1,0,0,ring,,,TRADITIONAL COUNTRY,,,attach,music of North America,2,,,
Q5201841,9d552a08-e7c1-45e9-bd6a-7e9d3287623d,Czech tramping music,Q83440,country music,1,0,0,ring,,,ALTERNATIVE & REGIONAL,,,single,country music | music of the Czech Republic,3,,,
Q3140141,59b8a806-8bdd-45b5-978a-b5e404c910aa,honky tonk,Q83440,country music,1,1,1,ring,,,TRADITIONAL COUNTRY,,,single,country music,7,,,
Q804401,a9364233-6158-4fab-bbc2-35579a74378e,Bakersfield sound,Q3140141,honky tonk,2,0,0,ring,1957,United States,,,,single,country music | honky tonk,10,,,
Q65943778,037150a6-d83b-4307-908a-84201867186d,traditional country music,Q83440,country music,1,5,9,ring,,,TRADITIONAL COUNTRY,,,auto,American folk music | country music,1,,,
Q213714,a1a7b40d-f6e6-48c1-a5fc-b15af73d7381,bluegrass music,Q65943778,traditional country music,2,3,4,ring,1940,United States,,,,single,country music | traditional country music,42,,,
Q7832321,40b3034b-7360-4b5d-898a-01e71c334fc5,traditional bluegrass,Q213714,bluegrass music,3,0,0,ring,1948,United States,,,,single,bluegrass music | traditional country music,3,,,
Q21327441,01a2c709-21ce-404d-b338-14bc389ac753,bluegrass gospel,Q213714,bluegrass music,3,0,0,ring,,United States,,,,auto,bluegrass music | gospel music,0,,,
Q3307225,b67e5475-9b31-4772-bc2c-30ed0823a1b7,progressive bluegrass,Q213714,bluegrass music,3,1,1,ring,,,,,,auto,bluegrass music | progressive country,4,,,
Q107982599,ea19b49c-4be4-49ec-9717-05e3576bdb1a,jamgrass,Q3307225,progressive bluegrass,4,0,0,ring,1993,,,,,auto,jam band music | progressive bluegrass,0,,,
Q5110317,91748dd2-616c-4ba4-8178-90a08dfc3780,Christian country music,Q65943778,traditional country music,2,0,0,ring,,,,,,auto,Christian music | gospel music | traditional country music,5,,,
Q135687210,87b252c8-74f8-40f1-9bd6-8e86ca666ebc,close harmony,Q65943778,traditional country music,2,0,0,ring,,,,,,single,traditional country music,0,,,
Q106562392,868a70b3-d814-4ab3-a5b4-c8c5ac5fa649,country boogie,Q65943778,traditional country music,2,0,0,ring,,,,,,single,traditional country music,2,,,
Q3696098,ed24e4f2-0632-4634-b08b-ceb8b29872ec,country yodel,Q65943778,traditional country music,2,0,0,ring,,,,,,auto,traditional country music | yodel,1,,,
Q7847156,319c30ff-fed2-4960-be69-9e616c284ee5,truck-driving country,Q83440,country music,1,0,0,ring,,,MODERN NASHVILLE,,,single,country music,2,,,
Q1425111,38e5a626-95b4-42bb-9fce-dcad212e2d9a,western music,Q83440,country music,1,0,0,ring,,,TRADITIONAL COUNTRY,,,single,country music,11,,,
Q9759,fe12b346-a10e-450f-bf81-fa20894b5ea2,blues,,,0,15,25,dial,1890,United States,,,,root,music of North America | popular music,137,14,diamond,319
Q212952,310c2c5c-38a7-49ce-9d24-6f27e22bd203,boogie-woogie,Q9759,blues,1,0,0,ring,1900,United States,ELECTRIC & JUMP BLUES,,,single,blues | music of North America,37,,,
Q1309336,15f9b448-6f2d-45a4-b11b-1fcdf45be203,classic female blues,Q9759,blues,1,0,0,ring,1914,,ELECTRIC & JUMP BLUES,,,auto,blues | vaudeville,13,,,
Q1271752,6a579e9e-69ae-42ce-ad7d-d16baaec8255,Texas blues,Q9759,blues,1,1,1,ring,1915,United States,REGIONAL & AFRICAN BLUES,,,single,blues | music of Texas,19,,,
Q98528141,1fe1e0e3-b1fd-4b56-ab97-5a0517341579,acoustic Texas blues,Q1271752,Texas blues,2,0,0,ring,,,,,,auto,Texas blues | acoustic blues | country blues,0,,,
Q649823,1a46845c-ed4d-48c5-a93f-45bb85cf56d1,country blues,Q9759,blues,1,3,3,ring,1927,United States,COUNTRY & ACOUSTIC BLUES,,,auto,American folk music | blues,26,,,
Q1127539,b0702eb4-2951-4e1f-bbcd-dd9b0ec63c7c,Delta blues,Q649823,country blues,2,0,0,ring,1928,United States,,,,single,blues | country blues,30,,,
Q5762403,8c992c10-bc0d-465e-8b53-f4d37559dff1,hill country blues,Q649823,country blues,2,0,0,ring,,United States,,,,single,country blues,5,,,
Q1109497,5a59a652-e5fb-45ae-9ebe-26940b78a268,Piedmont blues,Q649823,country blues,2,0,0,ring,,,,,,auto,acoustic blues | country blues,17,,,
Q1515757,fd63003f-01aa-4f4c-a21d-036c46470257,jump blues,Q9759,blues,1,0,0,ring,1938,United States,ELECTRIC & JUMP BLUES,,,single,blues,20,,,
Q640097,8164d906-055d-4ca8-9ab2-14204b301cc3,electric blues,Q9759,blues,1,5,5,ring,1945,,ELECTRIC & JUMP BLUES,,,single,blues,22,,,
Q1071873,f1e26a78-3e85-4365-a34d-dc4b5389b29d,Chicago blues,Q640097,electric blues,2,0,0,ring,1920,United States,,,,single,blues | electric blues,27,,,
Q534606,0b9779ef-fc35-4d68-886e-b3ac27383e49,swamp blues,Q640097,electric blues,2,0,0,ring,1957,United States,,,,auto,Louisiana blues | electric blues,12,,,
Q918542,a2658d31-5ee4-4e8b-95de-caad82a41e9a,British blues,Q640097,electric blues,2,0,0,ring,1958,United Kingdom,,,,single,electric blues,17,,,
Q98528142,567040ee-90a1-4da9-9697-f49e31603898,electric Texas blues,Q640097,electric blues,2,0,0,ring,,,,,,auto,Texas blues | electric blues,0,,,
Q65937937,6fb5fe60-b6c2-414f-8011-4f8dc023039b,modern blues,Q640097,electric blues,2,0,0,ring,,,,,,single,modern electric blues,0,,,
Q2603965,e671e0de-b37d-4a49-8bb3-7fec87f49975,piano blues,Q9759,blues,1,0,0,ring,1948,United States,COUNTRY & ACOUSTIC BLUES,,,single,blues,8,,,
Q515074,effc87e4-295b-40df-b64d-7413dfe67efa,Louisiana blues,Q9759,blues,1,1,1,ring,1955,United States,REGIONAL & AFRICAN BLUES,,,single,blues | music of Louisiana,12,,,
Q516568,126b5875-8fe4-4e0f-b33a-580aacf40601,New Orleans blues,Q515074,Louisiana blues,2,0,0,ring,,United States,,,,single,Louisiana blues,10,,,
Q2521569,83730b31-acac-49c5-b636-4f66231f8e23,soul blues,Q9759,blues,1,0,0,ring,1968,United States,ELECTRIC & JUMP BLUES,,,single,blues,12,,,
Q65936357,37f85b9c-c3fc-4b5a-8545-51aeb78c8786,acoustic blues,Q9759,blues,1,0,0,ring,,,COUNTRY & ACOUSTIC BLUES,,,single,blues,0,,,
Q106641530,9f1412ce-d501-4312-8336-37052f5d2ba9,acoustic Chicago blues,Q9759,blues,1,0,0,ring,,,COUNTRY & ACOUSTIC BLUES,,,single,blues,0,,,
Q2907328,7f1133a5-0d7b-43e6-b238-7dbf2a7de1e2,African blues,Q9759,blues,1,0,0,ring,,,REGIONAL & AFRICAN BLUES,,,single,blues | music of Africa,5,,,
Q7800608,47394ce1-1a4d-45d2-8ee2-9b6340bb124a,desert blues,Q9759,blues,1,0,0,ring,,,REGIONAL & AFRICAN BLUES,,,single,Tuareg music | blues,6,,,
Q5447390,260d4de7-5202-46e5-9af6-8ad8fc61b5b2,fife and drum blues,Q9759,blues,1,0,0,ring,,,COUNTRY & ACOUSTIC BLUES,,,auto,American folk music | blues,6,,,
Q1075338,36f1aaab-3e53-4148-936a-b9369ae2e31a,jug band,Q9759,blues,1,0,0,ring,,,COUNTRY & ACOUSTIC BLUES,,,auto,American folk music | blues,13,,,
Q9794,02b2f720-d06e-42ce-85c2-1ecd4191ffcb,reggae,,,0,13,25,dial,1961,Jamaica,,,,root,music of Jamaica,123,15,oct,127
Q1262697,ce41a887-cdb3-4c52-bbce-604287d74573,mento,Q9794,reggae,1,0,0,ring,1890,Jamaica,JAMAICAN ORIGINS,,,attach,,19,,,
Q54365,65877068-2116-4af6-89a2-838179a7e103,ska,Q9794,reggae,1,4,4,ring,1958,Australia · Europe · Jamaica · Latin America · United States,JAMAICAN ORIGINS,,,attach,popular music,67,,,
Q108807661,7494f032-cd4f-46af-8fb6-ebd7133b48f6,Jamaican ska,Q54365,ska,2,0,0,ring,1960,Jamaica,,,,single,music of Jamaica | ska,0,,,
Q209498,18797864-41b0-4602-8241-adbee761774c,2 tone,Q54365,ska,2,0,0,ring,1979,United Kingdom,,,,single,ska,20,,,
Q7580152,3a01b42e-6696-4812-ab4a-485a4c8ed2ce,spouge,Q54365,ska,2,0,0,ring,,,,,,auto,calypso | ska,2,,,
Q3990466,18d6ad2c-83d2-402f-972c-dd75b4b2f34b,third wave ska,Q54365,ska,2,0,0,ring,,,,,,single,ska,3,,,
Q212688,c72a5d45-75a8-4b35-9f48-67e49eb4b5e5,dub music,Q9794,reggae,1,1,1,ring,1960,Jamaica,"DUB, DEEJAY & DANCEHALL",,,attach,popular music,40,,,
Q108107635,83a33111-53f4-4e8a-80da-3363a5be225f,novo dub,Q212688,dub music,2,0,0,ring,,France,,,,auto,dub reggae,0,,,
Q1277532,c966bc7d-d208-4043-bd58-7e961d1abe83,early reggae,Q9794,reggae,1,0,0,ring,1965,Jamaica · United Kingdom,JAMAICAN ORIGINS,,,single,reggae,7,,,
Q573484,81638671-c67c-47cf-b21d-e92261068cf6,rocksteady,Q9794,reggae,1,0,0,ring,1966,Jamaica,JAMAICAN ORIGINS,,,attach,music of Jamaica,31,,,
Q3931695,97fc0cf6-15e5-468b-b752-ae195a22d8be,gospel reggae,Q9794,reggae,1,0,0,ring,1968,Jamaica,ROOTS & LOVERS ROCK,,,auto,gospel music | reggae,3,,,
Q1299260,f2d4991d-97fa-4c1c-8e09-15ec7668aa43,roots reggae,Q9794,reggae,1,1,1,ring,1968,Jamaica,ROOTS & LOVERS ROCK,,,single,reggae,17,,,
Q1113204,df15ab0b-603c-47da-ae11-e861eebaa255,dub poetry,Q1299260,roots reggae,2,0,0,ring,1975,Jamaica,,,,single,roots reggae,9,,,
Q474027,6c3503e3-bae3-42de-9e4c-7861f2053fbe,dancehall,Q9794,reggae,1,5,5,ring,1970,Jamaica,"DUB, DEEJAY & DANCEHALL",,,single,music of Jamaica | reggae,41,,,
Q740911,0d15e596-3374-4590-bdb0-0a95d38ab4dc,ragga,Q474027,dancehall,2,0,0,ring,1985,Jamaica,,,,single,dancehall | reggae,30,,,
Q116192789,0dc4e76a-85d5-4113-a8a8-6b3176ca1f7f,gommance,Q474027,dancehall,2,0,0,ring,,Réunion,,,,single,dancehall,0,,,
Q109653544,bbf605e6-d7c2-443d-8166-e160178022c8,shatta,Q474027,dancehall,2,0,0,ring,,,,,,single,dancehall,1,,,
Q137441533,b71946b0-fabf-4e02-a00b-ea95ea68ff47,trap dancehall,Q474027,dancehall,2,0,0,ring,,,,,,single,dancehall,0,,,
Q121285291,be4817ff-2a54-4ef0-9014-3475bb56de66,zess,Q474027,dancehall,2,0,0,ring,,,,,,single,dancehall,0,,,
Q1872505,97b15117-c3e2-47ec-9d64-79f90b528a9c,lovers rock,Q9794,reggae,1,0,0,ring,1972,United Kingdom,ROOTS & LOVERS ROCK,,,single,reggae,11,,,
Q7122786,4e6cd782-bc3b-461a-9a71-71674b86e74c,Pacific reggae,Q9794,reggae,1,1,1,ring,1975,Melanesia · New Zealand · Polynesia,REGGAE AROUND THE WORLD,,,single,music of the Pacific Islands | reggae,2,,,
Q136537479,f90dd322-5bb1-494d-b379-16e7ef275fb6,jawaiian,Q7122786,Pacific reggae,2,0,0,ring,,,,,,single,Pacific reggae | music of Hawaii,0,,,
Q3192617,89559e4a-22ad-43ac-a83d-07189b954a6b,kaneka,Q9794,reggae,1,0,0,ring,1984,France,REGGAE AROUND THE WORLD,,,attach,,1,,,
Q3477737,d046f0ec-8555-460b-9c48-54c3bb6c8f32,seggae,Q9794,reggae,1,0,0,ring,1985,Mauritius,REGGAE AROUND THE WORLD,,,auto,reggae | sega,8,,,
Q98528252,0de2f24b-96ba-4358-8daf-b10ce0b2f2d2,deejay,Q9794,reggae,1,0,0,ring,,,"DUB, DEEJAY & DANCEHALL",,,single,reggae,3,,,
